t,act_x,act_y,act_z,act_r,act_p,act_yaw,r1,tgt_x,tgt_y,tgt_z,tgt_qx,tgt_qy,tgt_qz,tgt_qw,mes_x,mes_y,mes_z,mes_qx,mes_qy,mes_qz,mes_qw,mes_roll,mes_pitch,mes_yaw,vel_x,vel_y,vel_z,vel_r,vel_p,vel_yaw,fx,fy,fz,tx,ty,tz,q0,q1,q2,q3,q4,q5,q6
0.002533,0.000000,0.000000,0.000000,0.000000,0.000000,0.000000,0.000000,0.412036,-0.088586,0.189895,0.992035,0.123787,0.005577,0.022631,0.412038,-0.088587,0.189896,0.992035,0.123790,0.005579,0.022635,3.095285,-0.005466,0.248410,0.000392,-0.000784,0.000468,-0.001913,-0.002443,0.000006,-1.784217,0.650146,-0.660889,-1.285551,-0.795794,-0.020423,-0.438550,-0.257008,0.247308,-2.626903,0.033929,2.402064,0.314054
0.052034,0.000000,0.000000,0.000000,0.000000,0.000000,0.000000,0.000000,0.412036,-0.088586,0.189895,0.992035,0.123787,0.005577,0.022631,0.411983,-0.088585,0.189807,0.992039,0.123777,0.005447,0.022546,3.095495,-0.005225,0.248379,-0.001590,0.000481,-0.003295,0.004131,0.008504,0.001729,-1.773492,0.458046,-0.533155,-1.004090,-0.810131,-0.014107,-0.438552,-0.256806,0.247259,-2.626893,0.033962,2.401939,0.314006
0.101977,0.000000,0.000000,0.000000,0.000000,0.000000,0.000000,0.000000,0.412036,-0.088586,0.189895,0.992035,0.123787,0.005577,0.022631,0.411948,-0.088574,0.189693,0.992042,0.123776,0.005327,0.022463,3.095689,-0.005008,0.248369,-0.000136,0.000190,-0.001751,0.002515,0.003206,-0.000373,-1.640895,0.375783,-0.458874,-0.839141,-0.768618,0.001096,-0.438559,-0.256512,0.247245,-2.626876,0.033973,2.401927,0.313987
0.151202,0.000000,0.000000,0.000000,0.000000,0.000000,0.000000,0.000000,0.412036,-0.088586,0.189895,0.992035,0.123787,0.005577,0.022631,0.411925,-0.088563,0.189618,0.992043,0.123779,0.005247,0.022413,3.095809,-0.004862,0.248373,0.000044,0.000461,-0.000150,-0.000042,0.000756,0.000637,-1.630062,0.377722,-0.498537,-0.782785,-0.755024,0.012170,-0.438560,-0.256325,0.247245,-2.626868,0.033974,2.401918,0.313981
0.201251,0.000000,0.000000,0.000000,0.000000,0.000000,0.000000,0.000000,0.412036,-0.088586,0.189895,0.992035,0.123787,0.005577,0.022631,0.411906,-0.088559,0.189571,0.992044,0.123778,0.005196,0.022381,3.095885,-0.004770,0.248366,0.000068,-0.000501,0.000196,0.000381,-0.000237,-0.001067,-1.617193,0.388400,-0.435242,-0.763100,-0.780070,0.020810,-0.438566,-0.256219,0.247241,-2.626876,0.033978,2.401912,0.313974
0.252064,0.000000,0.000000,0.000000,0.000000,0.000000,0.000000,0.000000,0.412036,-0.088586,0.189895,0.992035,0.123787,0.005577,0.022631,0.411897,-0.088551,0.189547,0.992044,0.123780,0.005170,0.022363,3.095925,-0.004722,0.248370,0.000052,0.000534,-0.000603,0.000598,0.000331,-0.000238,-1.607635,0.362564,-0.496782,-0.729751,-0.756015,0.009966,-0.438561,-0.256165,0.247248,-2.626880,0.033984,2.401908,0.313976
0.302014,0.000000,0.000000,0.000000,0.000000,0.000000,0.000000,0.000000,0.412036,-0.088586,0.189895,0.992035,0.123787,0.005577,0.022631,0.411896,-0.088550,0.189539,0.992044,0.123780,0.005163,0.022356,3.095941,-0.004709,0.248370,0.000385,0.000564,-0.000327,-0.000282,0.000272,0.002173,-1.616793,0.405543,-0.393409,-0.728012,-0.803322,0.025991,-0.438563,-0.256141,0.247246,-2.626874,0.033988,2.401907,0.313970
0.352020,0.000000,0.000000,0.000000,0.000000,0.000000,0.000000,0.000000,0.412036,-0.088586,0.189895,0.992035,0.123787,0.005577,0.022631,0.411894,-0.088551,0.189531,0.992045,0.123774,0.005155,0.022348,3.095959,-0.004696,0.248357,-0.000050,0.000052,-0.000103,-0.000109,0.000338,-0.000590,-1.570842,0.386133,-0.448430,-0.704107,-0.764922,0.022006,-0.438564,-0.256119,0.247240,-2.626870,0.033993,2.401905,0.313973
0.402013,0.000000,0.000000,0.000000,0.000000,0.000000,0.000000,0.000000,0.412036,-0.088586,0.189895,0.992035,0.123787,0.005577,0.022631,0.411895,-0.088550,0.189531,0.992045,0.123774,0.005154,0.022345,3.095965,-0.004695,0.248356,0.000305,0.000116,0.000193,-0.000528,-0.000778,0.001101,-1.572430,0.362952,-0.367413,-0.682287,-0.800936,0.013051,-0.438567,-0.256116,0.247244,-2.626867,0.034001,2.401901,0.313969
0.452086,0.000000,0.000000,0.000000,0.000000,0.000000,0.000000,0.000000,0.412036,-0.088586,0.189895,0.992035,0.123787,0.005577,0.022631,0.411894,-0.088550,0.189528,0.992046,0.123771,0.005151,0.022341,3.095975,-0.004690,0.248351,-0.000214,-0.000134,-0.000338,-0.000426,0.001172,0.001175,-1.621331,0.433715,-0.403261,-0.691418,-0.810786,0.032815,-0.438563,-0.256106,0.247237,-2.626865,0.034005,2.401899,0.313969
0.501985,0.000000,0.000000,0.000000,0.000000,0.000000,0.000000,0.000000,0.412036,-0.088586,0.189895,0.992035,0.123787,0.005577,0.022631,0.411897,-0.088550,0.189530,0.992046,0.123767,0.005155,0.022338,3.095979,-0.004698,0.248343,-0.000309,0.000346,-0.000423,0.000920,0.002350,-0.001514,-1.624720,0.398329,-0.265793,-0.670895,-0.869424,0.015580,-0.438567,-0.256104,0.247241,-2.626856,0.034015,2.401897,0.313970
0.553043,0.000000,0.000000,0.000000,0.000000,0.000000,0.000000,0.000000,0.412036,-0.088586,0.189895,0.992035,0.123787,0.005577,0.022631,0.411901,-0.088551,0.189536,0.992046,0.123767,0.005162,0.022341,3.095972,-0.004711,0.248343,-0.000018,-0.000042,0.000044,-0.001174,-0.000944,0.001958,-1.657414,0.440768,-0.329263,-0.657914,-0.870387,0.036577,-0.438565,-0.256112,0.247237,-2.626852,0.034017,2.401901,0.313966
0.602834,0.000000,0.000000,0.000000,0.000000,0.000000,0.000000,0.000000,0.412036,-0.088586,0.189895,0.992035,0.123787,0.005577,0.022631,0.411902,-0.088549,0.189536,0.992047,0.123764,0.005162,0.022338,3.095979,-0.004713,0.248338,-0.000650,0.000099,-0.000921,-0.000010,0.002137,0.001307,-1.693186,0.458155,-0.314604,-0.647387,-0.895735,0.041792,-0.438563,-0.256108,0.247237,-2.626848,0.034025,2.401899,0.313968
0.652257,0.000000,0.000000,0.000000,0.000000,0.000000,0.000000,0.000000,0.412036,-0.088586,0.189895,0.992035,0.123787,0.005577,0.022631,0.411903,-0.088549,0.189536,0.992047,0.123760,0.005165,0.022334,3.095984,-0.004719,0.248330,-0.000251,0.000296,-0.000410,0.001644,0.000037,-0.000318,-1.675529,0.476317,-0.299069,-0.630797,-0.895928,0.047812,-0.438567,-0.256107,0.247239,-2.626846,0.034036,2.401899,0.313966
0.702982,0.000000,0.000000,0.000000,0.000000,0.000000,0.000000,0.000000,0.412036,-0.088586,0.189895,0.992035,0.123787,0.005577,0.022631,0.411907,-0.088549,0.189540,0.992048,0.123758,0.005169,0.022334,3.095984,-0.004728,0.248325,0.000283,0.000143,0.000673,-0.001128,-0.001890,0.000027,-1.645149,0.472755,-0.311828,-0.613743,-0.884009,0.047996,-0.438563,-0.256109,0.247237,-2.626839,0.034041,2.401898,0.313969
0.752981,0.000000,0.000000,0.000000,0.000000,0.000000,0.000000,0.000000,0.412036,-0.088586,0.189895,0.992035,0.123787,0.005577,0.022631,0.411909,-0.088549,0.189542,0.992048,0.123754,0.005172,0.022332,3.095987,-0.004734,0.248318,0.000539,-0.000077,0.000844,-0.000091,-0.001291,-0.000525,-1.680727,0.504188,-0.280910,-0.599914,-0.916750,0.055337,-0.438567,-0.256111,0.247238,-2.626835,0.034050,2.401897,0.313969
0.802990,0.000000,0.000000,0.000000,0.000000,0.000000,0.000000,0.000000,0.412036,-0.088586,0.189895,0.992035,0.123787,0.005577,0.022631,0.411910,-0.088548,0.189543,0.992048,0.123753,0.005175,0.022331,3.095989,-0.004740,0.248316,0.000404,0.000161,0.000714,-0.000367,-0.002220,0.000669,-1.724986,0.471037,-0.216185,-0.574675,-0.962821,0.043317,-0.438563,-0.256111,0.247235,-2.626832,0.034055,2.401899,0.313967
0.853041,0.000000,0.000000,0.000000,0.000000,0.000000,0.000000,0.000000,0.412036,-0.088586,0.189895,0.992035,0.123787,0.005577,0.022631,0.411912,-0.088549,0.189544,0.992049,0.123750,0.005176,0.022330,3.095991,-0.004743,0.248309,0.000203,0.000146,0.000451,0.000216,-0.000424,0.000006,-1.730938,0.472826,-0.240709,-0.562894,-0.960405,0.041674,-0.438567,-0.256109,0.247237,-2.626828,0.034060,2.401897,0.313969
0.903145,0.000000,0.000000,0.000000,0.000000,0.000000,0.000000,0.000000,0.412036,-0.088586,0.189895,0.992035,0.123787,0.005577,0.022631,0.411914,-0.088546,0.189545,0.992048,0.123754,0.005178,0.022330,3.095991,-0.004747,0.248318,-0.000280,0.000402,-0.000077,-0.000441,0.000274,0.003287,-1.702525,0.468824,-0.226615,-0.552116,-0.953689,0.042501,-0.438563,-0.256111,0.247240,-2.626827,0.034064,2.401898,0.313964
0.953191,0.000000,0.000000,0.000000,0.000000,0.000000,0.000000,0.000000,0.412036,-0.088586,0.189895,0.992035,0.123787,0.005577,0.022631,0.411917,-0.088549,0.189549,0.992049,0.123745,0.005183,0.022329,3.095991,-0.004758,0.248300,0.000049,-0.000777,-0.000166,0.000136,-0.000932,-0.002259,-1.706147,0.507501,-0.230975,-0.554572,-0.956999,0.058987,-0.438567,-0.256109,0.247235,-2.626818,0.034069,2.401900,0.313970
1.003140,0.000000,0.000000,0.000000,0.000000,0.000000,0.000000,0.000000,0.412036,-0.088586,0.189895,0.992035,0.123787,0.005577,0.022631,0.411922,-0.088548,0.189553,0.992049,0.123748,0.005187,0.022328,3.095991,-0.004765,0.248306,0.000090,-0.000338,0.000460,-0.000124,-0.000631,0.000350,-1.646709,0.461210,-0.214024,-0.529799,-0.942029,0.047867,-0.438567,-0.256109,0.247238,-2.626807,0.034074,2.401895,0.313965
1.053212,0.000000,0.000000,0.000000,0.000000,0.000000,0.000000,0.000000,0.412036,-0.088586,0.189895,0.992035,0.123787,0.005577,0.022631,0.411933,-0.088547,0.189562,0.992048,0.123750,0.005198,0.022332,3.095981,-0.004786,0.248311,0.000339,0.000522,-0.000092,-0.000547,0.000375,0.003234,-1.697573,0.460799,-0.222529,-0.530041,-0.955018,0.040779,-0.438567,-0.256109,0.247244,-2.626785,0.034076,2.401898,0.313965
1.103823,0.000000,0.000000,0.000000,0.000000,0.000000,0.000000,0.000000,0.412036,-0.088586,0.189895,0.992035,0.123787,0.005577,0.022631,0.411942,-0.088552,0.189571,0.992050,0.123741,0.005210,0.022333,3.095976,-0.004809,0.248293,0.000760,-0.000139,0.000665,-0.000801,-0.001962,-0.000973,-1.586789,0.441708,-0.241175,-0.517865,-0.897973,0.035913,-0.438569,-0.256109,0.247235,-2.626765,0.034081,2.401900,0.313971
1.154137,0.000000,0.000000,0.000000,0.000000,0.000000,0.000000,0.000000,0.412036,-0.088586,0.189895,0.992035,0.123787,0.005577,0.022631,0.411950,-0.088553,0.189577,0.992049,0.123743,0.005216,0.022334,3.095972,-0.004823,0.248298,0.000503,-0.000236,0.000588,-0.000808,-0.001397,0.001728,-1.628540,0.523987,-0.134643,-0.548308,-0.950565,0.066494,-0.438567,-0.256105,0.247234,-2.626746,0.034083,2.401899,0.313966
1.203958,0.000000,0.000000,0.000000,0.000000,0.000000,0.000000,0.000000,0.412036,-0.088586,0.189895,0.992035,0.123787,0.005577,0.022631,0.411961,-0.088552,0.189586,0.992049,0.123744,0.005227,0.022337,3.095964,-0.004843,0.248301,0.000413,0.000141,0.000086,0.000148,0.000284,0.001079,-1.628259,0.487421,-0.137781,-0.528789,-0.950774,0.054582,-0.438563,-0.256105,0.247236,-2.626725,0.034086,2.401899,0.313968
1.254126,0.000000,0.000000,0.000000,0.000000,0.000000,0.000000,0.000000,0.412036,-0.088586,0.189895,0.992035,0.123787,0.005577,0.022631,0.411967,-0.088553,0.189593,0.992049,0.123744,0.005235,0.022339,3.095958,-0.004858,0.248300,-0.000075,0.000596,-0.000204,0.000012,0.000003,0.001077,-1.555021,0.512752,-0.113289,-0.537303,-0.930572,0.071124,-0.438565,-0.256109,0.247237,-2.626713,0.034090,2.401899,0.313966
1.304748,0.000000,0.000000,0.000000,0.000000,0.000000,0.000000,0.000000,0.412036,-0.088586,0.189895,0.992035,0.123787,0.005577,0.022631,0.412017,-0.088558,0.189634,0.992048,0.123745,0.005281,0.022351,3.095922,-0.004945,0.248306,0.001326,0.000433,0.000918,-0.000348,-0.002482,0.000817,-1.442429,0.415690,-0.167252,-0.489807,-0.857035,0.037203,-0.438561,-0.256094,0.247235,-2.626599,0.034091,2.401894,0.313969
1.354059,0.000000,0.000000,0.000000,0.000000,0.000000,0.000000,0.000000,0.412036,-0.088586,0.189895,0.992035,0.123787,0.005577,0.022631,0.412039,-0.088563,0.189651,0.992048,0.123743,0.005300,0.022354,3.095912,-0.004983,0.248301,0.000610,-0.000346,0.000250,0.001209,-0.000789,-0.001144,-1.378180,0.419488,-0.123554,-0.486619,-0.839018,0.045845,-0.438565,-0.256085,0.247233,-2.626546,0.034098,2.401888,0.313966
1.404074,0.000000,0.000000,0.000000,0.000000,0.000000,0.000000,0.000000,0.412036,-0.088586,0.189895,0.992035,0.123787,0.005577,0.022631,0.412053,-0.088565,0.189666,0.992048,0.123741,0.005316,0.022360,3.095896,-0.005014,0.248299,0.000208,-0.000190,-0.000308,0.000742,0.000581,-0.002378,-1.393395,0.483196,-0.137873,-0.506698,-0.848804,0.070633,-0.438567,-0.256090,0.247235,-2.626517,0.034098,2.401889,0.313969
1.454093,0.000000,0.000000,0.000000,0.000000,0.000000,0.000000,0.000000,0.412036,-0.088586,0.189895,0.992035,0.123787,0.005577,0.022631,0.412063,-0.088564,0.189674,0.992048,0.123744,0.005325,0.022363,3.095888,-0.005031,0.248305,0.000891,-0.000092,0.000921,-0.000846,-0.001830,-0.000307,-1.441260,0.452334,-0.080585,-0.501798,-0.890233,0.053141,-0.438563,-0.256089,0.247235,-2.626496,0.034099,2.401888,0.313968
1.504117,0.000000,0.000000,0.000000,0.000000,0.000000,0.000000,0.000000,0.412036,-0.088586,0.189895,0.992035,0.123787,0.005577,0.022631,0.412064,-0.088565,0.189674,0.992048,0.123741,0.005326,0.022361,3.095891,-0.005034,0.248298,0.000179,-0.000009,0.000012,0.000165,-0.001012,-0.001373,-1.439259,0.458621,-0.132256,-0.492002,-0.872710,0.057263,-0.438565,-0.256086,0.247235,-2.626493,0.034103,2.401889,0.313970
1.554750,0.000000,0.000000,0.000000,0.000000,0.000000,0.000000,0.000000,0.412036,-0.088586,0.189895,0.992035,0.123787,0.005577,0.022631,0.412068,-0.088565,0.189677,0.992049,0.123739,0.005331,0.022361,3.095891,-0.005043,0.248294,-0.000007,0.000363,-0.000067,-0.000396,-0.000014,-0.001410,-1.420922,0.475294,-0.143359,-0.494714,-0.862200,0.063907,-0.438565,-0.256085,0.247235,-2.626483,0.034108,2.401888,0.313971
1.604967,0.000000,0.000000,0.000000,0.000000,0.000000,0.000000,0.000000,0.412036,-0.088586,0.189895,0.992035,0.123787,0.005577,0.022631,0.412071,-0.088566,0.189682,0.992048,0.123742,0.005334,0.022362,3.095888,-0.005049,0.248302,-0.000260,-0.000366,0.000350,0.000003,-0.000398,0.000302,-1.452944,0.537542,-0.030088,-0.520648,-0.918360,0.086458,-0.438565,-0.256089,0.247233,-2.626476,0.034108,2.401884,0.313962
1.654913,0.000000,0.000000,0.000000,0.000000,0.000000,0.000000,0.000000,0.412036,-0.088586,0.189895,0.992035,0.123787,0.005577,0.022631,0.412077,-0.088566,0.189685,0.992048,0.123739,0.005340,0.022363,3.095885,-0.005060,0.248295,-0.000223,0.000683,-0.000697,0.001094,0.001410,-0.000712,-1.471927,0.470571,-0.075268,-0.486962,-0.915214,0.059112,-0.438567,-0.256085,0.247238,-2.626464,0.034112,2.401887,0.313969
1.705172,-0.000000,0.000000,0.000000,0.000000,-0.000000,-0.000000,1.000000,0.412036,-0.088586,0.189895,0.992035,0.123787,0.005577,0.022631,0.412079,-0.088566,0.189688,0.992048,0.123742,0.005341,0.022364,3.095883,-0.005063,0.248301,0.000052,0.000289,-0.000050,-0.000821,-0.000044,0.002480,-1.434775,0.470932,-0.079279,-0.483540,-0.896842,0.063808,-0.438563,-0.256085,0.247233,-2.626458,0.034110,2.401885,0.313964
1.755289,-0.000000,0.000000,0.000000,0.000000,-0.000000,-0.000000,1.000000,0.412036,-0.088586,0.189895,0.992035,0.123787,0.005577,0.022631,0.412085,-0.088565,0.189693,0.992048,0.123740,0.005349,0.022363,3.095882,-0.005078,0.248297,0.000785,0.001001,0.000602,0.001460,-0.001864,0.000255,-1.478555,0.453077,-0.071896,-0.473319,-0.919294,0.056176,-0.438565,-0.256086,0.247239,-2.626447,0.034120,2.401887,0.313966
1.805142,-0.000000,0.000000,0.000000,0.000000,-0.000000,-0.000000,1.000000,0.412036,-0.088586,0.189895,0.992035,0.123787,0.005577,0.022631,0.412082,-0.088566,0.189690,0.992048,0.123738,0.005345,0.022363,3.095884,-0.005071,0.248295,-0.000691,0.000686,-0.000755,-0.000341,0.002157,0.002039,-1.438684,0.444947,-0.109362,-0.466271,-0.887494,0.056980,-0.438563,-0.256085,0.247233,-2.626452,0.034115,2.401885,0.313967
1.855168,-0.000000,0.000000,0.000000,0.000000,-0.000000,-0.000000,1.000000,0.412036,-0.088586,0.189895,0.992035,0.123787,0.005577,0.022631,0.412083,-0.088567,0.189691,0.992049,0.123734,0.005346,0.022360,3.095890,-0.005075,0.248285,-0.000431,-0.000133,-0.000637,0.001067,0.001775,-0.000691,-1.451702,0.512633,-0.119924,-0.484401,-0.885511,0.076422,-0.438567,-0.256083,0.247232,-2.626449,0.034124,2.401884,0.313965
1.906036,-0.000000,0.000000,0.000000,0.000000,-0.000000,-0.000000,1.000000,0.412036,-0.088586,0.189895,0.992035,0.123787,0.005577,0.022631,0.412085,-0.088566,0.189693,0.992049,0.123735,0.005349,0.022362,3.095884,-0.005080,0.248287,-0.000282,0.000102,0.000033,-0.000822,0.000432,0.000129,-1.463489,0.507166,-0.138410,-0.483696,-0.883936,0.068862,-0.438565,-0.256087,0.247235,-2.626447,0.034123,2.401886,0.313970
1.955860,-0.000000,0.000000,0.000000,0.000000,-0.000000,-0.000000,1.000000,0.412036,-0.088586,0.189895,0.992035,0.123787,0.005577,0.022631,0.412089,-0.088565,0.189695,0.992049,0.123732,0.005353,0.022359,3.095888,-0.005088,0.248282,0.000854,-0.000073,0.000938,-0.000454,-0.002413,-0.001035,-1.427636,0.478867,-0.120787,-0.458150,-0.879599,0.063162,-0.438563,-0.256083,0.247233,-2.626439,0.034131,2.401886,0.313969
2.005883,-0.000000,0.000000,0.000000,0.000000,-0.000000,-0.000000,1.000000,0.412036,-0.088586,0.189895,0.992035,0.123787,0.005577,0.022631,0.412088,-0.088564,0.189694,0.992049,0.123735,0.005351,0.022357,3.095894,-0.005084,0.248288,0.000179,0.000569,-0.000167,0.000796,0.000713,0.002668,-1.460905,0.491176,-0.064565,-0.461197,-0.915169,0.062439,-0.438565,-0.256082,0.247237,-2.626438,0.034137,2.401881,0.313960
2.056123,-0.000000,0.000000,0.000000,0.000000,-0.000000,-0.000000,1.000000,0.412036,-0.088586,0.189895,0.992035,0.123787,0.005577,0.022631,0.412090,-0.088565,0.189697,0.992050,0.123729,0.005354,0.022358,3.095891,-0.005091,0.248276,0.000098,-0.000109,0.000106,0.000156,-0.000683,-0.001830,-1.448795,0.484984,-0.141466,-0.437752,-0.886635,0.059978,-0.438565,-0.256085,0.247235,-2.626435,0.034138,2.401882,0.313971
2.106120,-0.000000,0.000000,0.000000,0.000000,-0.000000,-0.000000,1.000000,0.412036,-0.088586,0.189895,0.992035,0.123787,0.005577,0.022631,0.412092,-0.088564,0.189697,0.992050,0.123728,0.005357,0.022355,3.095896,-0.005096,0.248273,0.000273,0.000303,-0.000263,0.000380,0.000266,0.000784,-1.454068,0.438898,-0.043200,-0.414822,-0.928654,0.042770,-0.438565,-0.256082,0.247235,-2.626431,0.034146,2.401885,0.313967
2.156068,-0.000000,0.000000,0.000000,0.000000,-0.000000,-0.000000,1.000000,0.412036,-0.088586,0.189895,0.992035,0.123787,0.005577,0.022631,0.412092,-0.088564,0.189697,0.992050,0.123727,0.005357,0.022355,3.095896,-0.005097,0.248273,-0.000218,-0.000142,-0.000141,-0.000821,0.000281,-0.001300,-1.511382,0.520996,-0.062519,-0.442748,-0.949134,0.072777,-0.438565,-0.256083,0.247235,-2.626432,0.034148,2.401884,0.313967
2.206225,-0.000000,0.000000,0.000000,0.000000,-0.000000,-0.000000,1.000000,0.412036,-0.088586,0.189895,0.992035,0.123787,0.005577,0.022631,0.412096,-0.088565,0.189701,0.992050,0.123723,0.005362,0.022354,3.095897,-0.005107,0.248265,0.001023,-0.000512,0.001039,-0.000651,-0.003500,-0.001555,-1.479354,0.532448,-0.090265,-0.439305,-0.924018,0.078340,-0.438567,-0.256082,0.247233,-2.626423,0.034154,2.401885,0.313967
2.256220,-0.000000,0.000000,0.000000,0.000000,-0.000000,-0.000000,1.000000,0.412036,-0.088586,0.189895,0.992035,0.123787,0.005577,0.022631,0.412097,-0.088565,0.189702,0.992050,0.123725,0.005364,0.022354,3.095896,-0.005111,0.248268,0.000176,0.000033,0.000247,-0.001197,-0.001368,0.002721,-1.478497,0.498612,-0.026176,-0.428280,-0.949441,0.066542,-0.438565,-0.256085,0.247233,-2.626423,0.034157,2.401885,0.313964
2.306205,-0.000000,0.999964,0.000000,0.000000,-0.000000,-0.000000,1.000000,0.412036,-0.084586,0.189895,0.992035,0.123787,0.005577,0.022631,0.412101,-0.088565,0.189705,0.992050,0.123724,0.005368,0.022354,3.095896,-0.005118,0.248267,0.001286,-0.000538,0.001191,-0.001665,-0.004573,0.002361,-1.476532,0.487983,-0.070477,-0.409159,-0.932675,0.064472,-0.438564,-0.256081,0.247231,-2.626414,0.034159,2.401886,0.313963
2.356254,-0.000000,0.999964,0.000000,0.000000,-0.000000,-0.000000,1.000000,0.412036,-0.080586,0.189895,0.992035,0.123787,0.005577,0.022631,0.412097,-0.088564,0.189702,0.992051,0.123717,0.005364,0.022349,3.095907,-0.005112,0.248252,0.000093,-0.000398,-0.000070,-0.000002,-0.000180,-0.001174,-1.518112,0.500750,-0.029292,-0.407897,-0.965807,0.069248,-0.438568,-0.256079,0.247234,-2.626417,0.034170,2.401881,0.313967
2.406983,-0.000000,0.999964,0.000000,0.000000,-0.000000,-0.000000,1.000000,0.412036,-0.076586,0.189895,0.992035,0.123787,0.005577,0.022631,0.412103,-0.088544,0.189702,0.992050,0.123729,0.005369,0.022341,3.095921,-0.005124,0.248277,0.000844,0.000620,0.000828,-0.000717,-0.003284,0.001458,-1.549829,0.602103,-0.024082,-0.381095,-0.991074,0.114245,-0.438528,-0.256077,0.247237,-2.626416,0.034196,2.401885,0.313967
2.457076,-0.000000,0.999964,0.000000,0.000000,-0.000000,-0.000000,1.000000,0.412036,-0.072586,0.189895,0.992035,0.123787,0.005577,0.022631,0.412125,-0.088412,0.189690,0.992037,0.123840,0.005368,0.022301,3.095999,-0.005126,0.248501,0.000989,0.004233,0.000305,0.000476,0.000207,0.010190,-1.617728,0.774266,0.024836,-0.334389,-1.061965,0.176819,-0.438243,-0.256052,0.247243,-2.626416,0.034292,2.401874,0.313964
2.508021,-0.000000,0.999964,0.000000,0.000000,-0.000000,-0.000000,1.000000,0.412036,-0.068586,0.189895,0.992035,0.123787,0.005577,0.022631,0.412181,-0.088084,0.189669,0.992006,0.124104,0.005378,0.022201,3.096195,-0.005159,0.249033,0.001308,0.007569,-0.000348,0.007199,-0.000174,0.012285,-1.619777,0.946521,0.016658,-0.326031,-1.065182,0.218467,-0.437532,-0.256018,0.247255,-2.626423,0.034560,2.401847,0.313959
2.557066,-0.000000,0.999964,0.000000,0.000000,-0.000000,-0.000000,1.000000,0.412036,-0.064587,0.189895,0.992035,0.123787,0.005577,0.022631,0.412219,-0.087504,0.189636,0.991961,0.124510,0.005290,0.021963,3.096688,-0.005025,0.249845,0.001716,0.014482,-0.001553,0.016564,0.002466,0.015214,-1.674896,1.080442,0.146584,-0.353749,-1.100980,0.234703,-0.436328,-0.256009,0.247280,-2.626404,0.035111,2.401481,0.313963
2.607870,-0.000000,0.999964,0.000000,0.000000,-0.000000,-0.000000,1.000000,0.412036,-0.060587,0.189895,0.992035,0.123787,0.005577,0.022631,0.412285,-0.086706,0.189592,0.991906,0.125006,0.005196,0.021644,3.097340,-0.004897,0.250839,0.002461,0.018619,-0.001145,0.013473,0.003348,0.021845,-1.549294,1.352876,0.405262,-0.453436,-1.071537,0.333163,-0.435113,-0.256015,0.247774,-2.626377,0.036043,2.401038,0.313972
2.657167,-0.000000,0.999964,0.000000,0.000000,-0.000000,-0.000000,1.000000,0.412036,-0.056587,0.189895,0.992035,0.123787,0.005577,0.022631,0.412450,-0.085628,0.189527,0.991827,0.125690,0.005208,0.021320,3.097977,-0.004971,0.252217,0.002773,0.022960,-0.001990,0.016336,0.003600,0.026291,-1.635495,1.497422,0.562123,-0.519285,-1.125964,0.369252,-0.433979,-0.256001,0.249044,-2.626398,0.037360,2.400881,0.313996
2.707143,-0.000000,0.999964,0.000000,0.000000,-0.000000,-0.000000,1.000000,0.412036,-0.052587,0.189895,0.992035,0.123787,0.005577,0.022631,0.412572,-0.084259,0.189441,0.991722,0.126592,0.005028,0.020907,3.098837,-0.004679,0.254025,0.002582,0.029755,-0.002403,0.015508,0.014489,0.040235,-1.728161,1.589169,0.660791,-0.498700,-1.156872,0.396749,-0.432604,-0.256021,0.250727,-2.626364,0.038879,2.400223,0.314072
2.757177,-0.000000,0.999964,0.000000,0.000000,-0.000000,-0.000000,1.000000,0.412036,-0.048587,0.189895,0.992035,0.123787,0.005577,0.022631,0.412734,-0.082600,0.189327,0.991662,0.127090,0.004757,0.020771,3.099175,-0.004155,0.255015,0.003582,0.032723,-0.001800,-0.000932,0.013353,0.019026,-1.677355,1.382541,0.828399,-0.401326,-1.154240,0.296043,-0.430827,-0.256027,0.252946,-2.626371,0.039686,2.399621,0.316402
2.807215,-0.000000,0.999964,0.000000,0.000000,-0.000000,-0.000000,1.000000,0.412036,-0.044587,0.189895,0.992035,0.123787,0.005577,0.022631,0.412922,-0.080706,0.189205,0.991610,0.127515,0.004435,0.020711,3.099374,-0.003514,0.255858,0.004578,0.040010,-0.002621,0.008900,0.012904,-0.004514,-1.721015,2.066585,0.988935,-0.624989,-1.187349,0.554702,-0.428749,-0.256034,0.255505,-2.626362,0.040337,2.398949,0.319622
2.857861,-0.000000,0.999964,0.000000,0.000000,-0.000000,-0.000000,1.000000,0.412036,-0.040587,0.189895,0.992035,0.123787,0.005577,0.022631,0.413146,-0.078500,0.189067,0.991531,0.128135,0.004072,0.020744,3.099399,-0.002758,0.257093,0.004641,0.049718,-0.004043,-0.013684,0.023219,0.055085,-1.849629,1.762731,1.184730,-0.515214,-1.278577,0.415436,-0.426273,-0.256051,0.258506,-2.626373,0.040840,2.398271,0.323381
2.907871,-0.000000,0.999964,0.000000,0.000000,-0.000000,-0.000000,1.000000,0.412036,-0.036588,0.189895,0.992035,0.123787,0.005577,0.022631,0.413354,-0.076179,0.188931,0.991472,0.128590,0.003654,0.020823,3.099350,-0.001891,0.257992,0.004450,0.046740,-0.002845,-0.005763,0.015261,0.005395,-1.902717,1.555845,1.314674,-0.419488,-1.316213,0.324903,-0.423712,-0.256113,0.261737,-2.626380,0.041258,2.397468,0.327840
2.957847,-0.000000,0.999964,0.000000,0.000000,-0.000000,-0.000000,1.000000,0.412036,-0.032588,0.189895,0.992035,0.123787,0.005577,0.022631,0.413563,-0.073683,0.188797,0.991435,0.128872,0.003210,0.020921,3.099268,-0.000973,0.258542,0.005274,0.051255,-0.002372,-0.002921,0.013458,-0.003522,-1.997271,2.250342,1.434166,-0.656835,-1.366078,0.609839,-0.420767,-0.256197,0.265023,-2.626380,0.041618,2.396575,0.333127
3.008085,-0.000000,0.999964,0.000000,0.000000,-0.000000,-0.000000,1.000000,0.412036,-0.028588,0.189895,0.992035,0.123787,0.005577,0.022631,0.413776,-0.070969,0.188654,0.991378,0.129298,0.002718,0.021068,3.099104,0.000058,0.259379,0.005255,0.059192,-0.002464,-0.012466,0.023786,0.042692,-2.224499,2.027305,1.646889,-0.587339,-1.513499,0.513586,-0.417149,-0.256263,0.268200,-2.626371,0.041754,2.395606,0.338851
3.058899,-0.000000,0.999964,0.000000,0.000000,-0.000000,-0.000000,1.000000,0.412036,-0.024588,0.189895,0.992035,0.123787,0.005577,0.022631,0.413984,-0.068114,0.188523,0.991341,0.129571,0.002238,0.021198,3.098970,0.001057,0.259910,0.004899,0.057489,-0.001380,-0.009167,0.018610,0.012193,-2.299196,1.612539,1.753240,-0.435787,-1.562590,0.345318,-0.412920,-0.256359,0.271080,-2.626372,0.041855,2.394586,0.345229
3.108097,-0.000000,0.999964,0.000000,0.000000,-0.000000,-0.000000,1.000000,0.412036,-0.020588,0.189895,0.992035,0.123787,0.005577,0.022631,0.414181,-0.065206,0.188419,0.991309,0.129789,0.001768,0.021385,3.098722,0.002045,0.260328,0.004973,0.058925,-0.001849,-0.012010,0.019370,0.016138,-2.327458,1.970760,1.817319,-0.558763,-1.573077,0.496433,-0.408717,-0.256549,0.274156,-2.626378,0.041925,2.393531,0.351902
3.158707,-0.000000,0.999964,0.000000,0.000000,-0.000000,-0.000000,1.000000,0.412036,-0.016588,0.189895,0.992035,0.123787,0.005577,0.022631,0.414373,-0.062201,0.188315,0.991262,0.130121,0.001305,0.021601,3.098416,0.003034,0.260979,0.004154,0.061739,-0.002092,-0.011832,0.020763,0.017895,-2.439608,1.778174,1.898895,-0.461328,-1.634517,0.404807,-0.404572,-0.256762,0.277547,-2.626389,0.042059,2.392494,0.358543
3.208948,-0.000000,0.999964,0.000000,0.000000,-0.000000,-0.000000,1.000000,0.412036,-0.012588,0.189895,0.992035,0.123787,0.005577,0.022631,0.414572,-0.059032,0.188201,0.991218,0.130424,0.000858,0.021798,3.098141,0.003985,0.261569,0.004803,0.062893,-0.002676,-0.010601,0.016375,0.008607,-2.539927,2.019444,1.981333,-0.525620,-1.689282,0.500672,-0.400018,-0.256941,0.280911,-2.626390,0.042245,2.391476,0.365590
3.258143,-0.000000,0.999964,0.000000,0.000000,-0.000000,-0.000000,1.000000,0.412036,-0.008589,0.189895,0.992035,0.123787,0.005577,0.022631,0.414760,-0.055843,0.188096,0.991181,0.130661,0.000418,0.022068,3.097721,0.004937,0.262027,0.004084,0.066232,-0.001648,-0.012152,0.018438,0.019514,-2.485768,2.037824,1.943391,-0.541309,-1.634146,0.530664,-0.395454,-0.257133,0.284368,-2.626385,0.042287,2.390486,0.372973
3.308794,-0.000000,0.999964,0.000000,0.000000,-0.000000,-0.000000,1.000000,0.412036,-0.004589,0.189895,0.992035,0.123787,0.005577,0.022631,0.414945,-0.052562,0.188020,0.991145,0.130910,0.000053,0.022241,3.097476,0.005719,0.262512,0.003952,0.068082,-0.001137,-0.006707,0.015643,0.011865,-2.619033,1.994544,2.050234,-0.540547,-1.709018,0.526826,-0.389720,-0.257329,0.286762,-2.626382,0.042299,2.389500,0.380493
3.358888,-0.000000,0.999964,0.000000,0.000000,-0.000000,-0.000000,1.000000,0.412036,-0.000589,0.189895,0.992035,0.123787,0.005577,0.022631,0.415111,-0.049162,0.187958,0.991124,0.131047,-0.000283,0.022345,3.097358,0.006418,0.262774,0.003236,0.068618,-0.001093,-0.007630,0.014346,0.001142,-2.570440,1.580904,1.978100,-0.405683,-1.644740,0.370076,-0.383113,-0.257533,0.288496,-2.626392,0.042305,2.388478,0.388475
3.409010,-0.000000,0.999964,0.000000,0.000000,-0.000000,-0.000000,1.000000,0.412036,0.003411,0.189895,0.992035,0.123787,0.005577,0.022631,0.415271,-0.045705,0.187899,0.991105,0.131161,-0.000578,0.022510,3.097109,0.007051,0.262991,0.002596,0.068616,-0.001282,-0.006910,0.011146,-0.006621,-2.646088,1.571586,2.006202,-0.428008,-1.671576,0.359900,-0.376639,-0.257775,0.290552,-2.626428,0.042315,2.387562,0.396675
3.459218,-0.000000,0.999964,0.000000,0.000000,-0.000000,-0.000000,1.000000,0.412036,0.007411,0.189895,0.992035,0.123787,0.005577,0.022631,0.415401,-0.042240,0.187837,0.991078,0.131344,-0.000858,0.022635,3.096937,0.007646,0.263347,0.001912,0.071305,-0.002353,-0.004531,0.016347,0.013727,-2.879084,2.070029,2.076414,-0.609306,-1.788276,0.560574,-0.369798,-0.257992,0.292214,-2.626482,0.042320,2.386668,0.404727
3.511401,-0.000000,0.999964,0.000000,0.000000,-0.000000,-0.000000,1.000000,0.412036,0.011411,0.189895,0.992035,0.123787,0.005577,0.022631,0.415533,-0.038713,0.187789,0.991051,0.131534,-0.001088,0.022709,3.096852,0.008130,0.263719,0.002641,0.072879,-0.001086,-0.001859,0.008693,0.007215,-3.028137,2.077160,2.245141,-0.599064,-1.908258,0.577464,-0.362366,-0.258166,0.293377,-2.626500,0.042321,2.385811,0.412880
3.559134,-0.000000,0.999964,0.000000,0.000000,-0.000000,-0.000000,1.000000,0.412036,0.015411,0.189895,0.992035,0.123787,0.005577,0.022631,0.415659,-0.035047,0.187735,0.991043,0.131574,-0.001295,0.022797,3.096732,0.008566,0.263791,0.002699,0.075003,-0.001331,-0.006673,0.007281,-0.004934,-2.928759,1.452810,2.140499,-0.385781,-1.814199,0.330736,-0.354679,-0.258304,0.294629,-2.626504,0.042324,2.385002,0.421675
3.609230,-0.000000,0.999964,0.000000,0.000000,-0.000000,-0.000000,1.000000,0.412036,0.019410,0.189895,0.992035,0.123787,0.005577,0.022631,0.415774,-0.031371,0.187684,0.991032,0.131630,-0.001475,0.022952,3.096472,0.008966,0.263893,0.002870,0.073073,-0.000979,-0.006604,0.005066,0.007614,-2.962505,1.721070,2.146800,-0.469375,-1.820790,0.460730,-0.347320,-0.258462,0.296292,-2.626509,0.042323,2.384279,0.430514
3.659191,-0.000000,0.999964,0.000000,0.000000,-0.000000,-0.000000,1.000000,0.412036,0.023410,0.189895,0.992035,0.123787,0.005577,0.022631,0.415864,-0.027666,0.187628,0.991010,0.131773,-0.001627,0.023066,3.096287,0.009304,0.264176,0.002418,0.071679,-0.000406,-0.002554,0.001186,0.000051,-3.009739,2.047354,2.161976,-0.578981,-1.836202,0.597513,-0.339571,-0.258585,0.297592,-2.626528,0.042329,2.383612,0.439209
3.709162,-0.000000,0.999964,0.000000,0.000000,-0.000000,-0.000000,1.000000,0.412036,0.027410,0.189895,0.992035,0.123787,0.005577,0.022631,0.415945,-0.023946,0.187585,0.990992,0.131902,-0.001727,0.023112,3.096222,0.009520,0.264430,0.001961,0.076569,-0.001023,-0.002523,0.003280,-0.001117,-2.973960,1.519468,2.250451,-0.385986,-1.846646,0.384524,-0.331236,-0.258662,0.298269,-2.626527,0.042327,2.382998,0.447926
3.759729,-0.000000,0.999964,0.000000,0.000000,-0.000000,-0.000000,1.000000,0.412036,0.031410,0.189895,0.992035,0.123787,0.005577,0.022631,0.416001,-0.020185,0.187550,0.990976,0.132001,-0.001816,0.023226,3.096021,0.009731,0.264625,0.000341,0.075010,-0.001674,-0.003711,0.004215,0.003692,-2.967101,1.447927,2.178585,-0.349939,-1.807758,0.368831,-0.323200,-0.258789,0.299400,-2.626528,0.042329,2.382405,0.456839
3.810005,-0.000000,0.999964,0.000000,0.000000,-0.000000,-0.000000,1.000000,0.412036,0.035410,0.189895,0.992035,0.123787,0.005577,0.022631,0.416048,-0.016463,0.187510,0.990958,0.132115,-0.001854,0.023326,3.095834,0.009837,0.264853,0.000085,0.073959,-0.001179,-0.003603,0.001350,0.007454,-3.124378,1.955641,2.276801,-0.524237,-1.905920,0.593371,-0.315100,-0.258870,0.300358,-2.626537,0.042330,2.381951,0.465622
3.860032,-0.000000,0.999964,0.000000,0.000000,-0.000000,-0.000000,1.000000,0.412036,0.039410,0.189895,0.992035,0.123787,0.005577,0.022631,0.416068,-0.012697,0.187467,0.990945,0.132207,-0.001878,0.023358,3.095777,0.009898,0.265037,-0.000286,0.077661,-0.000742,-0.003068,0.002010,0.005361,-3.109032,1.715003,2.255746,-0.427797,-1.886872,0.492857,-0.306464,-0.258887,0.300820,-2.626529,0.042334,2.381503,0.474507
3.910080,-0.000000,0.972175,0.000000,0.000000,-0.000000,-0.000000,1.000000,0.412036,0.043298,0.189895,0.992035,0.123787,0.005577,0.022631,0.416078,-0.008845,0.187423,0.990920,0.132371,-0.001866,0.023475,3.095545,0.009913,0.265368,-0.001169,0.077844,-0.001419,-0.004989,0.001115,0.014837,-3.001107,1.456087,2.213771,-0.337051,-1.824255,0.385523,-0.298109,-0.258927,0.301845,-2.626530,0.042331,2.381167,0.483516
3.960065,-0.000000,0.073630,0.000000,0.000000,-0.000000,-0.000000,1.000000,0.412036,0.043593,0.189895,0.992035,0.123787,0.005577,0.022631,0.416073,-0.005037,0.187392,0.990907,0.132448,-0.001813,0.023591,3.095301,0.009842,0.265524,-0.001177,0.075759,-0.001340,-0.002380,-0.000671,-0.007783,-3.045139,1.905052,2.243032,-0.486418,-1.852435,0.585137,-0.289830,-0.258975,0.302833,-2.626521,0.042341,2.380889,0.492582
4.010901,-0.000000,0.000000,0.000000,0.000000,-0.000000,-0.000000,1.000000,0.412036,0.043593,0.189895,0.992035,0.123787,0.005577,0.022631,0.416041,-0.001238,0.187366,0.990898,0.132505,-0.001735,0.023671,3.095123,0.009711,0.265642,-0.001852,0.076774,-0.001679,-0.003537,-0.000406,0.001033,-3.083915,1.904614,2.214241,-0.482397,-1.857317,0.597953,-0.281256,-0.259005,0.303469,-2.626515,0.042337,2.380644,0.501653
4.060184,-0.000000,0.000000,0.000000,0.000000,-0.000000,-0.000000,1.000000,0.412036,0.043593,0.189895,0.992035,0.123787,0.005577,0.022631,0.415997,0.002543,0.187345,0.990882,0.132602,-0.001614,0.023828,3.094781,0.009518,0.265841,-0.002008,0.074357,-0.001447,-0.004889,-0.004107,0.006929,-2.967559,1.638301,2.242765,-0.392209,-1.821485,0.496383,-0.273213,-0.259073,0.304662,-2.626520,0.042343,2.380516,0.510646
4.110750,-0.000000,0.000000,0.000000,0.000000,-0.000000,-0.000000,1.000000,0.412036,0.043593,0.189895,0.992035,0.123787,0.005577,0.022631,0.415939,0.006138,0.187340,0.990867,0.132687,-0.001469,0.023984,3.094432,0.009275,0.266017,-0.001850,0.068534,-0.000246,-0.005252,-0.007352,0.000503,-3.021648,1.697366,2.193863,-0.421876,-1.831095,0.526102,-0.265536,-0.259157,0.305771,-2.626513,0.042336,2.380420,0.519227
4.160164,-0.000000,0.000000,0.000000,0.000000,-0.000000,-0.000000,1.000000,0.412036,0.043593,0.189895,0.992035,0.123787,0.005577,0.022631,0.415863,0.009373,0.187332,0.990859,0.132731,-0.001321,0.024056,3.094252,0.009004,0.266112,-0.002412,0.063156,-0.000518,-0.001655,-0.006032,-0.001289,-3.022290,1.938406,2.139569,-0.490538,-1.820153,0.641279,-0.258176,-0.259185,0.306253,-2.626513,0.042332,2.380362,0.526965
4.210862,-0.000000,0.000000,0.000000,0.000000,-0.000000,-0.000000,1.000000,0.412036,0.043593,0.189895,0.992035,0.123787,0.005577,0.022631,0.415781,0.012430,0.187331,0.990856,0.132747,-0.001157,0.024118,3.094086,0.008696,0.266152,-0.003297,0.059786,-0.001226,-0.002965,-0.003805,0.003070,-2.972326,1.504817,2.164242,-0.317713,-1.821608,0.481247,-0.251198,-0.259210,0.306679,-2.626508,0.042337,2.380347,0.534318
4.261039,-0.000000,0.000000,0.000000,0.000000,-0.000000,-0.000000,1.000000,0.412036,0.043593,0.189895,0.992035,0.123787,0.005577,0.022631,0.415689,0.015229,0.187329,0.990849,0.132781,-0.001009,0.024229,3.093827,0.008434,0.266227,-0.002440,0.053824,-0.000017,-0.004713,-0.005482,0.008175,-2.946454,1.434497,2.067045,-0.300091,-1.788431,0.460291,-0.245159,-0.259254,0.307470,-2.626498,0.042332,2.380341,0.541056
4.311047,-0.000000,0.000000,0.000000,0.000000,-0.000000,-0.000000,1.000000,0.412036,0.043593,0.189895,0.992035,0.123787,0.005577,0.022631,0.415594,0.017708,0.187327,0.990847,0.132782,-0.000873,0.024320,3.093611,0.008189,0.266233,-0.002231,0.048320,0.000190,-0.001239,-0.005298,-0.001823,-3.023915,1.906981,1.983670,-0.471955,-1.808339,0.659745,-0.239803,-0.259288,0.308161,-2.626485,0.042343,2.380340,0.547073
4.360964,-0.000000,0.000000,0.000000,0.000000,-0.000000,-0.000000,1.000000,0.412036,0.043593,0.189895,0.992035,0.123787,0.005577,0.022631,0.415489,0.019991,0.187320,0.990828,0.132907,-0.000755,0.024388,3.093444,0.007978,0.266491,-0.002265,0.044114,0.000525,-0.001667,-0.006541,0.004195,-3.013275,1.746916,2.071114,-0.404148,-1.852392,0.598435,-0.234730,-0.259307,0.308643,-2.626485,0.042335,2.380341,0.552365
4.411165,-0.000000,0.000000,0.000000,0.000000,-0.000000,-0.000000,1.000000,0.412036,0.043593,0.189895,0.992035,0.123787,0.005577,0.022631,0.415395,0.022065,0.187334,0.990814,0.133010,-0.000619,0.024408,3.093369,0.007720,0.266704,-0.002044,0.039305,0.000349,0.000663,-0.005335,-0.004636,-3.007064,1.679170,1.988204,-0.386279,-1.829266,0.570478,-0.229841,-0.259332,0.308758,-2.626467,0.042341,2.380342,0.557153
4.461136,-0.000000,0.000000,0.000000,0.000000,-0.000000,-0.000000,1.000000,0.412036,0.043593,0.189895,0.992035,0.123787,0.005577,0.022631,0.415302,0.023930,0.187346,0.990808,0.133038,-0.000498,0.024495,3.093165,0.007504,0.266766,-0.002124,0.034081,-0.000380,-0.005721,-0.003605,0.003780,-2.878134,1.615493,1.916047,-0.362144,-1.759391,0.546044,-0.225870,-0.259391,0.309353,-2.626452,0.042335,2.380349,0.561648
4.511187,-0.000000,-0.212611,0.000000,0.000000,-0.000000,-0.000000,1.000000,0.412036,0.042742,0.189895,0.992035,0.123787,0.005577,0.022631,0.415208,0.025581,0.187338,0.990801,0.133067,-0.000418,0.024630,3.092877,0.007383,0.266827,-0.002001,0.032532,-0.000219,-0.004211,-0.003354,-0.001360,-2.925201,1.650889,1.934878,-0.362398,-1.795254,0.566322,-0.222822,-0.259428,0.310407,-2.626431,0.042338,2.380348,0.565656
4.561132,-0.000000,-0.833266,0.000000,0.000000,-0.000000,-0.000000,1.000000,0.412036,0.039409,0.189895,0.992035,0.123787,0.005577,0.022631,0.415145,0.027056,0.187349,0.990793,0.133101,-0.000321,0.024748,3.092617,0.007225,0.266900,-0.001115,0.027726,0.000029,-0.003033,-0.004963,-0.002772,-2.834524,1.643890,1.917282,-0.341628,-1.752199,0.570947,-0.220096,-0.259443,0.311334,-2.626354,0.042337,2.380356,0.569214
4.611256,-0.000000,-0.999964,0.000000,0.000000,-0.000000,-0.000000,1.000000,0.412036,0.035410,0.189895,0.992035,0.123787,0.005577,0.022631,0.415104,0.028395,0.187379,0.990800,0.133036,-0.000210,0.024825,3.092435,0.007021,0.266774,-0.000638,0.025021,0.001183,-0.002103,-0.006079,-0.003447,-2.804418,1.869406,2.034257,-0.427830,-1.767081,0.661005,-0.217436,-0.259444,0.311952,-2.626234,0.042341,2.380348,0.572607
4.661838,-0.000000,-0.999964,0.000000,0.000000,-0.000000,-0.000000,1.000000,0.412036,0.031410,0.189895,0.992035,0.123787,0.005577,0.022631,0.415041,0.029489,0.187383,0.990790,0.133101,-0.000143,0.024892,3.092285,0.006911,0.266908,-0.002325,0.019884,-0.000750,-0.002624,0.000100,0.007468,-2.657644,1.617647,2.016139,-0.337785,-1.706363,0.557789,-0.215266,-0.259455,0.312478,-2.626200,0.042340,2.380353,0.575157
4.711918,-0.000000,-0.999964,0.000000,0.000000,-0.000000,-0.000000,1.000000,0.412036,0.027410,0.189895,0.992035,0.123787,0.005577,0.022631,0.414997,0.030262,0.187392,0.990793,0.133074,-0.000085,0.024912,3.092229,0.006800,0.266856,-0.001393,0.013186,-0.001041,0.001390,-0.000115,-0.005222,-2.736699,1.682521,2.019694,-0.374583,-1.747902,0.582803,-0.213545,-0.259464,0.312633,-2.626176,0.042343,2.380355,0.577081
4.761908,-0.000000,-0.999964,0.000000,0.000000,-0.000000,-0.000000,1.000000,0.412036,0.023410,0.189895,0.992035,0.123787,0.005577,0.022631,0.414980,0.030663,0.187410,0.990802,0.133005,-0.000039,0.024924,3.092192,0.006707,0.266719,-0.000229,0.004135,0.000080,0.000965,-0.001212,-0.007185,-2.672906,1.738646,1.900295,-0.405726,-1.677302,0.605150,-0.212625,-0.259493,0.312685,-2.626155,0.042341,2.380353,0.578192
4.811897,-0.000000,-0.999964,0.000000,0.000000,-0.000000,-0.000000,1.000000,0.412036,0.019410,0.189895,0.992035,0.123787,0.005577,0.022631,0.414978,0.030740,0.187413,0.990811,0.132935,-0.000028,0.024924,3.092188,0.006683,0.266578,0.000812,-0.000770,-0.000002,0.001370,-0.000844,-0.003516,-2.755347,1.646469,2.012613,-0.377222,-1.749672,0.574264,-0.212444,-0.259494,0.312690,-2.626148,0.042342,2.380355,0.578519
4.862063,-0.000000,-0.999964,0.000000,0.000000,-0.000000,-0.000000,1.000000,0.412036,0.015410,0.189895,0.992035,0.123787,0.005577,0.022631,0.414988,0.030660,0.187425,0.990828,0.132814,-0.000015,0.024910,3.092212,0.006646,0.266335,0.000099,-0.002283,-0.000521,0.001796,0.000635,-0.006286,-2.678481,1.375387,1.998380,-0.306240,-1.714758,0.468252,-0.212504,-0.259513,0.312539,-2.626148,0.042340,2.380356,0.578559
4.912052,-0.000000,-0.999964,0.000000,0.000000,-0.000000,-0.000000,1.000000,0.412036,0.011410,0.189895,0.992035,0.123787,0.005577,0.022631,0.415011,0.030396,0.187445,0.990872,0.132492,0.000001,0.024877,3.092272,0.006589,0.265686,0.000556,-0.007670,0.000223,0.000907,-0.001574,-0.016465,-2.647743,1.085953,1.974677,-0.229305,-1.677466,0.374832,-0.212807,-0.259544,0.312169,-2.626157,0.042323,2.380352,0.578558
4.962048,-0.000000,-0.999964,0.000000,0.000000,-0.000000,-0.000000,1.000000,0.412036,0.007411,0.189895,0.992035,0.123787,0.005577,0.022631,0.415053,0.029876,0.187467,0.990958,0.131858,0.000013,0.024796,3.092426,0.006514,0.264407,0.000087,-0.012425,-0.000277,0.005310,0.001924,-0.031909,-2.640095,0.826104,2.038832,-0.174848,-1.685203,0.309968,-0.213373,-0.259548,0.311401,-2.626163,0.042289,2.380344,0.578554
5.012104,-0.000000,-0.999964,0.000000,0.000000,-0.000000,-0.000000,1.000000,0.412036,0.003411,0.189895,0.992035,0.123787,0.005577,0.022631,0.415116,0.029117,0.187510,0.991081,0.130964,0.000042,0.024656,3.092689,0.006374,0.262607,0.001557,-0.017224,0.001252,0.005165,-0.002398,-0.037694,-2.552871,0.486025,2.045766,-0.110818,-1.634534,0.202188,-0.213922,-0.259561,0.309974,-2.626173,0.042199,2.380335,0.578492
5.062147,-0.000000,-0.999964,0.000000,0.000000,-0.000000,-0.000000,1.000000,0.412036,-0.000589,0.189895,0.992035,0.123787,0.005577,0.022631,0.415190,0.028060,0.187557,0.991212,0.129989,0.000051,0.024531,3.092928,0.006277,0.260641,0.001306,-0.024138,0.000690,0.009319,0.001271,-0.044972,-2.539525,0.279344,2.021265,-0.134585,-1.610175,0.159869,-0.214610,-0.259555,0.307971,-2.626197,0.041852,2.380306,0.578081
5.112714,-0.000000,-0.999964,0.000000,0.000000,-0.000000,-0.000000,1.000000,0.412036,-0.004589,0.189895,0.992035,0.123787,0.005577,0.022631,0.415257,0.026692,0.187611,0.991351,0.128966,0.000013,0.024294,3.093403,0.006240,0.258579,0.000258,-0.029937,-0.000150,0.012262,0.007579,-0.039910,-2.470118,0.017884,1.967909,-0.113088,-1.536595,0.102400,-0.215556,-0.259554,0.305381,-2.626225,0.041615,2.380165,0.576857
5.162955,-0.000000,-0.999964,0.000000,0.000000,-0.000000,-0.000000,1.000000,0.412036,-0.008589,0.189895,0.992035,0.123787,0.005577,0.022631,0.415335,0.025024,0.187673,0.991485,0.127988,-0.000041,0.024021,3.093950,0.006230,0.256607,0.001860,-0.036742,0.001131,0.007278,0.002511,-0.035988,-2.574230,-0.255511,2.206984,-0.045462,-1.640937,0.043388,-0.216821,-0.259552,0.302351,-2.626254,0.041319,2.379996,0.574839
5.213095,-0.000000,-0.999964,0.000000,0.000000,-0.000000,-0.000000,1.000000,0.412036,-0.012589,0.189895,0.992035,0.123787,0.005577,0.022631,0.415415,0.023105,0.187746,0.991634,0.126880,-0.000112,0.023734,3.094532,0.006244,0.254371,0.001637,-0.042192,0.000974,0.012306,0.003716,-0.051419,-2.388441,-0.647792,2.071787,0.043211,-1.501587,-0.082506,-0.218310,-0.259550,0.298922,-2.626276,0.040922,2.379779,0.572547
5.263000,-0.000000,-0.999964,0.000000,0.000000,-0.000000,-0.000000,1.000000,0.412036,-0.016589,0.189895,0.992035,0.123787,0.005577,0.022631,0.415492,0.021017,0.187834,0.991785,0.125755,-0.000188,0.023429,3.095150,0.006265,0.252101,0.002311,-0.044787,0.002355,0.014870,0.003045,-0.052694,-2.441489,-0.699611,2.046131,-0.005564,-1.504011,-0.074743,-0.219531,-0.259543,0.294786,-2.626295,0.040318,2.379520,0.570021
5.313183,-0.000000,-0.999964,0.000000,0.000000,-0.000000,-0.000000,1.000000,0.412036,-0.020588,0.189895,0.992035,0.123787,0.005577,0.022631,0.415540,0.018701,0.187918,0.991916,0.124778,-0.000322,0.023067,3.095894,0.006396,0.250130,0.001033,-0.047228,0.001778,0.014345,0.008464,-0.030651,-2.380071,-0.679022,1.936243,-0.093553,-1.430789,-0.056141,-0.220913,-0.259532,0.290220,-2.626322,0.039706,2.379153,0.566620
5.364204,-0.000000,-0.999964,0.000000,0.000000,-0.000000,-0.000000,1.000000,0.412036,-0.024588,0.189895,0.992035,0.123787,0.005577,0.022631,0.415578,0.016167,0.187990,0.992042,0.123865,-0.000404,0.022594,3.096848,0.006400,0.248289,-0.000523,-0.053347,-0.000625,0.019447,0.006183,-0.037524,-2.391850,-0.984482,2.025448,-0.026398,-1.480490,-0.178673,-0.222550,-0.259560,0.285293,-2.626468,0.039318,2.378954,0.562322
5.413979,-0.000000,-0.999964,0.000000,0.000000,-0.000000,-0.000000,1.000000,0.412036,-0.028588,0.189895,0.992035,0.123787,0.005577,0.022631,0.415595,0.013452,0.188033,0.992166,0.122951,-0.000491,0.022131,3.097783,0.006416,0.246447,0.001264,-0.056424,0.002154,0.017996,0.002013,-0.038294,-2.653220,-0.855202,1.990426,-0.119477,-1.595191,-0.124833,-0.224334,-0.259551,0.280086,-2.626684,0.038786,2.378850,0.557711
5.463158,-0.000000,-0.999964,0.000000,0.000000,-0.000000,-0.000000,1.000000,0.412036,-0.032588,0.189895,0.992035,0.123787,0.005577,0.022631,0.415596,0.010522,0.188070,0.992270,0.122189,-0.000598,0.021663,3.098734,0.006481,0.244909,-0.000352,-0.059289,-0.000241,0.015039,0.007466,-0.025268,-2.706847,-1.003845,1.804848,-0.109558,-1.547527,-0.194967,-0.227197,-0.259570,0.275449,-2.626895,0.038478,2.378731,0.552108
5.513208,-0.000000,-0.999964,0.000000,0.000000,-0.000000,-0.000000,1.000000,0.412036,-0.036588,0.189895,0.992035,0.123787,0.005577,0.022631,0.415621,0.007511,0.188118,0.992359,0.121541,-0.000663,0.021214,3.099637,0.006472,0.243605,0.000610,-0.062667,0.001431,0.017828,0.002698,-0.028447,-2.601975,-1.164891,1.753012,-0.047558,-1.501837,-0.272040,-0.230748,-0.259574,0.271322,-2.627038,0.038302,2.378687,0.545988
5.563267,-0.000000,-0.999964,0.000000,0.000000,-0.000000,-0.000000,1.000000,0.412036,-0.040588,0.189895,0.992035,0.123787,0.005577,0.022631,0.415626,0.004420,0.188162,0.992450,0.120882,-0.000742,0.020748,3.100577,0.006490,0.242277,0.000198,-0.065269,0.000897,0.017296,0.004193,-0.041103,-2.678673,-0.892212,1.774990,-0.158550,-1.533380,-0.178061,-0.234663,-0.259556,0.267354,-2.627146,0.038216,2.378602,0.539618
5.613987,-0.000000,-0.999964,0.000000,0.000000,-0.000000,-0.000000,1.000000,0.412036,-0.044588,0.189895,0.992035,0.123787,0.005577,0.022631,0.415636,0.001233,0.188231,0.992520,0.120376,-0.000787,0.020302,3.101469,0.006450,0.241259,-0.000120,-0.065951,0.001190,0.020352,0.004357,-0.034708,-2.764516,-0.761240,1.734785,-0.239886,-1.554244,-0.136074,-0.238828,-0.259557,0.263415,-2.627216,0.038097,2.378545,0.532741
5.664103,-0.000000,-0.999964,0.000000,0.000000,-0.000000,-0.000000,1.000000,0.412036,-0.048587,0.189895,0.992035,0.123787,0.005577,0.022631,0.415621,-0.002017,0.188298,0.992597,0.119829,-0.000809,0.019808,3.102453,0.006353,0.240159,-0.001276,-0.064420,0.000603,0.018449,0.005576,-0.018094,-2.776041,-0.908376,1.723006,-0.200404,-1.560259,-0.201154,-0.242823,-0.259549,0.259107,-2.627307,0.037990,2.378523,0.525752
5.714212,-0.000000,-0.999964,0.000000,0.000000,-0.000000,-0.000000,1.000000,0.412036,-0.052587,0.189895,0.992035,0.123787,0.005577,0.022631,0.415594,-0.005310,0.188378,0.992663,0.119353,-0.000812,0.019337,3.103387,0.006228,0.239202,-0.000982,-0.066882,0.001011,0.019146,0.003220,-0.022220,-2.719725,-0.905323,1.694658,-0.230599,-1.536064,-0.209122,-0.246651,-0.259536,0.254535,-2.627374,0.037726,2.378507,0.518650
5.764094,-0.000000,-0.999964,0.000000,0.000000,-0.000000,-0.000000,1.000000,0.412036,-0.056587,0.189895,0.992035,0.123787,0.005577,0.022631,0.415554,-0.008681,0.188480,0.992729,0.118873,-0.000786,0.018890,3.104265,0.006051,0.238240,-0.001265,-0.068587,0.002026,0.016109,0.001598,-0.016035,-2.723627,-0.853360,1.545825,-0.294090,-1.495925,-0.197141,-0.250403,-0.259542,0.249710,-2.627423,0.037318,2.378503,0.511486
5.814024,-0.000000,-0.999964,0.000000,0.000000,-0.000000,-0.000000,1.000000,0.412036,-0.060587,0.189895,0.992035,0.123787,0.005577,0.022631,0.415481,-0.012145,0.188561,0.992783,0.118484,-0.000791,0.018502,3.105034,0.005954,0.237459,-0.001721,-0.071431,0.001635,0.012504,0.001309,-0.012947,-2.670846,-1.022951,1.526238,-0.266752,-1.478100,-0.279387,-0.254962,-0.259532,0.245528,-2.627463,0.036956,2.378499,0.503923
5.864020,-0.000000,-0.999964,0.000000,0.000000,-0.000000,-0.000000,1.000000,0.412036,-0.064587,0.189895,0.992035,0.123787,0.005577,0.022631,0.415386,-0.015718,0.188641,0.992834,0.118117,-0.000791,0.018105,3.105821,0.005848,0.236721,-0.002458,-0.070863,0.001149,0.015037,0.002883,-0.009889,-2.667232,-0.849732,1.481548,-0.318358,-1.476947,-0.221920,-0.260445,-0.259528,0.242011,-2.627470,0.036868,2.378498,0.495841
5.914773,-0.000000,-0.999964,0.000000,0.000000,-0.000000,-0.000000,1.000000,0.412036,-0.068587,0.189895,0.992035,0.123787,0.005577,0.022631,0.415264,-0.019322,0.188715,0.992879,0.117790,-0.000801,0.017783,3.106460,0.005779,0.236063,-0.002683,-0.072707,0.001655,0.013006,0.002309,-0.003051,-2.625092,-0.764514,1.447086,-0.360520,-1.470178,-0.194971,-0.266425,-0.259526,0.238987,-2.627463,0.036737,2.378510,0.487688
5.964767,-0.000000,-0.999964,0.000000,0.000000,-0.000000,-0.000000,1.000000,0.412036,-0.072587,0.189895,0.992035,0.123787,0.005577,0.022631,0.415106,-0.022972,0.188786,0.992928,0.117430,-0.000805,0.017434,3.107153,0.005694,0.235342,-0.003082,-0.075710,0.001971,0.016317,0.000643,-0.028208,-2.573953,-0.576685,1.356004,-0.423409,-1.436248,-0.132494,-0.272577,-0.259523,0.236001,-2.627458,0.036703,2.378519,0.479396
6.014945,-0.000000,-0.999964,0.000000,0.000000,-0.000000,-0.000000,1.000000,0.412036,-0.076586,0.189895,0.992035,0.123787,0.005577,0.022631,0.414931,-0.026579,0.188864,0.992953,0.117268,-0.000792,0.017106,3.107800,0.005585,0.235018,-0.003847,-0.072514,0.001599,0.009484,0.002074,0.003923,-2.625300,-0.886501,1.277338,-0.299803,-1.458854,-0.270592,-0.278709,-0.259528,0.233111,-2.627440,0.036655,2.378549,0.470830
6.064977,-0.000000,-0.999964,0.000000,0.000000,-0.000000,-0.000000,1.000000,0.412036,-0.080586,0.189895,0.992035,0.123787,0.005577,0.022631,0.414731,-0.030248,0.188928,0.992973,0.117130,-0.000779,0.016874,3.108258,0.005499,0.234740,-0.004340,-0.074102,0.001725,0.007664,-0.001116,-0.010078,-2.448996,-1.050194,1.159872,-0.232553,-1.392502,-0.345542,-0.285747,-0.259532,0.231070,-2.627424,0.036647,2.378656,0.462105
6.116738,-0.000000,-0.999964,0.000000,0.000000,-0.000000,-0.000000,1.000000,0.412036,-0.084586,0.189895,0.992035,0.123787,0.005577,0.022631,0.414528,-0.033970,0.188993,0.993001,0.116913,-0.000714,0.016706,3.108574,0.005325,0.234307,-0.004019,-0.074340,0.001911,0.005958,-0.003236,-0.009583,-2.568910,-0.620214,1.017301,-0.386699,-1.448826,-0.178229,-0.293293,-0.259525,0.229461,-2.627403,0.036642,2.378911,0.453447
6.165990,-0.000000,-0.999964,0.000000,0.000000,-0.000000,-0.000000,1.000000,0.412036,-0.088586,0.189895,0.992035,0.123787,0.005577,0.022631,0.414291,-0.037669,0.189050,0.993027,0.116710,-0.000663,0.016578,3.108816,0.005186,0.233901,-0.005206,-0.074424,0.001088,0.002951,-0.000884,-0.002368,-2.498319,-0.579036,0.872700,-0.387094,-1.433822,-0.154187,-0.301043,-0.259518,0.228146,-2.627386,0.036631,2.379170,0.444847
6.216028,-0.000000,-0.999964,0.000000,0.000000,-0.000000,-0.000000,1.000000,0.412036,-0.092586,0.189895,0.992035,0.123787,0.005577,0.022631,0.414056,-0.041339,0.189115,0.993053,0.116493,-0.000579,0.016549,3.108853,0.005007,0.233467,-0.004970,-0.074394,0.000691,-0.000221,-0.003090,-0.013536,-2.461432,-1.036582,0.663861,-0.210470,-1.396383,-0.331953,-0.309362,-0.259523,0.227556,-2.627343,0.036630,2.379525,0.436402
6.265880,-0.000000,-0.999964,0.000000,0.000000,-0.000000,-0.000000,1.000000,0.412036,-0.096586,0.189895,0.992035,0.123787,0.005577,0.022631,0.413836,-0.045136,0.189237,0.993090,0.116182,-0.000490,0.016568,3.108794,0.004824,0.232844,-0.004955,-0.077043,0.002523,0.000733,-0.004633,-0.020324,-2.422174,-0.622629,0.618081,-0.354108,-1.402691,-0.155875,-0.318301,-0.259499,0.227323,-2.627085,0.036623,2.379748,0.427883
6.316050,-0.000000,-0.999964,0.000000,0.000000,-0.000000,-0.000000,1.000000,0.412036,-0.100586,0.189895,0.992035,0.123787,0.005577,0.022631,0.413592,-0.048944,0.189349,0.993117,0.115945,-0.000348,0.016594,3.108707,0.004539,0.232371,-0.004654,-0.075416,0.002631,-0.000431,-0.009407,-0.007293,-2.292346,-0.493048,0.539021,-0.404195,-1.357872,-0.103678,-0.327222,-0.259477,0.227041,-2.626896,0.036627,2.380147,0.419178
6.366040,-0.000000,-0.999964,0.000000,0.000000,-0.000000,-0.000000,1.000000,0.412036,-0.104585,0.189895,0.992035,0.123787,0.005577,0.022631,0.413345,-0.052687,0.189466,0.993138,0.115757,-0.000161,0.016671,3.108511,0.004179,0.231997,-0.004823,-0.073675,0.003585,-0.003832,-0.007731,0.000640,-2.040892,-1.058489,0.262598,-0.195037,-1.201978,-0.330308,-0.336171,-0.259471,0.226985,-2.626721,0.036619,2.380660,0.410575
6.416828,-0.000000,-0.999964,0.000000,0.000000,-0.000000,-0.000000,1.000000,0.412036,-0.108585,0.189895,0.992035,0.123787,0.005577,0.022631,0.413112,-0.056464,0.189601,0.993165,0.115514,0.000044,0.016727,3.108351,0.003778,0.231514,-0.005516,-0.078007,0.002377,-0.000887,-0.011071,-0.017173,-1.938416,-0.558766,0.291310,-0.385764,-1.207790,-0.118189,-0.345116,-0.259345,0.226824,-2.626390,0.036620,2.381154,0.401986
6.466019,-0.000000,-0.999964,0.000000,0.000000,-0.000000,-0.000000,1.000000,0.412036,-0.112585,0.189895,0.992035,0.123787,0.005577,0.022631,0.412893,-0.060269,0.189754,0.993180,0.115383,0.000275,0.016745,3.108262,0.003319,0.231259,-0.005427,-0.074367,0.002705,0.000116,-0.008636,0.000320,-1.815282,-0.628077,0.208413,-0.341235,-1.163975,-0.139441,-0.353869,-0.259099,0.226366,-2.625910,0.036619,2.381639,0.393083
6.516105,-0.000000,-0.999964,0.000000,0.000000,-0.000000,-0.000000,1.000000,0.412036,-0.116585,0.189895,0.992035,0.123787,0.005577,0.022631,0.412656,-0.064010,0.189919,0.993193,0.115261,0.000507,0.016805,3.108088,0.002867,0.231021,-0.005456,-0.074376,0.002899,-0.001422,-0.008232,-0.002545,-1.617282,-1.207325,0.068603,-0.133276,-1.047816,-0.368112,-0.362685,-0.258885,0.226165,-2.625414,0.036615,2.382108,0.384353
6.566144,-0.000000,-0.999964,0.000000,0.000000,-0.000000,-0.000000,1.000000,0.412036,-0.120585,0.189895,0.992035,0.123787,0.005577,0.022631,0.412407,-0.067828,0.190093,0.993213,0.115078,0.000806,0.016880,3.107871,0.002283,0.230662,-0.004774,-0.078155,0.004122,-0.001910,-0.019746,-0.013387,-1.428742,-0.684281,0.002862,-0.338155,-0.968388,-0.147330,-0.371603,-0.258659,0.225883,-2.624924,0.036615,2.382730,0.375565
6.616902,-0.000000,-0.999964,0.000000,0.000000,-0.000000,-0.000000,1.000000,0.412036,-0.124585,0.189895,0.992035,0.123787,0.005577,0.022631,0.412139,-0.071663,0.190239,0.993231,0.114910,0.001152,0.016935,3.107681,0.001603,0.230336,-0.005681,-0.075845,0.002586,-0.001270,-0.015354,0.002459,-1.324542,-0.837876,-0.089206,-0.278120,-0.906304,-0.201232,-0.380306,-0.258346,0.225322,-2.624474,0.036604,2.383542,0.366698
6.667006,-0.000000,-0.314503,0.000000,0.000000,-0.000000,-0.000000,1.000000,0.412036,-0.125843,0.189895,0.992035,0.123787,0.005577,0.022631,0.411886,-0.075437,0.190383,0.993242,0.114789,0.001554,0.017061,3.107338,0.000830,0.230105,-0.005055,-0.074831,0.002781,-0.005666,-0.019159,-0.000862,-1.106135,-1.316281,-0.255081,-0.101119,-0.764218,-0.386896,-0.389192,-0.258011,0.225153,-2.624026,0.036604,2.384538,0.357931
6.717121,-0.000000,0.000000,0.000000,0.000000,-0.000000,-0.000000,1.000000,0.412036,-0.125843,0.189895,0.992035,0.123787,0.005577,0.022631,0.411646,-0.079239,0.190524,0.993261,0.114599,0.001984,0.017174,3.107014,-0.000005,0.229738,-0.004371,-0.076866,0.003807,-0.001668,-0.023769,-0.013962,-0.991571,-0.802311,-0.146174,-0.308925,-0.764295,-0.178504,-0.398053,-0.257530,0.224887,-2.623462,0.036610,2.385602,0.349236
6.767995,-0.000000,0.000000,0.000000,0.000000,-0.000000,-0.000000,1.000000,0.412036,-0.125843,0.189895,0.992035,0.123787,0.005577,0.022631,0.411435,-0.082984,0.190662,0.993273,0.114486,0.002382,0.017216,3.106840,-0.000791,0.229524,-0.003310,-0.073230,0.003614,-0.002174,-0.019705,0.010533,-0.815748,-0.841386,-0.236826,-0.277093,-0.654145,-0.180673,-0.406456,-0.256800,0.224260,-2.622653,0.036601,2.386539,0.340516
6.817057,-0.000000,0.000000,0.000000,0.000000,-0.000000,-0.000000,1.000000,0.412036,-0.125843,0.189895,0.992035,0.123787,0.005577,0.022631,0.411238,-0.086581,0.190775,0.993280,0.114401,0.002759,0.017290,3.106606,-0.001526,0.229366,-0.003687,-0.070560,0.004081,-0.004066,-0.019656,-0.002322,-0.689842,-1.405749,-0.320670,-0.060687,-0.570801,-0.400816,-0.414831,-0.255966,0.224010,-2.621787,0.036603,2.387504,0.332131
6.868071,-0.000000,0.000000,0.000000,0.000000,-0.000000,-0.000000,1.000000,0.412036,-0.125843,0.189895,0.992035,0.123787,0.005577,0.022631,0.411048,-0.089929,0.190870,0.993287,0.114325,0.003119,0.017359,3.106387,-0.002227,0.229225,-0.004208,-0.066545,0.002993,-0.001318,-0.014330,-0.006931,-0.614538,-0.923071,-0.266254,-0.230196,-0.566688,-0.195823,-0.422599,-0.255111,0.223757,-2.620940,0.036602,2.388451,0.324330
6.917093,-0.000000,0.000000,0.000000,0.000000,-0.000000,-0.000000,1.000000,0.412036,-0.125843,0.189895,0.992035,0.123787,0.005577,0.022631,0.410841,-0.093068,0.190954,0.993286,0.114316,0.003464,0.017403,3.106221,-0.002902,0.229221,-0.004510,-0.059463,0.001867,0.000086,-0.012129,-0.009224,-0.567881,-1.038026,-0.267593,-0.179438,-0.548954,-0.245743,-0.429678,-0.254300,0.223291,-2.620166,0.036605,2.389358,0.316870
6.968117,-0.000000,0.000000,0.000000,0.000000,-0.000000,-0.000000,1.000000,0.412036,-0.125843,0.189895,0.992035,0.123787,0.005577,0.022631,0.410633,-0.095873,0.191023,0.993288,0.114279,0.003802,0.017464,3.106023,-0.003561,0.229158,-0.004267,-0.053374,0.002137,-0.002610,-0.013913,-0.004683,-0.562117,-1.353709,-0.257571,-0.063647,-0.551602,-0.374304,-0.436000,-0.253613,0.222883,-2.619546,0.036607,2.390271,0.310274
7.018039,-0.000000,0.000000,0.000000,0.000000,-0.000000,-0.000000,1.000000,0.412036,-0.125843,0.189895,0.992035,0.123787,0.005577,0.022631,0.410453,-0.098444,0.191081,0.993285,0.114272,0.004180,0.017600,3.105665,-0.004281,0.229159,-0.003892,-0.047691,0.000387,-0.002294,-0.010160,-0.002150,-0.653080,-1.398973,-0.202569,-0.058290,-0.607208,-0.398885,-0.442053,-0.253010,0.222835,-2.619059,0.036601,2.391359,0.304233
7.069008,-0.000000,0.000000,0.000000,0.000000,-0.000000,-0.000000,1.000000,0.412036,-0.125843,0.189895,0.992035,0.123787,0.005577,0.022631,0.410333,-0.100792,0.191125,0.993286,0.114241,0.004513,0.017675,3.105440,-0.004926,0.229109,-0.002979,-0.045122,0.000467,0.002133,-0.006760,-0.000828,-0.466861,-1.012131,-0.224450,-0.193998,-0.519820,-0.218591,-0.447454,-0.252226,0.222649,-2.618396,0.036608,2.392298,0.298761
7.119188,-0.000000,0.000000,0.000000,0.000000,-0.000000,-0.000000,1.000000,0.412036,-0.125843,0.189895,0.992035,0.123787,0.005577,0.022631,0.410251,-0.102914,0.191130,0.993290,0.114193,0.004773,0.017683,3.105366,-0.005443,0.229022,-0.001039,-0.039202,0.000249,0.003138,-0.007379,0.002256,-0.530661,-1.181827,-0.202137,-0.136686,-0.542500,-0.290970,-0.452180,-0.251252,0.222304,-2.617620,0.036602,2.393100,0.293855
7.170336,-0.000000,0.000000,0.000000,0.000000,-0.000000,-0.000000,1.000000,0.412036,-0.125843,0.189895,0.992035,0.123787,0.005577,0.022631,0.410245,-0.104823,0.191095,0.993306,0.114058,0.004991,0.017588,3.105505,-0.005904,0.228759,-0.000647,-0.035929,-0.001233,0.007810,-0.001267,-0.002942,-0.407253,-1.205166,-0.157649,-0.153230,-0.494126,-0.285936,-0.456071,-0.249979,0.221595,-2.616638,0.036597,2.393800,0.289613
7.221107,0.240400,0.000000,0.000000,0.000000,-0.000000,-0.000000,1.000000,0.412998,-0.125843,0.189895,0.992035,0.123787,0.005577,0.022631,0.410295,-0.106526,0.191048,0.993316,0.113980,0.005183,0.017462,3.105711,-0.006317,0.228608,0.000390,-0.033543,-0.001153,0.006627,-0.003318,-0.006096,-0.411033,-1.327297,-0.177813,-0.118972,-0.477482,-0.330245,-0.459443,-0.248599,0.220858,-2.615561,0.036598,2.394422,0.285750
7.272092,0.999964,0.000000,0.000000,0.000000,-0.000000,-0.000000,1.000000,0.416998,-0.125843,0.189895,0.992035,0.123787,0.005577,0.022631,0.410361,-0.108175,0.190985,0.993322,0.113932,0.005353,0.017401,3.105795,-0.006670,0.228518,0.001670,-0.032487,0.000077,0.001820,-0.008319,0.005427,-0.277501,-1.405318,-0.287137,-0.094315,-0.375013,-0.352227,-0.463178,-0.247190,0.220692,-2.614475,0.036594,2.395090,0.282021
7.320896,0.999964,0.000000,0.000000,0.000000,-0.000000,-0.000000,1.000000,0.420998,-0.125843,0.189895,0.992035,0.123787,0.005577,0.022631,0.410429,-0.109685,0.190909,0.993328,0.113873,0.005522,0.017363,3.105833,-0.007016,0.228404,0.002388,-0.029647,-0.000947,-0.000179,-0.013314,-0.003681,-0.451889,-1.309493,-0.199278,-0.135593,-0.471294,-0.336773,-0.466723,-0.245852,0.220690,-2.613486,0.036597,2.395796,0.278656
7.371283,0.999964,0.000000,0.000000,0.000000,-0.000000,-0.000000,1.000000,0.424997,-0.125843,0.189895,0.992035,0.123787,0.005577,0.022631,0.410595,-0.110988,0.190898,0.993340,0.113755,0.005799,0.017361,3.105773,-0.007571,0.228177,0.005727,-0.024275,0.001759,-0.002490,-0.022652,0.002005,-0.529478,-1.281843,-0.176864,-0.146293,-0.504942,-0.328062,-0.469629,-0.244623,0.220582,-2.612474,0.036598,2.396578,0.275945
7.421203,0.999964,0.000000,0.000000,0.000000,-0.000000,-0.000000,1.000000,0.428997,-0.125843,0.189895,0.992035,0.123787,0.005577,0.022631,0.410871,-0.112175,0.190944,0.993342,0.113724,0.006119,0.017372,3.105679,-0.008206,0.228127,0.006158,-0.021356,0.001433,-0.001657,-0.016810,0.006011,-0.608200,-1.211274,-0.086202,-0.165940,-0.574317,-0.297193,-0.472246,-0.243322,0.220510,-2.611235,0.036595,2.397286,0.273394
7.470907,0.999964,0.000000,0.000000,0.000000,-0.000000,-0.000000,1.000000,0.432997,-0.125843,0.189895,0.992035,0.123787,0.005577,0.022631,0.411321,-0.113194,0.191051,0.993352,0.113605,0.006554,0.017416,3.105494,-0.009063,0.227904,0.008683,-0.019140,0.000711,0.002360,-0.013495,-0.002137,-0.600392,-1.157888,0.014246,-0.208117,-0.607848,-0.270331,-0.474447,-0.241887,0.220498,-2.609732,0.036591,2.398083,0.271508
7.520098,0.999964,0.000000,0.000000,0.000000,-0.000000,-0.000000,1.000000,0.436997,-0.125843,0.189895,0.992035,0.123787,0.005577,0.022631,0.411948,-0.114095,0.191168,0.993359,0.113497,0.007118,0.017479,3.105242,-0.010173,0.227710,0.012085,-0.015179,0.000246,0.002203,-0.017577,0.002236,-0.355094,-1.266101,-0.049904,-0.180537,-0.487917,-0.292084,-0.476282,-0.240178,0.220472,-2.607996,0.036587,2.399160,0.269967
7.570096,0.999964,0.000000,0.000000,0.000000,-0.000000,-0.000000,1.000000,0.440997,-0.125843,0.189895,0.992035,0.123787,0.005577,0.022631,0.412803,-0.114854,0.191249,0.993363,0.113406,0.007807,0.017535,3.104975,-0.011533,0.227555,0.016892,-0.013595,-0.001591,0.003372,-0.026287,-0.002981,-0.318261,-1.310666,-0.230447,-0.174029,-0.402661,-0.308621,-0.477698,-0.237956,0.220444,-2.605917,0.036578,2.400611,0.268832
7.621217,0.999964,0.000000,0.000000,0.000000,-0.000000,-0.000000,1.000000,0.444997,-0.125843,0.189895,0.992035,0.123787,0.005577,0.022631,0.413973,-0.115553,0.191252,0.993368,0.113313,0.008556,0.017511,3.104852,-0.013031,0.227396,0.025407,-0.014569,-0.000336,0.006595,-0.028104,-0.000462,-0.274045,-1.321839,-0.413303,-0.198563,-0.294443,-0.314961,-0.478891,-0.234716,0.220429,-2.603064,0.036541,2.402330,0.268001
7.670220,0.999964,0.000000,0.000000,0.000000,-0.000000,-0.000000,1.000000,0.448997,-0.125843,0.189895,0.992035,0.123787,0.005577,0.022631,0.415421,-0.116234,0.191212,0.993366,0.113294,0.009169,0.017456,3.104823,-0.014262,0.227382,0.030722,-0.011969,-0.000858,0.005286,-0.024073,0.005085,-0.228192,-1.426975,-0.309344,-0.279287,-0.263500,-0.358539,-0.479881,-0.230421,0.220400,-2.599194,0.036088,2.403788,0.267556
7.720245,0.999964,0.000000,0.000000,0.000000,-0.000000,-0.000000,1.000000,0.452996,-0.125843,0.189895,0.992035,0.123787,0.005577,0.022631,0.417100,-0.116842,0.191185,0.993365,0.113270,0.009777,0.017301,3.104993,-0.015505,0.227357,0.035178,-0.013553,-0.000120,0.010126,-0.030472,-0.006306,-0.568002,-1.263091,0.117891,-0.428073,-0.531838,-0.333545,-0.480575,-0.225488,0.220295,-2.594593,0.035658,2.405044,0.267348
7.770160,0.999964,0.000000,0.000000,0.000000,-0.000000,-0.000000,1.000000,0.456996,-0.125843,0.189895,0.992035,0.123787,0.005577,0.022631,0.418988,-0.117391,0.191080,0.993364,0.113263,0.010397,0.017060,3.105331,-0.016793,0.227364,0.037732,-0.012199,-0.001487,0.009788,-0.020993,0.004400,-0.192766,-1.404704,-0.145198,-0.381391,-0.263679,-0.361698,-0.481133,-0.219820,0.220242,-2.589449,0.035260,2.406431,0.267293
7.820968,0.999964,0.000000,0.000000,0.000000,-0.000000,-0.000000,1.000000,0.460996,-0.125843,0.189895,0.992035,0.123787,0.005577,0.022631,0.421012,-0.117909,0.191041,0.993364,0.113250,0.011027,0.016748,3.105808,-0.018115,0.227356,0.041374,-0.011427,0.001328,0.015326,-0.023545,0.002232,-0.054501,-1.350346,-0.265725,-0.429880,-0.151932,-0.338666,-0.481621,-0.213914,0.220211,-2.583813,0.034983,2.407518,0.267263
7.870855,0.999964,0.000000,0.000000,0.000000,-0.000000,-0.000000,1.000000,0.464996,-0.125843,0.189895,0.992035,0.123787,0.005577,0.022631,0.423247,-0.118405,0.191111,0.993354,0.113340,0.011579,0.016382,3.106409,-0.019291,0.227553,0.046351,-0.010356,0.002385,0.017720,-0.020314,0.007531,-0.108474,-1.391290,-0.955043,-0.410678,0.127187,-0.379677,-0.481992,-0.207547,0.220196,-2.577278,0.034598,2.407973,0.267256
7.920262,0.999964,0.000000,0.000000,0.000000,-0.000000,-0.000000,1.000000,0.468996,-0.125843,0.189895,0.992035,0.123787,0.005577,0.022631,0.425657,-0.118879,0.191177,0.993343,0.113454,0.012052,0.015886,3.107283,-0.020340,0.227792,0.048900,-0.010115,0.000836,0.025985,-0.014440,0.004658,-0.146300,-1.325870,-0.417974,-0.530157,-0.067920,-0.376954,-0.482283,-0.200571,0.220178,-2.570014,0.034269,2.408050,0.267250
7.970918,0.999964,0.000000,0.000000,0.000000,-0.000000,-0.000000,1.000000,0.472996,-0.125843,0.189895,0.992035,0.123787,0.005577,0.022631,0.428185,-0.119322,0.191107,0.993328,0.113615,0.012514,0.015322,3.108295,-0.021382,0.228122,0.049443,-0.010506,-0.002697,0.027431,-0.014058,0.003065,0.175177,-1.305448,0.049548,-0.633638,-0.119167,-0.343946,-0.482486,-0.192988,0.220170,-2.562470,0.033931,2.408367,0.267259
8.020899,0.999964,0.000000,0.000000,0.000000,-0.000000,-0.000000,1.000000,0.476996,-0.125843,0.189895,0.992035,0.123787,0.005577,0.022631,0.430843,-0.119768,0.191141,0.993295,0.113897,0.013105,0.014875,3.109042,-0.022649,0.228703,0.054262,-0.008916,0.001047,0.019317,-0.024251,0.015942,0.228388,-1.286069,-0.454568,-0.656314,0.103085,-0.350253,-0.482576,-0.185447,0.220166,-2.554696,0.033425,2.408739,0.267258
8.070940,0.999964,0.000000,0.000000,0.000000,-0.000000,-0.000000,1.000000,0.480995,-0.125843,0.189895,0.992035,0.123787,0.005577,0.022631,0.433735,-0.120207,0.191209,0.993257,0.114231,0.013652,0.014334,3.109985,-0.023848,0.229384,0.056285,-0.010418,0.000181,0.023082,-0.016222,0.012904,0.123391,-1.218080,-1.143409,-0.635506,0.390571,-0.356952,-0.482592,-0.177256,0.220173,-2.546030,0.032904,2.408701,0.267260
8.121100,0.999964,0.000000,0.000000,0.000000,-0.000000,-0.000000,1.000000,0.484995,-0.125843,0.189895,0.992035,0.123787,0.005577,0.022631,0.436586,-0.120645,0.191106,0.993213,0.114621,0.014118,0.013786,3.110957,-0.024887,0.230174,0.059502,-0.010638,-0.001933,0.022967,-0.021591,0.015479,-0.057198,-0.999983,0.223810,-0.907660,-0.222370,-0.307935,-0.482589,-0.168790,0.220173,-2.537489,0.032230,2.408905,0.267259
8.171187,0.999964,0.000000,0.000000,0.000000,-0.000000,-0.000000,1.000000,0.488995,-0.125843,0.189895,0.992035,0.123787,0.005577,0.022631,0.439574,-0.121116,0.191049,0.993163,0.115048,0.014647,0.013270,3.111850,-0.026043,0.231040,0.057794,-0.010304,-0.000383,0.020803,-0.013072,0.021885,0.412062,-1.041061,-0.431357,-0.849748,0.217476,-0.284187,-0.482588,-0.160110,0.220189,-2.528555,0.031468,2.409065,0.267255
8.221236,0.999964,0.000000,0.000000,0.000000,-0.000000,-0.000000,1.000000,0.492995,-0.125843,0.189895,0.992035,0.123787,0.005577,0.022631,0.442745,-0.121589,0.191104,0.993111,0.115473,0.015275,0.012744,3.112737,-0.027399,0.231903,0.062716,-0.010740,-0.002131,0.025917,-0.018626,0.018146,0.400297,-0.859533,-1.039730,-0.868473,0.519925,-0.223742,-0.482590,-0.151267,0.220278,-2.519079,0.030791,2.409018,0.267260
8.272017,0.999964,0.000000,0.000000,0.000000,-0.000000,-0.000000,1.000000,0.496995,-0.125843,0.189895,0.992035,0.123787,0.005577,0.022631,0.445842,-0.122017,0.190934,0.993054,0.115972,0.015718,0.012156,3.113789,-0.028401,0.232909,0.064828,-0.010553,-0.000986,0.022609,-0.025262,0.019935,0.749792,-0.749687,0.115282,-1.052014,0.175266,-0.150596,-0.482584,-0.142056,0.220432,-2.509704,0.029975,2.409044,0.267268
8.323159,0.999964,0.000000,0.000000,0.000000,-0.000000,-0.000000,1.000000,0.500995,-0.125843,0.189895,0.992035,0.123787,0.005577,0.022631,0.449099,-0.122441,0.190929,0.992991,0.116475,0.016352,0.011620,3.114691,-0.029772,0.233928,0.065716,-0.008812,0.003186,0.023592,-0.025130,0.022633,0.171282,-0.485110,-0.846471,-1.051982,0.364707,-0.110448,-0.482577,-0.132970,0.220676,-2.499994,0.029269,2.409005,0.267268
8.373252,0.999964,0.000000,0.000000,0.000000,-0.000000,-0.000000,1.000000,0.504995,-0.125843,0.189895,0.992035,0.123787,0.005577,0.022631,0.452442,-0.122834,0.190916,0.992918,0.117056,0.017003,0.011100,3.115554,-0.031173,0.235104,0.063076,-0.007857,-0.004369,0.027061,-0.010484,0.026417,0.593771,-0.519835,-0.467787,-1.090361,0.399670,-0.086120,-0.482561,-0.123712,0.221032,-2.490057,0.028492,2.408952,0.267271
8.423010,0.999964,0.000000,0.000000,0.000000,-0.000000,-0.000000,1.000000,0.508994,-0.125843,0.189895,0.992035,0.123787,0.005577,0.022631,0.455735,-0.123191,0.190752,0.992842,0.117662,0.017574,0.010539,3.116514,-0.032421,0.236327,0.069088,-0.008949,-0.000898,0.020578,-0.029652,0.029674,0.883439,-0.417276,-0.008895,-1.198385,0.304308,-0.018337,-0.482534,-0.114270,0.221435,-2.480243,0.027674,2.409020,0.267286
8.474064,0.999964,0.000000,0.000000,0.000000,-0.000000,-0.000000,1.000000,0.512994,-0.125843,0.189895,0.992035,0.123787,0.005577,0.022631,0.459231,-0.123580,0.190795,0.992749,0.118371,0.018297,0.010121,3.117149,-0.033939,0.237766,0.070620,-0.007968,0.001953,0.019635,-0.030887,0.031014,0.359104,-0.240009,-1.256488,-1.162606,0.670844,-0.022465,-0.482499,-0.104878,0.221921,-2.469892,0.026641,2.408895,0.267330
8.524100,0.999964,0.000000,0.000000,0.000000,-0.000000,-0.000000,1.000000,0.516994,-0.125843,0.189895,0.992035,0.123787,0.005577,0.022631,0.462754,-0.123910,0.190666,0.992649,0.119160,0.018844,0.009667,3.117893,-0.035114,0.239359,0.068617,-0.007618,-0.001735,0.013799,-0.023108,0.031418,0.804146,-0.277102,0.085490,-1.316329,0.330987,-0.022870,-0.482383,-0.094979,0.222489,-2.459302,0.025335,2.408671,0.267560
8.574070,0.999964,0.000000,0.000000,0.000000,-0.000000,-0.000000,1.000000,0.520994,-0.125843,0.189895,0.992035,0.123787,0.005577,0.022631,0.466291,-0.124211,0.190549,0.992548,0.119924,0.019506,0.009299,3.118438,-0.036500,0.240907,0.069861,-0.006307,-0.000111,0.015614,-0.021344,0.035179,0.382505,0.134618,-0.263118,-1.479119,0.328416,0.072721,-0.482173,-0.085263,0.223062,-2.448886,0.023961,2.408720,0.267962
8.623793,0.999964,0.000000,0.000000,0.000000,-0.000000,-0.000000,1.000000,0.524994,-0.125843,0.189895,0.992035,0.123787,0.005577,0.022631,0.469883,-0.124456,0.190583,0.992443,0.120695,0.020257,0.008897,3.119025,-0.038069,0.242470,0.070363,-0.004308,-0.001795,0.019920,-0.026457,0.035587,1.107583,-0.041608,-0.722709,-1.372379,0.872912,0.050896,-0.481921,-0.075828,0.223697,-2.438286,0.022844,2.408442,0.268247
8.674330,0.999964,0.000000,0.000000,0.000000,-0.000000,-0.000000,1.000000,0.528994,-0.125843,0.189895,0.992035,0.123787,0.005577,0.022631,0.473352,-0.124625,0.190393,0.992351,0.121372,0.020957,0.008308,3.119998,-0.039586,0.243834,0.070572,-0.005116,-0.003450,0.027003,-0.029986,0.028417,1.060295,0.255478,0.550058,-1.628124,0.305795,0.169438,-0.481762,-0.066278,0.224426,-2.428086,0.022144,2.408439,0.268389
8.724087,0.999964,0.000000,0.000000,0.000000,-0.000000,-0.000000,1.000000,0.532994,-0.125843,0.189895,0.992035,0.123787,0.005577,0.022631,0.477068,-0.124840,0.190410,0.992249,0.122081,0.021868,0.007792,3.120771,-0.041507,0.245272,0.073394,-0.005952,0.001763,0.021235,-0.036393,0.029412,0.433052,0.393510,-0.862866,-1.556398,0.710877,0.145275,-0.481669,-0.056659,0.225246,-2.417233,0.021436,2.408296,0.268484
8.773624,0.999964,0.000000,0.000000,0.000000,-0.000000,-0.000000,1.000000,0.536993,-0.125843,0.189895,0.992035,0.123787,0.005577,0.022631,0.480758,-0.124976,0.190313,0.992149,0.122776,0.022671,0.007183,3.121752,-0.043236,0.246673,0.070572,-0.003630,-0.003755,0.029321,-0.024226,0.022632,1.474140,0.063859,-0.155095,-1.511213,0.863154,0.108537,-0.481503,-0.046843,0.226115,-2.406336,0.020766,2.408025,0.268680
8.824149,0.999964,0.000000,0.000000,0.000000,-0.000000,-0.000000,1.000000,0.540993,-0.125843,0.189895,0.992035,0.123787,0.005577,0.022631,0.484417,-0.125117,0.190178,0.992049,0.123446,0.023550,0.006672,3.122519,-0.045093,0.248028,0.073430,-0.002445,-0.000964,0.022491,-0.031502,0.032268,0.659679,0.600052,0.328918,-1.814261,0.337328,0.248534,-0.481228,-0.037174,0.226893,-2.395710,0.019932,2.408097,0.269035
8.874075,0.999964,0.000000,0.000000,0.000000,-0.000000,-0.000000,1.000000,0.544993,-0.125843,0.189895,0.992035,0.123787,0.005577,0.022631,0.488145,-0.125231,0.190219,0.991951,0.124099,0.024393,0.006169,3.123279,-0.046879,0.249347,0.072114,-0.001806,-0.003717,0.023130,-0.028885,0.034247,1.202751,0.406570,0.178452,-1.734419,0.667883,0.209507,-0.481019,-0.027652,0.227836,-2.384630,0.019047,2.407507,0.269545
8.924054,0.999964,0.000000,0.000000,0.000000,-0.000000,-0.000000,1.000000,0.548993,-0.125843,0.189895,0.992035,0.123787,0.005577,0.022631,0.491805,-0.125308,0.190110,0.991862,0.124654,0.025280,0.005698,3.123964,-0.048747,0.250471,0.075480,-0.003578,0.000555,0.021069,-0.045842,0.019922,1.606630,0.565574,0.085804,-1.788904,0.895176,0.321717,-0.480740,-0.018143,0.228762,-2.373980,0.018098,2.407442,0.270322
8.973994,0.999964,0.000000,0.000000,0.000000,-0.000000,-0.000000,1.000000,0.552993,-0.125843,0.189895,0.992035,0.123787,0.005577,0.022631,0.495617,-0.125410,0.190108,0.991758,0.125303,0.026247,0.005222,3.124634,-0.050774,0.251787,0.075173,-0.003308,-0.000756,0.024234,-0.030362,0.026059,0.738212,0.689889,-0.446662,-1.795144,0.839428,0.256785,-0.480460,-0.008488,0.229695,-2.362799,0.017176,2.407127,0.270874
9.024056,0.999964,0.000000,0.000000,0.000000,-0.000000,-0.000000,1.000000,0.556993,-0.125843,0.189895,0.992035,0.123787,0.005577,0.022631,0.499325,-0.125487,0.189980,0.991665,0.125880,0.027082,0.004682,3.125466,-0.052557,0.252949,0.071945,-0.002902,-0.003627,0.023990,-0.030226,0.023871,1.573254,0.566843,0.769622,-1.887185,0.628964,0.292289,-0.479914,0.001224,0.230354,-2.351768,0.016238,2.406722,0.271551
9.074122,0.601692,0.000000,0.000000,0.000000,-0.000000,-0.000000,1.000000,0.559400,-0.125843,0.189895,0.992035,0.123787,0.005577,0.022631,0.503133,-0.125611,0.189964,0.991562,0.126481,0.028108,0.004184,3.126161,-0.054711,0.254167,0.074433,-0.004207,-0.000073,0.027733,-0.034109,0.024039,0.849560,0.860824,0.027360,-1.928410,0.717438,0.333332,-0.479313,0.010825,0.230903,-2.340574,0.015419,2.406432,0.272012
9.124170,-0.000000,0.000000,0.000000,0.000000,-0.000000,-0.000000,1.000000,0.559400,-0.125843,0.189895,0.992035,0.123787,0.005577,0.022631,0.506967,-0.125753,0.189882,0.991460,0.127082,0.029046,0.003601,3.127045,-0.056711,0.255376,0.071062,-0.003186,-0.003924,0.025122,-0.036226,0.023072,1.767444,0.705476,0.479690,-1.909190,0.890562,0.370916,-0.478854,0.020722,0.231551,-2.329070,0.014622,2.405890,0.272387
9.174156,-0.000000,0.000000,0.000000,0.000000,-0.000000,-0.000000,1.000000,0.559400,-0.125843,0.189895,0.992035,0.123787,0.005577,0.022631,0.510645,-0.125896,0.189827,0.991357,0.127665,0.030055,0.003138,3.127673,-0.058823,0.256556,0.073214,-0.004981,0.003235,0.022214,-0.036487,0.021931,1.941256,0.762936,-0.573721,-1.828677,1.459355,0.412042,-0.478374,0.030029,0.232153,-2.318206,0.013763,2.405632,0.272797
9.224953,-0.000000,0.000000,0.000000,0.000000,-0.000000,-0.000000,1.000000,0.559400,-0.125843,0.189895,0.992035,0.123787,0.005577,0.022631,0.514260,-0.126035,0.189787,0.991262,0.128251,0.030738,0.002651,3.128429,-0.060296,0.257730,0.068842,-0.003808,-0.005894,0.019549,-0.012222,0.028912,1.133392,1.114847,0.770196,-2.146527,0.546301,0.473086,-0.477567,0.039431,0.232468,-2.306911,0.012569,2.404415,0.273467
9.274147,-0.000000,0.000000,0.000000,0.000000,-0.000000,-0.000000,1.000000,0.559400,-0.125843,0.189895,0.992035,0.123787,0.005577,0.022631,0.517702,-0.126146,0.189570,0.991164,0.128859,0.031380,0.002326,3.128869,-0.061644,0.258957,0.064241,-0.000751,-0.004894,0.013824,-0.016208,0.031998,1.840437,0.890274,0.675999,-2.066710,0.880969,0.436104,-0.476601,0.048621,0.232697,-2.296349,0.010955,2.403771,0.274443
9.324822,-0.147734,0.000000,0.000000,0.000000,-0.000000,-0.000000,1.000000,0.558809,-0.125843,0.189895,0.992035,0.123787,0.005577,0.022631,0.521018,-0.126258,0.189591,0.991076,0.129414,0.031874,0.002093,3.129169,-0.062679,0.260079,0.063549,-0.001236,-0.000711,0.010476,-0.009031,0.029049,1.665920,1.017918,-0.589201,-1.955866,1.436879,0.465892,-0.475533,0.057153,0.232841,-2.285770,0.009144,2.402263,0.275679
9.374931,-0.814704,0.000000,0.000000,0.000000,-0.000000,-0.000000,1.000000,0.555550,-0.125843,0.189895,0.992035,0.123787,0.005577,0.022631,0.524059,-0.126354,0.189457,0.991001,0.129930,0.032101,0.002008,3.129246,-0.063144,0.261123,0.057503,-0.000355,-0.006778,-0.002065,-0.004418,0.021941,1.325729,1.071121,1.370771,-2.180377,0.366228,0.445786,-0.474683,0.065393,0.233243,-2.275844,0.006707,2.400733,0.277471
9.424980,-0.999964,0.000000,0.000000,0.000000,-0.000000,-0.000000,1.000000,0.551550,-0.125843,0.189895,0.992035,0.123787,0.005577,0.022631,0.526865,-0.126500,0.189347,0.990934,0.130413,0.032197,0.002348,3.128515,-0.063240,0.262123,0.052480,-0.000097,-0.002149,-0.012072,0.005655,0.023888,1.740863,1.107825,0.378507,-2.022220,1.007147,0.515834,-0.474041,0.072957,0.233907,-2.266673,0.003156,2.399359,0.280174
9.475332,-0.999964,0.000000,0.000000,0.000000,-0.000000,-0.000000,1.000000,0.547550,-0.125843,0.189895,0.992035,0.123787,0.005577,0.022631,0.529380,-0.126504,0.189447,0.990885,0.130805,0.032110,0.002487,3.128237,-0.063027,0.262921,0.048891,0.000453,0.000468,-0.001850,0.009662,0.014932,1.888006,1.110530,-0.099939,-1.906405,1.317724,0.534639,-0.473050,0.079532,0.234269,-2.257943,0.000318,2.396979,0.282608
9.527056,-0.999964,0.000000,0.000000,0.000000,-0.000000,-0.000000,1.000000,0.543550,-0.125843,0.189895,0.992035,0.123787,0.005577,0.022631,0.531555,-0.126478,0.189384,0.990848,0.131171,0.031762,0.002416,3.128447,-0.062349,0.263645,0.039675,0.000829,-0.004284,0.004272,0.014457,0.016856,2.234243,1.054661,0.916726,-1.995158,0.981349,0.544448,-0.471902,0.085770,0.234307,-2.249897,-0.002048,2.394311,0.284591
9.577023,-0.999964,0.000000,0.000000,0.000000,-0.000000,-0.000000,1.000000,0.539550,-0.125843,0.189895,0.992035,0.123787,0.005577,0.022631,0.533310,-0.126451,0.189311,0.990804,0.131553,0.031568,0.002248,3.128808,-0.062003,0.264401,0.032637,0.001040,-0.001308,0.009867,0.011168,0.016177,1.825031,1.224419,0.982996,-2.077557,0.819155,0.579907,-0.471004,0.090795,0.234298,-2.243479,-0.003529,2.392305,0.285631
9.626132,-0.999964,0.000000,0.000000,0.000000,-0.000000,-0.000000,1.000000,0.535550,-0.125843,0.189895,0.992035,0.123787,0.005577,0.022631,0.534684,-0.126465,0.189300,0.990762,0.131922,0.031354,0.001974,3.129385,-0.061647,0.265122,0.023597,-0.001330,0.001065,0.008757,0.006649,0.010658,2.255864,1.034639,0.441690,-1.933814,1.285891,0.539916,-0.470431,0.094788,0.234297,-2.238164,-0.004362,2.390281,0.285944
9.677306,-0.999964,0.000000,0.000000,0.000000,-0.000000,-0.000000,1.000000,0.531551,-0.125843,0.189895,0.992035,0.123787,0.005577,0.022631,0.535595,-0.126521,0.189292,0.990734,0.132198,0.031101,0.001730,3.129919,-0.061207,0.265659,0.014702,-0.000694,-0.000503,0.007527,0.014438,0.012064,1.896250,1.110325,0.778206,-2.003639,0.991186,0.543471,-0.470144,0.097594,0.234300,-2.234351,-0.004899,2.388547,0.285982
9.727804,-0.999964,0.000000,0.000000,0.000000,-0.000000,-0.000000,1.000000,0.527551,-0.125843,0.189895,0.992035,0.123787,0.005577,0.022631,0.536093,-0.126563,0.189298,0.990717,0.132377,0.030878,0.001581,3.130265,-0.060802,0.266005,0.007942,0.000331,0.000038,0.001017,0.006888,0.011866,2.456136,0.947840,0.652432,-1.905372,1.274057,0.547721,-0.469997,0.099203,0.234303,-2.232082,-0.005258,2.387317,0.285984
9.776862,-0.999964,0.000000,0.000000,0.000000,-0.000000,-0.000000,1.000000,0.523551,-0.125843,0.189895,0.992035,0.123787,0.005577,0.022631,0.536222,-0.126576,0.189306,0.990705,0.132531,0.030608,0.001534,3.130419,-0.060278,0.266308,-0.001416,0.000940,-0.001430,-0.000187,0.017336,0.007547,2.124861,0.989757,0.824178,-1.954612,1.065878,0.536253,-0.469904,0.099812,0.234291,-2.231099,-0.005607,2.386388,0.285988
9.826985,-0.999964,0.000000,0.000000,0.000000,-0.000000,-0.000000,1.000000,0.519551,-0.125843,0.189895,0.992035,0.123787,0.005577,0.022631,0.536087,-0.126571,0.189320,0.990697,0.132670,0.030245,0.001531,3.130514,-0.059557,0.266578,-0.004414,0.000038,-0.001414,-0.001324,0.021412,0.006894,1.994684,0.998185,0.749994,-1.959416,1.055580,0.528544,-0.469879,0.099771,0.234289,-2.230901,-0.005953,2.385467,0.285985
9.877072,-0.999964,0.000000,0.000000,0.000000,-0.000000,-0.000000,1.000000,0.515551,-0.125843,0.189895,0.992035,0.123787,0.005577,0.022631,0.535793,-0.126567,0.189206,0.990699,0.132794,0.029649,0.001453,3.130820,-0.058393,0.266807,-0.005688,0.000346,-0.002583,0.002248,0.027567,0.004269,1.525774,1.029620,0.848028,-2.009312,0.821780,0.489847,-0.469882,0.099764,0.234251,-2.230890,-0.006343,2.384277,0.285987
9.927085,-0.999964,0.000000,0.000000,0.000000,-0.000000,-0.000000,1.000000,0.511551,-0.125843,0.189895,0.992035,0.123787,0.005577,0.022631,0.535327,-0.126587,0.189053,0.990711,0.132906,0.028747,0.001307,3.131346,-0.056644,0.267001,-0.008888,-0.000586,-0.002332,-0.000121,0.040676,0.004119,1.127065,1.036183,0.846571,-2.039787,0.678100,0.440927,-0.469893,0.099690,0.234127,-2.230888,-0.006822,2.382414,0.285991
9.977044,-0.999964,0.000000,0.000000,0.000000,-0.000000,-0.000000,1.000000,0.507551,-0.125843,0.189895,0.992035,0.123787,0.005577,0.022631,0.534679,-0.126641,0.188891,0.990730,0.133017,0.027544,0.001114,3.132043,-0.054307,0.267186,-0.012429,-0.000743,-0.003808,0.002896,0.054189,0.004345,0.953984,1.049139,0.952672,-2.088541,0.578122,0.426213,-0.469898,0.099474,0.233895,-2.230918,-0.007419,2.379847,0.285988
10.027021,-0.999964,0.000000,0.000000,0.000000,-0.000000,-0.000000,1.000000,0.503552,-0.125843,0.189895,0.992035,0.123787,0.005577,0.022631,0.533864,-0.126712,0.188760,0.990767,0.133043,0.026077,0.000818,3.133021,-0.051478,0.267189,-0.014407,-0.002104,-0.000899,0.004575,0.058967,-0.004481,0.468932,1.133412,1.075768,-2.144273,0.336012,0.413306,-0.469915,0.099062,0.233567,-2.230946,-0.007926,2.376523,0.285995
10.077014,-0.999964,0.000000,0.000000,0.000000,-0.000000,-0.000000,1.000000,0.499552,-0.125843,0.189895,0.992035,0.123787,0.005577,0.022631,0.532873,-0.126776,0.188674,0.990812,0.133034,0.024368,0.000445,3.134219,-0.048189,0.267117,-0.018013,-0.001067,-0.000470,0.005736,0.070679,0.000034,-0.047869,1.144372,0.937780,-2.129441,0.191966,0.369847,-0.469983,0.098367,0.233232,-2.231060,-0.008378,2.372504,0.285987
10.127199,-0.999964,0.000000,0.000000,0.000000,-0.000000,-0.000000,1.000000,0.495552,-0.125843,0.189895,0.992035,0.123787,0.005577,0.022631,0.531715,-0.126885,0.188615,0.990863,0.132982,0.022516,0.000079,3.135442,-0.044615,0.266959,-0.022542,-0.002271,-0.001670,0.005197,0.078653,-0.004523,-0.579057,1.133539,1.065091,-2.147259,-0.076621,0.309336,-0.470166,0.097354,0.232888,-2.231437,-0.008886,2.368176,0.285992
10.178140,-0.999964,0.000000,0.000000,0.000000,-0.000000,-0.000000,1.000000,0.491552,-0.125843,0.189895,0.992035,0.123787,0.005577,0.022631,0.530338,-0.126997,0.188484,0.990918,0.132875,0.020617,-0.000265,3.136635,-0.040941,0.266697,-0.027846,-0.003067,-0.003079,0.002669,0.084857,-0.001484,-0.913611,1.214947,1.463490,-2.212363,-0.391172,0.322830,-0.470272,0.095925,0.232371,-2.232552,-0.009343,2.364110,0.285983
10.228077,-0.999964,0.000000,0.000000,0.000000,-0.000000,-0.000000,1.000000,0.487552,-0.125843,0.189895,0.992035,0.123787,0.005577,0.022631,0.528770,-0.127084,0.188368,0.990979,0.132717,0.018628,-0.000620,3.137875,-0.037094,0.266335,-0.030092,-0.000797,-0.002533,0.002536,0.085692,-0.002379,-1.318243,1.170964,1.519011,-2.176038,-0.563370,0.260583,-0.470364,0.094043,0.231802,-2.234166,-0.009714,2.359934,0.285989
10.278061,-0.999964,0.000000,0.000000,0.000000,-0.000000,-0.000000,1.000000,0.483552,-0.125843,0.189895,0.992035,0.123787,0.005577,0.022631,0.526990,-0.127155,0.188252,0.991040,0.132535,0.016548,-0.000961,3.139110,-0.033061,0.265930,-0.033194,-0.001916,-0.002581,0.002003,0.082092,-0.010748,-1.916627,1.232827,1.710319,-2.202429,-0.888520,0.231391,-0.470533,0.091683,0.231261,-2.236368,-0.010068,2.355717,0.285993
10.328964,-0.999964,0.000000,0.000000,0.000000,-0.000000,-0.000000,1.000000,0.479553,-0.125843,0.189895,0.992035,0.123787,0.005577,0.022631,0.525002,-0.127208,0.188207,0.991104,0.132288,0.014528,-0.001239,3.140204,-0.029130,0.265402,-0.039360,-0.000562,-0.001160,-0.002100,0.078302,-0.010703,-2.227280,1.210630,1.528913,-2.150648,-0.929003,0.195624,-0.470787,0.088563,0.230748,-2.239389,-0.010296,2.351739,0.285993
10.378960,-0.999964,0.000000,0.000000,0.000000,-0.000000,-0.000000,1.000000,0.475553,-0.125843,0.189895,0.992035,0.123787,0.005577,0.022631,0.522715,-0.127220,0.188234,0.991167,0.132002,0.012733,-0.001318,3.140844,-0.025592,0.264807,-0.044969,0.000549,0.001907,-0.008338,0.070862,-0.010866,-2.591724,1.263627,1.333568,-2.111176,-0.993332,0.190463,-0.471009,0.084209,0.230172,-2.243946,-0.010426,2.348660,0.285989
10.429996,-0.768390,0.000000,0.000000,0.000000,-0.000000,-0.000000,1.000000,0.472479,-0.125843,0.189895,0.992035,0.123787,0.005577,0.022631,0.520176,-0.127189,0.188168,0.991227,0.131691,0.011172,-0.001231,3.141091,-0.022474,0.264173,-0.049919,-0.000531,-0.001014,-0.014210,0.056498,-0.016779,-2.240925,1.142751,1.248093,-2.027093,-0.833283,0.177343,-0.471200,0.079020,0.229544,-2.250000,-0.010502,2.346823,0.285987
10.479046,-0.000000,0.000000,0.000000,0.000000,-0.000000,-0.000000,1.000000,0.472479,-0.125843,0.189895,0.992035,0.123787,0.005577,0.022631,0.517426,-0.127113,0.188077,0.991283,0.131381,0.009778,-0.001003,3.141011,-0.019650,0.263542,-0.056200,0.002142,-0.001716,-0.018616,0.058709,-0.012637,-1.995908,1.007417,1.555707,-1.984156,-0.914453,0.133700,-0.471486,0.073061,0.229020,-2.257215,-0.010561,2.345811,0.285985
10.529916,-0.000000,0.000000,0.000000,0.000000,-0.000000,-0.000000,1.000000,0.472479,-0.125843,0.189895,0.992035,0.123787,0.005577,0.022631,0.514615,-0.127029,0.188150,0.991336,0.131066,0.008614,-0.000615,3.140554,-0.017241,0.262908,-0.053329,0.001988,0.005559,-0.026254,0.031750,-0.013855,-1.980338,0.969051,1.063882,-1.853725,-0.684897,0.109332,-0.471800,0.066364,0.228541,-2.265003,-0.010584,2.345199,0.285980
10.579864,-0.000000,0.000000,0.000000,0.000000,-0.000000,-0.000000,1.000000,0.472479,-0.125843,0.189895,0.992035,0.123787,0.005577,0.022631,0.511674,-0.126942,0.188266,0.991390,0.130729,0.007528,-0.000137,3.139896,-0.014963,0.262228,-0.058935,0.003348,0.002415,-0.024428,0.043109,-0.015131,-3.158908,1.083781,1.230207,-1.859714,-1.243056,0.025907,-0.472084,0.059132,0.228003,-2.273370,-0.010600,2.344854,0.285982
10.629963,-0.000000,0.000000,0.000000,0.000000,-0.000000,-0.000000,1.000000,0.472479,-0.125843,0.189895,0.992035,0.123787,0.005577,0.022631,0.508708,-0.126827,0.188280,0.991439,0.130404,0.006509,0.000355,3.139192,-0.012814,0.261574,-0.057432,0.005325,-0.000410,-0.021581,0.043675,-0.009391,-2.418402,0.947245,1.725020,-1.842110,-1.333467,0.051507,-0.472423,0.051910,0.227557,-2.282023,-0.010609,2.344938,0.285975
10.679989,-0.000000,0.000000,0.000000,0.000000,-0.000000,-0.000000,1.000000,0.472479,-0.125843,0.189895,0.992035,0.123787,0.005577,0.022631,0.505945,-0.126739,0.188465,0.991486,0.130084,0.005672,0.000902,3.138327,-0.011013,0.260929,-0.051437,0.002224,0.005884,-0.027679,0.023926,-0.013106,-2.273446,0.833828,1.271089,-1.727589,-1.116532,0.011738,-0.472795,0.044751,0.227186,-2.290154,-0.010609,2.344944,0.285976
10.729963,-0.000000,0.000000,0.000000,0.000000,-0.000000,-0.000000,1.000000,0.472479,-0.125843,0.189895,0.992035,0.123787,0.005577,0.022631,0.503306,-0.126660,0.188705,0.991530,0.129779,0.004927,0.001469,3.137401,-0.009390,0.260316,-0.050002,0.002578,0.003176,-0.026109,0.026903,-0.009610,-2.667438,0.817576,0.290227,-1.590369,-0.811413,-0.042536,-0.473146,0.037727,0.226833,-2.297961,-0.010615,2.344939,0.285972
10.779870,-0.000000,0.000000,0.000000,0.000000,-0.000000,-0.000000,1.000000,0.472479,-0.125843,0.189895,0.992035,0.123787,0.005577,0.022631,0.500721,-0.126567,0.188835,0.991572,0.129474,0.004151,0.001972,3.136606,-0.007721,0.259700,-0.047488,0.002088,0.002705,-0.023326,0.023261,-0.013965,-2.534318,0.766773,1.003328,-1.645331,-1.163417,-0.047340,-0.473447,0.031077,0.226458,-2.305562,-0.010614,2.344990,0.285976
10.829812,-0.000000,0.000000,0.000000,0.000000,-0.000000,-0.000000,1.000000,0.472479,-0.125843,0.189895,0.992035,0.123787,0.005577,0.022631,0.498516,-0.126494,0.188920,0.991609,0.129204,0.003472,0.002386,3.135964,-0.006268,0.259153,-0.039303,0.001644,0.003736,-0.018397,0.021808,-0.011933,-2.540595,0.682407,0.851494,-1.596862,-1.127785,-0.089828,-0.473548,0.025471,0.225969,-2.312001,-0.010609,2.345010,0.285976
10.879351,-0.000000,0.000000,0.000000,0.000000,-0.000000,-0.000000,1.000000,0.472479,-0.125843,0.189895,0.992035,0.123787,0.005577,0.022631,0.496514,-0.126473,0.189063,0.991646,0.128923,0.002914,0.002806,3.135276,-0.005057,0.258584,-0.039359,0.000951,0.002695,-0.018542,0.021097,-0.012261,-2.842340,0.831012,0.648012,-1.609743,-1.143414,-0.051139,-0.473665,0.020215,0.225479,-2.317873,-0.010612,2.345035,0.285974
10.931064,-0.000000,0.000000,0.000000,0.000000,-0.000000,-0.000000,1.000000,0.472479,-0.125843,0.189895,0.992035,0.123787,0.005577,0.022631,0.494635,-0.126433,0.189190,0.991679,0.128673,0.002386,0.003194,3.134644,-0.003909,0.258078,-0.037309,0.001764,0.000488,-0.017251,0.022587,-0.008850,-2.800774,0.700574,0.315677,-1.506905,-0.978373,-0.111694,-0.473742,0.015286,0.225022,-2.323375,-0.010613,2.345038,0.285972
10.981175,-0.000000,0.000000,0.000000,0.000000,-0.000000,-0.000000,1.000000,0.472479,-0.125843,0.189895,0.992035,0.123787,0.005577,0.022631,0.492844,-0.126380,0.189259,0.991709,0.128441,0.001854,0.003537,3.134101,-0.002768,0.257607,-0.033309,0.001123,0.000744,-0.015445,0.018753,-0.009870,-2.758168,0.761046,0.613130,-1.558659,-1.132876,-0.075531,-0.473825,0.010700,0.224615,-2.328601,-0.010615,2.345061,0.285972
11.030235,-0.000000,0.000000,0.000000,0.000000,-0.000000,-0.000000,1.000000,0.472479,-0.125843,0.189895,0.992035,0.123787,0.005577,0.022631,0.491202,-0.126334,0.189301,0.991737,0.128220,0.001363,0.003841,3.133625,-0.001719,0.257157,-0.030550,0.000238,0.001748,-0.014272,0.016870,-0.012051,-2.809894,0.656252,0.793905,-1.544979,-1.296119,-0.131400,-0.474052,0.006543,0.224388,-2.333382,-0.010613,2.345104,0.285976
11.081061,-0.000000,0.000000,0.000000,0.000000,-0.000000,-0.000000,1.000000,0.472479,-0.125843,0.189895,0.992035,0.123787,0.005577,0.022631,0.489833,-0.126326,0.189359,0.991764,0.128010,0.000974,0.004108,3.133195,-0.000879,0.256731,-0.025008,0.000525,0.000234,-0.010480,0.016046,-0.008742,-2.635204,0.675967,0.777653,-1.540364,-1.189625,-0.100247,-0.474404,0.003027,0.224304,-2.337361,-0.010615,2.345129,0.285972
11.130940,-0.000000,0.000000,0.000000,0.000000,-0.000000,-0.000000,1.000000,0.472479,-0.125843,0.189895,0.992035,0.123787,0.005577,0.022631,0.488680,-0.126357,0.189314,0.991793,0.127785,0.000570,0.004267,3.132983,-0.000040,0.256274,-0.019866,0.000083,-0.000543,-0.008385,0.011674,-0.007183,-2.676498,0.588271,0.660523,-1.491424,-1.110446,-0.144026,-0.474804,0.000360,0.224248,-2.340577,-0.010615,2.345114,0.285974
11.180813,-0.000000,0.000000,0.000000,0.000000,-0.000000,-0.000000,1.000000,0.472479,-0.125843,0.189895,0.992035,0.123787,0.005577,0.022631,0.487666,-0.126388,0.189220,0.991819,0.127579,0.000178,0.004373,3.132872,0.000764,0.255855,-0.019396,0.001483,-0.001627,-0.005194,0.016453,-0.005376,-2.903020,0.654295,0.511956,-1.494198,-1.133424,-0.136967,-0.475055,-0.001842,0.224079,-2.343364,-0.010611,2.345106,0.285971
11.230937,-0.000000,0.000000,0.000000,0.000000,-0.000000,-0.000000,1.000000,0.472479,-0.125843,0.189895,0.992035,0.123787,0.005577,0.022631,0.486622,-0.126403,0.189178,0.991842,0.127390,-0.000175,0.004526,3.132658,0.001501,0.255469,-0.021821,0.000184,-0.000769,-0.008801,0.015380,-0.008340,-2.900134,0.612010,0.562674,-1.479119,-1.170009,-0.154829,-0.475137,-0.004281,0.223775,-2.346312,-0.010617,2.345134,0.285972
11.281081,-0.000000,0.000000,0.000000,0.000000,-0.000000,-0.000000,1.000000,0.472479,-0.125843,0.189895,0.992035,0.123787,0.005577,0.022631,0.485636,-0.126385,0.189250,0.991859,0.127249,-0.000429,0.004738,3.132303,0.002057,0.255184,-0.019045,-0.000902,0.000750,-0.009809,0.005139,-0.008583,-2.621050,0.574269,0.349586,-1.432891,-0.969767,-0.142080,-0.475153,-0.006913,0.223506,-2.349202,-0.010615,2.345143,0.285967
11.330961,-0.000000,0.000000,0.000000,0.000000,-0.000000,-0.000000,1.000000,0.472479,-0.125843,0.189895,0.992035,0.123787,0.005577,0.022631,0.484682,-0.126345,0.189289,0.991874,0.127126,-0.000696,0.004925,3.132000,0.002634,0.254932,-0.016811,0.000370,0.001996,-0.009324,0.005323,-0.006360,-3.008993,0.624902,0.412022,-1.458530,-1.183879,-0.173475,-0.475176,-0.009394,0.223291,-2.351995,-0.010610,2.345160,0.285972
11.382915,-0.000000,0.000000,0.000000,0.000000,-0.000000,-0.000000,1.000000,0.472479,-0.125843,0.189895,0.992035,0.123787,0.005577,0.022631,0.483842,-0.126318,0.189291,0.991887,0.127017,-0.000924,0.005089,3.131732,0.003125,0.254711,-0.017104,0.001659,-0.001345,-0.004560,0.015124,-0.002919,-3.144797,0.620561,0.583931,-1.491311,-1.371652,-0.194466,-0.475210,-0.011525,0.223100,-2.354484,-0.010616,2.345271,0.285966
11.433063,-0.000000,0.000000,0.000000,0.000000,-0.000000,-0.000000,1.000000,0.472479,-0.125843,0.189895,0.992035,0.123787,0.005577,0.022631,0.483137,-0.126317,0.189269,0.991901,0.126898,-0.001133,0.005208,3.131549,0.003570,0.254467,-0.014455,-0.000448,-0.003523,-0.003501,0.012154,-0.006756,-2.858827,0.657362,0.527094,-1.503904,-1.235695,-0.142077,-0.475239,-0.013230,0.222892,-2.356529,-0.010619,2.345353,0.285970
11.482091,-0.768390,0.000000,0.000000,0.000000,-0.000000,-0.000000,1.000000,0.469406,-0.125843,0.189895,0.992035,0.123787,0.005577,0.022631,0.482520,-0.126319,0.189236,0.991915,0.126785,-0.001352,0.005285,3.131451,0.004023,0.254238,-0.010133,-0.001381,0.001117,-0.005879,0.001213,-0.005553,-2.963227,0.652420,0.329356,-1.479157,-1.186704,-0.161055,-0.475255,-0.014646,0.222686,-2.358246,-0.010612,2.345339,0.285967
11.532966,-0.999964,0.000000,0.000000,0.000000,-0.000000,-0.000000,1.000000,0.465406,-0.125843,0.189895,0.992035,0.123787,0.005577,0.022631,0.481973,-0.126346,0.189233,0.991930,0.126664,-0.001521,0.005372,3.131320,0.004378,0.253991,-0.011670,-0.000317,-0.000170,-0.003034,0.010050,-0.006436,-3.193634,0.731339,0.553270,-1.526058,-1.363588,-0.150653,-0.475281,-0.015970,0.222474,-2.359783,-0.010610,2.345337,0.285969
11.583186,-0.999964,0.000000,0.000000,0.000000,-0.000000,-0.000000,1.000000,0.461406,-0.125843,0.189895,0.992035,0.123787,0.005577,0.022631,0.481415,-0.126365,0.189262,0.991943,0.126553,-0.001672,0.005483,3.131139,0.004705,0.253766,-0.011306,-0.000266,0.000580,-0.004695,0.006068,-0.004706,-3.015428,0.615448,0.712460,-1.486301,-1.335866,-0.182079,-0.475301,-0.017409,0.222272,-2.361376,-0.010613,2.345329,0.285967
11.632980,-0.999964,0.000000,0.000000,0.000000,-0.000000,-0.000000,1.000000,0.457406,-0.125843,0.189895,0.992035,0.123787,0.005577,0.022631,0.480760,-0.126394,0.189272,0.991961,0.126409,-0.001872,0.005590,3.130975,0.005126,0.253473,-0.012681,-0.000368,-0.000067,-0.004148,0.006305,-0.008380,-3.092515,0.691535,0.792176,-1.509341,-1.374646,-0.149669,-0.475314,-0.019020,0.222007,-2.363208,-0.010610,2.345299,0.285971
11.683005,-0.999964,0.000000,0.000000,0.000000,-0.000000,-0.000000,1.000000,0.453406,-0.125843,0.189895,0.992035,0.123787,0.005577,0.022631,0.480015,-0.126417,0.189191,0.991980,0.126251,-0.002173,0.005654,3.130923,0.005739,0.253153,-0.015356,0.000245,-0.002983,-0.002345,0.012718,-0.007950,-3.071104,0.626024,0.760833,-1.465658,-1.317120,-0.170288,-0.475344,-0.020597,0.221722,-2.365212,-0.010611,2.345252,0.285968
11.732915,-0.555341,0.000000,0.000000,0.000000,-0.000000,-0.000000,1.000000,0.451185,-0.125843,0.189895,0.992035,0.123787,0.005577,0.022631,0.479099,-0.126445,0.189030,0.992004,0.126053,-0.002577,0.005702,3.130930,0.006551,0.252749,-0.019794,0.000018,-0.004391,-0.002572,0.020580,-0.008851,-3.243794,0.581686,0.849356,-1.457590,-1.438853,-0.207167,-0.475400,-0.022381,0.221382,-2.367649,-0.010616,2.345235,0.285967
11.783949,-0.000000,0.000000,0.000000,0.000000,-0.000000,-0.000000,1.000000,0.451185,-0.125843,0.189895,0.992035,0.123787,0.005577,0.022631,0.478016,-0.126464,0.188870,0.992030,0.125835,-0.003023,0.005779,3.130887,0.007453,0.252304,-0.023151,0.000471,-0.003740,-0.004994,0.019415,-0.010689,-3.245876,0.577694,0.766954,-1.432163,-1.404183,-0.201784,-0.475470,-0.024594,0.221016,-2.370583,-0.010613,2.345239,0.285960
11.833912,-0.000000,0.000000,0.000000,0.000000,-0.000000,-0.000000,1.000000,0.451185,-0.125843,0.189895,0.992035,0.123787,0.005577,0.022631,0.476772,-0.126471,0.188740,0.992057,0.125605,-0.003495,0.005906,3.130751,0.008418,0.251836,-0.025593,-0.001318,-0.001790,-0.009498,0.017171,-0.011739,-3.246193,0.575821,0.596298,-1.402689,-1.331571,-0.197050,-0.475553,-0.027303,0.220639,-2.374012,-0.010619,2.345246,0.285950
11.883983,-0.000000,0.000000,0.000000,0.000000,-0.000000,-0.000000,1.000000,0.451185,-0.125843,0.189895,0.992035,0.123787,0.005577,0.022631,0.475322,-0.126439,0.188728,0.992082,0.125377,-0.003937,0.006143,3.130390,0.009351,0.251370,-0.028605,0.001602,0.002828,-0.015558,0.009121,-0.009079,-3.104356,0.484768,0.459528,-1.328983,-1.233647,-0.218179,-0.475693,-0.030881,0.220345,-2.378153,-0.010612,2.345252,0.285948
11.935229,-0.000000,0.000000,0.000000,0.000000,-0.000000,-0.000000,1.000000,0.451185,-0.125843,0.189895,0.992035,0.123787,0.005577,0.022631,0.473742,-0.126374,0.188805,0.992105,0.125171,-0.004339,0.006472,3.129836,0.010230,0.250949,-0.031748,0.002497,0.001442,-0.016576,0.014467,-0.006335,-3.352038,0.525358,0.642120,-1.346484,-1.484583,-0.230916,-0.475785,-0.035078,0.220047,-2.382786,-0.010617,2.345288,0.285944
11.984894,-0.000000,0.000000,0.000000,0.000000,-0.000000,-0.000000,1.000000,0.451185,-0.125843,0.189895,0.992035,0.123787,0.005577,0.022631,0.472227,-0.126304,0.188930,0.992125,0.124982,-0.004679,0.006822,3.129225,0.010989,0.250560,-0.029470,0.001578,0.000562,-0.014055,0.014482,-0.007949,-3.287350,0.509094,0.751864,-1.342453,-1.555990,-0.227917,-0.475836,-0.039269,0.219749,-2.387287,-0.010618,2.345330,0.285945
12.034146,-0.000000,0.000000,0.000000,0.000000,-0.000000,-0.000000,1.000000,0.451185,-0.125843,0.189895,0.992035,0.123787,0.005577,0.022631,0.470880,-0.126266,0.189051,0.992145,0.124787,-0.004979,0.007129,3.128688,0.011660,0.250160,-0.026238,0.000920,0.001499,-0.012892,0.010987,-0.009106,-3.428626,0.552293,0.823887,-1.355169,-1.616667,-0.225145,-0.475857,-0.042993,0.219411,-2.391248,-0.010615,2.345327,0.285941
12.084963,-0.000000,0.000000,0.000000,0.000000,-0.000000,-0.000000,1.000000,0.451185,-0.125843,0.189895,0.992035,0.123787,0.005577,0.022631,0.469580,-0.126234,0.189161,0.992166,0.124594,-0.005270,0.007423,3.128175,0.012308,0.249766,-0.024751,0.000868,0.001792,-0.013120,0.009384,-0.006946,-3.732562,0.610561,0.757218,-1.358018,-1.706818,-0.234598,-0.475883,-0.046578,0.219080,-2.395066,-0.010614,2.345324,0.285934
12.134254,-0.000000,0.000000,0.000000,0.000000,-0.000000,-0.000000,1.000000,0.451185,-0.125843,0.189895,0.992035,0.123787,0.005577,0.022631,0.468292,-0.126204,0.189203,0.992187,0.124394,-0.005602,0.007676,3.127752,0.013026,0.249356,-0.023187,0.001199,0.000122,-0.010377,0.012659,-0.006323,-3.876069,0.701925,0.663789,-1.374213,-1.749484,-0.208160,-0.475900,-0.049946,0.218726,-2.398800,-0.010619,2.345344,0.285934
12.185040,-0.000000,0.000000,0.000000,0.000000,-0.000000,-0.000000,1.000000,0.451185,-0.125843,0.189895,0.992035,0.123787,0.005577,0.022631,0.467216,-0.126190,0.189196,0.992207,0.124211,-0.005891,0.007866,3.127444,0.013645,0.248981,-0.021229,0.001013,-0.001619,-0.007843,0.013478,-0.007090,-3.606632,0.602853,0.556189,-1.328023,-1.613932,-0.216406,-0.475916,-0.052659,0.218403,-2.401905,-0.010618,2.345406,0.285931
12.235379,-0.000000,0.000000,0.000000,0.000000,-0.000000,-0.000000,1.000000,0.451185,-0.125843,0.189895,0.992035,0.123787,0.005577,0.022631,0.466202,-0.126193,0.189177,0.992228,0.124021,-0.006180,0.008030,3.127188,0.014256,0.248592,-0.018493,-0.000307,0.000575,-0.011132,0.004247,-0.006597,-3.656138,0.544747,0.371638,-1.287177,-1.577385,-0.244344,-0.475949,-0.055160,0.218078,-2.404793,-0.010614,2.345437,0.285924
12.285245,-0.000000,0.000000,0.000000,0.000000,-0.000000,-0.000000,1.000000,0.451185,-0.125843,0.189895,0.992035,0.123787,0.005577,0.022631,0.465208,-0.126186,0.189222,0.992247,0.123845,-0.006406,0.008238,3.126829,0.014754,0.248232,-0.017544,-0.000150,0.003624,-0.011538,0.002487,-0.008049,-3.898714,0.651548,0.493903,-1.337088,-1.754362,-0.231867,-0.475989,-0.057810,0.217801,-2.407694,-0.010613,2.345486,0.285926
12.335797,-0.000000,0.000000,0.000000,0.000000,-0.000000,-0.092156,1.000000,0.451185,-0.125843,0.189895,0.992177,0.122644,0.005551,0.022638,0.464265,-0.126166,0.189262,0.992262,0.123696,-0.006590,0.008451,3.126449,0.015169,0.247926,-0.019081,0.002054,0.000255,-0.007104,0.011412,-0.004390,-3.858616,0.625125,0.577659,-1.337481,-1.802508,-0.237363,-0.476005,-0.060375,0.217546,-2.410526,-0.010608,2.345632,0.285919
12.386371,-0.000000,0.000000,0.000000,0.000000,-0.000000,-0.629445,1.000000,0.451185,-0.125843,0.189895,0.993111,0.114834,0.005373,0.022681,0.463460,-0.126157,0.189309,0.992277,0.123560,-0.006754,0.008633,3.126127,0.015538,0.247649,-0.014101,-0.000091,-0.000251,-0.005972,0.006284,-0.005647,-3.834184,0.674971,0.729788,-1.376621,-1.865117,-0.213696,-0.476020,-0.062571,0.217315,-2.412905,-0.010610,2.345696,0.285918
12.437104,-0.000000,0.000000,0.000000,0.000000,-0.000000,-0.999964,1.000000,0.451185,-0.125843,0.189895,0.994469,0.102412,0.005089,0.022746,0.462856,-0.126168,0.189319,0.992290,0.123433,-0.006921,0.008734,3.125965,0.015893,0.247389,-0.009788,0.000364,-0.000272,-0.003787,0.004271,-0.004468,-3.878984,0.665219,0.606210,-1.362293,-1.790376,-0.230297,-0.476029,-0.064103,0.217092,-2.414601,-0.010607,2.345662,0.285918
12.486198,-0.000000,0.000000,0.000000,0.000000,-0.000000,-0.999964,1.000000,0.451185,-0.125843,0.189895,0.995671,0.089974,0.004804,0.022808,0.462372,-0.126221,0.189240,0.992308,0.123280,-0.007117,0.008755,3.125969,0.016285,0.247077,-0.008162,-0.001705,-0.001832,-0.000918,0.007518,-0.007491,-3.979405,0.652209,0.617889,-1.355217,-1.817367,-0.258254,-0.476039,-0.065048,0.216806,-2.415854,-0.010610,2.345643,0.285918
12.537188,-0.000000,0.000000,0.000000,0.000000,-0.000000,-0.999964,1.000000,0.451185,-0.125843,0.189895,0.996718,0.077522,0.004518,0.022866,0.461956,-0.126306,0.189133,0.992329,0.123102,-0.007310,0.008743,3.126037,0.016662,0.246716,-0.008323,-0.001534,-0.002616,0.000565,0.008869,-0.008683,-3.953094,0.713131,0.717697,-1.366400,-1.828776,-0.246770,-0.476069,-0.065719,0.216491,-2.416868,-0.010609,2.345634,0.285920
12.587194,-0.000000,0.000000,0.000000,0.000000,-0.000000,-0.999964,1.000000,0.451185,-0.125843,0.189895,0.997609,0.065058,0.004232,0.022921,0.461532,-0.126412,0.189013,0.992353,0.122897,-0.007510,0.008723,3.126124,0.017050,0.246302,-0.008583,-0.001425,-0.002015,0.000350,0.008227,-0.008629,-4.027804,0.786096,0.793042,-1.374933,-1.901642,-0.263977,-0.476138,-0.066366,0.216164,-2.417888,-0.010602,2.345636,0.285922
12.637180,-0.000000,0.000000,0.000000,0.000000,-0.000000,-0.999964,1.000000,0.451185,-0.125843,0.189895,0.998344,0.052583,0.003946,0.022972,0.461088,-0.126534,0.188938,0.992381,0.122657,-0.007679,0.008731,3.126145,0.017383,0.245816,-0.008652,-0.002409,-0.001246,-0.001546,0.006471,-0.011159,-3.989734,0.863631,0.776744,-1.335381,-1.909931,-0.250696,-0.476268,-0.067179,0.215862,-2.418986,-0.010586,2.345633,0.285951
12.687143,-0.000000,0.000000,0.000000,0.000000,-0.000000,-0.999964,1.000000,0.451185,-0.125843,0.189895,0.998924,0.040101,0.003658,0.023020,0.460621,-0.126675,0.188907,0.992427,0.122269,-0.007810,0.008768,3.126097,0.017647,0.245033,-0.009061,-0.002508,-0.000086,-0.002848,0.003354,-0.025442,-4.126760,1.001995,0.857800,-1.331493,-2.020548,-0.241185,-0.476335,-0.068170,0.215458,-2.420179,-0.010562,2.345639,0.286228
12.736294,-0.000000,0.000000,0.000000,0.000000,-0.000000,-0.999964,1.000000,0.451185,-0.125843,0.189895,0.999347,0.027612,0.003370,0.023064,0.460136,-0.126786,0.188957,0.992515,0.121548,-0.007885,0.008869,3.125900,0.017809,0.243576,-0.009519,-0.001399,0.001480,-0.006389,0.000955,-0.034156,-4.100311,1.086424,0.746621,-1.320974,-1.982058,-0.242005,-0.476366,-0.069463,0.215090,-2.421515,-0.010550,2.345636,0.287255
12.786241,-0.000000,0.000000,0.000000,0.000000,-0.000000,-0.999964,1.000000,0.451185,-0.125843,0.189895,0.999614,0.015118,0.003082,0.023104,0.459608,-0.126849,0.189056,0.992658,0.120357,-0.007926,0.009023,3.125585,0.017909,0.241173,-0.010436,0.000712,0.002722,-0.007244,0.000348,-0.052544,-4.186230,1.089015,0.620342,-1.281684,-1.993229,-0.261263,-0.476406,-0.071045,0.214827,-2.423060,-0.010536,2.345649,0.289318
12.836286,-0.000000,0.000000,0.000000,0.000000,-0.000000,-0.999964,1.000000,0.451185,-0.125843,0.189895,0.999725,0.002623,0.002792,0.023141,0.459101,-0.126843,0.189120,0.992865,0.118624,-0.007990,0.009166,3.125283,0.018043,0.237678,-0.009138,0.001970,0.000521,-0.005024,0.003312,-0.074870,-4.237875,1.059357,0.746170,-1.286268,-2.086352,-0.268428,-0.476427,-0.072529,0.214695,-2.424572,-0.010530,2.345661,0.292630
12.887131,-0.000000,0.000000,0.000000,0.000000,-0.000000,-0.999964,1.000000,0.451185,-0.125843,0.189895,0.999680,-0.009873,0.002503,0.023174,0.458717,-0.126844,0.189162,0.993119,0.116460,-0.008033,0.009281,3.125025,0.018119,0.233318,-0.007850,0.000070,-0.001277,-0.004795,0.003664,-0.094528,-4.157473,1.067009,0.766498,-1.272819,-2.050134,-0.231541,-0.476457,-0.073633,0.214600,-2.425712,-0.010532,2.345680,0.296844
12.937235,-0.000000,0.000000,0.000000,0.000000,-0.000000,-0.999964,1.000000,0.451185,-0.125843,0.189895,0.999478,-0.022368,0.002213,0.023203,0.458413,-0.126833,0.189161,0.993424,0.113823,-0.008098,0.009351,3.124854,0.018220,0.228006,-0.004988,0.000123,0.000191,-0.004352,-0.001382,-0.123306,-4.175693,1.030801,0.693872,-1.255533,-2.022800,-0.233622,-0.476465,-0.074401,0.214522,-2.426570,-0.010530,2.345657,0.302055
12.988032,-0.000000,0.000000,0.000000,0.000000,-0.000000,-0.999964,1.000000,0.451185,-0.125843,0.189895,0.999120,-0.034859,0.001923,0.023229,0.458158,-0.126834,0.189126,0.993775,0.110704,-0.008164,0.009397,3.124719,0.018308,0.221726,-0.005265,-0.000577,-0.001120,-0.002350,0.002147,-0.138763,-4.250618,0.981462,0.788477,-1.255208,-2.085003,-0.247123,-0.476484,-0.074945,0.214442,-2.427265,-0.010529,2.345659,0.308224
13.038195,-0.000000,0.000000,0.000000,0.000000,-0.000000,-0.999964,1.000000,0.451185,-0.125843,0.189895,0.998607,-0.047344,0.001632,0.023251,0.457929,-0.126832,0.189071,0.994166,0.107131,-0.008234,0.009431,3.124601,0.018394,0.214535,-0.003848,-0.000607,-0.000993,-0.002337,-0.000828,-0.154241,-4.137925,0.962332,0.721228,-1.245576,-2.003231,-0.237506,-0.476503,-0.075366,0.214376,-2.427870,-0.010530,2.345664,0.315321
13.088352,-0.000000,0.000000,0.000000,0.000000,-0.000000,-0.999964,1.000000,0.451185,-0.125843,0.189895,0.997937,-0.059822,0.001342,0.023270,0.457738,-0.126843,0.189011,0.994581,0.103198,-0.008298,0.009453,3.124498,0.018458,0.206622,-0.002620,-0.000675,-0.000180,-0.003195,-0.001097,-0.176078,-4.208189,0.952770,0.707152,-1.239179,-2.029496,-0.252714,-0.476532,-0.075659,0.214298,-2.428342,-0.010527,2.345655,0.323118
13.138262,-0.000000,0.000000,0.000000,0.000000,-0.000000,-0.999964,1.000000,0.451185,-0.125843,0.189895,0.997111,-0.072291,0.001051,0.023285,0.457586,-0.126869,0.188938,0.995039,0.098679,-0.008350,0.009469,3.124393,0.018486,0.197537,-0.003065,-0.001244,-0.001341,-0.002038,0.000281,-0.189456,-4.180611,0.902364,0.789774,-1.229984,-2.035278,-0.259040,-0.476570,-0.075818,0.214214,-2.428697,-0.010526,2.345663,0.332076
13.188229,-0.000000,0.000000,0.000000,0.000000,-0.000000,-0.999964,1.000000,0.451185,-0.125843,0.189895,0.996130,-0.084748,0.000760,0.023296,0.457468,-0.126875,0.188858,0.995512,0.093781,-0.008403,0.009475,3.124300,0.018509,0.187693,-0.002534,-0.000277,-0.002177,-0.000361,0.001231,-0.210114,-4.098281,0.873234,0.713199,-1.206682,-1.952849,-0.247267,-0.476597,-0.075871,0.214170,-2.428947,-0.010523,2.345651,0.341843
13.238339,-0.000000,0.000000,0.000000,0.000000,-0.000000,-0.999964,1.000000,0.451185,-0.125843,0.189895,0.994993,-0.097193,0.000468,0.023304,0.457365,-0.126884,0.188788,0.996000,0.088444,-0.008436,0.009492,3.124172,0.018485,0.176973,-0.001755,0.000538,-0.001619,-0.001531,-0.001353,-0.217662,-4.105138,0.866261,0.818969,-1.223663,-1.973646,-0.243762,-0.476631,-0.075919,0.214133,-2.429171,-0.010521,2.345652,0.352490
13.287055,-0.000000,0.000000,0.000000,0.000000,-0.000000,-0.999964,1.000000,0.451185,-0.125843,0.189895,0.993700,-0.109622,0.000177,0.023308,0.457253,-0.126887,0.188722,0.996483,0.082826,-0.008468,0.009518,3.124023,0.018454,0.165693,-0.002280,0.000273,-0.001141,-0.002665,-0.001933,-0.243245,-4.100841,0.865974,0.835017,-1.231090,-1.974855,-0.246183,-0.476643,-0.076004,0.214088,-2.429424,-0.010525,2.345647,0.363710
13.337128,-0.000000,0.000000,0.000000,0.000000,-0.000000,-0.999964,1.000000,0.451185,-0.125843,0.189895,0.992252,-0.122034,-0.000114,0.023308,0.457134,-0.126893,0.188663,0.996965,0.076792,-0.008489,0.009552,3.123846,0.018394,0.153584,-0.002203,-0.000245,-0.000869,-0.003703,-0.003077,-0.251987,-4.087574,0.893833,0.865864,-1.238955,-1.982464,-0.219168,-0.476656,-0.076127,0.214032,-2.429705,-0.010524,2.345648,0.375747
13.387274,-0.000000,0.000000,0.000000,0.000000,-0.000000,-0.749864,1.000000,0.451185,-0.125843,0.189895,0.991065,-0.131329,-0.000333,0.023306,0.457009,-0.126884,0.188597,0.997436,0.070411,-0.008519,0.009588,3.123661,0.018346,0.140785,-0.002633,0.000264,-0.001620,-0.002793,-0.001084,-0.264777,-4.238976,0.845976,0.874996,-1.224230,-2.044031,-0.247463,-0.476661,-0.076253,0.214000,-2.430002,-0.010527,2.345638,0.388507
13.438275,-0.000000,0.000000,0.000000,0.000000,-0.000000,-0.000000,1.000000,0.451185,-0.125843,0.189895,0.991065,-0.131329,-0.000333,0.023306,0.456896,-0.126886,0.188559,0.997887,0.063680,-0.008516,0.009642,3.123431,0.018225,0.127291,-0.001977,0.000382,-0.000748,-0.005113,-0.003599,-0.281669,-4.126942,0.805008,0.774229,-1.206916,-1.952903,-0.258491,-0.476672,-0.076424,0.213959,-2.430285,-0.010526,2.345635,0.401944
13.486861,-0.000000,0.000000,0.000000,0.000000,-0.000000,-0.000000,1.000000,0.451185,-0.125843,0.189895,0.991065,-0.131329,-0.000333,0.023306,0.456783,-0.126884,0.188517,0.998321,0.056471,-0.008513,0.009697,3.123189,0.018093,0.112844,-0.001922,-0.000344,-0.000354,-0.005204,-0.004338,-0.300768,-4.212386,0.862727,0.871755,-1.247766,-2.019266,-0.239607,-0.476678,-0.076583,0.213920,-2.430565,-0.010527,2.345630,0.416342
13.537859,-0.000000,0.000000,0.000000,0.000000,-0.000000,-0.000000,1.000000,0.451185,-0.125843,0.189895,0.991065,-0.131329,-0.000333,0.023306,0.456689,-0.126877,0.188482,0.998702,0.049273,-0.008498,0.009753,3.122945,0.017936,0.098427,-0.002279,0.000387,-0.000970,-0.004017,-0.001447,-0.296040,-4.145712,0.871639,0.897026,-1.270085,-1.983991,-0.226706,-0.476685,-0.076722,0.213900,-2.430803,-0.010524,2.345624,0.430727
13.587162,-0.000000,0.000000,0.000000,0.000000,-0.000000,-0.000000,1.000000,0.451185,-0.125843,0.189895,0.991065,-0.131329,-0.000333,0.023306,0.456612,-0.126870,0.188441,0.999030,0.042089,-0.008486,0.009804,3.122713,0.017782,0.084043,-0.001583,0.000412,-0.001316,-0.004792,-0.003770,-0.291421,-4.176577,0.873308,0.894337,-1.279852,-1.968037,-0.248962,-0.476683,-0.076798,0.213879,-2.430984,-0.010527,2.345613,0.445091
13.637874,-0.000000,0.000000,0.000000,0.000000,-0.000000,-0.000000,1.000000,0.451185,-0.125843,0.189895,0.991065,-0.131329,-0.000333,0.023306,0.456542,-0.126875,0.188402,0.999307,0.034884,-0.008467,0.009855,3.122483,0.017611,0.069619,-0.000839,-0.000698,-0.000092,-0.006017,-0.005242,-0.293643,-4.106975,0.908069,0.981444,-1.305315,-1.963846,-0.234764,-0.476692,-0.076854,0.213846,-2.431141,-0.010528,2.345611,0.459473
13.687986,-0.000000,0.000000,0.000000,0.000000,-0.000000,-0.000000,1.000000,0.451185,-0.125843,0.189895,0.991065,-0.131329,-0.000333,0.023306,0.456475,-0.126890,0.188375,0.999532,0.027679,-0.008441,0.009907,3.122251,0.017423,0.055202,-0.001792,-0.000258,-0.000948,-0.003651,-0.002374,-0.285849,-4.183280,0.920677,1.034853,-1.329574,-2.006671,-0.250413,-0.476708,-0.076926,0.213797,-2.431284,-0.010526,2.345593,0.473822
13.738048,-0.000000,0.000000,0.000000,0.000000,-0.000000,-0.000000,1.000000,0.451185,-0.125843,0.189895,0.991065,-0.131329,-0.000333,0.023306,0.456405,-0.126901,0.188346,0.999703,0.020598,-0.008419,0.009957,3.122027,0.017245,0.041034,-0.000914,-0.000079,-0.000503,-0.004550,-0.004078,-0.286832,-4.095835,0.919255,0.992333,-1.324378,-1.940168,-0.257015,-0.476707,-0.077001,0.213742,-2.431432,-0.010524,2.345570,0.487932
13.788085,-0.000000,0.000000,0.000000,0.000000,-0.000000,-0.000000,1.000000,0.451185,-0.125843,0.189895,0.991065,-0.131329,-0.000333,0.023306,0.456338,-0.126896,0.188305,0.999823,0.013568,-0.008406,0.010005,3.121811,0.017082,0.026971,-0.000288,0.000269,-0.000744,-0.004815,-0.005146,-0.289271,-4.034480,0.980123,1.082138,-1.365138,-1.942640,-0.226250,-0.476704,-0.077047,0.213717,-2.431581,-0.010526,2.345557,0.501972
13.838732,-0.000000,0.000000,0.000000,0.000000,-0.000000,-0.000000,1.000000,0.451185,-0.125843,0.189895,0.991065,-0.131329,-0.000333,0.023306,0.456281,-0.126899,0.188276,0.999891,0.006768,-0.008382,0.010054,3.121596,0.016900,0.013369,-0.001114,0.000915,-0.001144,-0.004328,-0.003640,-0.276887,-4.022483,0.976712,1.014360,-1.367764,-1.898125,-0.235421,-0.476710,-0.077096,0.213690,-2.431705,-0.010527,2.345544,0.515541
13.888926,-0.000000,0.000000,0.000000,0.000000,-0.000000,-0.000000,1.000000,0.451185,-0.125843,0.189895,0.991065,-0.131329,-0.000333,0.023306,0.456227,-0.126906,0.188242,0.999914,0.000132,-0.008366,0.010096,3.121399,0.016734,0.000095,-0.000963,0.000121,-0.000537,-0.003795,-0.002900,-0.269379,-4.011075,0.978646,0.937146,-1.360783,-1.846270,-0.235825,-0.476719,-0.077121,0.213657,-2.431809,-0.010525,2.345520,0.528771
13.938149,-0.000000,0.000000,0.000000,0.000000,-0.000000,-0.000000,1.000000,0.451185,-0.125843,0.189895,0.991065,-0.131329,-0.000333,0.023306,0.456171,-0.126901,0.188208,0.999893,-0.006472,-0.008350,0.010141,3.121200,0.016568,-0.013113,-0.000455,0.000495,-0.000271,-0.004915,-0.003768,-0.261828,-4.094751,0.953972,1.076308,-1.367531,-1.927418,-0.253192,-0.476722,-0.077155,0.213642,-2.431926,-0.010526,2.345500,0.541961
13.988175,-0.000000,0.000000,0.000000,0.000000,-0.000000,-0.000000,1.000000,0.451185,-0.125843,0.189895,0.991065,-0.131329,-0.000333,0.023306,0.456119,-0.126901,0.188177,0.999833,-0.012655,-0.008336,0.010182,3.121016,0.016412,-0.025481,-0.001657,0.000109,-0.001313,-0.003332,-0.001119,-0.253837,-4.041082,0.984494,1.111688,-1.384162,-1.909150,-0.236940,-0.476721,-0.077186,0.213616,-2.432029,-0.010525,2.345474,0.554302
14.038997,-0.000000,0.000000,0.000000,0.000000,-0.000000,-0.000000,1.000000,0.451185,-0.125843,0.189895,0.991065,-0.131329,-0.000333,0.023306,0.456075,-0.126899,0.188164,0.999739,-0.018659,-0.008311,0.010230,3.120824,0.016236,-0.037492,0.000211,0.000147,0.001010,-0.005735,-0.006761,-0.247722,-3.971556,0.893460,1.050573,-1.339235,-1.841062,-0.270040,-0.476728,-0.077243,0.213610,-2.432119,-0.010527,2.345437,0.566300
14.089809,-0.000000,0.000000,0.000000,0.000000,-0.000000,-0.000000,1.000000,0.451185,-0.125843,0.189895,0.991065,-0.131329,-0.000333,0.023306,0.456027,-0.126897,0.188159,0.999613,-0.024484,-0.008294,0.010274,3.120643,0.016079,-0.049145,-0.000594,0.000374,-0.000015,-0.001796,-0.001403,-0.239947,-3.962596,0.938012,1.144550,-1.372266,-1.847619,-0.241764,-0.476728,-0.077319,0.213591,-2.432197,-0.010523,2.345356,0.577929
14.138967,-0.000000,0.000000,0.000000,0.000000,-0.000000,-0.000000,1.000000,0.451185,-0.125843,0.189895,0.991065,-0.131329,-0.000333,0.023306,0.455990,-0.126901,0.188143,0.999461,-0.030059,-0.008270,0.010314,3.120474,0.015911,-0.060300,-0.000557,0.000197,-0.000627,-0.002297,-0.003474,-0.211318,-3.967913,0.961711,1.201369,-1.399249,-1.850779,-0.234601,-0.476734,-0.077351,0.213572,-2.432267,-0.010522,2.345327,0.589058
14.188926,-0.000000,0.000000,0.000000,0.000000,-0.000000,-0.000000,1.000000,0.451185,-0.125843,0.189895,0.991065,-0.131329,-0.000333,0.023306,0.455963,-0.126903,0.188123,0.999287,-0.035364,-0.008244,0.010352,3.120316,0.015746,-0.070916,0.000085,0.000519,-0.000505,-0.003589,-0.004028,-0.211280,-3.992620,1.006989,1.260584,-1.418584,-1.876682,-0.224726,-0.476734,-0.077353,0.213554,-2.432313,-0.010526,2.345312,0.599658
14.238960,-0.000000,0.000000,0.000000,0.000000,-0.000000,-0.000000,1.000000,0.451185,-0.125843,0.189895,0.991065,-0.131329,-0.000333,0.023306,0.455934,-0.126905,0.188106,0.999095,-0.040418,-0.008220,0.010387,3.120168,0.015586,-0.081031,-0.000642,-0.000673,-0.000023,-0.003167,-0.003420,-0.198240,-3.936226,0.935241,1.208867,-1.384625,-1.829597,-0.242591,-0.476734,-0.077367,0.213535,-2.432367,-0.010524,2.345294,0.609753
14.289109,-0.000000,0.000000,0.000000,0.000000,-0.000000,-0.000000,1.000000,0.451185,-0.125843,0.189895,0.991065,-0.131329,-0.000333,0.023306,0.455908,-0.126915,0.188092,0.998884,-0.045336,-0.008194,0.010420,3.120028,0.015425,-0.090877,-0.000858,-0.000094,-0.000819,-0.000144,-0.001033,-0.197654,-3.927225,0.942150,1.213438,-1.386121,-1.817487,-0.239408,-0.476737,-0.077374,0.213503,-2.432405,-0.010521,2.345273,0.619563
14.339097,-0.000000,0.000000,0.000000,0.000000,-0.000000,-0.000000,1.000000,0.451185,-0.125843,0.189895,0.991065,-0.131329,-0.000333,0.023306,0.455874,-0.126917,0.188071,0.998670,-0.049817,-0.008185,0.010451,3.119899,0.015308,-0.099850,-0.000821,0.000184,-0.000617,-0.002005,-0.001542,-0.174308,-3.918032,0.956353,1.223846,-1.400023,-1.801626,-0.242862,-0.476737,-0.077383,0.213483,-2.432460,-0.010525,2.345243,0.628518
14.389090,-0.000000,0.000000,0.000000,0.000000,-0.000000,-0.000000,1.000000,0.451185,-0.125843,0.189895,0.991065,-0.131329,-0.000333,0.023306,0.455838,-0.126916,0.188049,0.998438,-0.054275,-0.008176,0.010481,3.119771,0.015189,-0.108778,-0.000617,-0.000152,-0.000177,-0.003461,-0.003182,-0.183248,-3.932440,0.964953,1.365196,-1.416218,-1.857659,-0.248741,-0.476738,-0.077398,0.213467,-2.432527,-0.010529,2.345219,0.637431
14.439076,-0.000000,0.000000,0.000000,0.000000,-0.000000,-0.000000,1.000000,0.451185,-0.125843,0.189895,0.991065,-0.131329,-0.000333,0.023306,0.455810,-0.126912,0.188031,0.998203,-0.058427,-0.008166,0.010508,3.119657,0.015076,-0.117096,-0.001124,0.000204,-0.001268,-0.001878,0.000460,-0.164813,-3.940547,0.999288,1.402449,-1.432786,-1.863867,-0.231635,-0.476739,-0.077408,0.213462,-2.432572,-0.010525,2.345185,0.645739
14.489188,-0.000000,0.000000,0.000000,0.000000,-0.000000,-0.000000,1.000000,0.451185,-0.125843,0.189895,0.991065,-0.131329,-0.000333,0.023306,0.455796,-0.126910,0.188030,0.997964,-0.062379,-0.008138,0.010540,3.119537,0.014929,-0.125014,0.000001,0.000434,-0.000067,-0.002783,-0.002236,-0.148514,-3.871080,0.963211,1.369865,-1.421230,-1.812216,-0.234810,-0.476735,-0.077432,0.213457,-2.432598,-0.010525,2.345160,0.653658
14.539892,-0.000000,0.000000,0.000000,0.000000,-0.000000,-0.000000,1.000000,0.451185,-0.125843,0.189895,0.991065,-0.131329,-0.000333,0.023306,0.455778,-0.126913,0.188021,0.997722,-0.066134,-0.008117,0.010567,3.119429,0.014799,-0.132540,0.000049,0.000240,0.000300,-0.002800,-0.003810,-0.147771,-3.827216,0.965061,1.368972,-1.427273,-1.781447,-0.231061,-0.476737,-0.077441,0.213445,-2.432625,-0.010525,2.345143,0.661169
14.589939,-0.000000,0.000000,0.000000,0.000000,-0.000000,-0.000000,1.000000,0.451185,-0.125843,0.189895,0.991065,-0.131329,-0.000333,0.023306,0.455760,-0.126912,0.188013,0.997484,-0.069623,-0.008099,0.010593,3.119327,0.014683,-0.139536,-0.000205,-0.000128,-0.000054,-0.003285,-0.002048,-0.135462,-3.836923,0.978065,1.355249,-1.427153,-1.775294,-0.228385,-0.476739,-0.077454,0.213440,-2.432656,-0.010527,2.345122,0.668158
14.640140,-0.000000,0.000000,0.000000,0.000000,-0.000000,-0.000000,1.000000,0.451185,-0.125843,0.189895,0.991065,-0.131329,-0.000333,0.023306,0.455739,-0.126910,0.188001,0.997247,-0.072942,-0.008086,0.010617,3.119234,0.014578,-0.146190,-0.000200,0.000545,-0.000635,-0.002004,-0.001788,-0.132580,-3.869393,1.017611,1.400176,-1.440403,-1.803865,-0.220415,-0.476740,-0.077464,0.213433,-2.432693,-0.010526,2.345105,0.674805
14.690083,-0.000000,0.000000,0.000000,0.000000,-0.000000,-0.000000,1.000000,0.451185,-0.125843,0.189895,0.991065,-0.131329,-0.000333,0.023306,0.455726,-0.126911,0.187994,0.997013,-0.076075,-0.008063,0.010641,3.119144,0.014460,-0.152474,-0.000168,-0.000532,0.000061,-0.002073,-0.002988,-0.126251,-3.865157,1.047982,1.394111,-1.454264,-1.798136,-0.202915,-0.476738,-0.077474,0.213423,-2.432719,-0.010526,2.345099,0.681082
14.741043,-0.000000,0.000000,0.000000,0.000000,-0.000000,-0.000000,1.000000,0.451185,-0.125843,0.189895,0.991065,-0.131329,-0.000333,0.023306,0.455717,-0.126908,0.187990,0.996775,-0.079126,-0.008038,0.010665,3.119056,0.014337,-0.158593,0.000012,-0.000129,0.000480,-0.003692,-0.003573,-0.114499,-3.837612,0.997992,1.377546,-1.438258,-1.776689,-0.218676,-0.476737,-0.077485,0.213425,-2.432741,-0.010525,2.345094,0.687202
14.791165,-0.000000,0.000000,0.000000,0.000000,-0.000000,0.231137,1.000000,0.451185,-0.125843,0.189895,0.991440,-0.128465,-0.000265,0.023307,0.455702,-0.126910,0.187979,0.996556,-0.081844,-0.008026,0.010684,3.118981,0.014248,-0.164047,-0.000166,-0.000260,-0.000064,-0.001546,-0.002681,-0.105544,-3.844794,0.943844,1.422067,-1.423256,-1.793396,-0.244519,-0.476739,-0.077486,0.213414,-2.432765,-0.010526,2.345083,0.692645
14.841145,-0.000000,0.000000,0.000000,0.000000,-0.000000,0.944422,1.000000,0.451185,-0.125843,0.189895,0.992888,-0.116752,0.000010,0.023309,0.455686,-0.126909,0.187969,0.996334,-0.084500,-0.008016,0.010702,3.118908,0.014165,-0.169378,-0.000756,-0.000092,-0.000558,-0.001594,-0.001383,-0.095616,-3.823835,1.027751,1.411039,-1.457056,-1.770973,-0.210089,-0.476739,-0.077490,0.213410,-2.432793,-0.010527,2.345070,0.697972
14.891231,-0.000000,0.000000,0.000000,0.000000,-0.000000,0.999964,1.000000,0.451185,-0.125843,0.189895,0.994269,-0.104332,0.000301,0.023307,0.455679,-0.126911,0.187966,0.996133,-0.086837,-0.007998,0.010719,3.118845,0.014072,-0.174069,0.000074,0.000005,0.000668,-0.002107,-0.002769,-0.095065,-3.775794,0.957491,1.405867,-1.425790,-1.745908,-0.241869,-0.476741,-0.077497,0.213403,-2.432804,-0.010522,2.345060,0.702651
14.941320,-0.000000,0.000000,0.000000,0.000000,-0.000000,0.999964,1.000000,0.451185,-0.125843,0.189895,0.995496,-0.091897,0.000592,0.023301,0.455664,-0.126906,0.187954,0.995950,-0.088908,-0.007995,0.010734,3.118787,0.014017,-0.178226,-0.000274,0.000024,-0.000333,-0.002883,-0.000208,-0.075122,-3.847230,0.992378,1.448570,-1.446179,-1.793456,-0.238056,-0.476738,-0.077495,0.213402,-2.432830,-0.010528,2.345049,0.706816
14.991266,-0.000000,0.000000,0.000000,0.000000,-0.000000,0.999964,1.000000,0.451185,-0.125843,0.189895,0.996567,-0.079447,0.000884,0.023292,0.455657,-0.126910,0.187951,0.995792,-0.090663,-0.007983,0.010746,3.118740,0.013950,-0.181751,-0.000676,0.000081,-0.000375,-0.000535,0.000378,-0.063023,-3.750112,1.000744,1.321557,-1.436957,-1.700764,-0.221613,-0.476740,-0.077501,0.213393,-2.432842,-0.010526,2.345042,0.710328
15.041050,-0.000000,0.000000,0.000000,0.000000,0.008825,0.786951,1.000000,0.451185,-0.125843,0.189895,0.997300,-0.069642,0.001223,0.023272,0.455652,-0.126912,0.187949,0.995675,-0.091939,-0.007972,0.010756,3.118705,0.013899,-0.184314,-0.000193,-0.000540,0.000091,-0.001545,-0.000706,-0.047430,-3.759499,1.050643,1.383922,-1.464248,-1.732462,-0.209461,-0.476739,-0.077503,0.213386,-2.432849,-0.010526,2.345039,0.712884
15.091284,-0.000000,0.000000,0.000000,0.000000,0.008825,0.333029,1.000000,0.451185,-0.125843,0.189895,0.997581,-0.065493,0.001429,0.023259,0.455648,-0.126910,0.187947,0.995595,-0.092799,-0.007967,0.010763,3.118679,0.013866,-0.186040,0.000116,-0.000053,-0.000011,-0.001063,-0.000942,-0.027399,-3.766628,1.040074,1.414328,-1.469628,-1.750741,-0.224578,-0.476741,-0.077508,0.213390,-2.432859,-0.010527,2.345038,0.714613
15.141155,-0.000000,0.000000,0.000000,0.000000,-0.000000,-0.000000,1.000000,0.451185,-0.125843,0.189895,0.997581,-0.065493,0.001429,0.023259,0.455643,-0.126908,0.187944,0.995549,-0.093290,-0.007968,0.010765,3.118668,0.013857,-0.187027,-0.000152,0.000670,-0.000328,0.000551,0.001369,-0.012313,-3.747309,1.044784,1.393339,-1.481319,-1.727015,-0.224772,-0.476740,-0.077509,0.213388,-2.432866,-0.010524,2.345029,0.715598
15.191222,-0.000000,0.000000,0.000000,0.000000,-0.000000,-0.000000,1.000000,0.451185,-0.125843,0.189895,0.997581,-0.065493,0.001429,0.023259,0.455636,-0.126909,0.187941,0.995535,-0.093437,-0.007971,0.010767,3.118661,0.013859,-0.187324,0.000062,0.000371,0.000023,-0.001294,-0.000535,0.000725,-3.780608,1.077312,1.421764,-1.496433,-1.752952,-0.214345,-0.476740,-0.077518,0.213385,-2.432884,-0.010528,2.345030,0.715894
15.241919,-0.000000,0.000000,0.000000,0.000000,-0.000000,-0.000000,1.000000,0.451185,-0.125843,0.189895,0.997581,-0.065493,0.001429,0.023259,0.455632,-0.126909,0.187939,0.995534,-0.093444,-0.007975,0.010765,3.118663,0.013867,-0.187336,0.000806,-0.000885,0.001689,-0.000339,-0.003631,-0.000982,-3.714139,1.036335,1.382908,-1.476703,-1.715932,-0.203968,-0.476742,-0.077521,0.213385,-2.432889,-0.010524,2.345025,0.715901
15.291999,-0.000000,0.000000,0.000000,0.000000,-0.000000,-0.000000,1.000000,0.451185,-0.125843,0.189895,0.997581,-0.065493,0.001429,0.023259,0.455636,-0.126901,0.187942,0.995535,-0.093439,-0.007971,0.010766,3.118664,0.013859,-0.187326,0.001355,0.001174,0.001117,-0.000241,-0.002936,0.001903,-3.825742,0.933672,1.382402,-1.435486,-1.773884,-0.215400,-0.476737,-0.077526,0.213398,-2.432889,-0.010520,2.345027,0.715906
15.342084,-0.000000,0.000000,0.000000,0.000000,-0.000000,-0.000000,1.000000,0.451185,-0.125843,0.189895,0.997581,-0.065493,0.001429,0.023259,0.455632,-0.126891,0.187939,0.995536,-0.093426,-0.007978,0.010766,3.118662,0.013873,-0.187302,-0.000567,0.000443,-0.000383,0.000750,0.002552,0.000503,-3.723070,0.919611,1.344522,-1.433276,-1.710883,-0.157833,-0.476734,-0.077532,0.213412,-2.432903,-0.010521,2.345022,0.715899
15.395157,-0.000000,0.000000,0.000000,0.000000,-0.000000,-0.000000,1.000000,0.451185,-0.125843,0.189895,0.997581,-0.065493,0.001429,0.023259,0.455632,-0.126881,0.187940,0.995538,-0.093403,-0.007976,0.010770,3.118655,0.013870,-0.187254,0.000169,0.000786,0.000835,-0.001544,-0.001138,0.004012,-3.770951,0.888449,1.364883,-1.462204,-1.732015,-0.146006,-0.476728,-0.077544,0.213430,-2.432912,-0.010525,2.345023,0.715878
15.443206,-0.000000,0.000000,0.000000,0.000000,-0.000000,-0.000000,1.000000,0.451185,-0.125843,0.189895,0.997581,-0.065493,0.001429,0.023259,0.455635,-0.126861,0.187937,0.995542,-0.093358,-0.007981,0.010772,3.118651,0.013879,-0.187165,0.000470,0.000302,0.000254,-0.000312,-0.000268,0.002427,-3.718944,0.856152,1.244694,-1.460984,-1.653121,-0.128302,-0.476715,-0.077542,0.213462,-2.432917,-0.010529,2.345024,0.715836
15.492188,-0.000000,0.000000,0.000000,0.000000,-0.000000,-0.000000,1.000000,0.451185,-0.125843,0.189895,0.997581,-0.065493,0.001429,0.023259,0.455637,-0.126842,0.187937,0.995556,-0.093214,-0.007982,0.010773,3.118650,0.013884,-0.186875,0.000842,0.000640,0.000729,-0.000150,-0.001314,0.006340,-3.796154,0.817945,1.314603,-1.467686,-1.711697,-0.128425,-0.476704,-0.077551,0.213493,-2.432927,-0.010530,2.345026,0.715589
15.542210,-0.000000,0.000000,0.000000,0.000000,-0.000000,-0.000000,1.000000,0.451185,-0.125843,0.189895,0.997581,-0.065493,0.001429,0.023259,0.455637,-0.126825,0.187937,0.995575,-0.093010,-0.007985,0.010776,3.118646,0.013895,-0.186465,-0.000791,-0.000106,-0.000453,-0.000362,0.000983,0.007600,-3.795354,0.825966,1.325857,-1.470700,-1.719064,-0.095309,-0.476698,-0.077565,0.213524,-2.432941,-0.010536,2.345026,0.715220
15.592852,-0.000000,0.000000,0.000000,0.000000,-0.000000,-0.000000,1.000000,0.451185,-0.125843,0.189895,0.997581,-0.065493,0.001429,0.023259,0.455648,-0.126789,0.187941,0.995602,-0.092713,-0.007985,0.010782,3.118639,0.013901,-0.185869,0.000082,0.000793,0.000245,-0.000561,0.000274,0.011259,-3.836274,0.759856,1.300342,-1.440796,-1.726926,-0.102227,-0.476694,-0.077576,0.213605,-2.432942,-0.010543,2.345024,0.714713
15.642909,-0.000000,0.000000,0.000000,0.000000,-0.000000,-0.000000,1.000000,0.451185,-0.125843,0.189895,0.997581,-0.065493,0.001429,0.023259,0.455656,-0.126750,0.187944,0.995634,-0.092369,-0.007987,0.010785,3.118637,0.013911,-0.185178,0.000150,0.000683,0.000457,-0.000083,-0.000531,0.011739,-3.872018,0.775355,1.420681,-1.453922,-1.789143,-0.073752,-0.476687,-0.077592,0.213686,-2.432950,-0.010543,2.345022,0.714109
15.697302,-0.000000,0.000000,0.000000,0.000000,-0.000000,-0.000000,1.000000,0.451185,-0.125843,0.189895,0.997581,-0.065493,0.001429,0.023259,0.455666,-0.126727,0.187954,0.995679,-0.091888,-0.007981,0.010789,3.118637,0.013911,-0.184212,0.000077,-0.000198,0.000290,0.000750,-0.000274,0.016162,-3.903774,0.674378,1.390134,-1.407437,-1.800672,-0.096897,-0.476686,-0.077614,0.213739,-2.432951,-0.010546,2.345024,0.713199
15.744159,-0.000000,0.000000,0.000000,0.000000,-0.000000,-0.000000,1.000000,0.451185,-0.125843,0.189895,0.997581,-0.065493,0.001429,0.023259,0.455669,-0.126715,0.187958,0.995720,-0.091444,-0.007982,0.010790,3.118641,0.013924,-0.183320,-0.000132,-0.000056,-0.000642,0.000859,0.002286,0.018181,-3.883255,0.644526,1.362276,-1.382050,-1.784725,-0.083870,-0.476680,-0.077628,0.213763,-2.432957,-0.010549,2.345025,0.712339
15.794157,-0.000000,0.000000,0.000000,0.000000,-0.000000,-0.000000,1.000000,0.451185,-0.125843,0.189895,0.997581,-0.065493,0.001429,0.023259,0.455669,-0.126703,0.187964,0.995761,-0.090989,-0.007984,0.010790,3.118647,0.013937,-0.182407,-0.000523,0.001311,-0.000781,0.001288,0.002732,0.017634,-3.924661,0.591859,1.355834,-1.355012,-1.801017,-0.094015,-0.476679,-0.077650,0.213788,-2.432967,-0.010549,2.345021,0.711451
15.844204,-0.000000,0.000000,0.000000,0.000000,-0.000000,-0.000000,1.000000,0.451185,-0.125843,0.189895,0.997581,-0.065493,0.001429,0.023259,0.455675,-0.126688,0.187972,0.995801,-0.090553,-0.007980,0.010792,3.118650,0.013940,-0.181531,-0.000107,-0.000236,0.000420,0.000882,-0.000288,0.014663,-3.942328,0.632001,1.422485,-1.379035,-1.837134,-0.058266,-0.476678,-0.077669,0.213823,-2.432968,-0.010549,2.345022,0.710611
15.895087,-0.000000,0.000000,0.000000,1.000000,-0.000000,-0.000000,1.000000,0.451185,-0.125843,0.189895,0.997794,-0.065505,0.000611,0.010787,0.455685,-0.126650,0.187976,0.995841,-0.090109,-0.007980,0.010797,3.118646,0.013948,-0.180639,0.000000,0.001152,-0.000605,0.000423,0.001206,0.023268,-3.950060,0.559699,1.404469,-1.358497,-1.836834,-0.076200,-0.476671,-0.077687,0.213905,-2.432978,-0.010556,2.345026,0.709812
15.945637,-0.000000,0.000000,0.000000,1.000000,-0.000000,-0.000000,1.000000,0.451185,-0.125843,0.189895,0.997851,-0.065508,-0.000208,-0.001686,0.455693,-0.126623,0.187982,0.995881,-0.089675,-0.007980,0.010801,3.118645,0.013957,-0.179768,0.000490,0.000625,0.000459,-0.000280,-0.001367,0.017901,-3.961119,0.567163,1.368024,-1.354297,-1.823692,-0.061664,-0.476671,-0.077705,0.213969,-2.432981,-0.010560,2.345024,0.709007
15.995121,-0.000000,0.000000,0.000000,1.000000,-0.000000,-0.000000,1.000000,0.451185,-0.125843,0.189895,0.997752,-0.065500,-0.001027,-0.014158,0.455689,-0.126603,0.187975,0.995923,-0.089205,-0.007994,0.010797,3.118656,0.013997,-0.178824,-0.000379,0.000578,-0.000353,-0.000114,0.001287,0.017960,-3.966168,0.540584,1.355339,-1.296943,-1.815153,-0.063971,-0.476665,-0.077707,0.214000,-2.433001,-0.010560,2.345023,0.708101
16.045279,-0.000000,0.000000,0.000000,1.000000,-0.000000,-0.000000,1.000000,0.451185,-0.125843,0.189895,0.997497,-0.065482,-0.001846,-0.026629,0.455682,-0.126598,0.187967,0.995968,-0.088693,-0.008010,0.010792,3.118671,0.014042,-0.177797,-0.000799,0.000157,-0.001594,0.002484,0.003758,0.021329,-4.010705,0.554562,1.495337,-1.212257,-1.907567,-0.053653,-0.476662,-0.077704,0.214007,-2.433016,-0.010562,2.345020,0.707084
16.095111,-0.000000,0.000000,0.000000,1.000000,-0.000000,-0.000000,1.000000,0.451185,-0.125843,0.189895,0.997086,-0.065454,-0.002664,-0.039095,0.455666,-0.126591,0.187955,0.996017,-0.088139,-0.008037,0.010784,3.118690,0.014110,-0.176685,-0.000309,0.000193,-0.000136,0.000822,0.000567,0.020609,-4.063773,0.509252,1.506083,-1.028586,-1.956183,-0.074666,-0.476661,-0.077706,0.214011,-2.433042,-0.010561,2.345001,0.705976
16.146023,-0.000000,0.000000,0.000000,1.000000,-0.000000,-0.000000,1.000000,0.451185,-0.125843,0.189895,0.996519,-0.065416,-0.003482,-0.051555,0.455648,-0.126579,0.187944,0.996064,-0.087607,-0.008076,0.010759,3.118740,0.014204,-0.175617,-0.000235,0.001121,-0.000119,0.002669,0.001994,0.024199,-4.064068,0.551964,1.602327,-0.843708,-2.029761,-0.053431,-0.476659,-0.077704,0.214015,-2.433054,-0.010520,2.344943,0.704883
16.195365,-0.000000,0.000000,0.000000,1.000000,-0.000000,-0.000000,1.000000,0.451185,-0.125843,0.189895,0.995797,-0.065367,-0.004299,-0.064007,0.455592,-0.126542,0.187910,0.996107,-0.087121,-0.008184,0.010646,3.118953,0.014449,-0.174642,-0.001238,-0.000363,-0.000268,0.004585,0.003848,0.023838,-4.179857,0.630235,1.829127,-0.544478,-2.222115,-0.038556,-0.476665,-0.077689,0.214005,-2.433078,-0.010275,2.344743,0.703715
16.246147,-0.000000,0.000000,0.000000,1.000000,-0.000000,-0.000000,1.000000,0.451185,-0.125843,0.189895,0.994919,-0.065308,-0.005116,-0.076449,0.455551,-0.126435,0.187881,0.996152,-0.086639,-0.008269,0.010327,3.119581,0.014685,-0.173672,-0.000207,0.002201,0.000370,0.020220,-0.002135,0.020663,-4.192008,0.672954,2.015929,-0.327320,-2.326412,-0.022622,-0.476661,-0.077682,0.213990,-2.433082,-0.009448,2.344490,0.702152
16.296149,-0.000000,0.000000,0.000000,1.000000,-0.000000,-0.000000,1.000000,0.451185,-0.125843,0.189895,0.993886,-0.065239,-0.005932,-0.088880,0.455486,-0.126215,0.187825,0.996205,-0.086109,-0.008370,0.009506,3.121207,0.015039,-0.172598,-0.002578,0.002962,-0.001289,0.043436,0.002808,0.022300,-4.193007,0.648154,2.084785,-0.195310,-2.361105,-0.037539,-0.476656,-0.077662,0.213849,-2.433095,-0.007269,2.344057,0.699413
16.346188,-0.000000,0.000000,0.000000,1.000000,-0.000000,-0.000000,1.000000,0.451185,-0.125843,0.189895,0.992697,-0.065160,-0.006747,-0.101296,0.455405,-0.125928,0.187766,0.996254,-0.085696,-0.008414,0.008012,3.124183,0.015393,-0.171749,-0.002680,0.003179,-0.001521,0.069934,-0.003360,0.022263,-4.218255,0.573811,2.230432,-0.048453,-2.439842,-0.081889,-0.476673,-0.077658,0.213386,-2.433097,-0.003246,2.343468,0.695272
16.399446,-0.000000,0.000000,0.000000,1.000000,-0.000000,-0.000000,1.000000,0.451185,-0.125843,0.189895,0.991354,-0.065071,-0.007561,-0.113696,0.455278,-0.125690,0.187701,0.996318,-0.085108,-0.008427,0.005963,3.128274,0.015778,-0.170535,-0.002883,0.000236,-0.000869,0.086834,-0.008296,0.021668,-4.185376,0.459257,2.273978,0.114090,-2.468976,-0.146643,-0.476692,-0.077651,0.212415,-2.433086,0.002243,2.342721,0.689236
16.447121,-0.000000,0.000000,0.000000,1.000000,-0.000000,-0.000000,1.000000,0.451185,-0.125843,0.189895,0.989855,-0.064971,-0.008374,-0.126079,0.455108,-0.125480,0.187623,0.996368,-0.084667,-0.008405,0.003430,3.133333,0.016169,-0.169610,-0.004025,0.001225,-0.001548,0.127164,-0.015338,0.006206,-4.148742,0.463495,2.282660,0.158369,-2.466406,-0.155839,-0.476705,-0.077639,0.211018,-2.433084,0.009010,2.341846,0.682184
16.496291,-0.000000,0.000000,0.000000,1.000000,-0.000000,-0.000000,1.000000,0.451185,-0.125843,0.189895,0.988202,-0.064861,-0.009185,-0.138442,0.454895,-0.125148,0.187532,0.996414,-0.084206,-0.008265,-0.000478,3.141154,0.016553,-0.168621,-0.006469,-0.001341,-0.002566,0.172387,-0.019092,0.024574,-3.947539,0.356980,2.283024,0.163309,-2.378029,-0.188169,-0.476719,-0.077634,0.208873,-2.433063,0.019490,2.340586,0.671747
16.547077,-0.000000,0.000000,0.000000,1.000000,-0.000000,-0.000000,1.000000,0.451185,-0.125843,0.189895,0.986394,-0.064741,-0.009995,-0.150784,0.454608,-0.124960,0.187444,0.996440,-0.083769,-0.008037,-0.005037,-3.132901,0.016862,-0.167670,-0.007932,-0.003869,-0.001789,0.197328,-0.025227,0.035440,-3.774419,0.248189,2.354976,0.126461,-2.318122,-0.230202,-0.476826,-0.077634,0.206024,-2.433039,0.031658,2.339114,0.659390
16.597095,-0.000000,0.000000,0.000000,1.000000,-0.000000,-0.000000,1.000000,0.451185,-0.125843,0.189895,0.984432,-0.064611,-0.010804,-0.163101,0.454262,-0.124809,0.187374,0.996447,-0.083211,-0.007739,-0.010447,-3.122057,0.017163,-0.166460,-0.010666,-0.008509,-0.001786,0.209544,-0.020260,0.046483,-3.392182,-0.069195,2.332687,0.191002,-2.133873,-0.341422,-0.477027,-0.077620,0.202541,-2.432911,0.046030,2.337155,0.644546
16.647140,-0.000000,0.000000,0.000000,1.000000,-0.000000,-0.000000,1.000000,0.451185,-0.125843,0.189895,0.982317,-0.064471,-0.011611,-0.175394,0.453912,-0.124615,0.187343,0.996397,-0.082818,-0.007334,-0.016736,-3.109446,0.017389,-0.165575,-0.010116,-0.009375,-0.001483,0.255012,-0.035341,0.014473,-3.031461,-0.235371,2.233061,0.233756,-1.922917,-0.384874,-0.477270,-0.077541,0.198538,-2.432576,0.062665,2.334634,0.627931
16.697320,-0.000000,0.000000,0.000000,1.000000,-0.000000,-0.000000,1.000000,0.451185,-0.125843,0.189895,0.980047,-0.064321,-0.012415,-0.187659,0.453531,-0.124525,0.187342,0.996300,-0.082386,-0.006832,-0.023488,-3.095893,0.017485,-0.164609,-0.010037,-0.008787,0.000265,0.273405,-0.043452,0.025175,-2.753015,-0.026225,2.152200,0.145159,-1.767274,-0.260356,-0.477523,-0.077394,0.193951,-2.432104,0.080387,2.331710,0.609938
16.747310,-0.000000,0.000000,0.000000,1.000000,-0.000000,-0.000000,1.000000,0.451185,-0.125843,0.189895,0.977625,-0.064161,-0.013219,-0.199894,0.453145,-0.124430,0.187368,0.996139,-0.082045,-0.006264,-0.030601,-3.081609,0.017502,-0.163829,-0.007808,-0.010062,0.001305,0.295318,-0.058935,0.005180,-2.609064,0.014801,2.193746,0.179042,-1.735931,-0.221506,-0.477602,-0.077163,0.188899,-2.431478,0.098894,2.328338,0.591355
16.797119,-0.000000,0.000000,0.000000,0.000000,-0.000000,-0.000000,1.000000,0.451185,-0.125843,0.189895,0.977625,-0.064161,-0.013219,-0.199894,0.452765,-0.124344,0.187397,0.995906,-0.081772,-0.005638,-0.038111,-3.066523,0.017465,-0.163193,-0.006669,-0.011311,0.001211,0.307666,-0.065554,0.003615,-2.538693,0.140793,2.112017,0.167079,-1.679308,-0.137160,-0.477662,-0.076728,0.183484,-2.430632,0.118225,2.324487,0.572072
16.847313,-0.000000,0.000000,0.000000,0.000000,-0.000000,-0.000000,1.000000,0.451185,-0.125843,0.189895,0.977625,-0.064161,-0.013219,-0.199894,0.452387,-0.124241,0.187450,0.995605,-0.081465,-0.005165,-0.045901,-3.050897,0.017764,-0.162479,-0.004274,-0.011967,0.003148,0.324137,-0.068186,-0.001503,-2.506910,0.003490,2.135626,0.297096,-1.710593,-0.182873,-0.477716,-0.075945,0.177854,-2.429250,0.137828,2.319617,0.552449
16.897203,-0.000000,0.000000,0.000000,0.000000,-0.000000,-0.000000,1.000000,0.451185,-0.125843,0.189895,0.977625,-0.064161,-0.013219,-0.199894,0.452025,-0.124159,0.187644,0.995223,-0.081160,-0.004950,-0.054035,-3.034621,0.018625,-0.161741,-0.002541,-0.014296,0.006792,0.318741,-0.061849,-0.004581,-2.350359,-0.045647,2.035791,0.365520,-1.626994,-0.180571,-0.477929,-0.074802,0.172044,-2.426921,0.157645,2.313056,0.532551
16.947930,-0.000000,0.000000,0.000000,0.000000,-0.000000,-0.000000,1.000000,0.451185,-0.125843,0.189895,0.977625,-0.064161,-0.013219,-0.199894,0.451746,-0.124145,0.187883,0.994785,-0.080962,-0.004737,-0.061848,-3.018980,0.019441,-0.161221,-0.003685,-0.015408,0.004774,0.321321,-0.061563,-0.023474,-2.172962,-0.053244,1.822406,0.470289,-1.504188,-0.161228,-0.478105,-0.073413,0.166275,-2.424241,0.176290,2.306252,0.513891
16.997306,-0.000000,0.000000,0.000000,0.000000,-0.000000,-0.000000,1.000000,0.451185,-0.125843,0.189895,0.977625,-0.064161,-0.013219,-0.199894,0.451437,-0.124081,0.188047,0.994296,-0.080726,-0.004465,-0.069557,-3.003527,0.020110,-0.160633,-0.005552,-0.011777,0.004758,0.316040,-0.049747,-0.007389,-1.679460,-0.310719,1.667665,0.576977,-1.248921,-0.195618,-0.478436,-0.071967,0.160765,-2.421801,0.194516,2.299592,0.495624
17.048050,-0.000000,0.000000,0.000000,0.000000,-0.000000,-0.000000,1.000000,0.451185,-0.125843,0.189895,0.977625,-0.064161,-0.013219,-0.199894,0.451086,-0.124025,0.188228,0.993767,-0.080493,-0.004349,-0.077001,-2.988621,0.021040,-0.160030,-0.010539,-0.007149,0.000902,0.307555,-0.021399,0.013246,-1.386809,-0.733633,1.722794,0.764209,-1.186465,-0.336259,-0.478669,-0.070443,0.155262,-2.419213,0.211636,2.292462,0.478362
17.097848,-0.000000,0.000000,0.000000,0.000000,-0.000000,-0.000000,1.000000,0.451185,-0.125843,0.189895,0.977625,-0.064161,-0.013219,-0.199894,0.450786,-0.123976,0.188422,0.993197,-0.080292,-0.003989,-0.084247,-2.974064,0.021454,-0.159532,-0.009266,-0.009293,0.000156,0.286012,-0.026752,0.015923,-1.263770,-0.710213,1.832022,0.715795,-1.193775,-0.304173,-0.478909,-0.069016,0.149862,-2.416867,0.228323,2.285794,0.461606
17.147961,-0.000000,0.000000,0.000000,0.000000,-0.000000,-0.000000,1.000000,0.451185,-0.125843,0.189895,0.977625,-0.064161,-0.013219,-0.199894,0.450522,-0.123968,0.188602,0.992618,-0.080044,-0.003876,-0.091030,-2.960463,0.022270,-0.158908,-0.006532,-0.011681,0.000129,0.263387,-0.014573,-0.002393,-1.231381,-0.897420,1.756130,0.830175,-1.182332,-0.387692,-0.479077,-0.067223,0.144649,-2.414095,0.243340,2.278749,0.446275
17.198064,-0.000000,0.000000,0.000000,0.000000,-0.000000,-0.000000,1.000000,0.451185,-0.125843,0.189895,0.977625,-0.064161,-0.013219,-0.199894,0.450449,-0.123911,0.188760,0.991983,-0.079943,-0.003850,-0.097799,-2.946898,0.023278,-0.158557,0.002588,-0.013362,0.001861,0.256431,-0.043347,-0.013508,-1.539399,-0.644855,1.701759,0.737314,-1.285557,-0.330745,-0.479209,-0.064751,0.139601,-2.410622,0.257928,2.271369,0.431857
17.248147,-0.000000,0.000000,0.000000,0.000000,-0.000000,-0.000000,1.000000,0.451185,-0.125843,0.189895,0.977625,-0.064161,-0.013219,-0.199894,0.450438,-0.123946,0.188719,0.991354,-0.079895,-0.003766,-0.104018,-2.934419,0.024091,-0.158330,0.002645,-0.011030,-0.000836,0.255124,-0.042023,-0.022993,-1.539436,-0.512009,1.739304,0.646269,-1.279999,-0.264197,-0.479363,-0.061891,0.134856,-2.407364,0.271200,2.264994,0.418644
17.298311,-0.000000,0.000000,0.000000,-1.000000,-0.000000,-0.000000,1.000000,0.451185,-0.125843,0.189895,0.980047,-0.064321,-0.012415,-0.187659,0.450338,-0.123997,0.188656,0.990738,-0.079743,-0.003867,-0.109838,-2.922758,0.025183,-0.157864,0.001722,-0.011006,0.001770,0.232742,-0.031873,-0.023416,-1.270502,-0.491751,1.651441,0.669963,-1.175641,-0.213800,-0.479542,-0.059096,0.130336,-2.404207,0.283212,2.258502,0.406331
17.348328,-0.000000,0.000000,0.000000,-1.000000,-0.000000,-0.000000,1.000000,0.451185,-0.125843,0.189895,0.982317,-0.064471,-0.011611,-0.175394,0.450297,-0.123905,0.188679,0.990084,-0.079585,-0.003858,-0.115693,-2.910999,0.026057,-0.157402,-0.001185,-0.006661,0.001196,0.224613,-0.017018,0.000472,-1.279165,-0.735988,1.499149,0.756495,-1.114720,-0.325544,-0.479747,-0.056464,0.126092,-2.401080,0.295329,2.251924,0.394265
17.398982,-0.000000,0.000000,0.000000,-1.000000,-0.000000,-0.000000,1.000000,0.451185,-0.125843,0.189895,0.984432,-0.064611,-0.010804,-0.163101,0.450274,-0.123980,0.188690,0.989524,-0.079382,-0.003915,-0.120519,-2.901310,0.026885,-0.156857,-0.001824,-0.005945,-0.001728,0.200193,-0.007012,0.005968,-0.988398,-0.665098,1.466093,0.738374,-1.002999,-0.238926,-0.479879,-0.053962,0.122249,-2.398126,0.304979,2.246153,0.384183
17.449264,-0.000000,0.000000,0.000000,-1.000000,-0.000000,-0.000000,1.000000,0.451185,-0.125843,0.189895,0.986394,-0.064741,-0.009995,-0.150784,0.450307,-0.123992,0.188624,0.988999,-0.079193,-0.004079,-0.124869,-2.892588,0.027849,-0.156321,-0.003252,-0.004880,-0.003903,0.175270,0.018558,0.015975,-0.961708,-0.873042,1.434045,0.845530,-1.001802,-0.322461,-0.479993,-0.051316,0.118935,-2.395214,0.313459,2.240831,0.375417
17.499044,-0.000000,0.000000,0.000000,-1.000000,-0.000000,-0.000000,1.000000,0.451185,-0.125843,0.189895,0.988202,-0.064861,-0.009185,-0.138442,0.450323,-0.124135,0.188613,0.988579,-0.078916,-0.004775,-0.128297,-2.885790,0.029695,-0.155498,-0.001996,-0.004200,-0.001426,0.135199,0.039872,0.017448,-0.972273,-1.138887,1.438163,0.979030,-1.059106,-0.446755,-0.480101,-0.048520,0.116081,-2.391744,0.319110,2.235073,0.368948
17.549077,-0.000000,0.000000,0.000000,-1.000000,-0.000000,-0.000000,1.000000,0.451185,-0.125843,0.189895,0.989855,-0.064971,-0.008374,-0.126079,0.450506,-0.124297,0.188674,0.988235,-0.078731,-0.005306,-0.131012,-2.880402,0.031121,-0.154912,0.004144,-0.006931,-0.001552,0.097850,0.010232,0.004225,-1.211796,-0.845437,1.605278,0.871287,-1.255306,-0.349725,-0.480150,-0.045945,0.113794,-2.388384,0.323457,2.230296,0.364069
17.599153,-0.000000,0.000000,0.000000,-1.000000,-0.000000,-0.000000,1.000000,0.451185,-0.125843,0.189895,0.991354,-0.065071,-0.007561,-0.113696,0.450705,-0.124398,0.188704,0.987990,-0.078533,-0.005678,-0.132955,-2.876541,0.032107,-0.154361,0.006095,-0.006237,-0.000418,0.056569,-0.008968,0.009429,-1.623149,-0.771297,1.636739,0.861522,-1.443505,-0.390139,-0.480179,-0.043908,0.112233,-2.385797,0.326539,2.226891,0.360555
17.649124,-0.000000,0.000000,0.000000,-1.000000,-0.000000,-0.000000,1.000000,0.451185,-0.125843,0.189895,0.992697,-0.065160,-0.006747,-0.101296,0.450806,-0.124456,0.188718,0.987830,-0.078400,-0.005908,-0.134201,-2.874063,0.032721,-0.153996,0.002700,-0.003341,0.001046,0.034329,-0.006293,-0.001753,-1.560916,-0.536465,1.500513,0.793716,-1.387281,-0.281223,-0.480212,-0.042673,0.111238,-2.384242,0.328532,2.224740,0.358268
17.700077,-0.000000,0.000000,0.000000,-1.000000,-0.000000,-0.000000,1.000000,0.451185,-0.125843,0.189895,0.993886,-0.065239,-0.005932,-0.088880,0.450826,-0.124461,0.188689,0.987776,-0.078303,-0.006055,-0.134651,-2.873174,0.033055,-0.153749,0.000279,0.000743,-0.000411,0.004518,0.001466,0.006216,-1.469513,-0.645272,1.466716,0.827654,-1.370292,-0.321593,-0.480214,-0.042147,0.110901,-2.383660,0.329176,2.223905,0.357423
17.749999,-0.000000,0.000000,0.000000,-1.000000,-0.000000,-0.000000,1.000000,0.451185,-0.125843,0.189895,0.994919,-0.065308,-0.005116,-0.076449,0.450847,-0.124452,0.188712,0.987780,-0.078235,-0.006042,-0.134658,-2.873157,0.033012,-0.153617,0.000677,-0.000434,0.001073,-0.001535,-0.003421,-0.000283,-1.555024,-0.324441,1.385275,0.591577,-1.376247,-0.203011,-0.480206,-0.042143,0.110915,-2.383593,0.329183,2.223851,0.357319
17.799341,-0.000000,0.000000,0.000000,-1.000000,-0.000000,-0.000000,1.000000,0.451185,-0.125843,0.189895,0.995797,-0.065367,-0.004299,-0.064007,0.450883,-0.124454,0.188748,0.987787,-0.078189,-0.006000,-0.134641,-2.873183,0.032914,-0.153538,0.001027,-0.000289,0.000818,-0.001444,-0.002084,0.000881,-1.412863,-0.377019,1.185064,0.417867,-1.229637,-0.204597,-0.480196,-0.042160,0.110935,-2.383521,0.329174,2.223852,0.357272
17.849265,-0.000000,0.000000,0.000000,-1.000000,-0.000000,-0.000000,1.000000,0.451185,-0.125843,0.189895,0.996519,-0.065416,-0.003482,-0.051555,0.450943,-0.124531,0.188800,0.987816,-0.078083,-0.005925,-0.134488,-2.873476,0.032714,-0.153351,0.000787,-0.001527,0.000267,-0.011819,-0.002274,0.010145,-1.595247,-0.256521,1.121446,0.118578,-1.236391,-0.181136,-0.480200,-0.042166,0.110938,-2.383385,0.328873,2.223973,0.357258
17.899401,-0.000000,0.000000,0.000000,-1.000000,-0.000000,-0.000000,1.000000,0.451185,-0.125843,0.189895,0.997086,-0.065454,-0.002664,-0.039095,0.451018,-0.124703,0.188856,0.987909,-0.077741,-0.005802,-0.134012,-2.874407,0.032307,-0.152720,0.000921,-0.003895,0.001419,-0.028158,-0.005274,0.017914,-1.367590,-0.256896,0.791994,-0.081638,-0.981238,-0.169610,-0.480190,-0.042237,0.111011,-2.383301,0.327891,2.224443,0.357257
17.949978,-0.000000,0.000000,0.000000,-1.000000,-0.000000,-0.000000,1.000000,0.451185,-0.125843,0.189895,0.997497,-0.065482,-0.001846,-0.026629,0.451089,-0.124989,0.188913,0.988076,-0.077085,-0.005692,-0.133157,-2.876091,0.031783,-0.151470,0.001722,-0.005529,0.002067,-0.041765,-0.009177,0.028863,-1.406387,0.063669,0.694048,-0.454882,-0.936448,-0.100278,-0.480178,-0.042344,0.111159,-2.383216,0.326010,2.225170,0.357258
18.000022,-0.000000,0.000000,0.000000,-1.000000,-0.000000,-0.000000,1.000000,0.451185,-0.125843,0.189895,0.997752,-0.065500,-0.001027,-0.014158,0.451161,-0.125329,0.188974,0.988313,-0.076123,-0.005584,-0.131951,-2.878473,0.031131,-0.149624,0.001840,-0.006124,0.002500,-0.056605,-0.007685,0.042426,-1.324629,0.205334,0.413057,-0.712507,-0.772335,-0.076689,-0.480162,-0.042544,0.111476,-2.383195,0.323335,2.226176,0.357309
18.050165,-0.000000,0.000000,0.000000,-1.000000,-0.000000,-0.000000,1.000000,0.451185,-0.125843,0.189895,0.997851,-0.065508,-0.000208,-0.001686,0.451223,-0.125775,0.189052,0.988649,-0.074908,-0.005594,-0.130114,-2.882135,0.030558,-0.147261,0.002339,-0.006668,0.003647,-0.089918,0.003842,0.051634,-1.552125,0.474117,0.301130,-1.005511,-0.822514,-0.057744,-0.480101,-0.042861,0.112043,-2.383182,0.319117,2.227492,0.358133
18.100204,-0.000000,0.000000,0.000000,-1.000000,-0.000000,-0.000000,1.000000,0.451185,-0.125843,0.189895,0.997794,-0.065505,0.000611,0.010787,0.451310,-0.126229,0.189165,0.989069,-0.073587,-0.005735,-0.127647,-2.887080,0.030135,-0.144671,0.002377,-0.004954,0.003491,-0.106330,0.010366,0.051654,-1.506088,0.859004,0.089990,-1.252931,-0.740745,0.039245,-0.479814,-0.043344,0.112887,-2.383202,0.313399,2.229137,0.360211
18.150156,-0.000000,0.000000,0.000000,-1.000000,-0.000000,-0.000000,1.000000,0.451185,-0.125843,0.189895,0.997581,-0.065493,0.001429,0.023259,0.451433,-0.126670,0.189329,0.989558,-0.072165,-0.006001,-0.124622,-2.893161,0.029868,-0.141866,0.003428,-0.003805,0.004489,-0.139264,0.021131,0.068016,-1.614262,1.188500,0.082515,-1.436140,-0.820635,0.089224,-0.479500,-0.043975,0.114191,-2.383196,0.306335,2.230993,0.363460
18.200290,-0.000000,0.000000,0.000000,-1.000000,-0.000000,-0.000000,1.000000,0.451185,-0.125843,0.189895,0.997212,-0.065470,0.002248,0.035726,0.451545,-0.127173,0.189477,0.990151,-0.070670,-0.006554,-0.120682,-2.901114,0.030041,-0.138874,0.004623,-0.003309,0.004739,-0.174161,0.032217,0.057986,-1.536119,1.328150,-0.024408,-1.502718,-0.777964,0.112127,-0.479005,-0.044686,0.115923,-2.383216,0.296958,2.233237,0.368659
18.250385,-0.000000,0.000000,0.000000,-1.000000,-0.000000,-0.000000,1.000000,0.451185,-0.125843,0.189895,0.996688,-0.065437,0.003066,0.048188,0.451803,-0.127541,0.189632,0.990774,-0.069297,-0.007140,-0.116250,-2.910059,0.030264,-0.136137,0.007303,-0.000588,0.005190,-0.190057,0.028744,0.067968,-1.707721,1.593628,-0.016974,-1.637063,-0.877068,0.203339,-0.478351,-0.045380,0.118241,-2.383226,0.286562,2.236001,0.375475
18.300313,-0.000000,0.000000,0.000000,-1.000000,-0.000000,-0.000000,1.000000,0.451185,-0.125843,0.189895,0.996008,-0.065393,0.003884,0.060643,0.452082,-0.127950,0.189740,0.991467,-0.067974,-0.007974,-0.110949,-2.920777,0.030899,-0.133477,0.008989,0.002781,0.003612,-0.225226,0.045955,0.066074,-1.858398,1.548429,-0.174035,-1.575902,-0.915085,0.164689,-0.477300,-0.046036,0.120786,-2.383260,0.273964,2.239223,0.384430
18.350905,-0.000000,0.000000,0.000000,-1.000000,-0.000000,-0.000000,1.000000,0.451185,-0.125843,0.189895,0.995172,-0.065339,0.004701,0.073088,0.452457,-0.128294,0.189816,0.992206,-0.066632,-0.008817,-0.104927,-2.932935,0.031486,-0.130813,0.009181,0.003112,0.002281,-0.268430,0.056081,0.074639,-2.141398,1.756471,-0.184853,-1.616886,-1.066662,0.220824,-0.476178,-0.046745,0.123996,-2.383497,0.259800,2.243212,0.395054
18.401042,-0.000000,0.000000,0.000000,-1.000000,-0.000000,-0.000000,1.000000,0.451185,-0.125843,0.189895,0.994180,-0.065276,0.005517,0.085521,0.452883,-0.128521,0.189810,0.992966,-0.065502,-0.009624,-0.098159,-2.946584,0.031977,-0.128614,0.007863,0.006147,0.000212,-0.283837,0.055027,0.066330,-2.250189,1.627143,-0.089380,-1.554106,-1.182784,0.161207,-0.474996,-0.047648,0.127967,-2.384296,0.244115,2.248267,0.407827
18.451292,-0.000000,0.000000,0.000000,-1.000000,-0.000000,-0.000000,1.000000,0.451185,-0.125843,0.189895,0.993034,-0.065202,0.006333,0.097942,0.453281,-0.128782,0.189851,0.993717,-0.064560,-0.010550,-0.090816,-2.961395,0.032699,-0.126800,0.011406,0.004861,0.004650,-0.295928,0.050863,0.020073,-2.323421,2.347478,-0.093401,-1.792067,-1.262685,0.498527,-0.473909,-0.048729,0.132340,-2.385194,0.226899,2.253356,0.422359
18.501147,-0.000000,0.000000,0.000000,-1.000000,-0.000000,-0.000000,1.000000,0.451185,-0.125843,0.189895,0.991732,-0.065117,0.007147,0.110347,0.453776,-0.128934,0.189951,0.994443,-0.063697,-0.011552,-0.083018,-2.977119,0.033559,-0.125165,0.014167,0.012234,0.004741,-0.304479,0.048022,0.037754,-2.474527,2.518397,-0.223712,-1.869467,-1.249826,0.585613,-0.472599,-0.049771,0.137066,-2.385925,0.208416,2.258363,0.438542
18.551170,-0.000000,0.000000,0.000000,-1.000000,-0.000000,-0.000000,1.000000,0.451185,-0.125843,0.189895,0.990275,-0.065023,0.007961,0.122734,0.454252,-0.129041,0.189944,0.995147,-0.062732,-0.012511,-0.074772,-2.993719,0.034289,-0.123370,0.011678,0.016270,0.001599,-0.325723,0.055989,0.062426,-2.668845,2.086721,-0.014061,-1.798170,-1.408403,0.391357,-0.471290,-0.050813,0.142167,-2.387075,0.188832,2.263911,0.455620
18.601159,-0.000000,0.000000,0.000000,-1.000000,-0.000000,-0.000000,1.000000,0.451185,-0.125843,0.189895,0.988664,-0.064918,0.008773,0.135103,0.454693,-0.129154,0.189895,0.995803,-0.061922,-0.013377,-0.066059,-3.011239,0.034829,-0.121933,0.008997,0.015548,0.000019,-0.348306,0.058711,0.070851,-2.787596,1.885579,-0.090131,-1.766350,-1.415416,0.306560,-0.469897,-0.052025,0.147434,-2.388685,0.168100,2.269940,0.474057
18.651897,-0.000000,0.000000,0.000000,-1.000000,-0.000000,-0.000000,1.000000,0.451185,-0.125843,0.189895,0.986898,-0.064804,0.009584,0.147450,0.455053,-0.129230,0.189954,0.996396,-0.061151,-0.014222,-0.057043,-3.029353,0.035325,-0.120605,0.009449,0.011874,0.003108,-0.375331,0.045413,0.045898,-3.147688,2.030753,-0.197262,-1.853273,-1.512200,0.315737,-0.468471,-0.053646,0.152835,-2.390554,0.146476,2.275675,0.493450
18.701206,-0.000000,0.000000,0.000000,-1.000000,-0.000000,-0.000000,1.000000,0.451185,-0.125843,0.189895,0.984978,-0.064679,0.010393,0.159775,0.455360,-0.129283,0.190090,0.996928,-0.060570,-0.014819,-0.047402,-3.048683,0.035297,-0.119723,0.010640,0.011024,0.007307,-0.388045,0.019006,0.008920,-3.318023,2.427089,-0.353394,-1.997751,-1.507803,0.483045,-0.466973,-0.055894,0.158534,-2.393157,0.123465,2.281992,0.514584
18.751363,-0.000000,0.000000,0.000000,-1.000000,-0.000000,-0.000000,1.000000,0.451185,-0.125843,0.189895,0.982903,-0.064544,0.011200,0.172074,0.455491,-0.129304,0.190232,0.997380,-0.060001,-0.015169,-0.037461,-3.068579,0.034762,-0.118903,0.000792,0.017703,0.002339,-0.406818,0.044942,0.027038,-3.455655,2.421140,-0.416688,-2.022856,-1.537709,0.476760,-0.466034,-0.058831,0.164871,-2.396745,0.099828,2.288756,0.536319
18.801423,-0.000000,0.000000,0.000000,-1.000000,-0.000000,-0.000000,1.000000,0.451185,-0.125843,0.189895,0.980676,-0.064399,0.012006,0.184347,0.455447,-0.129242,0.190358,0.997739,-0.059483,-0.015393,-0.027233,-3.089026,0.033963,-0.118201,-0.003132,0.019277,0.002906,-0.409305,0.046553,0.021416,-3.040211,1.923790,-0.391144,-1.860596,-1.411263,0.311495,-0.465842,-0.062300,0.172141,-2.401149,0.075471,2.295693,0.558937
18.851913,-0.000000,0.000000,0.000000,-1.000000,-0.000000,-0.000000,1.000000,0.451185,-0.125843,0.189895,0.978295,-0.064244,0.012810,0.196590,0.455459,-0.129126,0.190444,0.997994,-0.059142,-0.015307,-0.016630,-3.110189,0.032525,-0.117872,-0.001347,0.022128,-0.000411,-0.426479,0.025319,0.036216,-3.096952,1.971646,-0.378163,-1.886418,-1.471104,0.341586,-0.465826,-0.065829,0.179895,-2.405975,0.050134,2.303238,0.583013
18.902209,-0.000000,0.000000,0.000000,-1.000000,-0.000000,-0.000000,1.000000,0.451185,-0.125843,0.189895,0.975761,-0.064078,0.013612,0.208803,0.455384,-0.129053,0.190471,0.998148,-0.058659,-0.015089,-0.005579,-3.132221,0.030782,-0.117257,-0.000471,0.017947,0.002412,-0.464528,0.012781,0.039614,-3.309356,2.029449,-0.143928,-1.918246,-1.727549,0.357489,-0.465692,-0.069464,0.187628,-2.411269,0.023364,2.310994,0.608053
18.952113,-0.000000,0.000000,0.000000,-1.000000,-0.000000,-0.000000,1.000000,0.451185,-0.125843,0.189895,0.973075,-0.063903,0.014412,0.220984,0.455393,-0.128973,0.190710,0.998163,-0.058490,-0.014739,0.005712,3.128460,0.028759,-0.117250,0.010169,0.018236,0.010796,-0.455808,-0.030765,-0.015536,-3.907808,1.889374,-0.798588,-1.752514,-1.687075,0.243608,-0.465647,-0.073187,0.195584,-2.416174,-0.004314,2.317961,0.634671
19.002204,-0.000000,0.000000,0.000000,0.000000,-0.000000,-0.000000,1.000000,0.451185,-0.125843,0.189895,0.973075,-0.063903,0.014412,0.220984,0.455307,-0.128842,0.190829,0.998041,-0.058376,-0.014598,0.017138,3.105658,0.027142,-0.117335,-0.006589,0.022092,-0.001069,-0.455759,0.048140,0.012601,-3.722353,2.037832,-0.697152,-1.841902,-1.687288,0.379519,-0.465591,-0.076492,0.203648,-2.420917,-0.032947,2.324083,0.662358
19.052111,-0.000000,0.000000,0.000000,0.000000,-0.000000,-0.000000,1.000000,0.451185,-0.125843,0.189895,0.973075,-0.063903,0.014412,0.220984,0.455143,-0.128706,0.190850,0.997780,-0.058231,-0.014424,0.028907,3.082172,0.025419,-0.117345,-0.010266,0.024930,-0.003321,-0.467590,0.057044,0.008669,-3.176109,1.701587,-0.504444,-1.751999,-1.616512,0.321498,-0.465512,-0.079635,0.211841,-2.425867,-0.062894,2.329973,0.691233
19.103904,-0.000000,0.000000,0.000000,0.000000,-0.000000,-0.000000,1.000000,0.451185,-0.125843,0.189895,0.973075,-0.063903,0.014412,0.220984,0.455068,-0.128529,0.190990,0.997384,-0.057952,-0.013987,0.040887,3.058294,0.023165,-0.117042,0.000426,0.024876,-0.000026,-0.488795,-0.000356,0.058919,-3.968194,1.524182,-0.711392,-1.639006,-1.888610,0.184471,-0.465313,-0.082785,0.220104,-2.430658,-0.093646,2.335443,0.720767
19.153920,-0.000000,0.000000,0.000000,0.000000,-0.000000,-0.000000,1.000000,0.451185,-0.125843,0.189895,0.973075,-0.063903,0.014412,0.220984,0.454971,-0.128330,0.191140,0.996841,-0.058175,-0.013226,0.052431,3.035301,0.020269,-0.117664,0.006991,0.025691,0.002708,-0.454082,-0.059517,-0.014428,-4.593117,1.417661,-0.785900,-1.573558,-2.103472,0.092767,-0.464959,-0.085971,0.227853,-2.435585,-0.123492,2.340696,0.750503
19.203937,-0.000000,0.000000,0.000000,0.000000,-0.000000,-0.000000,1.000000,0.451185,-0.125843,0.189895,0.973075,-0.063903,0.014412,0.220984,0.454800,-0.128172,0.191172,0.996180,-0.058385,-0.012532,0.063714,3.012812,0.017530,-0.118214,-0.001604,0.014648,0.000278,-0.439437,-0.013725,-0.042369,-3.925756,2.037149,-1.080288,-1.751325,-1.724063,0.486729,-0.464617,-0.088685,0.235304,-2.440289,-0.153167,2.345208,0.779947
19.254104,-0.000000,0.000000,0.000000,0.000000,-0.000000,-0.000000,1.000000,0.451185,-0.125843,0.189895,0.973075,-0.063903,0.014412,0.220984,0.454636,-0.127997,0.191151,0.995418,-0.058658,-0.012221,0.074519,2.991220,0.015588,-0.118894,-0.004309,0.022398,-0.004459,-0.412688,0.026041,-0.027894,-3.666705,1.957989,-0.606849,-1.797168,-1.874354,0.511384,-0.464119,-0.090498,0.242392,-2.443889,-0.182104,2.347879,0.808840
19.304356,-0.000000,0.000000,0.000000,0.000000,-0.000000,-0.000000,1.000000,0.451185,-0.125843,0.189895,0.973075,-0.063903,0.014412,0.220984,0.454688,-0.127877,0.191241,0.994594,-0.058801,-0.011993,0.084737,2.970778,0.013892,-0.119294,0.002218,0.017493,-0.001711,-0.404690,0.025739,0.014356,-4.031841,1.847282,-0.899185,-1.707669,-1.921477,0.460984,-0.463872,-0.091469,0.249362,-2.446100,-0.209733,2.349101,0.836167
19.354938,-0.000000,0.000000,0.000000,0.000000,-0.000000,-0.000000,1.000000,0.451185,-0.125843,0.189895,0.973075,-0.063903,0.014412,0.220984,0.454800,-0.127806,0.191312,0.993706,-0.059102,-0.011913,0.094413,2.951388,0.012517,-0.120007,0.002910,0.016899,-0.002094,-0.389079,0.015327,0.001351,-3.885992,1.382895,-0.828353,-1.563408,-1.864710,0.286447,-0.463773,-0.091749,0.256100,-2.447448,-0.236112,2.349176,0.862528
19.403985,-0.000000,0.000000,0.000000,0.000000,-0.000000,-0.000000,1.000000,0.451185,-0.125843,0.189895,0.973075,-0.063903,0.014412,0.220984,0.454891,-0.127737,0.191290,0.992781,-0.059587,-0.011713,0.103432,2.933311,0.010930,-0.121039,0.001721,0.017084,-0.004561,-0.339553,0.003917,-0.041356,-4.232575,1.632010,-0.783916,-1.636232,-1.988470,0.384562,-0.463728,-0.091776,0.262418,-2.448773,-0.260856,2.349161,0.887698
19.460286,-0.000000,0.000000,0.000000,0.000000,-0.000000,-0.000000,1.000000,0.451185,-0.125843,0.189895,0.973075,-0.063903,0.014412,0.220984,0.454919,-0.127651,0.191206,0.991859,-0.059905,-0.011411,0.111787,2.916568,0.009242,-0.121690,0.001150,0.015081,-0.004060,-0.317208,0.000983,-0.016984,-3.892654,1.729774,-0.850803,-1.663814,-1.807976,0.474666,-0.463680,-0.091808,0.268279,-2.450273,-0.283864,2.349157,0.910913
19.504085,-0.000000,0.000000,0.000000,0.000000,-0.000000,-0.000000,1.000000,0.451185,-0.125843,0.189895,0.973075,-0.063903,0.014412,0.220984,0.454949,-0.127608,0.191128,0.990907,-0.060301,-0.010947,0.119782,2.900554,0.007248,-0.122437,0.001499,0.012825,-0.004089,-0.300178,-0.007757,-0.016920,-3.866258,1.754292,-0.837176,-1.695566,-1.778922,0.506806,-0.463618,-0.091816,0.273777,-2.451776,-0.305961,2.349126,0.933346
19.558140,-0.000000,0.000000,0.000000,0.000000,-0.000000,-0.000000,1.000000,0.451185,-0.125843,0.189895,0.973075,-0.063903,0.014412,0.220984,0.454965,-0.127594,0.191049,0.989995,-0.060623,-0.010413,0.126987,2.886123,0.005221,-0.122989,0.001354,0.011861,-0.003720,-0.278855,-0.012131,-0.014546,-3.783659,1.676926,-0.695460,-1.664762,-1.778328,0.485942,-0.463557,-0.091811,0.278663,-2.453216,-0.325954,2.349054,0.953544
19.604776,-0.000000,0.000000,0.000000,0.000000,-0.000000,-0.000000,1.000000,0.451185,-0.125843,0.189895,0.973075,-0.063903,0.014412,0.220984,0.454956,-0.127533,0.190958,0.989092,-0.060983,-0.009832,0.133719,2.872640,0.003140,-0.123580,-0.000796,0.011216,-0.005759,-0.255077,-0.007013,-0.004174,-3.723009,1.664030,-0.762361,-1.683583,-1.688478,0.491189,-0.463523,-0.091826,0.283346,-2.454672,-0.344653,2.348875,0.972691
19.654879,-0.000000,0.000000,0.000000,0.000000,-0.000000,-0.000000,1.000000,0.451185,-0.125843,0.189895,0.973075,-0.063903,0.014412,0.220984,0.454923,-0.127544,0.190865,0.988244,-0.061364,-0.009218,0.139723,2.860619,0.001073,-0.124179,-0.000701,0.009042,-0.003253,-0.226331,-0.013496,-0.010288,-3.708589,1.784202,-0.762117,-1.704657,-1.645599,0.547791,-0.463473,-0.091843,0.287348,-2.456074,-0.361415,2.348739,0.989852
19.705198,-0.000000,0.000000,0.000000,0.000000,-0.000000,-0.000000,1.000000,0.451185,-0.125843,0.189895,0.973075,-0.063903,0.014412,0.220984,0.454868,-0.127584,0.190757,0.987422,-0.061581,-0.008606,0.145365,2.849315,-0.000908,-0.124436,-0.001639,0.009218,-0.004844,-0.211806,-0.009606,-0.003173,-3.959171,1.716001,-0.501170,-1.701892,-1.838816,0.506591,-0.463398,-0.091840,0.291010,-2.457472,-0.377250,2.348592,1.005733
19.756306,-0.000000,0.000000,0.000000,0.000000,-0.000000,-0.000000,1.000000,0.451185,-0.125843,0.189895,0.973075,-0.063903,0.014412,0.220984,0.454830,-0.127615,0.190679,0.986663,-0.061830,-0.007977,0.150364,2.839305,-0.002853,-0.124734,-0.001060,0.007473,-0.003935,-0.200340,-0.018132,-0.015700,-3.611125,1.584650,-0.628578,-1.643761,-1.630685,0.469283,-0.463371,-0.091859,0.294306,-2.458725,-0.391290,2.348419,1.019961
19.804986,-0.000000,0.000000,0.000000,0.000000,-0.000000,-0.000000,1.000000,0.451185,-0.125843,0.189895,0.973075,-0.063903,0.014412,0.220984,0.454814,-0.127574,0.190621,0.985963,-0.062112,-0.007394,0.154802,2.830415,-0.004650,-0.125096,-0.001066,0.006200,-0.001842,-0.180971,-0.013488,-0.005378,-3.574902,1.568736,-0.499944,-1.664857,-1.630696,0.457811,-0.463340,-0.091839,0.297395,-2.459764,-0.403720,2.348065,1.032852
19.854965,-0.000000,0.000000,0.000000,0.000000,-0.000000,-0.000000,1.000000,0.451185,-0.125843,0.189895,0.973075,-0.063903,0.014412,0.220984,0.454796,-0.127604,0.190572,0.985280,-0.062342,-0.006768,0.159029,2.821951,-0.006492,-0.125331,-0.000654,0.008175,-0.004241,-0.155885,-0.015274,-0.009696,-3.763593,1.608618,-0.434445,-1.697749,-1.690715,0.460586,-0.463284,-0.091841,0.300152,-2.460810,-0.415633,2.347818,1.044987
19.905118,-0.000000,0.000000,0.000000,0.000000,-0.000000,-0.000000,1.000000,0.451185,-0.125843,0.189895,0.973075,-0.063903,0.014412,0.220984,0.454768,-0.127589,0.190516,0.984687,-0.062496,-0.006204,0.162624,2.814751,-0.008109,-0.125429,-0.000199,0.004346,-0.002224,-0.148531,-0.017374,-0.000014,-3.577596,1.599940,-0.413395,-1.707940,-1.612706,0.459167,-0.463287,-0.091872,0.302625,-2.461789,-0.425772,2.347616,1.055336
19.955863,-0.000000,0.000000,0.000000,0.000000,-0.000000,-0.000000,1.000000,0.451185,-0.125843,0.189895,0.973075,-0.063903,0.014412,0.220984,0.454725,-0.127601,0.190443,0.984111,-0.062702,-0.005672,0.166015,2.807957,-0.009655,-0.125631,-0.002012,0.005984,-0.003720,-0.122259,-0.013591,-0.010260,-3.332527,1.575591,-0.417650,-1.710402,-1.496106,0.458620,-0.463238,-0.091852,0.304853,-2.462723,-0.435386,2.347381,1.065218
20.005165,-0.000000,0.000000,0.000000,0.000000,-0.000000,-0.000000,1.000000,0.451185,-0.125843,0.189895,0.973075,-0.063903,0.014412,0.220984,0.454722,-0.127605,0.190423,0.983621,-0.062806,-0.005176,0.168872,2.802234,-0.011029,-0.125641,-0.000662,0.003001,-0.002622,-0.117261,-0.009809,-0.000085,-3.732887,1.590384,-0.370638,-1.747459,-1.664160,0.434736,-0.463232,-0.091864,0.306789,-2.463448,-0.443461,2.347149,1.073404
20.055272,-0.000000,0.000000,0.000000,0.000000,-0.000000,-0.000000,1.000000,0.451185,-0.125843,0.189895,0.973075,-0.063903,0.014412,0.220984,0.454726,-0.127666,0.190434,0.983114,-0.062906,-0.004677,0.171777,2.796412,-0.012416,-0.125634,-0.000672,0.003909,-0.001706,-0.104238,-0.013767,-0.004048,-3.326492,1.701458,-0.501832,-1.823669,-1.438058,0.504582,-0.463223,-0.091864,0.308646,-2.464091,-0.451659,2.346798,1.081576
20.105933,-0.000000,0.000000,0.000000,0.000000,-0.000000,-0.000000,1.000000,0.451185,-0.125843,0.189895,0.973075,-0.063903,0.014412,0.220984,0.454738,-0.127581,0.190430,0.982725,-0.063060,-0.004293,0.173943,2.792070,-0.013500,-0.125777,-0.000349,0.004019,-0.000944,-0.084229,-0.005773,-0.000266,-3.260715,1.597446,-0.396503,-1.844326,-1.444911,0.459882,-0.463210,-0.091858,0.310323,-2.464571,-0.457703,2.346415,1.088065
20.155188,-0.000000,0.000000,0.000000,0.000000,-0.000000,-0.000000,1.000000,0.451185,-0.125843,0.189895,0.973075,-0.063903,0.014412,0.220984,0.454756,-0.127594,0.190487,0.982350,-0.063099,-0.003964,0.176045,2.787850,-0.014429,-0.125710,-0.000275,0.002469,-0.000669,-0.085108,-0.004322,0.009064,-3.312572,1.611421,-0.540842,-1.849789,-1.381914,0.455943,-0.463190,-0.091870,0.311758,-2.464895,-0.463512,2.345873,1.093865
20.205154,-0.000000,0.000000,0.000000,0.000000,-0.000000,-0.000000,1.000000,0.451185,-0.125843,0.189895,0.973075,-0.063903,0.014412,0.220984,0.454764,-0.127694,0.190514,0.981970,-0.063127,-0.003576,0.178147,2.783632,-0.015469,-0.125597,0.000123,0.003394,-0.000813,-0.077639,-0.010842,0.003303,-3.252577,1.724826,-0.385650,-1.885230,-1.410816,0.505844,-0.463182,-0.091869,0.312988,-2.465336,-0.469474,2.345593,1.099605
20.256726,-0.000000,0.000000,0.000000,1.000000,-0.000000,-0.000000,1.000000,0.451185,-0.125843,0.189895,0.975761,-0.064078,0.013612,0.208803,0.454761,-0.127659,0.190509,0.981672,-0.063199,-0.003289,0.179765,2.780386,-0.016265,-0.125610,-0.000145,0.004474,-0.001375,-0.057989,-0.002606,0.006512,-3.298975,1.633654,-0.318938,-1.868333,-1.451435,0.459763,-0.463167,-0.091860,0.314173,-2.465711,-0.474008,2.345286,1.104325
20.306071,-0.000000,0.000000,0.000000,1.000000,-0.000000,-0.000000,1.000000,0.451185,-0.125843,0.189895,0.978295,-0.064244,0.012810,0.196590,0.454776,-0.127623,0.190551,0.981450,-0.063326,-0.003094,0.180930,2.778047,-0.016843,-0.125772,0.000722,0.002191,0.000733,-0.050051,-0.004096,0.005361,-3.191921,1.735373,-0.387504,-1.952175,-1.379194,0.508230,-0.463160,-0.091867,0.315082,-2.465852,-0.477170,2.344862,1.107799
20.356068,-0.000000,0.000000,0.000000,1.000000,-0.000000,-0.000000,1.000000,0.451185,-0.125843,0.189895,0.980676,-0.064399,0.012006,0.184347,0.454797,-0.127597,0.190590,0.981258,-0.063421,-0.002919,0.181939,2.776022,-0.017349,-0.125878,0.000827,0.001881,0.000413,-0.035600,-0.004985,0.001492,-3.111648,1.608796,-0.501875,-1.954124,-1.305645,0.458634,-0.463157,-0.091864,0.315864,-2.465956,-0.479914,2.344499,1.110773
20.406107,-0.000000,0.000000,0.000000,1.000000,-0.000000,-0.000000,1.000000,0.451185,-0.125843,0.189895,0.982903,-0.064544,0.011200,0.172074,0.454801,-0.127557,0.190604,0.981140,-0.063525,-0.002814,0.182538,2.774819,-0.017670,-0.126035,0.000013,0.001752,-0.000099,-0.014973,-0.001835,-0.004738,-2.996969,1.635830,-0.604428,-1.996240,-1.229746,0.482233,-0.463157,-0.091866,0.316383,-2.466044,-0.481533,2.344269,1.112682
20.456251,-0.000000,0.000000,0.000000,1.000000,-0.000000,-0.000000,1.000000,0.451185,-0.125843,0.189895,0.984978,-0.064679,0.010393,0.159775,0.454805,-0.127498,0.190596,0.981116,-0.063601,-0.002780,0.182643,2.774613,-0.017778,-0.126171,-0.000786,-0.000076,-0.000877,0.001238,0.000718,-0.005409,-3.040605,1.599606,-0.516250,-1.975070,-1.287634,0.461573,-0.463164,-0.091864,0.316594,-2.466075,-0.481799,2.344222,1.113237
20.506153,-0.000000,0.000000,0.000000,1.000000,-0.000000,-0.000000,1.000000,0.451185,-0.125843,0.189895,0.986898,-0.064804,0.009584,0.147450,0.454803,-0.127487,0.190594,0.981113,-0.063634,-0.002773,0.182647,2.774606,-0.017806,-0.126231,0.000180,0.001471,0.000557,-0.001506,-0.001881,0.000400,-3.067898,1.528885,-0.431603,-1.846711,-1.348078,0.430407,-0.463162,-0.091871,0.316616,-2.466088,-0.481806,2.344222,1.113333
20.556915,-0.000000,0.000000,0.000000,1.000000,-0.000000,-0.000000,1.000000,0.451185,-0.125843,0.189895,0.988664,-0.064918,0.008773,0.135103,0.454799,-0.127488,0.190587,0.981111,-0.063672,-0.002771,0.182645,2.774612,-0.017822,-0.126307,0.000067,-0.000702,0.000173,0.000243,-0.001840,-0.002498,-3.145874,1.505065,-0.380737,-1.656589,-1.406424,0.412468,-0.463166,-0.091860,0.316614,-2.466095,-0.481808,2.344228,1.113412
20.606210,-0.000000,0.000000,0.000000,1.000000,-0.000000,-0.000000,1.000000,0.451185,-0.125843,0.189895,0.990275,-0.065023,0.007961,0.122734,0.454788,-0.127476,0.190558,0.981115,-0.063705,-0.002787,0.182614,2.774673,-0.017800,-0.126377,-0.000624,0.000428,-0.001098,0.002821,0.001736,-0.003104,-3.221828,1.542724,-0.198548,-1.424490,-1.487815,0.407088,-0.463167,-0.091822,0.316616,-2.466120,-0.481751,2.344254,1.113451
20.656401,-0.000000,0.000000,0.000000,1.000000,-0.000000,-0.000000,1.000000,0.451185,-0.125843,0.189895,0.991732,-0.065117,0.007147,0.110347,0.454780,-0.127420,0.190488,0.981136,-0.063818,-0.002803,0.182458,2.774988,-0.017789,-0.126608,-0.000288,0.001582,-0.002165,0.010520,-0.000422,-0.008250,-3.382598,1.631854,0.201085,-1.154708,-1.677636,0.415453,-0.463164,-0.091720,0.316613,-2.466156,-0.481398,2.344371,1.113461
20.707062,-0.000000,0.000000,0.000000,1.000000,-0.000000,-0.000000,1.000000,0.451185,-0.125843,0.189895,0.993034,-0.065202,0.006333,0.097942,0.454788,-0.127305,0.190362,0.981185,-0.064082,-0.002799,0.182104,2.775712,-0.017847,-0.127134,0.000733,0.002018,-0.002049,0.016617,-0.005028,-0.012403,-3.532486,1.562591,0.453973,-0.848997,-1.834042,0.393055,-0.463174,-0.091513,0.316598,-2.466188,-0.480585,2.344662,1.113462
20.757556,-0.000000,0.000000,0.000000,0.000000,-0.000000,-0.000000,1.000000,0.451185,-0.125843,0.189895,0.993034,-0.065202,0.006333,0.097942,0.454797,-0.127112,0.190161,0.981269,-0.064600,-0.002814,0.181467,2.777012,-0.017924,-0.128172,-0.000232,0.003023,-0.004408,0.031230,-0.004463,-0.025761,-3.637697,1.461119,0.682308,-0.560818,-1.977221,0.390552,-0.463185,-0.091175,0.316551,-2.466201,-0.479054,2.345068,1.113450
20.806992,-0.000000,0.000000,0.000000,0.000000,-0.000000,-0.000000,1.000000,0.451185,-0.125843,0.189895,0.993034,-0.065202,0.006333,0.097942,0.454801,-0.126839,0.189918,0.981393,-0.065459,-0.002825,0.180483,2.779023,-0.018084,-0.129887,-0.000953,0.005342,-0.006045,0.048974,-0.004676,-0.040872,-3.690519,1.271024,0.792924,-0.268944,-2.062849,0.355958,-0.463208,-0.090805,0.316437,-2.466206,-0.476565,2.345586,1.113364
20.857045,-0.000000,0.000000,0.000000,0.000000,-0.000000,-0.000000,1.000000,0.451185,-0.125843,0.189895,0.993034,-0.065202,0.006333,0.097942,0.454783,-0.126520,0.189690,0.981570,-0.066474,-0.002878,0.179146,2.781747,-0.018168,-0.131932,-0.000092,0.004501,-0.003272,0.060615,-0.013490,-0.050722,-3.793077,1.021308,0.952858,0.064001,-2.169915,0.301536,-0.463261,-0.090548,0.316206,-2.466197,-0.472986,2.346107,1.112615
20.907157,-0.000000,0.000000,0.000000,0.000000,-0.000000,-0.000000,1.000000,0.451185,-0.125843,0.189895,0.993034,-0.065202,0.006333,0.097942,0.454758,-0.126276,0.189499,0.981763,-0.067484,-0.002924,0.177705,2.784683,-0.018244,-0.133969,-0.000165,0.002255,-0.002888,0.062203,-0.010565,-0.037721,-3.797473,0.927020,1.089096,0.269954,-2.236067,0.309005,-0.463429,-0.090391,0.315848,-2.466197,-0.469088,2.346702,1.111376
20.957125,-0.000000,0.000000,0.000000,0.000000,-0.000000,-0.000000,1.000000,0.451185,-0.125843,0.189895,0.993034,-0.065202,0.006333,0.097942,0.454722,-0.126087,0.189303,0.981968,-0.068494,-0.002989,0.176177,2.787790,-0.018265,-0.136012,-0.000134,0.001506,-0.004171,0.068853,-0.009198,-0.041178,-3.886637,0.761066,1.175114,0.426688,-2.328180,0.272091,-0.463526,-0.090223,0.315233,-2.466196,-0.464995,2.347356,1.109814
21.007213,-0.000000,0.000000,0.000000,0.000000,-0.000000,-0.000000,1.000000,0.451185,-0.125843,0.189895,0.993034,-0.065202,0.006333,0.097942,0.454648,-0.125800,0.189101,0.982278,-0.069588,-0.003171,0.174004,2.792189,-0.017988,-0.138276,-0.001080,0.001504,-0.001286,0.101760,-0.008603,-0.046647,-3.902495,0.483726,1.092844,0.572047,-2.332063,0.190891,-0.463712,-0.090181,0.314469,-2.466182,-0.458965,2.348047,1.106727
21.057151,-0.000000,0.000000,0.000000,0.000000,-0.000000,-0.000000,1.000000,0.451185,-0.125843,0.189895,0.993034,-0.065202,0.006333,0.097942,0.454559,-0.125538,0.188908,0.982703,-0.070610,-0.003476,0.171164,2.797918,-0.017342,-0.140449,-0.001413,-0.001564,-0.002367,0.117563,-0.003109,-0.043431,-3.752207,0.268184,1.058723,0.624627,-2.295905,0.148396,-0.464242,-0.090210,0.313525,-2.466073,-0.450999,2.348865,1.101526
21.107169,-0.000000,0.000000,0.000000,0.000000,-0.000000,-0.000000,1.000000,0.451185,-0.125843,0.189895,0.993034,-0.065202,0.006333,0.097942,0.454488,-0.125431,0.188751,0.983120,-0.071485,-0.003763,0.168378,2.803534,-0.016675,-0.142324,-0.001189,-0.001394,-0.001819,0.121248,-0.002682,-0.044235,-3.426216,0.102393,0.875333,0.643015,-2.126335,0.116495,-0.464861,-0.090213,0.312374,-2.465897,-0.443251,2.349742,1.095897
21.157999,-0.000000,0.000000,0.000000,0.000000,-0.000000,-0.000000,1.000000,0.451185,-0.125843,0.189895,0.993034,-0.065202,0.006333,0.097942,0.454404,-0.125238,0.188602,0.983613,-0.072409,-0.004167,0.165062,2.810202,-0.015707,-0.144338,-0.001063,-0.002804,-0.000113,0.140357,0.000680,-0.039924,-3.437046,0.110754,0.912294,0.597415,-2.181365,0.131403,-0.465545,-0.090257,0.311127,-2.465598,-0.433885,2.350490,1.088962
21.207901,-0.000000,0.000000,0.000000,0.000000,-0.000000,-0.000000,1.000000,0.451185,-0.125843,0.189895,0.993034,-0.065202,0.006333,0.097942,0.454350,-0.125199,0.188543,0.984084,-0.073089,-0.004549,0.161913,2.816527,-0.014715,-0.145856,-0.000208,-0.003515,-0.000031,0.123938,-0.000940,-0.030530,-3.385824,-0.207509,0.816642,0.679861,-2.147009,-0.016837,-0.466598,-0.090357,0.310048,-2.465180,-0.424924,2.351141,1.081599
21.257908,-0.000000,0.000000,0.000000,0.000000,-0.000000,-0.000000,1.000000,0.451185,-0.125843,0.189895,0.993034,-0.065202,0.006333,0.097942,0.454266,-0.125074,0.188417,0.984573,-0.073827,-0.004969,0.158560,2.823253,-0.013627,-0.147500,-0.001517,-0.001015,-0.001449,0.145455,0.006448,-0.017687,-3.420915,-0.240463,0.978498,0.636373,-2.250873,-0.044143,-0.467201,-0.090393,0.308557,-2.464840,-0.415479,2.351815,1.074063
21.308049,-0.000000,0.000000,0.000000,0.000000,-0.000000,-0.000000,1.000000,0.451185,-0.125843,0.189895,0.993034,-0.065202,0.006333,0.097942,0.454222,-0.125083,0.188400,0.985032,-0.074339,-0.005323,0.155425,2.829539,-0.012623,-0.148666,-0.000952,-0.005853,0.000978,0.117509,0.002958,-0.018905,-3.238358,-0.256054,0.741612,0.636184,-2.103454,-0.044883,-0.467392,-0.090514,0.306536,-2.464392,-0.406654,2.352372,1.066368
21.358157,-0.000000,0.000000,0.000000,0.000000,-0.000000,-0.000000,1.000000,0.451185,-0.125843,0.189895,0.993034,-0.065202,0.006333,0.097942,0.454185,-0.125048,0.188337,0.985477,-0.074936,-0.005625,0.152274,2.835864,-0.011736,-0.149981,0.000011,-0.003849,0.000801,0.132867,-0.001680,-0.018147,-3.309423,-0.192252,0.862181,0.556688,-2.187558,-0.029454,-0.467399,-0.090558,0.304402,-2.464011,-0.397881,2.353042,1.058999
21.408143,-0.000000,0.000000,0.000000,0.000000,-0.000000,-0.000000,1.000000,0.451185,-0.125843,0.189895,0.993034,-0.065202,0.006333,0.097942,0.454135,-0.125041,0.188323,0.985915,-0.075397,-0.005974,0.149166,2.842087,-0.010714,-0.151034,-0.000344,-0.006204,0.001753,0.111022,0.001298,-0.016909,-3.451731,-0.249701,0.830314,0.562870,-2.241392,-0.077521,-0.467465,-0.090671,0.302318,-2.463568,-0.389130,2.353477,1.051313
21.458295,-0.000000,0.000000,0.000000,0.000000,-0.000000,-0.000000,1.000000,0.451185,-0.125843,0.189895,0.993034,-0.065202,0.006333,0.097942,0.454082,-0.125082,0.188256,0.986287,-0.075761,-0.006209,0.146490,2.847453,-0.009948,-0.151853,-0.001435,-0.003182,-0.001324,0.113721,0.000749,-0.006597,-3.231153,-0.141137,0.796432,0.525838,-2.148489,-0.021853,-0.467475,-0.090722,0.300344,-2.463343,-0.381748,2.354149,1.044684
21.508775,-0.000000,0.000000,0.000000,0.000000,-0.000000,-0.000000,1.000000,0.451185,-0.125843,0.189895,0.993034,-0.065202,0.006333,0.097942,0.454034,-0.125045,0.188202,0.986676,-0.076157,-0.006406,0.143632,2.853186,-0.009236,-0.152724,-0.000084,-0.003775,0.001344,0.110536,-0.005151,-0.009152,-3.381228,-0.267133,0.797021,0.586181,-2.219480,-0.088801,-0.467515,-0.090869,0.298436,-2.463169,-0.373801,2.354869,1.037744
21.558134,-0.000000,0.000000,0.000000,0.000000,-0.000000,-0.000000,1.000000,0.451185,-0.125843,0.189895,0.993034,-0.065202,0.006333,0.097942,0.453980,-0.125137,0.188191,0.986992,-0.076429,-0.006589,0.141290,2.857880,-0.008592,-0.153337,-0.001337,-0.006027,-0.000105,0.086027,-0.003375,-0.021625,-3.319605,-0.150543,0.840858,0.565219,-2.211442,-0.035532,-0.467586,-0.091003,0.296654,-2.462965,-0.367287,2.355384,1.031675
21.608851,-0.000000,0.000000,0.000000,0.000000,-0.000000,-0.000000,1.000000,0.451185,-0.125843,0.189895,0.993034,-0.065202,0.006333,0.097942,0.453952,-0.125131,0.188136,0.987273,-0.076704,-0.006713,0.139150,2.862174,-0.008091,-0.153937,-0.000384,-0.002958,0.000752,0.088118,-0.000775,-0.008812,-3.449071,-0.186721,1.026054,0.590448,-2.341100,-0.059621,-0.467575,-0.091053,0.295140,-2.462833,-0.361389,2.355962,1.026446
21.659284,-0.000000,0.000000,0.000000,0.000000,-0.000000,-0.000000,1.000000,0.451185,-0.125843,0.189895,0.993034,-0.065202,0.006333,0.097942,0.453924,-0.125057,0.188102,0.987566,-0.076959,-0.006888,0.136903,2.866673,-0.007468,-0.154509,0.000240,-0.002166,0.000532,0.085450,-0.000785,0.002566,-3.470688,-0.159247,1.014144,0.616528,-2.339505,-0.052172,-0.467626,-0.091132,0.293778,-2.462624,-0.355093,2.356341,1.020938
21.709777,-0.000000,0.000000,0.000000,0.000000,-0.000000,-0.000000,1.000000,0.451185,-0.125843,0.189895,0.993034,-0.065202,0.006333,0.097942,0.453898,-0.125121,0.188099,0.987801,-0.077123,-0.007015,0.135098,2.870287,-0.006979,-0.154881,0.000267,-0.004620,0.001280,0.060204,-0.003633,-0.000054,-3.492647,-0.123834,1.102205,0.644118,-2.384110,-0.045505,-0.467674,-0.091203,0.292423,-2.462423,-0.350073,2.356681,1.016190
21.758985,-0.000000,0.000000,0.000000,0.000000,-0.000000,-0.000000,1.000000,0.451185,-0.125843,0.189895,0.993034,-0.065202,0.006333,0.097942,0.453876,-0.125213,0.188066,0.987974,-0.077237,-0.007080,0.133762,2.872967,-0.006674,-0.155136,-0.000736,-0.003888,-0.000244,0.054866,-0.001375,-0.014150,-3.554404,-0.087554,1.245974,0.667105,-2.465171,-0.035249,-0.467671,-0.091202,0.291271,-2.462334,-0.346451,2.357099,1.012658
21.809170,-0.000000,0.000000,0.000000,1.000000,-0.000000,-0.000000,1.000000,0.451185,-0.125843,0.189895,0.994180,-0.065276,0.005517,0.085521,0.453860,-0.125202,0.188028,0.988136,-0.077490,-0.007133,0.132410,2.875682,-0.006423,-0.155662,0.000871,-0.001361,0.001022,0.050990,-0.007579,-0.006414,-3.465168,-0.159660,1.214399,0.726763,-2.414500,-0.063791,-0.467670,-0.091221,0.290337,-2.462255,-0.342722,2.357443,1.009532
21.859888,-0.000000,0.000000,0.000000,1.000000,-0.000000,-0.000000,1.000000,0.451185,-0.125843,0.189895,0.995172,-0.065339,0.004701,0.073088,0.453842,-0.125113,0.187979,0.988327,-0.077672,-0.007232,0.130858,2.878788,-0.006033,-0.156059,-0.000204,0.000653,-0.000541,0.074716,-0.002194,-0.009346,-3.529411,-0.137850,1.305732,0.727200,-2.473083,-0.061460,-0.467661,-0.091240,0.289433,-2.462155,-0.338404,2.357736,1.005860
21.909274,-0.000000,0.000000,0.000000,1.000000,-0.000000,-0.000000,1.000000,0.451185,-0.125843,0.189895,0.996008,-0.065393,0.003884,0.060643,0.453835,-0.125077,0.187978,0.988535,-0.077848,-0.007336,0.129166,2.882177,-0.005606,-0.156445,0.000570,-0.003496,0.001824,0.061701,-0.005521,-0.009101,-3.538800,-0.134984,1.198151,0.751740,-2.433820,-0.063103,-0.467684,-0.091295,0.288360,-2.461944,-0.333652,2.357953,1.001632
21.959256,-0.000000,0.000000,0.000000,1.000000,-0.000000,-0.000000,1.000000,0.451185,-0.125843,0.189895,0.996688,-0.065437,0.003066,0.048188,0.453832,-0.125115,0.187973,0.988714,-0.078008,-0.007414,0.127691,2.885130,-0.005260,-0.156793,0.000039,-0.002941,-0.000156,0.055909,-0.004139,-0.007905,-3.555364,-0.065008,1.339362,0.724839,-2.501376,-0.036908,-0.467686,-0.091299,0.287256,-2.461740,-0.329571,2.358198,0.997867
22.009353,-0.000000,0.000000,0.000000,1.000000,-0.000000,-0.000000,1.000000,0.451185,-0.125843,0.189895,0.997212,-0.065470,0.002248,0.035726,0.453826,-0.125068,0.187920,0.988913,-0.078259,-0.007472,0.125977,2.888569,-0.004940,-0.157316,-0.000748,-0.001582,-0.001529,0.085275,-0.001791,-0.009265,-3.551699,-0.101238,1.391693,0.765226,-2.526243,-0.045524,-0.467673,-0.091286,0.286137,-2.461623,-0.324847,2.358606,0.993848
22.060043,-0.000000,0.000000,0.000000,1.000000,-0.000000,-0.000000,1.000000,0.451185,-0.125843,0.189895,0.997581,-0.065493,0.001429,0.023259,0.453820,-0.124942,0.187868,0.989198,-0.078505,-0.007588,0.123554,2.893419,-0.004387,-0.157846,-0.000973,-0.002300,-0.000411,0.114247,-0.001132,-0.009561,-3.425941,-0.082535,1.285462,0.777312,-2.435334,-0.029752,-0.467680,-0.091305,0.284729,-2.461414,-0.318096,2.359010,0.988011
22.109857,-0.000000,0.000000,0.000000,0.000000,-0.000000,-0.000000,1.000000,0.451185,-0.125843,0.189895,0.997581,-0.065493,0.001429,0.023259,0.453798,-0.124888,0.187834,0.989546,-0.078557,-0.007782,0.120692,2.899140,-0.003561,-0.158008,-0.000255,-0.005639,0.000760,0.112405,-0.001369,0.008529,-3.534157,-0.044299,1.411102,0.770342,-2.548514,-0.042312,-0.467705,-0.091327,0.282888,-2.461090,-0.310116,2.359352,0.980417
22.159896,-0.000000,0.000000,0.000000,0.000000,-0.000000,-0.000000,1.000000,0.451185,-0.125843,0.189895,0.997581,-0.065493,0.001429,0.023259,0.453784,-0.124831,0.187779,0.989918,-0.078707,-0.007939,0.117495,2.905535,-0.002778,-0.158353,-0.000439,-0.002985,0.000031,0.146184,-0.007043,-0.014140,-3.422774,-0.039529,1.372767,0.800753,-2.497052,-0.050044,-0.467791,-0.091318,0.280876,-2.460765,-0.301241,2.359836,0.972160
22.209949,-0.000000,0.000000,0.000000,0.000000,-0.000000,-0.000000,1.000000,0.451185,-0.125843,0.189895,0.997581,-0.065493,0.001429,0.023259,0.453765,-0.124749,0.187755,0.990357,-0.078807,-0.008153,0.113649,2.913221,-0.001763,-0.158612,-0.001108,-0.007945,0.001284,0.148041,-0.000068,0.002162,-3.445281,-0.144240,1.282400,0.814492,-2.482880,-0.111469,-0.467885,-0.091352,0.278494,-2.460295,-0.290491,2.360177,0.962028
22.260176,-0.000000,0.000000,0.000000,0.000000,-0.000000,-0.000000,1.000000,0.451185,-0.125843,0.189895,0.997581,-0.065493,0.001429,0.023259,0.453761,-0.124748,0.187769,0.990799,-0.078952,-0.008360,0.109604,2.921303,-0.000740,-0.158952,0.000016,-0.004995,0.002347,0.180874,-0.008219,-0.015190,-3.191635,-0.003090,1.279101,0.751106,-2.374015,-0.031368,-0.467884,-0.091344,0.275724,-2.459665,-0.279212,2.360389,0.951294
22.310753,-0.000000,0.000000,0.000000,0.000000,-0.000000,-0.000000,1.000000,0.451185,-0.125843,0.189895,0.997581,-0.065493,0.001429,0.023259,0.453741,-0.124847,0.187820,0.991270,-0.078902,-0.008603,0.105283,2.929930,0.000442,-0.158906,-0.000704,-0.009159,0.001993,0.172758,-0.008663,-0.019668,-3.359401,-0.032300,1.347997,0.763541,-2.463095,-0.063872,-0.467932,-0.091347,0.272609,-2.458913,-0.267163,2.360445,0.939203
22.361152,-0.000000,0.000000,0.000000,0.000000,-0.000000,-0.000000,1.000000,0.451185,-0.125843,0.189895,0.997581,-0.065493,0.001429,0.023259,0.453684,-0.124831,0.187811,0.991745,-0.078821,-0.008850,0.100755,2.938967,0.001671,-0.158791,-0.002951,-0.009168,-0.000167,0.180216,0.003422,0.022990,-3.180832,-0.067512,1.402446,0.716586,-2.428969,-0.069965,-0.467947,-0.091361,0.269548,-2.458316,-0.254549,2.360521,0.926753
22.411016,-0.000000,0.000000,0.000000,0.000000,-0.000000,-0.000000,1.000000,0.451185,-0.125843,0.189895,0.997581,-0.065493,0.001429,0.023259,0.453645,-0.124941,0.187848,0.992165,-0.078830,-0.008979,0.096510,2.947451,0.002602,-0.158826,-0.000142,-0.008584,0.003101,0.168742,-0.011652,0.011496,-3.009467,-0.153529,1.152192,0.728193,-2.265899,-0.098681,-0.468123,-0.091409,0.266571,-2.457725,-0.242734,2.360636,0.915007
22.462100,-0.000000,0.000000,0.000000,0.000000,-0.000000,-0.000000,1.000000,0.451185,-0.125843,0.189895,0.997581,-0.065493,0.001429,0.023259,0.453600,-0.125014,0.187871,0.992567,-0.078779,-0.009095,0.092312,2.955841,0.003510,-0.158733,-0.002033,-0.011062,0.001664,0.145343,-0.001675,0.025003,-3.100749,-0.076631,1.220422,0.680565,-2.328117,-0.080904,-0.468297,-0.091439,0.263703,-2.457172,-0.231056,2.360698,0.903363
22.511807,-0.000000,0.000000,0.000000,0.000000,-0.000000,-0.000000,1.000000,0.451185,-0.125843,0.189895,0.997581,-0.065493,0.001429,0.023259,0.453537,-0.125052,0.187857,0.992924,-0.078859,-0.009198,0.088314,2.963827,0.004337,-0.158896,-0.001235,-0.005770,0.000951,0.167408,-0.012063,-0.010581,-3.220922,-0.106118,1.292442,0.682606,-2.401783,-0.119770,-0.468289,-0.091423,0.260857,-2.456701,-0.219983,2.360713,0.892644
22.561774,-0.000000,0.000000,0.000000,0.000000,-0.000000,-0.000000,1.000000,0.451185,-0.125843,0.189895,0.997581,-0.065493,0.001429,0.023259,0.453462,-0.125136,0.187858,0.993262,-0.078717,-0.009270,0.084541,2.971366,0.005105,-0.158608,-0.001860,-0.009759,0.000704,0.137853,-0.007761,0.004446,-3.088219,0.029919,1.196918,0.640430,-2.302715,-0.047133,-0.468341,-0.091463,0.258121,-2.456304,-0.209534,2.360733,0.881992
22.611158,-0.000000,0.000000,0.000000,0.000000,-0.000000,-0.000000,1.000000,0.451185,-0.125843,0.189895,0.997581,-0.065493,0.001429,0.023259,0.453416,-0.125098,0.187841,0.993574,-0.078740,-0.009295,0.080769,2.978909,0.005750,-0.158637,-0.000216,-0.005294,0.002235,0.146859,-0.014441,0.006629,-3.163767,-0.019218,1.251018,0.641650,-2.336821,-0.077091,-0.468332,-0.091463,0.255591,-2.455923,-0.199077,2.360734,0.871946
22.661257,-0.000000,0.000000,0.000000,0.000000,-0.000000,-0.000000,1.000000,0.451185,-0.125843,0.189895,0.997581,-0.065493,0.001429,0.023259,0.453373,-0.125221,0.187865,0.993848,-0.078536,-0.009283,0.077538,2.985375,0.006272,-0.158208,-0.001848,-0.007405,0.000947,0.120007,-0.008872,0.000678,-3.178909,-0.037861,1.366884,0.689221,-2.383950,-0.092722,-0.468338,-0.091472,0.253103,-2.455538,-0.190159,2.360736,0.862589
22.711248,-0.000000,0.000000,0.000000,0.000000,-0.000000,-0.000000,1.000000,0.451185,-0.125843,0.189895,0.997581,-0.065493,0.001429,0.023259,0.453354,-0.125223,0.187868,0.994089,-0.078523,-0.009235,0.074402,2.991653,0.006677,-0.158155,-0.000340,-0.004277,0.001247,0.134110,-0.016138,-0.009826,-3.176309,0.040851,1.470986,0.672638,-2.418827,-0.059592,-0.468331,-0.091454,0.250930,-2.455190,-0.181483,2.360731,0.854129
22.761884,-0.000000,0.000000,0.000000,0.000000,-0.000000,-0.000000,1.000000,0.451185,-0.125843,0.189895,0.997581,-0.065493,0.001429,0.023259,0.453352,-0.125240,0.187899,0.994325,-0.078340,-0.009149,0.071389,2.997691,0.007009,-0.157754,-0.001444,-0.006847,0.000825,0.103236,-0.008613,0.007428,-3.017399,-0.127050,1.298147,0.716305,-2.278822,-0.126883,-0.468347,-0.091471,0.248836,-2.454840,-0.173133,2.360727,0.845621
22.811939,-0.000000,0.000000,0.000000,0.000000,-0.000000,-0.000000,1.000000,0.451185,-0.125843,0.189895,0.997581,-0.065493,0.001429,0.023259,0.453323,-0.125293,0.187902,0.994510,-0.078264,-0.009084,0.068860,3.002758,0.007290,-0.157576,-0.001789,-0.004549,-0.000301,0.102416,-0.008115,0.010282,-3.171131,0.050712,1.329173,0.631534,-2.359223,-0.062346,-0.468344,-0.091457,0.246969,-2.454586,-0.166157,2.360723,0.838579
22.861894,-0.000000,0.000000,0.000000,0.000000,-0.000000,-0.000000,1.000000,0.451185,-0.125843,0.189895,0.997581,-0.065493,0.001429,0.023259,0.453304,-0.125259,0.187897,0.994695,-0.078169,-0.008997,0.066257,3.007975,0.007540,-0.157355,-0.000786,-0.003687,0.000931,0.098118,-0.010093,0.012396,-3.107743,0.037983,1.325858,0.645696,-2.330903,-0.066501,-0.468330,-0.091466,0.245226,-2.454372,-0.158949,2.360722,0.831469
22.912173,-0.000000,0.000000,0.000000,0.000000,-0.000000,-0.000000,1.000000,0.451185,-0.125843,0.189895,0.997581,-0.065493,0.001429,0.023259,0.453283,-0.125320,0.187907,0.994842,-0.078006,-0.008917,0.064225,3.012048,0.007722,-0.157002,-0.000225,-0.005058,0.001653,0.064839,-0.008800,0.012742,-3.113699,0.081456,1.385864,0.666392,-2.364922,-0.057345,-0.468353,-0.091463,0.243710,-2.454173,-0.153346,2.360723,0.825571
22.962122,-0.000000,0.000000,0.000000,0.000000,-0.000000,-0.000000,1.000000,0.451185,-0.125843,0.189895,0.997581,-0.065493,0.001429,0.023259,0.453262,-0.125352,0.187904,0.994956,-0.077898,-0.008853,0.062575,3.015355,0.007868,-0.156765,-0.000850,-0.002410,0.000236,0.066235,-0.007713,0.007950,-3.110481,0.024142,1.367347,0.716947,-2.350115,-0.083646,-0.468356,-0.091454,0.242501,-2.454035,-0.148801,2.360721,0.820873
23.012856,-0.000000,0.000000,0.000000,0.000000,-0.000000,-0.000000,1.000000,0.451185,-0.125843,0.189895,0.997581,-0.065493,0.001429,0.023259,0.453251,-0.125260,0.187885,0.995071,-0.077806,-0.008782,0.060849,3.018815,0.008009,-0.156558,-0.000447,-0.001491,0.000051,0.067249,-0.008065,0.005477,-3.134531,0.015344,1.379677,0.746675,-2.369986,-0.092329,-0.468345,-0.091459,0.241486,-2.453943,-0.144010,2.360718,0.816244
23.063059,-0.000000,0.000000,0.000000,0.000000,-0.000000,-0.000000,1.000000,0.451185,-0.125843,0.189895,0.997581,-0.065493,0.001429,0.023259,0.453247,-0.125189,0.187876,0.995181,-0.077784,-0.008687,0.059071,3.022383,0.008102,-0.156487,-0.000821,-0.001973,0.000456,0.069656,-0.008633,0.006913,-3.101134,0.082314,1.409579,0.719355,-2.366970,-0.057230,-0.468340,-0.091463,0.240399,-2.453824,-0.139072,2.360712,0.811571
23.113148,-0.000000,0.000000,0.000000,0.000000,-0.000000,-0.000000,1.000000,0.451185,-0.125843,0.189895,0.997581,-0.065493,0.001429,0.023259,0.453245,-0.125221,0.187888,0.995275,-0.077730,-0.008588,0.057543,3.025451,0.008150,-0.156355,-0.001084,-0.003340,0.000230,0.055320,-0.006654,-0.003429,-3.109931,0.098646,1.405673,0.711637,-2.369430,-0.049191,-0.468351,-0.091453,0.239286,-2.453670,-0.134853,2.360708,0.807309
23.162831,-0.000000,0.000000,0.000000,0.000000,-0.000000,-0.000000,1.000000,0.451185,-0.125843,0.189895,0.997581,-0.065493,0.001429,0.023259,0.453230,-0.125310,0.187904,0.995344,-0.077665,-0.008511,0.056449,3.027648,0.008175,-0.156208,0.000203,-0.002867,0.001080,0.038682,-0.007566,0.003337,-3.080137,0.061925,1.372352,0.748678,-2.351855,-0.050822,-0.468346,-0.091456,0.238330,-2.453561,-0.131849,2.360713,0.804073
23.213104,-0.000000,0.000000,0.000000,0.000000,-0.000000,-0.000000,1.000000,0.451185,-0.125843,0.189895,0.997581,-0.065493,0.001429,0.023259,0.453223,-0.125308,0.187902,0.995400,-0.077656,-0.008449,0.055466,3.029621,0.008206,-0.156175,-0.000139,-0.000887,0.000355,0.042951,-0.007064,-0.000510,-3.130133,0.071531,1.396436,0.784083,-2.377555,-0.043734,-0.468338,-0.091451,0.237643,-2.453489,-0.129133,2.360710,0.801427
23.263949,-0.000000,0.000000,0.000000,0.000000,-0.000000,-0.000000,1.000000,0.451185,-0.125843,0.189895,0.997581,-0.065493,0.001429,0.023259,0.453222,-0.125252,0.187892,0.995464,-0.077628,-0.008381,0.054363,3.031836,0.008245,-0.156101,-0.000972,-0.000515,-0.001255,0.045965,-0.005450,-0.004843,-3.125352,0.078852,1.534475,0.785868,-2.435094,-0.032247,-0.468341,-0.091445,0.236999,-2.453426,-0.126070,2.360707,0.798527
23.313291,-0.000000,0.000000,0.000000,0.000000,-0.000000,-0.000000,1.000000,0.451185,-0.125843,0.189895,0.997581,-0.065493,0.001429,0.023259,0.453227,-0.125195,0.187890,0.995520,-0.077693,-0.008295,0.053248,3.034075,0.008241,-0.156213,0.000746,-0.000515,0.000810,0.047815,-0.009936,-0.004186,-3.166469,-0.039056,1.434496,0.831670,-2.396398,-0.090059,-0.468340,-0.091451,0.236346,-2.453356,-0.122966,2.360702,0.795779
23.364048,-0.000000,0.000000,0.000000,0.000000,-0.000000,-0.000000,1.000000,0.451185,-0.125843,0.189895,0.997581,-0.065493,0.001429,0.023259,0.453225,-0.125177,0.187890,0.995583,-0.077668,-0.008210,0.052105,3.036370,0.008254,-0.156145,-0.000881,-0.002115,-0.000122,0.043427,-0.005762,0.002884,-3.099913,0.127149,1.497152,0.774493,-2.402548,-0.011943,-0.468342,-0.091449,0.235594,-2.453277,-0.119800,2.360698,0.792708
23.414154,-0.000000,0.000000,0.000000,0.000000,-0.000000,-0.000000,1.000000,0.451185,-0.125843,0.189895,0.997581,-0.065493,0.001429,0.023259,0.453217,-0.125252,0.187905,0.995638,-0.077555,-0.008138,0.051218,3.038152,0.008261,-0.155902,-0.000244,-0.002814,0.000703,0.030635,-0.006176,0.001732,-3.143613,0.110336,1.474479,0.799508,-2.409014,-0.030379,-0.468351,-0.091445,0.234829,-2.453181,-0.117365,2.360693,0.789959
23.464121,-0.000000,0.000000,0.000000,0.000000,-0.000000,-0.000000,1.000000,0.451185,-0.125843,0.189895,0.997581,-0.065493,0.001429,0.023259,0.453198,-0.125339,0.187913,0.995671,-0.077524,-0.008091,0.050628,3.039340,0.008263,-0.155831,-0.000889,-0.002052,-0.000282,0.019624,-0.002504,0.000183,-3.122869,0.089568,1.521932,0.840747,-2.430229,-0.030573,-0.468334,-0.091444,0.234212,-2.453128,-0.115756,2.360695,0.788147
23.514800,-0.000000,0.000000,0.000000,0.000000,-0.000000,-0.000000,1.000000,0.451185,-0.125843,0.189895,0.997581,-0.065493,0.001429,0.023259,0.453200,-0.125394,0.187931,0.995690,-0.077512,-0.008049,0.050282,3.040037,0.008234,-0.155800,0.000464,-0.001088,0.001068,0.008886,-0.004072,-0.002070,-3.153141,0.093476,1.497691,0.863513,-2.436568,-0.029582,-0.468338,-0.091446,0.233859,-2.453065,-0.114806,2.360690,0.787084
23.564304,-0.000000,0.000000,0.000000,0.000000,0.092192,-0.000000,1.000000,0.451185,-0.125843,0.189895,0.997579,-0.065520,0.002579,0.023183,0.453196,-0.125416,0.187933,0.995702,-0.077485,-0.008037,0.050080,3.040442,0.008244,-0.155744,-0.000778,-0.000773,-0.000222,0.007532,0.000560,0.002588,-3.148732,0.098965,1.541351,0.868868,-2.449705,-0.024979,-0.468331,-0.091437,0.233667,-2.453038,-0.114258,2.360681,0.786452
23.614328,-0.000000,0.000000,0.000000,0.000000,0.203348,-0.000000,1.000000,0.451185,-0.125843,0.189895,0.997569,-0.065578,0.005115,0.023017,0.453205,-0.125425,0.187942,0.995710,-0.077472,-0.008016,0.049952,3.040701,0.008224,-0.155715,-0.000405,-0.000209,-0.000145,0.003839,0.000272,0.000010,-3.102366,0.077182,1.566473,0.879021,-2.439168,-0.027556,-0.468326,-0.091435,0.233556,-2.453006,-0.113902,2.360683,0.786065
23.664347,-0.000000,0.000000,0.000000,0.000000,0.194085,-0.000000,1.000000,0.451185,-0.125843,0.189895,0.997553,-0.065634,0.007535,0.022857,0.453210,-0.125424,0.187946,0.995717,-0.077454,-0.008003,0.049835,3.040936,0.008218,-0.155676,0.000147,-0.000193,-0.000188,0.006331,-0.001868,-0.003522,-3.141052,0.126291,1.581537,0.871641,-2.466734,-0.008847,-0.468324,-0.091431,0.233478,-2.452986,-0.113580,2.360682,0.785722
23.715057,-0.000000,0.000000,0.000000,0.000000,0.184822,-0.000000,1.000000,0.451185,-0.125843,0.189895,0.997533,-0.065686,0.009839,0.022706,0.453218,-0.125408,0.187951,0.995726,-0.077436,-0.007983,0.049698,3.041214,0.008201,-0.155636,-0.000495,0.000453,-0.000825,0.007832,-0.000304,-0.000688,-3.130929,0.066279,1.484244,0.918350,-2.433435,-0.034445,-0.468326,-0.091437,0.233421,-2.452971,-0.113188,2.360686,0.785346
23.765113,-0.000000,0.000000,0.000000,0.000000,0.184822,-0.000000,1.000000,0.451185,-0.125843,0.189895,0.997508,-0.065739,0.012144,0.022554,0.453229,-0.125411,0.187961,0.995730,-0.077459,-0.007962,0.049584,3.041444,0.008175,-0.155680,0.000233,0.000267,0.000141,0.005957,-0.001716,-0.002431,-3.156962,0.133245,1.482272,0.901426,-2.458750,-0.003782,-0.468325,-0.091433,0.233338,-2.452935,-0.112870,2.360682,0.785082
23.815166,-0.000000,0.000000,0.000000,0.000000,0.101455,-0.000000,1.000000,0.451185,-0.125843,0.189895,0.997492,-0.065767,0.013409,0.022471,0.453251,-0.125409,0.187983,0.995738,-0.077440,-0.007925,0.049448,3.041721,0.008124,-0.155637,0.000277,-0.000329,0.000831,0.005391,-0.002464,-0.000518,-3.217313,0.070847,1.440034,0.946380,-2.489290,-0.035878,-0.468324,-0.091443,0.233255,-2.452883,-0.112477,2.360681,0.784678
23.864964,-0.000000,0.000000,0.000000,0.000000,0.101455,-0.000000,1.000000,0.451185,-0.125843,0.189895,0.997474,-0.065796,0.014674,0.022387,0.453279,-0.125414,0.188005,0.995741,-0.077486,-0.007883,0.049322,3.041978,0.008056,-0.155723,0.000028,0.000210,-0.000199,0.007046,-0.001535,-0.002512,-3.239462,0.047149,1.413625,0.965866,-2.506758,-0.045664,-0.468324,-0.091434,0.233166,-2.452812,-0.112119,2.360685,0.784423
23.915292,-0.000000,0.000000,0.000000,0.000000,0.092192,-0.000000,1.000000,0.451185,-0.125843,0.189895,0.997456,-0.065822,0.015823,0.022311,0.453313,-0.125420,0.188036,0.995744,-0.077555,-0.007830,0.049172,3.042287,0.007966,-0.155856,0.000354,-0.000697,-0.000432,0.007449,-0.000516,-0.003589,-3.254886,0.097776,1.410402,0.973579,-2.535739,-0.021871,-0.468326,-0.091431,0.233063,-2.452726,-0.111684,2.360685,0.784145
23.965264,-0.000000,0.000000,0.000000,0.000000,0.101455,-0.000000,1.000000,0.451185,-0.125843,0.189895,0.997436,-0.065850,0.017088,0.022228,0.453353,-0.125407,0.188071,0.995750,-0.077607,-0.007766,0.048985,3.042669,0.007863,-0.155952,0.000841,-0.000136,0.001127,0.010001,-0.005224,-0.005340,-3.228642,0.089819,1.413520,0.996795,-2.539733,-0.018281,-0.468323,-0.091441,0.232969,-2.452641,-0.111139,2.360690,0.783766
24.015878,-0.000000,0.000000,0.000000,0.000000,0.101455,-0.000000,1.000000,0.451185,-0.125843,0.189895,0.997413,-0.065878,0.018353,0.022144,0.453395,-0.125392,0.188103,0.995752,-0.077742,-0.007692,0.048734,3.043180,0.007741,-0.156212,0.001940,-0.000080,0.002035,0.010945,-0.007710,-0.002348,-3.254610,0.096739,1.374680,1.018387,-2.548787,-0.016250,-0.468322,-0.091445,0.232840,-2.452552,-0.110415,2.360702,0.783387
24.066027,-0.000000,0.000000,0.000000,0.000000,0.018088,-0.000000,1.000000,0.451185,-0.125843,0.189895,0.997409,-0.065883,0.018579,0.022129,0.453445,-0.125364,0.188138,0.995760,-0.077878,-0.007602,0.048375,3.043910,0.007605,-0.156473,0.000969,-0.000303,0.001045,0.014839,-0.005443,-0.007616,-3.242609,0.046253,1.369544,1.054367,-2.560609,-0.031624,-0.468321,-0.091444,0.232664,-2.452447,-0.109387,2.360719,0.782749
24.116005,-0.000000,0.000000,0.000000,0.000000,-0.000000,-0.000000,1.000000,0.451185,-0.125843,0.189895,0.997409,-0.065883,0.018579,0.022129,0.453504,-0.125350,0.188186,0.995767,-0.078047,-0.007487,0.047972,3.044732,0.007422,-0.156797,0.000274,0.000033,0.000616,0.017245,-0.005222,-0.010507,-3.280929,0.074724,1.352907,1.040802,-2.589427,-0.022008,-0.468326,-0.091455,0.232436,-2.452324,-0.108228,2.360750,0.782024
24.165994,-0.000000,0.000000,0.000000,0.000000,-0.000000,-0.000000,1.000000,0.451185,-0.125843,0.189895,0.997409,-0.065883,0.018579,0.022129,0.453566,-0.125334,0.188229,0.995778,-0.078166,-0.007360,0.047560,3.045573,0.007222,-0.157021,0.001863,0.000176,0.001710,0.017495,-0.010125,-0.003712,-3.308972,0.082795,1.328211,1.030227,-2.613017,-0.018715,-0.468326,-0.091461,0.232201,-2.452216,-0.107047,2.360828,0.781185
24.216818,-0.000000,0.000000,0.000000,0.000000,-0.000000,-0.000000,1.000000,0.451185,-0.125843,0.189895,0.997409,-0.065883,0.018579,0.022129,0.453623,-0.125319,0.188259,0.995794,-0.078266,-0.007218,0.047072,3.046570,0.007008,-0.157204,0.001169,-0.000637,0.000649,0.021402,-0.008783,-0.004041,-3.385339,0.082757,1.268803,1.029425,-2.649664,-0.023440,-0.468327,-0.091465,0.231907,-2.452148,-0.105658,2.360967,0.780101
24.267278,-0.000000,0.000000,0.000000,0.000000,-0.000000,-0.000000,1.000000,0.451185,-0.125843,0.189895,0.997409,-0.065883,0.018579,0.022129,0.453702,-0.125288,0.188291,0.995818,-0.078353,-0.007011,0.046452,3.047840,0.006683,-0.157353,0.001749,0.000229,0.000945,0.026285,-0.013528,0.000469,-3.421321,0.077124,1.235452,1.024126,-2.675601,-0.028645,-0.468327,-0.091485,0.231553,-2.452109,-0.103883,2.361234,0.778664
24.316959,-0.000000,0.000000,0.000000,0.000000,-0.000000,-0.000000,1.000000,0.451185,-0.125843,0.189895,0.997409,-0.065883,0.018579,0.022129,0.453764,-0.125243,0.188319,0.995854,-0.078420,-0.006810,0.045602,3.049567,0.006411,-0.157463,0.001042,-0.001106,0.001369,0.028120,-0.009757,0.003527,-3.479731,0.073409,1.165774,0.993825,-2.674356,-0.041043,-0.468332,-0.091517,0.231074,-2.452069,-0.101470,2.361444,0.776597
24.366197,-0.000000,0.000000,0.000000,0.000000,-0.000000,-0.000000,1.000000,0.451185,-0.125843,0.189895,0.997409,-0.065883,0.018579,0.022129,0.453821,-0.125270,0.188353,0.995877,-0.078502,-0.006605,0.044966,3.050868,0.006096,-0.157605,0.001516,-0.001538,0.001502,0.021420,-0.011597,-0.004085,-3.519941,0.059236,1.174096,0.951699,-2.700058,-0.057259,-0.468339,-0.091551,0.230588,-2.452044,-0.099662,2.361707,0.774987
24.416871,-0.000000,0.000000,0.000000,0.000000,-0.000000,-0.000000,1.000000,0.451185,-0.125843,0.189895,0.997409,-0.065883,0.018579,0.022129,0.453895,-0.125313,0.188391,0.995891,-0.078577,-0.006392,0.044566,3.051700,0.005728,-0.157733,0.001096,-0.000941,0.000229,0.014339,-0.009667,-0.002549,-3.507498,0.101244,1.136574,0.906447,-2.684153,-0.037428,-0.468339,-0.091571,0.230229,-2.452022,-0.098508,2.362033,0.773966
24.466914,-0.000000,0.000000,0.000000,0.000000,-0.000000,-0.000000,1.000000,0.451185,-0.125843,0.189895,0.997409,-0.065883,0.018579,0.022129,0.453979,-0.125334,0.188430,0.995898,-0.078667,-0.006179,0.044283,3.052297,0.005340,-0.157894,0.001727,-0.002253,0.001543,0.007167,-0.012630,-0.005610,-3.508920,0.089839,1.102047,0.907371,-2.673372,-0.042863,-0.468338,-0.091593,0.229999,-2.452009,-0.097670,2.362379,0.773336
24.517058,-0.000000,0.000000,0.000000,0.000000,-0.000000,-0.000000,1.000000,0.451185,-0.125843,0.189895,0.997409,-0.065883,0.018579,0.022129,0.454056,-0.125351,0.188459,0.995902,-0.078733,-0.005995,0.044091,3.052709,0.004998,-0.158008,0.001545,-0.001037,0.000996,0.006530,-0.009744,-0.006266,-3.582625,0.137080,1.055310,0.900554,-2.688091,-0.028126,-0.468338,-0.091598,0.229842,-2.452000,-0.097095,2.362701,0.772914
24.567054,-0.000000,0.000000,0.000000,0.000000,-0.000000,-0.000000,1.000000,0.451185,-0.125843,0.189895,0.997409,-0.065883,0.018579,0.022129,0.454134,-0.125374,0.188485,0.995909,-0.078745,-0.005813,0.043936,3.053049,0.004659,-0.158015,0.001512,-0.001423,0.001303,0.003833,-0.008148,-0.003252,-3.634152,0.105070,1.061590,0.919213,-2.718443,-0.045565,-0.468337,-0.091599,0.229698,-2.452000,-0.096624,2.363041,0.772472
24.616846,-0.000000,0.000000,0.000000,0.000000,-0.000000,-0.000000,1.000000,0.451185,-0.125843,0.189895,0.997409,-0.065883,0.018579,0.022129,0.454206,-0.125405,0.188511,0.995913,-0.078771,-0.005642,0.043833,3.053281,0.004332,-0.158052,0.001151,-0.000118,0.000043,0.004183,-0.005764,0.001041,-3.606674,0.129754,1.049379,0.903026,-2.697147,-0.032046,-0.468336,-0.091599,0.229571,-2.452001,-0.096303,2.363368,0.772184
24.667133,-0.000000,0.000000,0.000000,0.000000,-0.000000,-0.000000,1.000000,0.451185,-0.125843,0.189895,0.997409,-0.065883,0.018579,0.022129,0.454282,-0.125420,0.188539,0.995915,-0.078792,-0.005475,0.043757,3.053459,0.004011,-0.158078,0.002635,-0.000586,0.001873,0.002232,-0.010917,-0.000825,-3.672671,0.120107,1.022396,0.906221,-2.711366,-0.045034,-0.468335,-0.091604,0.229497,-2.452000,-0.096051,2.363683,0.771985
24.717134,-0.000000,0.000000,0.000000,0.000000,-0.000000,-0.000000,1.000000,0.451185,-0.125843,0.189895,0.997409,-0.065883,0.018579,0.022129,0.454345,-0.125438,0.188558,0.995918,-0.078793,-0.005332,0.043712,3.053572,0.003733,-0.158068,0.001456,-0.001313,0.000740,0.001280,-0.008779,-0.001894,-3.677275,0.127606,1.051446,0.893213,-2.725507,-0.042025,-0.468337,-0.091602,0.229439,-2.452013,-0.095895,2.363978,0.771831
24.767836,-0.000000,0.000000,0.153549,0.000000,-0.000000,-0.000000,1.000000,0.451185,-0.125843,0.190509,0.997409,-0.065883,0.018579,0.022129,0.454407,-0.125452,0.188582,0.995921,-0.078802,-0.005199,0.043644,3.053728,0.003477,-0.158074,0.001192,0.000480,0.000436,0.002587,-0.004113,0.002048,-3.647024,0.136249,1.016893,0.916230,-2.698493,-0.034738,-0.468332,-0.091606,0.229368,-2.452005,-0.095674,2.364221,0.771635
24.817973,-0.000000,0.000000,-0.499985,0.000000,-0.000000,-0.000000,1.000000,0.451185,-0.125843,0.188509,0.997409,-0.065883,0.018579,0.022129,0.454469,-0.125478,0.188606,0.995922,-0.078816,-0.005060,0.043608,3.053822,0.003204,-0.158089,0.001830,-0.000466,0.001643,-0.000230,-0.008206,0.000923,-3.671454,0.202833,0.999599,0.885310,-2.704065,-0.009721,-0.468340,-0.091608,0.229306,-2.452007,-0.095541,2.364495,0.771510
24.867926,-0.000000,0.000000,-0.499985,0.000000,-0.000000,-0.000000,1.000000,0.451185,-0.125843,0.186509,0.997409,-0.065883,0.018579,0.022129,0.454518,-0.125493,0.188621,0.995921,-0.078849,-0.004950,0.043577,3.053901,0.002988,-0.158145,0.000667,-0.000943,0.000427,0.000862,-0.005825,-0.002053,-3.636815,0.180221,1.005134,0.884001,-2.687876,-0.018653,-0.468339,-0.091606,0.229260,-2.452012,-0.095431,2.364715,0.771462
24.918027,-0.000000,0.000000,-0.499985,0.000000,-0.000000,-0.000000,1.000000,0.451185,-0.125843,0.184509,0.997409,-0.065883,0.018579,0.022129,0.454572,-0.125501,0.188638,0.995922,-0.078857,-0.004841,0.043566,3.053939,0.002771,-0.158151,0.000682,-0.000324,0.000064,0.000038,-0.002170,0.000577,-3.715342,0.182181,1.003035,0.861137,-2.716836,-0.029824,-0.468337,-0.091602,0.229242,-2.452011,-0.095377,2.364933,0.771433
24.968099,-0.000000,0.000000,-0.499985,0.000000,-0.000000,-0.000000,1.000000,0.451185,-0.125843,0.182509,0.997409,-0.065883,0.018579,0.022129,0.454603,-0.125512,0.188640,0.995921,-0.078871,-0.004767,0.043558,3.053968,0.002624,-0.158173,0.000440,-0.000674,-0.000468,0.001016,-0.002097,-0.001706,-3.682426,0.218147,0.926530,0.834933,-2.669116,-0.012730,-0.468335,-0.091589,0.229214,-2.452028,-0.095343,2.365109,0.771420
25.017903,-0.000000,0.000000,-0.499985,0.000000,-0.000000,-0.000000,1.000000,0.451185,-0.125843,0.180509,0.997409,-0.065883,0.018579,0.022129,0.454607,-0.125508,0.188613,0.995922,-0.078870,-0.004743,0.043544,3.054000,0.002579,-0.158170,-0.000178,0.000183,-0.001238,0.000927,0.000637,0.000722,-3.739562,0.243087,0.779125,0.832767,-2.630475,-0.006497,-0.468334,-0.091556,0.229209,-2.452082,-0.095316,2.365239,0.771404
25.067979,-0.000000,0.000000,-0.499985,0.000000,-0.000000,-0.000000,1.000000,0.451185,-0.125843,0.178509,0.997409,-0.065883,0.018579,0.022129,0.454581,-0.125498,0.188532,0.995923,-0.078876,-0.004721,0.043521,3.054049,0.002538,-0.158180,-0.000726,0.000927,-0.002775,0.002193,0.000683,-0.000319,-3.913201,0.250650,0.761904,0.820976,-2.708278,-0.024395,-0.468335,-0.091502,0.229195,-2.452277,-0.095289,2.365525,0.771400
25.118091,-0.000000,0.000000,-0.499985,0.000000,-0.000000,-0.000000,1.000000,0.451185,-0.125843,0.176509,0.997409,-0.065883,0.018579,0.022129,0.454550,-0.125475,0.188321,0.995926,-0.078869,-0.004743,0.043455,3.054176,0.002592,-0.158167,-0.000480,-0.000029,-0.004824,0.003130,-0.000892,-0.000676,-3.728043,0.201626,0.534684,0.853404,-2.553993,-0.030350,-0.468335,-0.091175,0.229178,-2.452528,-0.095271,2.366031,0.771396
25.168138,-0.000000,0.000000,-0.499985,0.000000,-0.000000,-0.000000,1.000000,0.451185,-0.125843,0.174509,0.997409,-0.065883,0.018579,0.022129,0.454520,-0.125441,0.187975,0.995932,-0.078851,-0.004796,0.043345,3.054388,0.002717,-0.158135,-0.000208,0.000373,-0.007660,0.004582,-0.000556,0.000497,-3.641865,0.209956,0.427496,0.833615,-2.482757,-0.020123,-0.468341,-0.090557,0.229157,-2.452832,-0.095261,2.366801,0.771394
25.218824,-0.000000,0.000000,-0.499985,0.000000,-0.000000,-0.000000,1.000000,0.451185,-0.125843,0.172510,0.997409,-0.065883,0.018579,0.022129,0.454471,-0.125395,0.187520,0.995940,-0.078825,-0.004886,0.043201,3.054661,0.002922,-0.158091,-0.000607,0.000930,-0.009739,0.005681,0.000940,0.003117,-3.448104,0.147018,0.175301,0.864587,-2.302490,-0.027255,-0.468340,-0.089747,0.229125,-2.453230,-0.095255,2.367766,0.771390
25.268838,-0.000000,0.000000,-0.499985,0.000000,-0.000000,-0.000000,1.000000,0.451185,-0.125843,0.170510,0.997409,-0.065883,0.018579,0.022129,0.454395,-0.125348,0.186927,0.995949,-0.078808,-0.004987,0.043019,3.055009,0.003153,-0.158065,-0.001331,0.000586,-0.012835,0.008040,0.005122,0.001546,-3.441326,0.133836,0.024986,0.866171,-2.238819,-0.034575,-0.468342,-0.088735,0.229051,-2.453805,-0.095251,2.369074,0.771389
25.318925,-0.000000,0.000000,-0.499985,0.000000,-0.000000,-0.000000,1.000000,0.451185,-0.125843,0.168510,0.997409,-0.065883,0.018579,0.022129,0.454308,-0.125306,0.186221,0.995958,-0.078798,-0.005055,0.042809,3.055417,0.003324,-0.158050,-0.001103,0.001019,-0.014937,0.009181,-0.000520,0.002726,-3.346809,0.048236,-0.118767,0.894348,-2.142326,-0.063975,-0.468340,-0.087561,0.228931,-2.454557,-0.095249,2.370775,0.771387
25.368977,-0.000000,0.000000,-0.499985,0.000000,-0.000000,-0.000000,1.000000,0.451185,-0.125843,0.166510,0.997409,-0.065883,0.018579,0.022129,0.454215,-0.125263,0.185424,0.995969,-0.078788,-0.005095,0.042576,3.055875,0.003440,-0.158032,-0.002520,0.001662,-0.017665,0.009884,0.001923,0.004428,-3.409140,0.076356,-0.246579,0.876195,-2.112138,-0.057600,-0.468336,-0.086253,0.228780,-2.455449,-0.095247,2.372797,0.771380
25.419089,-0.000000,0.000000,-0.499985,0.000000,-0.000000,-0.000000,1.000000,0.451185,-0.125843,0.164510,0.997409,-0.065883,0.018579,0.022129,0.454094,-0.125210,0.184501,0.995981,-0.078774,-0.004997,0.042337,3.056369,0.003284,-0.157995,-0.005116,0.002186,-0.021954,0.011444,0.003588,0.004292,-3.282143,0.065608,-0.465915,0.851915,-1.971976,-0.052012,-0.468338,-0.084934,0.228607,-2.456787,-0.095242,2.375547,0.771375
25.470036,-0.000000,0.000000,-0.499985,0.000000,-0.000000,-0.000000,1.000000,0.451185,-0.125843,0.162510,0.997409,-0.065883,0.018579,0.022129,0.453943,-0.125164,0.183451,0.995992,-0.078775,-0.004805,0.042081,3.056909,0.002942,-0.157980,-0.007184,0.001518,-0.024487,0.014080,0.009098,-0.001354,-3.320093,0.095990,-0.499566,0.791702,-1.985336,-0.043060,-0.468353,-0.083538,0.228386,-2.458475,-0.095237,2.378907,0.771376
25.519935,-0.000000,0.000000,-0.499985,0.000000,-0.000000,-0.000000,1.000000,0.451185,-0.125843,0.160510,0.997409,-0.065883,0.018579,0.022129,0.453829,-0.125110,0.182321,0.996007,-0.078755,-0.004514,0.041809,3.057497,0.002407,-0.157915,-0.005139,0.001304,-0.025923,0.014313,0.002845,0.000503,-3.363258,0.078453,-0.619372,0.773216,-1.959149,-0.054084,-0.468372,-0.081986,0.228168,-2.460288,-0.095237,2.382736,0.771366
25.568877,-0.000000,0.000000,-0.499985,0.000000,-0.000000,-0.000000,1.000000,0.451185,-0.125843,0.158510,0.997409,-0.065883,0.018579,0.022129,0.453751,-0.125063,0.180994,0.996023,-0.078748,-0.004239,0.041457,3.058244,0.001915,-0.157877,-0.002925,0.001294,-0.030295,0.017570,0.001261,0.002638,-3.518301,0.068296,-0.591114,0.748371,-2.037021,-0.071404,-0.468409,-0.079901,0.227908,-2.462081,-0.095237,2.387009,0.771357
25.618905,-0.000000,0.000000,-0.499985,0.000000,-0.000000,-0.000000,1.000000,0.451185,-0.125843,0.156510,0.997409,-0.065883,0.018579,0.022129,0.453737,-0.125043,0.179596,0.996039,-0.078777,-0.004176,0.041015,3.059136,0.001856,-0.157928,0.000827,-0.001186,-0.028138,0.019007,-0.000542,-0.001786,-3.623721,0.135153,-0.688378,0.712194,-2.039453,-0.050325,-0.468455,-0.077225,0.227601,-2.463292,-0.095232,2.390829,0.771349
25.669177,-0.000000,0.000000,-0.499985,0.000000,-0.000000,-0.000000,1.000000,0.451185,-0.125843,0.154510,0.997409,-0.065883,0.018579,0.022129,0.453814,-0.125042,0.178174,0.996056,-0.078826,-0.004323,0.040496,3.060149,0.002227,-0.158038,0.001895,-0.001910,-0.028625,0.023278,0.008802,-0.005961,-3.644104,0.089054,-0.811241,0.719084,-1.996674,-0.064937,-0.468492,-0.073987,0.227270,-2.463811,-0.095231,2.394062,0.771349
25.719860,-0.000000,0.000000,-0.499985,0.000000,-0.000000,-0.000000,1.000000,0.451185,-0.125843,0.152510,0.997409,-0.065883,0.018579,0.022129,0.453922,-0.125052,0.176755,0.996072,-0.078888,-0.004603,0.039940,3.061214,0.002869,-0.158184,0.002624,-0.000784,-0.028194,0.023033,0.004941,-0.004454,-3.793351,0.081728,-0.785075,0.694942,-2.058393,-0.087126,-0.468505,-0.070500,0.226901,-2.463955,-0.095228,2.396887,0.771341
25.770051,-0.000000,0.000000,-0.499985,0.000000,-0.000000,-0.000000,1.000000,0.451185,-0.125843,0.150510,0.997409,-0.065883,0.018579,0.022129,0.454028,-0.125067,0.175292,0.996088,-0.078956,-0.004856,0.039376,3.062298,0.003455,-0.158337,0.003514,-0.001317,-0.030076,0.023457,0.004725,-0.003325,-3.896715,0.034341,-0.727684,0.680917,-2.124875,-0.116753,-0.468525,-0.066946,0.226515,-2.464170,-0.095232,2.399901,0.771332
25.819935,-0.000000,0.000000,-0.499985,0.000000,-0.000000,-0.000000,1.000000,0.451185,-0.125843,0.148510,0.997409,-0.065883,0.018579,0.022129,0.454194,-0.125092,0.173681,0.996106,-0.079036,-0.005049,0.038751,3.063515,0.003934,-0.158512,0.003711,-0.000630,-0.032548,0.027514,0.005997,-0.004959,-3.691789,-0.033856,-0.854701,0.676970,-1.981515,-0.124419,-0.468528,-0.062960,0.226057,-2.464366,-0.095226,2.403416,0.771320
25.869932,-0.000000,0.000000,-0.499985,0.000000,-0.000000,-0.000000,1.000000,0.451185,-0.125843,0.146510,0.997409,-0.065883,0.018579,0.022129,0.454343,-0.125142,0.172008,0.996121,-0.079146,-0.005278,0.038104,3.064768,0.004483,-0.158747,0.003055,-0.001930,-0.032890,0.024999,0.007823,-0.004100,-3.964709,0.020985,-0.787964,0.600249,-2.097483,-0.128720,-0.468541,-0.058828,0.225535,-2.464560,-0.095233,2.406998,0.771307
25.920759,-0.000000,0.000000,-0.499985,0.000000,-0.000000,-0.000000,1.000000,0.451185,-0.125843,0.144510,0.997409,-0.065883,0.018579,0.022129,0.454413,-0.125176,0.170387,0.996134,-0.079253,-0.005601,0.037478,3.065965,0.005217,-0.158985,0.002404,-0.000722,-0.031552,0.024837,0.008569,-0.002684,-3.892188,0.030914,-0.850292,0.579622,-2.049804,-0.113028,-0.468548,-0.054909,0.225033,-2.464792,-0.095232,2.410230,0.771285
25.970812,-0.000000,0.000000,-0.499985,0.000000,-0.000000,-0.000000,1.000000,0.451185,-0.125843,0.142510,0.997409,-0.065883,0.018579,0.022129,0.454516,-0.125179,0.168689,0.996150,-0.079334,-0.005936,0.036820,3.067225,0.005984,-0.159168,0.003996,-0.000858,-0.033675,0.026710,0.007680,-0.001341,-3.804321,-0.011808,-1.011148,0.583361,-1.953968,-0.123328,-0.468547,-0.050737,0.224574,-2.464950,-0.095233,2.413598,0.771269
26.020893,-0.000000,0.000000,-0.499985,0.000000,-0.000000,-0.000000,1.000000,0.451185,-0.125843,0.140511,0.997409,-0.065883,0.018579,0.022129,0.454632,-0.125193,0.166954,0.996165,-0.079430,-0.006242,0.036150,3.068511,0.006694,-0.159379,0.003437,-0.001802,-0.034531,0.025712,0.002290,-0.004236,-3.980600,0.103559,-0.768759,0.480089,-2.112865,-0.096744,-0.468557,-0.046455,0.224093,-2.465108,-0.095241,2.417129,0.771263
26.070893,-0.000000,0.000000,-0.499985,0.000000,-0.000000,-0.000000,1.000000,0.451185,-0.125843,0.138511,0.997409,-0.065883,0.018579,0.022129,0.454713,-0.125207,0.165217,0.996179,-0.079527,-0.006463,0.035504,3.069765,0.007229,-0.159585,0.002233,-0.000617,-0.034885,0.024767,-0.000832,-0.002529,-4.316001,0.085505,-0.481394,0.432921,-2.362488,-0.141130,-0.468560,-0.042336,0.223585,-2.465512,-0.095246,2.420926,0.771241
26.120909,-0.000000,0.000000,-0.499985,0.000000,-0.000000,-0.000000,1.000000,0.451185,-0.125843,0.136511,0.997409,-0.065883,0.018579,0.022129,0.454782,-0.125222,0.163450,0.996193,-0.079625,-0.006612,0.034864,3.071017,0.007622,-0.159789,0.001467,-0.000914,-0.037271,0.027464,0.002999,-0.004916,-4.230534,0.094267,-0.659711,0.431355,-2.259494,-0.124230,-0.468572,-0.038242,0.223066,-2.466079,-0.095255,2.425004,0.771216
26.171656,-0.000000,0.000000,-0.499985,0.000000,-0.000000,-0.000000,1.000000,0.451185,-0.125843,0.134511,0.997409,-0.065883,0.018579,0.022129,0.454815,-0.125271,0.161683,0.996222,-0.079521,-0.006915,0.034200,3.072293,0.008339,-0.159596,0.001297,-0.001674,-0.034311,0.025454,0.004957,-0.002628,-4.227162,-0.015659,-0.809435,0.517186,-2.198599,-0.161831,-0.468621,-0.034048,0.222503,-2.466448,-0.095260,2.428692,0.770680
26.221023,-0.000000,0.000000,-0.499985,0.000000,-0.000000,-0.000000,1.000000,0.451185,-0.125843,0.132511,0.997409,-0.065883,0.018579,0.022129,0.454831,-0.125302,0.159994,0.996240,-0.079537,-0.007201,0.033572,3.073501,0.009008,-0.159643,0.000587,-0.001213,-0.033614,0.025906,0.008231,0.001367,-4.282968,0.011731,-0.718798,0.493121,-2.254185,-0.149755,-0.468642,-0.030072,0.221964,-2.466838,-0.095265,2.432220,0.770420
26.271251,-0.000000,0.000000,-0.499985,0.000000,-0.000000,-0.000000,1.000000,0.451185,-0.125843,0.130511,0.997409,-0.065883,0.018579,0.022129,0.454860,-0.125309,0.158299,0.996257,-0.079564,-0.007494,0.032936,3.074721,0.009691,-0.159711,0.001956,-0.001373,-0.034212,0.027255,0.008605,0.000056,-4.030571,0.001358,-1.061331,0.507214,-2.015485,-0.124647,-0.468658,-0.026040,0.221471,-2.467169,-0.095264,2.435726,0.770225
26.321166,-0.000000,0.000000,-0.499985,0.000000,-0.000000,-0.000000,1.000000,0.451185,-0.125843,0.128511,0.997409,-0.065883,0.018579,0.022129,0.454928,-0.125288,0.156475,0.996276,-0.079577,-0.007807,0.032250,3.076039,0.010424,-0.159752,0.000809,-0.000860,-0.037387,0.029080,0.013106,-0.001849,-4.082099,0.010434,-0.970192,0.448190,-2.068166,-0.128418,-0.468692,-0.021606,0.221030,-2.467408,-0.095277,2.439472,0.770061
26.371222,-0.000000,0.000000,-0.499985,0.000000,-0.000000,-0.000000,1.000000,0.451185,-0.125843,0.126511,0.997409,-0.065883,0.018579,0.022129,0.455010,-0.125279,0.154625,0.996292,-0.079634,-0.008015,0.031567,3.077368,0.010943,-0.159873,0.001202,-0.001830,-0.036831,0.027244,0.003460,-0.004936,-4.308422,-0.002682,-0.857475,0.390445,-2.196565,-0.164797,-0.468746,-0.017156,0.220569,-2.467768,-0.095286,2.443565,0.769952
26.421267,-0.000000,0.000000,-0.499985,0.000000,-0.000000,-0.000000,1.000000,0.451185,-0.125843,0.124511,0.997409,-0.065883,0.018579,0.022129,0.455057,-0.125251,0.152747,0.996308,-0.079676,-0.008273,0.030877,3.078703,0.011566,-0.159967,0.000570,0.000127,-0.038004,0.029893,0.012371,-0.001639,-4.376857,0.015830,-0.906577,0.363384,-2.196364,-0.160275,-0.468806,-0.012674,0.220136,-2.468149,-0.095299,2.447606,0.769833
26.471159,-0.000000,0.000000,-0.499985,0.000000,-0.000000,-0.000000,1.000000,0.451185,-0.125843,0.122511,0.997409,-0.065883,0.018579,0.022129,0.455136,-0.125241,0.150905,0.996323,-0.079718,-0.008606,0.030176,3.080048,0.012337,-0.160064,0.001825,0.000051,-0.036693,0.028578,0.012635,0.001557,-4.164583,0.030241,-0.969555,0.335085,-2.076227,-0.130783,-0.468850,-0.008084,0.219669,-2.468237,-0.095314,2.451312,0.769678
26.521843,-0.000000,0.000000,-0.499985,0.000000,-0.000000,-0.000000,1.000000,0.451185,-0.125843,0.120511,0.997409,-0.065883,0.018579,0.022129,0.455174,-0.125246,0.149082,0.996338,-0.079754,-0.008884,0.029501,3.081349,0.012997,-0.160145,-0.000448,-0.000702,-0.037899,0.027541,0.009774,-0.000143,-4.278268,-0.011263,-0.972541,0.312501,-2.106593,-0.164136,-0.468942,-0.003667,0.219206,-2.468507,-0.095334,2.455149,0.769471
26.571966,-0.000000,0.000000,-0.499985,0.000000,-0.000000,-0.000000,1.000000,0.451185,-0.125843,0.118511,0.997409,-0.065883,0.018579,0.022129,0.455216,-0.125242,0.147223,0.996353,-0.079794,-0.008974,0.028851,3.082629,0.013279,-0.160223,0.002072,-0.001012,-0.038553,0.025269,-0.003573,0.000193,-4.123649,-0.072549,-1.181282,0.295211,-1.947819,-0.179507,-0.468985,0.000670,0.218692,-2.469097,-0.095376,2.459609,0.769306
26.621895,-0.000000,0.000000,-0.499985,0.000000,-0.000000,-0.000000,1.000000,0.451185,-0.125843,0.116511,0.997409,-0.065883,0.018579,0.022129,0.455262,-0.125238,0.145248,0.996369,-0.079835,-0.008978,0.028180,3.083966,0.013392,-0.160295,-0.000555,-0.000894,-0.040580,0.026302,-0.000249,-0.000786,-4.114831,-0.061647,-1.197183,0.211955,-1.924082,-0.175805,-0.469009,0.005218,0.218117,-2.469854,-0.095436,2.464605,0.769138
26.671964,-0.000000,0.000000,-0.499985,0.000000,-0.000000,-0.000000,1.000000,0.451185,-0.125843,0.114511,0.997409,-0.065883,0.018579,0.022129,0.455203,-0.125235,0.143319,0.996384,-0.079868,-0.009074,0.027535,3.085238,0.013685,-0.160360,-0.000899,0.000284,-0.037862,0.023897,0.000482,0.003269,-4.396946,0.034486,-0.923613,0.107950,-2.130861,-0.163150,-0.469029,0.009502,0.217517,-2.470745,-0.095496,2.469305,0.768917
26.722075,-0.000000,0.000000,-0.499985,0.000000,-0.000000,-0.000000,1.000000,0.451185,-0.125843,0.112511,0.997409,-0.065883,0.018579,0.022129,0.455121,-0.125219,0.141469,0.996393,-0.079951,-0.009112,0.026930,3.086436,0.013853,-0.160519,-0.002285,-0.000480,-0.038135,0.025088,0.002683,-0.003623,-4.204411,0.037186,-1.156013,0.096557,-1.945796,-0.145756,-0.469046,0.013514,0.216948,-2.471753,-0.095551,2.473982,0.768814
26.773226,-0.000000,0.000000,-0.499985,0.000000,-0.000000,-0.000000,1.000000,0.451185,-0.125843,0.110511,0.997409,-0.065883,0.018579,0.022129,0.455085,-0.125192,0.139599,0.996409,-0.079960,-0.009028,0.026327,3.087652,0.013781,-0.160525,-0.002015,-0.000611,-0.037601,0.024195,-0.003577,0.000457,-4.072930,-0.065668,-1.357584,0.122520,-1.806572,-0.171040,-0.469071,0.017590,0.216409,-2.472821,-0.095607,2.479027,0.768596
26.822268,-0.000000,0.000000,-0.499985,0.000000,-0.000000,-0.000000,1.000000,0.451185,-0.125843,0.108511,0.997409,-0.065883,0.018579,0.022129,0.454974,-0.125153,0.137666,0.996424,-0.079998,-0.008769,0.025757,3.088830,0.013355,-0.160579,-0.004905,0.000722,-0.037485,0.020727,-0.009411,0.002217,-4.121967,-0.040048,-1.315299,0.076198,-1.840457,-0.167518,-0.469114,0.021473,0.215853,-2.474456,-0.095691,2.484804,0.768449
26.873137,-0.000000,0.000000,-0.118103,0.000000,-0.000000,-0.000000,1.000000,0.451185,-0.125843,0.108039,0.997409,-0.065883,0.018579,0.022129,0.454813,-0.125093,0.135821,0.996438,-0.080022,-0.008442,0.025249,3.089897,0.012783,-0.160602,-0.001357,0.000627,-0.035961,0.016964,-0.027889,0.000934,-4.136686,-0.104672,-1.424810,0.063226,-1.768818,-0.202312,-0.469183,0.024976,0.215371,-2.476331,-0.095804,2.490606,0.768340
26.923022,-0.000000,0.000000,0.499985,0.000000,-0.000000,-0.000000,1.000000,0.451185,-0.125843,0.110039,0.997409,-0.065883,0.018579,0.022129,0.454714,-0.125046,0.133922,0.996452,-0.080046,-0.008104,0.024727,3.090992,0.012193,-0.160625,-0.000461,-0.000078,-0.036298,0.018721,-0.022098,-0.000404,-3.976565,-0.148409,-1.677606,0.048216,-1.580823,-0.204928,-0.469247,0.028795,0.214867,-2.478003,-0.095992,2.496525,0.768273
26.973101,-0.000000,0.000000,0.499985,0.000000,-0.000000,-0.000000,1.000000,0.451185,-0.125843,0.112039,0.997409,-0.065883,0.018579,0.022129,0.454663,-0.125022,0.131987,0.996465,-0.080086,-0.007660,0.024194,3.092126,0.011392,-0.160678,0.000324,-0.001114,-0.036068,0.016597,-0.032903,-0.002883,-4.075208,-0.100889,-1.475578,-0.024474,-1.695531,-0.195573,-0.469278,0.032768,0.214274,-2.479668,-0.096178,2.502796,0.768191
27.023246,-0.000000,0.000000,0.499985,0.000000,-0.000000,-0.000000,1.000000,0.451185,-0.125843,0.114039,0.997409,-0.065883,0.018579,0.022129,0.454514,-0.125016,0.130210,0.996481,-0.080065,-0.007258,0.023713,3.093150,0.010668,-0.160609,-0.000884,-0.002563,-0.030109,0.013862,-0.028487,-0.006636,-4.116795,-0.205342,-1.329750,-0.010157,-1.750750,-0.242175,-0.469355,0.036206,0.213695,-2.481479,-0.096311,2.508633,0.767885
27.074061,-0.000000,0.000000,0.499985,0.000000,-0.000000,-0.000000,1.000000,0.451185,-0.125843,0.116039,0.997409,-0.065883,0.018579,0.022129,0.454392,-0.125004,0.128673,0.996491,-0.080102,-0.006907,0.023288,3.094053,0.010035,-0.160661,-0.001208,-0.001164,-0.027685,0.014732,-0.020575,-0.001429,-3.931587,-0.205432,-1.473546,0.000326,-1.608922,-0.223357,-0.469402,0.039220,0.213184,-2.483006,-0.096406,2.513683,0.767722
27.123219,-0.000000,0.000000,0.499985,0.000000,-0.000000,-0.000000,1.000000,0.451185,-0.125843,0.118039,0.997409,-0.065883,0.018579,0.022129,0.454350,-0.125013,0.127279,0.996503,-0.080092,-0.006561,0.022876,3.094930,0.009411,-0.160620,0.000432,-0.001211,-0.024555,0.011969,-0.022296,0.001430,-3.883361,-0.130752,-1.518459,0.003191,-1.582961,-0.179427,-0.469422,0.042131,0.212670,-2.484177,-0.096447,2.518275,0.767415
27.173286,-0.000000,0.000000,0.499985,0.000000,-0.000000,-0.000000,1.000000,0.451185,-0.125843,0.120039,0.997409,-0.065883,0.018579,0.022129,0.454332,-0.125034,0.126149,0.996512,-0.080111,-0.006164,0.022554,3.095637,0.008672,-0.160637,0.000959,-0.000584,-0.019294,0.007672,-0.030089,0.002984,-3.875485,-0.167637,-1.655787,0.027654,-1.522300,-0.194130,-0.469436,0.044451,0.212216,-2.485255,-0.096470,2.522320,0.767186
27.223915,-0.000000,0.000000,0.555099,0.000000,-0.000000,-0.000000,1.000000,0.451185,-0.125843,0.122259,0.997409,-0.065883,0.018579,0.022129,0.454254,-0.125046,0.125274,0.996520,-0.080096,-0.005812,0.022327,3.096145,0.008006,-0.160589,-0.000519,-0.000711,-0.013594,0.003924,-0.025189,0.000445,-3.772551,-0.232206,-1.768474,0.086159,-1.440565,-0.212034,-0.469454,0.046051,0.211852,-2.486377,-0.096494,2.525647,0.766944
27.274114,-0.000000,0.000000,0.999969,0.000000,-0.000000,-0.000000,1.000000,0.451185,-0.125843,0.126259,0.997409,-0.065883,0.018579,0.022129,0.454134,-0.125036,0.124666,0.996523,-0.080113,-0.005533,0.022188,3.096469,0.007473,-0.160608,-0.001134,0.000392,-0.009619,0.001311,-0.020984,0.001512,-3.813390,-0.180415,-1.740556,0.088708,-1.463801,-0.199453,-0.469470,0.046966,0.211610,-2.487440,-0.096499,2.528122,0.766836
27.324015,-0.000000,0.000000,0.999969,0.000000,-0.000000,-0.000000,1.000000,0.451185,-0.125843,0.130259,0.997409,-0.065883,0.018579,0.022129,0.454042,-0.125023,0.124319,0.996526,-0.080115,-0.005243,0.022134,3.096623,0.006903,-0.160598,-0.001314,-0.000430,-0.005241,0.000043,-0.017109,-0.000070,-3.776597,-0.169111,-1.674894,0.086195,-1.475466,-0.197058,-0.469484,0.047313,0.211472,-2.488359,-0.096503,2.529945,0.766769
27.374964,-0.000000,0.000000,0.999969,0.000000,-0.000000,-0.000000,1.000000,0.451185,-0.125843,0.134259,0.997409,-0.065883,0.018579,0.022129,0.454016,-0.125027,0.124205,0.996528,-0.080102,-0.004990,0.022141,3.096648,0.006399,-0.160561,-0.000631,-0.000704,-0.001762,-0.001640,-0.007227,0.002854,-3.849972,-0.103031,-1.365576,0.050448,-1.625978,-0.173017,-0.469491,0.047304,0.211403,-2.488921,-0.096510,2.531004,0.766714
27.424834,-0.000000,0.000000,0.999969,0.000000,-0.000000,-0.000000,1.000000,0.451185,-0.125843,0.138259,0.997409,-0.065883,0.018579,0.022129,0.454096,-0.125052,0.124221,0.996531,-0.080077,-0.004773,0.022160,3.096646,0.005964,-0.160500,0.001561,-0.001086,0.001211,-0.001355,-0.008732,0.002287,-3.890612,-0.056825,-1.120488,0.010844,-1.719200,-0.158331,-0.469488,0.047290,0.211365,-2.489014,-0.096504,2.531523,0.766638
27.475038,-0.000000,0.000000,0.999969,0.000000,-0.000000,-0.000000,1.000000,0.451185,-0.125843,0.142258,0.997409,-0.065883,0.018579,0.022129,0.454212,-0.125096,0.124320,0.996538,-0.079987,-0.004525,0.022206,3.096595,0.005467,-0.160310,0.001330,-0.000343,0.002921,-0.003261,-0.008242,0.002569,-3.851704,-0.101417,-0.887063,0.024814,-1.783061,-0.166621,-0.469494,0.047147,0.211340,-2.489009,-0.096505,2.531889,0.766433
27.524915,-0.000000,0.000000,0.999969,0.000000,-0.000000,-0.000000,1.000000,0.451185,-0.125843,0.146258,0.997409,-0.065883,0.018579,0.022129,0.454351,-0.125167,0.124612,0.996541,-0.079939,-0.004191,0.022328,3.096405,0.004784,-0.160199,0.003614,-0.001006,0.007989,-0.008064,-0.017556,0.003788,-3.791969,-0.089534,-0.739630,0.012588,-1.791170,-0.158121,-0.469495,0.046539,0.211322,-2.489006,-0.096509,2.531995,0.766311
27.575934,-0.000000,0.000000,0.999969,0.000000,-0.000000,-0.000000,1.000000,0.451185,-0.125843,0.150258,0.997409,-0.065883,0.018579,0.022129,0.454556,-0.125269,0.125131,0.996540,-0.079910,-0.003674,0.022542,3.096062,0.003720,-0.160117,0.004254,-0.000775,0.013355,-0.012368,-0.025851,0.003760,-3.886669,-0.022574,-0.327253,-0.036522,-1.908749,-0.147203,-0.469492,0.045404,0.211326,-2.489017,-0.096508,2.531993,0.766234
27.625273,-0.000000,0.000000,0.999969,0.000000,-0.000000,-0.000000,1.000000,0.451185,-0.125843,0.154258,0.997409,-0.065883,0.018579,0.022129,0.454830,-0.125417,0.125869,0.996537,-0.079897,-0.002971,0.022843,3.095574,0.002271,-0.160060,0.004706,-0.002597,0.016472,-0.014761,-0.030250,-0.001376,-4.018126,0.036332,0.058136,-0.050438,-2.023207,-0.138549,-0.469495,0.043784,0.211326,-2.489029,-0.096503,2.531914,0.766163
27.676775,-0.000000,0.000000,0.999969,0.000000,-0.000000,-0.000000,1.000000,0.451185,-0.125843,0.158258,0.997409,-0.065883,0.018579,0.022129,0.455113,-0.125594,0.126816,0.996536,-0.079826,-0.002200,0.023229,3.094927,0.000676,-0.159881,0.004798,-0.003091,0.021013,-0.019782,-0.033004,0.007557,-4.091660,0.145845,0.371369,-0.059595,-2.060573,-0.098923,-0.469490,0.041641,0.211331,-2.489048,-0.096511,2.531495,0.765980
27.725858,-0.000000,0.000000,0.999969,0.000000,-0.000000,-0.000000,1.000000,0.451185,-0.125843,0.162258,0.997409,-0.065883,0.018579,0.022129,0.455396,-0.125797,0.127976,0.996530,-0.079777,-0.001360,0.023697,3.094128,-0.001070,-0.159744,0.003082,-0.004108,0.025080,-0.024865,-0.036927,-0.000217,-4.075824,0.187621,0.884731,-0.043741,-2.126662,-0.084858,-0.469477,0.038952,0.211338,-2.489093,-0.096510,2.530730,0.765828
27.776876,-0.000000,0.000000,0.999969,0.000000,-0.000000,-0.000000,1.000000,0.451185,-0.125843,0.166258,0.997409,-0.065883,0.018579,0.022129,0.455656,-0.126015,0.129403,0.996519,-0.079748,-0.000449,0.024274,3.093123,-0.002977,-0.159640,0.003653,-0.003631,0.032591,-0.029634,-0.040030,-0.000045,-4.242311,0.282888,1.403324,-0.063950,-2.245761,-0.070932,-0.469440,0.035522,0.211366,-2.489236,-0.096507,2.529516,0.765732
27.826199,-0.000000,0.000000,0.999969,0.000000,-0.000000,-0.000000,1.000000,0.451185,-0.125843,0.170258,0.997409,-0.065883,0.018579,0.022129,0.455853,-0.126221,0.131121,0.996506,-0.079694,0.000550,0.024983,3.091868,-0.005078,-0.159482,0.003153,-0.002802,0.036372,-0.033573,-0.040783,0.003005,-4.151244,0.351018,1.720020,-0.017681,-2.195542,-0.035550,-0.469320,0.031166,0.211405,-2.489643,-0.096508,2.527874,0.765660
27.876790,-0.000000,0.000000,0.999969,0.000000,-0.000000,-0.000000,1.000000,0.451185,-0.125843,0.174258,0.997409,-0.065883,0.018579,0.022129,0.456074,-0.126393,0.133011,0.996492,-0.079606,0.001581,0.025752,3.090497,-0.007252,-0.159249,0.003900,-0.001836,0.040198,-0.035456,-0.041223,0.006795,-3.975052,0.429467,1.987694,-0.000087,-2.113497,0.007385,-0.469082,0.026425,0.211457,-2.489983,-0.096509,2.525869,0.765628
27.925974,-0.000000,0.000000,0.999969,0.000000,-0.000000,-0.000000,1.000000,0.451185,-0.125843,0.178257,0.997409,-0.065883,0.018579,0.022129,0.456242,-0.126554,0.135165,0.996475,-0.079509,0.002634,0.026624,3.088924,-0.009483,-0.158993,0.000254,-0.001674,0.044820,-0.040654,-0.038361,0.005261,-3.949449,0.417608,2.229267,0.042118,-2.129263,-0.003390,-0.468875,0.020920,0.211625,-2.490421,-0.096496,2.523287,0.765619
27.976996,-0.000000,0.000000,0.999969,0.000000,-0.000000,-0.000000,1.000000,0.451185,-0.125843,0.182257,0.997409,-0.065883,0.018579,0.022129,0.456311,-0.126709,0.137550,0.996454,-0.079404,0.003649,0.027593,3.087151,-0.011654,-0.158719,-0.001121,-0.001154,0.049222,-0.042474,-0.032495,0.004690,-3.981201,0.568557,2.317631,0.043094,-2.146494,0.055612,-0.468653,0.014676,0.211828,-2.491000,-0.096486,2.520082,0.765613
28.027051,-0.000000,0.000000,0.999969,0.000000,-0.000000,-0.000000,1.000000,0.451185,-0.125843,0.186257,0.997409,-0.065883,0.018579,0.022129,0.456287,-0.126825,0.140123,0.996433,-0.079266,0.004444,0.028614,3.085239,-0.013394,-0.158388,-0.002520,-0.000790,0.052772,-0.043198,-0.023222,0.004674,-3.859996,0.668520,2.469846,0.029436,-2.175586,0.107787,-0.468363,0.007953,0.212085,-2.491415,-0.096473,2.515823,0.765606
28.078054,-0.000000,0.000000,0.999969,0.000000,-0.000000,-0.000000,1.000000,0.451185,-0.125843,0.190257,0.997409,-0.065883,0.018579,0.022129,0.456246,-0.126914,0.142860,0.996412,-0.079102,0.005090,0.029671,3.083228,-0.014838,-0.158007,-0.002077,0.000197,0.054721,-0.043288,-0.017160,0.007159,-3.925637,0.768449,2.634454,0.001545,-2.262964,0.137765,-0.468012,0.000960,0.212387,-2.491520,-0.096463,2.510701,0.765608
28.128169,-0.000000,0.000000,0.999969,0.000000,-0.000000,-0.000000,1.000000,0.451185,-0.125843,0.194257,0.997409,-0.065883,0.018579,0.022129,0.456184,-0.126991,0.145778,0.996389,-0.078923,0.005739,0.030792,3.081091,-0.016297,-0.157595,-0.002633,0.000250,0.059194,-0.046198,-0.019885,0.004482,-3.611939,0.713467,2.407362,0.062703,-2.068494,0.144855,-0.467595,-0.006474,0.212691,-2.491573,-0.096444,2.505123,0.765606
28.177968,-0.000000,0.000000,0.999969,0.000000,-0.000000,-0.000000,1.000000,0.451185,-0.125843,0.198257,0.997409,-0.065883,0.018579,0.022129,0.456126,-0.127048,0.148793,0.996363,-0.078722,0.006451,0.031956,3.078878,-0.017888,-0.157130,-0.002939,0.001937,0.059650,-0.048711,-0.021748,0.011302,-3.707492,0.869714,2.325496,0.037700,-2.099745,0.203857,-0.467225,-0.014141,0.213105,-2.491628,-0.096433,2.499455,0.765607
28.227270,-0.000000,0.000000,0.999969,0.000000,-0.000000,-0.000000,1.000000,0.451185,-0.125843,0.202257,0.997409,-0.065883,0.018579,0.022129,0.456005,-0.127062,0.151947,0.996326,-0.078685,0.007103,0.033045,3.076806,-0.019355,-0.156997,-0.002323,0.002469,0.063298,-0.031497,-0.030405,-0.017385,-3.819074,0.963509,2.825274,0.029663,-2.383990,0.233809,-0.466952,-0.022193,0.213655,-2.491638,-0.096007,2.493227,0.765606
28.277885,-0.000000,0.000000,0.999969,0.000000,-0.000000,-0.000000,1.000000,0.451185,-0.125843,0.206257,0.997409,-0.065883,0.018579,0.022129,0.455866,-0.127076,0.155079,0.996295,-0.078535,0.007749,0.034191,3.074617,-0.020813,-0.156631,-0.004552,0.001675,0.064999,-0.050257,-0.023443,0.005207,-3.502606,0.818758,2.525627,0.362126,-2.192059,0.232077,-0.466837,-0.030188,0.214374,-2.491646,-0.095783,2.487060,0.765539
28.327989,-0.000000,0.000000,0.999969,0.000000,-0.000000,-0.000000,1.000000,0.451185,-0.125843,0.210256,0.997409,-0.065883,0.018579,0.022129,0.455732,-0.127092,0.158399,0.996254,-0.078438,0.008481,0.035395,3.072325,-0.022453,-0.156364,-0.005698,0.000337,0.066039,-0.050644,-0.018950,0.002303,-3.737202,0.885070,2.653694,0.461145,-2.374789,0.244186,-0.466774,-0.038610,0.215176,-2.491602,-0.095508,2.480611,0.765538
28.378129,-0.000000,0.000000,0.999969,0.000000,-0.000000,-0.000000,1.000000,0.451185,-0.125843,0.214256,0.997409,-0.065883,0.018579,0.022129,0.455512,-0.127073,0.161717,0.996214,-0.078311,0.009113,0.036620,3.069975,-0.023895,-0.156039,-0.005937,0.002365,0.067673,-0.052040,-0.020587,0.004887,-4.125031,1.102326,3.151885,0.408224,-2.770362,0.296628,-0.466659,-0.047127,0.215976,-2.491606,-0.095284,2.473924,0.765540
28.428014,-0.000000,0.000000,0.999969,0.000000,-0.000000,-0.000000,1.000000,0.451185,-0.125843,0.218256,0.997409,-0.065883,0.018579,0.022129,0.455316,-0.127046,0.165097,0.996170,-0.078222,0.009766,0.037831,3.067656,-0.025379,-0.155785,-0.003336,0.003616,0.069969,-0.043381,-0.037547,-0.009591,-3.591873,0.986854,2.874759,0.523713,-2.443234,0.299306,-0.466481,-0.055667,0.216725,-2.491436,-0.094976,2.467079,0.765542
28.478215,-0.000000,0.000000,0.999969,0.000000,-0.000000,-0.000000,1.000000,0.451185,-0.125843,0.222256,0.997409,-0.065883,0.018579,0.022129,0.455102,-0.127040,0.168568,0.996119,-0.078154,0.010518,0.039086,3.065267,-0.027066,-0.155563,-0.005607,0.003363,0.067925,-0.050650,-0.025729,0.003856,-3.621321,0.915504,2.934017,0.595955,-2.517895,0.276643,-0.466286,-0.064466,0.217412,-2.491332,-0.094664,2.460255,0.765521
28.532119,-0.000000,0.000000,0.999969,0.000000,-0.000000,-0.000000,1.000000,0.451185,-0.125843,0.226256,0.997409,-0.065883,0.018579,0.022129,0.454864,-0.127032,0.172044,0.996061,-0.078194,0.011256,0.040279,3.062999,-0.028727,-0.155556,-0.006363,0.002464,0.068245,-0.049209,-0.022708,-0.000170,-3.879873,1.170905,3.682845,0.472737,-2.964237,0.370534,-0.466088,-0.073248,0.218044,-2.491159,-0.094171,2.453340,0.765504
28.579632,-0.000000,0.000000,0.999969,0.000000,-0.000000,-0.000000,1.000000,0.451185,-0.125843,0.230256,0.997409,-0.065883,0.018579,0.022129,0.454703,-0.127004,0.175640,0.995997,-0.078303,0.012022,0.041391,3.060899,-0.030435,-0.155683,-0.004108,0.003799,0.071515,-0.044468,-0.030669,-0.001308,-3.456707,0.988350,2.987539,0.656142,-2.525125,0.358141,-0.465835,-0.082022,0.218643,-2.490591,-0.093385,2.446068,0.765393
28.629913,-0.000000,0.000000,0.999969,0.000000,-0.000000,-0.000000,1.000000,0.451185,-0.125843,0.234256,0.997409,-0.065883,0.018579,0.022129,0.454509,-0.126956,0.179265,0.995939,-0.078395,0.012794,0.042374,3.059058,-0.032134,-0.155778,-0.003780,0.002497,0.072928,-0.035558,-0.030521,-0.007963,-3.589568,0.941187,3.084811,0.689267,-2.634287,0.347181,-0.465627,-0.090868,0.219221,-2.489993,-0.092171,2.438689,0.764841
28.679805,-0.000000,0.000000,0.999969,0.000000,-0.000000,-0.000000,1.000000,0.451185,-0.125843,0.238256,0.997409,-0.065883,0.018579,0.022129,0.454273,-0.126844,0.182919,0.995886,-0.078610,0.013435,0.043022,3.057871,-0.033529,-0.156139,-0.004330,0.004012,0.073700,-0.018281,-0.035816,-0.011473,-3.697333,1.093591,3.554273,0.583729,-2.876308,0.414498,-0.465386,-0.099674,0.219675,-2.489125,-0.089998,2.430745,0.763697
28.729117,-0.000000,0.000000,0.999969,0.000000,-0.000000,-0.000000,1.000000,0.451185,-0.125843,0.242255,0.997409,-0.065883,0.018579,0.022129,0.454123,-0.126734,0.186588,0.995850,-0.078756,0.014295,0.043301,3.057450,-0.035300,-0.156353,-0.003926,0.002277,0.074461,-0.007221,-0.046731,-0.017993,-3.474584,1.032517,3.055539,0.604845,-2.568035,0.403402,-0.465115,-0.108364,0.219840,-2.488160,-0.086749,2.423193,0.761380
28.780032,-0.000000,0.000000,0.763763,0.000000,-0.000000,-0.000000,1.000000,0.451185,-0.125843,0.245310,0.997409,-0.065883,0.018579,0.022129,0.453890,-0.126627,0.190314,0.995833,-0.078801,0.015174,0.043324,3.057540,-0.037059,-0.156374,-0.003603,0.001907,0.075946,0.004441,-0.047280,-0.006071,-3.308975,0.986716,3.050665,0.555246,-2.500771,0.382541,-0.464986,-0.117297,0.219908,-2.487267,-0.082691,2.415481,0.758033
28.830192,-0.000000,0.000000,0.011795,0.000000,-0.000000,-0.000000,1.000000,0.451185,-0.125843,0.245358,0.997409,-0.065883,0.018579,0.022129,0.453676,-0.126568,0.194098,0.995827,-0.078775,0.016010,0.043206,3.057904,-0.038704,-0.156261,-0.002212,0.001000,0.077538,-0.001820,-0.046883,-0.000369,-3.587790,1.141271,3.590320,0.376695,-2.842610,0.402428,-0.464987,-0.126098,0.219896,-2.486003,-0.078317,2.407420,0.754117
28.880632,-0.000000,0.000000,0.000000,0.000000,-0.000000,-0.000000,1.000000,0.451185,-0.125843,0.245358,0.997409,-0.065883,0.018579,0.022129,0.453527,-0.126566,0.197851,0.995820,-0.078653,0.016770,0.043300,3.057826,-0.040222,-0.155953,-0.004384,-0.001378,0.076640,-0.013390,-0.032598,-0.003420,-2.901558,0.915358,2.873671,0.509103,-2.262878,0.368056,-0.464978,-0.134465,0.219900,-2.484329,-0.074814,2.399260,0.750706
28.930032,-0.000000,0.000000,0.000000,0.000000,-0.000000,-0.000000,1.000000,0.451185,-0.125843,0.245358,0.997409,-0.065883,0.018579,0.022129,0.453333,-0.126566,0.201614,0.995795,-0.078702,0.017314,0.043579,3.057356,-0.041353,-0.155997,-0.000363,0.000373,0.077511,-0.011998,-0.034643,-0.005106,-3.058064,0.982788,3.108365,0.458162,-2.402438,0.377617,-0.464886,-0.142653,0.219917,-2.482321,-0.072045,2.390522,0.748268
28.979123,-0.000000,0.000000,0.000000,0.000000,-0.000000,-0.000000,1.000000,0.451185,-0.125843,0.245358,0.997409,-0.065883,0.018579,0.022129,0.453202,-0.126481,0.205227,0.995792,-0.078654,0.017831,0.043521,3.057548,-0.042370,-0.155864,-0.004868,0.001162,0.069531,0.007651,-0.011629,0.005829,-2.736312,0.993034,3.265946,0.449800,-2.321313,0.416107,-0.464822,-0.150276,0.219917,-2.480084,-0.068569,2.381973,0.745133
29.036299,-0.000000,0.000000,0.000000,0.000000,-0.000000,-0.000000,1.000000,0.451185,-0.125843,0.245358,0.997409,-0.065883,0.018579,0.022129,0.453140,-0.126372,0.208499,0.995800,-0.078619,0.018273,0.043223,3.058209,-0.043202,-0.155773,-0.003230,0.002212,0.063383,0.013859,0.005382,0.008011,-2.925845,1.051868,3.594009,0.356298,-2.527881,0.416701,-0.464831,-0.156887,0.219890,-2.477698,-0.064874,2.374041,0.741855
29.081142,-0.000000,0.000000,0.000000,0.000000,-0.000000,-0.000000,1.000000,0.451185,-0.125843,0.245358,0.997409,-0.065883,0.018579,0.022129,0.453080,-0.126247,0.211646,0.995823,-0.078513,0.018549,0.042765,3.059160,-0.043673,-0.155559,-0.007261,0.002076,0.056808,0.011212,0.018844,0.028454,-2.531448,0.848328,3.688443,0.390064,-2.402172,0.367542,-0.464863,-0.162989,0.219806,-2.475028,-0.061024,2.365946,0.738288
29.131731,-0.000000,0.000000,0.000000,0.000000,-0.000000,-0.000000,1.000000,0.451185,-0.125843,0.245358,0.997409,-0.065883,0.018579,0.022129,0.453119,-0.126189,0.214546,0.995832,-0.078470,0.018900,0.042476,3.059790,-0.044324,-0.155458,0.003167,-0.000627,0.058355,0.003225,-0.022352,0.006684,-3.492705,1.009535,3.561619,0.316555,-2.740502,0.321468,-0.464871,-0.168345,0.219685,-2.472363,-0.057971,2.358754,0.735482
29.181395,-0.000000,0.000000,0.000000,0.000000,0.184822,-0.000000,1.000000,0.451185,-0.125843,0.245358,0.997363,-0.065934,0.020883,0.021977,0.453211,-0.126167,0.217227,0.995837,-0.078458,0.019061,0.042298,3.060169,-0.044616,-0.155429,0.008239,-0.001027,0.055245,0.002139,-0.038249,-0.007006,-3.252147,0.959617,3.045779,0.391298,-2.398262,0.324394,-0.464871,-0.172871,0.219596,-2.469376,-0.055626,2.351683,0.733323
29.231433,-0.000000,0.000000,0.000000,0.000000,0.805477,-0.000000,1.000000,0.451185,-0.125843,0.245358,0.997103,-0.066152,0.030924,0.021312,0.453247,-0.126177,0.219638,0.995848,-0.078375,0.018927,0.042251,3.060239,-0.044334,-0.155276,-0.004163,0.000899,0.041014,0.006212,0.037087,0.007336,-3.252426,1.034034,3.663433,0.275250,-2.666452,0.367231,-0.464865,-0.176703,0.219528,-2.466305,-0.054021,2.344647,0.731595
29.282281,-0.000000,0.000000,0.000000,0.000000,0.999964,-0.000000,1.000000,0.451185,-0.125843,0.245358,0.996638,-0.066413,0.043384,0.020484,0.453312,-0.126215,0.221723,0.995850,-0.078348,0.018803,0.042316,3.060089,-0.044095,-0.155228,-0.001189,-0.000663,0.037567,0.000228,0.022939,0.002429,-2.782790,0.952542,4.049734,0.272246,-2.655328,0.382955,-0.464873,-0.179855,0.219503,-2.463498,-0.052995,2.338576,0.730471
29.333824,-0.000000,0.000000,0.000000,0.000000,0.999964,-0.000000,1.000000,0.451185,-0.125843,0.245358,0.996018,-0.066664,0.055838,0.019652,0.453522,-0.126231,0.223566,0.995839,-0.078438,0.018970,0.042337,3.060076,-0.044438,-0.155394,0.006088,0.000237,0.033252,0.000277,-0.021459,-0.006894,-3.643620,1.078448,3.911375,0.251055,-2.960364,0.346753,-0.464866,-0.182478,0.219511,-2.461000,-0.051956,2.333877,0.729697
29.387091,-0.000000,0.000000,0.000000,0.000000,0.999964,-0.000000,1.000000,0.451185,-0.125843,0.245358,0.995242,-0.066904,0.068283,0.018817,0.453781,-0.126240,0.225242,0.995822,-0.078601,0.019325,0.042266,3.060280,-0.045148,-0.155698,0.010652,0.000448,0.035154,0.003339,-0.053438,-0.010561,-3.441033,0.980324,3.403223,0.365857,-2.663559,0.329852,-0.464873,-0.184862,0.219480,-2.458834,-0.050715,2.330083,0.728931
29.434128,-0.000000,0.000000,0.000000,0.000000,0.999964,-0.000000,1.000000,0.451185,-0.125843,0.245358,0.994311,-0.067134,0.080718,0.017979,0.454002,-0.126256,0.226768,0.995799,-0.078809,0.019990,0.042122,3.060678,-0.046467,-0.156073,0.005555,-0.000673,0.031606,-0.001446,-0.056253,-0.005727,-3.670480,1.077255,3.611784,0.334230,-2.857118,0.361090,-0.464885,-0.187423,0.219328,-2.457462,-0.049174,2.327505,0.727977
29.484051,-0.000000,0.000000,0.000000,0.000000,0.999964,-0.000000,1.000000,0.451185,-0.125843,0.245358,0.993224,-0.067354,0.093139,0.017139,0.454155,-0.126256,0.228226,0.995767,-0.078987,0.021048,0.042014,3.061064,-0.048574,-0.156357,0.001087,-0.000140,0.029191,0.002092,-0.058535,-0.011468,-3.554026,1.058336,3.437073,0.390233,-2.767473,0.377144,-0.464885,-0.190533,0.219128,-2.457091,-0.047457,2.326186,0.726846
29.534160,-0.000000,0.000000,0.000000,0.000000,0.999964,-0.000000,1.000000,0.451185,-0.125843,0.245358,0.991983,-0.067563,0.105547,0.016296,0.454376,-0.126236,0.229616,0.995733,-0.079162,0.022440,0.041784,3.061745,-0.051327,-0.156619,0.003194,0.001021,0.027335,0.011914,-0.061147,-0.005778,-3.857540,1.044869,3.328909,0.416043,-2.912068,0.355814,-0.464894,-0.193695,0.218878,-2.457147,-0.045298,2.325869,0.725398
29.583796,-0.000000,0.000000,0.000000,0.000000,0.999964,-0.000000,1.000000,0.451185,-0.125843,0.245358,0.990586,-0.067761,0.117937,0.015450,0.454652,-0.126197,0.230938,0.995701,-0.079401,0.023923,0.041267,3.063016,-0.054220,-0.157018,0.003186,-0.000463,0.027039,0.017020,-0.063857,-0.006640,-3.963298,0.969008,3.018438,0.461685,-2.902005,0.318271,-0.464916,-0.196645,0.218494,-2.457192,-0.042426,2.325843,0.723480
29.634157,-0.000000,0.000000,0.000000,0.000000,0.999964,-0.000000,1.000000,0.451185,-0.125843,0.245358,0.989034,-0.067949,0.130310,0.014602,0.454927,-0.126244,0.232267,0.995667,-0.079597,0.025429,0.040802,3.064187,-0.057165,-0.157334,0.002986,-0.002464,0.027395,0.009441,-0.063750,-0.004463,-4.138291,1.025597,2.766372,0.427729,-2.997376,0.334344,-0.464944,-0.199565,0.217966,-2.457223,-0.039717,2.325894,0.721450
29.684314,-0.000000,0.000000,0.000000,0.000000,0.999964,-0.000000,1.000000,0.451185,-0.125843,0.245358,0.987328,-0.068126,0.142662,0.013751,0.455206,-0.126303,0.233652,0.995612,-0.079925,0.027089,0.040428,3.065207,-0.060441,-0.157901,0.002043,-0.001315,0.025480,0.006251,-0.067252,-0.007622,-4.347761,0.984464,2.538686,0.444618,-3.115378,0.307150,-0.464965,-0.202724,0.217452,-2.457441,-0.037136,2.326216,0.719797
29.734106,-0.000000,0.000000,0.000000,0.000000,0.999964,-0.000000,1.000000,0.451185,-0.125843,0.245358,0.985468,-0.068293,0.154992,0.012899,0.455517,-0.126379,0.234970,0.995537,-0.080338,0.028903,0.040210,3.065948,-0.064053,-0.158622,0.002451,-0.000706,0.023872,0.003607,-0.070984,-0.017423,-4.277328,0.904626,1.928537,0.510474,-3.009877,0.296099,-0.464962,-0.205856,0.216991,-2.457931,-0.034936,2.327173,0.718671
29.785055,-0.000000,0.000000,0.000000,0.000000,0.999964,-0.000000,1.000000,0.451185,-0.125843,0.245358,0.983454,-0.068449,0.167297,0.012044,0.455913,-0.126411,0.236172,0.995450,-0.080813,0.030883,0.039932,3.066842,-0.067991,-0.159466,0.004360,0.000019,0.022192,0.010488,-0.079460,-0.021574,-4.644601,0.924189,1.507365,0.504389,-3.223785,0.290495,-0.464967,-0.208754,0.216616,-2.458601,-0.032575,2.328837,0.717673
29.833367,-0.000000,0.000000,0.000000,0.000000,0.999964,-0.000000,1.000000,0.451185,-0.125843,0.245358,0.981286,-0.068594,0.179576,0.011188,0.456346,-0.126377,0.237310,0.995354,-0.081429,0.033064,0.039322,3.068442,-0.072288,-0.160608,0.004176,-0.000103,0.020613,0.025478,-0.091996,-0.023773,-4.832148,0.903484,0.980406,0.538243,-3.306700,0.284772,-0.464987,-0.211651,0.216160,-2.459531,-0.029262,2.331050,0.716252
29.884337,-0.000000,0.000000,0.000000,0.000000,0.999964,-0.000000,1.000000,0.451185,-0.125843,0.245358,0.978965,-0.068728,0.191828,0.010329,0.456774,-0.126339,0.238470,0.995245,-0.082051,0.035727,0.038463,3.070624,-0.077504,-0.161761,0.005305,0.000944,0.023346,0.039895,-0.137559,-0.024920,-4.941613,0.898079,0.319986,0.539498,-3.226042,0.283120,-0.465103,-0.215096,0.215569,-2.461221,-0.024913,2.334369,0.713944
29.934896,-0.000000,0.000000,0.000000,0.000000,0.999964,-0.000000,1.000000,0.451185,-0.125843,0.245358,0.976491,-0.068852,0.204049,0.009469,0.457160,-0.126332,0.239512,0.995127,-0.082496,0.039109,0.037236,3.073644,-0.084079,-0.162563,0.004139,-0.002819,0.021453,0.030690,-0.162792,-0.016766,-5.210013,0.958577,0.216996,0.402877,-3.350541,0.264254,-0.465339,-0.219201,0.214673,-2.464336,-0.019062,2.339786,0.709894
29.984401,-0.000000,0.000000,0.000000,0.000000,0.999964,-0.000000,1.000000,0.451185,-0.125843,0.245358,0.973864,-0.068965,0.216238,0.008608,0.457599,-0.126495,0.240373,0.994957,-0.082952,0.043089,0.036372,3.076041,-0.091908,-0.163345,0.002246,-0.004588,0.016227,0.020786,-0.171474,-0.016831,-5.015369,0.888891,0.001073,0.380913,-3.165540,0.239950,-0.465497,-0.223438,0.213588,-2.468557,-0.013901,2.347454,0.706247
30.034476,-0.000000,0.000000,0.000000,0.000000,0.999964,-0.000000,1.000000,0.451185,-0.125843,0.245358,0.971085,-0.069067,0.228394,0.007745,0.457947,-0.126562,0.241092,0.994757,-0.083436,0.047401,0.035344,3.078829,-0.100370,-0.164206,-0.003986,-0.001797,0.012705,0.020856,-0.175339,0.005247,-5.248119,0.939650,0.408589,0.279992,-3.448880,0.233152,-0.465596,-0.228101,0.212479,-2.473820,-0.007946,2.356325,0.702142
30.085088,-0.000000,0.000000,0.000000,0.000000,0.935159,-0.000000,1.000000,0.451185,-0.125843,0.245358,0.968349,-0.069153,0.239730,0.006938,0.458307,-0.126626,0.241778,0.994497,-0.083841,0.052645,0.034264,3.081868,-0.110683,-0.164902,-0.004138,-0.001015,0.007316,0.018643,-0.217371,0.005143,-5.784785,0.915899,0.013941,0.313764,-3.497995,0.153651,-0.465917,-0.233668,0.211498,-2.480709,-0.000955,2.367753,0.697068
30.135182,-0.000000,0.000000,0.000000,0.000000,0.481273,-0.000000,1.000000,0.451185,-0.125843,0.245358,0.966889,-0.069193,0.245551,0.006521,0.458552,-0.126777,0.242292,0.994157,-0.084200,0.058597,0.033594,3.084204,-0.122472,-0.165467,-0.001043,-0.002672,0.008820,-0.005765,-0.291239,-0.007202,-5.251161,0.690204,-0.004071,0.424199,-3.234820,0.111330,-0.466030,-0.239996,0.210343,-2.489441,0.005576,2.381780,0.692204
30.185147,-0.000000,0.000000,0.000000,0.000000,0.092192,-0.000000,1.000000,0.451185,-0.125843,0.245358,0.966605,-0.069201,0.246665,0.006442,0.458861,-0.126822,0.242741,0.993690,-0.084835,0.065593,0.032874,3.086853,-0.136357,-0.166596,0.005613,-0.003441,0.016376,0.014053,-0.336480,-0.042590,-5.875582,0.777303,-0.534116,0.457425,-3.222358,0.087839,-0.466045,-0.247123,0.209293,-2.499909,0.013199,2.398761,0.687293
30.235954,-0.000000,0.000000,0.000000,0.000000,-0.000000,-0.000000,1.000000,0.451185,-0.125843,0.245358,0.966605,-0.069201,0.246665,0.006442,0.458960,-0.126795,0.243258,0.993175,-0.085418,0.072721,0.031906,3.090034,-0.150467,-0.167701,-0.013350,-0.003049,0.010541,0.031732,-0.261922,-0.035652,-4.987543,0.726229,-1.426272,0.473995,-2.413816,0.166456,-0.466123,-0.255009,0.208250,-2.511074,0.022162,2.415834,0.681166
30.285996,-0.000000,0.000000,0.000000,0.000000,-0.000000,-0.000000,1.000000,0.451185,-0.125843,0.245358,0.966605,-0.069201,0.246665,0.006442,0.458836,-0.126772,0.243287,0.992559,-0.085935,0.080412,0.031227,3.092734,-0.165752,-0.168668,-0.013273,-0.001617,0.001377,0.005347,-0.313420,-0.011358,-4.662628,0.632636,-0.854136,0.389029,-2.473368,0.165221,-0.466103,-0.263251,0.207287,-2.524526,0.031112,2.436025,0.674943
30.336209,-0.000000,0.000000,0.000000,0.000000,-0.000000,-0.000000,1.000000,0.451185,-0.125843,0.245358,0.966605,-0.069201,0.246665,0.006442,0.458618,-0.126678,0.243644,0.991836,-0.086365,0.088737,0.030474,3.095693,-0.182298,-0.169517,-0.013827,-0.004673,0.016945,-0.014236,-0.348702,-0.006487,-4.616537,0.326994,-3.012891,0.664887,-1.628698,0.036019,-0.466123,-0.272817,0.206476,-2.538879,0.041578,2.456997,0.667414
30.385793,-0.000000,0.000000,0.000000,0.000000,-0.000000,-0.000000,1.000000,0.451185,-0.125843,0.245358,0.966605,-0.069201,0.246665,0.006442,0.458216,-0.126611,0.243627,0.991026,-0.086791,0.097105,0.030092,3.097930,-0.199002,-0.170349,0.000520,-0.004712,0.019856,-0.032532,-0.442935,-0.023380,-6.004532,0.599397,-2.119236,0.466998,-2.609751,-0.002763,-0.466052,-0.282182,0.205849,-2.554319,0.051451,2.479448,0.660373
30.436911,-0.000000,0.000000,0.000000,0.000000,-0.000000,-0.000000,1.000000,0.451185,-0.125843,0.245358,0.966605,-0.069201,0.246665,0.006442,0.457879,-0.126503,0.243962,0.990169,-0.087187,0.105336,0.029448,3.100686,-0.215398,-0.171229,0.006769,-0.006753,0.032033,-0.030174,-0.484573,-0.050988,-5.487461,0.578620,-3.219364,0.568886,-2.022082,0.042497,-0.466060,-0.291590,0.205377,-2.568730,0.062622,2.500412,0.652251
30.486912,-0.000000,0.000000,0.000000,0.000000,-0.000000,-0.000000,1.000000,0.451185,-0.125843,0.245358,0.966605,-0.069201,0.246665,0.006442,0.457455,-0.126453,0.244053,0.989203,-0.087574,0.113821,0.029214,3.102676,-0.232386,-0.172057,0.009963,-0.006273,0.031265,-0.036136,-0.493315,-0.056178,-6.740779,0.759269,-2.977194,0.485344,-2.657729,-0.001215,-0.465940,-0.300872,0.205057,-2.584115,0.073292,2.523111,0.644538
30.537177,-0.000000,0.000000,0.000000,0.000000,-0.000000,-0.000000,1.000000,0.451185,-0.125843,0.245358,0.966605,-0.069201,0.246665,0.006442,0.456802,-0.126382,0.244181,0.988273,-0.087928,0.121435,0.028957,3.104576,-0.247638,-0.172868,0.009189,-0.003488,0.025534,-0.060357,-0.524161,-0.065048,-6.880625,1.284656,-2.058182,0.203343,-3.177016,0.217110,-0.465768,-0.309915,0.204760,-2.598547,0.083820,2.543344,0.636781
30.588092,-0.000000,0.000000,0.000000,0.000000,-0.000000,-0.000000,1.000000,0.451185,-0.125843,0.245358,0.966605,-0.069201,0.246665,0.006442,0.456480,-0.126322,0.244286,0.987255,-0.088286,0.129216,0.028928,3.106058,-0.263277,-0.173671,0.008637,0.003195,0.025373,-0.045429,-0.481680,-0.045944,-6.632319,0.875761,-3.089646,0.551778,-2.721488,0.112349,-0.465457,-0.317873,0.204763,-2.612300,0.093921,2.564386,0.629649
30.638049,-0.000000,0.000000,0.000000,0.000000,-0.000000,-0.000000,1.000000,0.451185,-0.125843,0.245358,0.966605,-0.069201,0.246665,0.006442,0.455985,-0.126274,0.244402,0.986334,-0.088560,0.135958,0.028601,3.107967,-0.276787,-0.174411,0.006422,-0.002547,0.020906,-0.057218,-0.470281,-0.043477,-6.729379,1.437951,-1.496160,0.123995,-3.443421,0.328381,-0.465200,-0.325230,0.204641,-2.624601,0.104462,2.582359,0.621734
30.688462,-0.000000,0.000000,0.000000,0.000000,-0.638708,-0.000000,1.000000,0.451185,-0.125843,0.245358,0.968544,-0.069147,0.238940,0.006994,0.455830,-0.126233,0.244563,0.985335,-0.088958,0.142832,0.028289,3.109924,-0.290580,-0.175441,0.005138,0.000615,0.020631,-0.056976,-0.406556,0.001238,-6.686100,1.327705,-1.684686,0.201005,-3.367084,0.319335,-0.464668,-0.331541,0.204551,-2.636003,0.115075,2.600715,0.614200
30.739457,-0.000000,0.000000,0.000000,0.000000,-0.999964,0.045877,1.000000,0.451185,-0.125843,0.245358,0.971494,-0.068497,0.226820,0.007728,0.455418,-0.126271,0.244701,0.984466,-0.089232,0.148572,0.028128,3.111351,-0.302124,-0.176183,-0.002545,-0.004106,0.006422,-0.064569,-0.335070,-0.005559,-6.579007,1.365381,-0.791695,0.103422,-3.728501,0.366636,-0.464416,-0.337511,0.204563,-2.646229,0.124472,2.616074,0.607124
30.790166,-0.000000,0.000000,0.000000,0.000000,-0.999964,0.045877,1.000000,0.451185,-0.125843,0.245358,0.974293,-0.067837,0.214664,0.008460,0.455185,-0.126209,0.244601,0.983543,-0.089781,0.154276,0.027950,3.112912,-0.313608,-0.177528,-0.000046,-0.001309,0.009476,-0.047642,-0.301151,0.011590,-5.081511,1.126420,0.669359,0.090457,-3.638462,0.473708,-0.463722,-0.342372,0.204604,-2.656183,0.133671,2.632180,0.601096
30.840299,-0.000000,0.000000,0.000000,0.000000,-0.999964,-0.000000,1.000000,0.451185,-0.125843,0.245358,0.976900,-0.067726,0.202469,0.009307,0.455022,-0.126231,0.244920,0.982648,-0.089941,0.159776,0.028006,3.113839,-0.324721,-0.178003,-0.010459,-0.000709,0.002788,-0.059937,-0.223153,0.029359,-5.945326,1.152993,-0.567931,0.192591,-3.520396,0.385042,-0.463196,-0.347518,0.204748,-2.665061,0.142339,2.646639,0.594635
30.890880,-0.000000,0.000000,0.000000,0.000000,-0.999964,-0.000000,1.000000,0.451185,-0.125843,0.245358,0.979354,-0.067604,0.190243,0.010153,0.454820,-0.126216,0.244990,0.981855,-0.090404,0.164309,0.028106,3.114617,-0.333908,-0.179086,-0.002695,-0.003199,0.007769,-0.067458,-0.241011,0.011388,-5.587674,1.245264,0.053863,0.122721,-3.603038,0.484962,-0.462391,-0.351517,0.204706,-2.672810,0.149184,2.659257,0.590315
30.941165,-0.000000,0.000000,0.000000,0.000000,-0.999964,-0.000000,1.000000,0.451185,-0.125843,0.245358,0.981655,-0.067472,0.177987,0.010997,0.454687,-0.126206,0.245037,0.981152,-0.090675,0.168279,0.028296,3.115045,-0.341973,-0.179725,0.009484,-0.003349,0.019289,-0.096631,-0.243413,0.047803,-5.236623,1.044610,0.034629,0.252174,-3.432685,0.474176,-0.461802,-0.354796,0.204910,-2.679481,0.155116,2.670472,0.586378
30.989311,-0.000000,0.000000,0.000000,0.000000,-0.999964,-0.000000,1.000000,0.451185,-0.125843,0.245358,0.983803,-0.067329,0.165703,0.011840,0.454831,-0.126318,0.245395,0.980563,-0.090926,0.171486,0.028665,3.114959,-0.348532,-0.180238,0.013143,-0.004828,0.022560,-0.063975,-0.214708,-0.019720,-6.022945,1.033874,-1.817292,0.469671,-2.998519,0.363825,-0.461491,-0.357182,0.205135,-2.683759,0.158885,2.678816,0.584048
31.039338,-0.000000,0.000000,0.000000,0.000000,-0.999964,-0.000000,1.000000,0.451185,-0.125843,0.245358,0.985798,-0.067176,0.153393,0.012680,0.454657,-0.126373,0.245443,0.980257,-0.091143,0.173050,0.029028,3.114570,-0.351769,-0.180622,-0.007747,-0.000070,-0.001008,-0.011484,-0.023055,-0.005521,-5.192971,0.996129,-1.680028,0.437848,-2.662246,0.410228,-0.461250,-0.358869,0.205174,-2.686751,0.160204,2.683368,0.583485
31.090336,-0.000000,0.000000,0.000000,0.000000,-0.999964,-0.000000,1.000000,0.451185,-0.125843,0.245358,0.987638,-0.067012,0.141060,0.013519,0.454561,-0.126352,0.245551,0.980149,-0.091126,0.173633,0.029262,3.114182,-0.352991,-0.180520,0.000232,-0.001261,0.003399,-0.002233,-0.009906,-0.003866,-5.337444,1.178210,-0.882270,0.185852,-3.035764,0.404954,-0.461045,-0.359834,0.205169,-2.687924,0.160330,2.684845,0.583481
31.140036,-0.000000,0.000000,0.000000,0.000000,-0.999964,-0.000000,1.000000,0.451185,-0.125843,0.245358,0.989324,-0.066838,0.128704,0.014356,0.454580,-0.126347,0.245613,0.980138,-0.091109,0.173699,0.029283,3.114145,-0.353127,-0.180481,-0.000758,0.000187,-0.001251,0.002041,0.003683,-0.000765,-4.795751,1.134708,-0.611865,0.150425,-2.790132,0.429178,-0.461016,-0.359948,0.205162,-2.687912,0.160329,2.684859,0.583479
31.190908,-0.000000,0.000000,0.000000,0.000000,-0.999964,-0.000000,1.000000,0.451185,-0.125843,0.245358,0.990855,-0.066653,0.116328,0.015190,0.454563,-0.126331,0.245564,0.980151,-0.091102,0.173632,0.029260,3.114176,-0.352987,-0.180471,-0.001012,0.000668,-0.001228,0.001470,0.004463,0.000603,-4.710310,0.927888,-0.416826,0.228012,-2.697487,0.375078,-0.461005,-0.359871,0.205171,-2.687915,0.160326,2.684796,0.583481
31.240309,-0.000000,0.000000,0.000000,0.000000,-0.999964,-0.000000,1.000000,0.451185,-0.125843,0.245358,0.992232,-0.066458,0.103934,0.016022,0.454443,-0.126283,0.245435,0.980210,-0.091102,0.173318,0.029162,3.114324,-0.352334,-0.180495,-0.003247,-0.000051,-0.003669,0.008308,0.019749,-0.001335,-4.334485,0.875434,0.007283,0.215017,-2.483943,0.395657,-0.461008,-0.359810,0.205160,-2.687912,0.160332,2.684185,0.583463
31.291305,-0.000000,0.000000,0.000000,0.000000,-0.999964,-0.000000,1.000000,0.451185,-0.125843,0.245358,0.993454,-0.066253,0.091524,0.016851,0.454249,-0.126188,0.245214,0.980310,-0.091064,0.172796,0.029007,3.114537,-0.351249,-0.180453,-0.003543,0.002470,-0.004977,0.008034,0.020960,0.003519,-4.333927,0.853825,0.468592,0.179980,-2.412680,0.380480,-0.461005,-0.359697,0.205176,-2.687911,0.160326,2.683190,0.583410
31.341304,-0.000000,0.000000,0.000000,0.000000,-0.999964,-0.000000,1.000000,0.451185,-0.125843,0.245358,0.994520,-0.066037,0.079099,0.017678,0.453973,-0.126066,0.244916,0.980458,-0.090932,0.172060,0.028804,3.114776,-0.349719,-0.180222,-0.005199,0.003068,-0.005510,0.011456,0.035055,0.009521,-4.028892,0.683483,0.894456,0.221630,-2.224941,0.349144,-0.461009,-0.359554,0.205176,-2.687891,0.160317,2.681756,0.583148
31.390163,-0.000000,0.000000,0.000000,0.000000,-0.999964,-0.000000,1.000000,0.451185,-0.125843,0.245358,0.995431,-0.065811,0.066662,0.018502,0.453597,-0.125897,0.244532,0.980662,-0.090738,0.171043,0.028524,3.115101,-0.347605,-0.179877,-0.005639,0.002958,-0.006852,0.013355,0.038771,0.008891,-3.825409,0.621859,1.529512,0.190315,-2.156367,0.343583,-0.461020,-0.359401,0.205180,-2.687823,0.160305,2.679690,0.582766
31.440068,-0.000000,0.000000,0.000000,0.000000,-0.888808,-0.000000,1.000000,0.451185,-0.125843,0.245358,0.996110,-0.065601,0.055599,0.019232,0.453123,-0.125680,0.244115,0.980929,-0.090427,0.169727,0.028172,3.115479,-0.344871,-0.179302,-0.007953,0.003853,-0.007441,0.019929,0.058793,0.016272,-3.480660,0.540838,1.952448,0.172668,-1.981534,0.342150,-0.461036,-0.359317,0.205167,-2.687602,0.160264,2.676775,0.582172
31.490173,-0.000000,0.000000,0.000000,0.000000,-0.647971,0.055140,1.000000,0.451185,-0.125843,0.245358,0.996573,-0.064756,0.047543,0.019730,0.452567,-0.125415,0.243711,0.981297,-0.090008,0.167893,0.027697,3.115979,-0.341066,-0.178523,-0.009592,0.004783,-0.007706,0.026316,0.094529,0.026557,-3.153900,0.416949,2.295746,0.129436,-1.820357,0.305919,-0.461148,-0.359191,0.205164,-2.686769,0.160025,2.672213,0.581496
31.540273,-0.000000,0.000000,0.000000,0.000000,-0.314467,0.045877,1.000000,0.451185,-0.125843,0.245358,0.996789,-0.064107,0.043637,0.019959,0.451977,-0.125145,0.243412,0.981782,-0.089534,0.165403,0.027021,3.116763,-0.335899,-0.177677,-0.009691,0.004299,-0.004152,0.041515,0.117120,0.023012,-2.544937,0.235714,2.297015,0.080365,-1.468198,0.265398,-0.461512,-0.358899,0.205170,-2.684793,0.159632,2.665283,0.580704
31.590880,-0.000000,0.000000,0.000000,0.000000,-0.194049,0.055140,1.000000,0.451185,-0.125843,0.245358,0.996936,-0.063371,0.041232,0.020086,0.451467,-0.124910,0.243243,0.982334,-0.088999,0.162524,0.026184,3.117793,-0.329919,-0.176744,-0.007441,0.003345,-0.003489,0.045704,0.133397,0.032840,-2.457147,0.174256,2.508161,-0.047255,-1.429407,0.201790,-0.462081,-0.358255,0.205160,-2.681720,0.159207,2.656761,0.579688
31.641184,-0.000000,0.000000,0.000000,0.000000,-0.000000,-0.000000,1.000000,0.451185,-0.125843,0.245358,0.996936,-0.063371,0.041232,0.020086,0.450943,-0.124650,0.243132,0.982989,-0.088390,0.159012,0.025189,3.119014,-0.322636,-0.175681,-0.004432,0.003269,-0.000011,0.052686,0.154325,0.032572,-1.955565,-0.053781,2.283246,-0.053887,-1.127819,0.124662,-0.462812,-0.357277,0.205162,-2.677560,0.158424,2.646171,0.578756
31.691056,-0.000000,0.000000,0.000000,0.000000,-0.000000,-0.000000,1.000000,0.451185,-0.125843,0.245358,0.996936,-0.063371,0.041232,0.020086,0.450527,-0.124440,0.243135,0.983702,-0.087701,0.155104,0.024127,3.120285,-0.314546,-0.174459,-0.002194,0.001788,0.001055,0.052457,0.161009,0.037390,-1.395125,-0.309085,2.175039,-0.076925,-0.818021,0.034137,-0.463708,-0.355762,0.205138,-2.672241,0.157185,2.634155,0.577930
31.741935,-0.000000,0.000000,0.000000,0.000000,-0.000000,-0.000000,1.000000,0.451185,-0.125843,0.245358,0.996936,-0.063371,0.041232,0.020086,0.450115,-0.124269,0.243129,0.984466,-0.086890,0.150833,0.022957,3.121679,-0.305710,-0.172997,0.000151,0.000038,0.001971,0.050999,0.164193,0.049320,-1.354263,-0.351869,2.240886,-0.211976,-0.785681,-0.024197,-0.464804,-0.353805,0.205126,-2.666239,0.155892,2.621130,0.576754
31.791211,-0.000000,0.000000,0.000000,0.000000,-0.000000,-0.000000,1.000000,0.451185,-0.125843,0.245358,0.996936,-0.063371,0.041232,0.020086,0.449794,-0.124159,0.243189,0.985225,-0.086030,0.146497,0.021647,3.123347,-0.296725,-0.171472,0.005629,-0.001612,0.008375,0.050905,0.151838,0.052305,-1.216180,-0.502127,1.560888,-0.204612,-0.496691,-0.109436,-0.466105,-0.351464,0.205139,-2.659659,0.154995,2.607702,0.575025
31.845333,-0.000000,0.000000,0.000000,0.000000,-0.000000,-0.000000,1.000000,0.451185,-0.125843,0.245358,0.996936,-0.063371,0.041232,0.020086,0.449622,-0.124108,0.243381,0.985985,-0.085178,0.142015,0.020259,3.125162,-0.287442,-0.169972,0.005678,-0.002594,0.008044,0.069689,0.177831,0.030386,-1.446882,-0.502409,0.410981,-0.205352,-0.148295,-0.178479,-0.467471,-0.348614,0.205074,-2.652156,0.153918,2.593538,0.573382
31.891145,-0.000000,0.000000,0.000000,0.000000,-0.000000,-0.000000,1.000000,0.451185,-0.125843,0.245358,0.996936,-0.063371,0.041232,0.020086,0.449304,-0.124005,0.243401,0.986826,-0.084367,0.136764,0.018776,3.127060,-0.276607,-0.168550,-0.008877,-0.000493,-0.009204,0.087335,0.264335,0.041701,-0.044318,-0.560212,2.393701,-0.487420,-0.289349,-0.064095,-0.468865,-0.345179,0.205007,-2.644003,0.152079,2.577778,0.572429
31.941831,-0.000000,0.000000,0.000000,0.000000,-0.000000,-0.000000,1.000000,0.451185,-0.125843,0.245358,0.996936,-0.063371,0.041232,0.020086,0.449135,-0.123965,0.243363,0.987585,-0.083374,0.131954,0.017680,3.128201,-0.266732,-0.166648,-0.007786,0.000193,-0.012735,0.065344,0.265770,0.057433,0.015236,-0.668329,2.915385,-0.560762,-0.463393,-0.136850,-0.469926,-0.341415,0.204837,-2.636285,0.149362,2.563858,0.571931
31.991819,-0.000000,0.000000,0.000000,0.000000,-0.000000,-0.000000,1.000000,0.451185,-0.125843,0.245358,0.996936,-0.063371,0.041232,0.020086,0.449207,-0.124044,0.243388,0.988305,-0.082318,0.127254,0.016819,3.128881,-0.257125,-0.164558,0.004859,-0.000913,0.001987,0.044822,0.205106,0.052380,-0.393543,-0.195555,2.501095,-0.715395,-0.473519,-0.050435,-0.471063,-0.336954,0.204766,-2.627951,0.145854,2.550377,0.571930
32.042061,-0.000000,0.000000,0.000000,0.000000,-0.000000,-0.000000,1.000000,0.451185,-0.125843,0.245358,0.996936,-0.063371,0.041232,0.020086,0.449435,-0.124196,0.243546,0.989030,-0.080998,0.122472,0.016136,3.129136,-0.247386,-0.161879,0.015860,-0.006014,0.009444,0.008107,0.128184,0.050504,-0.966582,-0.155786,2.650578,-0.724389,-0.768851,-0.132344,-0.472171,-0.332050,0.204682,-2.618848,0.141623,2.536511,0.571975
32.092039,-0.000000,0.000000,0.000000,0.000000,-0.000000,-0.000000,1.000000,0.451185,-0.125843,0.245358,0.996936,-0.063371,0.041232,0.020086,0.449592,-0.124339,0.243421,0.989683,-0.079831,0.117969,0.015439,3.129528,-0.238215,-0.159533,0.021120,-0.007289,0.004062,0.000790,0.089254,0.045114,-1.813958,0.074822,2.545773,-0.804623,-1.056787,-0.149473,-0.473103,-0.327013,0.204548,-2.610731,0.137843,2.524297,0.571979
32.141946,-0.000000,0.000000,0.000000,0.000000,-0.000000,-0.000000,1.000000,0.451185,-0.125843,0.245358,0.996936,-0.063371,0.041232,0.020086,0.450013,-0.124469,0.243529,0.990251,-0.078798,0.113922,0.014695,3.130141,-0.229961,-0.157491,0.036631,-0.005020,0.022959,0.000245,0.031638,0.036503,-1.584715,-0.301921,0.066265,-0.361146,0.030748,-0.264567,-0.474009,-0.321932,0.204558,-2.602286,0.134627,2.512672,0.571997
32.192177,-0.000000,0.000000,0.000000,0.000000,-0.000000,-0.000000,1.000000,0.451185,-0.125843,0.245358,0.996936,-0.063371,0.041232,0.020086,0.450277,-0.124559,0.243661,0.990804,-0.077989,0.109708,0.013761,3.131182,-0.221347,-0.155944,0.030225,-0.004287,0.018469,0.014156,0.056337,0.029955,-1.505418,-0.729774,0.210653,-0.188721,0.056934,-0.418228,-0.475027,-0.317163,0.204616,-2.593913,0.131948,2.500383,0.571993
32.244082,-0.000000,0.000000,0.000000,0.000000,-0.000000,-0.000000,1.000000,0.451185,-0.125843,0.245358,0.996936,-0.063371,0.041232,0.020086,0.450367,-0.124660,0.243507,0.991326,-0.077038,0.105673,0.013074,3.131730,-0.213137,-0.154058,0.019607,-0.006539,0.010892,0.018163,0.101076,0.037024,-1.324231,-0.600899,1.235421,-0.376691,-0.216823,-0.358174,-0.475804,-0.312564,0.204567,-2.586763,0.128892,2.489624,0.571992
32.294026,-0.000000,0.000000,0.000000,0.000000,-0.000000,-0.000000,1.000000,0.451185,-0.125843,0.245358,0.996936,-0.063371,0.041232,0.020086,0.450444,-0.124727,0.243329,0.991809,-0.075968,0.101916,0.012560,3.131960,-0.205514,-0.151899,0.000607,-0.002522,-0.003143,0.037822,0.186291,0.045932,-1.090566,-0.592686,1.484287,-0.436892,-0.200707,-0.336386,-0.476362,-0.308242,0.204520,-2.580219,0.125719,2.479829,0.571989
32.345009,-0.000000,0.000000,0.000000,0.000000,-0.000000,-0.000000,1.000000,0.451185,-0.125843,0.245358,0.996936,-0.063371,0.041232,0.020086,0.450307,-0.124776,0.243207,0.992317,-0.074729,0.097849,0.012198,3.131819,-0.197294,-0.149364,-0.011552,0.000760,-0.012146,0.047226,0.242398,0.052466,-0.868678,-0.121232,3.586660,-0.862817,-0.964421,-0.150004,-0.476893,-0.304372,0.204480,-2.573755,0.121977,2.469148,0.572088
32.395160,-0.000000,0.000000,0.000000,0.000000,-0.000000,-0.000000,1.000000,0.451185,-0.125843,0.245358,0.996936,-0.063371,0.041232,0.020086,0.450487,-0.124862,0.243418,0.992718,-0.073610,0.094601,0.011945,3.131622,-0.190738,-0.147075,0.011522,-0.002049,0.006789,0.002199,0.091849,0.042516,-0.701115,-0.122191,3.397456,-0.837880,-0.854085,-0.166329,-0.477325,-0.300856,0.204492,-2.567330,0.118712,2.459810,0.572207
32.444803,-0.000000,0.000000,0.000000,0.000000,-0.000000,-0.000000,1.000000,0.451185,-0.125843,0.245358,0.996936,-0.063371,0.041232,0.020086,0.450697,-0.124935,0.243471,0.993052,-0.072655,0.091833,0.011677,3.131574,-0.185142,-0.145136,0.017591,-0.001756,0.004331,0.006102,0.047822,0.025975,-1.591222,-0.101382,2.273510,-0.681712,-0.772594,-0.251192,-0.477643,-0.297426,0.204494,-2.561820,0.116029,2.452216,0.572245
32.495256,-0.000000,0.000000,0.000000,0.000000,-0.101419,-0.000000,1.000000,0.451185,-0.125843,0.245358,0.996987,-0.063346,0.039969,0.020167,0.450746,-0.124952,0.243421,0.993339,-0.071881,0.089332,0.011379,3.131668,-0.180082,-0.143579,0.014753,-0.002983,0.006226,0.006180,0.039172,0.018860,-1.831857,-0.142298,1.895438,-0.628782,-0.686319,-0.286976,-0.477885,-0.294599,0.204486,-2.557383,0.113882,2.445596,0.572252
32.546057,-0.000000,0.000000,0.000000,0.000000,-0.305205,-0.000000,1.000000,0.451185,-0.125843,0.245358,0.997132,-0.063268,0.036165,0.020408,0.450613,-0.124897,0.243346,0.993606,-0.071158,0.086953,0.011104,3.131750,-0.175270,-0.142124,-0.001854,-0.000400,0.000066,0.009957,0.098032,0.032306,-1.138602,-0.343898,2.150934,-0.609882,-0.471579,-0.283080,-0.478024,-0.292456,0.204472,-2.553773,0.111983,2.439370,0.572233
32.596273,-0.000000,0.000000,0.000000,0.000000,-0.536815,-0.000000,1.000000,0.451185,-0.125843,0.245358,0.997352,-0.063130,0.029473,0.020832,0.450393,-0.124832,0.243321,0.993865,-0.070355,0.084629,0.010963,3.131563,-0.170588,-0.140486,-0.004539,0.001346,-0.002221,0.017283,0.117119,0.031522,-0.446683,-0.407291,2.519093,-0.637573,-0.327949,-0.235487,-0.478111,-0.290737,0.204468,-2.550498,0.109887,2.433235,0.572234
32.646002,-0.000000,0.000000,0.000000,0.000000,-0.657234,-0.000000,1.000000,0.451185,-0.125843,0.245358,0.997561,-0.062956,0.021278,0.021350,0.450265,-0.124818,0.243367,0.994094,-0.069521,0.082606,0.010960,3.131143,-0.166529,-0.138769,0.002199,-0.000811,0.001460,-0.000689,0.067178,0.029794,-0.559511,-0.406320,2.412168,-0.643221,-0.315824,-0.261743,-0.478174,-0.289139,0.204468,-2.547385,0.107708,2.427803,0.572235
32.696344,-0.000000,0.000000,0.000000,0.000000,-0.823967,-0.000000,1.000000,0.451185,-0.125843,0.245358,0.997727,-0.062733,0.011003,0.021998,0.450212,-0.124845,0.243306,0.994298,-0.068678,0.080820,0.011053,3.130569,-0.162958,-0.137025,0.004633,-0.002269,0.000140,-0.008937,0.057701,0.030743,-0.787457,-0.310665,2.204939,-0.689219,-0.318298,-0.271435,-0.478198,-0.287350,0.204469,-2.544596,0.105465,2.423391,0.572261
32.746916,-0.000000,0.000000,0.000000,0.000000,-0.898071,-0.000000,1.000000,0.451185,-0.125843,0.245358,0.997788,-0.062482,-0.000198,0.022700,0.450097,-0.124908,0.243169,0.994519,-0.067787,0.078800,0.011291,3.129668,-0.158936,-0.135161,0.000419,-0.001754,-0.001037,-0.002195,0.084087,0.027171,-0.329623,-0.399709,2.241950,-0.679617,-0.134747,-0.293921,-0.478207,-0.285378,0.204469,-2.541715,0.102581,2.418698,0.572647
32.796376,-0.000000,0.000000,0.000000,0.000000,-0.999964,-0.000000,1.000000,0.451185,-0.125843,0.245358,0.997707,-0.062194,-0.012669,0.023480,0.449915,-0.124908,0.243045,0.994742,-0.066936,0.076670,0.011365,3.129097,-0.154670,-0.133408,-0.003135,0.000764,-0.002140,0.009337,0.104386,0.034387,-0.104114,-0.314028,2.396679,-0.742305,-0.103857,-0.245896,-0.478211,-0.283520,0.204466,-2.538809,0.100108,2.413562,0.572824
32.848123,-0.000000,0.000000,0.000000,0.000000,-0.999964,-0.000000,1.000000,0.451185,-0.125843,0.245358,0.997471,-0.061895,-0.025139,0.024255,0.449707,-0.124864,0.243018,0.994968,-0.066125,0.074417,0.011299,3.128806,-0.150144,-0.131761,-0.004087,0.000931,-0.000241,0.009825,0.119871,0.040004,0.274263,-0.445388,2.347358,-0.689528,0.060422,-0.245510,-0.478232,-0.281759,0.204463,-2.535617,0.097937,2.407735,0.572874
32.897330,-0.000000,0.000000,0.000000,0.000000,-0.999964,-0.000000,1.000000,0.451185,-0.125843,0.245358,0.997079,-0.061587,-0.037605,0.025027,0.449473,-0.124806,0.243004,0.995201,-0.065327,0.071993,0.011170,3.128629,-0.145265,-0.130152,-0.008210,0.000735,-0.002659,0.017749,0.145351,0.038975,0.123723,-0.398137,2.558432,-0.748808,-0.101294,-0.242783,-0.478266,-0.279900,0.204461,-2.532175,0.095778,2.401388,0.572935
32.948069,-0.000000,0.000000,0.000000,0.000000,-0.944386,-0.000000,1.000000,0.451185,-0.125843,0.245358,0.996566,-0.061288,-0.049372,0.025752,0.449143,-0.124706,0.243054,0.995467,-0.064529,0.069011,0.010886,3.128700,-0.139251,-0.128565,-0.010586,0.002628,-0.003119,0.027677,0.176600,0.041421,0.371814,-0.408001,2.619555,-0.754899,-0.023610,-0.228776,-0.478352,-0.277817,0.204470,-2.527942,0.093517,2.393315,0.573069
32.998969,-0.000000,0.000000,0.000000,0.000000,-0.657234,-0.000000,1.000000,0.451185,-0.125843,0.245358,0.996126,-0.061074,-0.057558,0.026255,0.449004,-0.124714,0.243222,0.995747,-0.063640,0.065753,0.010689,3.128560,-0.132697,-0.126783,0.007882,-0.003265,0.005556,-0.001179,0.110283,0.038734,-0.679527,-0.180865,2.524406,-0.851871,-0.445186,-0.291787,-0.478486,-0.274944,0.204465,-2.522465,0.090572,2.384299,0.573476
33.047242,-0.000000,0.000000,0.000000,0.000000,-0.268153,-0.000000,1.000000,0.451185,-0.125843,0.245358,0.995928,-0.060986,-0.060896,0.026459,0.448979,-0.124778,0.243288,0.996037,-0.062761,0.062126,0.010579,3.128211,-0.125417,-0.125014,0.011797,-0.003201,0.005598,0.007534,0.123186,0.022966,-0.915823,-0.172791,1.830547,-0.762532,-0.255256,-0.341794,-0.478571,-0.271103,0.204481,-2.516139,0.086861,2.374731,0.574505
33.097067,-0.000000,0.000000,0.000000,0.000000,-0.000000,-0.000000,1.000000,0.451185,-0.125843,0.245358,0.995928,-0.060986,-0.060896,0.026459,0.448779,-0.124944,0.243171,0.996345,-0.061883,0.057871,0.010830,3.127074,-0.116926,-0.123211,0.000555,-0.003411,0.001346,-0.004125,0.194408,0.031713,0.008338,-0.157524,2.416314,-0.829996,-0.106445,-0.232063,-0.478607,-0.266765,0.204491,-2.509532,0.081602,2.364351,0.576603
33.147103,-0.000000,0.000000,0.000000,0.000000,-0.000000,-0.000000,1.000000,0.451185,-0.125843,0.245358,0.995928,-0.060986,-0.060896,0.026459,0.448545,-0.125011,0.243040,0.996654,-0.061149,0.053123,0.010931,3.126212,-0.107434,-0.121728,-0.014732,0.002469,-0.011655,0.033979,0.306084,0.045245,0.509425,-0.099113,2.499542,-0.854648,0.070603,-0.169778,-0.478606,-0.261965,0.204634,-2.502202,0.076327,2.352676,0.579155
33.197819,-0.000000,0.000000,0.000000,0.000000,-0.000000,-0.000000,1.000000,0.451185,-0.125843,0.245358,0.995928,-0.060986,-0.060896,0.026459,0.448497,-0.125097,0.243056,0.996969,-0.060224,0.048050,0.010809,3.125753,-0.097264,-0.119898,-0.017251,0.001144,-0.016050,0.033626,0.344336,0.065433,-0.067642,0.257760,4.005031,-1.187052,-0.856438,-0.109924,-0.478614,-0.256326,0.204732,-2.493440,0.071265,2.339643,0.581150
33.248673,-0.000000,0.000000,0.000000,0.000000,-0.000000,-0.000000,1.000000,0.451185,-0.125843,0.245358,0.995928,-0.060986,-0.060896,0.026459,0.448464,-0.125266,0.242969,0.997247,-0.059405,0.043019,0.010864,3.124971,-0.087202,-0.118272,-0.009048,-0.000941,-0.012913,0.006128,0.294690,0.078803,-0.118725,0.451090,4.839046,-1.378056,-1.286664,-0.043342,-0.478609,-0.250440,0.204840,-2.484823,0.065812,2.327165,0.583572
33.297843,-0.000000,0.000000,0.000000,0.000000,-0.000000,-0.000000,1.000000,0.451185,-0.125843,0.245358,0.995928,-0.060986,-0.060896,0.026459,0.448479,-0.125459,0.242880,0.997494,-0.058651,0.037968,0.011147,3.123754,-0.077129,-0.116773,-0.003489,0.001413,-0.006469,0.008280,0.264222,0.063821,0.399473,0.199898,3.643911,-1.113971,-0.581961,-0.104360,-0.478577,-0.244365,0.205119,-2.476077,0.059841,2.314818,0.586607
33.347862,-0.000000,0.000000,0.000000,0.000000,-0.000000,-0.000000,1.000000,0.451185,-0.125843,0.245358,0.995928,-0.060986,-0.060896,0.026459,0.448695,-0.125551,0.243164,0.997711,-0.057965,0.033022,0.011021,3.123386,-0.067221,-0.115453,0.019030,-0.004363,0.011974,0.009278,0.142926,0.018122,-0.347987,0.297437,2.674643,-1.059237,-0.548740,-0.163222,-0.478557,-0.238289,0.205420,-2.466310,0.055075,2.301434,0.588994
33.397707,-0.000000,0.000000,0.000000,0.000000,-0.000000,-0.000000,1.000000,0.451185,-0.125843,0.245358,0.995928,-0.060986,-0.060896,0.026459,0.448855,-0.125646,0.243170,0.997900,-0.057317,0.028221,0.010670,3.123501,-0.057579,-0.114228,0.019874,-0.006598,-0.000056,-0.004762,0.112689,0.014628,-0.347004,0.401301,2.572071,-1.082206,-0.494844,-0.121826,-0.478557,-0.232007,0.205597,-2.457216,0.051044,2.289081,0.590771
33.449666,-0.000000,0.000000,0.000000,0.000000,-0.000000,-0.000000,1.000000,0.451185,-0.125843,0.245358,0.995928,-0.060986,-0.060896,0.026459,0.449012,-0.125823,0.243209,0.998048,-0.056779,0.023714,0.010633,3.123038,-0.048563,-0.113207,0.032175,-0.007141,0.014723,-0.014894,0.051495,-0.004753,-1.198281,0.663530,1.408976,-1.050893,-0.366177,-0.118555,-0.478547,-0.226088,0.205822,-2.448633,0.046586,2.277599,0.593038
33.498871,-0.000000,0.000000,0.000000,0.000000,-0.000000,-0.000000,1.000000,0.451185,-0.125843,0.245358,0.995928,-0.060986,-0.060896,0.026459,0.449305,-0.126037,0.243464,0.998175,-0.056257,0.019133,0.010775,3.122219,-0.039419,-0.112218,0.039558,-0.006181,0.015509,-0.004782,0.032468,-0.033642,-0.785798,0.527526,0.044888,-0.848614,0.405281,-0.128050,-0.478502,-0.219965,0.206170,-2.439242,0.041659,2.265446,0.595772
33.549171,-0.000000,0.000000,0.000000,0.000000,-0.000000,-0.000000,1.000000,0.451185,-0.125843,0.245358,0.995928,-0.060986,-0.060896,0.026459,0.449373,-0.126115,0.243378,0.998272,-0.055877,0.014678,0.010735,3.121789,-0.030509,-0.111528,0.026018,-0.005492,0.011996,0.019344,0.080905,-0.042505,-0.803050,0.730340,1.569241,-1.119540,-0.233248,-0.039285,-0.478492,-0.214180,0.206626,-2.431218,0.037498,2.254472,0.598290
33.599203,-0.000000,0.000000,0.000000,0.000000,-0.000000,-0.000000,1.000000,0.451185,-0.125843,0.245358,0.995928,-0.060986,-0.060896,0.026459,0.449473,-0.126134,0.243393,0.998351,-0.055436,0.010543,0.010569,3.121653,-0.022225,-0.110721,0.014367,-0.002550,0.009215,0.028026,0.134942,-0.017152,-0.597870,0.765704,0.928108,-1.088264,0.155398,0.018542,-0.478477,-0.208806,0.207087,-2.423504,0.034028,2.243957,0.600228
33.649687,-0.000000,0.000000,0.000000,0.000000,-0.000000,-0.000000,1.000000,0.451185,-0.125843,0.245358,0.995928,-0.060986,-0.060896,0.026459,0.449401,-0.126168,0.243476,0.998415,-0.054963,0.006101,0.010423,3.121447,-0.013328,-0.109856,-0.006950,0.002624,-0.006270,0.039416,0.270808,0.020983,-0.148003,0.601789,1.871749,-1.180722,-0.046754,0.014106,-0.478471,-0.203608,0.207505,-2.415654,0.030405,2.232537,0.602107
33.698993,-0.000000,0.000000,0.000000,0.000000,-0.000000,-0.000000,1.000000,0.451185,-0.125843,0.245358,0.995928,-0.060986,-0.060896,0.026459,0.449298,-0.126268,0.243471,0.998456,-0.054515,0.001748,0.010541,3.120732,-0.004639,-0.109042,-0.017901,-0.000313,-0.015432,0.001345,0.284243,0.059515,0.914639,0.418443,3.212125,-1.295272,-0.243620,0.077712,-0.478426,-0.198454,0.207955,-2.408212,0.026277,2.221771,0.604372
33.748162,-0.000000,0.000000,0.000000,0.000000,-0.000000,-0.000000,1.000000,0.451185,-0.125843,0.245358,0.995928,-0.060986,-0.060896,0.026459,0.449325,-0.126336,0.243457,0.998469,-0.054189,-0.001822,0.010939,3.119549,0.002453,-0.108465,-0.002716,0.000857,-0.005556,-0.012067,0.181588,0.047277,1.174544,0.087992,2.708903,-1.066996,0.065680,-0.024451,-0.478192,-0.193949,0.208477,-2.401901,0.022173,2.213135,0.607071
33.798834,-0.000000,0.000000,0.000000,0.000000,-0.000000,-0.000000,1.000000,0.451185,-0.125843,0.245358,0.995928,-0.060986,-0.060896,0.026459,0.449472,-0.126356,0.243534,0.998471,-0.053951,-0.004633,0.011152,3.118819,0.008049,-0.108053,0.015906,-0.002117,0.003582,-0.016002,0.054839,0.014078,0.023841,0.313547,1.868937,-1.040504,-0.046294,-0.065512,-0.478037,-0.190137,0.208981,-2.396408,0.019175,2.206018,0.609151
33.848876,-0.000000,0.000000,0.000000,0.000000,-0.000000,-0.000000,1.000000,0.451185,-0.125843,0.245358,0.995928,-0.060986,-0.060896,0.026459,0.449515,-0.126325,0.243708,0.998456,-0.053925,-0.007304,0.011111,3.118613,0.013388,-0.108067,0.012555,-0.002080,0.007970,0.014644,0.066901,-0.027038,-0.478878,0.761487,1.029423,-1.149418,0.144837,0.076693,-0.477970,-0.186889,0.209396,-2.391273,0.017022,2.198853,0.610943
33.898945,-0.000000,0.000000,0.000000,0.000000,-0.000000,-0.000000,1.000000,0.451185,-0.125843,0.245358,0.995928,-0.060986,-0.060896,0.026459,0.449290,-0.126209,0.243765,0.998443,-0.053711,-0.010494,0.010828,3.118837,0.019793,-0.107712,-0.012424,0.004298,-0.005076,0.029772,0.201295,0.021803,1.006638,0.369715,2.081882,-1.166218,0.357614,0.094574,-0.477906,-0.183591,0.209752,-2.386163,0.015157,2.190643,0.612102
33.948935,-0.000000,0.000000,0.000000,0.000000,-0.000000,-0.000000,1.000000,0.451185,-0.125843,0.245358,0.995928,-0.060986,-0.060896,0.026459,0.449307,-0.126224,0.243744,0.998429,-0.053415,-0.013121,0.010653,3.118910,0.025065,-0.107181,0.001449,-0.001019,-0.005143,0.009626,0.106738,0.013652,1.046897,0.088566,2.371632,-1.091410,0.191547,-0.031671,-0.477902,-0.180101,0.210049,-2.381357,0.013306,2.184071,0.612975
33.999844,-0.000000,0.000000,0.000000,0.000000,-0.000000,-0.000000,1.000000,0.451185,-0.125843,0.245358,0.995928,-0.060986,-0.060896,0.026459,0.449306,-0.126271,0.243664,0.998411,-0.053204,-0.015267,0.010544,3.118902,0.029368,-0.106809,0.005340,-0.000256,-0.004152,0.010048,0.064689,0.002447,0.168511,0.533036,2.207598,-1.270067,-0.103804,0.056429,-0.477900,-0.177172,0.210251,-2.377539,0.011696,2.178897,0.613760
34.049303,-0.000000,0.000000,0.000000,0.000000,-0.000000,-0.000000,1.000000,0.451185,-0.125843,0.245358,0.995928,-0.060986,-0.060896,0.026459,0.449224,-0.126274,0.243672,0.998392,-0.053009,-0.017143,0.010467,3.118861,0.033127,-0.106465,0.006414,-0.000840,-0.000645,0.005188,0.042423,-0.003591,0.226001,0.468094,1.954135,-1.227571,0.058411,0.030173,-0.477897,-0.174986,0.210468,-2.374385,0.010356,2.174200,0.614408
34.099944,-0.000000,0.000000,0.000000,0.000000,-0.000000,-0.000000,1.000000,0.451185,-0.125843,0.245358,0.995928,-0.060986,-0.060896,0.026459,0.449122,-0.126259,0.243735,0.998371,-0.052881,-0.018688,0.010483,3.118667,0.036214,-0.106251,0.004676,-0.000225,0.001022,-0.000767,0.032058,-0.004325,0.194427,0.563466,1.819918,-1.282316,0.128940,0.076461,-0.477890,-0.173393,0.210713,-2.371858,0.009138,2.170232,0.615134
34.150105,-0.000000,0.000000,0.000000,0.000000,-0.000000,-0.000000,1.000000,0.451185,-0.125843,0.245358,0.995928,-0.060986,-0.060896,0.026459,0.448931,-0.126207,0.243681,0.998353,-0.052707,-0.020069,0.010556,3.118381,0.038968,-0.105943,-0.002617,0.000237,-0.001619,-0.000406,0.055662,0.001342,0.777909,0.323413,1.841953,-1.212950,0.394309,0.040972,-0.477883,-0.172156,0.211011,-2.370113,0.007984,2.167044,0.615768
34.201748,-0.000000,0.000000,0.000000,0.000000,-0.000000,-0.000000,1.000000,0.451185,-0.125843,0.245358,0.995928,-0.060986,-0.060896,0.026459,0.448767,-0.126195,0.243596,0.998330,-0.052570,-0.021402,0.010787,3.117782,0.041611,-0.105715,-0.003628,0.001050,-0.002274,-0.005665,0.068012,0.005598,1.026913,0.305436,1.971522,-1.261096,0.455596,0.056836,-0.477887,-0.170867,0.211374,-2.368439,0.006492,2.164136,0.616722
34.250002,-0.000000,0.000000,0.000000,0.000000,-0.000000,-0.000000,1.000000,0.451185,-0.125843,0.245358,0.995928,-0.060986,-0.060896,0.026459,0.448634,-0.126165,0.243552,0.998299,-0.052491,-0.022823,0.011097,3.117013,0.044419,-0.105610,-0.000364,0.001814,-0.000612,-0.009823,0.058398,0.004177,0.969608,0.376163,2.134969,-1.330709,0.359132,0.076183,-0.477872,-0.169463,0.211846,-2.366503,0.004773,2.160940,0.618048
34.300058,-0.000000,0.000000,0.000000,0.000000,-0.000000,-0.000000,1.000000,0.451185,-0.125843,0.245358,0.995928,-0.060986,-0.060896,0.026459,0.448595,-0.126135,0.243570,0.998270,-0.052387,-0.024152,0.011343,3.116385,0.047049,-0.105453,0.003300,0.000265,0.001197,-0.006195,0.045241,0.001868,0.819837,0.390766,1.934826,-1.322318,0.387915,0.060387,-0.477874,-0.167965,0.212320,-2.364330,0.003240,2.157750,0.619207
34.350173,-0.000000,0.000000,0.000000,0.000000,-0.000000,-0.000000,1.000000,0.451185,-0.125843,0.245358,0.995928,-0.060986,-0.060896,0.026459,0.448592,-0.126107,0.243630,0.998243,-0.052267,-0.025469,0.011395,3.116146,0.049677,-0.105255,0.002011,-0.000653,0.001834,0.003296,0.048496,-0.001564,0.832671,0.429551,1.897289,-1.346649,0.406451,0.081413,-0.477876,-0.166378,0.212655,-2.361932,0.002115,2.154360,0.619961
34.400750,-0.000000,0.000000,0.000000,0.000000,-0.000000,-0.000000,1.000000,0.451185,-0.125843,0.245358,0.995928,-0.060986,-0.060896,0.026459,0.448578,-0.126090,0.243684,0.998219,-0.052134,-0.026691,0.011345,3.116122,0.052127,-0.105023,-0.002162,0.000739,-0.000084,0.006197,0.061686,0.011074,1.148215,0.314583,1.970518,-1.311729,0.504341,0.071492,-0.477871,-0.164893,0.212863,-2.359695,0.001275,2.151170,0.620401
34.450789,-0.000000,0.000000,0.000000,0.000000,-0.000000,-0.000000,1.000000,0.451185,-0.125843,0.245358,0.995928,-0.060986,-0.060896,0.026459,0.448555,-0.126082,0.243699,0.998200,-0.052011,-0.027650,0.011297,3.116123,0.054052,-0.104803,-0.001574,0.000230,-0.000980,0.008602,0.044676,-0.002559,1.055323,0.278224,2.091668,-1.310948,0.391586,0.047505,-0.477877,-0.163714,0.213014,-2.358004,0.000632,2.148741,0.620680
34.500893,-0.000000,0.000000,0.000000,0.000000,-0.000000,-0.000000,1.000000,0.451185,-0.125843,0.245358,0.995928,-0.060986,-0.060896,0.026459,0.448499,-0.126066,0.243682,0.998184,-0.051904,-0.028413,0.011284,3.116075,0.055581,-0.104612,-0.001018,-0.000166,-0.001548,0.001388,0.030308,0.001374,1.021760,0.265458,1.911189,-1.287496,0.446952,0.037572,-0.477875,-0.162865,0.213147,-2.356835,0.000089,2.146909,0.620915
34.550868,-0.000000,0.000000,0.000000,0.000000,-0.000000,-0.000000,1.000000,0.451185,-0.125843,0.245358,0.995928,-0.060986,-0.060896,0.026459,0.448390,-0.126035,0.243680,0.998170,-0.051813,-0.029057,0.011296,3.115987,0.056868,-0.104452,-0.001182,0.000843,-0.000910,0.002501,0.021573,0.000631,0.899535,0.391795,1.760586,-1.325918,0.458030,0.080454,-0.477872,-0.162361,0.213276,-2.356044,-0.000368,2.145361,0.621122
34.600887,-0.000000,0.000000,0.000000,0.000000,-0.000000,-0.000000,1.000000,0.451185,-0.125843,0.245358,0.995928,-0.060986,-0.060896,0.026459,0.448255,-0.126002,0.243705,0.998159,-0.051708,-0.029620,0.011323,3.115879,0.057992,-0.104260,-0.002117,0.000303,0.000258,0.001614,0.021436,0.001927,0.923729,0.312762,1.832620,-1.306991,0.428344,0.050408,-0.477875,-0.162084,0.213393,-2.355457,-0.000765,2.143960,0.621241
34.651493,-0.000000,0.000000,0.000000,0.000000,-0.000000,-0.000000,1.000000,0.451185,-0.125843,0.245358,0.995928,-0.060986,-0.060896,0.026459,0.448135,-0.125955,0.243778,0.998148,-0.051621,-0.030123,0.011316,3.115845,0.059000,-0.104100,-0.002692,0.000082,0.000436,0.002133,0.024126,0.001736,1.050852,0.322402,1.835308,-1.304033,0.481357,0.075824,-0.477877,-0.161904,0.213503,-2.354856,-0.001026,2.142552,0.621311
34.701640,0.000000,0.000000,0.000000,0.000000,0.000000,0.000000,0.000000,0.451185,-0.125843,0.245358,0.995928,-0.060986,-0.060896,0.026459,0.448026,-0.125912,0.243832,0.998139,-0.051522,-0.030601,0.011315,3.115802,0.059958,-0.103919,-0.003629,0.001654,-0.000170,0.003263,0.027048,0.003826,1.060253,0.306085,1.816662,-1.302480,0.490566,0.068148,-0.477871,-0.161698,0.213608,-2.354295,-0.001299,2.141261,0.621370
34.751068,0.000000,0.000000,0.000000,0.000000,0.000000,0.000000,0.000000,0.451185,-0.125843,0.245358,0.995928,-0.060986,-0.060896,0.026459,0.447946,-0.125875,0.243873,0.998130,-0.051464,-0.030990,0.011286,3.115824,0.060739,-0.103812,-0.001737,-0.000292,0.001502,0.001465,0.017388,0.001663,1.019531,0.295076,1.736179,-1.280209,0.494563,0.061777,-0.477877,-0.161495,0.213688,-2.353805,-0.001462,2.140199,0.621412
34.801692,0.000000,0.000000,0.000000,0.000000,0.000000,0.000000,0.000000,0.451185,-0.125843,0.245358,0.995928,-0.060986,-0.060896,0.026459,0.447864,-0.125837,0.243889,0.998122,-0.051391,-0.031381,0.011266,3.115826,0.061526,-0.103677,-0.000645,0.001187,0.001342,0.000988,0.018256,0.004621,1.120841,0.296091,1.750241,-1.287561,0.530828,0.075460,-0.477870,-0.161265,0.213768,-2.353357,-0.001656,2.139204,0.621457
34.851854,0.000000,0.000000,0.000000,0.000000,0.000000,0.000000,0.000000,0.451185,-0.125843,0.245358,0.995928,-0.060986,-0.060896,0.026459,0.447793,-0.125808,0.243898,0.998114,-0.051326,-0.031756,0.011244,3.115835,0.062278,-0.103557,-0.000087,0.000544,0.001012,0.001462,0.012690,0.003405,1.136347,0.243715,1.735235,-1.267506,0.548493,0.052991,-0.477872,-0.161006,0.213841,-2.352905,-0.001844,2.138265,0.621500
34.902932,0.000000,0.000000,0.000000,0.000000,0.000000,0.000000,0.000000,0.451185,-0.125843,0.245358,0.995928,-0.060986,-0.060896,0.026459,0.447743,-0.125781,0.243900,0.998105,-0.051283,-0.032096,0.011203,3.115884,0.062964,-0.103481,0.000580,-0.000309,0.001723,0.000054,0.006604,-0.000509,1.202438,0.245950,1.755453,-1.262015,0.565250,0.063173,-0.477874,-0.160714,0.213900,-2.352448,-0.001981,2.137413,0.621548
34.952683,0.000000,0.000000,0.000000,0.000000,0.000000,0.000000,0.000000,0.451185,-0.125843,0.245358,0.995928,-0.060986,-0.060896,0.026459,0.447693,-0.125765,0.243883,0.998098,-0.051252,-0.032391,0.011188,3.115884,0.063555,-0.103426,0.000107,0.000101,-0.000284,0.000956,0.005879,-0.003572,1.085073,0.299278,1.781834,-1.297908,0.501394,0.071215,-0.477875,-0.160459,0.213953,-2.352106,-0.002149,2.136739,0.621630
35.002873,0.000000,0.000000,0.000000,0.000000,0.000000,0.000000,0.000000,0.451185,-0.125843,0.245358,0.995928,-0.060986,-0.060896,0.026459,0.447655,-0.125747,0.243863,0.998088,-0.051258,-0.032668,0.011213,3.115804,0.064105,-0.103449,-0.000414,0.000281,-0.000847,-0.000864,0.008285,0.000418,1.256848,0.236098,1.595509,-1.271630,0.664229,0.054270,-0.477875,-0.160198,0.214040,-2.351773,-0.002389,2.136130,0.621864
35.053707,0.000000,0.000000,0.000000,0.000000,0.000000,0.000000,0.000000,0.451185,-0.125843,0.245358,0.995928,-0.060986,-0.060896,0.026459,0.447620,-0.125726,0.243843,0.998082,-0.051216,-0.032916,0.011215,3.115777,0.064602,-0.103373,-0.000571,-0.000092,-0.000388,0.001189,0.010840,0.000721,1.197973,0.262383,1.683741,-1.289158,0.596185,0.065550,-0.477874,-0.159963,0.214111,-2.351481,-0.002561,2.135585,0.621949
35.104236,0.000000,0.000000,0.000000,0.000000,0.000000,0.000000,0.000000,0.451185,-0.125843,0.245358,0.995928,-0.060986,-0.060896,0.026459,0.447602,-0.125721,0.243825,0.998077,-0.051170,-0.033147,0.011224,3.115737,0.065064,-0.103288,-0.000510,0.000247,-0.000954,0.001028,0.011481,0.002332,1.327022,0.223147,1.687814,-1.281774,0.652631,0.063167,-0.477872,-0.159691,0.214162,-2.351152,-0.002756,2.135075,0.622021
35.154885,0.000000,0.000000,0.000000,0.000000,0.000000,0.000000,0.000000,0.451185,-0.125843,0.245358,0.995928,-0.060986,-0.060896,0.026459,0.447610,-0.125719,0.243815,0.998071,-0.051143,-0.033357,0.011206,3.115754,0.065487,-0.103240,-0.000302,0.000295,-0.001157,0.001371,0.013270,0.003679,1.373035,0.213032,1.644906,-1.269571,0.691180,0.062646,-0.477872,-0.159374,0.214199,-2.350757,-0.002889,2.134571,0.622083
35.203825,0.000000,0.000000,0.000000,0.000000,0.000000,0.000000,0.000000,0.451185,-0.125843,0.245358,0.995928,-0.060986,-0.060896,0.026459,0.447630,-0.125719,0.243796,0.998065,-0.051125,-0.033591,0.011165,3.115812,0.065959,-0.103210,0.000884,-0.000635,-0.001168,0.004524,0.011363,-0.001552,1.449958,0.188275,1.629239,-1.256739,0.733516,0.061071,-0.477873,-0.158969,0.214228,-2.350281,-0.003007,2.134017,0.622149
35.253877,0.000000,0.000000,0.000000,0.000000,0.000000,0.000000,0.000000,0.451185,-0.125843,0.245358,0.995928,-0.060986,-0.060896,0.026459,0.447666,-0.125734,0.243758,0.998058,-0.051098,-0.033832,0.011132,3.115854,0.066444,-0.103161,0.002753,-0.001625,0.000979,-0.001791,0.002473,0.000188,1.434737,0.226603,1.571613,-1.277537,0.753488,0.073934,-0.477876,-0.158475,0.214246,-2.349763,-0.003171,2.133498,0.622213
35.304055,0.000000,0.000000,0.000000,0.000000,0.000000,0.000000,0.000000,0.451185,-0.125843,0.245358,0.995928,-0.060986,-0.060896,0.026459,0.447717,-0.125744,0.243722,0.998048,-0.051131,-0.034099,0.011083,3.115923,0.066982,-0.103233,0.002860,-0.000072,0.000474,0.001743,0.005700,-0.003157,1.428241,0.186623,1.512392,-1.263553,0.774878,0.050661,-0.477874,-0.157899,0.214270,-2.349139,-0.003324,2.132892,0.622405
35.355601,0.000000,0.000000,0.000000,0.000000,0.000000,0.000000,0.000000,0.451185,-0.125843,0.245358,0.995928,-0.060986,-0.060896,0.026459,0.447807,-0.125760,0.243698,0.998039,-0.051138,-0.034376,0.011001,3.116056,0.067544,-0.103250,0.002719,-0.000190,-0.000894,0.005264,0.012295,0.000925,1.343905,0.222441,1.637380,-1.279764,0.680099,0.058106,-0.477874,-0.157201,0.214283,-2.348346,-0.003443,2.132204,0.622515
35.408993,0.000000,0.000000,0.000000,0.000000,0.000000,0.000000,0.000000,0.451185,-0.125843,0.245358,0.995928,-0.060986,-0.060896,0.026459,0.447915,-0.125779,0.243669,0.998031,-0.051121,-0.034674,0.010892,3.116245,0.068151,-0.103219,0.003859,-0.000697,-0.000361,0.002414,0.005469,0.002332,1.361790,0.177357,1.581296,-1.247168,0.708221,0.045075,-0.477872,-0.156408,0.214280,-2.347452,-0.003536,2.131456,0.622553
35.455673,0.000000,0.000000,0.000000,0.000000,0.000000,0.000000,0.000000,0.451185,-0.125843,0.245358,0.995928,-0.060986,-0.060896,0.026459,0.448008,-0.125800,0.243616,0.998022,-0.051097,-0.034988,0.010783,3.116432,0.068791,-0.103173,0.002707,-0.000996,-0.001282,0.004928,0.008654,-0.001559,1.319337,0.140871,1.638640,-1.240611,0.656036,0.028176,-0.477878,-0.155602,0.214281,-2.346607,-0.003642,2.130738,0.622578
35.505738,0.000000,0.000000,0.000000,0.000000,0.000000,0.000000,0.000000,0.451185,-0.125843,0.245358,0.995928,-0.060986,-0.060896,0.026459,0.448090,-0.125821,0.243582,0.998015,-0.051058,-0.035274,0.010704,3.116563,0.069371,-0.103098,0.001792,-0.000884,-0.001967,0.002905,0.008407,0.000868,1.420018,0.147199,1.612697,-1.247149,0.706720,0.049399,-0.477873,-0.154901,0.214277,-2.345834,-0.003778,2.130059,0.622594
35.555029,0.000000,0.000000,0.000000,0.000000,0.000000,0.000000,0.000000,0.451185,-0.125843,0.245358,0.995928,-0.060986,-0.060896,0.026459,0.448119,-0.125830,0.243528,0.998010,-0.051029,-0.035483,0.010653,3.116644,0.069794,-0.103044,0.000503,0.000829,-0.001781,0.005037,0.008290,-0.001237,1.326149,0.116692,1.631165,-1.245374,0.641772,0.026894,-0.477874,-0.154446,0.214284,-2.345412,-0.003879,2.129652,0.622610
35.605933,0.000000,0.000000,0.000000,0.000000,0.000000,0.000000,0.000000,0.451185,-0.125843,0.245358,0.995928,-0.060986,-0.060896,0.026459,0.448123,-0.125833,0.243500,0.998006,-0.051006,-0.035625,0.010624,3.116689,0.070082,-0.103001,0.000710,0.000217,0.000170,0.001293,0.004011,0.003519,1.370963,0.145758,1.484961,-1.230286,0.710568,0.046454,-0.477872,-0.154200,0.214287,-2.345169,-0.003944,2.129360,0.622610
35.655691,0.000000,0.000000,0.000000,0.000000,0.000000,0.000000,0.000000,0.451185,-0.125843,0.245358,0.995928,-0.060986,-0.060896,0.026459,0.448107,-0.125835,0.243496,0.998002,-0.051004,-0.035765,0.010596,3.116730,0.070364,-0.102998,0.000156,-0.001094,0.000542,0.000661,0.002784,-0.001307,1.253144,0.176300,1.498055,-1.233372,0.644686,0.048353,-0.477877,-0.154046,0.214285,-2.344958,-0.003989,2.129015,0.622624
35.705226,0.000000,0.000000,0.000000,0.000000,0.000000,0.000000,0.000000,0.451185,-0.125843,0.245358,0.995928,-0.060986,-0.060896,0.026459,0.448085,-0.125827,0.243503,0.997998,-0.050996,-0.035879,0.010575,3.116760,0.070594,-0.102985,-0.000184,-0.000971,0.000346,0.000469,0.002366,-0.001112,1.272239,0.225301,1.527662,-1.237808,0.632333,0.072004,-0.477876,-0.153968,0.214292,-2.344811,-0.004015,2.128713,0.622631
35.756203,0.000000,0.000000,0.000000,0.000000,0.000000,0.000000,0.000000,0.451185,-0.125843,0.245358,0.995928,-0.060986,-0.060896,0.026459,0.448063,-0.125820,0.243526,0.997995,-0.050993,-0.035987,0.010554,3.116792,0.070813,-0.102981,-0.000661,-0.000228,0.000096,0.000451,0.004652,-0.000266,1.141040,0.256601,1.564276,-1.244027,0.554118,0.071627,-0.477876,-0.153917,0.214295,-2.344648,-0.004032,2.128378,0.622635
35.806053,0.000000,0.000000,0.000000,0.000000,0.000000,0.000000,0.000000,0.451185,-0.125843,0.245358,0.995928,-0.060986,-0.060896,0.026459,0.448042,-0.125812,0.243559,0.997991,-0.050992,-0.036088,0.010534,3.116822,0.071016,-0.102981,-0.000645,0.000022,0.000700,0.001250,0.006927,0.000736,1.171226,0.185346,1.565901,-1.201955,0.566175,0.041890,-0.477876,-0.153887,0.214299,-2.344484,-0.004042,2.128039,0.622640
35.855686,0.000000,0.000000,0.000000,0.000000,0.000000,0.000000,0.000000,0.451185,-0.125843,0.245358,0.995928,-0.060986,-0.060896,0.026459,0.448028,-0.125806,0.243585,0.997988,-0.050989,-0.036178,0.010513,3.116855,0.071198,-0.102977,0.000365,0.000106,0.000807,0.001839,0.001485,0.001654,1.137871,0.228045,1.653240,-1.220330,0.511537,0.057261,-0.477874,-0.153840,0.214302,-2.344325,-0.004050,2.127741,0.622641
35.905058,0.000000,0.000000,0.000000,0.000000,0.000000,0.000000,0.000000,0.451185,-0.125843,0.245358,0.995928,-0.060986,-0.060896,0.026459,0.448014,-0.125801,0.243618,0.997985,-0.050992,-0.036281,0.010490,3.116889,0.071406,-0.102983,0.000473,-0.000168,0.000946,0.000902,0.002322,-0.000854,1.160668,0.213392,1.642939,-1.203854,0.528665,0.054144,-0.477874,-0.153785,0.214302,-2.344133,-0.004062,2.127391,0.622652
35.955146,0.000000,0.000000,0.000000,0.000000,0.000000,0.000000,0.000000,0.451185,-0.125843,0.245358,0.995928,-0.060986,-0.060896,0.026459,0.448004,-0.125796,0.243646,0.997982,-0.050991,-0.036371,0.010468,3.116925,0.071589,-0.102983,-0.001107,0.000110,-0.000084,0.001541,0.006180,-0.001084,1.213435,0.213039,1.612501,-1.196202,0.562254,0.060734,-0.477872,-0.153729,0.214302,-2.343958,-0.004069,2.127085,0.622654
36.005967,0.000000,0.000000,0.000000,0.000000,0.000000,0.000000,0.000000,0.451185,-0.125843,0.245358,0.995928,-0.060986,-0.060896,0.026459,0.447994,-0.125791,0.243672,0.997979,-0.050990,-0.036466,0.010443,3.116965,0.071782,-0.102982,0.000219,-0.000195,0.001117,0.000190,0.002759,0.001230,1.276459,0.166805,1.542323,-1.160126,0.623487,0.049121,-0.477876,-0.153662,0.214306,-2.343775,-0.004074,2.126770,0.622655
36.055893,0.000000,0.000000,0.000000,0.000000,0.000000,0.000000,0.000000,0.451185,-0.125843,0.245358,0.995928,-0.060986,-0.060896,0.026459,0.447992,-0.125787,0.243696,0.997976,-0.050992,-0.036548,0.010418,3.117005,0.071947,-0.102987,0.000387,-0.000095,0.001363,0.000849,0.003279,-0.000933,1.246276,0.179911,1.497841,-1.157784,0.627168,0.051656,-0.477874,-0.153588,0.214307,-2.343594,-0.004076,2.126492,0.622662
36.105938,0.000000,0.000000,0.000000,0.000000,0.000000,0.000000,0.000000,0.451185,-0.125843,0.245358,0.995928,-0.060986,-0.060896,0.026459,0.447986,-0.125781,0.243712,0.997973,-0.050992,-0.036640,0.010390,3.117051,0.072134,-0.102988,0.000447,0.000455,0.001052,0.000977,0.002118,0.000141,1.228544,0.222674,1.539342,-1.178224,0.601259,0.067461,-0.477874,-0.153499,0.214309,-2.343415,-0.004079,2.126209,0.622666
36.155970,0.000000,0.000000,0.000000,0.000000,0.000000,0.000000,0.000000,0.451185,-0.125843,0.245358,0.995928,-0.060986,-0.060896,0.026459,0.447976,-0.125776,0.243731,0.997969,-0.050992,-0.036733,0.010364,3.117094,0.072324,-0.102989,-0.000325,0.000171,0.000426,0.000666,0.004094,0.000418,1.187333,0.179422,1.574669,-1.163190,0.566617,0.043741,-0.477874,-0.153423,0.214309,-2.343245,-0.004084,2.125918,0.622667
36.205949,0.000000,0.000000,0.000000,0.000000,0.000000,0.000000,0.000000,0.451185,-0.125843,0.245358,0.995928,-0.060986,-0.060896,0.026459,0.447964,-0.125770,0.243748,0.997966,-0.050991,-0.036834,0.010336,3.117140,0.072528,-0.102989,-0.000583,-0.000370,0.000416,0.000867,0.004152,-0.000564,1.244908,0.205841,1.600052,-1.173857,0.585089,0.061566,-0.477876,-0.153345,0.214311,-2.343073,-0.004087,2.125614,0.622669
36.256679,0.000000,0.000000,0.000000,0.000000,0.000000,0.000000,0.000000,0.451185,-0.125843,0.245358,0.995928,-0.060986,-0.060896,0.026459,0.447959,-0.125765,0.243786,0.997963,-0.050991,-0.036926,0.010311,3.117180,0.072713,-0.102989,-0.000978,0.000435,0.000008,0.001640,0.007831,0.001996,1.209457,0.184522,1.615551,-1.165630,0.564894,0.048153,-0.477874,-0.153284,0.214313,-2.342865,-0.004090,2.125276,0.622671
36.306817,0.000000,0.000000,0.000000,0.000000,0.000000,0.000000,0.000000,0.451185,-0.125843,0.245358,0.995928,-0.060986,-0.060896,0.026459,0.447969,-0.125762,0.243839,0.997960,-0.050990,-0.037021,0.010282,3.117228,0.072907,-0.102989,0.000512,-0.000915,0.001425,0.001422,0.003940,-0.001983,1.379366,0.181332,1.573651,-1.148695,0.664142,0.065030,-0.477874,-0.153191,0.214315,-2.342578,-0.004094,2.124881,0.622674
36.356786,0.000000,0.000000,0.000000,0.000000,0.000000,0.000000,0.000000,0.451185,-0.125843,0.245358,0.995928,-0.060986,-0.060896,0.026459,0.447985,-0.125764,0.243889,0.997955,-0.050994,-0.037142,0.010241,3.117297,0.073153,-0.102998,0.000357,-0.001658,0.001118,0.001820,0.004751,-0.004537,1.329539,0.185948,1.625929,-1.153955,0.624996,0.063356,-0.477878,-0.153035,0.214313,-2.342222,-0.004098,2.124423,0.622679
36.406075,0.000000,0.000000,0.000000,0.000000,0.000000,0.000000,0.000000,0.451185,-0.125843,0.245358,0.995928,-0.060986,-0.060896,0.026459,0.448016,-0.125762,0.243954,0.997951,-0.050990,-0.037269,0.010197,3.117373,0.073411,-0.102989,0.000915,-0.000202,0.000976,0.002530,0.004667,-0.001397,1.334474,0.151310,1.596634,-1.132057,0.645105,0.050238,-0.477872,-0.152850,0.214312,-2.341792,-0.004103,2.123907,0.622680
36.456795,0.000000,0.000000,0.000000,0.000000,0.000000,0.000000,0.000000,0.451185,-0.125843,0.245358,0.995928,-0.060986,-0.060896,0.026459,0.448032,-0.125758,0.244007,0.997947,-0.050985,-0.037411,0.010147,3.117457,0.073701,-0.102981,0.000472,-0.000186,0.000789,0.001128,0.004054,0.001872,1.351225,0.167092,1.582952,-1.135975,0.659196,0.059405,-0.477870,-0.152670,0.214313,-2.341391,-0.004105,2.123382,0.622676
36.506841,0.000000,0.000000,0.000000,0.000000,0.000000,0.000000,0.000000,0.451185,-0.125843,0.245358,0.995928,-0.060986,-0.060896,0.026459,0.448024,-0.125756,0.244032,0.997942,-0.050994,-0.037541,0.010104,3.117529,0.073964,-0.102999,-0.000824,-0.000985,0.000887,0.002869,0.005832,-0.003944,1.349880,0.133863,1.590731,-1.131832,0.645624,0.045426,-0.477880,-0.152543,0.214312,-2.341132,-0.004102,2.122975,0.622681
36.556982,0.000000,0.000000,0.000000,0.000000,0.000000,0.000000,0.000000,0.451185,-0.125843,0.245358,0.995928,-0.060986,-0.060896,0.026459,0.448023,-0.125749,0.244061,0.997938,-0.050990,-0.037651,0.010072,3.117582,0.074188,-0.102992,-0.000109,-0.000625,0.000242,0.001098,0.004486,-0.000207,1.339007,0.126384,1.567570,-1.122169,0.643766,0.041924,-0.477875,-0.152433,0.214314,-2.340887,-0.004109,2.122609,0.622684
36.606931,0.000000,0.000000,0.000000,0.000000,0.000000,0.000000,0.000000,0.451185,-0.125843,0.245358,0.995928,-0.060986,-0.060896,0.026459,0.448019,-0.125742,0.244094,0.997935,-0.050988,-0.037763,0.010039,3.117636,0.074414,-0.102990,-0.000230,-0.000015,-0.000120,0.002209,0.005059,-0.001438,1.323580,0.174748,1.575180,-1.143529,0.632639,0.059272,-0.477874,-0.152336,0.214318,-2.340647,-0.004112,2.122231,0.622686
36.656862,0.000000,0.000000,0.000000,0.000000,0.000000,0.000000,0.000000,0.451185,-0.125843,0.245358,0.995928,-0.060986,-0.060896,0.026459,0.448005,-0.125735,0.244115,0.997930,-0.050987,-0.037887,0.010002,3.117697,0.074666,-0.102990,-0.000523,0.000906,0.000049,0.001635,0.007440,0.003023,1.299657,0.113207,1.510967,-1.107505,0.648961,0.030079,-0.477872,-0.152234,0.214316,-2.340429,-0.004114,2.121855,0.622685
36.707779,0.000000,0.000000,0.000000,0.000000,0.000000,0.000000,0.000000,0.451185,-0.125843,0.245358,0.995928,-0.060986,-0.060896,0.026459,0.448001,-0.125729,0.244125,0.997926,-0.050990,-0.037994,0.009966,3.117758,0.074884,-0.102997,-0.000002,0.000702,-0.000023,0.003206,0.004570,-0.000933,1.300790,0.165217,1.578764,-1.138278,0.615121,0.054524,-0.477877,-0.152109,0.214321,-2.340225,-0.004113,2.121547,0.622692
36.757709,0.000000,0.000000,0.000000,0.000000,0.000000,0.000000,0.000000,0.451185,-0.125843,0.245358,0.995928,-0.060986,-0.060896,0.026459,0.448005,-0.125730,0.244135,0.997923,-0.050992,-0.038088,0.009932,3.117816,0.075076,-0.102999,-0.000353,-0.001541,0.000274,0.001710,0.004427,-0.002240,1.291201,0.195338,1.604451,-1.157072,0.601861,0.065524,-0.477877,-0.151973,0.214313,-2.340010,-0.004118,2.121267,0.622691
36.807690,0.000000,0.000000,0.000000,0.000000,0.000000,0.000000,0.000000,0.451185,-0.125843,0.245358,0.995928,-0.060986,-0.060896,0.026459,0.448005,-0.125723,0.244154,0.997921,-0.050987,-0.038161,0.009911,3.117851,0.075224,-0.102992,0.001015,0.000439,0.000959,0.000796,0.000288,0.000145,1.369758,0.157589,1.509650,-1.129055,0.675901,0.055646,-0.477874,-0.151901,0.214320,-2.339851,-0.004121,2.121026,0.622695
36.857643,0.000000,0.000000,0.000000,0.000000,0.000000,0.000000,0.000000,0.451185,-0.125843,0.245358,0.995928,-0.060986,-0.060896,0.026459,0.448002,-0.125724,0.244180,0.997917,-0.050992,-0.038248,0.009884,3.117896,0.075400,-0.103001,-0.000399,-0.000540,0.000508,0.001381,0.005539,-0.001167,1.366114,0.161912,1.482599,-1.121824,0.687409,0.061721,-0.477878,-0.151818,0.214313,-2.339655,-0.004124,2.120730,0.622694
36.907821,0.000000,0.000000,0.000000,0.000000,0.000000,0.000000,0.000000,0.451185,-0.125843,0.245358,0.995928,-0.060986,-0.060896,0.026459,0.447997,-0.125716,0.244191,0.997914,-0.050988,-0.038340,0.009856,3.117943,0.075587,-0.102994,-0.000227,0.000363,-0.000345,0.002565,0.004993,-0.000747,1.273164,0.144221,1.541479,-1.127789,0.624210,0.040331,-0.477874,-0.151722,0.214317,-2.339485,-0.004127,2.120463,0.622696
36.957850,0.000000,0.000000,0.000000,0.000000,0.000000,0.000000,0.000000,0.451185,-0.125843,0.245358,0.995928,-0.060986,-0.060896,0.026459,0.447989,-0.125713,0.244199,0.997912,-0.050990,-0.038406,0.009836,3.117975,0.075720,-0.102999,-0.000570,-0.000060,0.000201,0.001121,0.003155,-0.000643,1.355161,0.142509,1.511510,-1.121711,0.668288,0.053782,-0.477874,-0.151665,0.214316,-2.339374,-0.004129,2.120269,0.622699
37.007825,0.000000,0.000000,0.000000,0.000000,0.000000,0.000000,0.000000,0.451185,-0.125843,0.245358,0.995928,-0.060986,-0.060896,0.026459,0.447989,-0.125709,0.244214,0.997910,-0.050985,-0.038466,0.009818,3.118006,0.075842,-0.102990,0.000530,0.000410,0.000179,0.000108,0.001149,0.002726,1.260794,0.143644,1.554882,-1.122284,0.602165,0.042405,-0.477873,-0.151603,0.214319,-2.339242,-0.004131,2.120074,0.622696
37.057936,0.000000,0.000000,0.000000,0.000000,0.000000,0.000000,0.000000,0.451185,-0.125843,0.245358,0.995928,-0.060986,-0.060896,0.026459,0.447988,-0.125707,0.244237,0.997908,-0.050990,-0.038508,0.009805,3.118026,0.075929,-0.103000,0.000013,0.000707,0.000371,0.000243,0.002651,0.000290,1.234091,0.178446,1.536896,-1.137016,0.597997,0.054094,-0.477877,-0.151577,0.214323,-2.339132,-0.004130,2.119900,0.622703
37.108653,0.000000,0.000000,0.000000,0.000000,0.000000,0.000000,0.000000,0.451185,-0.125843,0.245358,0.995928,-0.060986,-0.060896,0.026459,0.447980,-0.125704,0.244243,0.997907,-0.050988,-0.038542,0.009796,3.118041,0.075996,-0.102997,0.000025,0.001374,-0.000398,0.001426,0.001227,0.002353,1.208506,0.150844,1.523984,-1.127285,0.578700,0.038635,-0.477875,-0.151561,0.214321,-2.339085,-0.004129,2.119800,0.622700
37.160992,0.000000,0.000000,0.000000,0.000000,0.000000,0.000000,0.000000,0.451185,-0.125843,0.245358,0.995928,-0.060986,-0.060896,0.026459,0.447972,-0.125703,0.244251,0.997906,-0.050990,-0.038573,0.009791,3.118048,0.076060,-0.103001,-0.000163,-0.000114,0.000289,-0.000726,0.000305,-0.000474,1.160019,0.197150,1.514027,-1.151878,0.555520,0.051297,-0.477873,-0.151552,0.214317,-2.339041,-0.004135,2.119700,0.622704
37.207861,0.000000,0.000000,0.000000,0.000000,0.000000,0.000000,0.000000,0.451185,-0.125843,0.245358,0.995928,-0.060986,-0.060896,0.026459,0.447964,-0.125701,0.244259,0.997905,-0.050989,-0.038609,0.009782,3.118061,0.076132,-0.102999,-0.000270,0.000111,0.000332,-0.000262,0.001771,0.003170,1.196532,0.148320,1.463462,-1.124682,0.593260,0.031734,-0.477875,-0.151537,0.214319,-2.338990,-0.004137,2.119590,0.622701
37.257892,0.000000,0.000000,0.000000,0.000000,0.000000,0.000000,0.000000,0.451185,-0.125843,0.245358,0.995928,-0.060986,-0.060896,0.026459,0.447963,-0.125701,0.244276,0.997903,-0.050992,-0.038639,0.009774,3.118075,0.076192,-0.103005,0.000085,-0.000322,0.001335,-0.000702,0.001243,0.000357,1.167372,0.142543,1.482627,-1.120860,0.573314,0.025116,-0.477878,-0.151520,0.214319,-2.338911,-0.004137,2.119466,0.622704
37.307968,0.000000,0.000000,0.000000,0.000000,0.000000,0.000000,0.000000,0.451185,-0.125843,0.245358,0.995928,-0.060986,-0.060896,0.026459,0.447959,-0.125698,0.244300,0.997902,-0.050992,-0.038686,0.009763,3.118093,0.076287,-0.103007,-0.000068,-0.000175,0.000910,-0.000704,0.001085,0.001284,1.156326,0.224334,1.533425,-1.155102,0.558679,0.064999,-0.477876,-0.151498,0.214317,-2.338802,-0.004140,2.119282,0.622706
37.358636,0.000000,0.000000,0.000000,0.000000,0.000000,0.000000,0.000000,0.451185,-0.125843,0.245358,0.995928,-0.060986,-0.060896,0.026459,0.447964,-0.125696,0.244315,0.997901,-0.050994,-0.038712,0.009752,3.118111,0.076342,-0.103011,0.000747,0.000105,0.001304,0.001342,-0.002018,-0.002335,1.180550,0.159429,1.575642,-1.129022,0.549025,0.040485,-0.477876,-0.151467,0.214321,-2.338717,-0.004135,2.119170,0.622710
37.408020,0.000000,0.000000,0.000000,0.000000,0.000000,0.000000,0.000000,0.451185,-0.125843,0.245358,0.995928,-0.060986,-0.060896,0.026459,0.447960,-0.125694,0.244323,0.997899,-0.050994,-0.038766,0.009735,3.118140,0.076451,-0.103011,-0.000080,0.000190,-0.000530,0.001540,0.003161,-0.000623,1.218071,0.094210,1.577961,-1.100965,0.567770,0.013796,-0.477874,-0.151413,0.214318,-2.338615,-0.004136,2.119009,0.622710
37.459624,0.000000,0.000000,0.000000,0.000000,0.000000,0.000000,0.000000,0.451185,-0.125843,0.245358,0.995928,-0.060986,-0.060896,0.026459,0.447979,-0.125694,0.244332,0.997898,-0.050992,-0.038792,0.009722,3.118162,0.076503,-0.103008,0.000360,0.000555,0.000110,0.000064,0.001459,-0.000038,1.354703,0.121902,1.430276,-1.093862,0.693600,0.042881,-0.477874,-0.151333,0.214322,-2.338492,-0.004139,2.118909,0.622715
37.508839,0.000000,0.000000,0.000000,0.000000,0.000000,0.000000,0.000000,0.451185,-0.125843,0.245358,0.995928,-0.060986,-0.060896,0.026459,0.447976,-0.125691,0.244332,0.997896,-0.050992,-0.038851,0.009703,3.118194,0.076623,-0.103007,0.000271,0.000714,0.000090,0.000727,0.002789,0.000278,1.288893,0.144409,1.530237,-1.114350,0.621986,0.045522,-0.477871,-0.151260,0.214321,-2.338390,-0.004142,2.118754,0.622717
37.558877,0.000000,0.000000,0.000000,0.000000,0.000000,0.000000,0.000000,0.451185,-0.125843,0.245358,0.995928,-0.060986,-0.060896,0.026459,0.447975,-0.125693,0.244354,0.997895,-0.050994,-0.038887,0.009694,3.118208,0.076697,-0.103011,-0.000007,-0.000929,0.000939,-0.000578,0.001432,-0.001632,1.291586,0.129961,1.550762,-1.106877,0.615823,0.039254,-0.477879,-0.151239,0.214322,-2.338291,-0.004145,2.118601,0.622715
37.608924,0.000000,0.000000,0.000000,0.000000,0.000000,0.000000,0.000000,0.451185,-0.125843,0.245358,0.995928,-0.060986,-0.060896,0.026459,0.447981,-0.125693,0.244375,0.997894,-0.050995,-0.038909,0.009685,3.118224,0.076742,-0.103014,0.000366,-0.000451,0.001214,0.000888,-0.000540,-0.002283,1.263617,0.145170,1.476783,-1.103526,0.633845,0.045314,-0.477875,-0.151215,0.214316,-2.338197,-0.004142,2.118485,0.622715
37.659026,0.000000,0.000000,0.000000,0.000000,0.000000,0.000000,0.000000,0.451185,-0.125843,0.245358,0.995928,-0.060986,-0.060896,0.026459,0.447982,-0.125690,0.244387,0.997892,-0.050993,-0.038954,0.009671,3.118248,0.076832,-0.103010,-0.000376,-0.000084,0.000117,0.001533,0.003431,0.000360,1.229936,0.199971,1.556595,-1.137901,0.586076,0.066004,-0.477876,-0.151167,0.214320,-2.338095,-0.004142,2.118336,0.622714
37.709800,0.000000,0.000000,0.000000,0.000000,0.000000,0.000000,0.000000,0.451185,-0.125843,0.245358,0.995928,-0.060986,-0.060896,0.026459,0.447983,-0.125688,0.244396,0.997891,-0.050992,-0.038998,0.009657,3.118272,0.076923,-0.103008,-0.000352,0.000104,-0.000582,0.001509,0.003938,-0.001009,1.233268,0.157118,1.518515,-1.109406,0.603995,0.047493,-0.477876,-0.151112,0.214322,-2.337994,-0.004144,2.118196,0.622715
37.759757,0.000000,0.000000,0.000000,0.000000,0.000000,0.000000,0.000000,0.451185,-0.125843,0.245358,0.995928,-0.060986,-0.060896,0.026459,0.447996,-0.125688,0.244417,0.997890,-0.050991,-0.039022,0.009648,3.118287,0.076972,-0.103006,0.000649,0.000531,0.000729,0.000214,0.000895,0.001484,1.338851,0.143615,1.508785,-1.101234,0.657458,0.054042,-0.477872,-0.151067,0.214322,-2.337879,-0.004146,2.118073,0.622719
37.809623,0.000000,0.000000,0.000000,0.000000,0.000000,0.000000,0.000000,0.451185,-0.125843,0.245358,0.995928,-0.060986,-0.060896,0.026459,0.447994,-0.125687,0.244434,0.997888,-0.050995,-0.039075,0.009629,3.118319,0.077078,-0.103014,0.000129,0.000283,0.000155,0.003029,0.000753,-0.002619,1.311392,0.180536,1.567566,-1.125862,0.625093,0.064482,-0.477875,-0.151022,0.214321,-2.337760,-0.004141,2.117888,0.622719
37.859006,0.000000,0.000000,0.000000,0.000000,0.000000,0.000000,0.000000,0.451185,-0.125843,0.245358,0.995928,-0.060986,-0.060896,0.026459,0.447995,-0.125686,0.244442,0.997886,-0.050993,-0.039125,0.009615,3.118342,0.077181,-0.103010,0.000579,-0.000002,0.000435,0.000721,0.001826,0.000771,1.356713,0.141963,1.496101,-1.102829,0.674431,0.054190,-0.477873,-0.150959,0.214319,-2.337651,-0.004149,2.117736,0.622720
37.909753,0.000000,0.000000,0.000000,0.000000,0.000000,0.000000,0.000000,0.451185,-0.125843,0.245358,0.995928,-0.060986,-0.060896,0.026459,0.448008,-0.125685,0.244455,0.997885,-0.050992,-0.039161,0.009599,3.118369,0.077254,-0.103009,0.001100,0.000171,0.000847,-0.000489,-0.001469,-0.000000,1.340668,0.103689,1.540999,-1.083173,0.647569,0.038425,-0.477872,-0.150887,0.214321,-2.337521,-0.004148,2.117599,0.622723
37.959195,0.000000,0.000000,0.000000,0.000000,0.000000,0.000000,0.000000,0.451185,-0.125843,0.245358,0.995928,-0.060986,-0.060896,0.026459,0.448009,-0.125686,0.244458,0.997883,-0.050994,-0.039219,0.009579,3.118403,0.077372,-0.103012,0.000125,-0.000189,0.000435,-0.000284,0.002348,0.001482,1.413847,0.066128,1.465074,-1.063274,0.717930,0.027154,-0.477875,-0.150801,0.214318,-2.337399,-0.004153,2.117439,0.622724
38.009261,0.000000,0.000000,0.000000,0.000000,0.000000,0.000000,0.000000,0.451185,-0.125843,0.245358,0.995928,-0.060986,-0.060896,0.026459,0.448013,-0.125682,0.244468,0.997882,-0.050989,-0.039257,0.009564,3.118430,0.077449,-0.103002,-0.000432,0.000525,-0.000488,0.002051,0.003484,0.001769,1.298581,0.097006,1.497194,-1.083735,0.642254,0.027252,-0.477875,-0.150751,0.214322,-2.337302,-0.004148,2.117311,0.622716
38.059929,0.000000,0.000000,0.000000,0.000000,0.000000,0.000000,0.000000,0.451185,-0.125843,0.245358,0.995928,-0.060986,-0.060896,0.026459,0.448012,-0.125680,0.244474,0.997880,-0.050993,-0.039288,0.009553,3.118448,0.077513,-0.103011,-0.000172,-0.000009,0.000527,0.000802,0.001106,-0.001627,1.257656,0.155297,1.491367,-1.106672,0.619629,0.048146,-0.477872,-0.150721,0.214321,-2.337238,-0.004146,2.117210,0.622725
38.109885,0.000000,0.000000,0.000000,0.000000,0.000000,0.000000,0.000000,0.451185,-0.125843,0.245358,0.995928,-0.060986,-0.060896,0.026459,0.448010,-0.125679,0.244476,0.997879,-0.050992,-0.039313,0.009546,3.118461,0.077564,-0.103009,0.000565,0.000106,0.000807,0.000444,-0.000193,-0.000513,1.261105,0.078422,1.434442,-1.073540,0.640104,0.011045,-0.477873,-0.150692,0.214320,-2.337193,-0.004149,2.117141,0.622724
38.159865,0.000000,0.000000,0.000000,0.000000,0.000000,0.000000,0.000000,0.451185,-0.125843,0.245358,0.995928,-0.060986,-0.060896,0.026459,0.448001,-0.125675,0.244473,0.997878,-0.050990,-0.039354,0.009534,3.118481,0.077648,-0.103006,0.000252,0.001006,-0.000217,0.001031,0.003317,0.003935,1.216906,0.186251,1.428368,-1.120226,0.620096,0.056792,-0.477875,-0.150657,0.214325,-2.337147,-0.004149,2.117044,0.622722
