t,act_x,act_y,act_z,act_r,act_p,act_yaw,r1,tgt_x,tgt_y,tgt_z,tgt_qx,tgt_qy,tgt_qz,tgt_qw,mes_x,mes_y,mes_z,mes_qx,mes_qy,mes_qz,mes_qw,mes_roll,mes_pitch,mes_yaw,vel_x,vel_y,vel_z,vel_r,vel_p,vel_yaw,fx,fy,fz,tx,ty,tz,q0,q1,q2,q3,q4,q5,q6
0.005025,0.000000,0.000000,0.000000,0.000000,0.000000,0.000000,0.000000,0.449905,-0.125817,0.244568,0.996349,-0.060972,-0.055483,0.022196,0.449904,-0.125818,0.244566,0.996349,-0.060971,-0.055484,0.022197,3.090272,0.108067,-0.125013,-0.000048,0.000509,-0.000732,0.000190,0.001452,0.001155,1.279219,-0.086784,0.839748,-1.112570,0.700564,0.099534,-0.477888,-0.126253,0.228047,-2.305721,-0.041507,2.081723,0.676734
0.052588,0.000000,0.000000,0.000000,0.000000,0.000000,0.000000,0.000000,0.449905,-0.125817,0.244568,0.996349,-0.060972,-0.055483,0.022196,0.449917,-0.125810,0.244572,0.996351,-0.060965,-0.055459,0.022178,3.090315,0.108019,-0.124997,0.000617,0.000850,-0.000378,-0.000299,-0.000334,0.000896,0.837983,0.026013,0.806584,-0.854005,0.336339,0.092018,-0.477882,-0.126259,0.228044,-2.305718,-0.041453,2.081759,0.676698
0.103490,0.000000,0.000000,0.000000,0.000000,0.000000,0.000000,0.000000,0.449905,-0.125817,0.244568,0.996349,-0.060972,-0.055483,0.022196,0.449918,-0.125807,0.244571,0.996352,-0.060961,-0.055455,0.022170,3.090332,0.108012,-0.124988,0.000148,0.001218,-0.000103,0.000258,-0.000024,0.002908,0.506256,0.225467,0.765819,-0.718287,0.071074,0.141300,-0.477880,-0.126260,0.228040,-2.305722,-0.041434,2.081767,0.676678
0.153156,0.000000,0.000000,0.000000,0.000000,0.000000,0.000000,0.000000,0.449905,-0.125817,0.244568,0.996349,-0.060972,-0.055483,0.022196,0.449919,-0.125810,0.244570,0.996352,-0.060964,-0.055453,0.022167,3.090338,0.108009,-0.124992,-0.000332,-0.000323,-0.001064,0.000316,0.001757,-0.000993,0.400264,0.226160,0.754497,-0.644244,-0.008264,0.125230,-0.477884,-0.126258,0.228037,-2.305722,-0.041428,2.081772,0.676673
0.203349,0.000000,0.000000,0.000000,0.000000,0.000000,0.000000,0.000000,0.449905,-0.125817,0.244568,0.996349,-0.060972,-0.055483,0.022196,0.449921,-0.125808,0.244573,0.996352,-0.060969,-0.055448,0.022160,3.090351,0.107999,-0.125002,0.000460,-0.000612,0.000433,-0.000164,-0.001244,-0.002302,0.353854,0.262769,0.741543,-0.614211,-0.039719,0.136619,-0.477884,-0.126260,0.228034,-2.305718,-0.041410,2.081774,0.676671
0.252619,0.000000,0.000000,0.000000,0.000000,0.000000,0.000000,0.000000,0.449905,-0.125817,0.244568,0.996349,-0.060972,-0.055483,0.022196,0.449919,-0.125807,0.244569,0.996352,-0.060971,-0.055450,0.022153,3.090367,0.108004,-0.125006,-0.000105,0.000282,-0.000608,0.001225,0.000324,0.000789,0.270717,0.252865,0.783797,-0.570946,-0.106167,0.117454,-0.477882,-0.126257,0.228029,-2.305725,-0.041396,2.081777,0.676665
0.303588,0.000000,0.000000,0.000000,0.000000,0.000000,0.000000,0.000000,0.449905,-0.125817,0.244568,0.996349,-0.060972,-0.055483,0.022196,0.449921,-0.125803,0.244571,0.996352,-0.060976,-0.055447,0.022146,3.090379,0.107998,-0.125015,-0.000377,-0.001033,0.000208,-0.001281,0.000589,-0.002232,0.230277,0.319635,0.828841,-0.564444,-0.153991,0.138851,-0.477884,-0.126260,0.228033,-2.305723,-0.041378,2.081776,0.676667
0.353509,0.000000,0.000000,0.000000,0.000000,0.000000,0.000000,0.000000,0.449905,-0.125817,0.244568,0.996349,-0.060972,-0.055483,0.022196,0.449921,-0.125802,0.244571,0.996352,-0.060983,-0.055444,0.022136,3.090398,0.107994,-0.125028,-0.000021,-0.000594,-0.000060,0.001315,-0.000684,-0.001556,0.226615,0.318471,0.792191,-0.519096,-0.146845,0.134192,-0.477884,-0.126261,0.228026,-2.305725,-0.041355,2.081777,0.676663
0.403478,0.000000,0.000000,0.000000,0.000000,0.000000,0.000000,0.000000,0.449905,-0.125817,0.244568,0.996349,-0.060972,-0.055483,0.022196,0.449921,-0.125800,0.244571,0.996352,-0.060983,-0.055443,0.022134,3.090404,0.107992,-0.125027,0.000320,-0.000059,0.000438,0.000433,-0.001678,-0.000291,0.196183,0.341336,0.801027,-0.509415,-0.167842,0.139865,-0.477879,-0.126263,0.228023,-2.305726,-0.041349,2.081778,0.676660
0.456618,0.000000,0.000000,0.000000,0.000000,0.000000,0.000000,0.000000,0.449905,-0.125817,0.244568,0.996349,-0.060972,-0.055483,0.022196,0.449921,-0.125801,0.244571,0.996352,-0.060988,-0.055443,0.022131,3.090410,0.107992,-0.125037,0.000522,-0.000488,0.001430,-0.001362,-0.002494,-0.001797,0.206491,0.265695,0.762619,-0.457203,-0.146351,0.107106,-0.477885,-0.126263,0.228023,-2.305725,-0.041342,2.081776,0.676661
0.503478,0.000000,0.000000,0.000000,0.000000,0.000000,0.000000,0.000000,0.449905,-0.125817,0.244568,0.996349,-0.060972,-0.055483,0.022196,0.449918,-0.125799,0.244567,0.996352,-0.060987,-0.055446,0.022128,3.090415,0.107999,-0.125034,0.000061,-0.000092,0.000677,-0.000304,-0.000923,0.001203,0.253473,0.334143,0.747312,-0.479642,-0.114069,0.145457,-0.477882,-0.126263,0.228021,-2.305733,-0.041337,2.081778,0.676657
0.553617,0.000000,0.000000,0.000000,0.000000,0.000000,0.000000,0.000000,0.449905,-0.125817,0.244568,0.996349,-0.060972,-0.055483,0.022196,0.449919,-0.125799,0.244569,0.996352,-0.060991,-0.055444,0.022124,3.090423,0.107995,-0.125041,0.000102,-0.000297,0.000576,0.000469,-0.001857,-0.001454,0.217944,0.247922,0.750696,-0.439707,-0.133556,0.098038,-0.477884,-0.126264,0.228021,-2.305731,-0.041327,2.081777,0.676657
0.604206,0.000000,0.000000,0.000000,0.000000,0.000000,0.000000,0.000000,0.449905,-0.125817,0.244568,0.996349,-0.060972,-0.055483,0.022196,0.449916,-0.125800,0.244566,0.996351,-0.060994,-0.055448,0.022121,3.090428,0.108003,-0.125048,-0.000481,0.000327,-0.000273,0.000148,0.002252,0.001066,0.191281,0.361867,0.788894,-0.488727,-0.165365,0.145961,-0.477883,-0.126261,0.228015,-2.305733,-0.041323,2.081773,0.676657
0.653346,0.000000,0.000000,0.000000,0.000000,0.000000,0.000000,0.000000,0.449905,-0.125817,0.244568,0.996349,-0.060972,-0.055483,0.022196,0.449916,-0.125798,0.244565,0.996351,-0.060995,-0.055448,0.022118,3.090433,0.108003,-0.125050,0.000477,0.000829,0.000053,0.000001,-0.000720,0.001512,0.218913,0.286343,0.683027,-0.435692,-0.109320,0.115983,-0.477882,-0.126260,0.228015,-2.305736,-0.041318,2.081776,0.676657
0.703475,0.000000,0.000000,0.000000,0.000000,0.000000,0.000000,0.000000,0.449905,-0.125817,0.244568,0.996349,-0.060972,-0.055483,0.022196,0.449915,-0.125800,0.244564,0.996351,-0.061000,-0.055448,0.022114,3.090441,0.108003,-0.125060,-0.000378,-0.000115,-0.000346,0.000988,0.000723,-0.001091,0.208018,0.280579,0.758584,-0.437335,-0.144484,0.113461,-0.477884,-0.126259,0.228010,-2.305737,-0.041310,2.081778,0.676656
0.753447,0.000000,0.000000,0.000000,0.000000,0.000000,0.000000,0.000000,0.449905,-0.125817,0.244568,0.996349,-0.060972,-0.055483,0.022196,0.449914,-0.125801,0.244562,0.996351,-0.061001,-0.055449,0.022114,3.090441,0.108006,-0.125061,-0.000665,-0.000340,-0.000673,0.000782,0.002103,-0.000690,0.192171,0.305966,0.783732,-0.450465,-0.164276,0.124988,-0.477885,-0.126258,0.228009,-2.305740,-0.041310,2.081777,0.676655
0.806879,0.000000,0.000000,0.000000,0.000000,0.000000,0.000000,0.000000,0.449905,-0.125817,0.244568,0.996349,-0.060972,-0.055483,0.022196,0.449914,-0.125799,0.244562,0.996351,-0.061000,-0.055450,0.022112,3.090446,0.108007,-0.125059,0.000107,0.000433,-0.000389,0.000429,0.000297,0.001887,0.191812,0.279735,0.819584,-0.438708,-0.176389,0.109318,-0.477882,-0.126258,0.228007,-2.305742,-0.041305,2.081778,0.676652
0.858320,0.000000,0.000000,0.000000,0.000000,0.000000,0.000000,0.000000,0.449905,-0.125817,0.244568,0.996349,-0.060972,-0.055483,0.022196,0.449913,-0.125799,0.244563,0.996351,-0.061001,-0.055448,0.022111,3.090448,0.108003,-0.125062,0.000263,0.000613,0.000424,-0.000204,-0.001556,0.002927,0.247056,0.306739,0.715623,-0.441417,-0.109557,0.125966,-0.477884,-0.126264,0.228006,-2.305744,-0.041301,2.081778,0.676651
0.905293,0.000000,0.000000,0.000000,0.000000,0.000000,0.000000,0.000000,0.449905,-0.125817,0.244568,0.996349,-0.060972,-0.055483,0.022196,0.449912,-0.125802,0.244560,0.996351,-0.061006,-0.055451,0.022107,3.090453,0.108010,-0.125072,-0.000580,-0.000143,-0.001019,0.000071,0.002381,0.000013,0.208791,0.318929,0.754236,-0.441791,-0.150435,0.127210,-0.477885,-0.126258,0.228001,-2.305744,-0.041298,2.081777,0.676652
0.954559,0.000000,0.000000,0.000000,0.000000,0.000000,0.000000,0.000000,0.449905,-0.125817,0.244568,0.996349,-0.060972,-0.055483,0.022196,0.449916,-0.125798,0.244564,0.996351,-0.061006,-0.055445,0.022107,3.090455,0.107999,-0.125071,0.001201,0.000483,0.001360,-0.001016,-0.003900,-0.000554,0.229343,0.294070,0.648575,-0.414244,-0.092209,0.117446,-0.477884,-0.126262,0.228006,-2.305739,-0.041292,2.081779,0.676656
1.008001,0.000000,0.000000,0.000000,0.000000,0.000000,0.000000,0.000000,0.449905,-0.125817,0.244568,0.996349,-0.060972,-0.055483,0.022196,0.449912,-0.125800,0.244561,0.996351,-0.061007,-0.055449,0.022104,3.090460,0.108006,-0.125074,-0.000332,0.000092,-0.000507,0.000484,0.001266,0.000990,0.221369,0.270739,0.715468,-0.412712,-0.122079,0.104271,-0.477879,-0.126260,0.227996,-2.305745,-0.041289,2.081779,0.676651
1.055724,0.000000,0.000000,0.000000,0.000000,0.000000,0.000000,0.000000,0.449905,-0.125817,0.244568,0.996349,-0.060972,-0.055483,0.022196,0.449912,-0.125798,0.244561,0.996351,-0.061007,-0.055448,0.022103,3.090462,0.108005,-0.125073,-0.000014,0.000915,-0.000155,0.000949,-0.000453,0.002084,0.169457,0.279739,0.708957,-0.414152,-0.144768,0.104919,-0.477881,-0.126263,0.227999,-2.305748,-0.041286,2.081778,0.676650
1.106470,0.000000,0.000000,0.000000,0.000000,0.000000,0.000000,0.000000,0.449905,-0.125817,0.244568,0.996349,-0.060972,-0.055483,0.022196,0.449911,-0.125799,0.244560,0.996351,-0.061008,-0.055450,0.022103,3.090462,0.108008,-0.125075,0.000203,0.000199,-0.000355,-0.000723,0.000078,0.001764,0.171949,0.293032,0.686049,-0.415871,-0.134119,0.108187,-0.477880,-0.126262,0.227996,-2.305750,-0.041287,2.081779,0.676651
1.156553,0.000000,0.000000,0.000000,0.000000,0.000000,0.000000,0.000000,0.449905,-0.125817,0.244568,0.996349,-0.060972,-0.055483,0.022196,0.449909,-0.125800,0.244558,0.996351,-0.061009,-0.055452,0.022100,3.090467,0.108013,-0.125076,-0.000549,0.000016,-0.000643,0.000798,0.001022,-0.000952,0.201858,0.329060,0.683995,-0.432258,-0.123294,0.130767,-0.477884,-0.126260,0.227996,-2.305751,-0.041282,2.081777,0.676646
1.206602,0.000000,0.000000,0.000000,0.000000,0.000000,0.000000,0.000000,0.449905,-0.125817,0.244568,0.996349,-0.060972,-0.055483,0.022196,0.449910,-0.125802,0.244560,0.996351,-0.061011,-0.055450,0.022099,3.090469,0.108009,-0.125080,0.000117,-0.000921,0.000762,0.000338,-0.001590,-0.000446,0.180518,0.305440,0.596838,-0.410846,-0.095910,0.119345,-0.477886,-0.126260,0.227992,-2.305748,-0.041281,2.081777,0.676644
1.256614,0.000000,0.000000,0.000000,0.000000,0.000000,0.000000,0.000000,0.449905,-0.125817,0.244568,0.996349,-0.060972,-0.055483,0.022196,0.449911,-0.125801,0.244560,0.996351,-0.061011,-0.055449,0.022100,3.090469,0.108006,-0.125080,0.000479,0.000467,0.000838,-0.000239,-0.001433,0.003041,0.168307,0.302018,0.619760,-0.412987,-0.110375,0.115485,-0.477882,-0.126262,0.227992,-2.305749,-0.041279,2.081779,0.676646
1.307551,0.000000,0.000000,0.000000,0.000000,0.000000,0.000000,0.000000,0.449905,-0.125817,0.244568,0.996349,-0.060972,-0.055483,0.022196,0.449908,-0.125802,0.244558,0.996350,-0.061016,-0.055451,0.022099,3.090469,0.108011,-0.125090,-0.000198,-0.001226,0.000859,-0.002876,-0.001449,-0.001721,0.162032,0.336215,0.642596,-0.431628,-0.124485,0.127424,-0.477885,-0.126262,0.227991,-2.305754,-0.041280,2.081779,0.676652
1.357129,0.000000,0.000000,0.000000,0.000000,0.000000,0.000000,0.000000,0.449905,-0.125817,0.244568,0.996349,-0.060972,-0.055483,0.022196,0.449908,-0.125799,0.244557,0.996350,-0.061012,-0.055454,0.022099,3.090469,0.108017,-0.125083,0.000265,0.000377,0.000488,-0.001485,0.000457,0.001532,0.153707,0.267625,0.657615,-0.398048,-0.137646,0.099147,-0.477884,-0.126261,0.227997,-2.305755,-0.041280,2.081774,0.676652
1.406665,0.000000,0.000000,0.000000,0.000000,0.000000,0.000000,0.000000,0.449905,-0.125817,0.244568,0.996349,-0.060972,-0.055483,0.022196,0.449906,-0.125800,0.244556,0.996350,-0.061016,-0.055454,0.022095,3.090477,0.108016,-0.125091,-0.000175,0.000050,0.000518,-0.000556,-0.000892,-0.001836,0.131666,0.327908,0.645404,-0.425809,-0.143457,0.120212,-0.477886,-0.126262,0.227992,-2.305760,-0.041270,2.081779,0.676648
1.456663,0.000000,0.000000,0.000000,0.000000,0.000000,0.000000,0.000000,0.449905,-0.125817,0.244568,0.996349,-0.060972,-0.055483,0.022196,0.449906,-0.125800,0.244554,0.996350,-0.061015,-0.055456,0.022093,3.090480,0.108020,-0.125089,0.000560,0.000230,0.000201,0.000300,-0.000919,0.001262,0.094820,0.280633,0.571507,-0.394967,-0.128780,0.096672,-0.477886,-0.126258,0.227992,-2.305759,-0.041269,2.081778,0.676646
1.507375,0.000000,0.000000,0.000000,0.000000,0.000000,0.000000,0.000000,0.449905,-0.125817,0.244568,0.996349,-0.060972,-0.055483,0.022196,0.449902,-0.125798,0.244549,0.996350,-0.061015,-0.055461,0.022093,3.090479,0.108031,-0.125088,0.000102,0.000096,-0.000468,-0.000413,0.000611,-0.001866,0.046232,0.301444,0.589975,-0.409702,-0.159508,0.098910,-0.477884,-0.126256,0.227992,-2.305769,-0.041272,2.081779,0.676648
1.559744,0.000000,0.000000,0.000000,0.000000,0.000000,0.000000,0.000000,0.449905,-0.125817,0.244568,0.996349,-0.060972,-0.055483,0.022196,0.449901,-0.125798,0.244548,0.996350,-0.061013,-0.055462,0.022092,3.090482,0.108032,-0.125085,0.000254,0.000730,-0.000196,0.000518,-0.000542,0.002308,0.005052,0.314085,0.563130,-0.413084,-0.169066,0.104825,-0.477882,-0.126259,0.227989,-2.305774,-0.041269,2.081779,0.676643
1.610724,0.000000,0.000000,0.000000,0.000000,0.000000,0.000000,0.000000,0.449905,-0.125817,0.244568,0.996349,-0.060972,-0.055483,0.022196,0.449897,-0.125796,0.244545,0.996350,-0.061011,-0.055467,0.022091,3.090484,0.108043,-0.125080,0.000405,0.001021,0.000325,-0.001114,-0.000018,0.003732,-0.045878,0.311210,0.588259,-0.416375,-0.207652,0.096546,-0.477880,-0.126260,0.227990,-2.305782,-0.041269,2.081775,0.676640
1.659535,0.000000,0.000000,0.000000,0.000000,0.000000,0.000000,0.000000,0.449905,-0.125817,0.244568,0.996349,-0.060972,-0.055483,0.022196,0.449890,-0.125798,0.244537,0.996349,-0.061015,-0.055474,0.022089,3.090485,0.108058,-0.125089,0.000276,0.000127,-0.000257,-0.000724,-0.000519,0.000267,-0.149796,0.365372,0.584836,-0.444135,-0.261559,0.108567,-0.477882,-0.126256,0.227985,-2.305798,-0.041271,2.081780,0.676644
1.708533,0.000000,0.000000,0.000000,0.000000,0.000000,0.000000,0.000000,0.449905,-0.125817,0.244568,0.996349,-0.060972,-0.055483,0.022196,0.449886,-0.125797,0.244533,0.996349,-0.061017,-0.055479,0.022086,3.090490,0.108068,-0.125093,0.000009,0.000143,-0.000534,-0.000314,0.001061,0.000456,-0.181548,0.420849,0.528221,-0.465815,-0.252364,0.127456,-0.477885,-0.126258,0.227987,-2.305808,-0.041265,2.081778,0.676643
1.760302,0.000000,0.000000,0.000000,0.000000,0.000000,0.000000,0.000000,0.449905,-0.125817,0.244568,0.996349,-0.060972,-0.055483,0.022196,0.449886,-0.125796,0.244533,0.996349,-0.061017,-0.055478,0.022086,3.090492,0.108066,-0.125094,0.000425,0.000080,0.000624,0.000131,-0.001832,-0.000797,-0.175000,0.382931,0.479212,-0.441987,-0.232804,0.113039,-0.477882,-0.126260,0.227984,-2.305809,-0.041263,2.081779,0.676643
1.810394,0.000000,0.000000,0.000000,0.000000,0.000000,0.000000,0.000000,0.449905,-0.125817,0.244568,0.996349,-0.060972,-0.055483,0.022196,0.449884,-0.125797,0.244533,0.996349,-0.061018,-0.055479,0.022086,3.090491,0.108069,-0.125096,-0.000089,-0.000471,0.000728,-0.000864,-0.000870,-0.001096,-0.235174,0.389974,0.518663,-0.451995,-0.281697,0.106483,-0.477885,-0.126262,0.227983,-2.305813,-0.041264,2.081778,0.676642
1.859548,0.000000,0.000000,0.000000,0.000000,0.000000,0.000000,0.000000,0.449905,-0.125817,0.244568,0.996349,-0.060972,-0.055483,0.022196,0.449880,-0.125795,0.244528,0.996349,-0.061015,-0.055486,0.022085,3.090492,0.108082,-0.125090,-0.000125,0.000170,0.000166,-0.001049,-0.000377,0.002106,-0.248761,0.394124,0.512118,-0.450913,-0.280944,0.110988,-0.477882,-0.126260,0.227985,-2.305824,-0.041265,2.081777,0.676641
1.909695,-0.000000,0.000000,0.000000,0.000000,-0.000000,-0.000000,1.000000,0.449905,-0.125817,0.244568,0.996349,-0.060972,-0.055483,0.022196,0.449879,-0.125795,0.244526,0.996348,-0.061019,-0.055487,0.022082,3.090497,0.108085,-0.125098,-0.000224,-0.000393,-0.000215,0.000209,0.000314,-0.002293,-0.269242,0.394445,0.516072,-0.456152,-0.292397,0.106083,-0.477884,-0.126257,0.227983,-2.305823,-0.041260,2.081776,0.676643
1.959559,-0.000000,0.000000,0.000000,0.000000,-0.000000,-0.000000,1.000000,0.449905,-0.125817,0.244568,0.996349,-0.060972,-0.055483,0.022196,0.449879,-0.125794,0.244526,0.996349,-0.061018,-0.055486,0.022084,3.090495,0.108081,-0.125096,0.000350,0.000342,0.000307,-0.000235,-0.001255,-0.000936,-0.263178,0.344105,0.505966,-0.430126,-0.285964,0.086962,-0.477882,-0.126259,0.227984,-2.305826,-0.041262,2.081780,0.676644
2.008594,-0.000000,0.000000,0.000000,0.000000,-0.000000,-0.000000,1.000000,0.449905,-0.125817,0.244568,0.996349,-0.060972,-0.055483,0.022196,0.449877,-0.125793,0.244523,0.996349,-0.061012,-0.055490,0.022084,3.090494,0.108091,-0.125084,-0.000387,0.000843,-0.000613,-0.000070,0.002059,0.003752,-0.250935,0.382537,0.466010,-0.444016,-0.263004,0.106399,-0.477880,-0.126257,0.227984,-2.305831,-0.041265,2.081779,0.676636
2.058638,-0.000000,0.000000,0.000000,0.000000,-0.000000,-0.000000,1.000000,0.449905,-0.125817,0.244568,0.996349,-0.060972,-0.055483,0.022196,0.449876,-0.125797,0.244525,0.996348,-0.061023,-0.055488,0.022082,3.090497,0.108086,-0.125105,-0.000099,-0.000346,-0.000397,0.000434,-0.000429,-0.003565,-0.287618,0.398140,0.576264,-0.460071,-0.328356,0.108926,-0.477885,-0.126261,0.227979,-2.305831,-0.041260,2.081779,0.676644
2.109310,-0.000000,0.000000,0.000000,0.000000,-0.000000,-0.000000,1.000000,0.449905,-0.125817,0.244568,0.996349,-0.060972,-0.055483,0.022196,0.449876,-0.125796,0.244523,0.996348,-0.061017,-0.055490,0.022083,3.090497,0.108090,-0.125092,0.000248,-0.000456,0.000567,-0.001147,-0.001735,0.001574,-0.291296,0.391996,0.479995,-0.447601,-0.290484,0.106974,-0.477884,-0.126259,0.227980,-2.305835,-0.041262,2.081781,0.676636
2.158766,-0.000000,0.000000,0.000000,0.000000,-0.000000,-0.000000,1.000000,0.449905,-0.125817,0.244568,0.996349,-0.060972,-0.055483,0.022196,0.449875,-0.125795,0.244522,0.996348,-0.061016,-0.055492,0.022082,3.090498,0.108094,-0.125091,-0.000101,-0.000333,-0.000127,-0.000220,0.000723,-0.000492,-0.251180,0.367555,0.458704,-0.437174,-0.256583,0.097292,-0.477886,-0.126259,0.227984,-2.305835,-0.041261,2.081778,0.676636
2.209506,-0.000000,0.000000,0.000000,0.000000,-0.000000,-0.000000,1.000000,0.449905,-0.125817,0.244568,0.996349,-0.060972,-0.055483,0.022196,0.449874,-0.125794,0.244520,0.996348,-0.061020,-0.055493,0.022079,3.090504,0.108096,-0.125099,-0.000145,0.000400,-0.000323,0.001536,0.000040,-0.001273,-0.260425,0.401516,0.502033,-0.457448,-0.280872,0.112827,-0.477883,-0.126257,0.227980,-2.305839,-0.041255,2.081779,0.676639
2.259568,-0.000000,0.000000,0.000000,0.000000,-0.000000,-0.000000,1.000000,0.449905,-0.125817,0.244568,0.996349,-0.060972,-0.055483,0.022196,0.449874,-0.125794,0.244522,0.996348,-0.061019,-0.055490,0.022080,3.090501,0.108091,-0.125098,-0.000006,-0.000131,0.000423,-0.000537,-0.000819,-0.000535,-0.283321,0.399830,0.482445,-0.455150,-0.284103,0.111183,-0.477881,-0.126262,0.227979,-2.305838,-0.041257,2.081780,0.676640
2.309540,-0.000000,0.000000,0.000000,0.000000,-0.000000,-0.000000,1.000000,0.449905,-0.125817,0.244568,0.996349,-0.060972,-0.055483,0.022196,0.449874,-0.125795,0.244523,0.996348,-0.061021,-0.055491,0.022081,3.090500,0.108092,-0.125100,0.000407,0.000198,0.001103,-0.000085,-0.001282,-0.000633,-0.232795,0.336330,0.473520,-0.426671,-0.254980,0.087606,-0.477881,-0.126262,0.227977,-2.305837,-0.041258,2.081777,0.676641
2.360534,-0.000000,0.000000,0.000000,0.000000,-0.000000,-0.000000,1.000000,0.449905,-0.125817,0.244568,0.996349,-0.060972,-0.055483,0.022196,0.449870,-0.125796,0.244517,0.996348,-0.061021,-0.055497,0.022081,3.090499,0.108105,-0.125101,-0.000485,0.000123,-0.000517,-0.000310,0.001160,-0.000984,-0.252782,0.403880,0.440400,-0.450879,-0.248301,0.117106,-0.477884,-0.126259,0.227978,-2.305847,-0.041261,2.081778,0.676641
2.409552,-0.000000,0.000000,0.000000,0.000000,-0.000000,-0.000000,1.000000,0.449905,-0.125817,0.244568,0.996349,-0.060972,-0.055483,0.022196,0.449869,-0.125796,0.244516,0.996348,-0.061023,-0.055498,0.022078,3.090505,0.108106,-0.125105,-0.000632,-0.000365,-0.000340,0.000344,0.000907,-0.000764,-0.285554,0.380039,0.481079,-0.446757,-0.281764,0.103182,-0.477886,-0.126258,0.227977,-2.305849,-0.041256,2.081778,0.676639
2.461391,-0.000000,0.000000,0.000000,0.000000,-0.000000,-0.000000,1.000000,0.449905,-0.125817,0.244568,0.996349,-0.060972,-0.055483,0.022196,0.449870,-0.125793,0.244517,0.996348,-0.061017,-0.055496,0.022079,3.090504,0.108103,-0.125094,0.000024,0.000661,-0.000390,0.000594,0.000105,0.002334,-0.280837,0.361231,0.433337,-0.429983,-0.259263,0.094890,-0.477880,-0.126259,0.227979,-2.305849,-0.041256,2.081780,0.676636
2.510407,-0.000000,0.000000,0.000000,0.000000,-0.000000,-0.000000,1.000000,0.449905,-0.125817,0.244568,0.996349,-0.060972,-0.055483,0.022196,0.449870,-0.125792,0.244517,0.996348,-0.061018,-0.055496,0.022077,3.090507,0.108103,-0.125095,-0.000026,0.000306,-0.000188,-0.000437,0.000168,0.001169,-0.282228,0.370093,0.467309,-0.440992,-0.280074,0.097925,-0.477878,-0.126259,0.227977,-2.305849,-0.041253,2.081780,0.676636
2.560417,-0.000000,0.000000,0.000000,0.000000,-0.000000,-0.000000,1.000000,0.449905,-0.125817,0.244568,0.996349,-0.060972,-0.055483,0.022196,0.449868,-0.125792,0.244512,0.996348,-0.061018,-0.055501,0.022076,3.090508,0.108112,-0.125095,-0.000350,0.000557,-0.001393,0.000743,0.002533,0.001609,-0.296858,0.407084,0.525187,-0.460848,-0.311291,0.113607,-0.477880,-0.126254,0.227978,-2.305854,-0.041254,2.081781,0.676635
2.610600,0.027351,0.000000,0.000000,0.000000,-0.000000,-0.000000,1.000000,0.450014,-0.125817,0.244568,0.996349,-0.060972,-0.055483,0.022196,0.449868,-0.125796,0.244516,0.996348,-0.061023,-0.055498,0.022077,3.090507,0.108107,-0.125105,0.000013,-0.000165,0.000114,0.001260,-0.000538,-0.002132,-0.278113,0.379631,0.450316,-0.445290,-0.263275,0.100750,-0.477885,-0.126259,0.227975,-2.305849,-0.041254,2.081778,0.676637
2.660707,0.675796,0.000000,0.000000,0.000000,-0.000000,-0.000000,1.000000,0.452717,-0.125817,0.244568,0.996349,-0.060972,-0.055483,0.022196,0.449870,-0.125794,0.244517,0.996348,-0.061020,-0.055496,0.022077,3.090506,0.108103,-0.125099,0.000485,-0.000232,0.000859,-0.000275,-0.001826,-0.000193,-0.287317,0.431014,0.462910,-0.469061,-0.274560,0.123173,-0.477883,-0.126260,0.227977,-2.305849,-0.041254,2.081779,0.676636
2.711558,0.999964,0.000000,0.000000,0.000000,-0.000000,-0.000000,1.000000,0.456717,-0.125817,0.244568,0.996349,-0.060972,-0.055483,0.022196,0.449868,-0.125795,0.244517,0.996348,-0.061019,-0.055498,0.022078,3.090506,0.108106,-0.125098,0.000023,-0.000485,0.000284,0.000122,-0.000838,-0.000065,-0.239870,0.353032,0.489549,-0.437395,-0.270530,0.092453,-0.477886,-0.126262,0.227978,-2.305851,-0.041254,2.081777,0.676632
2.762342,0.999964,0.000000,0.000000,0.000000,-0.000000,-0.000000,1.000000,0.460717,-0.125817,0.244568,0.996349,-0.060972,-0.055483,0.022196,0.449872,-0.125795,0.244517,0.996348,-0.061022,-0.055493,0.022076,3.090508,0.108096,-0.125104,-0.000256,0.000094,-0.000537,0.002239,0.000428,-0.002214,-0.124409,0.374644,0.450658,-0.438434,-0.211926,0.117383,-0.477885,-0.126257,0.227976,-2.305848,-0.041251,2.081788,0.676637
2.812321,0.999964,0.000000,0.000000,0.000000,-0.000000,-0.000000,1.000000,0.464717,-0.125817,0.244568,0.996349,-0.060972,-0.055483,0.022196,0.449893,-0.125795,0.244532,0.996350,-0.061016,-0.055459,0.022082,3.090501,0.108028,-0.125089,0.000080,-0.000689,0.000617,0.000554,-0.002261,-0.001933,0.062106,0.360225,0.460369,-0.422971,-0.157590,0.133712,-0.477883,-0.126263,0.227984,-2.305823,-0.041247,2.081826,0.676632
2.862445,0.999964,0.000000,0.000000,0.000000,-0.000000,-0.000000,1.000000,0.468717,-0.125817,0.244568,0.996349,-0.060972,-0.055483,0.022196,0.450033,-0.125801,0.244578,0.996363,-0.060987,-0.055242,0.022113,3.090472,0.107593,-0.125021,0.002307,-0.001010,0.000673,-0.001117,-0.008962,0.000739,0.401712,0.301212,0.337448,-0.405745,-0.001190,0.139719,-0.477852,-0.126217,0.228000,-2.305720,-0.041237,2.082205,0.676628
2.911572,0.999964,0.000000,0.000000,0.000000,-0.000000,-0.000000,1.000000,0.472716,-0.125817,0.244568,0.996349,-0.060972,-0.055483,0.022196,0.450321,-0.125815,0.244655,0.996393,-0.060933,-0.054737,0.022193,3.090383,0.106575,-0.124887,0.005937,-0.000523,0.001074,-0.005540,-0.026958,0.002155,0.875018,0.253926,0.076815,-0.354210,0.218077,0.172969,-0.477776,-0.126187,0.228018,-2.305647,-0.041221,2.083184,0.676632
2.962461,0.999964,0.000000,0.000000,0.000000,-0.000000,-0.000000,1.000000,0.476716,-0.125817,0.244568,0.996349,-0.060972,-0.055483,0.022196,0.450701,-0.125797,0.244753,0.996430,-0.060818,-0.054139,0.022282,3.090295,0.105377,-0.124627,0.007396,0.000739,0.003181,-0.003167,-0.024757,0.003920,1.333004,0.185788,-0.216880,-0.296789,0.424623,0.198998,-0.477595,-0.126066,0.228036,-2.305451,-0.041206,2.084309,0.676629
3.012493,0.999964,0.000000,0.000000,0.000000,-0.000000,-0.000000,1.000000,0.480716,-0.125817,0.244568,0.996349,-0.060972,-0.055483,0.022196,0.451318,-0.125756,0.244899,0.996482,-0.060624,-0.053372,0.022370,3.090240,0.103842,-0.124195,0.012192,0.001026,0.002652,-0.002516,-0.028589,0.009080,1.723288,0.115734,-0.511073,-0.251338,0.632088,0.204944,-0.477345,-0.125572,0.228130,-2.304768,-0.041195,2.085642,0.676630
3.062583,0.999964,0.000000,0.000000,0.000000,-0.000000,-0.000000,1.000000,0.484716,-0.125817,0.244568,0.996349,-0.060972,-0.055483,0.022196,0.452200,-0.125706,0.245063,0.996545,-0.060355,-0.052467,0.022436,3.090254,0.102041,-0.123604,0.019538,0.001547,0.003619,-0.003184,-0.042242,0.013727,1.698472,0.157485,-0.676367,-0.285873,0.632418,0.203115,-0.477178,-0.124527,0.228429,-2.303470,-0.041186,2.087160,0.676630
3.112621,0.999964,0.000000,0.000000,0.000000,-0.000000,-0.000000,1.000000,0.488716,-0.125817,0.244568,0.996349,-0.060972,-0.055483,0.022196,0.453321,-0.125670,0.245206,0.996609,-0.060053,-0.051595,0.022411,3.090446,0.100316,-0.122937,0.022837,0.001163,0.001399,0.002127,-0.035899,0.013516,1.637236,0.322668,-0.654248,-0.399496,0.572405,0.253629,-0.477047,-0.122687,0.228812,-2.301338,-0.041177,2.088522,0.676631
3.162734,0.999964,0.000000,0.000000,0.000000,-0.000000,-0.000000,1.000000,0.492716,-0.125817,0.244568,0.996349,-0.060972,-0.055483,0.022196,0.454700,-0.125624,0.245276,0.996681,-0.059679,-0.050675,0.022309,3.090807,0.098511,-0.122116,0.028324,0.000871,-0.001448,0.007169,-0.033025,0.018216,1.081331,0.554924,-0.386010,-0.579640,0.193686,0.284449,-0.476837,-0.120057,0.229217,-2.298548,-0.041172,2.090055,0.676626
3.212666,0.999964,0.000000,0.000000,0.000000,-0.000000,-0.000000,1.000000,0.496716,-0.125817,0.244568,0.996349,-0.060972,-0.055483,0.022196,0.456483,-0.125611,0.245262,0.996754,-0.059264,-0.049832,0.022030,3.091513,0.096880,-0.121203,0.034276,0.000093,-0.002221,0.018225,-0.017412,0.015217,1.108873,0.499435,-0.379651,-0.604265,0.209350,0.254378,-0.476617,-0.115980,0.229664,-2.294348,-0.041168,2.091371,0.676635
3.262746,0.999964,0.000000,0.000000,0.000000,-0.000000,-0.000000,1.000000,0.500715,-0.125817,0.244568,0.996349,-0.060972,-0.055483,0.022196,0.458574,-0.125666,0.245279,0.996824,-0.058862,-0.049105,0.021606,3.092493,0.095500,-0.120309,0.042846,-0.002435,0.000336,0.021050,-0.022662,0.015117,0.517604,0.815088,-0.631271,-0.758448,0.043561,0.334235,-0.476398,-0.110805,0.230065,-2.288783,-0.041170,2.092104,0.676641
3.313368,0.999964,0.000000,0.000000,0.000000,-0.000000,-0.000000,1.000000,0.504715,-0.125817,0.244568,0.996349,-0.060972,-0.055483,0.022196,0.460904,-0.125719,0.245279,0.996888,-0.058423,-0.048565,0.021036,3.093745,0.094510,-0.119340,0.048278,-0.003203,-0.001824,0.025372,-0.021759,0.014378,0.798885,0.642620,-0.644305,-0.704808,0.207850,0.279699,-0.476116,-0.104634,0.230471,-2.282062,-0.041168,2.092228,0.676647
3.363482,0.999964,0.000000,0.000000,0.000000,-0.000000,-0.000000,1.000000,0.508715,-0.125817,0.244568,0.996349,-0.060972,-0.055483,0.022196,0.463413,-0.125786,0.245100,0.996949,-0.057966,-0.048167,0.020323,3.095267,0.093821,-0.118330,0.051650,-0.003514,-0.004222,0.028695,-0.022251,0.017687,0.718605,0.709220,0.027497,-0.832916,-0.118452,0.296673,-0.475796,-0.097488,0.230852,-2.274651,-0.041166,2.092277,0.676653
3.413633,0.999964,0.000000,0.000000,0.000000,-0.000000,-0.000000,1.000000,0.512715,-0.125817,0.244568,0.996349,-0.060972,-0.055483,0.022196,0.466178,-0.125908,0.244943,0.997013,-0.057518,-0.047691,0.019549,3.096918,0.092981,-0.117331,0.057713,-0.003099,-0.001501,0.030988,-0.025330,0.018746,-0.004496,0.952434,-0.291845,-0.937267,-0.275722,0.327468,-0.475548,-0.089693,0.231282,-2.266434,-0.041167,2.092284,0.676660
3.464592,0.999964,0.000000,0.000000,0.000000,-0.000000,-0.000000,1.000000,0.516715,-0.125817,0.244568,0.996349,-0.060972,-0.055483,0.022196,0.469129,-0.126056,0.244898,0.997083,-0.057060,-0.047089,0.018768,3.098598,0.091891,-0.116307,0.058431,-0.003774,-0.000681,0.030691,-0.026677,0.019726,0.162370,0.913010,-0.647714,-0.893873,0.044700,0.320638,-0.475303,-0.081656,0.231741,-2.257632,-0.041166,2.092184,0.676660
3.515427,0.999964,0.000000,0.000000,0.000000,-0.000000,-0.000000,1.000000,0.520715,-0.125817,0.244568,0.996349,-0.060972,-0.055483,0.022196,0.472076,-0.126155,0.244672,0.997149,-0.056572,-0.046612,0.017923,3.100393,0.091056,-0.115223,0.058188,-0.002415,-0.005783,0.034291,-0.019581,0.019883,0.811248,0.817058,0.104158,-0.955465,0.024641,0.342235,-0.475052,-0.073275,0.232274,-2.248831,-0.041165,2.092151,0.676678
3.565602,0.999964,0.000000,0.000000,0.000000,-0.000000,-0.000000,1.000000,0.524715,-0.125817,0.244568,0.996349,-0.060972,-0.055483,0.022196,0.475094,-0.126275,0.244482,0.997217,-0.056088,-0.046042,0.017088,3.102177,0.090033,-0.114147,0.061768,-0.003418,-0.002150,0.033136,-0.026887,0.018047,-0.186368,1.176398,0.251685,-1.169495,-0.507275,0.397455,-0.474892,-0.064853,0.232895,-2.239866,-0.041167,2.092179,0.676688
3.615322,0.999964,0.000000,0.000000,0.000000,-0.000000,-0.000000,1.000000,0.528714,-0.125817,0.244568,0.996349,-0.060972,-0.055483,0.022196,0.478264,-0.126389,0.244449,0.997288,-0.055584,-0.045410,0.016253,3.103969,0.088885,-0.113029,0.061985,-0.002028,-0.001987,0.032316,-0.029299,0.022736,0.556579,0.930251,-0.254494,-1.008671,0.156754,0.357777,-0.474819,-0.056288,0.233683,-2.230267,-0.041171,2.091836,0.676709
3.664567,0.999964,0.000000,0.000000,0.000000,-0.000000,-0.000000,1.000000,0.532714,-0.125817,0.244568,0.996349,-0.060972,-0.055483,0.022196,0.481440,-0.126440,0.244259,0.997362,-0.055021,-0.044782,0.015391,3.105819,0.087746,-0.111792,0.062762,-0.000807,-0.004201,0.033532,-0.028926,0.023978,0.938076,0.873404,0.296318,-1.072769,0.108371,0.364703,-0.474750,-0.047558,0.234593,-2.220850,-0.041174,2.091814,0.676727
3.715578,0.999964,0.000000,0.000000,0.000000,-0.000000,-0.000000,1.000000,0.536714,-0.125817,0.244568,0.996349,-0.060972,-0.055483,0.022196,0.484679,-0.126501,0.244166,0.997438,-0.054462,-0.044039,0.014554,3.107629,0.086375,-0.110564,0.066071,-0.004175,0.002071,0.030831,-0.040062,0.017569,0.071578,1.166049,-0.123794,-1.194130,-0.071071,0.396333,-0.474726,-0.038922,0.235561,-2.211258,-0.041176,2.091759,0.676743
3.764722,0.999964,0.000000,0.000000,0.000000,-0.000000,-0.000000,1.000000,0.540714,-0.125817,0.244568,0.996349,-0.060972,-0.055483,0.022196,0.488004,-0.126523,0.244175,0.997515,-0.053857,-0.043303,0.013706,3.109464,0.085017,-0.109245,0.063309,0.000100,-0.001738,0.034460,-0.028067,0.024338,0.497071,1.018775,0.184914,-1.161921,0.074020,0.371183,-0.474681,-0.030183,0.236627,-2.201209,-0.041186,2.091327,0.676760
3.816574,0.999964,0.000000,0.000000,0.000000,-0.000000,-0.000000,1.000000,0.544714,-0.125817,0.244568,0.996349,-0.060972,-0.055483,0.022196,0.491254,-0.126496,0.244022,0.997573,-0.053586,-0.042547,0.012869,3.111247,0.083607,-0.108598,0.063290,0.000595,-0.002886,0.032906,-0.026466,-0.021184,0.816587,0.918707,0.373466,-1.188484,0.153946,0.342408,-0.474661,-0.021523,0.237770,-2.191646,-0.041192,2.091329,0.677491
3.865733,0.999964,0.000000,0.000000,0.000000,-0.000000,-0.000000,1.000000,0.548714,-0.125817,0.244568,0.996349,-0.060972,-0.055483,0.022196,0.494661,-0.126455,0.244003,0.997638,-0.053265,-0.041673,0.012051,3.113008,0.081957,-0.107853,0.066468,-0.001326,-0.002255,0.033631,-0.035218,0.005846,0.261590,1.258041,0.490854,-1.437802,-0.110452,0.449130,-0.474455,-0.012748,0.238836,-2.181574,-0.041241,2.091170,0.678228
3.915710,0.999964,0.000000,0.000000,0.000000,-0.000000,-0.000000,1.000000,0.552713,-0.125817,0.244568,0.996349,-0.060972,-0.055483,0.022196,0.498067,-0.126396,0.243906,0.997694,-0.053007,-0.040894,0.011168,3.114884,0.080503,-0.107235,0.064258,-0.000920,-0.004613,0.035072,-0.031712,0.006361,1.182528,0.745724,0.964760,-1.300290,0.138663,0.306020,-0.474369,-0.003752,0.240034,-2.171353,-0.041256,2.090864,0.679067
3.966594,0.999964,0.000000,0.000000,0.000000,-0.000000,-0.000000,1.000000,0.556713,-0.125817,0.244568,0.996349,-0.060972,-0.055483,0.022196,0.501547,-0.126350,0.243875,0.997752,-0.052825,-0.039929,0.010313,3.116714,0.078669,-0.106769,0.069496,-0.001409,0.001553,0.032666,-0.044122,0.003330,1.143844,0.891035,-0.206057,-1.297446,0.721857,0.394895,-0.474318,0.005133,0.241272,-2.161102,-0.041258,2.090795,0.680035
4.015730,0.999964,0.000000,0.000000,0.000000,-0.000000,-0.000000,1.000000,0.560713,-0.125817,0.244568,0.996349,-0.060972,-0.055483,0.022196,0.505135,-0.126299,0.243873,0.997802,-0.052699,-0.039060,0.009399,3.118649,0.077034,-0.106417,0.069210,-0.000429,-0.002698,0.035700,-0.032258,-0.000194,0.540958,1.044833,0.749240,-1.515570,0.038908,0.408355,-0.474300,0.014435,0.242597,-2.150172,-0.041290,2.090237,0.681156
4.066555,0.851792,0.000000,0.000000,0.000000,-0.000000,-0.000000,1.000000,0.564120,-0.125817,0.244568,0.996349,-0.060972,-0.055483,0.022196,0.508617,-0.126233,0.243711,0.997848,-0.052632,-0.038176,0.008479,3.120591,0.075366,-0.106186,0.067834,-0.000964,-0.001399,0.035175,-0.040255,-0.000875,1.251274,0.891311,0.952186,-1.514434,0.291644,0.430929,-0.474273,0.023594,0.243885,-2.139802,-0.041303,2.090126,0.682347
4.117360,0.648007,0.000000,0.000000,0.000000,-0.000000,-0.000000,1.000000,0.566712,-0.125817,0.244568,0.996349,-0.060972,-0.055483,0.022196,0.512188,-0.126205,0.243801,0.997892,-0.052639,-0.037193,0.007602,3.122451,0.073495,-0.106105,0.067660,0.000170,0.000736,0.036054,-0.027745,0.004619,1.063340,0.852556,-0.297004,-1.399451,0.890293,0.402176,-0.474174,0.032604,0.245094,-2.128905,-0.041346,2.089554,0.683651
4.166547,0.351555,0.000000,0.000000,0.000000,-0.000000,-0.000000,1.000000,0.568119,-0.125817,0.244568,0.996349,-0.060972,-0.055483,0.022196,0.515717,-0.126156,0.243651,0.997929,-0.052643,-0.036351,0.006662,3.124425,0.071911,-0.106024,0.068485,0.000890,-0.007183,0.037774,-0.033130,0.002393,1.189904,0.835652,1.610823,-1.684510,0.040129,0.424886,-0.473729,0.041961,0.245970,-2.118126,-0.041414,2.089139,0.684966
4.217344,-0.000000,0.000000,0.000000,0.000000,-0.000000,-0.000000,1.000000,0.568119,-0.125817,0.244568,0.996349,-0.060972,-0.055483,0.022196,0.519262,-0.126144,0.243579,0.997971,-0.052627,-0.035383,0.005746,3.126361,0.070074,-0.105905,0.066892,0.000265,0.000233,0.036279,-0.028824,0.006655,1.234931,0.910183,0.477319,-1.619950,0.664418,0.478570,-0.472958,0.051120,0.246459,-2.107357,-0.041444,2.088809,0.686134
4.267526,-0.000000,0.000000,0.000000,0.000000,-0.000000,-0.000000,1.000000,0.568119,-0.125817,0.244568,0.996349,-0.060972,-0.055483,0.022196,0.522789,-0.126138,0.243687,0.998003,-0.052625,-0.034616,0.004795,3.128347,0.068642,-0.105817,0.069353,-0.002172,-0.002949,0.038630,-0.038610,-0.006639,1.328510,0.883070,0.812853,-1.595921,0.593476,0.473126,-0.472055,0.060304,0.246817,-2.095925,-0.041458,2.087437,0.687271
4.318306,-0.000000,0.000000,0.000000,0.000000,-0.000000,-0.000000,1.000000,0.568119,-0.125817,0.244568,0.996349,-0.060972,-0.055483,0.022196,0.526123,-0.126129,0.243420,0.998032,-0.052631,-0.033867,0.003848,3.130321,0.067246,-0.105752,0.065121,-0.001664,-0.003571,0.037295,-0.029667,-0.002206,1.052835,1.007486,1.557425,-1.731075,0.109598,0.506790,-0.470972,0.069382,0.246908,-2.085578,-0.041479,2.087023,0.688355
4.366622,-0.000000,0.000000,0.000000,0.000000,-0.000000,-0.000000,1.000000,0.568119,-0.125817,0.244568,0.996349,-0.060972,-0.055483,0.022196,0.529400,-0.126160,0.243527,0.998056,-0.052724,-0.033110,0.002977,3.132138,0.065824,-0.105866,0.064666,-0.002766,0.004082,0.031933,-0.040918,-0.004191,1.239947,1.011716,0.367618,-1.604241,0.866585,0.532401,-0.469962,0.077874,0.247017,-2.074892,-0.041486,2.085750,0.689502
4.419630,-0.000000,0.000000,0.000000,0.000000,-0.000000,-0.000000,1.000000,0.568119,-0.125817,0.244568,0.996349,-0.060972,-0.055483,0.022196,0.532352,-0.126126,0.243442,0.998071,-0.052752,-0.032667,0.002108,3.133923,0.065032,-0.105858,0.057235,-0.000534,-0.002470,0.031738,-0.026618,0.000708,1.640448,0.960759,1.645635,-1.738095,0.413109,0.561180,-0.468865,0.086025,0.247038,-2.064982,-0.041520,2.084307,0.690531
4.467576,-0.000000,0.000000,0.000000,0.000000,-0.000000,-0.000000,1.000000,0.568119,-0.125817,0.244568,0.996349,-0.060972,-0.055483,0.022196,0.535129,-0.126204,0.243329,0.998089,-0.052682,-0.032258,0.001745,3.134696,0.064253,-0.105690,0.052906,0.000011,-0.000762,0.003511,-0.004417,0.021160,1.170398,0.998287,1.063899,-1.832910,0.545683,0.535176,-0.467698,0.093716,0.247066,-2.055707,-0.042595,2.083143,0.691976
4.517645,-0.000000,0.000000,0.000000,0.000000,-0.000000,-0.000000,1.000000,0.568119,-0.125817,0.244568,0.996349,-0.060972,-0.055483,0.022196,0.537747,-0.126227,0.243452,0.998095,-0.052672,-0.032101,0.001485,3.135233,0.063966,-0.105651,0.050761,0.001192,0.001961,0.009855,-0.005782,-0.001107,1.849309,0.683690,0.860375,-1.692588,1.004240,0.454082,-0.466479,0.100966,0.247168,-2.046215,-0.043842,2.080864,0.693720
4.567609,-0.000000,0.000000,0.000000,0.000000,-0.000000,-0.000000,1.000000,0.568119,-0.125817,0.244568,0.996349,-0.060972,-0.055483,0.022196,0.540194,-0.126254,0.243367,0.998092,-0.052797,-0.031982,0.001347,3.135514,0.063742,-0.105892,0.046129,-0.000125,-0.004706,0.002132,-0.001511,-0.008331,1.708215,0.712951,1.632089,-1.776859,0.551636,0.460303,-0.465421,0.107996,0.247424,-2.037527,-0.045338,2.079131,0.695863
4.618769,-0.000000,0.000000,0.000000,0.000000,-0.000000,-0.000000,1.000000,0.568119,-0.125817,0.244568,0.996349,-0.060972,-0.055483,0.022196,0.542419,-0.126342,0.243340,0.998093,-0.052873,-0.031828,0.001488,3.135243,0.063420,-0.106051,0.043021,0.000466,-0.001090,-0.005636,-0.010244,0.000249,1.655716,0.972325,1.153349,-1.809171,0.797083,0.605672,-0.464387,0.114258,0.247653,-2.029660,-0.047248,2.077627,0.698071
4.669766,-0.000000,0.000000,0.000000,0.000000,-0.000000,-0.000000,1.000000,0.568119,-0.125817,0.244568,0.996349,-0.060972,-0.055483,0.022196,0.544507,-0.126388,0.243387,0.998097,-0.052868,-0.031704,0.001671,3.134890,0.063153,-0.106050,0.041120,0.000123,0.000606,-0.007171,-0.007291,0.001084,1.546565,0.820929,1.208030,-1.722953,0.737035,0.510581,-0.463363,0.120055,0.247922,-2.022154,-0.049138,2.075985,0.700125
4.719106,-0.000000,0.000000,0.000000,0.000000,-0.000000,-0.000000,1.000000,0.568119,-0.125817,0.244568,0.996349,-0.060972,-0.055483,0.022196,0.546315,-0.126405,0.243331,0.998099,-0.052860,-0.031641,0.001939,3.134363,0.062999,-0.106051,0.033931,-0.000640,-0.002151,-0.020103,-0.008503,0.001745,2.215474,0.767350,1.555363,-1.730678,0.856538,0.565997,-0.462370,0.125206,0.248172,-2.015716,-0.051071,2.074690,0.702167
4.769552,-0.000000,0.000000,0.000000,0.000000,-0.000000,-0.000000,1.000000,0.568119,-0.125817,0.244568,0.996349,-0.060972,-0.055483,0.022196,0.547879,-0.126435,0.243241,0.998101,-0.052917,-0.031445,0.002429,3.133400,0.062555,-0.106193,0.029929,0.000264,0.000185,-0.023892,-0.012472,-0.003592,1.796380,0.876134,1.610101,-1.772812,0.625418,0.575757,-0.461719,0.129484,0.248726,-2.010561,-0.053277,2.074144,0.704468
4.822487,-0.000000,0.000000,0.000000,0.000000,-0.000000,-0.000000,1.000000,0.568119,-0.125817,0.244568,0.996349,-0.060972,-0.055483,0.022196,0.549333,-0.126426,0.243232,0.998107,-0.052903,-0.031215,0.002892,3.132499,0.062046,-0.106190,0.028571,0.001610,0.000313,-0.014000,-0.008289,0.000536,2.207910,0.741653,1.233452,-1.640505,1.029505,0.554306,-0.461440,0.133307,0.249637,-2.005786,-0.055345,2.073585,0.706540
4.870623,-0.000000,0.000000,0.000000,0.000000,-0.000000,-0.000000,1.000000,0.568119,-0.125817,0.244568,0.996349,-0.060972,-0.055483,0.022196,0.550687,-0.126399,0.243217,0.998111,-0.052928,-0.031023,0.003133,3.132036,0.061637,-0.106251,0.025249,0.000223,-0.002318,-0.010289,-0.003327,0.001999,1.834466,0.808978,1.445852,-1.687528,0.743058,0.549765,-0.461260,0.136939,0.250472,-2.001236,-0.056875,2.072932,0.708239
4.923738,-0.000000,0.000000,0.000000,0.000000,-0.000000,-0.000000,1.000000,0.568119,-0.125817,0.244568,0.996349,-0.060972,-0.055483,0.022196,0.551910,-0.126393,0.243255,0.998115,-0.052972,-0.030825,0.003260,3.131801,0.061226,-0.106344,0.022650,-0.000722,0.001702,-0.007761,-0.009104,0.000407,2.261521,0.773405,1.549615,-1.687639,0.882563,0.581096,-0.461140,0.140161,0.251172,-1.997056,-0.058027,2.072245,0.709594
4.969510,-0.000000,0.000000,0.000000,0.000000,-0.000000,-0.000000,1.000000,0.568119,-0.125817,0.244568,0.996349,-0.060972,-0.055483,0.022196,0.553038,-0.126402,0.243307,0.998121,-0.052945,-0.030672,0.003307,3.131724,0.060917,-0.106290,0.021697,0.001235,-0.001193,0.001484,-0.006861,0.000313,1.937336,0.822612,1.657615,-1.738953,0.685635,0.563822,-0.460804,0.143172,0.251519,-1.993071,-0.058915,2.071450,0.710537
5.020283,-0.000000,0.000000,0.000000,0.000000,-0.000000,-0.000000,1.000000,0.568119,-0.125817,0.244568,0.996349,-0.060972,-0.055483,0.022196,0.554002,-0.126393,0.243220,0.998127,-0.052917,-0.030510,0.003303,3.131751,0.060592,-0.106231,0.018447,0.000276,-0.001606,-0.001078,-0.010316,0.000920,2.490457,0.696391,1.544343,-1.691003,0.983158,0.559589,-0.460290,0.145834,0.251569,-1.989895,-0.059564,2.071151,0.711272
5.070584,-0.000000,0.000000,0.000000,0.000000,-0.000000,-0.000000,1.000000,0.568119,-0.125817,0.244568,0.996349,-0.060972,-0.055483,0.022196,0.554887,-0.126392,0.243160,0.998139,-0.052820,-0.030301,0.003249,3.131888,0.060182,-0.106030,0.017178,-0.000303,0.001046,0.001205,-0.012501,0.000398,2.320824,0.778334,1.328338,-1.710500,1.004156,0.577299,-0.459879,0.148194,0.251619,-1.987054,-0.060013,2.070976,0.711674
5.120271,-0.184786,0.000000,0.000000,0.000000,-0.000000,-0.000000,1.000000,0.567379,-0.125817,0.244568,0.996349,-0.060972,-0.055483,0.022196,0.555592,-0.126380,0.243142,0.998147,-0.052791,-0.030095,0.003204,3.132002,0.059776,-0.105967,0.012531,0.001094,-0.000040,0.002830,-0.007071,0.001485,2.231807,0.836633,1.417302,-1.755977,0.885535,0.590019,-0.459546,0.149980,0.251658,-1.984843,-0.060324,2.070875,0.712071
5.171608,-0.657234,0.000000,0.000000,0.000000,-0.000000,-0.000000,1.000000,0.564751,-0.125817,0.244568,0.996349,-0.060972,-0.055483,0.022196,0.556221,-0.126367,0.243198,0.998158,-0.052725,-0.029836,0.003146,3.132150,0.059266,-0.105826,0.009330,0.001103,-0.000725,0.003637,-0.002258,0.004302,2.364982,0.856866,1.310597,-1.734019,0.997720,0.619097,-0.459265,0.151398,0.251682,-1.982932,-0.060489,2.070825,0.712260
5.220562,-0.962912,0.000000,0.000000,0.000000,-0.000000,-0.000000,1.000000,0.560899,-0.125817,0.244568,0.996349,-0.060972,-0.055483,0.022196,0.556780,-0.126338,0.243299,0.998170,-0.052638,-0.029595,0.003103,3.132267,0.058789,-0.105645,0.009732,-0.000756,0.001687,0.000181,-0.010049,0.001748,2.876037,0.636338,1.156233,-1.604804,1.330624,0.560280,-0.458977,0.152576,0.251698,-1.981209,-0.060625,2.070701,0.712393
5.270493,-0.999964,0.000000,0.000000,0.000000,-0.000000,-0.000000,1.000000,0.556899,-0.125817,0.244568,0.996349,-0.060972,-0.055483,0.022196,0.557196,-0.126305,0.243376,0.998177,-0.052595,-0.029458,0.003052,3.132385,0.058520,-0.105555,0.008536,0.001712,0.003481,0.001267,-0.012514,-0.001062,2.478410,0.741284,1.171585,-1.642722,1.154825,0.561897,-0.458746,0.153504,0.251709,-1.979833,-0.060706,2.070476,0.712541
5.320680,-0.999964,0.000000,0.000000,0.000000,-0.000000,-0.000000,1.000000,0.552899,-0.125817,0.244568,0.996349,-0.060972,-0.055483,0.022196,0.557430,-0.126296,0.243408,0.998180,-0.052571,-0.029398,0.003055,3.132387,0.058400,-0.105506,0.002428,0.000795,-0.001275,0.000194,0.002257,0.002319,2.575995,0.775184,1.355658,-1.696366,1.094686,0.590634,-0.458599,0.154060,0.251707,-1.979042,-0.060837,2.070339,0.712675
5.370701,-0.999964,0.000000,0.000000,0.000000,-0.000000,-0.000000,1.000000,0.548899,-0.125817,0.244568,0.996349,-0.060972,-0.055483,0.022196,0.557474,-0.126284,0.243392,0.998179,-0.052566,-0.029425,0.003059,3.132376,0.058455,-0.105496,-0.000322,-0.000925,-0.000181,-0.001946,0.001781,-0.002144,2.362086,0.740568,1.256140,-1.660669,1.034603,0.547853,-0.458549,0.154234,0.251715,-1.978846,-0.060900,2.070255,0.712747
5.420526,-0.999964,0.000000,0.000000,0.000000,-0.000000,-0.000000,1.000000,0.544899,-0.125817,0.244568,0.996349,-0.060972,-0.055483,0.022196,0.557381,-0.126278,0.243382,0.998173,-0.052573,-0.029611,0.003057,3.132361,0.058826,-0.105512,-0.002811,0.000171,-0.001151,0.000831,0.012283,0.000603,1.980873,0.861586,1.339536,-1.704760,0.822422,0.568472,-0.458544,0.154223,0.251706,-1.978814,-0.060940,2.069844,0.712773
5.470579,-0.999964,0.000000,0.000000,0.000000,-0.000000,-0.000000,1.000000,0.540900,-0.125817,0.244568,0.996349,-0.060972,-0.055483,0.022196,0.557153,-0.126266,0.243314,0.998159,-0.052588,-0.030050,0.003024,3.132378,0.059707,-0.105548,-0.005257,0.000113,-0.001983,0.001344,0.023805,0.001706,1.721291,0.817617,1.322085,-1.682868,0.728545,0.518807,-0.458545,0.154226,0.251674,-1.978817,-0.060990,2.068971,0.712792
5.520736,-0.999964,0.000000,0.000000,0.000000,-0.000000,-0.000000,1.000000,0.536900,-0.125817,0.244568,0.996349,-0.060972,-0.055483,0.022196,0.556775,-0.126243,0.243224,0.998137,-0.052600,-0.030777,0.002976,3.132397,0.061164,-0.105580,-0.007775,-0.000291,-0.001965,0.002462,0.034976,0.000447,1.529893,0.805838,1.331079,-1.690589,0.645840,0.493735,-0.458549,0.154204,0.251632,-1.978803,-0.061074,2.067483,0.712803
5.570767,-0.999964,0.000000,0.000000,0.000000,-0.000000,-0.000000,1.000000,0.532900,-0.125817,0.244568,0.996349,-0.060972,-0.055483,0.022196,0.556226,-0.126256,0.243087,0.998105,-0.052592,-0.031814,0.002974,3.132290,0.063238,-0.105580,-0.010431,-0.000202,-0.003327,0.003956,0.045199,-0.001616,1.294117,0.745660,1.429131,-1.734970,0.496080,0.432656,-0.458552,0.154168,0.251534,-1.978816,-0.061346,2.065408,0.712812
5.621416,-0.999964,0.000000,0.000000,0.000000,-0.000000,-0.000000,1.000000,0.528900,-0.125817,0.244568,0.996349,-0.060972,-0.055483,0.022196,0.555501,-0.126267,0.242967,0.998058,-0.052654,-0.033147,0.002904,3.132285,0.065907,-0.105721,-0.013977,-0.000776,-0.001564,0.006075,0.058064,-0.004245,0.960255,0.764047,1.503059,-1.750774,0.302208,0.408796,-0.458567,0.154013,0.251368,-1.978817,-0.061499,2.062607,0.712815
5.671524,-0.999964,0.000000,0.000000,0.000000,-0.000000,-0.000000,1.000000,0.524900,-0.125817,0.244568,0.996349,-0.060972,-0.055483,0.022196,0.554609,-0.126321,0.242929,0.998000,-0.052750,-0.034707,0.002871,3.132178,0.069026,-0.105938,-0.017539,-0.001735,0.000423,0.005463,0.069744,-0.004928,0.736309,0.773926,1.459730,-1.754934,0.222900,0.396554,-0.458573,0.153619,0.251097,-1.978831,-0.061713,2.059150,0.712817
5.722360,-0.999964,0.000000,0.000000,0.000000,-0.000000,-0.000000,1.000000,0.520900,-0.125817,0.244568,0.996349,-0.060972,-0.055483,0.022196,0.553566,-0.126370,0.242965,0.997930,-0.052901,-0.036459,0.002810,3.132103,0.072533,-0.106267,-0.019204,-0.001192,0.000583,0.006566,0.075048,-0.007222,0.118180,0.890299,1.410218,-1.792101,-0.055952,0.392046,-0.458608,0.152978,0.250797,-1.978900,-0.061838,2.055124,0.712819
5.771583,-0.999964,0.000000,0.000000,0.000000,-0.000000,-0.000000,1.000000,0.516900,-0.125817,0.244568,0.996349,-0.060972,-0.055483,0.022196,0.552375,-0.126441,0.243021,0.997848,-0.053098,-0.038370,0.002750,3.132001,0.076357,-0.106691,-0.022348,-0.001390,-0.000176,0.007953,0.080817,-0.009824,-0.539508,0.978361,1.348481,-1.821795,-0.357454,0.373914,-0.458666,0.152122,0.250431,-1.979144,-0.061947,2.050754,0.712818
5.822374,-0.999964,0.000000,0.000000,0.000000,-0.000000,-0.000000,1.000000,0.512901,-0.125817,0.244568,0.996349,-0.060972,-0.055483,0.022196,0.551007,-0.126507,0.243070,0.997751,-0.053327,-0.040530,0.002674,3.131902,0.080679,-0.107185,-0.024496,-0.001574,0.002297,0.007386,0.087302,-0.012544,-0.896928,0.938183,1.362309,-1.792193,-0.534265,0.320453,-0.458730,0.151109,0.250021,-1.979529,-0.062042,2.045879,0.712824
5.871614,-0.999964,0.000000,0.000000,0.000000,-0.000000,-0.000000,1.000000,0.508901,-0.125817,0.244568,0.996349,-0.060972,-0.055483,0.022196,0.549417,-0.126587,0.243136,0.997634,-0.053607,-0.042966,0.002591,3.131781,0.085555,-0.107786,-0.028260,-0.002715,0.002996,0.006101,0.093721,-0.013685,-1.404072,0.959362,1.406430,-1.788830,-0.800728,0.283852,-0.458806,0.149832,0.249522,-1.980124,-0.062117,2.040411,0.712821
5.922505,-0.999964,0.000000,0.000000,0.000000,-0.000000,-0.000000,1.000000,0.504901,-0.125817,0.244568,0.996349,-0.060972,-0.055483,0.022196,0.547714,-0.126675,0.243206,0.997511,-0.053925,-0.045370,0.002539,3.131594,0.090362,-0.108466,-0.029345,-0.002243,0.002656,0.003489,0.083472,-0.013934,-1.790501,0.991208,1.496374,-1.784313,-1.043234,0.264150,-0.458941,0.148189,0.249009,-1.981215,-0.062161,2.035159,0.712820
5.972575,-0.999964,0.000000,0.000000,0.000000,-0.000000,-0.000000,1.000000,0.500901,-0.125817,0.244568,0.996349,-0.060972,-0.055483,0.022196,0.545851,-0.126776,0.243225,0.997382,-0.054281,-0.047702,0.002541,3.131299,0.095022,-0.109229,-0.034116,-0.002561,0.000899,0.003907,0.087795,-0.016242,-2.294429,1.053932,1.331849,-1.753242,-1.217552,0.247619,-0.459181,0.146047,0.248498,-1.983136,-0.062193,2.030414,0.712817
6.022560,-0.999964,0.000000,0.000000,0.000000,-0.000000,-0.000000,1.000000,0.496901,-0.125817,0.244568,0.996349,-0.060972,-0.055483,0.022196,0.543768,-0.126855,0.243198,0.997251,-0.054652,-0.049967,0.002629,3.130833,0.099536,-0.110033,-0.039822,-0.003284,0.003354,-0.003557,0.083335,-0.019034,-2.616450,1.060063,1.240428,-1.697641,-1.358020,0.221815,-0.459451,0.143199,0.247958,-1.986145,-0.062221,2.026232,0.712819
6.072637,-0.999964,0.000000,0.000000,0.000000,-0.000000,-0.000000,1.000000,0.492901,-0.125817,0.244568,0.996349,-0.060972,-0.055483,0.022196,0.541410,-0.126911,0.243229,0.997116,-0.055043,-0.052177,0.002840,3.130123,0.103928,-0.110890,-0.048985,-0.001653,0.004236,-0.009474,0.098057,-0.015534,-2.738669,1.105852,1.317412,-1.656078,-1.496234,0.235402,-0.459718,0.139384,0.247347,-1.990287,-0.062247,2.022394,0.712818
6.122669,-0.999964,0.000000,0.000000,0.000000,-0.000000,-0.000000,1.000000,0.488901,-0.125817,0.244568,0.996349,-0.060972,-0.055483,0.022196,0.538782,-0.126931,0.243250,0.996974,-0.055446,-0.054404,0.003129,3.129247,0.108343,-0.111784,-0.053242,0.000117,-0.001577,-0.004275,0.111016,-0.017402,-2.590289,1.049895,1.767403,-1.615853,-1.700188,0.222144,-0.460082,0.134794,0.246787,-1.995468,-0.062271,2.018833,0.712818
6.172704,-0.999964,0.000000,0.000000,0.000000,-0.000000,-0.000000,1.000000,0.484902,-0.125817,0.244568,0.996349,-0.060972,-0.055483,0.022196,0.536266,-0.126948,0.243364,0.996839,-0.055845,-0.056397,0.003443,3.128345,0.112289,-0.112672,-0.045976,0.000218,0.001901,-0.011316,0.067009,-0.013772,-2.786884,0.843457,1.187011,-1.435908,-1.469131,0.094473,-0.460427,0.130111,0.246242,-2.000592,-0.062260,2.015593,0.712813
6.223347,-0.999964,0.000000,0.000000,0.000000,-0.000000,-0.000000,1.000000,0.480902,-0.125817,0.244568,0.996349,-0.060972,-0.055483,0.022196,0.533531,-0.126976,0.243485,0.996713,-0.056284,-0.058145,0.003909,3.127158,0.115726,-0.113656,-0.051479,0.000630,0.004560,-0.022142,0.051497,-0.014856,-3.436697,0.876470,0.905718,-1.392752,-1.616264,0.044120,-0.460800,0.124421,0.245614,-2.007074,-0.062260,2.013272,0.712815
6.273329,-0.999964,0.000000,0.000000,0.000000,-0.000000,-0.000000,1.000000,0.476902,-0.125817,0.244568,0.996349,-0.060972,-0.055483,0.022196,0.530478,-0.126962,0.243562,0.996593,-0.056731,-0.059697,0.004531,3.125676,0.118753,-0.114674,-0.060036,0.002161,0.000575,-0.024491,0.056934,-0.015847,-3.083540,0.742479,0.863143,-1.287188,-1.440710,0.020462,-0.461271,0.117535,0.245020,-2.015272,-0.062262,2.011941,0.712810
6.323429,-0.999964,0.000000,0.000000,0.000000,-0.000000,-0.000000,1.000000,0.472902,-0.125817,0.244568,0.996349,-0.060972,-0.055483,0.022196,0.527225,-0.126907,0.243461,0.996482,-0.057179,-0.061053,0.005227,3.124064,0.121376,-0.115702,-0.062220,0.002507,-0.002374,-0.024851,0.055716,-0.015888,-2.937951,0.708853,1.938095,-1.374194,-2.017494,0.031803,-0.462056,0.109962,0.244708,-2.024880,-0.062259,2.011759,0.712807
6.373484,-0.999964,0.000000,0.000000,0.000000,-0.000000,-0.000000,1.000000,0.468902,-0.125817,0.244568,0.996349,-0.060972,-0.055483,0.022196,0.524032,-0.126878,0.243512,0.996378,-0.057644,-0.062222,0.005987,3.122340,0.123617,-0.116769,-0.064052,0.001597,0.004282,-0.032158,0.046709,-0.019304,-2.870320,0.641838,0.308168,-1.116482,-1.124773,0.009754,-0.462706,0.102146,0.244253,-2.034400,-0.062260,2.011648,0.712803
6.423619,-0.999964,0.000000,0.000000,0.000000,-0.000000,-0.000000,1.000000,0.464902,-0.125817,0.244568,0.996349,-0.060972,-0.055483,0.022196,0.520554,-0.126805,0.243620,0.996269,-0.058116,-0.063437,0.006854,3.120393,0.125936,-0.117872,-0.068678,0.003382,-0.000042,-0.032892,0.051123,-0.016458,-2.811800,0.547471,0.764899,-1.075608,-1.388510,-0.031408,-0.463117,0.093462,0.243546,-2.044815,-0.062262,2.011539,0.712793
6.474608,-0.999964,0.000000,0.000000,0.000000,-0.000000,-0.000000,1.000000,0.460902,-0.125817,0.244568,0.996349,-0.060972,-0.055483,0.022196,0.517049,-0.126693,0.243653,0.996157,-0.058571,-0.064666,0.007711,3.118463,0.128283,-0.118944,-0.067033,0.002552,0.003125,-0.034422,0.045914,-0.018499,-3.103351,0.555354,1.414720,-1.138909,-1.952148,-0.060480,-0.463380,0.084788,0.242751,-2.055362,-0.062258,2.011541,0.712789
6.524518,-0.999964,0.000000,0.000000,0.000000,-0.000000,-0.000000,1.000000,0.456903,-0.125817,0.244568,0.996349,-0.060972,-0.055483,0.022196,0.513622,-0.126638,0.243823,0.996051,-0.059065,-0.065726,0.008598,3.116485,0.130286,-0.120097,-0.069172,0.002631,0.002539,-0.033742,0.047946,-0.018998,-3.432807,0.592935,0.219943,-0.980691,-1.504247,-0.071124,-0.463732,0.075992,0.241982,-2.065692,-0.062252,2.011553,0.712765
6.575618,-0.999964,0.000000,0.000000,0.000000,-0.000000,-0.000000,1.000000,0.452903,-0.125817,0.244568,0.996349,-0.060972,-0.055483,0.022196,0.509949,-0.126534,0.243888,0.995936,-0.059562,-0.066886,0.009511,3.114438,0.132483,-0.121270,-0.070098,0.003754,0.000435,-0.035354,0.043792,-0.016775,-2.132575,0.241957,1.271547,-0.901731,-1.545631,-0.087598,-0.464269,0.066720,0.241393,-2.076826,-0.062248,2.011714,0.712739
6.624742,-0.999964,0.000000,0.000000,0.000000,-0.000000,-0.000000,1.000000,0.448903,-0.125817,0.244568,0.996349,-0.060972,-0.055483,0.022196,0.506387,-0.126474,0.244108,0.995824,-0.060097,-0.067926,0.010439,3.112369,0.134435,-0.122519,-0.069229,0.002719,0.004094,-0.035897,0.042938,-0.017482,-3.768784,0.678752,0.225549,-0.951183,-1.776069,-0.058143,-0.464723,0.057456,0.240698,-2.087500,-0.062237,2.011667,0.712715
6.673795,-0.999964,0.000000,0.000000,0.000000,-0.000000,-0.000000,1.000000,0.444903,-0.125817,0.244568,0.996349,-0.060972,-0.055483,0.022196,0.502649,-0.126415,0.244173,0.995700,-0.060648,-0.069097,0.011358,3.110295,0.136648,-0.123810,-0.073376,0.002654,0.000296,-0.033540,0.051083,-0.018964,-2.635689,0.345017,0.571544,-0.795917,-1.457999,-0.083488,-0.464965,0.048048,0.239721,-2.098673,-0.062231,2.011724,0.712646
6.724466,-0.999964,0.000000,0.000000,0.000000,-0.000000,-0.000000,1.000000,0.440903,-0.125817,0.244568,0.996349,-0.060972,-0.055483,0.022196,0.499015,-0.126386,0.244288,0.995588,-0.061083,-0.070162,0.012263,3.108278,0.138651,-0.124867,-0.069587,0.000840,0.004586,-0.036037,0.039025,-0.021539,-3.248758,0.326328,0.255239,-0.698202,-1.657440,-0.145650,-0.465101,0.038761,0.238624,-2.109532,-0.062225,2.011797,0.712303
6.774501,-0.999964,0.000000,0.000000,0.000000,-0.000000,-0.000000,1.000000,0.436903,-0.125817,0.244568,0.996349,-0.060972,-0.055483,0.022196,0.495335,-0.126371,0.244406,0.995466,-0.061638,-0.071236,0.013166,3.106242,0.140667,-0.126170,-0.072664,0.001900,-0.000714,-0.032232,0.048624,-0.021201,-3.798462,0.512533,0.451473,-0.747003,-2.029586,-0.102072,-0.465271,0.029368,0.237514,-2.120447,-0.062207,2.011801,0.712119
6.824600,-0.999964,0.000000,0.000000,0.000000,-0.000000,-0.000000,1.000000,0.432903,-0.125817,0.244568,0.996349,-0.060972,-0.055483,0.022196,0.491641,-0.126351,0.244359,0.995342,-0.062161,-0.072346,0.014023,3.104295,0.142759,-0.127409,-0.071418,0.001294,0.001113,-0.033653,0.043769,-0.020878,-2.992185,0.242566,0.608833,-0.608242,-1.830054,-0.133214,-0.465562,0.020187,0.236519,-2.131485,-0.062200,2.012047,0.711867
6.874612,-0.999964,0.000000,0.000000,0.000000,-0.000000,-0.000000,1.000000,0.428904,-0.125817,0.244568,0.996349,-0.060972,-0.055483,0.022196,0.488022,-0.126348,0.244547,0.995229,-0.062665,-0.073279,0.014925,3.102281,0.144491,-0.128610,-0.072068,0.001017,0.002587,-0.033744,0.040417,-0.021730,-4.057152,0.428805,-0.340909,-0.526816,-1.850437,-0.158400,-0.466083,0.010707,0.235764,-2.142233,-0.062173,2.012079,0.711526
6.926583,-0.999964,0.000000,0.000000,0.000000,-0.000000,-0.000000,1.000000,0.424904,-0.125817,0.244568,0.996349,-0.060972,-0.055483,0.022196,0.484252,-0.126329,0.244472,0.995103,-0.063185,-0.074350,0.015777,3.100345,0.146501,-0.129849,-0.070670,0.002463,-0.003310,-0.029482,0.043798,-0.018323,-3.939164,0.423710,1.148148,-0.625275,-2.616200,-0.136662,-0.466435,0.001292,0.234788,-2.153519,-0.062140,2.012426,0.711166
6.975410,-0.999964,0.000000,0.000000,0.000000,-0.000000,-0.000000,1.000000,0.420904,-0.125817,0.244568,0.996349,-0.060972,-0.055483,0.022196,0.480539,-0.126347,0.244541,0.994978,-0.063758,-0.075342,0.016652,3.098361,0.148347,-0.131197,-0.073199,0.001364,0.001429,-0.030137,0.046106,-0.019755,-4.339108,0.525977,-0.029319,-0.510068,-2.267259,-0.119140,-0.466471,-0.008212,0.233464,-2.164479,-0.062125,2.012520,0.710847
7.025622,-0.999964,0.000000,0.000000,0.000000,-0.000000,-0.000000,1.000000,0.416904,-0.125817,0.244568,0.996349,-0.060972,-0.055483,0.022196,0.476794,-0.126355,0.244634,0.994857,-0.064271,-0.076309,0.017502,3.096437,0.150146,-0.132425,-0.076850,0.001198,-0.002614,-0.033198,0.044586,-0.020935,-3.778455,0.295250,0.060519,-0.312054,-2.079811,-0.166248,-0.466491,-0.017873,0.232110,-2.175502,-0.062052,2.012573,0.710338
7.076365,-0.999964,0.000000,0.000000,0.000000,-0.000000,-0.000000,1.000000,0.412904,-0.125817,0.244568,0.996349,-0.060972,-0.055483,0.022196,0.473052,-0.126337,0.244517,0.994729,-0.064814,-0.077318,0.018299,3.094605,0.152035,-0.133710,-0.069899,-0.000074,0.001540,-0.032744,0.035125,-0.020621,-4.524439,0.543620,0.657898,-0.460690,-2.815632,-0.114834,-0.466522,-0.027223,0.230800,-2.186651,-0.061992,2.012945,0.709932
7.126440,-0.999964,0.000000,0.000000,0.000000,-0.000000,-0.000000,1.000000,0.408904,-0.125817,0.244568,0.996349,-0.060972,-0.055483,0.022196,0.469352,-0.126322,0.244699,0.994614,-0.065323,-0.078162,0.019138,3.092716,0.153584,-0.134927,-0.075798,0.003556,0.001981,-0.030345,0.043111,-0.016516,-4.614155,0.404085,-0.540220,-0.197874,-2.278811,-0.194045,-0.466611,-0.037050,0.229558,-2.197522,-0.061865,2.012924,0.709373
7.176469,-0.823967,0.000000,0.000000,0.000000,-0.000000,-0.000000,1.000000,0.405608,-0.125817,0.244568,0.996349,-0.060972,-0.055483,0.022196,0.465493,-0.126272,0.244632,0.994488,-0.065809,-0.079159,0.019942,3.090877,0.155445,-0.136105,-0.075192,0.001509,-0.002731,-0.031680,0.041733,-0.022635,-4.238571,0.400001,1.289205,-0.372562,-3.043839,-0.138289,-0.466699,-0.046843,0.228312,-2.208929,-0.061773,2.013152,0.708781
7.226494,-0.546078,0.000000,0.000000,0.000000,-0.000000,-0.000000,1.000000,0.403424,-0.125817,0.244568,0.996349,-0.060972,-0.055483,0.022196,0.461824,-0.126265,0.244737,0.994377,-0.066255,-0.079969,0.020733,3.089094,0.156934,-0.137192,-0.071993,0.000496,0.003851,-0.031902,0.030378,-0.013315,-4.788832,0.392221,-0.759254,-0.131794,-2.336798,-0.195513,-0.466746,-0.056531,0.227010,-2.219720,-0.061652,2.013238,0.708045
7.276519,-0.462711,0.000000,0.000000,0.000000,-0.000000,-0.000000,1.000000,0.401573,-0.125817,0.244568,0.996349,-0.060972,-0.055483,0.022196,0.457888,-0.126244,0.244745,0.994259,-0.066688,-0.080874,0.021457,3.087432,0.158623,-0.138252,-0.073987,0.000039,-0.000498,-0.028166,0.031309,-0.016207,-4.587363,0.320480,0.335248,-0.164312,-2.800155,-0.207986,-0.466773,-0.066737,0.225538,-2.231274,-0.061371,2.013382,0.707025
7.326701,-0.277416,0.000000,0.000000,0.000000,-0.000000,-0.000000,1.000000,0.400464,-0.125817,0.244568,0.996349,-0.060972,-0.055483,0.022196,0.454131,-0.126243,0.244760,0.994159,-0.067062,-0.081629,0.022072,3.086019,0.160027,-0.139166,-0.072313,0.000565,0.001969,-0.020815,0.030753,-0.011051,-4.856790,0.477534,-0.036237,-0.174131,-2.819489,-0.157518,-0.466776,-0.076624,0.223996,-2.242401,-0.060942,2.013679,0.705757
7.376496,-0.082893,0.000000,0.000000,0.000000,-0.000000,-0.000000,1.000000,0.400132,-0.125817,0.244568,0.996349,-0.060972,-0.055483,0.022196,0.450446,-0.126283,0.244864,0.994064,-0.067407,-0.082343,0.022626,3.084740,0.161357,-0.140010,-0.074464,-0.000277,-0.001642,-0.021151,0.031693,-0.014882,-5.054229,0.470855,0.021051,-0.156375,-2.934080,-0.189947,-0.466803,-0.086432,0.222385,-2.253129,-0.060443,2.013721,0.704273
7.427284,-0.036578,0.000000,0.000000,0.000000,-0.000000,-0.000000,1.000000,0.399986,-0.125817,0.244568,0.996349,-0.060972,-0.055483,0.022196,0.446839,-0.126304,0.244898,0.993979,-0.067746,-0.082924,0.023223,3.083393,0.162417,-0.140840,-0.068260,-0.000052,0.004405,-0.024825,0.018762,-0.005064,-4.534770,0.361113,0.208494,-0.108664,-2.853337,-0.178322,-0.466815,-0.096155,0.220854,-2.263919,-0.060038,2.014175,0.702916
7.476519,-0.000000,0.000000,0.000000,0.000000,-0.000000,-0.000000,1.000000,0.399986,-0.125817,0.244568,0.996349,-0.060972,-0.055483,0.022196,0.443389,-0.126317,0.245020,0.993905,-0.067981,-0.083475,0.023733,3.082241,0.163432,-0.141446,-0.065589,0.000689,0.001641,-0.020803,0.026923,-0.000808,-5.521216,0.646415,-0.482393,-0.157343,-3.021321,-0.160865,-0.466815,-0.105573,0.219342,-2.274056,-0.059545,2.014310,0.701315
7.527398,-0.000000,0.000000,0.000000,0.000000,-0.000000,-0.000000,1.000000,0.399986,-0.125817,0.244568,0.996349,-0.060972,-0.055483,0.022196,0.440079,-0.126313,0.245049,0.993835,-0.068217,-0.083965,0.024249,3.081087,0.164325,-0.142050,-0.063791,0.001159,0.000954,-0.018643,0.017878,-0.008573,-4.484255,0.415022,0.270969,-0.118275,-2.922013,-0.153880,-0.466827,-0.114587,0.217953,-2.283948,-0.059144,2.014706,0.699884
7.576610,-0.000000,0.000000,0.000000,0.000000,-0.000000,-0.000000,1.000000,0.399986,-0.125817,0.244568,0.996349,-0.060972,-0.055483,0.022196,0.437071,-0.126311,0.245144,0.993774,-0.068463,-0.084358,0.024692,3.080092,0.165033,-0.142654,-0.059403,0.000811,0.002402,-0.017252,0.017378,-0.010220,-4.876033,0.496564,-0.423436,-0.065725,-2.823442,-0.150914,-0.466830,-0.122940,0.216643,-2.292882,-0.058699,2.014948,0.698537
7.626740,-0.000000,0.000000,0.000000,0.000000,-0.000000,-0.000000,1.000000,0.399986,-0.125817,0.244568,0.996349,-0.060972,-0.055483,0.022196,0.434262,-0.126305,0.245224,0.993716,-0.068703,-0.084734,0.025084,3.079203,0.165713,-0.143239,-0.052919,0.001260,0.000732,-0.012381,0.015132,-0.007553,-5.630737,0.827093,-0.420640,-0.207581,-3.201750,-0.083403,-0.466836,-0.130724,0.215417,-2.301178,-0.058268,2.015115,0.697277
7.677362,-0.000000,0.000000,0.000000,0.000000,-0.000000,-0.000000,1.000000,0.399986,-0.125817,0.244568,0.996349,-0.060972,-0.055483,0.022196,0.431601,-0.126292,0.245235,0.993656,-0.068965,-0.085089,0.025511,3.078241,0.166345,-0.143871,-0.051727,0.001599,-0.001634,-0.016654,0.018870,-0.003654,-4.871583,0.552491,-0.034862,-0.109112,-3.050164,-0.124601,-0.466833,-0.138044,0.214308,-2.309120,-0.057997,2.015421,0.696282
7.727316,-0.000000,0.000000,0.000000,0.000000,-0.000000,-0.000000,1.000000,0.399986,-0.125817,0.244568,0.996349,-0.060972,-0.055483,0.022196,0.429263,-0.126264,0.245305,0.993607,-0.069205,-0.085368,0.025864,3.077446,0.166837,-0.144441,-0.044016,0.000322,0.001940,-0.013101,0.010497,-0.009915,-4.990299,0.484463,-0.347397,-0.024337,-2.966614,-0.165167,-0.466833,-0.144611,0.213336,-2.316049,-0.057677,2.015565,0.695365
7.778308,-0.000000,0.000000,0.000000,0.000000,-0.000000,-0.000000,1.000000,0.399986,-0.125817,0.244568,0.996349,-0.060972,-0.055483,0.022196,0.427080,-0.126267,0.245390,0.993566,-0.069359,-0.085620,0.026156,3.076792,0.167290,-0.144825,-0.042404,0.001068,0.000269,-0.007145,0.015243,-0.000204,-5.609404,0.800196,-0.501461,-0.140146,-3.197781,-0.090406,-0.466833,-0.150757,0.212344,-2.322452,-0.057344,2.015631,0.694260
7.828353,-0.000000,0.000000,0.000000,0.000000,-0.000000,-0.000000,1.000000,0.399986,-0.125817,0.244568,0.996349,-0.060972,-0.055483,0.022196,0.425082,-0.126290,0.245384,0.993534,-0.069433,-0.085865,0.026393,3.076262,0.167740,-0.145036,-0.038800,-0.000804,-0.001630,-0.008552,0.011954,0.002211,-5.241992,0.680443,-0.397150,-0.089804,-3.101909,-0.100113,-0.466833,-0.156247,0.211382,-2.328369,-0.057060,2.015850,0.693078
7.878415,-0.000000,0.000000,0.000000,0.000000,-0.000000,-0.000000,1.000000,0.399986,-0.125817,0.244568,0.996349,-0.060972,-0.055483,0.022196,0.423244,-0.126316,0.245341,0.993502,-0.069525,-0.086094,0.026590,3.075813,0.168164,-0.145278,-0.035586,0.000327,-0.001138,-0.006932,0.013412,-0.002579,-5.123819,0.689525,-0.347698,-0.090002,-3.096142,-0.083409,-0.466822,-0.161236,0.210462,-2.333827,-0.056786,2.016109,0.692014
7.928455,-0.000000,0.000000,0.000000,0.000000,-0.000000,-0.000000,1.000000,0.399986,-0.125817,0.244568,0.996349,-0.060972,-0.055483,0.022196,0.421639,-0.126367,0.245382,0.993472,-0.069641,-0.086280,0.026800,3.075339,0.168498,-0.145565,-0.030567,-0.000609,-0.000255,-0.006261,0.009249,-0.007895,-5.251013,0.636962,-0.335540,-0.056499,-3.144659,-0.124129,-0.466826,-0.165701,0.209635,-2.338489,-0.056611,2.016164,0.691135
7.978316,-0.000000,0.000000,0.000000,0.000000,-0.000000,-0.000000,1.000000,0.399986,-0.125817,0.244568,0.996349,-0.060972,-0.055483,0.022196,0.420186,-0.126410,0.245406,0.993443,-0.069780,-0.086466,0.026938,3.075008,0.168839,-0.145887,-0.025469,-0.001123,0.000194,-0.006624,0.006664,-0.003582,-5.358324,0.722219,-0.428225,-0.062859,-3.126759,-0.099345,-0.466828,-0.169692,0.208849,-2.342666,-0.056370,2.016167,0.690329
8.027716,-0.000000,0.000000,0.000000,0.000000,-0.000000,-0.000000,1.000000,0.399986,-0.125817,0.244568,0.996349,-0.060972,-0.055483,0.022196,0.418880,-0.126452,0.245345,0.993407,-0.069952,-0.086703,0.027065,3.074684,0.169284,-0.146280,-0.026055,-0.001360,-0.000686,-0.005037,0.009988,-0.011522,-5.438668,0.777926,-0.448799,-0.083318,-3.160892,-0.085984,-0.466827,-0.173069,0.208151,-2.346398,-0.056232,2.016207,0.689765
8.077727,-0.000000,0.000000,0.000000,0.000000,-0.000000,-0.000000,1.000000,0.399986,-0.125817,0.244568,0.996349,-0.060972,-0.055483,0.022196,0.417635,-0.126468,0.245351,0.993378,-0.070088,-0.086859,0.027248,3.074265,0.169559,-0.146601,-0.025113,0.000361,-0.000993,-0.005485,0.009829,-0.008676,-5.599440,0.763293,-0.250141,-0.106000,-3.334782,-0.108642,-0.466831,-0.176513,0.207574,-2.350027,-0.056137,2.016258,0.689255
8.132820,-0.000000,0.000000,0.000000,0.000000,-0.000000,-0.000000,1.000000,0.399986,-0.125817,0.244568,0.996349,-0.060972,-0.055483,0.022196,0.416494,-0.126450,0.245333,0.993356,-0.070204,-0.086964,0.027421,3.073880,0.169736,-0.146874,-0.021639,0.000701,-0.000793,-0.007807,0.002961,-0.006126,-5.259409,0.657251,-0.501443,-0.033584,-3.110410,-0.109126,-0.466830,-0.179722,0.207102,-2.353473,-0.056022,2.016447,0.688816
8.179301,-0.000000,0.000000,0.000000,0.000000,-0.000000,-0.000000,1.000000,0.399986,-0.125817,0.244568,0.996349,-0.060972,-0.055483,0.022196,0.415483,-0.126445,0.245287,0.993332,-0.070311,-0.087111,0.027565,3.073547,0.170002,-0.147131,-0.017742,-0.000331,-0.001066,-0.003820,0.005591,-0.006457,-5.661038,0.839367,-0.484620,-0.111080,-3.303527,-0.075135,-0.466830,-0.182441,0.206669,-2.356460,-0.055956,2.016559,0.688446
8.229328,-0.000000,0.000000,0.000000,0.000000,-0.000000,-0.000000,1.000000,0.399986,-0.125817,0.244568,0.996349,-0.060972,-0.055483,0.022196,0.414638,-0.126456,0.245219,0.993308,-0.070409,-0.087273,0.027666,3.073301,0.170305,-0.147362,-0.016442,0.000333,-0.001596,-0.002952,0.010202,-0.002776,-5.509667,0.707381,-0.435512,-0.057377,-3.242847,-0.116251,-0.466826,-0.184601,0.206265,-2.358905,-0.055914,2.016625,0.688127
8.279309,-0.000000,0.000000,0.000000,0.000000,-0.000000,-0.000000,1.000000,0.399986,-0.125817,0.244568,0.996349,-0.060972,-0.055483,0.022196,0.413924,-0.126488,0.245179,0.993284,-0.070530,-0.087413,0.027755,3.073077,0.170563,-0.147635,-0.013837,0.000256,-0.001060,-0.003518,0.007558,0.003126,-5.519573,0.749670,-0.275080,-0.097449,-3.282189,-0.100651,-0.466822,-0.186424,0.205878,-2.360919,-0.055901,2.016626,0.687899
8.329336,-0.000000,0.000000,0.000000,0.000000,-0.000000,-0.000000,1.000000,0.399986,-0.125817,0.244568,0.996349,-0.060972,-0.055483,0.022196,0.413281,-0.126529,0.245206,0.993268,-0.070642,-0.087478,0.027854,3.072849,0.170670,-0.147885,-0.012790,-0.001403,0.001639,-0.005892,0.001662,-0.004396,-5.544495,0.768449,-0.309246,-0.092641,-3.260220,-0.095708,-0.466831,-0.188232,0.205514,-2.362750,-0.055875,2.016613,0.687653
8.379445,-0.000000,0.000000,0.000000,0.000000,-0.000000,-0.000000,1.000000,0.399986,-0.125817,0.244568,0.996349,-0.060972,-0.055483,0.022196,0.412668,-0.126547,0.245243,0.993258,-0.070684,-0.087522,0.027954,3.072632,0.170740,-0.147991,-0.012338,-0.000389,0.000638,-0.003266,0.003140,-0.001211,-5.559765,0.695609,-0.315259,-0.052470,-3.268395,-0.126136,-0.466827,-0.190019,0.205203,-2.364532,-0.055840,2.016614,0.687327
8.429570,-0.000000,0.000000,0.000000,0.000000,-0.000000,-0.000000,1.000000,0.399986,-0.125817,0.244568,0.996349,-0.060972,-0.055483,0.022196,0.412090,-0.126563,0.245258,0.993244,-0.070769,-0.087580,0.028050,3.072414,0.170837,-0.148187,-0.009950,-0.000534,0.000796,-0.004603,0.000060,-0.002839,-5.661278,0.767373,-0.320001,-0.086024,-3.315192,-0.107073,-0.466825,-0.191653,0.204918,-2.366203,-0.055820,2.016619,0.687128
8.479682,-0.000000,0.000000,0.000000,0.000000,-0.000000,-0.000000,1.000000,0.399986,-0.125817,0.244568,0.996349,-0.060972,-0.055483,0.022196,0.411546,-0.126568,0.245232,0.993229,-0.070829,-0.087681,0.028125,3.072237,0.171023,-0.148331,-0.009266,0.000404,0.000307,-0.003460,0.002502,0.001097,-5.619746,0.727878,-0.346542,-0.067580,-3.290931,-0.113613,-0.466823,-0.193078,0.204668,-2.367756,-0.055807,2.016618,0.686927
8.530252,-0.000000,0.000000,0.000000,0.000000,-0.000000,-0.000000,1.000000,0.399986,-0.125817,0.244568,0.996349,-0.060972,-0.055483,0.022196,0.411073,-0.126577,0.245188,0.993213,-0.070908,-0.087788,0.028181,3.072093,0.171224,-0.148510,-0.008725,0.000061,-0.001191,-0.001620,0.003478,-0.001790,-5.686757,0.756075,-0.413194,-0.081393,-3.291720,-0.109403,-0.466828,-0.194254,0.204444,-2.369095,-0.055798,2.016623,0.686798
8.580348,-0.000000,0.000000,0.000000,0.000000,-0.000000,-0.000000,1.000000,0.399986,-0.125817,0.244568,0.996349,-0.060972,-0.055483,0.022196,0.410625,-0.126582,0.245119,0.993195,-0.070982,-0.087919,0.028223,3.071973,0.171474,-0.148679,-0.008618,0.000313,-0.001521,-0.001935,0.005677,-0.001124,-5.677432,0.744684,-0.364299,-0.087862,-3.316139,-0.110687,-0.466822,-0.195288,0.204229,-2.370345,-0.055796,2.016625,0.686691
8.629491,-0.000000,0.000000,0.000000,0.000000,-0.000000,-0.000000,1.000000,0.399986,-0.125817,0.244568,0.996349,-0.060972,-0.055483,0.022196,0.410193,-0.126593,0.245060,0.993179,-0.071039,-0.088036,0.028263,3.071863,0.171698,-0.148814,-0.007896,-0.000011,-0.000664,-0.000287,0.004731,-0.000948,-5.724323,0.743801,-0.404016,-0.088458,-3.330621,-0.117590,-0.466825,-0.196306,0.204014,-2.371553,-0.055792,2.016629,0.686540
8.679733,-0.000000,0.000000,0.000000,0.000000,-0.000000,-0.000000,1.000000,0.399986,-0.125817,0.244568,0.996349,-0.060972,-0.055483,0.022196,0.409814,-0.126606,0.245033,0.993167,-0.071097,-0.088110,0.028311,3.071744,0.171835,-0.148946,-0.007282,-0.000129,-0.000190,-0.001676,0.002912,-0.001008,-5.756563,0.804944,-0.408906,-0.111481,-3.344045,-0.094005,-0.466825,-0.197274,0.203819,-2.372630,-0.055789,2.016639,0.686416
8.729788,-0.000000,0.000000,0.000000,0.000000,-0.000000,-0.000000,1.000000,0.399986,-0.125817,0.244568,0.996349,-0.060972,-0.055483,0.022196,0.409469,-0.126615,0.245016,0.993157,-0.071138,-0.088173,0.028359,3.071629,0.171951,-0.149044,-0.006173,0.000746,-0.000969,-0.002750,0.003421,0.002940,-5.836842,0.797800,-0.237378,-0.126103,-3.440960,-0.105868,-0.466823,-0.198174,0.203648,-2.373611,-0.055791,2.016641,0.686289
8.780487,-0.000000,0.000000,0.000000,0.000000,-0.000000,-0.000000,1.000000,0.399986,-0.125817,0.244568,0.996349,-0.060972,-0.055483,0.022196,0.409150,-0.126625,0.245007,0.993147,-0.071198,-0.088223,0.028403,3.071522,0.172041,-0.149179,-0.006485,-0.000961,0.000131,-0.003145,0.002162,-0.004779,-5.808618,0.784050,-0.270940,-0.116132,-3.416313,-0.111208,-0.466826,-0.199022,0.203489,-2.374516,-0.055781,2.016638,0.686202
8.830506,-0.000000,0.000000,0.000000,0.000000,-0.000000,-0.000000,1.000000,0.399986,-0.125817,0.244568,0.996349,-0.060972,-0.055483,0.022196,0.408830,-0.126628,0.245027,0.993140,-0.071250,-0.088239,0.028470,3.071375,0.172059,-0.149297,-0.006446,-0.000112,0.000770,-0.003772,-0.000508,-0.001789,-5.786612,0.839512,-0.256083,-0.146154,-3.411435,-0.080814,-0.466824,-0.199976,0.203347,-2.375460,-0.055779,2.016648,0.686119
8.880644,-0.000000,0.000000,0.000000,0.000000,-0.000000,-0.000000,1.000000,0.399986,-0.125817,0.244568,0.996349,-0.060972,-0.055483,0.022196,0.408491,-0.126612,0.245073,0.993135,-0.071290,-0.088231,0.028562,3.071184,0.172025,-0.149393,-0.006502,-0.000803,0.001963,-0.004934,-0.003211,-0.004135,-5.792284,0.823811,-0.379900,-0.123835,-3.374040,-0.086731,-0.466829,-0.201080,0.203255,-2.376492,-0.055772,2.016654,0.686041
8.930664,-0.000000,0.000000,0.000000,0.000000,-0.000000,-0.000000,1.000000,0.399986,-0.125817,0.244568,0.996349,-0.060972,-0.055483,0.022196,0.408157,-0.126588,0.245142,0.993132,-0.071332,-0.088193,0.028668,3.070969,0.171931,-0.149493,-0.007386,0.000757,0.000866,-0.004676,-0.000181,-0.003608,-5.930432,0.793587,-0.277754,-0.124694,-3.498467,-0.115313,-0.466827,-0.202249,0.203180,-2.377537,-0.055763,2.016672,0.685985
8.980593,-0.000000,0.000000,0.000000,0.000000,-0.000000,-0.000000,1.000000,0.399986,-0.125817,0.244568,0.996349,-0.060972,-0.055483,0.022196,0.407855,-0.126554,0.245181,0.993131,-0.071356,-0.088157,0.028767,3.070772,0.171842,-0.149555,-0.006474,0.001044,0.000113,-0.002183,0.001123,-0.001712,-5.856771,0.904259,-0.388944,-0.167880,-3.445026,-0.058491,-0.466824,-0.203293,0.203139,-2.378528,-0.055756,2.016755,0.685938
9.030598,0.147770,0.000000,0.000000,0.000000,-0.000000,-0.000000,1.000000,0.400577,-0.125817,0.244568,0.996349,-0.060972,-0.055483,0.022196,0.407622,-0.126536,0.245193,0.993129,-0.071386,-0.088131,0.028837,3.070628,0.171777,-0.149626,-0.003703,-0.000256,0.000087,-0.002935,-0.002528,0.000259,-5.816560,0.828692,-0.385275,-0.146172,-3.449326,-0.083934,-0.466827,-0.204066,0.203091,-2.379308,-0.055752,2.016858,0.685910
9.080755,0.295977,0.000000,0.000000,0.000000,-0.000000,-0.000000,1.000000,0.401761,-0.125817,0.244568,0.996349,-0.060972,-0.055483,0.022196,0.407437,-0.126526,0.245196,0.993126,-0.071419,-0.088126,0.028884,3.070530,0.171758,-0.149701,-0.003085,0.000176,0.000340,-0.000823,-0.001639,-0.003035,-5.862076,0.860191,-0.513781,-0.147850,-3.417328,-0.076376,-0.466824,-0.204639,0.203037,-2.379902,-0.055747,2.016919,0.685895
9.131437,0.305240,0.000000,0.000000,0.000000,-0.000000,-0.000000,1.000000,0.402982,-0.125817,0.244568,0.996349,-0.060972,-0.055483,0.022196,0.407300,-0.126532,0.245186,0.993122,-0.071454,-0.088131,0.028908,3.070475,0.171762,-0.149776,-0.001941,0.000014,-0.000098,0.000695,-0.000787,-0.004066,-5.889660,0.900210,-0.421905,-0.173130,-3.466590,-0.062690,-0.466825,-0.205018,0.202964,-2.380324,-0.055746,2.016971,0.685875
9.181510,0.305240,0.000000,0.000000,0.000000,-0.000000,-0.000000,1.000000,0.404203,-0.125817,0.244568,0.996349,-0.060972,-0.055483,0.022196,0.407212,-0.126537,0.245186,0.993120,-0.071475,-0.088127,0.028927,3.070433,0.171749,-0.149821,-0.001724,0.000026,-0.000463,-0.000588,0.000715,-0.001403,-5.805580,0.868618,-0.441331,-0.154322,-3.418093,-0.069808,-0.466825,-0.205284,0.202917,-2.380604,-0.055746,2.017007,0.685858
9.231540,0.305240,0.000000,0.000000,0.000000,-0.000000,-0.000000,1.000000,0.405424,-0.125817,0.244568,0.996349,-0.060972,-0.055483,0.022196,0.407182,-0.126546,0.245194,0.993122,-0.071491,-0.088098,0.028938,3.070412,0.171689,-0.149852,-0.000338,-0.000052,-0.000175,0.000161,-0.000751,-0.000422,-5.716648,0.809959,-0.448916,-0.122892,-3.369720,-0.085196,-0.466821,-0.205419,0.202878,-2.380730,-0.055743,2.017062,0.685850
9.282373,0.314503,0.000000,0.000000,0.000000,-0.000000,-0.000000,1.000000,0.406682,-0.125817,0.244568,0.996349,-0.060972,-0.055483,0.022196,0.407209,-0.126556,0.245199,0.993128,-0.071492,-0.088021,0.028952,3.070397,0.171532,-0.149848,0.001276,0.000122,0.001257,-0.002098,-0.006334,0.002294,-5.616535,0.840797,-0.543547,-0.127028,-3.295129,-0.063277,-0.466823,-0.205454,0.202870,-2.380773,-0.055740,2.017230,0.685844
9.331619,0.314503,0.000000,0.000000,0.000000,-0.000000,-0.000000,1.000000,0.407940,-0.125817,0.244568,0.996349,-0.060972,-0.055483,0.022196,0.407268,-0.126573,0.245200,0.993138,-0.071493,-0.087899,0.028971,3.070379,0.171285,-0.149842,0.001192,-0.001291,0.000142,-0.002341,-0.007919,-0.002771,-5.452055,0.833447,-0.462049,-0.134046,-3.265130,-0.050206,-0.466822,-0.205453,0.202860,-2.380800,-0.055738,2.017506,0.685847
9.382500,0.314503,0.000000,0.000000,0.000000,-0.000000,-0.000000,1.000000,0.409198,-0.125817,0.244568,0.996349,-0.060972,-0.055483,0.022196,0.407382,-0.126588,0.245219,0.993158,-0.071473,-0.087681,0.029007,3.070346,0.170846,-0.149788,0.002388,-0.000457,0.000426,-0.003079,-0.010140,0.001697,-5.214701,0.775385,-0.577633,-0.091698,-3.113816,-0.048566,-0.466810,-0.205457,0.202869,-2.380809,-0.055730,2.017952,0.685842
9.434756,0.314503,0.000000,0.000000,0.000000,-0.000000,-0.000000,1.000000,0.410456,-0.125817,0.244568,0.996349,-0.060972,-0.055483,0.022196,0.407540,-0.126613,0.245247,0.993184,-0.071453,-0.087383,0.029053,3.070305,0.170244,-0.149725,0.004704,-0.000576,0.001251,-0.004690,-0.020595,0.003918,-5.054723,0.804252,-0.622889,-0.093800,-3.033065,-0.015343,-0.466789,-0.205459,0.202867,-2.380809,-0.055717,2.018556,0.685836
9.483741,0.314503,0.000000,0.000000,0.000000,-0.000000,-0.000000,1.000000,0.411714,-0.125817,0.244568,0.996349,-0.060972,-0.055483,0.022196,0.407740,-0.126638,0.245278,0.993217,-0.071424,-0.087010,0.029112,3.070252,0.169492,-0.149638,0.004505,-0.000510,0.001052,-0.004046,-0.019214,0.001250,-4.922374,0.784905,-0.656143,-0.080704,-2.969462,-0.009836,-0.466756,-0.205455,0.202872,-2.380814,-0.055701,2.019320,0.685835
9.537005,0.314503,0.000000,0.000000,0.000000,-0.000000,-0.000000,1.000000,0.412972,-0.125817,0.244568,0.996349,-0.060972,-0.055483,0.022196,0.407992,-0.126656,0.245315,0.993260,-0.071365,-0.086548,0.029190,3.070181,0.168559,-0.149488,0.004243,-0.000883,0.000656,-0.005282,-0.017500,0.003084,-4.820190,0.755671,-0.746344,-0.052453,-2.884400,-0.010582,-0.466674,-0.205447,0.202873,-2.380821,-0.055692,2.020275,0.685833
9.584664,0.314503,0.000000,0.000000,0.000000,-0.000000,-0.000000,1.000000,0.414230,-0.125817,0.244568,0.996349,-0.060972,-0.055483,0.022196,0.408288,-0.126669,0.245367,0.993309,-0.071295,-0.086007,0.029279,3.070103,0.167471,-0.149309,0.005175,0.000131,0.001271,-0.005457,-0.021962,0.003766,-4.699739,0.777953,-0.724173,-0.061581,-2.838903,0.007540,-0.466576,-0.205447,0.202888,-2.380817,-0.055666,2.021365,0.685833
9.635667,0.314503,0.000000,0.000000,0.000000,-0.000000,-0.000000,1.000000,0.415488,-0.125817,0.244568,0.996349,-0.060972,-0.055483,0.022196,0.408625,-0.126680,0.245418,0.993365,-0.071214,-0.085396,0.029373,3.070026,0.166240,-0.149100,0.006475,-0.000165,0.001600,-0.005541,-0.028425,0.002534,-4.576255,0.820628,-0.740855,-0.072056,-2.775042,0.036049,-0.466454,-0.205434,0.202899,-2.380819,-0.055630,2.022615,0.685831
9.685578,0.314503,0.000000,0.000000,0.000000,-0.000000,-0.000000,1.000000,0.416746,-0.125817,0.244568,0.996349,-0.060972,-0.055483,0.022196,0.409033,-0.126630,0.245473,0.993428,-0.071260,-0.084643,0.029283,3.070323,0.164745,-0.149103,0.007539,0.001146,0.001608,-0.000309,-0.033852,0.000524,-4.532186,0.847420,-0.814201,-0.051612,-2.729944,0.057671,-0.466390,-0.205421,0.202931,-2.380817,-0.055115,2.024074,0.685811
9.736749,0.314503,0.000000,0.000000,0.000000,-0.000000,-0.000000,1.000000,0.418004,-0.125817,0.244568,0.996349,-0.060972,-0.055483,0.022196,0.409443,-0.126621,0.245518,0.993492,-0.071253,-0.083900,0.029279,3.070454,0.163260,-0.149016,0.007129,0.000383,0.001388,-0.002114,-0.031241,-0.000283,-4.347558,0.837880,-0.778607,-0.020842,-2.676704,0.075062,-0.466341,-0.205364,0.202978,-2.380811,-0.054807,2.025586,0.685795
9.787608,0.314503,0.000000,0.000000,0.000000,-0.000000,-0.000000,1.000000,0.419262,-0.125817,0.244568,0.996349,-0.060972,-0.055483,0.022196,0.409932,-0.126610,0.245565,0.993567,-0.071241,-0.083017,0.029280,3.070598,0.161494,-0.148907,0.009046,-0.000264,0.001097,-0.004744,-0.039662,0.002377,-4.233526,0.863546,-0.917572,-0.006144,-2.570033,0.097928,-0.466256,-0.205286,0.203017,-2.380813,-0.054460,2.027402,0.685789
9.838964,0.314503,0.000000,0.000000,0.000000,-0.000000,-0.000000,1.000000,0.420520,-0.125817,0.244568,0.996349,-0.060972,-0.055483,0.022196,0.410455,-0.126596,0.245589,0.993646,-0.071183,-0.082103,0.029317,3.070682,0.159666,-0.148707,0.009853,0.000270,0.000791,-0.003092,-0.042022,0.000953,-4.108461,0.816348,-0.934668,0.019296,-2.501090,0.088245,-0.466171,-0.205135,0.203109,-2.380814,-0.054185,2.029362,0.685788
9.886863,0.314503,0.000000,0.000000,0.000000,-0.000000,-0.000000,1.000000,0.421778,-0.125817,0.244568,0.996349,-0.060972,-0.055483,0.022196,0.411024,-0.126590,0.245596,0.993729,-0.071123,-0.081129,0.029349,3.070785,0.157719,-0.148498,0.009561,0.000443,0.000548,-0.003941,-0.037176,0.004488,-4.025449,0.901821,-0.966860,-0.005484,-2.447237,0.132640,-0.466110,-0.204904,0.203219,-2.380800,-0.053892,2.031502,0.685780
9.937458,0.314503,0.000000,0.000000,0.000000,-0.000000,-0.000000,1.000000,0.423036,-0.125817,0.244568,0.996349,-0.060972,-0.055483,0.022196,0.411596,-0.126569,0.245572,0.993812,-0.071007,-0.080188,0.029405,3.070844,0.155837,-0.148183,0.010509,0.001309,-0.000473,-0.004747,-0.038483,0.008573,-3.856919,0.776103,-0.913590,0.040805,-2.387803,0.092672,-0.465944,-0.204597,0.203293,-2.380790,-0.053688,2.033663,0.685779
9.987371,0.314503,0.000000,0.000000,0.000000,-0.000000,-0.000000,1.000000,0.424294,-0.125817,0.244568,0.996349,-0.060972,-0.055483,0.022196,0.412183,-0.126546,0.245549,0.993896,-0.070903,-0.079227,0.029449,3.070925,0.153918,-0.147887,0.010702,0.001165,-0.000791,-0.004481,-0.039922,0.008161,-3.614765,0.851637,-0.815902,0.002371,-2.294947,0.145811,-0.465814,-0.204268,0.203399,-2.380760,-0.053449,2.035858,0.685781
10.039471,0.314503,0.000000,0.000000,0.000000,-0.000000,-0.000000,1.000000,0.425552,-0.125817,0.244568,0.996349,-0.060972,-0.055483,0.022196,0.412799,-0.126506,0.245544,0.993982,-0.070775,-0.078224,0.029510,3.070985,0.151912,-0.147542,0.011540,0.001075,-0.000063,-0.005803,-0.044478,0.009002,-3.197758,0.803353,-0.807500,0.041565,-2.086580,0.172043,-0.465736,-0.203964,0.203613,-2.380713,-0.053194,2.038106,0.685779
10.092348,0.314503,0.000000,0.000000,0.000000,-0.000000,-0.000000,1.000000,0.426810,-0.125817,0.244568,0.996349,-0.060972,-0.055483,0.022196,0.413445,-0.126455,0.245549,0.994072,-0.070643,-0.077177,0.029565,3.071061,0.149822,-0.147187,0.012285,0.002213,0.000062,-0.004963,-0.045210,0.010369,-2.990202,0.749646,-0.695897,0.063157,-2.026780,0.171175,-0.465661,-0.203650,0.203856,-2.380645,-0.052904,2.040424,0.685780
10.139708,0.314503,0.000000,0.000000,0.000000,-0.000000,-0.000000,1.000000,0.428068,-0.125817,0.244568,0.996349,-0.060972,-0.055483,0.022196,0.414109,-0.126414,0.245548,0.994164,-0.070485,-0.076096,0.029654,3.071077,0.147660,-0.146778,0.011983,0.000101,0.000311,-0.006373,-0.047222,0.005912,-2.732703,0.732096,-0.765115,0.076468,-1.870254,0.191158,-0.465547,-0.203324,0.204072,-2.380595,-0.052687,2.042853,0.685782
10.189395,0.314503,0.000000,0.000000,0.000000,-0.000000,-0.000000,1.000000,0.429326,-0.125817,0.244568,0.996349,-0.060972,-0.055483,0.022196,0.414817,-0.126348,0.245542,0.994259,-0.070292,-0.074997,0.029725,3.071138,0.145466,-0.146296,0.012130,0.002115,-0.000720,-0.005234,-0.042356,0.012289,-2.653781,0.808017,-0.671144,0.039676,-1.854851,0.227709,-0.465282,-0.202895,0.204203,-2.380464,-0.052460,2.045323,0.685783
10.238543,0.314503,0.000000,0.000000,0.000000,-0.000000,-0.000000,1.000000,0.430584,-0.125817,0.244568,0.996349,-0.060972,-0.055483,0.022196,0.415566,-0.126278,0.245544,0.994356,-0.070084,-0.073880,0.029782,3.071231,0.143242,-0.145781,0.013391,0.001561,-0.000050,-0.004733,-0.045342,0.010189,-2.431460,0.759135,-0.725376,0.076570,-1.719931,0.223978,-0.464950,-0.202378,0.204285,-2.380229,-0.052225,2.047801,0.685776
10.289464,0.314503,0.000000,0.000000,0.000000,-0.000000,-0.000000,1.000000,0.431842,-0.125817,0.244568,0.996349,-0.060972,-0.055483,0.022196,0.416349,-0.126229,0.245529,0.994456,-0.069863,-0.072688,0.029878,3.071258,0.140861,-0.145238,0.013952,0.002306,-0.001115,-0.006399,-0.049511,0.012011,-2.295087,0.811060,-0.757425,0.060370,-1.642818,0.264803,-0.464613,-0.201839,0.204358,-2.380049,-0.052058,2.050519,0.685784
10.339682,0.314503,0.000000,0.000000,0.000000,-0.000000,-0.000000,1.000000,0.433100,-0.125817,0.244568,0.996349,-0.060972,-0.055483,0.022196,0.417119,-0.126173,0.245518,0.994554,-0.069658,-0.071497,0.029965,3.071298,0.138482,-0.144728,0.013795,0.001851,0.000548,-0.005203,-0.047730,0.011516,-2.167626,0.707019,-0.781854,0.118572,-1.569575,0.234452,-0.464421,-0.201346,0.204568,-2.379900,-0.051834,2.053225,0.685780
10.389209,0.314503,0.000000,0.000000,0.000000,-0.000000,-0.000000,1.000000,0.434358,-0.125817,0.244568,0.996349,-0.060972,-0.055483,0.022196,0.417913,-0.126119,0.245534,0.994649,-0.069465,-0.070320,0.030046,3.071347,0.136133,-0.144241,0.015203,0.000949,0.000537,-0.005328,-0.049471,0.006412,-2.019730,0.688903,-0.806355,0.135235,-1.483981,0.241735,-0.464308,-0.200792,0.204858,-2.379612,-0.051593,2.055822,0.685785
10.439565,0.314503,0.000000,0.000000,0.000000,-0.000000,-0.000000,1.000000,0.435616,-0.125817,0.244568,0.996349,-0.060972,-0.055483,0.022196,0.418746,-0.126062,0.245562,0.994738,-0.069277,-0.069221,0.030078,3.071477,0.133947,-0.143767,0.016739,0.000891,0.001626,-0.005961,-0.048833,0.008004,-1.866753,0.711421,-0.834120,0.139667,-1.387128,0.267627,-0.464250,-0.200016,0.205207,-2.379030,-0.051310,2.058172,0.685784
10.492664,0.314503,0.000000,0.000000,0.000000,-0.000000,-0.000000,1.000000,0.436874,-0.125817,0.244568,0.996349,-0.060972,-0.055483,0.022196,0.419631,-0.126026,0.245553,0.994824,-0.069096,-0.068170,0.030070,3.071681,0.131860,-0.143307,0.017307,0.000212,-0.000404,-0.002456,-0.047973,0.008717,-1.802184,0.779654,-0.708429,0.101133,-1.399825,0.299811,-0.464165,-0.198942,0.205493,-2.378232,-0.051039,2.060489,0.685783
10.545758,0.314503,0.000000,0.000000,0.000000,-0.000000,-0.000000,1.000000,0.438132,-0.125817,0.244568,0.996349,-0.060972,-0.055483,0.022196,0.420617,-0.126011,0.245488,0.994910,-0.068879,-0.067128,0.030047,3.071916,0.129798,-0.142772,0.020643,0.000563,-0.000900,-0.000454,-0.050178,0.008126,-1.645185,0.683794,-0.769953,0.152591,-1.290749,0.274778,-0.464059,-0.197459,0.205771,-2.377160,-0.050840,2.062907,0.685784
10.594738,0.314503,0.000000,0.000000,0.000000,-0.000000,-0.000000,1.000000,0.439390,-0.125817,0.244568,0.996349,-0.060972,-0.055483,0.022196,0.421636,-0.126020,0.245405,0.994986,-0.068642,-0.066273,0.029981,3.072210,0.128116,-0.142210,0.020739,-0.001497,-0.001200,0.000159,-0.039344,0.010789,-1.638361,0.757284,-0.739556,0.095677,-1.279010,0.300902,-0.463887,-0.195557,0.205957,-2.375654,-0.050737,2.064912,0.685777
10.640500,0.314503,0.000000,0.000000,0.000000,-0.000000,-0.000000,1.000000,0.440648,-0.125817,0.244568,0.996349,-0.060972,-0.055483,0.022196,0.422752,-0.126052,0.245303,0.995060,-0.068397,-0.065450,0.029888,3.072552,0.126503,-0.141632,0.023128,-0.000780,-0.000820,0.000593,-0.040749,0.009038,-1.433431,0.741892,-0.616706,0.076985,-1.214038,0.306691,-0.463776,-0.193276,0.206201,-2.373787,-0.050662,2.066858,0.685781
10.690545,0.314503,0.000000,0.000000,0.000000,-0.000000,-0.000000,1.000000,0.441906,-0.125817,0.244568,0.996349,-0.060972,-0.055483,0.022196,0.423870,-0.126085,0.245215,0.995131,-0.068159,-0.064667,0.029780,3.072918,0.124970,-0.141069,0.022921,-0.001554,-0.000458,0.000439,-0.041999,0.008100,-1.405125,0.761789,-0.704661,0.073432,-1.144669,0.316980,-0.463635,-0.190946,0.206404,-2.371817,-0.050588,2.068662,0.685785
10.740585,0.314503,0.000000,0.000000,0.000000,-0.000000,-0.000000,1.000000,0.443164,-0.125817,0.244568,0.996349,-0.060972,-0.055483,0.022196,0.424932,-0.126092,0.245121,0.995202,-0.067911,-0.063872,0.029689,3.073252,0.123412,-0.140491,0.020444,-0.000521,-0.000961,0.000695,-0.035030,0.011254,-1.252997,0.763857,-0.456651,0.044401,-1.171532,0.330099,-0.463517,-0.188816,0.206664,-2.370071,-0.050490,2.070527,0.685781
10.790503,0.314503,0.000000,0.000000,0.000000,-0.000000,-0.000000,1.000000,0.444422,-0.125817,0.244568,0.996349,-0.060972,-0.055483,0.022196,0.425953,-0.126066,0.245097,0.995270,-0.067709,-0.063091,0.029556,3.073661,0.121883,-0.139998,0.019122,0.000840,0.000594,0.001822,-0.027006,0.012298,-1.048243,0.700831,-0.519573,0.116156,-1.055165,0.318519,-0.463356,-0.186889,0.206886,-2.368334,-0.050258,2.072156,0.685780
10.844285,0.314503,0.000000,0.000000,0.000000,-0.000000,-0.000000,1.000000,0.445680,-0.125817,0.244568,0.996349,-0.060972,-0.055483,0.022196,0.427034,-0.126064,0.245117,0.995331,-0.067473,-0.062431,0.029432,3.074037,0.120600,-0.139451,0.020929,-0.000196,-0.000377,0.004034,-0.023417,0.011471,-0.888699,0.709031,-0.452628,0.102359,-0.999017,0.332715,-0.463284,-0.184659,0.207209,-2.366116,-0.050140,2.073367,0.685779
10.892098,0.314503,0.000000,0.000000,0.000000,-0.000000,-0.000000,1.000000,0.446938,-0.125817,0.244568,0.996349,-0.060972,-0.055483,0.022196,0.428247,-0.126080,0.245112,0.995387,-0.067198,-0.061920,0.029251,3.074510,0.119623,-0.138833,0.025623,-0.001272,0.001107,0.009854,-0.020399,0.008202,-0.893326,0.721001,-0.480850,0.066437,-0.959812,0.328051,-0.463235,-0.181776,0.207581,-2.363226,-0.050090,2.074231,0.685781
10.940709,0.314503,0.000000,0.000000,0.000000,-0.000000,-0.000000,1.000000,0.448196,-0.125817,0.244568,0.996349,-0.060972,-0.055483,0.022196,0.429525,-0.126112,0.245101,0.995430,-0.066922,-0.061654,0.028979,3.075128,0.119148,-0.138222,0.025106,-0.000590,-0.000755,0.011414,-0.009434,0.010881,-0.845994,0.697679,-0.260360,0.020965,-1.003680,0.313610,-0.463133,-0.178317,0.207883,-2.359655,-0.050077,2.074459,0.685784
10.992450,0.314503,0.000000,0.000000,0.000000,-0.000000,-0.000000,1.000000,0.449454,-0.125817,0.244568,0.996349,-0.060972,-0.055483,0.022196,0.430755,-0.126179,0.245037,0.995471,-0.066689,-0.061361,0.028709,3.075740,0.118614,-0.137696,0.022883,-0.002865,-0.001553,0.009357,-0.015578,0.006687,-1.040382,0.854481,-0.157630,-0.080976,-1.142410,0.357409,-0.463061,-0.174938,0.208116,-2.356320,-0.050068,2.074901,0.685781
11.040693,0.314503,0.000000,0.000000,0.000000,-0.000000,-0.000000,1.000000,0.450712,-0.125817,0.244568,0.996349,-0.060972,-0.055483,0.022196,0.431958,-0.126211,0.245003,0.995517,-0.066424,-0.061019,0.028478,3.076285,0.117980,-0.137108,0.022245,-0.001043,-0.002087,0.010468,-0.011218,0.008681,-1.136095,0.856615,-0.150022,-0.088481,-1.188728,0.345775,-0.462955,-0.171788,0.208391,-2.353152,-0.050063,2.075394,0.685783
11.091480,0.314503,0.000000,0.000000,0.000000,-0.000000,-0.000000,1.000000,0.451970,-0.125817,0.244568,0.996349,-0.060972,-0.055483,0.022196,0.433139,-0.126221,0.244933,0.995561,-0.066142,-0.060704,0.028242,3.076839,0.117403,-0.136486,0.023494,0.000128,-0.002039,0.009581,-0.009694,0.013278,-1.045925,0.839067,-0.215449,-0.077068,-1.117122,0.346956,-0.462813,-0.168635,0.208666,-2.350063,-0.050060,2.075912,0.685785
11.145738,0.314503,0.000000,0.000000,0.000000,-0.000000,-0.000000,1.000000,0.453228,-0.125817,0.244568,0.996349,-0.060972,-0.055483,0.022196,0.434375,-0.126242,0.244908,0.995603,-0.065865,-0.060445,0.027984,3.077427,0.116939,-0.135877,0.023221,-0.000983,0.000077,0.010032,-0.006572,0.010298,-1.079069,0.833903,-0.124757,-0.102847,-1.155277,0.337092,-0.462749,-0.165292,0.209015,-2.346619,-0.050057,2.076146,0.685787
11.207271,0.314503,0.000000,0.000000,0.000000,-0.000000,-0.000000,1.000000,0.454486,-0.125817,0.244568,0.996349,-0.060972,-0.055483,0.022196,0.435345,-0.126254,0.244918,0.995637,-0.065648,-0.060197,0.027798,3.077862,0.116483,-0.135398,0.023798,-0.000258,0.000580,0.007783,-0.013649,0.009727,-1.254649,0.863134,-0.449865,-0.089452,-1.087222,0.335237,-0.462701,-0.162779,0.209303,-2.343961,-0.050047,2.076358,0.685791
11.247322,0.314503,0.000000,0.000000,0.000000,-0.000000,-0.000000,1.000000,0.455744,-0.125817,0.244568,0.996349,-0.060972,-0.055483,0.022196,0.436691,-0.126263,0.244964,0.995685,-0.065332,-0.059859,0.027555,3.078433,0.115860,-0.134707,0.023371,-0.000167,0.002158,0.007470,-0.013064,0.011419,-0.882298,0.767663,-0.507975,-0.044450,-0.867663,0.327802,-0.462668,-0.159341,0.209764,-2.340222,-0.050048,2.076551,0.685793
11.293420,0.314503,0.000000,0.000000,0.000000,-0.000000,-0.000000,1.000000,0.457002,-0.125817,0.244568,0.996349,-0.060972,-0.055483,0.022196,0.438051,-0.126272,0.244981,0.995729,-0.065021,-0.059592,0.027280,3.079059,0.115384,-0.134026,0.026937,-0.001390,0.001946,0.009994,-0.012870,0.009110,-0.996545,0.824562,-0.297358,-0.101249,-0.987028,0.333096,-0.462652,-0.155718,0.210238,-2.336333,-0.050048,2.076624,0.685803
11.343592,0.314503,0.000000,0.000000,0.000000,-0.000000,-0.000000,1.000000,0.458260,-0.125817,0.244568,0.996349,-0.060972,-0.055483,0.022196,0.439358,-0.126295,0.244913,0.995766,-0.064737,-0.059437,0.026961,3.079755,0.115133,-0.133406,0.025021,-0.000765,-0.002460,0.014133,-0.005389,0.009709,-0.932231,0.815342,-0.027646,-0.129668,-1.037711,0.329838,-0.462642,-0.151964,0.210654,-2.332487,-0.050044,2.076630,0.685804
11.392545,0.314503,0.000000,0.000000,0.000000,-0.000000,-0.000000,1.000000,0.459518,-0.125817,0.244568,0.996349,-0.060972,-0.055483,0.022196,0.440573,-0.126313,0.244831,0.995802,-0.064467,-0.059262,0.026672,3.080391,0.114839,-0.132815,0.024117,-0.000654,-0.000610,0.011392,-0.010030,0.010887,-1.238562,0.939883,0.058642,-0.211817,-1.254338,0.349967,-0.462633,-0.148502,0.211048,-2.328996,-0.050044,2.076757,0.685804
11.443421,0.314503,0.000000,0.000000,0.000000,-0.000000,-0.000000,1.000000,0.460776,-0.125817,0.244568,0.996349,-0.060972,-0.055483,0.022196,0.441736,-0.126305,0.244803,0.995840,-0.064182,-0.059029,0.026434,3.080933,0.114423,-0.132198,0.020851,0.001296,-0.003064,0.012918,-0.001532,0.012151,-1.104049,0.898271,0.028360,-0.196625,-1.198808,0.346458,-0.462626,-0.145375,0.211492,-2.325732,-0.050049,2.076915,0.685809
11.493414,0.314503,0.000000,0.000000,0.000000,-0.000000,-0.000000,1.000000,0.462034,-0.125817,0.244568,0.996349,-0.060972,-0.055483,0.022196,0.442964,-0.126298,0.244802,0.995882,-0.063890,-0.058736,0.026200,3.081479,0.113886,-0.131561,0.024213,-0.000680,-0.001192,0.010419,-0.008914,0.013802,-1.015257,0.851444,-0.118401,-0.178178,-1.093813,0.336431,-0.462614,-0.142179,0.211953,-2.322327,-0.050052,2.077119,0.685821
11.543466,0.314503,0.000000,0.000000,0.000000,-0.000000,-0.000000,1.000000,0.463292,-0.125817,0.244568,0.996349,-0.060972,-0.055483,0.022196,0.444186,-0.126299,0.244796,0.995920,-0.063614,-0.058516,0.025937,3.082068,0.113499,-0.130958,0.023633,-0.000570,-0.001274,0.009787,-0.008793,0.011934,-1.147928,0.947869,-0.108160,-0.218448,-1.113356,0.356000,-0.462612,-0.138882,0.212400,-2.318791,-0.050049,2.077135,0.685833
11.593490,0.314503,0.000000,0.000000,0.000000,-0.000000,-0.000000,1.000000,0.464550,-0.125817,0.244568,0.996349,-0.060972,-0.055483,0.022196,0.445385,-0.126299,0.244848,0.995960,-0.063338,-0.058241,0.025708,3.082596,0.112994,-0.130357,0.024296,-0.000968,0.003056,0.007790,-0.015134,0.009081,-1.245153,0.966727,-0.251533,-0.218913,-1.090577,0.354032,-0.462610,-0.135813,0.212847,-2.315360,-0.050049,2.077156,0.685838
11.650725,0.314503,0.000000,0.000000,0.000000,-0.000000,-0.000000,1.000000,0.465808,-0.125817,0.244568,0.996349,-0.060972,-0.055483,0.022196,0.446571,-0.126283,0.244899,0.996000,-0.063047,-0.057965,0.025486,3.083113,0.112491,-0.129725,0.024238,0.000322,0.001073,0.008987,-0.010281,0.015002,-0.955545,0.858891,-0.009647,-0.197144,-1.030130,0.333121,-0.462605,-0.132793,0.213320,-2.311977,-0.050051,2.077178,0.685836
11.693486,0.314503,0.000000,0.000000,0.000000,-0.000000,-0.000000,1.000000,0.467066,-0.125817,0.244568,0.996349,-0.060972,-0.055483,0.022196,0.447936,-0.126295,0.244898,0.996041,-0.062755,-0.057711,0.025190,3.083774,0.112038,-0.129085,0.026353,-0.000367,-0.001509,0.012926,-0.007362,0.013061,-0.782027,0.825530,0.010368,-0.192584,-0.917732,0.333934,-0.462606,-0.129126,0.213795,-2.308006,-0.050054,2.077175,0.685851
11.746450,0.314503,0.000000,0.000000,0.000000,-0.000000,-0.000000,1.000000,0.468324,-0.125817,0.244568,0.996349,-0.060972,-0.055483,0.022196,0.449212,-0.126303,0.244761,0.996073,-0.062476,-0.057594,0.024851,3.084502,0.111863,-0.128479,0.024980,-0.001542,-0.002730,0.013726,-0.006426,0.009094,-1.220461,0.881235,0.476972,-0.294311,-1.341250,0.309589,-0.462608,-0.125348,0.214229,-2.304234,-0.050056,2.077195,0.685860
11.800651,0.314503,0.000000,0.000000,0.000000,-0.000000,-0.000000,1.000000,0.469582,-0.125817,0.244568,0.996349,-0.060972,-0.055483,0.022196,0.450461,-0.126317,0.244689,0.996108,-0.062211,-0.057411,0.024546,3.085168,0.111553,-0.127898,0.022011,0.000329,-0.002067,0.011718,-0.003904,0.012665,-1.199599,0.919038,0.220962,-0.285258,-1.236246,0.334515,-0.462610,-0.121825,0.214647,-2.300577,-0.050055,2.077222,0.685862
11.844594,0.314503,0.000000,0.000000,0.000000,-0.000000,-0.000000,1.000000,0.470840,-0.125817,0.244568,0.996349,-0.060972,-0.055483,0.022196,0.451640,-0.126309,0.244667,0.996144,-0.061940,-0.057186,0.024288,3.085746,0.111151,-0.127308,0.024001,-0.000713,-0.000526,0.009489,-0.010348,0.010962,-1.294674,0.985215,0.261360,-0.321015,-1.293899,0.356924,-0.462614,-0.118658,0.215097,-2.297182,-0.050056,2.077262,0.685870
11.897727,0.314503,0.000000,0.000000,0.000000,-0.000000,-0.000000,1.000000,0.472098,-0.125817,0.244568,0.996349,-0.060972,-0.055483,0.022196,0.452930,-0.126295,0.244647,0.996183,-0.061642,-0.056956,0.024000,3.086387,0.110745,-0.126659,0.025720,-0.000945,0.000795,0.009778,-0.012797,0.011157,-1.029338,0.856922,-0.115953,-0.227331,-0.971103,0.325672,-0.462608,-0.115179,0.215587,-2.293424,-0.050054,2.077244,0.685876
11.944558,0.314503,0.000000,0.000000,0.000000,-0.000000,-0.000000,1.000000,0.473356,-0.125817,0.244568,0.996349,-0.060972,-0.055483,0.022196,0.454170,-0.126283,0.244610,0.996219,-0.061354,-0.056745,0.023718,3.087015,0.110374,-0.126035,0.025341,-0.000440,0.000861,0.010017,-0.010659,0.012993,-1.529884,0.979288,0.086253,-0.313666,-1.289240,0.325082,-0.462609,-0.111795,0.216059,-2.289807,-0.050059,2.077237,0.685880
11.995745,0.314503,0.000000,0.000000,0.000000,-0.000000,-0.000000,1.000000,0.474614,-0.125817,0.244568,0.996349,-0.060972,-0.055483,0.022196,0.455401,-0.126294,0.244629,0.996257,-0.061098,-0.056472,0.023459,3.087599,0.109876,-0.125471,0.023297,0.000046,0.000062,0.010513,-0.009462,0.010572,-1.035299,0.886888,0.316120,-0.303175,-1.157878,0.344002,-0.462614,-0.108583,0.216489,-2.286241,-0.050061,2.077244,0.685888
12.045456,0.314503,0.000000,0.000000,0.000000,-0.000000,-0.000000,1.000000,0.475872,-0.125817,0.244568,0.996349,-0.060972,-0.055483,0.022196,0.456692,-0.126321,0.244662,0.996295,-0.060845,-0.056178,0.023185,3.088214,0.109336,-0.124912,0.025811,-0.001743,-0.000107,0.012571,-0.009957,0.008602,-1.356465,1.014253,0.202085,-0.347029,-1.234133,0.368579,-0.462610,-0.105231,0.216898,-2.282476,-0.050061,2.077225,0.685892
12.095582,0.314503,0.000000,0.000000,0.000000,-0.000000,-0.000000,1.000000,0.477130,-0.125817,0.244568,0.996349,-0.060972,-0.055483,0.022196,0.457980,-0.126338,0.244564,0.996329,-0.060583,-0.055997,0.022854,3.088930,0.109029,-0.124337,0.024752,-0.000029,-0.003598,0.015060,-0.004180,0.010111,-1.027973,0.799870,0.244400,-0.268551,-1.091452,0.305897,-0.462605,-0.101567,0.217308,-2.278674,-0.050062,2.077230,0.685893
12.146626,0.314503,0.000000,0.000000,0.000000,-0.000000,-0.000000,1.000000,0.478388,-0.125817,0.244568,0.996349,-0.060972,-0.055483,0.022196,0.459225,-0.126375,0.244458,0.996360,-0.060352,-0.055825,0.022527,3.089634,0.108738,-0.123826,0.023744,-0.001416,-0.002321,0.012586,-0.007822,0.006983,-1.281788,1.000152,0.522290,-0.400706,-1.344802,0.370401,-0.462610,-0.097986,0.217672,-2.274979,-0.050066,2.077244,0.685898
12.195475,0.314503,0.000000,0.000000,0.000000,-0.000000,-0.000000,1.000000,0.479646,-0.125817,0.244568,0.996349,-0.060972,-0.055483,0.022196,0.460412,-0.126390,0.244457,0.996395,-0.060113,-0.055568,0.022264,3.090221,0.108270,-0.123299,0.023933,0.000501,0.000379,0.010465,-0.013765,0.010609,-1.191402,0.840323,0.389338,-0.318704,-1.239393,0.306850,-0.462611,-0.094856,0.218067,-2.271520,-0.050066,2.077244,0.685900
12.246547,0.314503,0.000000,0.000000,0.000000,-0.000000,-0.000000,1.000000,0.480904,-0.125817,0.244568,0.996349,-0.060972,-0.055483,0.022196,0.461642,-0.126401,0.244484,0.996432,-0.059864,-0.055278,0.022004,3.090806,0.107736,-0.122751,0.024169,-0.000402,0.000478,0.010080,-0.011580,0.009931,-1.144261,0.871364,0.135411,-0.307199,-1.095272,0.323196,-0.462606,-0.091688,0.218484,-2.267945,-0.050068,2.077230,0.685907
12.295779,0.314503,0.000000,0.000000,0.000000,-0.000000,-0.000000,1.000000,0.482162,-0.125817,0.244568,0.996349,-0.060972,-0.055483,0.022196,0.462843,-0.126407,0.244474,0.996467,-0.059615,-0.055019,0.021738,3.091400,0.107263,-0.122206,0.024723,-0.000056,0.000597,0.009262,-0.012329,0.009816,-1.170884,0.919334,0.249931,-0.352253,-1.143024,0.341268,-0.462601,-0.088515,0.218898,-2.264449,-0.050074,2.077238,0.685915
12.345801,0.314503,0.000000,0.000000,0.000000,-0.000000,-0.000000,1.000000,0.483420,-0.125817,0.244568,0.996349,-0.060972,-0.055483,0.022196,0.464099,-0.126418,0.244494,0.996504,-0.059363,-0.054726,0.021466,3.092012,0.106723,-0.121650,0.024251,0.000602,0.001069,0.010876,-0.013422,0.010501,-1.081807,0.920318,0.197721,-0.350342,-1.057478,0.354690,-0.462604,-0.085266,0.219327,-2.260787,-0.050070,2.077219,0.685916
12.395738,0.314503,0.000000,0.000000,0.000000,-0.000000,-0.000000,1.000000,0.484679,-0.125817,0.244568,0.996349,-0.060972,-0.055483,0.022196,0.465351,-0.126427,0.244555,0.996543,-0.059109,-0.054389,0.021220,3.092575,0.106093,-0.121092,0.024604,-0.000137,0.001166,0.010696,-0.013415,0.009222,-1.190001,0.872075,0.373063,-0.361106,-1.171222,0.318236,-0.462605,-0.082147,0.219768,-2.257168,-0.050079,2.077209,0.685925
12.446648,0.314503,0.000000,0.000000,0.000000,-0.000000,-0.000000,1.000000,0.485937,-0.125817,0.244568,0.996349,-0.060972,-0.055483,0.022196,0.466610,-0.126425,0.244558,0.996580,-0.058850,-0.054104,0.020943,3.093194,0.105570,-0.120524,0.023246,-0.000065,-0.001159,0.011065,-0.009016,0.011559,-0.697696,0.709950,0.261562,-0.287475,-0.887306,0.296821,-0.462600,-0.078868,0.220216,-2.253501,-0.050081,2.077194,0.685939
12.496551,0.314503,0.000000,0.000000,0.000000,-0.000000,-0.000000,1.000000,0.487195,-0.125817,0.244568,0.996349,-0.060972,-0.055483,0.022196,0.467853,-0.126394,0.244475,0.996601,-0.058788,-0.053893,0.020657,3.093800,0.105185,-0.120356,0.026239,0.000261,-0.000222,0.011820,-0.012466,0.004787,-0.856084,0.794589,0.276395,-0.374699,-0.977551,0.302729,-0.462603,-0.075439,0.220724,-2.249862,-0.050102,2.077190,0.686415
12.549986,0.314503,0.000000,0.000000,0.000000,-0.000000,-0.000000,1.000000,0.488453,-0.125817,0.244568,0.996349,-0.060972,-0.055483,0.022196,0.469051,-0.126385,0.244392,0.996628,-0.058614,-0.053684,0.020363,3.094435,0.104811,-0.119964,0.022842,-0.000774,-0.000844,0.010815,-0.010175,0.008365,-0.737700,0.883760,0.273379,-0.437068,-0.921522,0.332884,-0.462599,-0.072124,0.221158,-2.246345,-0.050107,2.077199,0.686587
12.599515,0.314503,0.000000,0.000000,0.000000,-0.000000,-0.000000,1.000000,0.489711,-0.125817,0.244568,0.996349,-0.060972,-0.055483,0.022196,0.470260,-0.126397,0.244411,0.996659,-0.058466,-0.053378,0.020105,3.095005,0.104237,-0.119620,0.022364,-0.001124,0.000367,0.010267,-0.012934,0.002206,-0.904791,0.969055,0.288073,-0.486417,-0.998096,0.343021,-0.462605,-0.069031,0.221569,-2.242830,-0.050107,2.077199,0.686763
12.648814,0.314503,0.000000,0.000000,0.000000,-0.000000,-0.000000,1.000000,0.490969,-0.125817,0.244568,0.996349,-0.060972,-0.055483,0.022196,0.471411,-0.126385,0.244462,0.996692,-0.058265,-0.053059,0.019875,3.095527,0.103637,-0.119174,0.022550,0.000288,0.002002,0.008225,-0.015064,0.006895,-0.711711,0.916333,-0.009922,-0.426499,-0.771624,0.334606,-0.462587,-0.066183,0.221989,-2.239508,-0.050106,2.077189,0.686856
12.700697,0.314503,0.000000,0.000000,0.000000,-0.000000,-0.000000,1.000000,0.492227,-0.125817,0.244568,0.996349,-0.060972,-0.055483,0.022196,0.472638,-0.126376,0.244473,0.996726,-0.058044,-0.052751,0.019615,3.096111,0.103061,-0.118684,0.024600,-0.001131,0.000977,0.008772,-0.013370,0.006396,-0.719954,0.969600,0.117204,-0.467795,-0.823356,0.354503,-0.462584,-0.063051,0.222444,-2.235956,-0.050114,2.077196,0.686938
12.750656,0.314503,0.000000,0.000000,0.000000,-0.000000,-0.000000,1.000000,0.493485,-0.125817,0.244568,0.996349,-0.060972,-0.055483,0.022196,0.473896,-0.126386,0.244457,0.996759,-0.057847,-0.052461,0.019328,3.096743,0.102525,-0.118241,0.025167,-0.000956,0.000148,0.011638,-0.012654,0.004829,-0.785222,0.947835,0.342299,-0.508434,-0.928538,0.333409,-0.462586,-0.059751,0.222868,-2.232270,-0.050118,2.077186,0.687035
12.800887,0.314503,0.000000,0.000000,0.000000,-0.000000,-0.000000,1.000000,0.494743,-0.125817,0.244568,0.996349,-0.060972,-0.055483,0.022196,0.475148,-0.126408,0.244474,0.996790,-0.057682,-0.052148,0.019051,3.097352,0.101940,-0.117863,0.023446,-0.000886,0.000284,0.009881,-0.011210,0.005317,-0.364461,0.834468,0.276559,-0.450244,-0.675665,0.320277,-0.462586,-0.056528,0.223267,-2.228585,-0.050121,2.077148,0.687166
12.847627,0.314503,0.000000,0.000000,0.000000,-0.000000,-0.000000,1.000000,0.496001,-0.125817,0.244568,0.996349,-0.060972,-0.055483,0.022196,0.476304,-0.126399,0.244439,0.996820,-0.057492,-0.051886,0.018786,3.097935,0.101456,-0.117441,0.021715,0.000129,-0.001541,0.009432,-0.007745,0.010305,-0.544118,0.923039,0.307531,-0.503905,-0.810124,0.341998,-0.462581,-0.053479,0.223690,-2.225217,-0.050130,2.077163,0.687277
12.900353,0.314503,0.000000,0.000000,0.000000,-0.000000,-0.000000,1.000000,0.497259,-0.125817,0.244568,0.996349,-0.060972,-0.055483,0.022196,0.477499,-0.126374,0.244415,0.996851,-0.057286,-0.051605,0.018514,3.098537,0.100935,-0.116983,0.024116,0.000124,-0.000787,0.011126,-0.012302,0.008604,-0.003984,0.740524,0.071886,-0.410144,-0.442592,0.314651,-0.462572,-0.050368,0.224149,-2.221750,-0.050129,2.077173,0.687388
12.948592,0.314503,0.000000,0.000000,0.000000,-0.000000,-0.000000,1.000000,0.498517,-0.125817,0.244568,0.996349,-0.060972,-0.055483,0.022196,0.478736,-0.126366,0.244385,0.996881,-0.057119,-0.051319,0.018233,3.099151,0.100403,-0.116603,0.024739,-0.000113,0.000231,0.009118,-0.014146,0.007230,-0.482031,0.907451,0.198911,-0.519009,-0.711255,0.336109,-0.462579,-0.047120,0.224609,-2.218131,-0.050143,2.077170,0.687570
12.998587,0.314503,0.000000,0.000000,0.000000,-0.000000,-0.000000,1.000000,0.499775,-0.125817,0.244568,0.996349,-0.060972,-0.055483,0.022196,0.479922,-0.126363,0.244398,0.996909,-0.056992,-0.051003,0.017983,3.099704,0.099807,-0.116306,0.022600,-0.000407,0.001528,0.007384,-0.016657,0.005507,-0.197073,0.833939,0.204517,-0.497860,-0.571951,0.334258,-0.462581,-0.044112,0.225037,-2.214678,-0.050156,2.077167,0.687798
13.048584,0.314503,0.000000,0.000000,0.000000,-0.000000,-0.000000,1.000000,0.501033,-0.125817,0.244568,0.996349,-0.060972,-0.055483,0.022196,0.481052,-0.126349,0.244465,0.996942,-0.056797,-0.050656,0.017760,3.100212,0.099147,-0.115873,0.022554,-0.000688,0.002283,0.007869,-0.014933,0.006727,-0.613826,0.990960,0.093894,-0.560025,-0.730172,0.356492,-0.462576,-0.041390,0.225464,-2.211416,-0.050156,2.077153,0.687878
13.099310,0.314503,0.000000,0.000000,0.000000,-0.000000,-0.000000,1.000000,0.502291,-0.125817,0.244568,0.996349,-0.060972,-0.055483,0.022196,0.482248,-0.126337,0.244497,0.996971,-0.056662,-0.050315,0.017520,3.100747,0.098500,-0.115559,0.023551,0.000647,-0.000838,0.011152,-0.012386,-0.000191,-0.216161,0.865270,0.254074,-0.538052,-0.601110,0.338248,-0.462582,-0.038421,0.225924,-2.207955,-0.050177,2.077155,0.688115
13.149422,0.314503,0.000000,0.000000,0.000000,-0.000000,-0.000000,1.000000,0.503549,-0.125817,0.244568,0.996349,-0.060972,-0.055483,0.022196,0.483565,-0.126329,0.244512,0.997003,-0.056482,-0.049986,0.017240,3.101367,0.097881,-0.115152,0.025393,-0.000325,-0.000006,0.013311,-0.010643,0.005649,-0.300200,0.890232,0.153609,-0.566301,-0.536756,0.338414,-0.462576,-0.035057,0.226410,-2.204065,-0.050213,2.077077,0.688309
13.202604,0.314503,0.000000,0.000000,0.000000,-0.000000,-0.000000,1.000000,0.504807,-0.125817,0.244568,0.996349,-0.060972,-0.055483,0.022196,0.484784,-0.126317,0.244464,0.997026,-0.056367,-0.049737,0.016960,3.101969,0.097421,-0.114883,0.022220,0.000178,-0.000356,0.011077,-0.009637,0.004235,-0.122139,0.828296,0.373629,-0.583019,-0.526947,0.320413,-0.462582,-0.031790,0.226877,-2.200423,-0.050259,2.076992,0.688610
13.250299,0.314503,0.000000,0.000000,0.000000,-0.000000,-0.000000,1.000000,0.506065,-0.125817,0.244568,0.996349,-0.060972,-0.055483,0.022196,0.485919,-0.126285,0.244452,0.997052,-0.056238,-0.049442,0.016729,3.102480,0.096863,-0.114586,0.021073,-0.001081,-0.000761,0.009919,-0.009892,0.001880,-0.086290,0.949978,0.509854,-0.676675,-0.589782,0.385772,-0.462593,-0.028897,0.227363,-2.197136,-0.050307,2.077004,0.688889
13.303432,0.314503,0.000000,0.000000,0.000000,-0.000000,-0.000000,1.000000,0.507323,-0.125817,0.244568,0.996349,-0.060972,-0.055483,0.022196,0.487076,-0.126225,0.244477,0.997081,-0.056089,-0.049110,0.016512,3.102969,0.096229,-0.114248,0.022759,0.000914,0.000314,0.008054,-0.013792,0.003466,0.326011,0.758768,-0.080134,-0.552979,-0.121304,0.337856,-0.462587,-0.026059,0.227898,-2.193820,-0.050354,2.077013,0.689189
13.350635,0.314503,0.000000,0.000000,0.000000,-0.000000,-0.000000,1.000000,0.508581,-0.125817,0.244568,0.996349,-0.060972,-0.055483,0.022196,0.488324,-0.126196,0.244443,0.997107,-0.055944,-0.048811,0.016264,3.103515,0.095665,-0.113918,0.024937,0.000524,-0.000464,0.008859,-0.013023,0.006873,0.130554,0.824046,0.179719,-0.645664,-0.315550,0.344249,-0.462575,-0.022815,0.228411,-2.190168,-0.050456,2.077003,0.689514
13.400522,0.314503,0.000000,0.000000,0.000000,-0.000000,-0.000000,1.000000,0.509839,-0.125817,0.244568,0.996349,-0.060972,-0.055483,0.022196,0.489573,-0.126208,0.244393,0.997132,-0.055812,-0.048530,0.016082,3.103924,0.095129,-0.113621,0.023577,-0.000316,-0.001799,0.009853,-0.010581,0.005005,0.011096,0.839024,0.159681,-0.721363,-0.341306,0.337505,-0.462583,-0.019510,0.228922,-2.186481,-0.050736,2.077001,0.689937
13.451508,0.314503,0.000000,0.000000,0.000000,-0.000000,-0.000000,1.000000,0.511097,-0.125817,0.244568,0.996349,-0.060972,-0.055483,0.022196,0.490813,-0.126190,0.244395,0.997159,-0.055681,-0.048202,0.015841,3.104459,0.094507,-0.113321,0.023260,-0.000069,0.001446,0.009338,-0.013893,-0.001141,-0.104707,0.923857,0.240405,-0.798682,-0.410076,0.365630,-0.462581,-0.016365,0.229418,-2.182844,-0.050826,2.076968,0.690250
13.501620,0.314503,0.000000,0.000000,0.000000,-0.000000,-0.000000,1.000000,0.512355,-0.125817,0.244568,0.996349,-0.060972,-0.055483,0.022196,0.492075,-0.126186,0.244401,0.997188,-0.055528,-0.047850,0.015583,3.105030,0.093839,-0.112971,0.025264,-0.001407,0.000620,0.008747,-0.014491,0.007717,-0.024203,0.875077,0.386938,-0.802612,-0.432466,0.348342,-0.462576,-0.013182,0.229882,-2.179149,-0.050890,2.076959,0.690472
13.552363,0.314503,0.000000,0.000000,0.000000,-0.000000,-0.000000,1.000000,0.513613,-0.125817,0.244568,0.996349,-0.060972,-0.055483,0.022196,0.493414,-0.126218,0.244320,0.997213,-0.055397,-0.047587,0.015240,3.105762,0.093356,-0.112663,0.024289,-0.001270,-0.002859,0.012880,-0.008063,0.005175,0.050614,0.912800,0.605053,-0.849585,-0.456969,0.372555,-0.462582,-0.009509,0.230295,-2.175069,-0.050928,2.076838,0.690666
13.602352,0.314503,0.000000,0.000000,0.000000,-0.000000,-0.000000,1.000000,0.514871,-0.125817,0.244568,0.996349,-0.060972,-0.055483,0.022196,0.494643,-0.126248,0.244247,0.997239,-0.055261,-0.047306,0.014935,3.106418,0.092832,-0.112349,0.025419,-0.000462,0.000622,0.009758,-0.017321,0.009385,0.084330,0.851803,0.413504,-0.809130,-0.363396,0.345813,-0.462574,-0.006199,0.230660,-2.171397,-0.050962,2.076825,0.690813
13.652410,0.314503,0.000000,0.000000,0.000000,-0.000000,-0.000000,1.000000,0.516129,-0.125817,0.244568,0.996349,-0.060972,-0.055483,0.022196,0.495782,-0.126269,0.244235,0.997265,-0.055126,-0.046993,0.014666,3.107005,0.092242,-0.112038,0.020761,0.000145,0.000624,0.010394,-0.011328,0.005365,0.200555,0.846070,0.367716,-0.801418,-0.301314,0.353591,-0.462577,-0.003276,0.231018,-2.168025,-0.050971,2.076811,0.690920
13.702447,0.314503,0.000000,0.000000,0.000000,-0.000000,-0.000000,1.000000,0.517387,-0.125817,0.244568,0.996349,-0.060972,-0.055483,0.022196,0.496950,-0.126283,0.244261,0.997291,-0.055035,-0.046629,0.014424,3.107541,0.091546,-0.111817,0.023603,-0.000303,-0.000130,0.009912,-0.014522,0.004044,0.377359,0.813426,0.256109,-0.782054,-0.151788,0.357101,-0.462569,-0.000389,0.231402,-2.164608,-0.051004,2.076821,0.691163
13.754601,0.314503,0.000000,0.000000,0.000000,-0.000000,-0.000000,1.000000,0.518645,-0.125817,0.244568,0.996349,-0.060972,-0.055483,0.022196,0.498172,-0.126295,0.244252,0.997319,-0.054887,-0.046288,0.014140,3.108163,0.090901,-0.111478,0.023658,-0.000395,-0.001174,0.012712,-0.011978,0.006232,0.569696,0.744644,-0.009493,-0.730597,0.090003,0.344153,-0.462550,0.002729,0.231790,-2.160992,-0.051019,2.076801,0.691292
13.803946,0.314503,0.000000,0.000000,0.000000,-0.000000,-0.000000,1.000000,0.519903,-0.125817,0.244568,0.996349,-0.060972,-0.055483,0.022196,0.499439,-0.126345,0.244223,0.997344,-0.054775,-0.045970,0.013832,3.108827,0.090303,-0.111212,0.023481,-0.000716,-0.001561,0.012695,-0.008846,0.004857,0.281333,0.870974,0.186462,-0.811782,-0.112598,0.371401,-0.462550,0.006060,0.232140,-2.157157,-0.051048,2.076715,0.691446
13.855376,0.314503,0.000000,0.000000,0.000000,-0.000000,-0.000000,1.000000,0.521161,-0.125817,0.244568,0.996349,-0.060972,-0.055483,0.022196,0.500682,-0.126395,0.244240,0.997367,-0.054680,-0.045669,0.013534,3.109467,0.089739,-0.110982,0.024870,-0.001767,0.001190,0.008759,-0.013194,0.007178,0.301764,0.901680,0.553322,-0.858542,-0.249079,0.387331,-0.462529,0.009295,0.232467,-2.153301,-0.051078,2.076482,0.691624
13.902630,0.314503,0.000000,0.000000,0.000000,-0.000000,-0.000000,1.000000,0.522419,-0.125817,0.244568,0.996349,-0.060972,-0.055483,0.022196,0.501992,-0.126433,0.244248,0.997393,-0.054531,-0.045379,0.013223,3.110137,0.089198,-0.110641,0.024976,-0.001371,-0.001397,0.011123,-0.012697,0.004040,0.284950,0.968928,0.678997,-0.915415,-0.266007,0.420987,-0.462494,0.012738,0.232835,-2.149205,-0.051140,2.076187,0.691759
13.953299,0.314503,0.000000,0.000000,0.000000,-0.000000,-0.000000,1.000000,0.523677,-0.125817,0.244568,0.996349,-0.060972,-0.055483,0.022196,0.503207,-0.126474,0.244153,0.997412,-0.054412,-0.045137,0.013050,3.110521,0.088738,-0.110378,0.024100,0.000253,-0.002143,0.010244,-0.007361,0.002527,0.181278,0.938189,0.756316,-0.963398,-0.348192,0.387596,-0.462434,0.016068,0.233236,-2.145516,-0.051504,2.076131,0.692180
14.003553,0.314503,0.000000,0.000000,0.000000,-0.000000,-0.000000,1.000000,0.524935,-0.125817,0.244568,0.996349,-0.060972,-0.055483,0.022196,0.504404,-0.126486,0.244095,0.997436,-0.054264,-0.044836,0.012883,3.110902,0.088159,-0.110054,0.020773,0.001437,-0.002714,0.007321,-0.005862,0.008588,0.600158,0.891528,0.660446,-0.977023,-0.104782,0.412446,-0.462405,0.019200,0.233700,-2.141978,-0.051814,2.076152,0.692543
14.053547,0.314503,0.000000,0.000000,0.000000,-0.000000,-0.000000,1.000000,0.526193,-0.125817,0.244568,0.996349,-0.060972,-0.055483,0.022196,0.505552,-0.126473,0.244163,0.997462,-0.054142,-0.044453,0.012746,3.111232,0.087412,-0.109781,0.024308,-0.000489,0.003738,0.001446,-0.024478,0.007230,0.885438,0.873904,0.269144,-0.955337,0.231308,0.436987,-0.462388,0.021912,0.234189,-2.138627,-0.052044,2.076124,0.692918
14.103628,0.314503,0.000000,0.000000,0.000000,-0.000000,-0.000000,1.000000,0.527451,-0.125817,0.244568,0.996349,-0.060972,-0.055483,0.022196,0.506643,-0.126433,0.244237,0.997487,-0.054011,-0.044091,0.012593,3.111590,0.086709,-0.109490,0.020795,0.000752,0.001178,0.006957,-0.014138,0.004186,0.774679,0.871412,0.172672,-0.962948,0.242668,0.411295,-0.462364,0.024472,0.234683,-2.135436,-0.052211,2.076062,0.693251
14.153570,0.314503,0.000000,0.000000,0.000000,-0.000000,-0.000000,1.000000,0.528709,-0.125817,0.244568,0.996349,-0.060972,-0.055483,0.022196,0.507826,-0.126414,0.244269,0.997511,-0.053884,-0.043721,0.012488,3.111854,0.085985,-0.109212,0.023903,0.001605,-0.000114,0.006909,-0.008555,0.006076,0.718916,0.850213,0.356526,-1.005597,0.131594,0.392303,-0.462363,0.027337,0.235250,-2.131988,-0.052566,2.076064,0.693742
14.203689,0.314503,0.000000,0.000000,0.000000,-0.000000,-0.000000,1.000000,0.529967,-0.125817,0.244568,0.996349,-0.060972,-0.055483,0.022196,0.509116,-0.126419,0.244238,0.997532,-0.053780,-0.043399,0.012380,3.112114,0.085356,-0.108980,0.025140,-0.000248,-0.003086,0.004048,-0.007892,0.003307,0.999649,0.853812,0.323419,-1.033132,0.310393,0.424741,-0.462348,0.030666,0.235834,-2.128125,-0.053056,2.076001,0.694377
14.253634,0.314503,0.000000,0.000000,0.000000,-0.000000,-0.000000,1.000000,0.531225,-0.125817,0.244568,0.996349,-0.060972,-0.055483,0.022196,0.510473,-0.126435,0.244169,0.997548,-0.053718,-0.043162,0.012241,3.112425,0.084898,-0.108836,0.025697,-0.000964,-0.001952,0.000949,-0.008089,0.002453,0.620903,0.877863,0.836749,-1.127790,-0.078787,0.387483,-0.462361,0.034359,0.236463,-2.123880,-0.053600,2.075729,0.695136
14.303512,0.314503,0.000000,0.000000,0.000000,-0.000000,-0.000000,1.000000,0.532483,-0.125817,0.244568,0.996349,-0.060972,-0.055483,0.022196,0.511678,-0.126408,0.244082,0.997562,-0.053707,-0.042894,0.012081,3.112775,0.084381,-0.108790,0.023027,0.000636,-0.002501,0.007594,-0.010129,0.002766,0.656840,0.967784,0.885142,-1.206460,-0.093692,0.435825,-0.462349,0.037573,0.237033,-2.120267,-0.053967,2.075679,0.695875
14.353712,0.314503,0.000000,0.000000,0.000000,-0.000000,-0.000000,1.000000,0.533741,-0.125817,0.244568,0.996349,-0.060972,-0.055483,0.022196,0.512899,-0.126366,0.244009,0.997579,-0.053669,-0.042603,0.011887,3.113201,0.083822,-0.108685,0.025273,0.000231,-0.001001,0.003182,-0.016532,0.002068,0.937606,0.833982,0.537443,-1.125501,0.207352,0.398307,-0.462342,0.040786,0.237616,-2.116621,-0.054251,2.075629,0.696520
14.403697,0.314503,0.000000,0.000000,0.000000,-0.000000,-0.000000,1.000000,0.534999,-0.125817,0.244568,0.996349,-0.060972,-0.055483,0.022196,0.514110,-0.126349,0.243956,0.997596,-0.053638,-0.042303,0.011683,3.113645,0.083245,-0.108595,0.024136,0.000415,0.000076,0.010022,-0.011910,0.000084,0.659187,0.964562,0.463432,-1.179738,0.124006,0.431719,-0.462331,0.043951,0.238134,-2.112972,-0.054505,2.075551,0.697098
14.454415,0.314503,0.000000,0.000000,0.000000,-0.000000,-0.000000,1.000000,0.536257,-0.125817,0.244568,0.996349,-0.060972,-0.055483,0.022196,0.515334,-0.126360,0.243960,0.997618,-0.053542,-0.041938,0.011495,3.114069,0.082539,-0.108373,0.021435,0.000762,-0.001394,0.007641,-0.008610,0.005953,0.916881,0.826691,0.600356,-1.152721,0.212607,0.389486,-0.462320,0.047018,0.238608,-2.109305,-0.054757,2.075495,0.697496
14.504425,0.314503,0.000000,0.000000,0.000000,-0.000000,-0.000000,1.000000,0.537515,-0.125817,0.244568,0.996349,-0.060972,-0.055483,0.022196,0.516501,-0.126365,0.244020,0.997641,-0.053478,-0.041545,0.011285,3.114540,0.081779,-0.108214,0.023828,-0.000372,0.001435,0.006400,-0.019686,0.002986,1.013517,0.930834,0.483938,-1.196820,0.312565,0.456439,-0.462300,0.049816,0.239028,-2.105819,-0.054875,2.075412,0.697838
14.554510,0.295977,0.000000,0.000000,0.000000,-0.000000,-0.000000,1.000000,0.538699,-0.125817,0.244568,0.996349,-0.060972,-0.055483,0.022196,0.517724,-0.126367,0.244054,0.997663,-0.053392,-0.041185,0.011069,3.115018,0.081083,-0.108011,0.024955,-0.000463,0.000197,0.009270,-0.012721,0.003402,1.182481,0.777174,0.314716,-1.107002,0.519266,0.388769,-0.462268,0.052852,0.239479,-2.102093,-0.055059,2.075251,0.698208
14.604566,0.277451,0.000000,0.000000,0.000000,-0.000000,-0.000000,1.000000,0.539809,-0.125817,0.244568,0.996349,-0.060972,-0.055483,0.022196,0.519094,-0.126387,0.244030,0.997682,-0.053263,-0.040955,0.010777,3.115638,0.080660,-0.107720,0.025864,0.000151,-0.002533,0.016193,-0.006154,0.005129,1.262717,0.819626,0.675504,-1.182581,0.410627,0.423309,-0.462225,0.056581,0.239956,-2.097607,-0.055304,2.074718,0.698547
14.655351,0.277451,0.000000,0.000000,0.000000,-0.000000,-0.000000,1.000000,0.540919,-0.125817,0.244568,0.996349,-0.060972,-0.055483,0.022196,0.520363,-0.126392,0.243891,0.997701,-0.053181,-0.040685,0.010417,3.116396,0.080161,-0.107517,0.023401,-0.000497,-0.002901,0.015229,-0.011185,0.002096,0.905878,0.960318,1.014429,-1.273128,0.059858,0.455851,-0.462221,0.060102,0.240381,-2.093692,-0.055340,2.074617,0.698796
14.704727,0.277451,0.000000,0.000000,0.000000,-0.000000,-0.000000,1.000000,0.542028,-0.125817,0.244568,0.996349,-0.060972,-0.055483,0.022196,0.521522,-0.126394,0.243846,0.997724,-0.053066,-0.040350,0.010121,3.117035,0.079526,-0.107251,0.023115,-0.001516,0.000952,0.007065,-0.024373,0.003501,1.193914,0.947778,0.785953,-1.216058,0.288528,0.485435,-0.462219,0.063093,0.240780,-2.090201,-0.055362,2.074579,0.698941
14.755412,0.277451,0.000000,0.000000,0.000000,-0.000000,-0.000000,1.000000,0.543138,-0.125817,0.244568,0.996349,-0.060972,-0.055483,0.022196,0.522641,-0.126355,0.243854,0.997746,-0.052969,-0.039998,0.009849,3.117626,0.078855,-0.107024,0.023286,0.000316,0.002432,0.008594,-0.017729,0.000968,0.891076,0.857338,0.621006,-1.150922,0.228720,0.391279,-0.462192,0.065860,0.241215,-2.086845,-0.055367,2.074496,0.699171
14.805384,0.157033,0.000000,0.000000,0.000000,-0.000000,-0.000000,1.000000,0.543766,-0.125817,0.244568,0.996349,-0.060972,-0.055483,0.022196,0.523803,-0.126331,0.243854,0.997769,-0.052866,-0.039644,0.009562,3.118247,0.078179,-0.106782,0.020673,0.000299,-0.001506,0.012090,-0.007283,0.005571,0.878135,0.951148,0.932855,-1.217382,0.098172,0.438580,-0.462205,0.068771,0.241678,-2.083329,-0.055383,2.074393,0.699377
14.855498,-0.000000,0.000000,0.000000,0.000000,-0.000000,-0.000000,1.000000,0.543766,-0.125817,0.244568,0.996349,-0.060972,-0.055483,0.022196,0.524971,-0.126302,0.243880,0.997791,-0.052790,-0.039244,0.009289,3.118843,0.077411,-0.106596,0.023237,0.000725,0.000836,0.010825,-0.019049,0.004148,1.122549,0.890180,0.711906,-1.167955,0.315554,0.438815,-0.462185,0.071601,0.242121,-2.079852,-0.055392,2.074344,0.699646
14.905389,-0.000000,0.000000,0.000000,0.000000,-0.000000,-0.000000,1.000000,0.543766,-0.125817,0.244568,0.996349,-0.060972,-0.055483,0.022196,0.526111,-0.126287,0.243939,0.997814,-0.052708,-0.038834,0.009029,3.119414,0.076622,-0.106399,0.020847,-0.000801,0.000551,0.008506,-0.015700,0.001137,1.276591,0.842790,0.632697,-1.143290,0.447952,0.427327,-0.462180,0.074310,0.242546,-2.076438,-0.055398,2.074267,0.699863
14.955642,-0.000000,0.000000,0.000000,0.000000,-0.000000,-0.000000,1.000000,0.543766,-0.125817,0.244568,0.996349,-0.060972,-0.055483,0.022196,0.527215,-0.126284,0.243996,0.997835,-0.052622,-0.038462,0.008766,3.119987,0.075908,-0.106195,0.021384,-0.000232,0.000691,0.011853,-0.012397,0.002287,1.233230,0.857696,0.723854,-1.154871,0.402740,0.428120,-0.462175,0.076977,0.242935,-2.073065,-0.055400,2.074115,0.700031
15.006408,-0.000000,0.000000,0.000000,0.000000,-0.000000,-0.000000,1.000000,0.543766,-0.125817,0.244568,0.996349,-0.060972,-0.055483,0.022196,0.528291,-0.126292,0.243946,0.997851,-0.052556,-0.038201,0.008461,3.120631,0.075420,-0.106032,0.020670,-0.000157,-0.001477,0.013191,-0.010625,0.001575,1.478318,0.829113,0.709557,-1.141175,0.544902,0.439929,-0.462169,0.079848,0.243286,-2.069675,-0.055405,2.073913,0.700207
15.056323,-0.000000,0.000000,0.000000,0.000000,-0.000000,-0.000000,1.000000,0.543766,-0.125817,0.244568,0.996349,-0.060972,-0.055483,0.022196,0.529315,-0.126308,0.243787,0.997865,-0.052508,-0.037969,0.008149,3.121283,0.074990,-0.105906,0.019862,0.000330,-0.002420,0.011919,-0.009981,0.001952,1.204826,0.874203,0.958866,-1.206281,0.251268,0.430382,-0.462153,0.082740,0.243588,-2.066538,-0.055418,2.073925,0.700393
15.106362,-0.462711,0.000000,0.000000,0.000000,-0.000000,-0.000000,1.000000,0.541916,-0.125817,0.244568,0.996349,-0.060972,-0.055483,0.022196,0.530233,-0.126339,0.243694,0.997879,-0.052461,-0.037724,0.007888,3.121836,0.074529,-0.105786,0.016214,-0.001409,-0.002602,0.009150,-0.008397,0.000316,1.334208,0.839136,0.902128,-1.187378,0.340373,0.428735,-0.462144,0.085233,0.243840,-2.063727,-0.055430,2.073922,0.700524
15.156351,-0.768390,0.000000,0.000000,0.000000,-0.000000,-0.000000,1.000000,0.538842,-0.125817,0.244568,0.996349,-0.060972,-0.055483,0.022196,0.531055,-0.126353,0.243691,0.997892,-0.052439,-0.037449,0.007682,3.122279,0.074001,-0.105718,0.014657,-0.000682,0.001632,0.005163,-0.013242,0.002527,1.319637,0.909496,0.687259,-1.193257,0.447550,0.461270,-0.462118,0.087287,0.244075,-2.061236,-0.055432,2.073889,0.700700
15.207454,-0.888808,0.000000,0.000000,0.000000,-0.000000,-0.000000,1.000000,0.535287,-0.125817,0.244568,0.996349,-0.060972,-0.055483,0.022196,0.531703,-0.126347,0.243737,0.997904,-0.052398,-0.037211,0.007533,3.122607,0.073543,-0.105618,0.011438,0.000899,0.001306,0.004906,-0.008727,0.000242,1.236297,0.834389,0.725442,-1.156672,0.402082,0.412174,-0.462097,0.088812,0.244295,-2.059266,-0.055431,2.073810,0.700819
15.257522,-0.888808,0.000000,0.000000,0.000000,-0.000000,-0.000000,1.000000,0.531731,-0.125817,0.244568,0.996349,-0.060972,-0.055483,0.022196,0.532219,-0.126356,0.243769,0.997913,-0.052380,-0.037023,0.007413,3.122867,0.073180,-0.105568,0.007593,-0.000020,-0.001229,0.006608,-0.001544,-0.001706,1.296297,0.900251,0.915560,-1.203630,0.342928,0.451006,-0.462093,0.090042,0.244458,-2.057690,-0.055434,2.073753,0.700921
15.307521,-0.888808,0.000000,0.000000,0.000000,-0.000000,-0.000000,1.000000,0.528176,-0.125817,0.244568,0.996349,-0.060972,-0.055483,0.022196,0.532549,-0.126360,0.243722,0.997917,-0.052373,-0.036963,0.007309,3.123082,0.073071,-0.105545,0.004962,0.000743,-0.002070,0.004879,0.001355,0.000086,1.423368,0.874346,0.886747,-1.188584,0.404838,0.456361,-0.462084,0.090987,0.244556,-2.056638,-0.055439,2.073698,0.700999
15.357515,-0.898071,0.000000,0.000000,0.000000,-0.000000,-0.000000,1.000000,0.524584,-0.125817,0.244568,0.996349,-0.060972,-0.055483,0.022196,0.532728,-0.126382,0.243664,0.997915,-0.052386,-0.036991,0.007228,3.123242,0.073135,-0.105566,0.001964,-0.001011,0.000164,0.001495,0.001438,-0.001141,1.378512,0.905550,0.860819,-1.199143,0.421176,0.469955,-0.462088,0.091638,0.244582,-2.055956,-0.055441,2.073565,0.701035
15.406579,-0.898071,0.000000,0.000000,0.000000,-0.000000,-0.000000,1.000000,0.520992,-0.125817,0.244568,0.996349,-0.060972,-0.055483,0.022196,0.532704,-0.126381,0.243611,0.997907,-0.052401,-0.037196,0.007166,3.123342,0.073552,-0.105596,-0.001277,0.000370,-0.002339,0.003531,0.009415,-0.001792,1.304236,0.790947,0.983195,-1.153545,0.347872,0.402167,-0.462093,0.091918,0.244581,-2.055665,-0.055441,2.073120,0.701051
15.456604,-0.898071,0.000000,0.000000,0.000000,-0.000000,-0.000000,1.000000,0.517399,-0.125817,0.244568,0.996349,-0.060972,-0.055483,0.022196,0.532520,-0.126358,0.243572,0.997893,-0.052415,-0.037565,0.007118,3.123397,0.074293,-0.105632,-0.004074,0.000425,-0.000598,0.002549,0.017292,-0.000089,1.026305,0.814082,0.965930,-1.164261,0.237722,0.385741,-0.462102,0.091924,0.244574,-2.055623,-0.055448,2.072340,0.701058
15.507391,-0.898071,0.000000,0.000000,0.000000,-0.000000,-0.000000,1.000000,0.513807,-0.125817,0.244568,0.996349,-0.060972,-0.055483,0.022196,0.532210,-0.126323,0.243487,0.997869,-0.052449,-0.038162,0.007037,3.123493,0.075495,-0.105709,-0.006119,0.000620,-0.001411,0.005624,0.028325,-0.003570,0.604304,0.826620,1.034221,-1.183630,0.011846,0.344147,-0.462118,0.091927,0.244551,-2.055622,-0.055450,2.071136,0.701075
15.557344,-0.898071,0.000000,0.000000,0.000000,-0.000000,-0.000000,1.000000,0.510215,-0.125817,0.244568,0.996349,-0.060972,-0.055483,0.022196,0.531756,-0.126303,0.243376,0.997834,-0.052509,-0.039020,0.006929,3.123612,0.077221,-0.105844,-0.008962,0.000442,-0.002720,0.008592,0.040835,-0.004860,0.373449,0.817398,1.007558,-1.192968,-0.071639,0.314657,-0.462149,0.091913,0.244475,-2.055616,-0.055467,2.069388,0.701079
15.607448,-0.898071,0.000000,0.000000,0.000000,-0.000000,-0.000000,1.000000,0.506623,-0.125817,0.244568,0.996349,-0.060972,-0.055483,0.022196,0.531147,-0.126412,0.243246,0.997788,-0.052481,-0.040170,0.007173,3.123002,0.079493,-0.105837,-0.012146,-0.000726,-0.003254,-0.004779,0.055508,0.003091,0.250464,0.815332,1.050734,-1.270575,-0.124869,0.289792,-0.462190,0.091876,0.244416,-2.055614,-0.056367,2.067144,0.701359
15.657554,-0.888808,0.000000,0.000000,0.000000,-0.000000,-0.000000,1.000000,0.503067,-0.125817,0.244568,0.996349,-0.060972,-0.055483,0.022196,0.530426,-0.126462,0.243126,0.997734,-0.052456,-0.041502,0.007285,3.122637,0.082144,-0.105833,-0.013889,-0.001078,-0.001836,0.000469,0.059725,-0.001274,-0.018060,0.950126,1.329668,-1.405328,-0.345307,0.323945,-0.462247,0.091745,0.244356,-2.055633,-0.056999,2.064430,0.701484
15.708229,-0.898071,0.000000,0.000000,0.000000,-0.000000,-0.000000,1.000000,0.499475,-0.125817,0.244568,0.996349,-0.060972,-0.055483,0.022196,0.529523,-0.126516,0.243073,0.997664,-0.052502,-0.043090,0.007299,3.122433,0.085316,-0.105970,-0.017181,-0.001070,-0.001014,0.003673,0.067423,-0.003589,-0.279259,0.805066,1.217701,-1.344337,-0.389589,0.219216,-0.462405,0.091393,0.244278,-2.055653,-0.057426,2.060973,0.701510
15.757648,-0.898071,0.000000,0.000000,0.000000,-0.000000,-0.000000,1.000000,0.495883,-0.125817,0.244568,0.996349,-0.060972,-0.055483,0.022196,0.528468,-0.126594,0.243090,0.997579,-0.052654,-0.044843,0.007259,3.122311,0.088820,-0.106322,-0.020250,-0.001983,-0.000133,0.006418,0.076754,-0.007912,-0.833750,1.070642,1.247253,-1.461035,-0.663245,0.311853,-0.462560,0.090780,0.244055,-2.055755,-0.057694,2.057009,0.701518
15.807548,-0.888808,0.000000,0.000000,0.000000,-0.000000,-0.000000,1.000000,0.492327,-0.125817,0.244568,0.996349,-0.060972,-0.055483,0.022196,0.527255,-0.126660,0.243145,0.997483,-0.052849,-0.046729,0.007209,3.122188,0.092593,-0.106765,-0.023384,-0.001628,-0.000082,0.005123,0.079489,-0.009312,-1.233665,0.983786,1.124468,-1.405172,-0.796022,0.234823,-0.462694,0.089851,0.243759,-2.056110,-0.057889,2.052728,0.701520
15.857583,-0.898071,0.000000,0.000000,0.000000,-0.000000,-0.000000,1.000000,0.488735,-0.125817,0.244568,0.996349,-0.060972,-0.055483,0.022196,0.525832,-0.126740,0.243200,0.997381,-0.053076,-0.048607,0.007243,3.121892,0.096339,-0.107280,-0.028264,0.001337,0.000717,0.002055,0.081149,-0.005329,-1.652948,1.020581,1.245265,-1.444774,-1.058889,0.213626,-0.462818,0.088307,0.243361,-2.057262,-0.058107,2.048695,0.701518
15.907934,-0.898071,0.000000,0.000000,0.000000,-0.000000,-0.000000,1.000000,0.485143,-0.125817,0.244568,0.996349,-0.060972,-0.055483,0.022196,0.524177,-0.126782,0.243291,0.997271,-0.053355,-0.050505,0.007302,3.121537,0.100121,-0.107906,-0.032124,0.001046,-0.000508,0.004160,0.084978,-0.006764,-2.181087,0.995868,1.262370,-1.420990,-1.316183,0.148465,-0.462984,0.086059,0.242945,-2.059207,-0.058202,2.044743,0.701511
15.958911,-0.888808,0.000000,0.000000,0.000000,-0.000000,-0.000000,1.000000,0.481588,-0.125817,0.244568,0.996349,-0.060972,-0.055483,0.022196,0.522382,-0.126812,0.243379,0.997149,-0.053678,-0.052515,0.007347,3.121192,0.104130,-0.108623,-0.035598,-0.000142,-0.001379,0.005231,0.094246,-0.013898,-2.456288,1.116866,1.152467,-1.435042,-1.402850,0.189707,-0.463226,0.083573,0.242559,-2.061427,-0.058244,2.040608,0.701517
16.009406,-0.888808,0.000000,0.000000,0.000000,-0.000000,-0.000000,1.000000,0.478032,-0.125817,0.244568,0.996349,-0.060972,-0.055483,0.022196,0.520472,-0.126840,0.243410,0.997021,-0.054020,-0.054556,0.007405,3.120811,0.108198,-0.109382,-0.038172,-0.000359,-0.000811,0.002743,0.091711,-0.014728,-2.663262,1.065673,1.162672,-1.391804,-1.509209,0.145813,-0.463552,0.080864,0.242208,-2.064082,-0.058283,2.036636,0.701516
16.062557,-0.888808,0.000000,0.000000,0.000000,-0.000000,-0.000000,1.000000,0.474477,-0.125817,0.244568,0.996349,-0.060972,-0.055483,0.022196,0.518441,-0.126879,0.243365,0.996893,-0.054395,-0.056473,0.007513,3.120335,0.112011,-0.110213,-0.042480,-0.001469,-0.001680,-0.002760,0.088422,-0.016359,-2.558621,0.921859,1.004632,-1.278048,-1.384520,0.088296,-0.463993,0.077731,0.241889,-2.067530,-0.058307,2.033307,0.701514
16.111491,-0.888808,0.000000,0.000000,0.000000,-0.000000,-0.000000,1.000000,0.470922,-0.125817,0.244568,0.996349,-0.060972,-0.055483,0.022196,0.516205,-0.126909,0.243310,0.996774,-0.054800,-0.058127,0.007761,3.119602,0.115283,-0.111113,-0.045901,0.000924,-0.000598,-0.009783,0.072976,-0.014997,-2.805370,0.958102,1.295905,-1.293164,-1.664382,0.082708,-0.464408,0.073624,0.241465,-2.072315,-0.058313,2.030939,0.701510
16.163673,-0.898071,0.000000,0.000000,0.000000,-0.000000,-0.000000,1.000000,0.467330,-0.125817,0.244568,0.996349,-0.060972,-0.055483,0.022196,0.513839,-0.126914,0.243367,0.996660,-0.055210,-0.059629,0.008119,3.118663,0.118239,-0.112035,-0.044912,0.001226,0.002005,-0.013879,0.054199,-0.015296,-2.817247,0.806617,1.169637,-1.175951,-1.604182,0.006022,-0.464615,0.068769,0.240835,-2.077776,-0.058305,2.028860,0.701508
16.211837,-0.888808,0.000000,0.000000,0.000000,-0.000000,-0.000000,1.000000,0.463774,-0.125817,0.244568,0.996349,-0.060972,-0.055483,0.022196,0.511286,-0.126924,0.243468,0.996545,-0.055656,-0.061046,0.008572,3.117534,0.121012,-0.113040,-0.048621,0.000402,0.001320,-0.017691,0.050689,-0.017077,-3.547682,0.997175,0.904804,-1.205586,-1.798418,0.021604,-0.464726,0.063196,0.240033,-2.084032,-0.058297,2.027083,0.701503
16.262754,-0.888808,0.000000,0.000000,0.000000,-0.000000,-0.000000,1.000000,0.460219,-0.125817,0.244568,0.996349,-0.060972,-0.055483,0.022196,0.508555,-0.126911,0.243535,0.996436,-0.056106,-0.062322,0.009126,3.116216,0.123489,-0.114063,-0.053343,0.000002,0.001121,-0.023571,0.042577,-0.018201,-3.357210,0.877698,0.938069,-1.133211,-1.733812,-0.010686,-0.464745,0.056920,0.239115,-2.091283,-0.058297,2.025933,0.701493
16.310622,-0.898071,0.000000,0.000000,0.000000,-0.000000,-0.000000,1.000000,0.456627,-0.125817,0.244568,0.996349,-0.060972,-0.055483,0.022196,0.505643,-0.126868,0.243453,0.996328,-0.056563,-0.063527,0.009730,3.114802,0.125819,-0.115109,-0.055144,0.001053,-0.000050,-0.024243,0.044863,-0.017447,-3.173277,0.876638,1.411012,-1.164235,-1.904388,0.013620,-0.464762,0.050169,0.238165,-2.099528,-0.058296,2.025470,0.701484
16.360606,-0.898071,0.000000,0.000000,0.000000,-0.000000,-0.000000,1.000000,0.453035,-0.125817,0.244568,0.996349,-0.060972,-0.055483,0.022196,0.502761,-0.126828,0.243532,0.996229,-0.057019,-0.064563,0.010400,3.113275,0.127801,-0.116156,-0.056301,0.001947,0.003259,-0.028291,0.039161,-0.013991,-2.993699,0.750979,1.017183,-1.042665,-1.628655,-0.023657,-0.464831,0.043079,0.237290,-2.107779,-0.058303,2.025038,0.701473
16.418895,-0.888808,0.000000,0.000000,0.000000,-0.000000,-0.000000,1.000000,0.449479,-0.125817,0.244568,0.996349,-0.060972,-0.055483,0.022196,0.499783,-0.126788,0.243688,0.996131,-0.057502,-0.065515,0.011123,3.111643,0.129607,-0.117266,-0.060306,0.002483,0.002361,-0.029825,0.040689,-0.017144,-3.273930,0.795469,0.480993,-0.962158,-1.493177,-0.025995,-0.464985,0.035506,0.236466,-2.116409,-0.058294,2.024699,0.701458
16.465664,-0.888808,0.000000,0.000000,0.000000,-0.000000,-0.000000,1.000000,0.445924,-0.125817,0.244568,0.996349,-0.060972,-0.055483,0.022196,0.496544,-0.126706,0.243650,0.996023,-0.057997,-0.066585,0.011859,3.109967,0.131644,-0.118410,-0.060608,0.002529,-0.002876,-0.024421,0.048327,-0.018315,-3.551494,0.891693,1.782408,-1.128178,-2.360965,-0.003457,-0.465183,0.027542,0.235655,-2.125972,-0.058286,2.024685,0.701441
16.519774,-0.898071,0.000000,0.000000,0.000000,-0.000000,-0.000000,1.000000,0.442332,-0.125817,0.244568,0.996349,-0.060972,-0.055483,0.022196,0.493420,-0.126660,0.243754,0.995925,-0.058505,-0.067463,0.012631,3.108237,0.133292,-0.119581,-0.062270,0.001047,0.001310,-0.030932,0.036115,-0.019298,-2.671812,0.582001,0.751382,-0.854118,-1.466121,-0.046350,-0.465358,0.019495,0.234810,-2.135259,-0.058282,2.024705,0.701412
16.564674,-0.898071,0.000000,0.000000,0.000000,-0.000000,-0.000000,1.000000,0.438740,-0.125817,0.244568,0.996349,-0.060972,-0.055483,0.022196,0.490260,-0.126612,0.243951,0.995828,-0.059021,-0.068282,0.013437,3.106444,0.134816,-0.120772,-0.063250,0.001936,0.001712,-0.030918,0.037461,-0.020091,-3.380564,0.629324,0.206520,-0.780198,-1.537356,-0.102219,-0.465562,0.011149,0.233991,-2.144632,-0.058268,2.024647,0.701364
16.617924,-0.888808,0.000000,0.000000,0.000000,-0.000000,-0.000000,1.000000,0.435184,-0.125817,0.244568,0.996349,-0.060972,-0.055483,0.022196,0.486931,-0.126539,0.243951,0.995719,-0.059540,-0.069252,0.014212,3.104691,0.136644,-0.121976,-0.061041,0.001809,0.001246,-0.030453,0.035346,-0.018707,-2.734827,0.477519,1.522795,-0.824513,-1.979741,-0.095241,-0.465974,0.002750,0.233352,-2.154509,-0.058258,2.024734,0.701293
16.665553,-0.888808,0.000000,0.000000,0.000000,-0.000000,-0.000000,1.000000,0.431629,-0.125817,0.244568,0.996349,-0.060972,-0.055483,0.022196,0.483748,-0.126523,0.244071,0.995619,-0.060056,-0.070087,0.014982,3.102964,0.138199,-0.123169,-0.062818,0.001060,0.005739,-0.029360,0.032514,-0.016521,-3.265864,0.533887,0.102463,-0.667824,-1.521757,-0.120322,-0.466264,-0.005519,0.232541,-2.163890,-0.058239,2.024720,0.701133
16.714556,-0.888808,0.000000,0.000000,0.000000,-0.000000,-0.000000,1.000000,0.428074,-0.125817,0.244568,0.996349,-0.060972,-0.055483,0.022196,0.480463,-0.126492,0.244176,0.995521,-0.060488,-0.070934,0.015760,3.101227,0.139780,-0.124197,-0.066092,0.002967,-0.000683,-0.029201,0.041516,-0.019158,-3.449554,0.454012,0.518791,-0.623038,-1.822496,-0.159520,-0.466404,-0.014064,0.231566,-2.173591,-0.058213,2.024742,0.700767
16.764500,-0.898071,0.000000,0.000000,0.000000,-0.000000,-0.000000,1.000000,0.424482,-0.125817,0.244568,0.996349,-0.060972,-0.055483,0.022196,0.477067,-0.126417,0.244151,0.995412,-0.060987,-0.071851,0.016539,3.099470,0.141498,-0.125368,-0.062983,0.002558,-0.000218,-0.029265,0.037450,-0.017682,-3.224190,0.328276,1.376330,-0.647692,-2.224662,-0.176168,-0.466454,-0.022702,0.230543,-2.183684,-0.058202,2.024917,0.700577
16.815513,-0.888808,0.000000,0.000000,0.000000,-0.000000,-0.000000,1.000000,0.420926,-0.125817,0.244568,0.996349,-0.060972,-0.055483,0.022196,0.473902,-0.126392,0.244280,0.995315,-0.061453,-0.072610,0.017295,3.097779,0.142899,-0.126464,-0.063495,0.001868,0.002812,-0.029980,0.030991,-0.016743,-3.634593,0.414712,-0.070908,-0.517015,-1.701321,-0.168808,-0.466569,-0.031046,0.229578,-2.192998,-0.058179,2.024911,0.700281
16.864498,-0.888808,0.000000,0.000000,0.000000,-0.000000,-0.000000,1.000000,0.417371,-0.125817,0.244568,0.996349,-0.060972,-0.055483,0.022196,0.470528,-0.126332,0.244340,0.995211,-0.061913,-0.073458,0.018061,3.096058,0.144478,-0.127557,-0.065767,0.001533,-0.000359,-0.030615,0.036206,-0.017732,-3.465541,0.381275,0.636611,-0.525117,-2.001831,-0.155324,-0.466722,-0.039812,0.228629,-2.202921,-0.058132,2.024930,0.699916
16.914527,-0.888808,0.000000,0.000000,0.000000,-0.000000,-0.000000,1.000000,0.413816,-0.125817,0.244568,0.996349,-0.060972,-0.055483,0.022196,0.467228,-0.126286,0.244349,0.995106,-0.062381,-0.074298,0.018790,3.094407,0.146043,-0.128664,-0.063209,0.000397,0.003149,-0.030835,0.028289,-0.020574,-3.938801,0.449090,0.851599,-0.560783,-2.369993,-0.165056,-0.466855,-0.048301,0.227656,-2.212606,-0.058097,2.024982,0.699562
16.964456,-0.888808,0.000000,0.000000,0.000000,-0.000000,-0.000000,1.000000,0.410261,-0.125817,0.244568,0.996349,-0.060972,-0.055483,0.022196,0.464036,-0.126278,0.244410,0.995008,-0.062840,-0.075045,0.019476,3.092856,0.147427,-0.129743,-0.064703,0.002126,0.001550,-0.026189,0.034483,-0.015080,-4.301301,0.397358,-0.067019,-0.399364,-2.091253,-0.222853,-0.466896,-0.056636,0.226532,-2.221945,-0.058011,2.025008,0.699089
17.014520,-0.888808,0.000000,0.000000,0.000000,-0.000000,-0.000000,1.000000,0.406705,-0.125817,0.244568,0.996349,-0.060972,-0.055483,0.022196,0.460630,-0.126260,0.244357,0.994900,-0.063324,-0.075893,0.020093,3.091422,0.149018,-0.130871,-0.066277,0.001116,-0.001999,-0.022155,0.038662,-0.017656,-4.091868,0.448123,1.151261,-0.488898,-2.634891,-0.161775,-0.466920,-0.065307,0.225264,-2.231898,-0.057788,2.025108,0.698452
17.064560,-0.888808,0.000000,0.000000,0.000000,-0.000000,-0.000000,1.000000,0.403150,-0.125817,0.244568,0.996349,-0.060972,-0.055483,0.022196,0.457336,-0.126291,0.244370,0.994796,-0.063842,-0.076648,0.020746,3.089924,0.150415,-0.132071,-0.064662,-0.000333,0.000215,-0.025199,0.030248,-0.011900,-4.561938,0.598940,0.844455,-0.482437,-2.729444,-0.133246,-0.466938,-0.073837,0.223968,-2.241486,-0.057668,2.025171,0.697899
17.114639,-0.888808,0.000000,0.000000,0.000000,-0.000000,-0.000000,1.000000,0.399595,-0.125817,0.244568,0.996349,-0.060972,-0.055483,0.022196,0.454030,-0.126333,0.244401,0.994691,-0.064375,-0.077393,0.021351,3.088518,0.151797,-0.133293,-0.066887,0.001251,-0.001813,-0.025635,0.033479,-0.019870,-4.337559,0.451880,0.146951,-0.282584,-2.296875,-0.168855,-0.466941,-0.082425,0.222593,-2.251034,-0.057470,2.025142,0.697248
17.165395,-0.888808,0.000000,0.000000,0.000000,-0.000000,-0.000000,1.000000,0.396040,-0.125817,0.244568,0.996349,-0.060972,-0.055483,0.022196,0.450524,-0.126348,0.244384,0.994582,-0.064902,-0.078166,0.022020,3.086978,0.153225,-0.134519,-0.064355,0.000379,0.001559,-0.026511,0.026915,-0.021186,-4.090626,0.366190,0.854169,-0.281768,-2.571194,-0.167291,-0.466943,-0.091529,0.221212,-2.261244,-0.057337,2.025238,0.696590
17.214560,-0.888808,0.000000,0.000000,0.000000,-0.000000,-0.000000,1.000000,0.392485,-0.125817,0.244568,0.996349,-0.060972,-0.055483,0.022196,0.447165,-0.126352,0.244453,0.994483,-0.065398,-0.078832,0.022632,3.085571,0.154448,-0.135668,-0.066446,0.001107,0.001063,-0.023508,0.028001,-0.016025,-5.048412,0.602321,0.318977,-0.298374,-2.762004,-0.162397,-0.466946,-0.100473,0.219869,-2.270997,-0.057102,2.025223,0.695835
17.264501,-0.888808,0.000000,0.000000,0.000000,-0.000000,-0.000000,1.000000,0.388929,-0.125817,0.244568,0.996349,-0.060972,-0.055483,0.022196,0.443734,-0.126361,0.244413,0.994382,-0.065840,-0.079563,0.023238,3.084175,0.155802,-0.136715,-0.070347,0.001977,-0.002840,-0.020415,0.034822,-0.013339,-4.271970,0.415392,0.625345,-0.209683,-2.564645,-0.154155,-0.466959,-0.109405,0.218504,-2.280959,-0.056933,2.025303,0.694967
17.315303,-0.888808,0.000000,0.000000,0.000000,-0.000000,-0.000000,1.000000,0.385374,-0.125817,0.244568,0.996349,-0.060972,-0.055483,0.022196,0.440333,-0.126371,0.244409,0.994296,-0.066197,-0.080164,0.023812,3.082871,0.156904,-0.137574,-0.066407,0.000657,0.001685,-0.020292,0.026612,-0.014004,-4.669352,0.514199,0.647638,-0.229276,-2.822268,-0.144908,-0.466969,-0.118484,0.217104,-2.290961,-0.056672,2.025534,0.693829
17.365387,-0.888808,0.000000,0.000000,0.000000,-0.000000,-0.000000,1.000000,0.381819,-0.125817,0.244568,0.996349,-0.060972,-0.055483,0.022196,0.436915,-0.126392,0.244480,0.994217,-0.066506,-0.080739,0.024301,3.081752,0.157969,-0.138324,-0.068081,0.000643,0.000543,-0.017516,0.023826,-0.017279,-5.107567,0.624460,0.359540,-0.209890,-2.903948,-0.140133,-0.466978,-0.127730,0.215595,-2.300876,-0.056243,2.025546,0.692372
17.415356,-0.888808,0.000000,0.000000,0.000000,-0.000000,-0.000000,1.000000,0.378264,-0.125817,0.244568,0.996349,-0.060972,-0.055483,0.022196,0.433425,-0.126429,0.244431,0.994128,-0.066821,-0.081424,0.024810,3.080573,0.159247,-0.139100,-0.069176,-0.000144,-0.001111,-0.021234,0.026614,-0.015692,-4.233234,0.453601,0.766681,-0.141335,-2.724841,-0.112543,-0.466980,-0.136881,0.214053,-2.310931,-0.055973,2.025578,0.690977
17.465390,-0.888808,0.000000,0.000000,0.000000,-0.000000,-0.000000,1.000000,0.374708,-0.125817,0.244568,0.996349,-0.060972,-0.055483,0.022196,0.430027,-0.126471,0.244521,0.994047,-0.067169,-0.081933,0.025408,3.079234,0.160161,-0.139944,-0.067932,-0.000896,0.001874,-0.024108,0.024914,-0.012543,-4.959857,0.581933,-0.067392,-0.093487,-2.685828,-0.131186,-0.466982,-0.146219,0.212578,-2.320795,-0.055795,2.025607,0.689733
17.515517,-0.879545,0.000000,0.000000,0.000000,-0.000000,-0.000000,1.000000,0.371190,-0.125817,0.244568,0.996349,-0.060972,-0.055483,0.022196,0.426541,-0.126521,0.244538,0.993961,-0.067512,-0.082502,0.026039,3.077821,0.161188,-0.140789,-0.068513,0.000266,-0.001910,-0.023770,0.023327,-0.010853,-4.942461,0.686135,0.616333,-0.217479,-2.987168,-0.072331,-0.466978,-0.155652,0.211074,-2.330883,-0.055737,2.025658,0.688502
17.565596,-0.879545,0.000000,0.000000,0.000000,-0.000000,-0.000000,1.000000,0.367672,-0.125817,0.244568,0.996349,-0.060972,-0.055483,0.022196,0.423066,-0.126571,0.244475,0.993878,-0.067802,-0.083057,0.026661,3.076434,0.162191,-0.141527,-0.068357,-0.001344,-0.001045,-0.025268,0.024470,-0.005004,-4.689908,0.516420,0.680846,-0.165068,-2.945809,-0.104523,-0.466980,-0.164987,0.209578,-2.341027,-0.055727,2.025886,0.687193
17.616406,-0.870282,0.000000,0.000000,0.000000,-0.000000,-0.000000,1.000000,0.364191,-0.125817,0.244568,0.996349,-0.060972,-0.055483,0.022196,0.419668,-0.126633,0.244589,0.993805,-0.068119,-0.083465,0.027312,3.075005,0.162894,-0.142312,-0.068318,-0.001117,0.001348,-0.027357,0.016522,-0.010039,-4.836331,0.425885,-0.387818,-0.003751,-2.533685,-0.149215,-0.466980,-0.174552,0.208079,-2.350895,-0.055697,2.025914,0.685889
17.665665,-0.870282,0.000000,0.000000,0.000000,-0.000000,-0.000000,1.000000,0.360710,-0.125817,0.244568,0.996349,-0.060972,-0.055483,0.022196,0.416115,-0.126661,0.244485,0.993717,-0.068437,-0.084050,0.027904,3.073668,0.163957,-0.143106,-0.068988,-0.000870,-0.003933,-0.022665,0.027394,-0.016629,-5.104418,0.753552,0.817438,-0.276332,-3.215032,-0.032339,-0.466977,-0.184065,0.206552,-2.361192,-0.055676,2.026048,0.684567
17.715583,-0.861019,0.000000,0.000000,0.000000,-0.000000,-0.000000,1.000000,0.357266,-0.125817,0.244568,0.996349,-0.060972,-0.055483,0.022196,0.412615,-0.126675,0.244525,0.993642,-0.068731,-0.084480,0.028542,3.072266,0.164707,-0.143846,-0.067182,0.000536,0.002841,-0.027045,0.013639,-0.006920,-4.729007,0.460619,0.024606,-0.047967,-2.715816,-0.109892,-0.466971,-0.193876,0.205076,-2.371370,-0.055645,2.026095,0.683208
17.766449,-0.833230,0.000000,0.000000,0.000000,-0.000000,-0.000000,1.000000,0.353933,-0.125817,0.244568,0.996349,-0.060972,-0.055483,0.022196,0.409155,-0.126574,0.244561,0.993582,-0.069026,-0.084843,0.028847,3.071545,0.165368,-0.144529,-0.073067,0.003576,-0.004583,-0.009465,0.029786,0.017423,-5.421022,0.696401,0.084748,-0.124593,-3.055564,-0.088260,-0.466952,-0.203697,0.203543,-2.381469,-0.054914,2.026073,0.681435
17.816641,-0.833230,0.000000,0.000000,0.000000,-0.000000,-0.000000,1.000000,0.350600,-0.125817,0.244568,0.996349,-0.060972,-0.055483,0.022196,0.405647,-0.126559,0.244464,0.993529,-0.069335,-0.085155,0.029016,3.071102,0.165944,-0.145212,-0.069334,-0.000238,0.001732,-0.006639,0.010495,-0.012868,-4.474800,0.385956,0.746647,-0.010225,-2.960596,-0.125574,-0.466966,-0.213479,0.201715,-2.391828,-0.054044,2.026412,0.679307
17.866658,-0.814704,0.000000,0.000000,0.000000,-0.000000,-0.000000,1.000000,0.347341,-0.125817,0.244568,0.996349,-0.060972,-0.055483,0.022196,0.402201,-0.126592,0.244570,0.993486,-0.069640,-0.085353,0.029177,3.070694,0.166295,-0.145875,-0.066627,-0.001766,0.002932,-0.007692,0.003433,-0.009152,-5.390353,0.644820,-0.272382,0.002251,-2.945891,-0.124647,-0.466972,-0.223485,0.199764,-2.401813,-0.053145,2.026380,0.677005
17.916626,-0.666497,0.000000,0.000000,0.000000,-0.000000,-0.000000,1.000000,0.344675,-0.125817,0.244568,0.996349,-0.060972,-0.055483,0.022196,0.398638,-0.126602,0.244532,0.993442,-0.069857,-0.085645,0.029278,3.070408,0.166850,-0.146359,-0.070789,0.000434,-0.002076,-0.000168,0.011563,-0.011243,-5.117629,0.726460,0.864325,-0.122062,-3.306559,-0.070311,-0.466967,-0.233543,0.197751,-2.412141,-0.052237,2.026434,0.674465
17.967397,-0.518289,0.000000,0.000000,0.000000,-0.000000,-0.000000,1.000000,0.342602,-0.125817,0.244568,0.996349,-0.060972,-0.055483,0.022196,0.395229,-0.126623,0.244561,0.993414,-0.070058,-0.085804,0.029288,3.070326,0.167151,-0.146785,-0.068924,-0.000566,0.001356,-0.000652,0.005070,-0.007581,-4.810380,0.625887,0.021995,0.042667,-2.848146,-0.085130,-0.466969,-0.243424,0.195691,-2.422048,-0.051182,2.026469,0.671770
18.017427,-0.286679,0.000000,0.000000,0.000000,-0.000000,-0.000000,1.000000,0.341455,-0.125817,0.244568,0.996349,-0.060972,-0.055483,0.022196,0.391751,-0.126622,0.244648,0.993395,-0.070285,-0.085863,0.029228,3.070401,0.167261,-0.147240,-0.070344,-0.000092,0.000511,0.002377,0.006746,-0.000721,-5.339077,0.802128,-0.330812,0.009115,-2.935185,-0.084571,-0.466965,-0.253757,0.193525,-2.432184,-0.049928,2.026457,0.668891
18.067610,0.000000,0.000000,0.000000,0.000000,0.000000,0.000000,0.000000,0.341455,-0.125817,0.244568,0.996349,-0.060972,-0.055483,0.022196,0.388278,-0.126617,0.244565,0.993379,-0.070378,-0.086023,0.029087,3.070644,0.167596,-0.147420,-0.066706,-0.001520,0.000381,0.004294,0.000609,-0.013884,-4.864245,0.600989,0.835150,-0.018919,-3.236689,-0.125118,-0.466967,-0.263718,0.191335,-2.442309,-0.048710,2.026569,0.665757
18.117581,0.000000,0.000000,0.000000,0.000000,0.000000,0.000000,0.000000,0.341455,-0.125817,0.244568,0.996349,-0.060972,-0.055483,0.022196,0.385024,-0.126615,0.244672,0.993370,-0.070599,-0.085963,0.029036,3.070718,0.167468,-0.147853,-0.062956,0.000470,0.004466,0.006001,-0.006910,-0.010288,-5.132432,0.765901,-0.340340,0.037112,-2.876882,-0.095774,-0.466972,-0.273648,0.189266,-2.451850,-0.047564,2.026572,0.663020
18.167624,0.000000,0.000000,0.000000,0.000000,0.000000,0.000000,0.000000,0.341455,-0.125817,0.244568,0.996349,-0.060972,-0.055483,0.022196,0.381823,-0.126602,0.244715,0.993365,-0.070725,-0.085940,0.028955,3.070863,0.167425,-0.148092,-0.063614,0.001273,-0.001269,0.014523,-0.003370,-0.017310,-5.602986,0.921807,0.352699,-0.103664,-3.372619,-0.091382,-0.466981,-0.283316,0.187233,-2.461220,-0.046468,2.026575,0.660163
18.217673,0.000000,0.000000,0.000000,0.000000,0.000000,0.000000,0.000000,0.341455,-0.125817,0.244568,0.996349,-0.060972,-0.055483,0.022196,0.378824,-0.126588,0.244725,0.993367,-0.070868,-0.085837,0.028840,3.071088,0.167227,-0.148353,-0.056904,0.000181,0.002965,0.003111,-0.008986,-0.012780,-4.668585,0.826321,0.066412,-0.018820,-2.867881,-0.028898,-0.466967,-0.292470,0.185244,-2.470122,-0.045376,2.026743,0.657444
18.267489,0.000000,0.000000,0.000000,0.000000,0.000000,0.000000,0.000000,0.341455,-0.125817,0.244568,0.996349,-0.060972,-0.055483,0.022196,0.376032,-0.126546,0.244848,0.993386,-0.070946,-0.085616,0.028656,3.071482,0.166805,-0.148458,-0.053943,0.000496,0.004279,0.011544,-0.011310,-0.005460,-5.292100,0.842737,-0.491752,0.036950,-2.924522,-0.094861,-0.466967,-0.301363,0.183349,-2.478411,-0.044130,2.026757,0.654599
18.317483,0.000000,0.000000,0.000000,0.000000,0.000000,0.000000,0.000000,0.341455,-0.125817,0.244568,0.996349,-0.060972,-0.055483,0.022196,0.373351,-0.126528,0.244906,0.993405,-0.071006,-0.085422,0.028413,3.071994,0.166449,-0.148520,-0.054327,0.000724,0.000466,0.007749,-0.002847,0.001218,-5.477239,1.074701,0.171936,-0.152315,-3.277728,-0.029768,-0.466965,-0.309777,0.181416,-2.486349,-0.042916,2.026803,0.651734
18.367569,0.000000,0.000000,0.000000,0.000000,0.000000,0.000000,0.000000,0.341455,-0.125817,0.244568,0.996349,-0.060972,-0.055483,0.022196,0.370889,-0.126556,0.244877,0.993415,-0.071129,-0.085242,0.028308,3.072214,0.166097,-0.148735,-0.047505,-0.001083,-0.000600,-0.002764,-0.002946,0.004880,-4.859372,0.794733,0.370275,-0.056869,-3.125114,-0.062381,-0.466966,-0.317406,0.179644,-2.493739,-0.042099,2.027080,0.649408
18.417683,0.000000,0.000000,0.000000,0.000000,0.000000,0.000000,0.000000,0.341455,-0.125817,0.244568,0.996349,-0.060972,-0.055483,0.022196,0.368654,-0.126542,0.244966,0.993428,-0.071224,-0.085037,0.028238,3.072373,0.165690,-0.148896,-0.041742,0.000521,0.001566,0.000563,-0.010846,0.001923,-5.211163,0.712402,-0.023994,0.037125,-3.115434,-0.130490,-0.466966,-0.324614,0.178115,-2.500359,-0.041324,2.027054,0.647293
18.467648,0.000000,0.000000,0.000000,0.000000,0.000000,0.000000,0.000000,0.341455,-0.125817,0.244568,0.996349,-0.060972,-0.055483,0.022196,0.366671,-0.126533,0.244998,0.993435,-0.071283,-0.084904,0.028236,3.072388,0.165422,-0.149002,-0.039069,0.000307,0.000301,-0.000006,-0.003027,-0.002614,-5.454829,0.900234,-0.279398,-0.012210,-3.122850,-0.083442,-0.466968,-0.330903,0.176816,-2.506223,-0.040806,2.027049,0.645512
18.518344,0.000000,0.000000,0.000000,0.000000,0.000000,0.000000,0.000000,0.341455,-0.125817,0.244568,0.996349,-0.060972,-0.055483,0.022196,0.364780,-0.126480,0.245003,0.993440,-0.071327,-0.084777,0.028306,3.072260,0.165155,-0.149091,-0.036759,0.001959,-0.000656,-0.002381,-0.000555,0.001950,-5.408297,0.836951,0.050466,-0.020518,-3.251273,-0.096841,-0.466962,-0.336953,0.175733,-2.511903,-0.040397,2.027107,0.643983
18.568610,0.000000,0.000000,0.000000,0.000000,0.000000,0.000000,0.000000,0.341455,-0.125817,0.244568,0.996349,-0.060972,-0.055483,0.022196,0.363110,-0.126464,0.244965,0.993438,-0.071376,-0.084732,0.028400,3.072070,0.165045,-0.149201,-0.032358,0.000474,-0.001375,-0.005361,0.002187,0.001812,-5.058605,0.739209,0.059203,0.023076,-3.106688,-0.087858,-0.466964,-0.342127,0.174756,-2.516846,-0.040189,2.027133,0.642717
18.618586,0.000000,0.000000,0.000000,0.000000,0.000000,0.000000,0.000000,0.341455,-0.125817,0.244568,0.996349,-0.060972,-0.055483,0.022196,0.361668,-0.126474,0.245002,0.993441,-0.071442,-0.084607,0.028510,3.071858,0.164776,-0.149340,-0.027844,-0.000161,0.000318,-0.003591,-0.004314,-0.004325,-5.435381,0.851658,0.070456,-0.022961,-3.259976,-0.084647,-0.466968,-0.346812,0.173860,-2.521129,-0.040026,2.027135,0.641611
18.668639,0.000000,0.000000,0.000000,0.000000,0.000000,0.000000,0.000000,0.341455,-0.125817,0.244568,0.996349,-0.060972,-0.055483,0.022196,0.360324,-0.126502,0.244993,0.993438,-0.071527,-0.084542,0.028607,3.071659,0.164625,-0.149522,-0.025979,-0.000137,-0.000988,-0.003965,-0.002560,-0.003325,-5.240192,0.806724,0.098237,-0.008982,-3.170950,-0.077016,-0.466963,-0.351025,0.172979,-2.525077,-0.039940,2.027138,0.640640
18.718615,0.000000,0.000000,0.000000,0.000000,0.000000,0.000000,0.000000,0.341455,-0.125817,0.244568,0.996349,-0.060972,-0.055483,0.022196,0.359106,-0.126534,0.244953,0.993429,-0.071642,-0.084520,0.028691,3.071474,0.164561,-0.149767,-0.024648,-0.000518,-0.001900,-0.000811,0.002812,-0.002650,-5.461956,0.887315,-0.021625,-0.040344,-3.231131,-0.067693,-0.466964,-0.354740,0.172172,-2.528627,-0.039898,2.027134,0.639849
18.768614,0.000000,0.000000,0.000000,0.000000,0.000000,0.000000,0.000000,0.341455,-0.125817,0.244568,0.996349,-0.060972,-0.055483,0.022196,0.358007,-0.126581,0.244918,0.993421,-0.071762,-0.084493,0.028745,3.071348,0.164490,-0.150018,-0.022376,-0.000836,-0.000472,-0.000134,0.000256,-0.006347,-5.496784,0.916660,-0.116192,-0.043067,-3.221440,-0.056042,-0.466963,-0.358080,0.171375,-2.531811,-0.039852,2.027129,0.639104
18.821707,0.000000,0.000000,0.000000,0.000000,0.000000,0.000000,0.000000,0.341455,-0.125817,0.244568,0.996349,-0.060972,-0.055483,0.022196,0.356943,-0.126617,0.244908,0.993415,-0.071897,-0.084416,0.028828,3.071172,0.164313,-0.150296,-0.021699,-0.000045,-0.001274,-0.002784,0.000908,-0.008494,-5.670177,0.930627,0.083654,-0.071098,-3.388193,-0.065622,-0.466962,-0.361446,0.170636,-2.534950,-0.039807,2.027161,0.638443
18.868570,0.000000,0.000000,0.000000,0.000000,0.000000,0.000000,0.000000,0.341455,-0.125817,0.244568,0.996349,-0.060972,-0.055483,0.022196,0.355944,-0.126642,0.244886,0.993410,-0.072004,-0.084367,0.028879,3.071060,0.164200,-0.150517,-0.018030,-0.000343,-0.000729,-0.002259,-0.002487,-0.003663,-5.584313,1.000584,0.030374,-0.080309,-3.338660,-0.025706,-0.466961,-0.364560,0.169940,-2.537872,-0.039737,2.027156,0.637769
18.918588,0.000000,0.000000,0.000000,0.000000,0.000000,0.000000,0.000000,0.341455,-0.125817,0.244568,0.996349,-0.060972,-0.055483,0.022196,0.355125,-0.126667,0.244817,0.993403,-0.072096,-0.084378,0.028861,3.071079,0.164218,-0.150701,-0.014417,-0.000488,-0.001020,0.001480,-0.001582,-0.003256,-5.489986,0.941666,-0.077475,-0.032658,-3.258375,-0.039060,-0.466960,-0.366943,0.169319,-2.540234,-0.039637,2.027158,0.637168
18.968611,0.000000,0.000000,0.000000,0.000000,0.000000,0.000000,0.000000,0.341455,-0.125817,0.244568,0.996349,-0.060972,-0.055483,0.022196,0.354425,-0.126696,0.244734,0.993397,-0.072166,-0.084413,0.028800,3.071184,0.164292,-0.150836,-0.012965,-0.000503,-0.001440,0.001431,0.001155,-0.001473,-5.575872,0.943994,-0.067971,-0.019917,-3.297896,-0.053525,-0.466958,-0.368882,0.168732,-2.542218,-0.039516,2.027153,0.636576
19.019243,0.000000,0.000000,0.000000,0.000000,0.000000,0.000000,0.000000,0.341455,-0.125817,0.244568,0.996349,-0.060972,-0.055483,0.022196,0.353834,-0.126745,0.244713,0.993398,-0.072188,-0.084391,0.028775,3.071235,0.164251,-0.150874,-0.011260,-0.000701,-0.000023,0.000248,-0.001610,0.000346,-5.626090,0.936176,0.107866,-0.041578,-3.359103,-0.067066,-0.466963,-0.370654,0.168199,-2.543897,-0.039452,2.027136,0.635971
19.069319,0.000000,0.000000,0.000000,0.000000,0.000000,0.000000,0.000000,0.341455,-0.125817,0.244568,0.996349,-0.060972,-0.055483,0.022196,0.353284,-0.126779,0.244724,0.993404,-0.072169,-0.084331,0.028775,3.071248,0.164131,-0.150830,-0.011406,-0.000460,-0.000421,-0.000268,0.000164,0.004013,-5.683037,1.015098,0.192512,-0.083018,-3.400207,-0.048244,-0.466966,-0.372433,0.167739,-2.545497,-0.039388,2.027123,0.635353
19.119559,0.000000,0.000000,0.000000,0.000000,0.000000,0.000000,0.000000,0.341455,-0.125817,0.244568,0.996349,-0.060972,-0.055483,0.022196,0.352760,-0.126808,0.244734,0.993412,-0.072131,-0.084270,0.028771,3.071273,0.164013,-0.150746,-0.009833,-0.000403,0.000088,0.001205,-0.001378,0.007719,-5.730934,1.039181,0.170273,-0.093241,-3.408730,-0.044271,-0.466960,-0.374136,0.167296,-2.547031,-0.039322,2.027117,0.634724
19.169479,0.000000,0.000000,0.000000,0.000000,0.000000,0.000000,0.000000,0.341455,-0.125817,0.244568,0.996349,-0.060972,-0.055483,0.022196,0.352289,-0.126833,0.244726,0.993418,-0.072108,-0.084231,0.028751,3.071322,0.163940,-0.150692,-0.008478,0.000188,0.000089,0.001665,-0.001832,0.003298,-5.717533,1.056752,0.174896,-0.100488,-3.405534,-0.036878,-0.466956,-0.375614,0.166891,-2.548399,-0.039249,2.027114,0.634172
19.219500,0.000000,0.000000,0.000000,0.000000,0.000000,0.000000,0.000000,0.341455,-0.125817,0.244568,0.996349,-0.060972,-0.055483,0.022196,0.351867,-0.126862,0.244694,0.993421,-0.072087,-0.084225,0.028710,3.071410,0.163936,-0.150643,-0.008497,-0.000383,-0.002015,0.002523,0.002767,0.003951,-5.803405,1.115365,0.228783,-0.137645,-3.471141,-0.025053,-0.466960,-0.376843,0.166504,-2.549602,-0.039179,2.027116,0.633653
19.269610,0.000000,0.000000,0.000000,0.000000,0.000000,0.000000,0.000000,0.341455,-0.125817,0.244568,0.996349,-0.060972,-0.055483,0.022196,0.351508,-0.126888,0.244630,0.993421,-0.072065,-0.084269,0.028646,3.071536,0.164035,-0.150592,-0.007044,-0.000653,-0.001888,0.003486,0.003547,-0.000460,-5.709489,1.025414,0.087309,-0.076892,-3.373249,-0.048277,-0.466962,-0.377753,0.166158,-2.550588,-0.039115,2.027106,0.633193
19.319640,0.000000,0.000000,0.000000,0.000000,0.000000,0.000000,0.000000,0.341455,-0.125817,0.244568,0.996349,-0.060972,-0.055483,0.022196,0.351216,-0.126926,0.244555,0.993417,-0.072067,-0.084331,0.028572,3.071674,0.164171,-0.150590,-0.004662,-0.000761,-0.001275,0.002795,0.001359,0.001828,-5.742798,1.113678,0.188686,-0.130961,-3.416391,-0.021974,-0.466958,-0.378392,0.165819,-2.551360,-0.039075,2.027103,0.632827
19.370514,0.000000,0.000000,0.000000,0.000000,0.000000,0.000000,0.000000,0.341455,-0.125817,0.244568,0.996349,-0.060972,-0.055483,0.022196,0.350948,-0.126955,0.244458,0.993412,-0.072062,-0.084425,0.028495,3.071814,0.164370,-0.150577,-0.004761,-0.000201,-0.001579,0.003219,0.002893,0.001530,-5.831150,1.108670,0.195509,-0.134521,-3.463623,-0.036022,-0.466960,-0.378888,0.165530,-2.552052,-0.039043,2.027098,0.632500
19.420552,0.000000,0.000000,0.000000,0.000000,0.000000,0.000000,0.000000,0.341455,-0.125817,0.244568,0.996349,-0.060972,-0.055483,0.022196,0.350694,-0.126981,0.244370,0.993405,-0.072083,-0.084507,0.028434,3.071919,0.164541,-0.150617,-0.004622,-0.001678,-0.000536,0.002073,0.001439,0.001181,-5.769494,1.107573,0.193033,-0.141174,-3.431385,-0.031382,-0.466961,-0.379379,0.165266,-2.552720,-0.039024,2.027102,0.632256
19.471397,0.000000,0.000000,0.000000,0.000000,0.000000,0.000000,0.000000,0.341455,-0.125817,0.244568,0.996349,-0.060972,-0.055483,0.022196,0.350452,-0.126998,0.244285,0.993397,-0.072119,-0.084587,0.028386,3.071997,0.164707,-0.150690,-0.004101,-0.000088,-0.001625,0.000460,0.003794,0.000164,-5.937439,1.160743,0.279564,-0.185664,-3.539158,-0.034306,-0.466956,-0.379850,0.165036,-2.553359,-0.039010,2.027100,0.632083
19.520692,0.000000,0.000000,0.000000,0.000000,0.000000,0.000000,0.000000,0.341455,-0.125817,0.244568,0.996349,-0.060972,-0.055483,0.022196,0.350222,-0.127010,0.244224,0.993390,-0.072163,-0.084641,0.028358,3.072039,0.164815,-0.150778,-0.004297,-0.000599,-0.000119,-0.000704,0.000350,-0.000630,-5.867400,1.117520,0.219471,-0.163829,-3.494652,-0.041674,-0.466961,-0.380369,0.164843,-2.553983,-0.038996,2.027099,0.631945
19.570485,0.000000,0.000000,0.000000,0.000000,0.000000,0.000000,0.000000,0.341455,-0.125817,0.244568,0.996349,-0.060972,-0.055483,0.022196,0.349981,-0.127016,0.244174,0.993386,-0.072184,-0.084674,0.028339,3.072067,0.164883,-0.150821,-0.004188,-0.000466,-0.000083,-0.000943,-0.001946,-0.001503,-5.939434,1.157262,0.270139,-0.189909,-3.546839,-0.034378,-0.466960,-0.380983,0.164654,-2.554665,-0.038980,2.027107,0.631766
19.620630,0.000000,0.000000,0.000000,0.000000,0.000000,0.000000,0.000000,0.341455,-0.125817,0.244568,0.996349,-0.060972,-0.055483,0.022196,0.349743,-0.127010,0.244151,0.993386,-0.072177,-0.084683,0.028346,3.072052,0.164900,-0.150810,-0.003865,0.000413,0.000547,-0.001313,-0.002637,0.000688,-5.940168,1.175883,0.308070,-0.207256,-3.555555,-0.024247,-0.466955,-0.381688,0.164513,-2.555360,-0.038969,2.027099,0.631574
19.671345,0.000000,0.000000,0.000000,0.000000,0.000000,0.000000,0.000000,0.341455,-0.125817,0.244568,0.996349,-0.060972,-0.055483,0.022196,0.349559,-0.127014,0.244167,0.993387,-0.072204,-0.084645,0.028369,3.072007,0.164818,-0.150864,-0.004017,0.000626,0.000683,-0.000815,-0.002481,-0.000611,-5.932058,1.205975,0.257684,-0.219972,-3.535711,-0.017533,-0.466961,-0.382343,0.164392,-2.555914,-0.038959,2.027096,0.631461
19.720549,0.000000,0.000000,0.000000,0.000000,0.000000,0.000000,0.000000,0.341455,-0.125817,0.244568,0.996349,-0.060972,-0.055483,0.022196,0.349352,-0.127009,0.244200,0.993393,-0.072176,-0.084581,0.028417,3.071926,0.164687,-0.150809,-0.004617,0.000030,0.000501,-0.001396,-0.000428,-0.000276,-6.064076,1.218245,0.365010,-0.238965,-3.630611,-0.023761,-0.466963,-0.383160,0.164295,-2.556571,-0.038959,2.027102,0.631257
19.770617,0.000000,0.000000,0.000000,0.000000,0.000000,0.000000,0.000000,0.341455,-0.125817,0.244568,0.996349,-0.060972,-0.055483,0.022196,0.349117,-0.126989,0.244270,0.993398,-0.072203,-0.084472,0.028501,3.071772,0.164453,-0.150866,-0.005972,0.000597,0.000821,-0.004101,-0.002813,-0.000039,-5.976015,1.185806,0.218251,-0.209033,-3.534444,-0.028329,-0.466961,-0.384206,0.164221,-2.557343,-0.038951,2.027098,0.631170
19.820713,0.000000,0.000000,0.000000,0.000000,0.000000,0.000000,0.000000,0.341455,-0.125817,0.244568,0.996349,-0.060972,-0.055483,0.022196,0.348874,-0.126965,0.244384,0.993409,-0.072193,-0.084303,0.028619,3.071562,0.164098,-0.150850,-0.005383,0.000524,0.002193,-0.005390,-0.005244,-0.000424,-6.090879,1.248914,0.296812,-0.244749,-3.620045,-0.013576,-0.466960,-0.385452,0.164173,-2.558186,-0.038948,2.027102,0.631020
19.871351,0.000000,0.000000,0.000000,0.000000,0.000000,0.000000,0.000000,0.341455,-0.125817,0.244568,0.996349,-0.060972,-0.055483,0.022196,0.348617,-0.126932,0.244460,0.993419,-0.072165,-0.084177,0.028720,3.071385,0.163832,-0.150799,-0.004548,0.000309,0.001629,-0.004831,-0.005508,0.003993,-6.001952,1.210077,0.289068,-0.224691,-3.580310,-0.014183,-0.466961,-0.386631,0.164135,-2.559060,-0.038937,2.027114,0.630842
19.921474,0.000000,0.000000,0.000000,0.000000,0.000000,0.000000,0.000000,0.341455,-0.125817,0.244568,0.996349,-0.060972,-0.055483,0.022196,0.348408,-0.126902,0.244517,0.993424,-0.072170,-0.084088,0.028796,3.071244,0.163643,-0.150812,-0.003435,0.000477,0.001507,-0.002080,-0.004177,-0.000530,-6.020640,1.259455,0.074957,-0.232123,-3.521239,0.000158,-0.466958,-0.387560,0.164105,-2.559754,-0.038924,2.027106,0.630755
19.971669,0.000000,0.000000,0.000000,0.000000,0.000000,0.000000,0.000000,0.341455,-0.125817,0.244568,0.996349,-0.060972,-0.055483,0.022196,0.348245,-0.126876,0.244542,0.993427,-0.072171,-0.084035,0.028859,3.071127,0.163528,-0.150820,-0.002713,0.000688,0.000553,-0.002735,-0.000980,0.002480,-5.974458,1.266884,0.253442,-0.269895,-3.562240,0.005081,-0.466959,-0.388235,0.164098,-2.560299,-0.038928,2.027118,0.630706
20.022351,0.000000,0.000000,0.000000,0.000000,0.000000,0.000000,0.000000,0.341455,-0.125817,0.244568,0.996349,-0.060972,-0.055483,0.022196,0.348101,-0.126853,0.244542,0.993426,-0.072182,-0.084021,0.028898,3.071049,0.163492,-0.150846,-0.002964,-0.000015,-0.000061,-0.002990,0.000218,-0.000118,-5.957469,1.288448,0.235528,-0.284538,-3.556173,0.011287,-0.466962,-0.388746,0.164088,-2.560756,-0.038928,2.027120,0.630678
20.072386,0.000000,0.000000,0.000000,0.000000,0.000000,0.000000,0.000000,0.341455,-0.125817,0.244568,0.996349,-0.060972,-0.055483,0.022196,0.347983,-0.126832,0.244537,0.993425,-0.072190,-0.084013,0.028924,3.070996,0.163472,-0.150866,-0.002793,0.001677,-0.000760,0.000396,0.001194,0.000624,-5.921001,1.257916,0.098164,-0.262235,-3.499235,0.000267,-0.466956,-0.389154,0.164074,-2.561134,-0.038923,2.027124,0.630656
20.122533,0.000000,0.000000,0.000000,0.000000,0.000000,0.000000,0.000000,0.341455,-0.125817,0.244568,0.996349,-0.060972,-0.055483,0.022196,0.347873,-0.126814,0.244513,0.993423,-0.072199,-0.084026,0.028942,3.070956,0.163495,-0.150889,-0.001353,0.000019,-0.000059,-0.002278,-0.000812,0.000260,-5.945150,1.258530,0.158070,-0.275368,-3.537157,-0.000519,-0.466961,-0.389469,0.164065,-2.561476,-0.038924,2.027138,0.630640
20.172412,0.000000,0.000000,0.000000,0.000000,0.000000,0.000000,0.000000,0.341455,-0.125817,0.244568,0.996349,-0.060972,-0.055483,0.022196,0.347794,-0.126801,0.244491,0.993421,-0.072202,-0.084048,0.028949,3.070939,0.163537,-0.150897,-0.001668,0.000587,-0.000384,0.000527,0.001255,0.001167,-5.875874,1.232065,0.122460,-0.261040,-3.484218,-0.006907,-0.466958,-0.389668,0.164052,-2.561708,-0.038926,2.027135,0.630622
20.227591,0.000000,0.000000,0.000000,0.000000,0.000000,0.000000,0.000000,0.341455,-0.125817,0.244568,0.996349,-0.060972,-0.055483,0.022196,0.347735,-0.126793,0.244471,0.993418,-0.072212,-0.084066,0.028950,3.070931,0.163572,-0.150920,-0.001038,-0.000321,-0.000365,0.000143,0.001002,-0.001062,-5.832053,1.175996,0.111616,-0.236723,-3.457720,-0.026140,-0.466958,-0.389804,0.164036,-2.561877,-0.038924,2.027136,0.630617
20.273398,0.000000,0.000000,0.000000,0.000000,0.000000,0.000000,0.000000,0.341455,-0.125817,0.244568,0.996349,-0.060972,-0.055483,0.022196,0.347692,-0.126786,0.244450,0.993416,-0.072217,-0.084089,0.028944,3.070938,0.163619,-0.150932,-0.001326,-0.000281,-0.001162,0.002843,0.003752,-0.002175,-5.811448,1.179687,0.147332,-0.245707,-3.452669,-0.022642,-0.466960,-0.389878,0.164026,-2.561996,-0.038918,2.027133,0.630609
20.323339,0.000000,0.000000,0.000000,0.000000,0.000000,0.000000,0.000000,0.341455,-0.125817,0.244568,0.996349,-0.060972,-0.055483,0.022196,0.347661,-0.126781,0.244432,0.993415,-0.072220,-0.084107,0.028943,3.070937,0.163654,-0.150938,-0.000530,0.000470,-0.000567,0.000509,0.000866,0.001162,-5.805677,1.195523,0.081872,-0.255421,-3.422705,-0.022899,-0.466960,-0.389929,0.164020,-2.562086,-0.038920,2.027138,0.630606
20.372570,0.000000,0.000000,0.000000,0.000000,0.000000,0.000000,0.000000,0.341455,-0.125817,0.244568,0.996349,-0.060972,-0.055483,0.022196,0.347631,-0.126777,0.244418,0.993413,-0.072221,-0.084122,0.028941,3.070939,0.163686,-0.150943,0.000105,-0.000048,0.000546,0.000261,-0.001255,-0.000001,-5.747514,1.156486,0.126919,-0.237625,-3.407413,-0.028694,-0.466960,-0.389981,0.164012,-2.562168,-0.038919,2.027137,0.630597
20.422579,0.000000,0.000000,0.000000,0.000000,0.000000,0.000000,0.000000,0.341455,-0.125817,0.244568,0.996349,-0.060972,-0.055483,0.022196,0.347602,-0.126773,0.244397,0.993411,-0.072223,-0.084144,0.028936,3.070946,0.163731,-0.150947,0.000024,0.000115,0.000501,-0.000000,-0.001395,0.001536,-5.769014,1.206957,0.177360,-0.267169,-3.431601,-0.015930,-0.466958,-0.390012,0.164003,-2.562245,-0.038921,2.027139,0.630591
20.473453,0.000000,0.000000,0.000000,0.000000,0.000000,0.000000,0.000000,0.341455,-0.125817,0.244568,0.996349,-0.060972,-0.055483,0.022196,0.347580,-0.126772,0.244387,0.993410,-0.072231,-0.084156,0.028931,3.070951,0.163754,-0.150964,-0.000615,-0.000387,-0.000241,-0.000292,0.001125,-0.000131,-5.744778,1.204325,0.191801,-0.272033,-3.424289,-0.015673,-0.466960,-0.390047,0.163991,-2.562302,-0.038918,2.027137,0.630592
20.523453,0.000000,0.000000,0.000000,0.000000,0.000000,0.000000,0.000000,0.341455,-0.125817,0.244568,0.996349,-0.060972,-0.055483,0.022196,0.347565,-0.126773,0.244379,0.993409,-0.072232,-0.084164,0.028931,3.070950,0.163770,-0.150966,-0.000292,-0.001113,0.000125,-0.000148,0.000963,0.000302,-5.680398,1.183799,0.101118,-0.253698,-3.360189,-0.014997,-0.466963,-0.390070,0.163983,-2.562341,-0.038923,2.027138,0.630582
20.572637,0.000000,0.000000,0.000000,0.000000,0.000000,0.000000,0.000000,0.341455,-0.125817,0.244568,0.996349,-0.060972,-0.055483,0.022196,0.347536,-0.126766,0.244357,0.993407,-0.072233,-0.084189,0.028922,3.070964,0.163822,-0.150971,-0.000497,-0.000035,-0.000426,0.001950,0.001106,0.001509,-5.740025,1.161015,0.137642,-0.248149,-3.404150,-0.031460,-0.466960,-0.390093,0.163975,-2.562418,-0.038918,2.027138,0.630577
20.622630,0.000000,0.000000,0.000000,0.000000,0.000000,0.000000,0.000000,0.341455,-0.125817,0.244568,0.996349,-0.060972,-0.055483,0.022196,0.347514,-0.126764,0.244344,0.993406,-0.072239,-0.084203,0.028920,3.070964,0.163849,-0.150984,-0.001028,0.000117,-0.000328,-0.000818,0.002576,0.000502,-5.740482,1.163650,0.179444,-0.248613,-3.424102,-0.029288,-0.466960,-0.390125,0.163968,-2.562477,-0.038919,2.027138,0.630582
20.674289,0.000000,0.000000,0.000000,0.000000,0.000000,0.000000,0.000000,0.341455,-0.125817,0.244568,0.996349,-0.060972,-0.055483,0.022196,0.347494,-0.126763,0.244335,0.993405,-0.072245,-0.084211,0.028916,3.070970,0.163866,-0.150995,-0.000311,-0.000349,0.000034,-0.000446,-0.001058,-0.002255,-5.749283,1.250149,0.163675,-0.288262,-3.421584,0.000352,-0.466960,-0.390162,0.163953,-2.562532,-0.038917,2.027138,0.630574
20.726777,0.000000,0.000000,0.000000,0.000000,0.000000,0.000000,0.000000,0.341455,-0.125817,0.244568,0.996349,-0.060972,-0.055483,0.022196,0.347476,-0.126763,0.244331,0.993404,-0.072246,-0.084214,0.028916,3.070969,0.163872,-0.150998,-0.000028,-0.000707,0.000666,0.000289,-0.002170,-0.001222,-5.791316,1.196711,0.158616,-0.261677,-3.438422,-0.022414,-0.466960,-0.390208,0.163943,-2.562584,-0.038917,2.027139,0.630566
20.775458,0.000000,0.000000,0.000000,0.000000,0.000000,0.000000,0.000000,0.341455,-0.125817,0.244568,0.996349,-0.060972,-0.055483,0.022196,0.347458,-0.126761,0.244319,0.993403,-0.072250,-0.084228,0.028912,3.070974,0.163900,-0.151006,-0.000467,0.000600,-0.000178,-0.000350,0.001242,0.001005,-5.745086,1.194426,0.162041,-0.262214,-3.415171,-0.018880,-0.466956,-0.390225,0.163931,-2.562629,-0.038918,2.027138,0.630565
20.825469,0.000000,0.000000,0.000000,0.000000,0.000000,0.000000,0.000000,0.341455,-0.125817,0.244568,0.996349,-0.060972,-0.055483,0.022196,0.347443,-0.126763,0.244310,0.993402,-0.072255,-0.084240,0.028910,3.070976,0.163923,-0.151016,-0.000966,-0.000213,-0.000545,-0.000279,0.002029,-0.000964,-5.733830,1.162086,0.114610,-0.241967,-3.396378,-0.029390,-0.466961,-0.390240,0.163923,-2.562665,-0.038922,2.027135,0.630562
20.874607,0.000000,0.000000,0.000000,0.000000,0.000000,0.000000,0.000000,0.341455,-0.125817,0.244568,0.996349,-0.060972,-0.055483,0.022196,0.347430,-0.126764,0.244299,0.993401,-0.072261,-0.084251,0.028901,3.070991,0.163946,-0.151029,-0.000702,-0.000162,-0.000730,0.001382,0.001962,-0.000310,-5.677922,1.170715,0.139497,-0.248917,-3.373214,-0.023500,-0.466960,-0.390243,0.163904,-2.562694,-0.038918,2.027137,0.630558
20.924623,0.000000,0.000000,0.000000,0.000000,0.000000,0.000000,0.000000,0.341455,-0.125817,0.244568,0.996349,-0.060972,-0.055483,0.022196,0.347424,-0.126768,0.244298,0.993400,-0.072268,-0.084250,0.028900,3.070993,0.163945,-0.151042,-0.000006,-0.000299,-0.000136,-0.000654,0.000692,-0.000450,-5.645159,1.171969,0.198573,-0.255237,-3.378533,-0.016540,-0.466959,-0.390254,0.163889,-2.562707,-0.038921,2.027139,0.630559
20.974685,0.000000,0.000000,0.000000,0.000000,0.000000,0.000000,0.000000,0.341455,-0.125817,0.244568,0.996349,-0.060972,-0.055483,0.022196,0.347411,-0.126773,0.244291,0.993399,-0.072277,-0.084258,0.028894,3.071002,0.163962,-0.151061,-0.000174,-0.000833,0.000351,-0.001041,-0.000082,-0.000489,-5.645338,1.181810,0.142245,-0.252112,-3.357482,-0.013405,-0.466960,-0.390263,0.163864,-2.562735,-0.038923,2.027138,0.630554
21.025550,0.000000,0.000000,0.000000,0.000000,0.000000,0.000000,0.000000,0.341455,-0.125817,0.244568,0.996349,-0.060972,-0.055483,0.022196,0.347397,-0.126782,0.244285,0.993398,-0.072295,-0.084262,0.028883,3.071021,0.163968,-0.151096,0.000180,-0.000719,0.000500,0.000379,-0.003152,-0.001389,-5.694547,1.183029,0.163778,-0.250069,-3.389807,-0.017266,-0.466961,-0.390280,0.163824,-2.562764,-0.038918,2.027138,0.630550
21.075544,0.000000,0.000000,0.000000,0.000000,0.000000,0.000000,0.000000,0.341455,-0.125817,0.244568,0.996349,-0.060972,-0.055483,0.022196,0.347377,-0.126807,0.244278,0.993395,-0.072340,-0.084266,0.028860,3.071059,0.163977,-0.151183,0.000020,-0.000796,0.000662,-0.000012,-0.002392,-0.004435,-5.738355,1.171826,0.202297,-0.236103,-3.430571,-0.021189,-0.466960,-0.390287,0.163729,-2.562792,-0.038916,2.027139,0.630554
21.125644,0.000000,0.000000,0.000000,0.000000,0.000000,0.000000,0.000000,0.341455,-0.125817,0.244568,0.996349,-0.060972,-0.055483,0.022196,0.347353,-0.126823,0.244265,0.993392,-0.072369,-0.084280,0.028839,3.071093,0.164007,-0.151241,-0.000433,0.000319,-0.000548,0.001683,0.002326,-0.001603,-5.719425,1.183164,0.175798,-0.246822,-3.415020,-0.019144,-0.466958,-0.390295,0.163656,-2.562833,-0.038916,2.027133,0.630548
21.176395,0.000000,0.000000,0.000000,0.000000,0.000000,0.000000,0.000000,0.341455,-0.125817,0.244568,0.996349,-0.060972,-0.055483,0.022196,0.347337,-0.126832,0.244258,0.993391,-0.072382,-0.084286,0.028832,3.071105,0.164018,-0.151266,-0.000305,0.000038,-0.000255,-0.000478,0.000877,0.002860,-5.743731,1.199226,0.176735,-0.255655,-3.426008,-0.016531,-0.466958,-0.390313,0.163618,-2.562868,-0.038919,2.027137,0.630540
21.226588,0.000000,0.000000,0.000000,0.000000,0.000000,0.000000,0.000000,0.341455,-0.125817,0.244568,0.996349,-0.060972,-0.055483,0.022196,0.347322,-0.126838,0.244250,0.993389,-0.072398,-0.084293,0.028825,3.071115,0.164033,-0.151299,-0.000629,-0.000738,-0.000276,-0.000009,0.000615,-0.002622,-5.690757,1.223075,0.186998,-0.268076,-3.400643,-0.003510,-0.466960,-0.390325,0.163589,-2.562898,-0.038920,2.027136,0.630544
21.276432,0.000000,0.000000,0.000000,0.000000,0.000000,0.000000,0.000000,0.341455,-0.125817,0.244568,0.996349,-0.060972,-0.055483,0.022196,0.347320,-0.126839,0.244253,0.993390,-0.072401,-0.084287,0.028824,3.071118,0.164021,-0.151303,0.000410,0.000125,0.000608,-0.000636,-0.002452,0.000839,-5.723835,1.236541,0.153713,-0.280150,-3.410381,-0.002937,-0.466955,-0.390342,0.163578,-2.562908,-0.038917,2.027140,0.630542
21.327466,0.000000,0.000000,0.000000,0.000000,0.000000,0.000000,0.000000,0.341455,-0.125817,0.244568,0.996349,-0.060972,-0.055483,0.022196,0.347311,-0.126845,0.244249,0.993389,-0.072411,-0.084292,0.028820,3.071123,0.164031,-0.151324,-0.000025,-0.000604,0.000397,-0.000064,-0.001238,-0.003657,-5.744124,1.219716,0.221288,-0.276538,-3.443769,-0.009187,-0.466958,-0.390351,0.163559,-2.562927,-0.038920,2.027139,0.630543
21.377455,0.000000,0.000000,0.000000,0.000000,0.000000,0.000000,0.000000,0.341455,-0.125817,0.244568,0.996349,-0.060972,-0.055483,0.022196,0.347303,-0.126844,0.244243,0.993388,-0.072413,-0.084298,0.028817,3.071128,0.164043,-0.151327,-0.000317,0.000148,-0.000524,0.000155,0.000295,0.000335,-5.669055,1.186290,0.122253,-0.252437,-3.364249,-0.014965,-0.466958,-0.390358,0.163552,-2.562947,-0.038918,2.027139,0.630539
21.426673,0.000000,0.000000,0.000000,0.000000,0.000000,0.000000,0.000000,0.341455,-0.125817,0.244568,0.996349,-0.060972,-0.055483,0.022196,0.347298,-0.126845,0.244242,0.993388,-0.072417,-0.084299,0.028814,3.071133,0.164044,-0.151335,0.000171,0.000175,-0.000040,0.000290,-0.000963,-0.001093,-5.684596,1.217486,0.184741,-0.276065,-3.397701,-0.006822,-0.466958,-0.390367,0.163546,-2.562959,-0.038914,2.027139,0.630539
21.478233,0.000000,0.000000,0.000000,0.000000,0.000000,0.000000,0.000000,0.341455,-0.125817,0.244568,0.996349,-0.060972,-0.055483,0.022196,0.347293,-0.126847,0.244239,0.993387,-0.072420,-0.084303,0.028812,3.071135,0.164053,-0.151342,-0.000129,-0.000006,-0.000145,0.000899,0.000723,-0.001976,-5.674792,1.248782,0.154035,-0.287588,-3.382012,0.004477,-0.466960,-0.390368,0.163539,-2.562967,-0.038917,2.027137,0.630538
21.528549,0.000000,0.000000,0.000000,0.000000,0.000000,0.000000,0.000000,0.341455,-0.125817,0.244568,0.996349,-0.060972,-0.055483,0.022196,0.347289,-0.126848,0.244237,0.993387,-0.072422,-0.084304,0.028811,3.071138,0.164054,-0.151345,-0.000042,-0.000502,0.000331,-0.000661,-0.001119,-0.002762,-5.660709,1.230137,0.183677,-0.280834,-3.386107,-0.002883,-0.466956,-0.390375,0.163530,-2.562979,-0.038917,2.027139,0.630537
21.578427,0.000000,0.000000,0.000000,0.000000,0.000000,0.000000,0.000000,0.341455,-0.125817,0.244568,0.996349,-0.060972,-0.055483,0.022196,0.347284,-0.126846,0.244234,0.993387,-0.072422,-0.084308,0.028809,3.071140,0.164063,-0.151345,-0.000254,0.000335,-0.000259,-0.000342,0.000885,0.000918,-5.675837,1.226877,0.201969,-0.280588,-3.400420,-0.004821,-0.466958,-0.390384,0.163531,-2.562993,-0.038914,2.027137,0.630533
21.628518,0.000000,0.000000,0.000000,0.000000,0.000000,0.000000,0.000000,0.341455,-0.125817,0.244568,0.996349,-0.060972,-0.055483,0.022196,0.347283,-0.126846,0.244233,0.993387,-0.072423,-0.084307,0.028809,3.071141,0.164061,-0.151347,0.000079,0.000462,-0.000310,0.000421,-0.000398,-0.000264,-5.663461,1.243397,0.144960,-0.285211,-3.373350,0.001508,-0.466958,-0.390387,0.163530,-2.562998,-0.038913,2.027140,0.630534
21.676701,0.000000,0.000000,0.000000,0.000000,0.000000,0.000000,0.000000,0.341455,-0.125817,0.244568,0.996349,-0.060972,-0.055483,0.022196,0.347280,-0.126848,0.244235,0.993387,-0.072421,-0.084305,0.028812,3.071136,0.164058,-0.151343,-0.000015,0.000008,0.000197,-0.001300,-0.000166,0.003090,-5.654810,1.277749,0.198729,-0.303222,-3.391444,0.015687,-0.466958,-0.390399,0.163524,-2.563005,-0.038919,2.027140,0.630527
21.727439,0.000000,0.000000,0.000000,0.000000,0.000000,0.000000,0.000000,0.341455,-0.125817,0.244568,0.996349,-0.060972,-0.055483,0.022196,0.347279,-0.126848,0.244235,0.993387,-0.072423,-0.084303,0.028810,3.071139,0.164053,-0.151348,0.000252,0.000015,0.000458,-0.000050,-0.000969,0.001927,-5.637887,1.218921,0.156002,-0.271543,-3.358308,-0.006432,-0.466956,-0.390407,0.163520,-2.563011,-0.038915,2.027142,0.630527
21.777560,0.000000,0.000000,0.000000,0.000000,0.000000,0.000000,0.000000,0.341455,-0.125817,0.244568,0.996349,-0.060972,-0.055483,0.022196,0.347273,-0.126848,0.244232,0.993386,-0.072427,-0.084307,0.028809,3.071141,0.164061,-0.151355,-0.000152,-0.000154,0.000485,-0.000782,-0.001422,-0.002305,-5.656729,1.242441,0.198177,-0.287198,-3.379640,0.001114,-0.466959,-0.390411,0.163519,-2.563024,-0.038915,2.027141,0.630530
21.828501,0.000000,0.000000,0.000000,0.000000,0.000000,0.000000,0.000000,0.341455,-0.125817,0.244568,0.996349,-0.060972,-0.055483,0.022196,0.347272,-0.126848,0.244233,0.993387,-0.072426,-0.084307,0.028808,3.071142,0.164061,-0.151354,0.000110,0.000171,0.000133,0.000219,-0.000615,0.000453,-5.665087,1.260380,0.213833,-0.301641,-3.391049,0.010211,-0.466958,-0.390417,0.163518,-2.563027,-0.038913,2.027138,0.630527
21.878386,0.000000,0.000000,0.000000,0.000000,0.000000,0.000000,0.000000,0.341455,-0.125817,0.244568,0.996349,-0.060972,-0.055483,0.022196,0.347267,-0.126847,0.244227,0.993386,-0.072424,-0.084315,0.028807,3.071143,0.164078,-0.151350,-0.000175,0.000038,-0.000241,-0.000435,0.001972,0.001797,-5.644869,1.208730,0.186037,-0.268655,-3.365973,-0.004977,-0.466958,-0.390413,0.163517,-2.563037,-0.038916,2.027137,0.630525
21.928340,0.000000,0.000000,0.000000,0.000000,0.000000,0.000000,0.000000,0.341455,-0.125817,0.244568,0.996349,-0.060972,-0.055483,0.022196,0.347261,-0.126846,0.244222,0.993386,-0.072428,-0.084318,0.028804,3.071147,0.164084,-0.151357,-0.000156,0.000203,-0.000353,-0.000248,0.000484,0.000738,-5.682886,1.253127,0.236823,-0.297914,-3.400356,0.004199,-0.466956,-0.390421,0.163512,-2.563056,-0.038913,2.027140,0.630527
21.977709,0.000000,0.000000,0.000000,0.000000,0.000000,0.000000,0.000000,0.341455,-0.125817,0.244568,0.996349,-0.060972,-0.055483,0.022196,0.347256,-0.126847,0.244221,0.993385,-0.072429,-0.084319,0.028805,3.071146,0.164086,-0.151361,-0.000287,-0.000393,0.000429,-0.000337,-0.000688,0.000396,-5.679821,1.259515,0.218349,-0.301266,-3.399230,0.006396,-0.466958,-0.390431,0.163508,-2.563068,-0.038915,2.027140,0.630524
22.028410,0.000000,0.000000,0.000000,0.000000,0.000000,0.000000,0.000000,0.341455,-0.125817,0.244568,0.996349,-0.060972,-0.055483,0.022196,0.347255,-0.126846,0.244222,0.993385,-0.072428,-0.084319,0.028807,3.071141,0.164084,-0.151358,0.000109,0.001095,-0.000156,-0.000149,0.001183,0.002033,-5.647454,1.243088,0.149548,-0.289936,-3.366382,0.001319,-0.466955,-0.390440,0.163510,-2.563074,-0.038917,2.027141,0.630528
22.078359,0.000000,0.000000,0.000000,0.000000,0.000000,0.000000,0.000000,0.341455,-0.125817,0.244568,0.996349,-0.060972,-0.055483,0.022196,0.347252,-0.126849,0.244224,0.993385,-0.072433,-0.084315,0.028805,3.071145,0.164077,-0.151368,-0.000448,-0.000065,-0.000318,0.002176,0.000316,-0.002337,-5.709604,1.281909,0.229672,-0.313404,-3.424704,0.010796,-0.466960,-0.390451,0.163503,-2.563079,-0.038914,2.027141,0.630524
22.128692,0.000000,0.000000,0.000000,0.000000,0.000000,0.000000,0.000000,0.341455,-0.125817,0.244568,0.996349,-0.060972,-0.055483,0.022196,0.347251,-0.126850,0.244224,0.993385,-0.072432,-0.084315,0.028807,3.071142,0.164078,-0.151367,0.000226,-0.000413,0.000249,-0.000055,-0.000469,0.000740,-5.683355,1.298374,0.227961,-0.321153,-3.411969,0.019490,-0.466959,-0.390453,0.163500,-2.563081,-0.038918,2.027140,0.630523
22.179437,0.000000,0.000000,0.000000,0.000000,0.000000,0.000000,0.000000,0.341455,-0.125817,0.244568,0.996349,-0.060972,-0.055483,0.022196,0.347246,-0.126849,0.244220,0.993385,-0.072434,-0.084319,0.028806,3.071144,0.164084,-0.151370,-0.000452,-0.000338,-0.000289,-0.000920,0.000625,-0.000154,-5.638950,1.221874,0.184020,-0.282762,-3.377548,-0.006554,-0.466958,-0.390460,0.163497,-2.563097,-0.038917,2.027143,0.630523
22.231788,0.000000,0.000000,0.000000,0.000000,0.000000,0.000000,0.000000,0.341455,-0.125817,0.244568,0.996349,-0.060972,-0.055483,0.022196,0.347245,-0.126849,0.244221,0.993385,-0.072433,-0.084318,0.028807,3.071142,0.164082,-0.151369,-0.000808,-0.000369,-0.000825,-0.000238,0.002284,-0.000164,-5.685978,1.265655,0.204751,-0.301663,-3.401956,0.007647,-0.466958,-0.390465,0.163498,-2.563098,-0.038919,2.027141,0.630523
22.282924,0.000000,0.000000,0.000000,0.000000,0.000000,0.000000,0.000000,0.341455,-0.125817,0.244568,0.996349,-0.060972,-0.055483,0.022196,0.347245,-0.126851,0.244223,0.993385,-0.072437,-0.084315,0.028805,3.071145,0.164077,-0.151375,0.000127,-0.000459,0.000648,-0.000327,-0.000619,-0.001351,-5.659541,1.227481,0.176882,-0.283490,-3.377609,-0.006030,-0.466960,-0.390469,0.163494,-2.563098,-0.038915,2.027142,0.630522
