t,act_x,act_y,act_z,act_r,act_p,act_yaw,r1,tgt_x,tgt_y,tgt_z,tgt_qx,tgt_qy,tgt_qz,tgt_qw,mes_x,mes_y,mes_z,mes_qx,mes_qy,mes_qz,mes_qw,mes_roll,mes_pitch,mes_yaw,vel_x,vel_y,vel_z,vel_r,vel_p,vel_yaw,fx,fy,fz,tx,ty,tz,q0,q1,q2,q3,q4,q5,q6
0.012359,0.000000,0.000000,0.000000,0.000000,0.000000,0.000000,0.000000,0.393491,-0.007826,0.149754,0.990451,-0.137179,0.013580,0.001878,0.393491,-0.007828,0.149755,0.990451,-0.137182,0.013581,0.001876,-3.141584,-0.027421,-0.275259,0.000171,-0.000174,0.000050,0.000719,-0.000483,-0.000695,-2.105442,0.812290,-0.032240,-0.459584,-1.131354,0.233004,-0.318174,-0.252156,0.321527,-2.746171,0.124819,2.529270,0.954175
0.054331,0.000000,0.000000,0.000000,0.000000,0.000000,0.000000,0.000000,0.393491,-0.007826,0.149754,0.990451,-0.137179,0.013580,0.001878,0.393490,-0.007828,0.149754,0.990451,-0.137180,0.013580,0.001877,-3.141586,-0.027418,-0.275254,0.000268,0.000142,0.000517,-0.000277,-0.001372,0.002293,-2.125659,0.813406,0.099612,-0.455046,-1.186199,0.232842,-0.318173,-0.252157,0.321526,-2.746172,0.124817,2.529268,0.954173
0.101948,0.000000,0.000000,0.000000,0.000000,0.000000,0.000000,0.000000,0.393491,-0.007826,0.149754,0.990451,-0.137179,0.013580,0.001878,0.393473,-0.007829,0.149736,0.990450,-0.137190,0.013535,0.001872,-3.141587,-0.027328,-0.275275,0.000350,0.000385,0.000257,0.000596,0.000448,0.000023,-1.986371,0.796722,0.113053,-0.440159,-1.098560,0.237188,-0.318177,-0.252112,0.321515,-2.746162,0.124818,2.529212,0.954178
0.151336,0.000000,0.000000,0.000000,0.000000,0.000000,0.000000,0.000000,0.393491,-0.007826,0.149754,0.990451,-0.137179,0.013580,0.001878,0.393448,-0.007833,0.149729,0.990450,-0.137200,0.013481,0.001871,3.141586,-0.027221,-0.275294,-0.001185,-0.000058,-0.000593,0.000532,0.003678,0.000347,-1.979953,0.721800,0.280523,-0.389779,-1.109816,0.225814,-0.318180,-0.252115,0.321496,-2.746157,0.124820,2.529096,0.954175
0.203258,0.000000,0.000000,0.000000,0.000000,0.000000,0.000000,0.000000,0.393491,-0.007826,0.149754,0.990451,-0.137179,0.013580,0.001878,0.393441,-0.007835,0.149725,0.990449,-0.137207,0.013460,0.001870,3.141583,-0.027178,-0.275307,0.000657,0.000473,0.000776,0.000526,-0.000795,-0.001888,-1.938948,0.694419,0.357700,-0.356141,-1.096222,0.225793,-0.318181,-0.252106,0.321488,-2.746146,0.124817,2.529051,0.954182
0.252316,0.000000,0.000000,0.000000,0.000000,0.000000,0.000000,0.000000,0.393491,-0.007826,0.149754,0.990451,-0.137179,0.013580,0.001878,0.393427,-0.007837,0.149715,0.990450,-0.137207,0.013430,0.001869,3.141577,-0.027120,-0.275308,-0.000481,0.000121,-0.000409,0.000693,0.002036,0.000431,-2.002476,0.676100,0.416482,-0.352605,-1.128084,0.219002,-0.318185,-0.252090,0.321482,-2.746148,0.124817,2.529010,0.954172
0.302947,0.000000,0.000000,0.000000,0.000000,0.000000,0.000000,0.000000,0.393491,-0.007826,0.149754,0.990451,-0.137179,0.013580,0.001878,0.393421,-0.007834,0.149713,0.990449,-0.137209,0.013415,0.001867,3.141575,-0.027090,-0.275312,0.000182,0.000551,0.000032,0.000891,0.000311,0.000413,-1.948107,0.667281,0.432465,-0.346465,-1.101219,0.216229,-0.318181,-0.252087,0.321481,-2.746144,0.124821,2.528978,0.954177
0.353129,0.000000,0.000000,0.000000,0.000000,0.000000,0.000000,0.000000,0.393491,-0.007826,0.149754,0.990451,-0.137179,0.013580,0.001878,0.393414,-0.007836,0.149707,0.990449,-0.137214,0.013401,0.001867,3.141573,-0.027062,-0.275321,-0.000106,0.000701,-0.000327,0.000681,0.000562,-0.000563,-1.931058,0.648682,0.426130,-0.340240,-1.093407,0.209751,-0.318184,-0.252078,0.321475,-2.746146,0.124819,2.528961,0.954179
0.402329,0.000000,0.000000,0.000000,0.000000,0.000000,0.000000,0.000000,0.393491,-0.007826,0.149754,0.990451,-0.137179,0.013580,0.001878,0.393415,-0.007837,0.149710,0.990449,-0.137213,0.013403,0.001868,3.141571,-0.027065,-0.275320,0.000658,0.000543,0.000679,-0.001115,-0.002733,0.000763,-1.897657,0.637165,0.382348,-0.332142,-1.064305,0.205737,-0.318186,-0.252082,0.321477,-2.746141,0.124817,2.528955,0.954179
0.452468,0.000000,0.000000,0.000000,0.000000,0.000000,0.000000,0.000000,0.393491,-0.007826,0.149754,0.990451,-0.137179,0.013580,0.001878,0.393409,-0.007836,0.149703,0.990449,-0.137214,0.013389,0.001867,3.141568,-0.027039,-0.275321,-0.000304,0.000183,-0.000203,-0.000143,-0.000510,-0.002580,-1.957993,0.711858,0.461226,-0.361322,-1.113951,0.230124,-0.318183,-0.252071,0.321474,-2.746144,0.124814,2.528942,0.954182
0.503093,0.000000,0.000000,0.000000,0.000000,0.000000,0.000000,0.000000,0.393491,-0.007826,0.149754,0.990451,-0.137179,0.013580,0.001878,0.393406,-0.007837,0.149701,0.990449,-0.137216,0.013382,0.001866,3.141569,-0.027024,-0.275326,0.000218,0.000094,-0.000093,0.000632,-0.000216,-0.001248,-1.892751,0.653205,0.391235,-0.343341,-1.062291,0.210033,-0.318184,-0.252066,0.321469,-2.746143,0.124817,2.528931,0.954179
0.553115,0.000000,0.000000,0.000000,0.000000,0.000000,0.000000,0.000000,0.393491,-0.007826,0.149754,0.990451,-0.137179,0.013580,0.001878,0.393408,-0.007836,0.149703,0.990449,-0.137215,0.013383,0.001865,3.141570,-0.027025,-0.275323,-0.000135,0.000400,0.000211,0.000940,0.001459,-0.000336,-1.896409,0.672654,0.381727,-0.348517,-1.061518,0.218956,-0.318186,-0.252067,0.321472,-2.746135,0.124818,2.528924,0.954176
0.604157,0.000000,0.000000,0.000000,0.000000,0.000000,0.000000,0.000000,0.393491,-0.007826,0.149754,0.990451,-0.137179,0.013580,0.001878,0.393407,-0.007840,0.149702,0.990449,-0.137216,0.013380,0.001866,3.141568,-0.027019,-0.275326,0.000751,-0.000161,0.000613,-0.000736,-0.002058,0.000816,-1.893763,0.621381,0.383983,-0.329261,-1.056926,0.203672,-0.318190,-0.252064,0.321466,-2.746135,0.124814,2.528921,0.954174
0.653308,0.000000,0.000000,0.000000,0.000000,0.000000,0.000000,0.000000,0.393491,-0.007826,0.149754,0.990451,-0.137179,0.013580,0.001878,0.393399,-0.007837,0.149695,0.990449,-0.137216,0.013363,0.001864,3.141568,-0.026986,-0.275325,-0.000666,-0.000034,-0.000503,-0.000215,0.003426,0.000031,-1.908310,0.699879,0.502766,-0.348478,-1.102909,0.231459,-0.318188,-0.252051,0.321466,-2.746138,0.124818,2.528903,0.954172
0.704298,0.000000,0.000000,0.000000,0.000000,0.000000,0.000000,0.000000,0.393491,-0.007826,0.149754,0.990451,-0.137179,0.013580,0.001878,0.393402,-0.007838,0.149699,0.990449,-0.137215,0.013370,0.001866,3.141566,-0.026999,-0.275323,0.000154,0.000071,0.000157,-0.001592,-0.001422,0.002222,-1.919689,0.668866,0.435286,-0.344647,-1.087362,0.217335,-0.318186,-0.252057,0.321466,-2.746135,0.124812,2.528907,0.954176
0.754219,0.000000,0.000000,0.000000,0.000000,0.000000,0.000000,0.000000,0.393491,-0.007826,0.149754,0.990451,-0.137179,0.013580,0.001878,0.393404,-0.007837,0.149699,0.990449,-0.137216,0.013369,0.001864,3.141570,-0.026998,-0.275325,0.000694,0.000207,0.000657,0.000548,-0.001496,-0.000302,-1.944005,0.649986,0.406928,-0.335646,-1.084804,0.211626,-0.318185,-0.252054,0.321464,-2.746130,0.124817,2.528905,0.954174
0.804480,0.000000,0.000000,0.000000,0.000000,0.000000,0.000000,0.000000,0.393491,-0.007826,0.149754,0.990451,-0.137179,0.013580,0.001878,0.393400,-0.007837,0.149696,0.990449,-0.137216,0.013363,0.001863,3.141569,-0.026986,-0.275326,-0.000156,0.000377,-0.000418,0.000126,0.000898,0.000733,-1.928197,0.655238,0.435595,-0.341204,-1.085912,0.211477,-0.318184,-0.252049,0.321463,-2.746132,0.124817,2.528899,0.954175
0.854278,0.000000,0.000000,0.000000,0.000000,0.000000,0.000000,0.000000,0.393491,-0.007826,0.149754,0.990451,-0.137179,0.013580,0.001878,0.393402,-0.007839,0.149697,0.990449,-0.137217,0.013364,0.001863,3.141569,-0.026987,-0.275327,0.000681,0.000213,0.000509,0.000174,-0.001556,0.001420,-1.950941,0.660116,0.420443,-0.337010,-1.092729,0.215494,-0.318186,-0.252048,0.321459,-2.746128,0.124815,2.528896,0.954171
0.903439,0.000000,0.000000,0.000000,0.000000,0.000000,0.000000,0.000000,0.393491,-0.007826,0.149754,0.990451,-0.137179,0.013580,0.001878,0.393397,-0.007840,0.149693,0.990449,-0.137218,0.013357,0.001864,3.141565,-0.026973,-0.275330,-0.000007,-0.000276,-0.000056,-0.000341,0.000280,-0.000363,-1.937023,0.660186,0.376458,-0.341265,-1.068512,0.212689,-0.318190,-0.252043,0.321461,-2.746133,0.124812,2.528893,0.954175
0.954306,0.000000,0.000000,0.000000,0.000000,0.000000,0.000000,0.000000,0.393491,-0.007826,0.149754,0.990451,-0.137179,0.013580,0.001878,0.393399,-0.007837,0.149695,0.990449,-0.137218,0.013359,0.001863,3.141568,-0.026978,-0.275329,0.000246,0.000261,0.000565,-0.000429,-0.001678,-0.000298,-1.919221,0.670212,0.412664,-0.345254,-1.075487,0.218326,-0.318186,-0.252046,0.321463,-2.746130,0.124817,2.528892,0.954175
1.004255,0.000000,0.000000,0.000000,0.000000,0.000000,0.000000,0.000000,0.393491,-0.007826,0.149754,0.990451,-0.137179,0.013580,0.001878,0.393399,-0.007838,0.149694,0.990449,-0.137220,0.013357,0.001862,3.141569,-0.026973,-0.275334,-0.000936,0.000149,-0.000801,0.000259,0.002617,-0.001664,-1.832753,0.651373,0.415447,-0.339944,-1.045279,0.209473,-0.318186,-0.252042,0.321460,-2.746127,0.124816,2.528889,0.954178
1.054300,0.000000,0.000000,0.000000,0.000000,0.000000,0.000000,0.000000,0.393491,-0.007826,0.149754,0.990451,-0.137179,0.013580,0.001878,0.393401,-0.007838,0.149697,0.990449,-0.137217,0.013359,0.001862,3.141571,-0.026977,-0.275328,-0.000166,0.000339,0.000290,-0.000672,0.000731,0.003042,-1.891775,0.643303,0.423345,-0.334897,-1.073308,0.207738,-0.318183,-0.252043,0.321456,-2.746121,0.124816,2.528886,0.954172
1.104207,0.000000,0.000000,0.000000,0.000000,0.000000,0.000000,0.000000,0.393491,-0.007826,0.149754,0.990451,-0.137179,0.013580,0.001878,0.393399,-0.007839,0.149692,0.990449,-0.137221,0.013352,0.001861,3.141572,-0.026963,-0.275336,0.000241,-0.000005,0.000132,0.000025,-0.000285,-0.000178,-1.915503,0.652837,0.450810,-0.345970,-1.085529,0.206510,-0.318187,-0.252030,0.321456,-2.746121,0.124816,2.528885,0.954176
1.154213,0.000000,0.000000,0.000000,0.000000,0.000000,0.000000,0.000000,0.393491,-0.007826,0.149754,0.990451,-0.137179,0.013580,0.001878,0.393400,-0.007837,0.149692,0.990449,-0.137217,0.013353,0.001862,3.141569,-0.026965,-0.275327,0.001105,0.000539,0.000794,-0.000875,-0.002912,0.002234,-1.871990,0.636783,0.463315,-0.338686,-1.076671,0.201052,-0.318185,-0.252029,0.321459,-2.746121,0.124813,2.528888,0.954175
1.205256,0.000000,0.000000,0.000000,0.000000,0.000000,0.000000,0.000000,0.393491,-0.007826,0.149754,0.990451,-0.137179,0.013580,0.001878,0.393398,-0.007837,0.149689,0.990449,-0.137221,0.013349,0.001859,3.141574,-0.026957,-0.275335,0.000604,0.000832,0.000218,-0.000199,-0.002218,0.001138,-1.888248,0.654429,0.416558,-0.340457,-1.066431,0.206922,-0.318183,-0.252023,0.321455,-2.746121,0.124819,2.528886,0.954176
1.256888,0.000000,0.000000,0.000000,0.000000,0.000000,0.000000,0.000000,0.393491,-0.007826,0.149754,0.990451,-0.137179,0.013580,0.001878,0.393395,-0.007840,0.149687,0.990449,-0.137222,0.013345,0.001859,3.141572,-0.026948,-0.275337,-0.000818,0.000017,-0.000821,0.000410,0.003310,0.001640,-1.876578,0.670579,0.424791,-0.343980,-1.065627,0.211666,-0.318188,-0.252023,0.321453,-2.746125,0.124818,2.528880,0.954170
1.305290,0.000000,0.000000,0.000000,0.000000,0.000000,0.000000,0.000000,0.393491,-0.007826,0.149754,0.990451,-0.137179,0.013580,0.001878,0.393396,-0.007839,0.149689,0.990449,-0.137222,0.013346,0.001859,3.141572,-0.026951,-0.275337,0.000132,0.000139,0.000226,0.000214,-0.000623,0.000246,-1.896264,0.652476,0.408351,-0.341788,-1.063620,0.209553,-0.318186,-0.252024,0.321452,-2.746123,0.124818,2.528881,0.954173
1.354412,0.000000,0.000000,0.000000,0.000000,0.000000,0.000000,0.000000,0.393491,-0.007826,0.149754,0.990451,-0.137179,0.013580,0.001878,0.393396,-0.007840,0.149688,0.990448,-0.137224,0.013346,0.001859,3.141572,-0.026951,-0.275342,0.000584,-0.000046,0.000793,-0.000715,-0.002446,-0.001838,-1.905534,0.649031,0.438604,-0.341570,-1.077486,0.205463,-0.318189,-0.252023,0.321451,-2.746123,0.124817,2.528881,0.954176
1.405215,0.000000,0.000000,0.000000,0.000000,0.000000,0.000000,0.000000,0.393491,-0.007826,0.149754,0.990451,-0.137179,0.013580,0.001878,0.393394,-0.007839,0.149685,0.990449,-0.137221,0.013340,0.001858,3.141572,-0.026938,-0.275336,-0.000002,0.000142,0.000227,0.000229,0.000343,-0.000322,-1.854643,0.668583,0.386980,-0.347174,-1.044154,0.216623,-0.318188,-0.252014,0.321451,-2.746121,0.124818,2.528875,0.954169
1.455220,0.000000,0.000000,0.000000,0.000000,0.000000,0.000000,0.000000,0.393491,-0.007826,0.149754,0.990451,-0.137179,0.013580,0.001878,0.393396,-0.007840,0.149687,0.990449,-0.137222,0.013343,0.001859,3.141572,-0.026945,-0.275337,-0.000007,0.000280,0.000377,-0.000652,-0.000326,0.002840,-1.904653,0.610740,0.424886,-0.328110,-1.075318,0.189697,-0.318191,-0.252016,0.321453,-2.746120,0.124817,2.528878,0.954170
1.505407,0.000000,0.000000,0.000000,0.000000,0.000000,0.000000,0.000000,0.393491,-0.007826,0.149754,0.990451,-0.137179,0.013580,0.001878,0.393391,-0.007840,0.149682,0.990448,-0.137224,0.013335,0.001858,3.141571,-0.026929,-0.275343,-0.000293,0.000184,-0.000178,-0.000745,0.000407,0.000883,-1.903158,0.691229,0.449021,-0.356298,-1.086139,0.221097,-0.318190,-0.252008,0.321451,-2.746124,0.124816,2.528874,0.954175
1.555399,0.000000,0.000000,0.000000,0.000000,0.000000,0.000000,0.000000,0.393491,-0.007826,0.149754,0.990451,-0.137179,0.013580,0.001878,0.393394,-0.007842,0.149684,0.990448,-0.137226,0.013338,0.001858,3.141573,-0.026934,-0.275345,-0.000491,-0.000334,-0.000638,0.000531,0.001662,-0.002784,-1.881748,0.679879,0.358393,-0.352715,-1.044730,0.218358,-0.318190,-0.252008,0.321446,-2.746120,0.124815,2.528876,0.954173
1.606271,-0.000000,0.000000,0.000000,0.000000,-0.000000,-0.000000,1.000000,0.393491,-0.007826,0.149754,0.990451,-0.137179,0.013580,0.001878,0.393392,-0.007843,0.149682,0.990448,-0.137229,0.013337,0.001856,3.141576,-0.026931,-0.275351,-0.000076,-0.000711,0.000004,0.000951,-0.000732,-0.002756,-1.915798,0.697318,0.423440,-0.357699,-1.081519,0.221763,-0.318188,-0.252007,0.321441,-2.746123,0.124818,2.528877,0.954173
1.656453,-0.000000,0.000000,0.000000,0.000000,-0.000000,-0.000000,1.000000,0.393491,-0.007826,0.149754,0.990451,-0.137179,0.013580,0.001878,0.393394,-0.007840,0.149683,0.990449,-0.137223,0.013337,0.001857,3.141574,-0.026933,-0.275339,-0.000493,0.000235,-0.000404,-0.000174,0.001142,0.001588,-1.904538,0.681918,0.404973,-0.355281,-1.070187,0.214876,-0.318187,-0.252007,0.321447,-2.746119,0.124817,2.528875,0.954170
1.706531,-0.000000,0.000000,0.000000,0.000000,-0.000000,-0.000000,1.000000,0.393491,-0.007826,0.149754,0.990451,-0.137179,0.013580,0.001878,0.393394,-0.007842,0.149684,0.990448,-0.137228,0.013338,0.001857,3.141575,-0.026934,-0.275350,0.000037,-0.000636,0.000051,0.000400,-0.000738,-0.003277,-1.829440,0.699910,0.441861,-0.360589,-1.055781,0.219896,-0.318190,-0.252008,0.321445,-2.746119,0.124818,2.528875,0.954175
1.756435,-0.000000,0.000000,0.000000,0.000000,-0.000000,-0.000000,1.000000,0.393491,-0.007826,0.149754,0.990451,-0.137179,0.013580,0.001878,0.393396,-0.007842,0.149685,0.990448,-0.137226,0.013339,0.001856,3.141576,-0.026935,-0.275345,0.000459,0.000227,0.000342,-0.000184,-0.000709,0.001781,-1.872344,0.677247,0.430929,-0.351368,-1.068421,0.215410,-0.318186,-0.252006,0.321441,-2.746113,0.124816,2.528873,0.954172
1.805264,-0.000000,0.000000,0.000000,0.000000,-0.000000,-0.000000,1.000000,0.393491,-0.007826,0.149754,0.990451,-0.137179,0.013580,0.001878,0.393393,-0.007842,0.149682,0.990448,-0.137226,0.013332,0.001857,3.141574,-0.026923,-0.275345,0.000071,0.000061,0.000250,-0.001697,-0.000522,0.002943,-1.854967,0.653755,0.405243,-0.342692,-1.046506,0.210044,-0.318190,-0.252000,0.321445,-2.746116,0.124816,2.528868,0.954172
1.855467,-0.000000,0.000000,0.000000,0.000000,-0.000000,-0.000000,1.000000,0.393491,-0.007826,0.149754,0.990451,-0.137179,0.013580,0.001878,0.393392,-0.007841,0.149680,0.990448,-0.137227,0.013331,0.001855,3.141576,-0.026919,-0.275348,-0.000052,-0.000519,-0.000230,-0.000109,0.000564,-0.000889,-1.861544,0.664583,0.476620,-0.348202,-1.074894,0.210008,-0.318188,-0.251996,0.321443,-2.746115,0.124818,2.528869,0.954173
1.909384,-0.000000,0.000000,0.000000,0.000000,-0.000000,-0.000000,1.000000,0.393491,-0.007826,0.149754,0.990451,-0.137179,0.013580,0.001878,0.393394,-0.007842,0.149682,0.990447,-0.137232,0.013332,0.001854,3.141580,-0.026922,-0.275357,0.000149,-0.000252,0.000097,0.001085,0.000008,-0.002180,-1.884434,0.641002,0.382469,-0.342607,-1.053748,0.202361,-0.318188,-0.251998,0.321438,-2.746112,0.124821,2.528867,0.954176
1.956290,-0.000000,0.000000,0.000000,0.000000,-0.000000,-0.000000,1.000000,0.393491,-0.007826,0.149754,0.990451,-0.137179,0.013580,0.001878,0.393393,-0.007844,0.149682,0.990447,-0.137233,0.013332,0.001855,3.141578,-0.026922,-0.275360,-0.000606,-0.000404,-0.000669,0.000382,0.001825,-0.001441,-1.885634,0.678515,0.402453,-0.350911,-1.061980,0.219210,-0.318190,-0.251997,0.321436,-2.746113,0.124817,2.528868,0.954176
2.006187,-0.000000,0.000000,0.000000,0.000000,-0.000000,-0.000000,1.000000,0.393491,-0.007826,0.149754,0.990451,-0.137179,0.013580,0.001878,0.393394,-0.007844,0.149683,0.990447,-0.137233,0.013335,0.001854,3.141580,-0.026928,-0.275360,0.000411,0.000362,0.000394,0.000581,-0.001727,-0.000660,-1.909966,0.687123,0.444346,-0.354342,-1.084894,0.218811,-0.318188,-0.252000,0.321435,-2.746114,0.124820,2.528873,0.954176
2.056302,-0.000000,0.000000,0.000000,0.000000,-0.000000,-0.000000,1.000000,0.393491,-0.007826,0.149754,0.990451,-0.137179,0.013580,0.001878,0.393392,-0.007842,0.149680,0.990448,-0.137228,0.013329,0.001854,3.141578,-0.026915,-0.275350,0.000055,0.000477,0.000026,0.001092,0.000006,-0.000090,-1.875583,0.668225,0.483649,-0.339808,-1.083909,0.216242,-0.318185,-0.251994,0.321435,-2.746114,0.124818,2.528865,0.954171
2.106338,-0.000000,0.000000,0.000000,0.000000,-0.000000,-0.000000,1.000000,0.393491,-0.007826,0.149754,0.990451,-0.137179,0.013580,0.001878,0.393394,-0.007843,0.149682,0.990448,-0.137231,0.013332,0.001854,3.141580,-0.026922,-0.275356,0.000356,0.000026,0.000268,0.000405,-0.001129,0.000067,-1.891729,0.638649,0.441642,-0.331364,-1.077872,0.205333,-0.318190,-0.251995,0.321438,-2.746110,0.124820,2.528867,0.954172
2.158085,-0.000000,0.000000,0.000000,0.000000,-0.000000,-0.000000,1.000000,0.393491,-0.007826,0.149754,0.990451,-0.137179,0.013580,0.001878,0.393394,-0.007843,0.149680,0.990448,-0.137229,0.013331,0.001854,3.141579,-0.026919,-0.275352,0.000186,-0.000563,0.000263,0.000464,-0.000682,-0.001342,-1.905875,0.693109,0.442766,-0.355705,-1.083109,0.223138,-0.318188,-0.251990,0.321436,-2.746111,0.124818,2.528870,0.954171
2.209044,-0.000000,0.000000,0.000000,0.000000,-0.000000,-0.000000,1.000000,0.393491,-0.007826,0.149754,0.990451,-0.137179,0.013580,0.001878,0.393395,-0.007841,0.149682,0.990448,-0.137228,0.013332,0.001854,3.141578,-0.026922,-0.275350,0.000559,0.001245,0.000635,-0.001024,-0.001408,0.004106,-1.854983,0.601305,0.443173,-0.316088,-1.064011,0.193793,-0.318186,-0.251995,0.321440,-2.746109,0.124818,2.528867,0.954175
2.258803,-0.000000,0.000000,0.000000,0.000000,-0.000000,-0.000000,1.000000,0.393491,-0.007826,0.149754,0.990451,-0.137179,0.013580,0.001878,0.393396,-0.007846,0.149684,0.990447,-0.137234,0.013334,0.001854,3.141580,-0.026926,-0.275361,0.000372,-0.000526,0.000749,-0.001691,-0.001742,-0.000069,-1.884763,0.671390,0.395607,-0.341892,-1.060739,0.216347,-0.318191,-0.251996,0.321431,-2.746107,0.124815,2.528867,0.954176
2.307394,-0.000000,0.000000,0.000000,0.000000,-0.000000,-0.000000,1.000000,0.393491,-0.007826,0.149754,0.990451,-0.137179,0.013580,0.001878,0.393393,-0.007842,0.149681,0.990448,-0.137231,0.013330,0.001854,3.141579,-0.026917,-0.275355,-0.000439,0.000287,-0.000317,0.000604,0.001577,-0.000268,-1.909355,0.689777,0.487873,-0.352173,-1.101319,0.223825,-0.318189,-0.251993,0.321437,-2.746111,0.124819,2.528865,0.954173
2.358379,-0.000000,0.000000,0.000000,0.000000,-0.000000,-0.000000,1.000000,0.393491,-0.007826,0.149754,0.990451,-0.137179,0.013580,0.001878,0.393395,-0.007843,0.149681,0.990448,-0.137230,0.013332,0.001854,3.141579,-0.026922,-0.275354,0.000387,0.000700,0.000288,-0.000295,-0.000533,0.001026,-1.868049,0.642263,0.439771,-0.333822,-1.069100,0.204721,-0.318189,-0.251991,0.321437,-2.746108,0.124816,2.528869,0.954175
2.408246,-0.000000,0.000000,0.000000,0.000000,-0.000000,-0.000000,1.000000,0.393491,-0.007826,0.149754,0.990451,-0.137179,0.013580,0.001878,0.393395,-0.007844,0.149681,0.990447,-0.137233,0.013331,0.001853,3.141581,-0.026919,-0.275359,-0.000028,0.000340,-0.000228,0.000402,0.000137,0.000462,-1.893957,0.693783,0.403684,-0.353179,-1.066472,0.223069,-0.318189,-0.251990,0.321433,-2.746107,0.124818,2.528866,0.954175
2.459228,-0.000000,0.000000,0.000000,0.000000,-0.000000,-0.000000,1.000000,0.393491,-0.007826,0.149754,0.990451,-0.137179,0.013580,0.001878,0.393397,-0.007843,0.149683,0.990448,-0.137229,0.013334,0.001854,3.141580,-0.026925,-0.275352,0.000860,0.000428,0.001020,-0.000396,-0.002469,0.001161,-1.895950,0.644701,0.437795,-0.337287,-1.078092,0.205957,-0.318187,-0.251993,0.321433,-2.746104,0.124815,2.528867,0.954172
2.509334,-0.000000,0.000000,0.000000,0.000000,-0.000000,-0.000000,1.000000,0.393491,-0.007826,0.149754,0.990451,-0.137179,0.013580,0.001878,0.393397,-0.007847,0.149682,0.990447,-0.137234,0.013332,0.001854,3.141579,-0.026922,-0.275361,0.000490,-0.000662,0.000647,-0.001409,-0.001560,0.000591,-1.876482,0.616834,0.414693,-0.331469,-1.058719,0.197393,-0.318193,-0.251988,0.321430,-2.746104,0.124812,2.528868,0.954175
2.559314,-0.000000,0.000000,0.000000,0.000000,-0.000000,-0.000000,1.000000,0.393491,-0.007826,0.149754,0.990451,-0.137179,0.013580,0.001878,0.393396,-0.007845,0.149682,0.990447,-0.137233,0.013332,0.001854,3.141579,-0.026921,-0.275359,-0.000859,-0.000292,-0.000731,-0.000267,0.003070,-0.000574,-1.936428,0.676838,0.450823,-0.358270,-1.098792,0.213730,-0.318191,-0.251989,0.321433,-2.746103,0.124814,2.528865,0.954177
2.609237,-0.000000,0.000000,0.000000,0.000000,-0.000000,-0.000000,1.000000,0.393491,-0.007826,0.149754,0.990451,-0.137179,0.013580,0.001878,0.393397,-0.007844,0.149681,0.990447,-0.137232,0.013331,0.001852,3.141582,-0.026919,-0.275358,0.000468,0.000573,0.000239,-0.000586,-0.000880,0.003491,-1.875537,0.664826,0.297691,-0.341471,-1.023253,0.217090,-0.318188,-0.251985,0.321430,-2.746102,0.124817,2.528867,0.954173
2.659324,-0.000000,0.000000,0.000000,0.000000,-0.000000,-0.000000,1.000000,0.393491,-0.007826,0.149754,0.990451,-0.137179,0.013580,0.001878,0.393396,-0.007845,0.149680,0.990448,-0.137231,0.013328,0.001852,3.141581,-0.026913,-0.275355,0.000257,0.000165,0.000153,0.000059,0.000912,0.001612,-1.912139,0.704595,0.461282,-0.361855,-1.090721,0.228160,-0.318192,-0.251980,0.321432,-2.746099,0.124816,2.528862,0.954168
2.710163,-0.000000,0.000000,0.000000,0.000000,-0.000000,-0.000000,1.000000,0.393491,-0.007826,0.149754,0.990451,-0.137179,0.013580,0.001878,0.393399,-0.007846,0.149685,0.990447,-0.137235,0.013336,0.001852,3.141584,-0.026928,-0.275365,-0.000037,-0.000230,0.000328,0.000063,0.000080,-0.001775,-1.912747,0.640676,0.431247,-0.336124,-1.085808,0.210898,-0.318191,-0.251990,0.321428,-2.746099,0.124817,2.528867,0.954174
2.759330,-0.000000,0.000000,0.000000,0.000000,-0.000000,-0.000000,1.000000,0.393491,-0.007826,0.149754,0.990451,-0.137179,0.013580,0.001878,0.393396,-0.007845,0.149681,0.990447,-0.137233,0.013330,0.001853,3.141581,-0.026917,-0.275360,-0.000082,-0.000073,0.000066,-0.000028,-0.000313,-0.000942,-1.915404,0.651647,0.408946,-0.342083,-1.075134,0.208440,-0.318191,-0.251984,0.321429,-2.746101,0.124815,2.528865,0.954173
2.809460,-0.000000,0.000000,0.000000,0.000000,-0.000000,-0.000000,1.000000,0.393491,-0.007826,0.149754,0.990451,-0.137179,0.013580,0.001878,0.393397,-0.007845,0.149680,0.990447,-0.137234,0.013329,0.001851,3.141584,-0.026915,-0.275361,0.000256,0.000370,-0.000192,0.000153,0.000850,0.001050,-1.887316,0.659230,0.399294,-0.337864,-1.063486,0.215811,-0.318191,-0.251978,0.321428,-2.746097,0.124817,2.528865,0.954172
2.860618,-0.000000,0.000000,0.000000,0.000000,-0.000000,-0.000000,1.000000,0.393491,-0.007826,0.149754,0.990451,-0.137179,0.013580,0.001878,0.393398,-0.007845,0.149681,0.990447,-0.137237,0.013330,0.001851,3.141585,-0.026917,-0.275368,0.000717,-0.000138,0.000630,0.000309,-0.001780,-0.002228,-1.897673,0.709601,0.411749,-0.360659,-1.072832,0.228272,-0.318191,-0.251980,0.321429,-2.746098,0.124820,2.528866,0.954176
2.909283,-0.000000,0.000000,0.000000,0.000000,-0.000000,-0.000000,1.000000,0.393491,-0.007826,0.149754,0.990451,-0.137179,0.013580,0.001878,0.393401,-0.007843,0.149685,0.990448,-0.137229,0.013336,0.001853,3.141582,-0.026928,-0.275352,0.000201,0.000631,0.000593,-0.000518,-0.001466,0.000963,-1.911294,0.689761,0.451385,-0.357191,-1.087446,0.221184,-0.318187,-0.251987,0.321431,-2.746095,0.124814,2.528867,0.954171
2.960107,-0.000000,0.000000,0.000000,0.000000,-0.000000,-0.000000,1.000000,0.393491,-0.007826,0.149754,0.990451,-0.137179,0.013580,0.001878,0.393396,-0.007843,0.149679,0.990448,-0.137228,0.013328,0.001853,3.141580,-0.026913,-0.275350,-0.000790,0.000404,-0.000716,-0.000581,0.001601,0.003129,-1.912223,0.632285,0.400611,-0.331326,-1.068723,0.202065,-0.318188,-0.251978,0.321433,-2.746101,0.124814,2.528866,0.954170
3.010421,-0.000000,0.000000,0.000000,0.000000,-0.000000,-0.000000,1.000000,0.393491,-0.007826,0.149754,0.990451,-0.137179,0.013580,0.001878,0.393400,-0.007845,0.149683,0.990447,-0.137235,0.013333,0.001852,3.141584,-0.026922,-0.275364,-0.000148,-0.000391,-0.000068,0.000684,0.000963,-0.002431,-1.864615,0.646494,0.396728,-0.335298,-1.055236,0.208394,-0.318192,-0.251982,0.321429,-2.746094,0.124817,2.528864,0.954175
3.059664,-0.000000,0.000000,0.000000,0.000000,-0.000000,-0.000000,1.000000,0.393491,-0.007826,0.149754,0.990451,-0.137179,0.013580,0.001878,0.393397,-0.007845,0.149682,0.990447,-0.137232,0.013330,0.001853,3.141581,-0.026917,-0.275358,-0.000391,0.000096,0.000140,-0.000779,-0.000213,0.000358,-1.924545,0.648852,0.461928,-0.336138,-1.097769,0.206333,-0.318187,-0.251985,0.321427,-2.746099,0.124814,2.528862,0.954173
3.110674,-0.000000,0.000000,0.000000,0.000000,-0.000000,-0.000000,1.000000,0.393491,-0.007826,0.149754,0.990451,-0.137179,0.013580,0.001878,0.393398,-0.007845,0.149682,0.990447,-0.137237,0.013331,0.001851,3.141586,-0.026919,-0.275369,-0.000499,0.000022,-0.000028,-0.000181,0.000402,-0.002383,-1.917967,0.635290,0.388309,-0.337282,-1.070969,0.205523,-0.318188,-0.251983,0.321427,-2.746097,0.124820,2.528864,0.954178
3.160379,-0.000000,0.000000,0.000000,0.000000,-0.000000,-0.000000,1.000000,0.393491,-0.007826,0.149754,0.990451,-0.137179,0.013580,0.001878,0.393399,-0.007846,0.149683,0.990447,-0.137236,0.013332,0.001851,3.141585,-0.026920,-0.275366,0.000192,-0.000364,0.000426,-0.000564,-0.000776,-0.001162,-1.957581,0.646341,0.480644,-0.341053,-1.119207,0.210494,-0.318191,-0.251981,0.321427,-2.746095,0.124817,2.528863,0.954176
3.210527,-0.000000,0.000000,0.000000,0.000000,-0.000000,-0.000000,1.000000,0.393491,-0.007826,0.149754,0.990451,-0.137179,0.013580,0.001878,0.393397,-0.007844,0.149680,0.990447,-0.137233,0.013330,0.001851,3.141584,-0.026916,-0.275359,-0.000661,0.000208,-0.000610,0.000150,0.001449,-0.000029,-1.967002,0.651257,0.453617,-0.341235,-1.111749,0.208087,-0.318187,-0.251980,0.321427,-2.746099,0.124817,2.528866,0.954172
3.261456,-0.000000,0.000000,0.000000,0.000000,-0.000000,-0.000000,1.000000,0.393491,-0.007826,0.149754,0.990451,-0.137179,0.013580,0.001878,0.393397,-0.007845,0.149681,0.990447,-0.137233,0.013328,0.001851,3.141585,-0.026914,-0.275359,-0.000523,0.000361,-0.000386,0.001083,0.001206,0.001246,-1.898927,0.651893,0.416973,-0.342392,-1.070417,0.208043,-0.318189,-0.251979,0.321427,-2.746098,0.124818,2.528863,0.954169
3.311670,-0.000000,0.000000,0.000000,0.000000,-0.000000,-0.000000,1.000000,0.393491,-0.007826,0.149754,0.990451,-0.137179,0.013580,0.001878,0.393402,-0.007846,0.149684,0.990447,-0.137236,0.013335,0.001852,3.141584,-0.026927,-0.275367,0.001568,-0.000420,0.001586,-0.001867,-0.005136,-0.000550,-1.874545,0.652217,0.431438,-0.343167,-1.066144,0.207558,-0.318192,-0.251982,0.321427,-2.746092,0.124814,2.528867,0.954178
3.361290,-0.000000,0.000000,0.000000,0.000000,-0.000000,-0.000000,1.000000,0.393491,-0.007826,0.149754,0.990451,-0.137179,0.013580,0.001878,0.393399,-0.007847,0.149683,0.990447,-0.137234,0.013333,0.001852,3.141583,-0.026923,-0.275362,-0.000100,-0.000467,0.000389,-0.001427,-0.001503,0.000766,-1.919713,0.647939,0.417562,-0.344297,-1.076687,0.204331,-0.318193,-0.251984,0.321429,-2.746098,0.124815,2.528868,0.954172
3.411464,-0.000000,0.000000,0.000000,0.000000,-0.000000,-0.000000,1.000000,0.393491,-0.007826,0.149754,0.990451,-0.137179,0.013580,0.001878,0.393399,-0.007845,0.149682,0.990447,-0.137233,0.013330,0.001852,3.141583,-0.026916,-0.275360,0.000199,-0.000021,0.000686,-0.001015,-0.001048,0.001200,-1.865793,0.659035,0.389936,-0.336819,-1.050310,0.214751,-0.318191,-0.251978,0.321431,-2.746094,0.124815,2.528863,0.954175
3.461527,-0.000000,0.000000,0.000000,0.000000,-0.000000,-0.000000,1.000000,0.393491,-0.007826,0.149754,0.990451,-0.137179,0.013580,0.001878,0.393400,-0.007847,0.149683,0.990447,-0.137237,0.013332,0.001851,3.141585,-0.026921,-0.275367,0.000358,-0.000476,0.000221,0.000129,-0.001159,-0.001998,-1.916936,0.683032,0.386277,-0.350633,-1.069059,0.224421,-0.318191,-0.251979,0.321425,-2.746094,0.124814,2.528866,0.954176
3.512372,-0.000000,0.000000,0.000000,0.000000,-0.000000,-0.000000,1.000000,0.393491,-0.007826,0.149754,0.990451,-0.137179,0.013580,0.001878,0.393398,-0.007846,0.149683,0.990447,-0.137234,0.013332,0.001852,3.141582,-0.026921,-0.275362,-0.000399,-0.000258,0.000180,-0.001574,0.000337,0.001133,-1.866636,0.688747,0.395458,-0.358676,-1.056030,0.221418,-0.318191,-0.251984,0.321427,-2.746097,0.124814,2.528864,0.954174
3.561510,-0.000000,0.000000,0.000000,0.000000,-0.000000,-0.000000,1.000000,0.393491,-0.007826,0.149754,0.990451,-0.137179,0.013580,0.001878,0.393399,-0.007844,0.149681,0.990447,-0.137233,0.013330,0.001851,3.141584,-0.026918,-0.275359,0.000200,0.000277,0.000267,-0.000338,-0.000562,0.001470,-1.918661,0.647736,0.491497,-0.343269,-1.111032,0.210897,-0.318190,-0.251977,0.321431,-2.746095,0.124817,2.528867,0.954173
3.611503,-0.000000,0.000000,0.000000,0.000000,-0.000000,-0.000000,1.000000,0.393491,-0.007826,0.149754,0.990451,-0.137179,0.013580,0.001878,0.393400,-0.007845,0.149682,0.990447,-0.137236,0.013333,0.001850,3.141587,-0.026923,-0.275366,0.000098,0.000402,0.000417,-0.000650,-0.001137,0.000902,-1.833302,0.626119,0.469069,-0.325818,-1.069926,0.207722,-0.318189,-0.251980,0.321427,-2.746096,0.124819,2.528869,0.954175
3.662357,-0.000000,0.000000,0.000000,0.000000,-0.000000,-0.000000,1.000000,0.393491,-0.007826,0.149754,0.990451,-0.137179,0.013580,0.001878,0.393401,-0.007846,0.149682,0.990447,-0.137235,0.013332,0.001850,3.141586,-0.026920,-0.275365,0.000663,0.000263,0.000466,-0.000165,-0.001019,0.000867,-1.890357,0.686787,0.513325,-0.344701,-1.108326,0.231167,-0.318190,-0.251973,0.321424,-2.746089,0.124814,2.528867,0.954175
3.711669,-0.000000,0.000000,0.000000,0.000000,-0.000000,-0.000000,1.000000,0.393491,-0.007826,0.149754,0.990451,-0.137179,0.013580,0.001878,0.393398,-0.007844,0.149681,0.990447,-0.137233,0.013329,0.001850,3.141586,-0.026915,-0.275360,0.000175,0.000540,0.000201,-0.000208,-0.000583,0.002479,-1.920689,0.647815,0.454961,-0.335913,-1.093945,0.212804,-0.318187,-0.251978,0.321427,-2.746094,0.124818,2.528862,0.954171
3.762373,-0.000000,0.000000,0.000000,0.000000,-0.000000,-0.000000,1.000000,0.393491,-0.007826,0.149754,0.990451,-0.137179,0.013580,0.001878,0.393401,-0.007846,0.149682,0.990447,-0.137238,0.013332,0.001850,3.141588,-0.026920,-0.275369,0.000374,-0.000757,0.000485,0.000786,-0.001153,-0.003826,-1.899238,0.729100,0.384130,-0.364992,-1.059614,0.243255,-0.318193,-0.251975,0.321426,-2.746091,0.124819,2.528866,0.954174
3.812437,-0.000000,0.000000,0.000000,0.000000,-0.000000,-0.000000,1.000000,0.393491,-0.007826,0.149754,0.990451,-0.137179,0.013580,0.001878,0.393401,-0.007847,0.149682,0.990446,-0.137240,0.013331,0.001850,3.141588,-0.026918,-0.275373,0.000269,-0.000608,0.000132,0.000315,-0.000243,-0.002056,-1.933739,0.644923,0.417625,-0.329467,-1.086895,0.212565,-0.318193,-0.251974,0.321424,-2.746089,0.124817,2.528863,0.954177
3.862683,-0.000000,0.000000,0.000000,0.000000,-0.000000,-0.000000,1.000000,0.393491,-0.007826,0.149754,0.990451,-0.137179,0.013580,0.001878,0.393398,-0.007845,0.149679,0.990447,-0.137234,0.013327,0.001851,3.141584,-0.026911,-0.275361,0.000431,0.000234,0.000178,-0.000287,-0.001927,0.000798,-1.943942,0.616056,0.489509,-0.321986,-1.114662,0.202825,-0.318190,-0.251970,0.321427,-2.746093,0.124814,2.528865,0.954173
3.912673,-0.000000,0.000000,0.000000,0.000000,-0.000000,-0.000000,1.000000,0.393491,-0.007826,0.149754,0.990451,-0.137179,0.013580,0.001878,0.393401,-0.007846,0.149683,0.990447,-0.137233,0.013331,0.001852,3.141584,-0.026918,-0.275361,0.000599,-0.000235,0.000670,-0.000584,-0.001359,-0.000385,-1.892193,0.642096,0.343054,-0.335528,-1.047233,0.206751,-0.318191,-0.251975,0.321426,-2.746089,0.124812,2.528862,0.954173
3.963274,-0.000000,0.000000,0.000000,0.000000,-0.000000,-0.000000,1.000000,0.393491,-0.007826,0.149754,0.990451,-0.137179,0.013580,0.001878,0.393398,-0.007846,0.149680,0.990447,-0.137236,0.013327,0.001851,3.141585,-0.026911,-0.275366,-0.000615,-0.000207,-0.000400,-0.000418,0.001296,-0.000863,-1.955802,0.688525,0.403129,-0.354956,-1.088341,0.223312,-0.318188,-0.251974,0.321423,-2.746094,0.124815,2.528862,0.954175
4.013373,-0.000000,0.000000,0.000000,0.000000,-0.000000,-0.000000,1.000000,0.393491,-0.007826,0.149754,0.990451,-0.137179,0.013580,0.001878,0.393400,-0.007848,0.149680,0.990447,-0.137238,0.013330,0.001849,3.141588,-0.026916,-0.275370,0.000179,-0.000359,0.000007,-0.000114,-0.000086,-0.000522,-1.889593,0.677411,0.440614,-0.349852,-1.078996,0.215406,-0.318191,-0.251970,0.321420,-2.746091,0.124816,2.528867,0.954173
4.062548,-0.000000,0.000000,0.000000,0.000000,-0.000000,-0.000000,1.000000,0.393491,-0.007826,0.149754,0.990451,-0.137179,0.013580,0.001878,0.393397,-0.007846,0.149678,0.990447,-0.137234,0.013325,0.001851,3.141584,-0.026907,-0.275363,-0.000256,-0.000362,-0.000544,-0.000238,0.001678,-0.000005,-1.909017,0.682131,0.400989,-0.356208,-1.067356,0.214071,-0.318191,-0.251969,0.321424,-2.746094,0.124814,2.528862,0.954171
4.112537,-0.000000,0.000000,0.000000,0.000000,-0.000000,-0.000000,1.000000,0.393491,-0.007826,0.149754,0.990451,-0.137179,0.013580,0.001878,0.393400,-0.007848,0.149682,0.990447,-0.137237,0.013329,0.001850,3.141587,-0.026914,-0.275368,0.000883,-0.000204,0.000762,-0.000236,-0.001065,0.001842,-1.921293,0.680507,0.462379,-0.359964,-1.091746,0.213745,-0.318192,-0.251973,0.321420,-2.746089,0.124816,2.528860,0.954171
4.162585,-0.000000,0.000000,0.000000,0.000000,-0.000000,-0.000000,1.000000,0.393491,-0.007826,0.149754,0.990451,-0.137179,0.013580,0.001878,0.393398,-0.007847,0.149680,0.990446,-0.137240,0.013327,0.001849,3.141588,-0.026910,-0.275374,-0.000002,-0.000206,0.000372,0.000664,0.000604,-0.002888,-1.893830,0.701944,0.410397,-0.365140,-1.067774,0.220855,-0.318192,-0.251973,0.321422,-2.746092,0.124820,2.528860,0.954175
4.213366,-0.000000,0.000000,0.000000,0.000000,-0.000000,-0.000000,1.000000,0.393491,-0.007826,0.149754,0.990451,-0.137179,0.013580,0.001878,0.393401,-0.007847,0.149682,0.990447,-0.137237,0.013334,0.001851,3.141586,-0.026924,-0.275368,0.000489,-0.000090,0.000326,-0.000618,-0.001765,-0.001345,-1.882056,0.699184,0.476028,-0.357130,-1.088361,0.228602,-0.318191,-0.251976,0.321424,-2.746092,0.124815,2.528870,0.954176
4.263445,-0.000000,0.000000,0.000000,0.000000,-0.000000,-0.000000,1.000000,0.393491,-0.007826,0.149754,0.990451,-0.137179,0.013580,0.001878,0.393398,-0.007848,0.149681,0.990447,-0.137236,0.013328,0.001849,3.141587,-0.026913,-0.275366,-0.000393,-0.000222,-0.000045,0.000146,0.000464,0.001314,-1.852096,0.637849,0.438878,-0.333780,-1.064644,0.208178,-0.318193,-0.251974,0.321422,-2.746093,0.124818,2.528863,0.954168
4.313622,-0.000000,0.000000,0.000000,0.000000,-0.000000,-0.000000,1.000000,0.393491,-0.007826,0.149754,0.990451,-0.137179,0.013580,0.001878,0.393399,-0.007848,0.149680,0.990447,-0.137238,0.013330,0.001850,3.141588,-0.026916,-0.275370,-0.000737,-0.000621,-0.000998,0.000123,0.001650,-0.001541,-1.898883,0.645126,0.428097,-0.340446,-1.074840,0.209481,-0.318192,-0.251971,0.321419,-2.746094,0.124816,2.528868,0.954171
4.363531,-0.000000,0.000000,0.000000,0.000000,-0.000000,-0.000000,1.000000,0.393491,-0.007826,0.149754,0.990451,-0.137179,0.013580,0.001878,0.393400,-0.007847,0.149681,0.990447,-0.137238,0.013329,0.001849,3.141589,-0.026914,-0.275369,0.000444,-0.000677,0.000455,0.000326,-0.001352,-0.001812,-1.911035,0.698793,0.456116,-0.352860,-1.090626,0.230048,-0.318192,-0.251972,0.321422,-2.746089,0.124819,2.528862,0.954171
4.413581,-0.000000,0.000000,0.318878,0.000000,-0.000000,-0.000000,1.000000,0.393491,-0.007826,0.151030,0.990451,-0.137179,0.013580,0.001878,0.393398,-0.007847,0.149680,0.990447,-0.137238,0.013328,0.001849,3.141588,-0.026913,-0.275369,-0.000742,-0.000255,-0.000648,0.001152,0.001544,-0.002923,-1.879197,0.667305,0.382203,-0.349497,-1.052791,0.214831,-0.318192,-0.251972,0.321422,-2.746094,0.124818,2.528866,0.954172
4.463581,-0.000000,0.000000,0.999969,0.000000,-0.000000,-0.000000,1.000000,0.393491,-0.007826,0.155030,0.990451,-0.137179,0.013580,0.001878,0.393418,-0.007847,0.149700,0.990447,-0.137234,0.013354,0.001850,-3.141592,-0.026963,-0.275363,0.000079,-0.000111,0.000024,-0.000026,-0.000439,0.000169,-1.892045,0.713066,0.515118,-0.361298,-1.105211,0.236295,-0.318189,-0.251991,0.321421,-2.746062,0.124815,2.528865,0.954172
4.514525,-0.000000,0.000000,0.999969,0.000000,-0.000000,-0.000000,1.000000,0.393491,-0.007826,0.159030,0.990451,-0.137179,0.013580,0.001878,0.393628,-0.007858,0.149968,0.990444,-0.137226,0.013642,0.001862,-3.141537,-0.027538,-0.275347,0.004285,0.000218,0.008356,-0.003810,-0.013355,0.000556,-1.941695,0.629395,0.700489,-0.336833,-1.155543,0.203349,-0.318191,-0.252378,0.321414,-2.745708,0.124817,2.528712,0.954172
4.564537,-0.000000,0.000000,0.999969,0.000000,-0.000000,-0.000000,1.000000,0.393491,-0.007826,0.163029,0.990451,-0.137179,0.013580,0.001878,0.393982,-0.007900,0.150736,0.990439,-0.137214,0.014129,0.001959,3.141589,-0.028530,-0.275325,0.007355,0.000306,0.020399,-0.009651,-0.023681,0.002111,-2.098691,0.690497,1.260892,-0.338563,-1.271231,0.221783,-0.318193,-0.253895,0.321379,-2.744874,0.124821,2.527367,0.954171
4.616260,-0.000000,0.000000,0.999969,0.000000,-0.000000,-0.000000,1.000000,0.393491,-0.007826,0.167029,0.990451,-0.137179,0.013580,0.001878,0.394418,-0.007980,0.152100,0.990432,-0.137182,0.014853,0.002206,3.141299,-0.030032,-0.275259,0.010468,-0.000433,0.033217,-0.018623,-0.043587,0.005265,-2.073666,0.654792,1.914648,-0.273970,-1.292521,0.203470,-0.318185,-0.257034,0.321352,-2.743732,0.124822,2.524596,0.954173
4.666731,-0.000000,0.000000,0.999969,0.000000,-0.000000,-0.000000,1.000000,0.393491,-0.007826,0.171029,0.990451,-0.137179,0.013580,0.001878,0.394898,-0.008065,0.153952,0.990427,-0.137136,0.015553,0.002544,3.140820,-0.031511,-0.275162,0.013497,-0.000819,0.044427,-0.022167,-0.050022,0.003439,-1.945454,0.738658,2.018302,-0.275884,-1.145047,0.226099,-0.318187,-0.261315,0.321325,-2.742027,0.124827,2.520096,0.954171
4.714697,-0.000000,0.000000,0.999969,0.000000,-0.000000,-0.000000,1.000000,0.393491,-0.007826,0.175029,0.990451,-0.137179,0.013580,0.001878,0.395315,-0.008136,0.156291,0.990428,-0.137080,0.015911,0.002973,3.140066,-0.032338,-0.275038,0.005361,0.000091,0.052920,-0.025293,0.005668,0.010901,-1.574314,0.747550,2.117771,-0.282454,-0.983780,0.218490,-0.318192,-0.266714,0.321264,-2.739547,0.124815,2.513043,0.954175
4.764591,-0.000000,0.000000,0.999969,0.000000,-0.000000,-0.000000,1.000000,0.393491,-0.007826,0.179029,0.990451,-0.137179,0.013580,0.001878,0.395534,-0.008215,0.159115,0.990434,-0.137027,0.015852,0.003531,3.138942,-0.032375,-0.274913,-0.008498,-0.001383,0.052146,-0.014454,0.073354,-0.001039,-1.440346,0.773465,3.539040,-0.299477,-1.447841,0.219118,-0.318196,-0.273513,0.321133,-2.736534,0.124795,2.503250,0.954152
4.815330,-0.000000,0.000000,0.999969,0.000000,-0.000000,-0.000000,1.000000,0.393491,-0.007826,0.183029,0.990451,-0.137179,0.013580,0.001878,0.395812,-0.008313,0.162344,0.990427,-0.137041,0.016035,0.004139,3.137787,-0.032903,-0.274923,0.006024,-0.000393,0.070861,-0.020110,-0.017573,-0.014126,-2.025984,1.185152,4.155878,-0.379255,-1.956103,0.365372,-0.318188,-0.281337,0.320974,-2.733332,0.124897,2.492743,0.954161
4.865447,-0.000000,0.000000,0.000000,0.000000,-0.000000,-0.000000,1.000000,0.393491,-0.007826,0.183029,0.990451,-0.137179,0.013580,0.001878,0.396110,-0.008399,0.165969,0.990416,-0.137058,0.016353,0.004807,3.136550,-0.033717,-0.274937,0.010975,-0.001036,0.076991,-0.022512,-0.053190,-0.020893,-2.834546,1.415400,3.871598,-0.342933,-2.202078,0.446224,-0.318145,-0.290128,0.320814,-2.729853,0.125075,2.481282,0.954163
4.915334,-0.000000,0.000000,0.000000,0.000000,-0.000000,-0.000000,1.000000,0.393491,-0.007826,0.183029,0.990451,-0.137179,0.013580,0.001878,0.395849,-0.008467,0.169340,0.990403,-0.137119,0.016399,0.005564,3.135065,-0.034015,-0.275036,-0.001360,-0.000129,0.069148,-0.013995,-0.019204,-0.033203,-2.265856,1.334724,4.599635,-0.223461,-2.326977,0.428163,-0.318015,-0.299616,0.320753,-2.727695,0.125474,2.469903,0.954146
4.965427,-0.000000,0.000000,0.000000,0.000000,-0.000000,-0.000000,1.000000,0.393491,-0.007826,0.183029,0.990451,-0.137179,0.013580,0.001878,0.395500,-0.008468,0.172177,0.990391,-0.137179,0.016414,0.006198,3.133814,-0.034220,-0.275135,-0.011034,0.002062,0.050126,-0.003977,0.026490,-0.027695,-2.214768,1.426721,5.382219,-0.203697,-2.656541,0.474404,-0.317870,-0.307914,0.320815,-2.726145,0.126003,2.460245,0.954114
5.015481,-0.000000,0.000000,0.000000,0.000000,-0.000000,-0.000000,1.000000,0.393491,-0.007826,0.183029,0.990451,-0.137179,0.013580,0.001878,0.395095,-0.008493,0.174279,0.990374,-0.137265,0.016530,0.006721,3.132813,-0.034593,-0.275291,-0.014597,0.001633,0.034809,0.000114,0.038270,-0.026244,-2.363171,1.440013,5.258464,-0.193627,-2.737349,0.485167,-0.317733,-0.314593,0.320864,-2.725544,0.126471,2.453317,0.954098
5.065396,-0.000000,0.000000,0.000000,0.000000,-0.000000,-0.000000,1.000000,0.393491,-0.007826,0.183029,0.990451,-0.137179,0.013580,0.001878,0.394847,-0.008494,0.175923,0.990362,-0.137340,0.016479,0.007073,3.132104,-0.034590,-0.275431,-0.013833,0.000653,0.027159,0.003183,0.043239,-0.023707,-2.422627,1.422746,5.128475,-0.185471,-2.750172,0.474604,-0.317685,-0.319404,0.320892,-2.724612,0.126818,2.447564,0.954082
5.115559,-0.000000,0.000000,0.000000,0.000000,-0.000000,-0.000000,1.000000,0.393491,-0.007826,0.183029,0.990451,-0.137179,0.013580,0.001878,0.394657,-0.008502,0.177180,0.990343,-0.137456,0.016541,0.007311,3.131653,-0.034779,-0.275658,-0.011230,0.000409,0.019683,0.009032,0.034728,-0.028007,-3.105613,1.524761,4.916914,-0.216386,-2.980518,0.514462,-0.317662,-0.323185,0.320910,-2.724051,0.127217,2.443418,0.954059
5.166344,-0.000000,0.000000,0.000000,0.000000,-0.000000,-0.000000,1.000000,0.393491,-0.007826,0.183029,0.990451,-0.137179,0.013580,0.001878,0.394542,-0.008490,0.178039,0.990327,-0.137558,0.016563,0.007434,3.131418,-0.034859,-0.275859,-0.007552,0.000278,0.014537,0.011456,0.019726,-0.028286,-2.879509,1.379956,4.358250,-0.148976,-2.725027,0.463864,-0.317633,-0.325694,0.320908,-2.723591,0.127570,2.440544,0.954035
5.216597,-0.000000,0.000000,0.000000,0.000000,-0.000000,-0.000000,1.000000,0.393491,-0.007826,0.183029,0.990451,-0.137179,0.013580,0.001878,0.394529,-0.008494,0.178726,0.990309,-0.137672,0.016670,0.007488,3.131345,-0.035086,-0.276088,0.008107,-0.001125,0.018015,0.002843,-0.052627,-0.022357,-3.491035,1.456717,3.104848,-0.148109,-2.498321,0.500027,-0.317611,-0.327532,0.320845,-2.723134,0.127884,2.438498,0.954008
5.266356,-0.000000,0.000000,0.000000,0.000000,-0.000000,-0.000000,1.000000,0.393491,-0.007826,0.183029,0.990451,-0.137179,0.013580,0.001878,0.394458,-0.008477,0.179178,0.990297,-0.137782,0.016467,0.007488,3.131292,-0.034684,-0.276310,0.009941,-0.001088,0.014429,0.007722,-0.056983,-0.026833,-3.685674,1.518623,2.933415,-0.184122,-2.504401,0.515921,-0.317621,-0.328625,0.320775,-2.722565,0.128133,2.436453,0.953997
5.316512,-0.000000,0.000000,0.000000,0.000000,-0.000000,-0.000000,1.000000,0.393491,-0.007826,0.183029,0.990451,-0.137179,0.013580,0.001878,0.394423,-0.008434,0.179546,0.990291,-0.137874,0.016113,0.007435,3.131304,-0.033970,-0.276499,0.010956,-0.001490,0.012545,0.008344,-0.058535,-0.026062,-3.692592,1.418113,2.533598,-0.143723,-2.358817,0.482475,-0.317641,-0.329226,0.320696,-2.721730,0.128361,2.434329,0.953973
5.366663,-0.000000,0.000000,0.000000,0.000000,-0.000000,-0.000000,1.000000,0.393491,-0.007826,0.183029,0.990451,-0.137179,0.013580,0.001878,0.394349,-0.008394,0.179756,0.990284,-0.137974,0.015723,0.007357,3.131354,-0.033177,-0.276704,0.013186,-0.001356,0.009649,0.008385,-0.064933,-0.024770,-3.734925,1.352814,2.502959,-0.099455,-2.365595,0.473618,-0.317668,-0.329528,0.320624,-2.721109,0.128604,2.432638,0.953939
5.417501,-0.000000,0.000000,0.000000,0.000000,-0.000000,-0.000000,1.000000,0.393491,-0.007826,0.183029,0.990451,-0.137179,0.013580,0.001878,0.394231,-0.008373,0.179890,0.990272,-0.138105,0.015328,0.007268,3.131426,-0.032371,-0.276972,0.011834,-0.001602,0.006824,0.009185,-0.065221,-0.022880,-3.810631,1.410025,2.486499,-0.106621,-2.394654,0.499363,-0.317681,-0.329779,0.320499,-2.720685,0.128869,2.431178,0.953898
5.467408,-0.000000,0.000000,0.000000,0.000000,-0.000000,-0.000000,1.000000,0.393491,-0.007826,0.183029,0.990451,-0.137179,0.013580,0.001878,0.394197,-0.008354,0.180008,0.990259,-0.138229,0.015123,0.007169,3.131570,-0.031938,-0.277226,0.012817,-0.002962,0.005105,0.004231,-0.074773,-0.021358,-4.409825,1.422553,1.818345,-0.094194,-2.379565,0.503112,-0.317691,-0.329938,0.320403,-2.720340,0.129144,2.430269,0.953864
5.517585,-0.000000,0.000000,0.000000,0.000000,-0.000000,-0.000000,1.000000,0.393491,-0.007826,0.183029,0.990451,-0.137179,0.013580,0.001878,0.394100,-0.008336,0.180046,0.990249,-0.138332,0.014857,0.007083,3.131670,-0.031389,-0.277437,0.007824,-0.003148,0.001317,0.003373,-0.064681,-0.021692,-4.481791,1.316536,1.769256,-0.038353,-2.409921,0.472983,-0.317694,-0.330044,0.320319,-2.720163,0.129397,2.429457,0.953810
5.568549,-0.000000,0.000000,0.000000,0.000000,-0.000000,-0.000000,1.000000,0.393491,-0.007826,0.183029,0.990451,-0.137179,0.013580,0.001878,0.394133,-0.008311,0.180177,0.990242,-0.138400,0.014752,0.007000,3.131808,-0.031158,-0.277577,0.016564,-0.001426,0.006724,-0.001723,-0.101387,-0.017044,-4.191777,1.196990,1.259494,0.019774,-2.114141,0.442820,-0.317704,-0.330134,0.320262,-2.719773,0.129602,2.428773,0.953760
5.619310,-0.000000,0.000000,0.000000,0.000000,-0.000000,-0.000000,1.000000,0.393491,-0.007826,0.183029,0.990451,-0.137179,0.013580,0.001878,0.394175,-0.008297,0.180296,0.990230,-0.138500,0.014674,0.006902,3.131984,-0.030978,-0.277782,0.016741,-0.001964,0.004595,-0.004937,-0.114807,-0.014080,-4.460322,1.276356,1.012187,-0.018405,-2.110404,0.470541,-0.317723,-0.330192,0.320181,-2.719412,0.129835,2.428203,0.953720
5.671786,-0.000000,0.000000,0.000000,0.000000,0.212611,0.610955,1.000000,0.393491,-0.007826,0.183029,0.989408,-0.144743,0.010964,0.001389,0.394171,-0.008264,0.180345,0.990222,-0.138581,0.014501,0.006798,3.132144,-0.030607,-0.277948,0.019073,-0.000427,0.005222,-0.006634,-0.117530,-0.007142,-4.904398,1.236688,1.233148,0.009833,-2.367907,0.459942,-0.317736,-0.330130,0.320137,-2.719103,0.130078,2.427614,0.953671
5.719563,-0.000000,0.000000,0.000000,0.000000,0.314503,0.944422,1.000000,0.393491,-0.007826,0.183029,0.987665,-0.156417,0.007097,0.000645,0.394223,-0.008273,0.180439,0.990199,-0.138758,0.014439,0.006673,3.132381,-0.030452,-0.278310,0.021692,-0.002053,0.008343,-0.006260,-0.144931,-0.016647,-4.425235,1.138107,0.224490,0.042821,-1.798503,0.414183,-0.317798,-0.330116,0.320025,-2.718769,0.130357,2.427173,0.953680
5.770631,-0.000000,0.000000,0.000000,0.000000,0.425695,0.944422,1.000000,0.393491,-0.007826,0.183029,0.985774,-0.168066,0.001859,-0.000333,0.394043,-0.008311,0.180353,0.990115,-0.139418,0.013979,0.006338,3.132935,-0.029453,-0.279653,0.017038,-0.003813,0.004038,0.006867,-0.119645,-0.039891,-5.200232,1.247965,0.652144,0.075659,-2.277333,0.398608,-0.317947,-0.329972,0.319731,-2.718664,0.131204,2.426286,0.953953
5.820503,-0.000000,0.000000,0.000000,0.000000,0.434958,0.925896,1.000000,0.393491,-0.007826,0.183029,0.983758,-0.179459,-0.003494,-0.001330,0.393702,-0.008352,0.180186,0.989934,-0.140783,0.013363,0.005647,3.134171,-0.028051,-0.282429,0.015456,-0.005146,0.002437,0.024205,-0.119823,-0.065340,-4.724706,1.413266,0.714353,0.038183,-2.117880,0.380975,-0.318127,-0.329997,0.319190,-2.718900,0.133116,2.425259,0.954558
5.869714,-0.000000,0.000000,0.000000,0.000000,0.434958,0.555377,1.000000,0.393491,-0.007826,0.183029,0.982455,-0.186274,-0.008845,-0.002319,0.393329,-0.008378,0.180053,0.989649,-0.142905,0.012329,0.004656,3.135899,-0.025736,-0.286744,0.017017,-0.006761,0.003332,0.038764,-0.101073,-0.119932,-4.821168,1.496590,1.139494,-0.045760,-2.269247,0.350039,-0.318422,-0.329733,0.318432,-2.718544,0.135672,2.423090,0.955944
5.919888,-0.000000,0.000000,0.000000,0.000000,-0.000000,-0.000000,1.000000,0.393491,-0.007826,0.183029,0.982455,-0.186274,-0.008845,-0.002319,0.392868,-0.008449,0.179909,0.989272,-0.145644,0.010704,0.003661,3.137465,-0.022247,-0.292301,0.010304,-0.007975,0.000629,0.036886,-0.055820,-0.131101,-4.172060,1.760591,1.293882,-0.180830,-2.016535,0.426703,-0.318721,-0.328987,0.317367,-2.717482,0.137867,2.419492,0.958615
5.971784,-0.000000,0.000000,0.000000,0.000000,-0.000000,-0.000000,1.000000,0.393491,-0.007826,0.183029,0.982455,-0.186274,-0.008845,-0.002319,0.392811,-0.008480,0.179991,0.988883,-0.148383,0.009230,0.002815,3.138764,-0.019091,-0.297852,0.021904,-0.001319,0.008440,0.012861,-0.062598,-0.065695,-3.596630,1.295795,0.892421,-0.032829,-1.589847,0.262903,-0.319016,-0.327612,0.316414,-2.715230,0.139282,2.415636,0.962103
6.019420,-0.000000,0.000000,0.000000,0.000000,-0.000000,-0.000000,1.000000,0.393491,-0.007826,0.183029,0.982455,-0.186274,-0.008845,-0.002319,0.393071,-0.008461,0.180330,0.988475,-0.151178,0.007686,0.002094,3.139777,-0.015828,-0.303514,0.027600,-0.002805,0.017028,0.026172,-0.031487,-0.094075,-2.379522,0.704276,0.087561,0.166123,-0.734664,0.059245,-0.319290,-0.325702,0.315511,-2.711653,0.139989,2.410856,0.966429
6.068613,-0.000000,0.000000,0.000000,0.000000,-0.000000,-0.000000,1.000000,0.393491,-0.007826,0.183029,0.982455,-0.186274,-0.008845,-0.002319,0.393278,-0.008412,0.180575,0.988071,-0.153878,0.005866,0.001489,3.140456,-0.012051,-0.308982,0.006128,0.004978,0.003074,0.022256,0.085740,-0.051842,-2.279875,0.364301,0.370023,0.162722,-0.750308,-0.059996,-0.319456,-0.323393,0.314601,-2.707859,0.140240,2.405699,0.971030
6.119406,-0.000000,0.000000,0.000000,0.000000,-0.000000,-0.000000,1.000000,0.393491,-0.007826,0.183029,0.982455,-0.186274,-0.008845,-0.002319,0.393233,-0.008460,0.180643,0.987668,-0.156510,0.003991,0.000982,3.140902,-0.008191,-0.314312,-0.017195,-0.005147,-0.009084,0.053894,0.178990,-0.138158,-1.472696,0.004571,2.014873,0.216939,-1.088067,-0.192265,-0.319765,-0.321402,0.313738,-2.704883,0.140469,2.400930,0.975338
6.169646,-0.000000,0.000000,0.000000,0.000000,-0.000000,-0.000000,1.000000,0.393491,-0.007826,0.183029,0.982455,-0.186274,-0.008845,-0.002319,0.393183,-0.008523,0.180812,0.987233,-0.159266,0.002313,0.000505,3.141332,-0.004727,-0.319895,-0.017833,-0.002486,-0.006194,0.043857,0.160940,-0.136600,-1.450320,1.323908,3.554908,-0.241208,-1.686057,0.298981,-0.320091,-0.319902,0.312923,-2.702146,0.140809,2.396317,0.979827
6.219542,-0.000000,0.000000,0.000000,0.000000,-0.000000,-0.000000,1.000000,0.393491,-0.007826,0.183029,0.982455,-0.186274,-0.008845,-0.002319,0.393219,-0.008483,0.181068,0.986884,-0.161426,0.000993,0.000187,3.141544,-0.002021,-0.324271,-0.003119,-0.001915,0.004813,0.033699,0.074013,-0.125040,-1.419222,0.737549,3.990752,-0.045402,-1.866899,0.059768,-0.320228,-0.318768,0.312397,-2.699642,0.140935,2.392303,0.983714
6.269603,-0.000000,0.000000,0.000000,0.000000,-0.000000,-0.000000,1.000000,0.393491,-0.007826,0.183029,0.982455,-0.186274,-0.008845,-0.002319,0.393331,-0.008532,0.181335,0.986498,-0.163772,0.000100,-0.000152,-3.141260,-0.000147,-0.329027,0.010307,-0.004394,0.010810,0.023387,-0.021538,-0.136801,-1.489042,1.575394,2.547140,-0.399032,-1.359056,0.377136,-0.320407,-0.317917,0.311790,-2.697610,0.141202,2.389329,0.987713
6.320270,0.027351,0.000000,0.000000,0.000000,-0.000000,-0.000000,1.000000,0.393600,-0.007826,0.183029,0.982455,-0.186274,-0.008845,-0.002319,0.393489,-0.008508,0.181485,0.986200,-0.165557,-0.000475,-0.000370,-3.141021,0.001060,-0.332646,0.022765,0.000662,0.008460,-0.005939,-0.089806,-0.053894,-2.009801,0.620464,0.955940,-0.008019,-0.976561,0.012104,-0.320447,-0.317043,0.311453,-2.696073,0.141276,2.387513,0.991066
6.370611,0.675796,0.000000,0.000000,0.000000,-0.000000,-0.000000,1.000000,0.396304,-0.007826,0.183029,0.982455,-0.186274,-0.008845,-0.002319,0.393680,-0.008459,0.181573,0.985881,-0.167439,-0.001249,-0.000673,-3.140683,0.002689,-0.336462,0.021031,0.003144,0.007753,0.001077,-0.056936,-0.039655,-1.977960,0.876419,-0.030305,-0.137518,-0.543741,0.114240,-0.320485,-0.315677,0.311046,-2.694185,0.141409,2.385440,0.994543
6.420534,0.879581,0.000000,0.000000,0.000000,-0.000000,-0.000000,1.000000,0.399822,-0.007826,0.183029,0.982455,-0.186274,-0.008845,-0.002319,0.393839,-0.008379,0.181486,0.985631,-0.168894,-0.002192,-0.000917,-3.140526,0.004631,-0.339414,0.007262,0.006085,0.004040,0.011144,0.065173,-0.002843,-2.193679,-0.347113,1.575839,0.174967,-1.246932,-0.344127,-0.320507,-0.313804,0.310736,-2.692280,0.141293,2.383510,0.997448
6.470566,0.879581,0.000000,0.000000,0.000000,-0.000000,-0.000000,1.000000,0.403340,-0.007826,0.183029,0.982455,-0.186274,-0.008845,-0.002319,0.394560,-0.008434,0.181630,0.985305,-0.170781,-0.002473,-0.001382,-3.139713,0.005346,-0.343242,0.018283,-0.009942,0.003782,0.032900,-0.013589,-0.140124,-0.730485,0.785353,1.415102,-0.218103,-0.581332,0.109550,-0.320780,-0.311452,0.310215,-2.689601,0.141406,2.382618,1.000682
6.521226,0.601692,0.000000,0.000000,0.000000,-0.000000,-0.000000,1.000000,0.405747,-0.007826,0.183029,0.982455,-0.186274,-0.008845,-0.002319,0.395643,-0.008300,0.181809,0.985101,-0.171953,-0.002349,-0.001813,-3.138829,0.005251,-0.345619,0.023982,0.010814,0.002852,-0.003546,-0.008491,0.034897,-1.446288,0.244443,1.847636,-0.068123,-1.012286,-0.106993,-0.320824,-0.308539,0.310046,-2.686483,0.141297,2.382670,1.003229
6.571673,-0.000000,0.000000,0.000000,0.000000,-0.000000,-0.000000,1.000000,0.405747,-0.007826,0.183029,0.982455,-0.186274,-0.008845,-0.002319,0.397050,-0.008302,0.182128,0.984812,-0.173598,-0.002004,-0.002456,-3.137452,0.004801,-0.348955,0.031378,-0.009162,0.010875,0.049140,-0.023125,-0.157062,-1.096853,0.872503,1.237350,-0.285208,-0.684024,0.147434,-0.321170,-0.305177,0.309651,-2.682656,0.141448,2.382909,1.006091
6.622434,-0.000000,0.000000,0.000000,0.000000,-0.000000,-0.000000,1.000000,0.405747,-0.007826,0.183029,0.982455,-0.186274,-0.008845,-0.002319,0.398405,-0.008069,0.182219,0.984673,-0.174370,-0.002238,-0.002939,-3.136585,0.005433,-0.350521,0.021425,0.016538,-0.006726,-0.016252,0.042877,0.100461,-1.014207,-0.214349,2.140784,-0.010295,-1.027658,-0.261459,-0.321275,-0.300778,0.309612,-2.678227,0.140986,2.382421,1.008261
6.672404,-0.000000,0.000000,0.000000,0.000000,-0.000000,-0.000000,1.000000,0.405747,-0.007826,0.183029,0.982455,-0.186274,-0.008845,-0.002319,0.399834,-0.008116,0.182333,0.984388,-0.175954,-0.002739,-0.003636,-3.135398,0.006673,-0.353733,0.042683,-0.024573,0.013062,0.068348,-0.077326,-0.227783,-1.203661,0.739787,1.663710,-0.316310,-0.922686,0.110612,-0.321951,-0.295859,0.309167,-2.673128,0.140766,2.381243,1.011003
6.721506,-0.000000,0.000000,0.000000,0.000000,-0.000000,-0.000000,1.000000,0.405747,-0.007826,0.183029,0.982455,-0.186274,-0.008845,-0.002319,0.401238,-0.008017,0.182314,0.984242,-0.176750,-0.002810,-0.004277,-3.134166,0.007044,-0.355346,0.037114,0.015051,-0.003261,-0.009989,-0.080556,0.086478,-2.336434,1.328945,0.718056,-0.673865,-1.000691,0.350272,-0.322247,-0.291278,0.308936,-2.668949,0.140644,2.381511,1.012563
6.771502,-0.000000,0.000000,0.000000,0.000000,-0.000000,-0.000000,1.000000,0.405747,-0.007826,0.183029,0.982455,-0.186274,-0.008845,-0.002319,0.402149,-0.008013,0.182153,0.984032,-0.177892,-0.003530,-0.004868,-3.133268,0.008679,-0.357659,0.026322,-0.014237,0.006013,0.049693,-0.025475,-0.149865,-1.282247,-0.236875,1.416547,-0.138873,-0.805454,-0.257499,-0.322668,-0.287162,0.308539,-2.665291,0.140611,2.380531,1.014431
6.821563,-0.000000,0.000000,0.000000,0.000000,-0.000000,-0.000000,1.000000,0.405747,-0.007826,0.183029,0.982455,-0.186274,-0.008845,-0.002319,0.402847,-0.007961,0.181974,0.983876,-0.178724,-0.004195,-0.005319,-3.132624,0.010156,-0.359341,0.003132,0.017731,-0.007716,-0.010539,0.094214,0.120231,-1.138365,1.073453,1.440698,-0.654996,-0.696352,0.271588,-0.322787,-0.283744,0.308128,-2.662352,0.140467,2.379673,1.015971
6.872648,-0.000000,0.000000,0.000000,0.000000,-0.000000,-0.000000,1.000000,0.405747,-0.007826,0.183029,0.982455,-0.186274,-0.008845,-0.002319,0.403297,-0.007905,0.181810,0.983769,-0.179279,-0.005168,-0.005525,-3.132574,0.012149,-0.360462,-0.004214,-0.009490,-0.007015,0.027093,0.099992,-0.079003,-0.204449,-1.659069,3.371837,0.269245,-1.181072,-0.793793,-0.322857,-0.280753,0.307812,-2.659581,0.139843,2.377927,1.017427
6.921613,-0.000000,0.000000,0.000000,0.000000,-0.000000,-0.000000,1.000000,0.405747,-0.007826,0.183029,0.982455,-0.186274,-0.008845,-0.002319,0.403955,-0.008053,0.181966,0.983517,-0.180641,-0.005213,-0.006039,-3.131596,0.012437,-0.363225,0.023561,-0.009987,0.008455,0.022621,-0.076877,-0.089432,-1.200225,2.239509,1.488664,-1.061186,-0.853010,0.741351,-0.323033,-0.278960,0.307052,-2.657476,0.140238,2.377529,1.019191
6.972567,-0.000000,0.000000,0.000000,0.000000,-0.000000,-0.000000,1.000000,0.405747,-0.007826,0.183029,0.982455,-0.186274,-0.008845,-0.002319,0.404308,-0.007842,0.181937,0.983505,-0.180681,-0.005818,-0.006140,-3.131617,0.013662,-0.363303,-0.001406,0.012807,-0.005384,-0.018377,0.060140,0.072779,-0.928354,-1.190824,1.654541,0.075827,-0.729519,-0.603318,-0.322804,-0.277060,0.307023,-2.655464,0.139791,2.376207,1.019979
7.024396,-0.000000,0.000000,0.000000,0.000000,-0.000000,-0.000000,1.000000,0.405747,-0.007826,0.183029,0.982455,-0.186274,-0.008845,-0.002319,0.404794,-0.008047,0.181998,0.983249,-0.182054,-0.005953,-0.006578,-3.130822,0.014102,-0.366088,0.016323,-0.013041,0.005881,0.055268,-0.015391,-0.152049,-1.671033,1.784260,1.041902,-0.886225,-0.694099,0.571395,-0.323079,-0.275483,0.306303,-2.653799,0.140124,2.375850,1.021706
7.073711,-0.000000,0.000000,0.000000,0.000000,-0.000000,-0.000000,1.000000,0.405747,-0.007826,0.183029,0.982455,-0.186274,-0.008845,-0.002319,0.405033,-0.007841,0.181904,0.983277,-0.181875,-0.006709,-0.006566,-3.131119,0.015582,-0.365721,-0.010065,0.023652,-0.018564,-0.026309,0.127906,0.147203,-0.825808,-1.041681,1.032320,-0.022615,-0.427244,-0.527183,-0.322734,-0.273593,0.306214,-2.651917,0.139376,2.374326,1.022313
7.123329,-0.000000,0.000000,0.000000,0.000000,-0.000000,-0.000000,1.000000,0.405747,-0.007826,0.183029,0.982455,-0.186274,-0.008845,-0.002319,0.405162,-0.007954,0.181840,0.983061,-0.182986,-0.007770,-0.006877,-3.130913,0.017795,-0.367970,-0.015553,-0.018425,-0.008821,0.059380,0.141254,-0.169368,-1.446637,-0.353828,2.906907,-0.252800,-1.457876,-0.264360,-0.323033,-0.271744,0.305632,-2.649875,0.139415,2.372005,1.023879
7.173411,-0.000000,0.000000,0.000000,0.000000,-0.000000,-0.000000,1.000000,0.405747,-0.007826,0.183029,0.982455,-0.186274,-0.008845,-0.002319,0.405568,-0.007888,0.181954,0.982971,-0.183450,-0.008005,-0.007061,-3.130645,0.018328,-0.368910,0.009439,0.013064,-0.001263,-0.019462,-0.006496,0.080281,-1.478993,0.467182,1.836593,-0.556624,-1.022073,0.049746,-0.322984,-0.270447,0.305443,-2.648193,0.139317,2.371161,1.024909
7.222653,-0.000000,0.000000,-0.472412,0.000000,-0.000000,-0.000000,1.000000,0.405747,-0.007826,0.181139,0.982455,-0.186274,-0.008845,-0.002319,0.405725,-0.008005,0.181971,0.982784,-0.184430,-0.008227,-0.007274,-3.130327,0.018856,-0.370899,0.005354,-0.015468,0.006463,0.043092,-0.011299,-0.156180,-1.132788,0.498122,1.780460,-0.520514,-0.749746,0.061651,-0.323151,-0.269714,0.305049,-2.647376,0.139506,2.370636,1.026294
7.273665,-0.000000,0.000000,-0.999969,0.000000,-0.000000,-0.000000,1.000000,0.405747,-0.007826,0.177139,0.982455,-0.186274,-0.008845,-0.002319,0.405578,-0.007845,0.181770,0.982806,-0.184295,-0.008804,-0.007127,-3.130826,0.019933,-0.370626,-0.010357,0.015473,-0.012524,-0.045062,0.056251,0.128884,-0.817024,-1.082995,2.220312,-0.033338,-0.851463,-0.554430,-0.322853,-0.269022,0.305137,-2.647031,0.138974,2.369814,1.026820
7.323849,-0.000000,0.000000,-0.999969,0.000000,-0.000000,-0.000000,1.000000,0.405747,-0.007826,0.173139,0.982455,-0.186274,-0.008845,-0.002319,0.405591,-0.008003,0.181419,0.982606,-0.185337,-0.009063,-0.007332,-3.130540,0.020529,-0.372743,0.021653,-0.023756,0.001774,0.038539,-0.126856,-0.194255,-1.556073,0.928688,0.756792,-0.630617,-0.676682,0.237629,-0.323110,-0.267884,0.304815,-2.646945,0.139170,2.370343,1.028232
7.374625,-0.000000,0.000000,-0.999969,0.000000,-0.000000,-0.000000,1.000000,0.405747,-0.007826,0.169140,0.982455,-0.186274,-0.008845,-0.002319,0.405443,-0.007867,0.180295,0.982593,-0.185390,-0.009373,-0.007387,-3.130548,0.021160,-0.372847,0.015401,0.017992,-0.023675,-0.031291,-0.081934,0.122149,-2.851234,1.170478,-0.577758,-0.831782,-0.854677,0.317898,-0.322869,-0.265485,0.304992,-2.647992,0.138944,2.373138,1.028786
7.424564,-0.000000,0.000000,-0.562973,0.000000,-0.000000,-0.000000,1.000000,0.405747,-0.007826,0.166888,0.982455,-0.186274,-0.008845,-0.002319,0.405050,-0.007772,0.178528,0.982475,-0.185929,-0.010742,-0.007588,-3.130675,0.023932,-0.373937,-0.014461,-0.011180,-0.041058,0.054798,0.124688,-0.123256,-1.492004,-0.820712,-0.286917,-0.207319,-0.710928,-0.465047,-0.323012,-0.261131,0.305146,-2.648641,0.138704,2.375357,1.029969
7.475446,-0.000000,0.000000,0.000000,0.000000,-0.000000,-0.000000,1.000000,0.405747,-0.007826,0.166888,0.982455,-0.186274,-0.008845,-0.002319,0.404902,-0.007656,0.176442,0.982384,-0.186315,-0.012105,-0.007917,-3.130544,0.026737,-0.374712,-0.001530,0.015530,-0.047428,-0.001410,0.068699,0.099692,-1.645396,0.521905,-0.051157,-0.778931,-1.084911,0.059878,-0.323061,-0.255261,0.305167,-2.648863,0.138301,2.378661,1.030943
7.524828,-0.000000,0.000000,0.000000,0.000000,-0.000000,-0.000000,1.000000,0.405747,-0.007826,0.166888,0.982455,-0.186274,-0.008845,-0.002319,0.405183,-0.007808,0.174388,0.982229,-0.187069,-0.012748,-0.008351,-3.129952,0.028171,-0.376236,0.037754,-0.022927,-0.022097,0.046501,-0.156926,-0.183845,-2.512461,0.982650,-1.509069,-0.889253,-0.870515,0.228441,-0.323350,-0.248921,0.304822,-2.648927,0.137787,2.383698,1.032147
7.574327,-0.000000,0.000000,0.000000,0.000000,-0.000000,-0.000000,1.000000,0.405747,-0.007826,0.166888,0.982455,-0.186274,-0.008845,-0.002319,0.405423,-0.007722,0.172450,0.982224,-0.187036,-0.013357,-0.008683,-3.129526,0.029491,-0.376158,0.026910,0.017413,-0.029034,-0.019288,-0.092172,0.123905,-2.930970,1.128868,-2.127470,-0.977979,-0.703466,0.295854,-0.323216,-0.243002,0.304714,-2.649017,0.137168,2.388412,1.032479
7.623586,-0.000000,0.000000,0.000000,0.000000,-0.000000,-0.000000,1.000000,0.405747,-0.007826,0.166888,0.982455,-0.186274,-0.008845,-0.002319,0.405496,-0.007724,0.171019,0.982129,-0.187450,-0.014351,-0.008942,-3.129403,0.031547,-0.376992,-0.002867,-0.012839,-0.022999,0.046601,0.086986,-0.122106,-1.972900,-0.870704,-0.903778,-0.329128,-0.782252,-0.478245,-0.323475,-0.238297,0.304655,-2.648468,0.136671,2.390530,1.033371
7.674434,-0.000000,0.000000,0.000000,0.000000,-0.000000,-0.000000,1.000000,0.405747,-0.007826,0.166888,0.982455,-0.186274,-0.008845,-0.002319,0.405493,-0.007661,0.169955,0.982070,-0.187663,-0.015444,-0.009101,-3.129506,0.033756,-0.377422,-0.015517,0.018129,-0.029973,-0.016722,0.119989,0.136748,-0.226829,0.524351,-0.021999,-0.875235,-0.470745,0.097403,-0.323553,-0.234542,0.304576,-2.647629,0.136118,2.391217,1.034103
7.725494,-0.000000,0.000000,0.000000,0.000000,-0.000000,-0.000000,1.000000,0.405747,-0.007826,0.166888,0.982455,-0.186274,-0.008845,-0.002319,0.405611,-0.007745,0.169082,0.981981,-0.188080,-0.015932,-0.009215,-3.129479,0.034762,-0.378269,-0.008110,-0.020460,-0.016414,0.050926,0.050089,-0.175545,-0.738255,-0.415970,2.204719,-0.512962,-1.512114,-0.295297,-0.323764,-0.231555,0.304440,-2.647238,0.135591,2.392796,1.034999
7.775591,-0.000000,0.000000,0.000000,0.000000,-0.000000,-0.000000,1.000000,0.405747,-0.007826,0.166888,0.982455,-0.186274,-0.008845,-0.002319,0.406001,-0.007740,0.168666,0.981947,-0.188284,-0.015536,-0.009411,-3.128954,0.034061,-0.378678,0.021417,0.013249,-0.001470,-0.024844,-0.093695,0.091573,-1.009717,1.364572,-0.987893,-1.066400,-0.339459,0.428633,-0.323728,-0.229865,0.304389,-2.647117,0.135587,2.395148,1.035376
7.826656,-0.000000,0.000000,0.000000,0.000000,-0.000000,-0.000000,1.000000,0.405747,-0.007826,0.166888,0.982455,-0.186274,-0.008845,-0.002319,0.405991,-0.007707,0.168340,0.981889,-0.188543,-0.015998,-0.009439,-3.129082,0.034983,-0.379205,0.001673,-0.012584,-0.000451,0.020143,-0.000950,-0.107614,-0.927308,-0.908244,-0.493392,-0.317117,-0.446580,-0.484001,-0.323813,-0.228596,0.304435,-2.646668,0.135349,2.395036,1.036071
7.876437,-0.000000,0.000000,0.000000,0.000000,-0.000000,-0.000000,1.000000,0.405747,-0.007826,0.166888,0.982455,-0.186274,-0.008845,-0.002319,0.405908,-0.007690,0.168144,0.981848,-0.188738,-0.016244,-0.009418,-3.129221,0.035460,-0.379602,-0.012984,0.017470,-0.010069,-0.032711,0.063804,0.147504,-1.278985,0.956766,-0.278044,-1.019534,-0.684424,0.261286,-0.323798,-0.228101,0.304435,-2.646680,0.135204,2.395045,1.036587
7.927621,-0.175523,0.000000,0.000000,0.000000,-0.000000,-0.000000,1.000000,0.405045,-0.007826,0.166888,0.982455,-0.186274,-0.008845,-0.002319,0.405774,-0.007711,0.168024,0.981824,-0.188855,-0.016418,-0.009238,-3.129646,0.035737,-0.379847,0.005003,-0.015452,0.005189,0.013833,-0.040324,-0.122588,-0.768285,-1.273397,0.665880,-0.198440,-0.903326,-0.632759,-0.323814,-0.228003,0.304516,-2.646865,0.134739,2.394960,1.037223
7.976627,-0.295942,0.000000,0.000000,0.000000,-0.000000,-0.000000,1.000000,0.403861,-0.007826,0.166888,0.982455,-0.186274,-0.008845,-0.002319,0.405977,-0.007801,0.168025,0.981756,-0.189268,-0.015732,-0.009273,-3.129333,0.034407,-0.380687,0.019921,0.006804,0.004545,-0.029795,-0.134876,0.061344,-2.257433,2.012384,-1.190105,-1.286900,-0.659278,0.671120,-0.323794,-0.228186,0.304428,-2.647403,0.134834,2.396692,1.037864
8.027842,-0.203312,0.000000,0.000000,0.000000,-0.000000,-0.000000,1.000000,0.403048,-0.007826,0.166888,0.982455,-0.186274,-0.008845,-0.002319,0.405753,-0.007688,0.167874,0.981772,-0.189171,-0.016006,-0.009096,-3.129780,0.034877,-0.380496,-0.007417,-0.004455,-0.000852,0.004626,0.042975,-0.045338,-1.685291,-1.425729,-0.481775,-0.172063,-0.703845,-0.688771,-0.323697,-0.228201,0.304715,-2.647731,0.134523,2.396451,1.038251
8.079626,-0.000000,0.000000,0.000000,0.000000,-0.000000,-0.000000,1.000000,0.403048,-0.007826,0.166888,0.982455,-0.186274,-0.008845,-0.002319,0.405471,-0.007742,0.167744,0.981684,-0.189596,-0.016358,-0.009089,-3.129943,0.035571,-0.381362,-0.006443,0.008716,-0.006576,-0.010094,0.027513,0.064086,-2.019410,1.185089,0.080147,-1.055754,-0.977628,0.349750,-0.323764,-0.228341,0.304599,-2.648116,0.134637,2.395991,1.038828
8.129701,-0.000000,0.000000,0.000000,0.000000,-0.000000,-0.000000,1.000000,0.403048,-0.007826,0.166888,0.982455,-0.186274,-0.008845,-0.002319,0.405323,-0.007809,0.167649,0.981629,-0.189876,-0.016414,-0.009017,-3.130116,0.035657,-0.381935,0.007851,-0.020215,0.005633,0.032500,-0.049702,-0.167697,-1.970730,-0.113033,-0.040065,-0.582729,-0.859046,-0.175189,-0.323825,-0.228495,0.304564,-2.648540,0.134538,2.396143,1.039344
8.178534,-0.000000,0.000000,0.000000,0.000000,-0.000000,-0.000000,1.000000,0.403048,-0.007826,0.166888,0.982455,-0.186274,-0.008845,-0.002319,0.405093,-0.007752,0.167505,0.981668,-0.189674,-0.016547,-0.008833,-3.130520,0.035845,-0.381529,-0.020736,0.020842,-0.015671,-0.035193,0.097766,0.166888,-2.300295,0.739145,0.005981,-0.957442,-0.984950,0.188979,-0.323643,-0.228690,0.304673,-2.649111,0.134200,2.396235,1.039427
8.227718,-0.000000,0.000000,0.000000,0.000000,-0.000000,-0.000000,1.000000,0.403048,-0.007826,0.166888,0.982455,-0.186274,-0.008845,-0.002319,0.404659,-0.007763,0.167293,0.981652,-0.189742,-0.016805,-0.008634,-3.131012,0.036277,-0.381675,-0.030531,-0.010742,-0.013708,0.021289,0.129932,-0.091414,-1.598099,-1.696426,0.657791,-0.096591,-1.062129,-0.782242,-0.323593,-0.229204,0.304762,-2.650147,0.133998,2.396227,1.039774
8.279348,-0.000000,0.000000,-0.940918,0.000000,-0.000000,-0.000000,1.000000,0.403048,-0.007826,0.163124,0.982455,-0.186274,-0.008845,-0.002319,0.404391,-0.007790,0.167252,0.981587,-0.190063,-0.016996,-0.008560,-3.131242,0.036628,-0.382334,-0.019842,0.010278,-0.008169,-0.011948,0.086090,0.078584,-1.987375,1.495116,1.593259,-1.166282,-1.641739,0.485853,-0.323586,-0.229696,0.304724,-2.650668,0.134036,2.395874,1.040338
8.327680,-0.000000,0.000000,-0.999969,0.000000,-0.000000,-0.000000,1.000000,0.403048,-0.007826,0.159124,0.982455,-0.186274,-0.008845,-0.002319,0.404143,-0.007771,0.167006,0.981587,-0.190050,-0.017225,-0.008381,-3.131679,0.037010,-0.382314,-0.024397,-0.017236,-0.015481,0.039612,0.091624,-0.143833,-1.624404,-0.632731,3.536563,-0.448499,-2.282503,-0.373142,-0.323570,-0.229593,0.304891,-2.651217,0.133667,2.396050,1.040718
8.378492,-0.000000,0.000000,-0.460602,0.000000,-0.000000,-0.000000,1.000000,0.403048,-0.007826,0.157282,0.982455,-0.186274,-0.008845,-0.002319,0.403915,-0.007773,0.166191,0.981552,-0.190244,-0.017062,-0.008434,-3.131520,0.036712,-0.382706,-0.004570,0.008200,-0.020683,-0.014380,-0.033493,0.064385,-1.561058,1.808319,0.569494,-1.241709,-1.173225,0.613294,-0.323479,-0.228569,0.304951,-2.652900,0.133777,2.399063,1.041011
8.429528,-0.000000,0.000000,0.000000,0.000000,-0.000000,-0.000000,1.000000,0.403048,-0.007826,0.157282,0.982455,-0.186274,-0.008845,-0.002319,0.403776,-0.007764,0.164878,0.981568,-0.190201,-0.016619,-0.008429,-3.131360,0.035839,-0.382618,0.026774,-0.016797,-0.012116,0.008492,-0.180298,-0.131265,-2.114950,-0.604375,-1.390777,-0.392716,-0.676513,-0.354961,-0.323380,-0.226400,0.305214,-2.655180,0.133483,2.404351,1.041253
8.478523,-0.000000,0.000000,0.000000,0.000000,-0.000000,-0.000000,1.000000,0.403048,-0.007826,0.157282,0.982455,-0.186274,-0.008845,-0.002319,0.403650,-0.007773,0.163293,0.981540,-0.190342,-0.016600,-0.008619,-3.130986,0.035876,-0.382900,0.024001,0.009767,-0.022757,-0.019678,-0.141624,0.078988,-3.751266,2.288946,-1.883591,-1.397201,-1.052021,0.779476,-0.323369,-0.223021,0.305263,-2.656957,0.133346,2.409493,1.041493
8.528726,-0.000000,0.000000,0.000000,0.000000,-0.000000,-0.000000,1.000000,0.403048,-0.007826,0.157282,0.982455,-0.186274,-0.008845,-0.002319,0.403421,-0.007670,0.161785,0.981587,-0.190066,-0.016951,-0.008686,-3.130977,0.036587,-0.382335,-0.007264,-0.004066,-0.026392,0.015158,0.049139,-0.035152,-2.189808,-1.494527,-0.952993,-0.200591,-0.858666,-0.696800,-0.323316,-0.219687,0.305530,-2.658326,0.132929,2.413441,1.041395
8.578750,-0.000000,0.000000,0.000000,0.000000,-0.000000,-0.000000,1.000000,0.403048,-0.007826,0.157282,0.982455,-0.186274,-0.008845,-0.002319,0.403366,-0.007769,0.160881,0.981496,-0.190500,-0.017214,-0.008893,-3.130687,0.037187,-0.383212,-0.006729,0.008099,-0.018992,0.001619,0.046275,0.061397,-1.736967,1.691899,-0.994477,-1.263554,-0.732670,0.582268,-0.323453,-0.217357,0.305290,-2.658830,0.132918,2.415718,1.041843
8.629385,-0.000000,0.000000,0.000000,0.000000,-0.000000,-0.000000,1.000000,0.403048,-0.007826,0.157282,0.982455,-0.186274,-0.008845,-0.002319,0.403290,-0.007711,0.160181,0.981575,-0.190095,-0.017263,-0.008761,-3.130950,0.037228,-0.382393,0.003549,-0.009062,-0.009775,-0.004169,-0.041519,-0.051732,-1.284733,-1.771732,-0.199699,-0.127817,-0.883048,-0.804372,-0.323314,-0.215811,0.305472,-2.659512,0.132228,2.417801,1.041777
8.683166,-0.000000,0.000000,0.000000,0.000000,-0.000000,-0.000000,1.000000,0.403048,-0.007826,0.157282,0.982455,-0.186274,-0.008845,-0.002319,0.403529,-0.007922,0.159724,0.981481,-0.190640,-0.016466,-0.008931,-3.130333,0.035735,-0.383494,0.021250,-0.005671,-0.001162,-0.004412,-0.142862,-0.026431,-2.480970,2.488938,-1.633162,-1.450209,-0.652240,0.879956,-0.323419,-0.214872,0.305182,-2.660502,0.132371,2.421307,1.042269
8.735913,-0.000000,0.000000,0.000000,0.000000,-0.000000,-0.000000,1.000000,0.403048,-0.007826,0.157282,0.982455,-0.186274,-0.008845,-0.002319,0.403370,-0.007715,0.159176,0.981610,-0.189982,-0.016502,-0.008736,-3.130706,0.035725,-0.382160,-0.011401,0.005363,-0.011263,-0.014678,0.045496,0.041410,-1.758985,-1.737276,-0.305164,-0.171723,-0.895083,-0.790421,-0.323156,-0.213977,0.305663,-2.661330,0.131801,2.422927,1.042010
8.779667,-0.000000,0.000000,-0.350372,0.000000,-0.000000,-0.000000,1.000000,0.403048,-0.007826,0.155880,0.982455,-0.186274,-0.008845,-0.002319,0.403546,-0.007912,0.159004,0.981485,-0.190658,-0.016036,-0.008870,-3.130288,0.034867,-0.383533,0.002879,-0.005825,-0.002405,0.017214,-0.007397,-0.049682,-2.211538,2.292244,-1.189596,-1.439031,-0.711009,0.809753,-0.323388,-0.213543,0.305437,-2.661725,0.131986,2.424689,1.042742
8.830473,-0.000000,0.000000,-0.704697,0.000000,-0.000000,-0.000000,1.000000,0.403048,-0.007826,0.153061,0.982455,-0.186274,-0.008845,-0.002319,0.403304,-0.007716,0.158559,0.981657,-0.189762,-0.016349,-0.008491,-3.131120,0.035328,-0.381720,-0.027157,0.011881,-0.020958,-0.025130,0.136428,0.108281,-1.128303,-1.649679,0.861707,-0.277505,-1.107582,-0.747734,-0.323063,-0.212802,0.305876,-2.662220,0.130881,2.425247,1.042466
8.881490,-0.000000,0.000000,-0.582657,0.000000,-0.000000,-0.000000,1.000000,0.403048,-0.007826,0.150731,0.982455,-0.186274,-0.008845,-0.002319,0.403398,-0.007917,0.158102,0.981531,-0.190444,-0.015948,-0.008624,-3.130731,0.034599,-0.383106,0.004530,-0.021246,-0.008460,0.028641,-0.052885,-0.163396,-1.040797,1.133366,-0.114721,-1.079949,-0.676318,0.358585,-0.323325,-0.211841,0.305694,-2.662978,0.130984,2.427754,1.043250
8.930789,-0.000000,0.000000,0.000000,0.000000,-0.000000,-0.000000,1.000000,0.403048,-0.007826,0.150731,0.982455,-0.186274,-0.008845,-0.002319,0.403267,-0.007698,0.157158,0.981665,-0.189744,-0.016093,-0.008495,-3.131015,0.034826,-0.381682,-0.011333,0.023780,-0.026679,-0.036727,0.058267,0.190971,-1.756450,0.227651,-0.697275,-0.881565,-0.751155,-0.004733,-0.323046,-0.209748,0.306135,-2.663852,0.130258,2.430386,1.042985
8.980845,-0.000000,0.000000,0.000000,0.000000,-0.000000,-0.000000,1.000000,0.403048,-0.007826,0.150731,0.982455,-0.186274,-0.008845,-0.002319,0.403290,-0.007824,0.156117,0.981634,-0.189910,-0.016039,-0.008481,-3.131028,0.034716,-0.382021,0.012578,-0.023538,-0.016496,0.020822,-0.079008,-0.153026,-1.539406,-0.486635,-1.155944,-0.599399,-0.546689,-0.299527,-0.323220,-0.207123,0.306117,-2.664658,0.129521,2.433862,1.043590
9.034116,-0.000000,0.000000,0.000000,0.000000,-0.000000,-0.000000,1.000000,0.403048,-0.007826,0.150731,0.982455,-0.186274,-0.008845,-0.002319,0.403376,-0.007853,0.155064,0.981665,-0.189761,-0.015907,-0.008508,-3.130919,0.034467,-0.381716,0.001721,0.015975,-0.020660,-0.015945,0.010010,0.122317,-2.403105,1.729025,-1.600415,-1.360514,-0.595065,0.583493,-0.323135,-0.204364,0.306061,-2.665411,0.128825,2.437574,1.043744
9.081701,-0.000000,0.000000,0.000000,0.000000,-0.000000,-0.000000,1.000000,0.403048,-0.007826,0.150731,0.982455,-0.186274,-0.008845,-0.002319,0.403172,-0.007807,0.154099,0.981761,-0.189252,-0.016167,-0.008275,-3.131458,0.034884,-0.380687,-0.004499,-0.006016,-0.016159,-0.010697,0.007184,-0.021634,-1.087460,-1.851712,-0.273568,-0.227059,-0.707826,-0.833602,-0.323032,-0.202236,0.306282,-2.666275,0.127694,2.439971,1.043803
9.131712,-0.000000,0.000000,0.000000,0.000000,-0.000000,-0.000000,1.000000,0.403048,-0.007826,0.150731,0.982455,-0.186274,-0.008845,-0.002319,0.403403,-0.008027,0.153600,0.981680,-0.189720,-0.015506,-0.008342,-3.131091,0.033615,-0.381636,0.008789,-0.006842,-0.006154,0.013236,-0.042720,-0.051765,-2.329389,2.396196,-1.428476,-1.521419,-0.650544,0.843940,-0.323165,-0.201001,0.306023,-2.667041,0.127421,2.443263,1.044485
9.181850,-0.000000,0.000000,0.000000,0.000000,-0.000000,-0.000000,1.000000,0.403048,-0.007826,0.150731,0.982455,-0.186274,-0.008845,-0.002319,0.403152,-0.007853,0.152979,0.981872,-0.188731,-0.015674,-0.007917,-3.131955,0.033774,-0.379635,-0.020779,0.013572,-0.018892,-0.035808,0.089143,0.124880,-1.328929,-1.427521,-0.079346,-0.395094,-0.843376,-0.660518,-0.322824,-0.199964,0.306470,-2.667902,0.126070,2.444752,1.044216
9.231463,-0.000000,0.000000,0.000000,0.000000,-0.000000,-0.000000,1.000000,0.403048,-0.007826,0.150731,0.982455,-0.186274,-0.008845,-0.002319,0.403482,-0.008118,0.152793,0.981772,-0.189314,-0.014894,-0.007929,-3.131658,0.032253,-0.380822,0.021746,-0.017882,0.003633,0.014260,-0.117879,-0.127676,-1.875701,1.904870,-1.219977,-1.313773,-0.541313,0.649463,-0.323070,-0.199333,0.306240,-2.668311,0.125737,2.447326,1.045132
9.288508,-0.000000,0.000000,0.000000,0.000000,-0.000000,-0.000000,1.000000,0.403048,-0.007826,0.150731,0.982455,-0.186274,-0.008845,-0.002319,0.403479,-0.007935,0.152463,0.981948,-0.188402,-0.014996,-0.007583,-3.132346,0.032314,-0.378975,-0.012864,0.022427,-0.012441,-0.037608,0.085855,0.184816,-1.881910,-0.185540,-0.605250,-0.770592,-0.728093,-0.176752,-0.322774,-0.198371,0.306647,-2.668323,0.124493,2.448041,1.044923
9.332647,-0.203312,0.000000,0.000000,0.000000,-0.000000,-0.000000,1.000000,0.402235,-0.007826,0.150731,0.982455,-0.186274,-0.008845,-0.002319,0.403581,-0.008117,0.152258,0.981934,-0.188500,-0.014807,-0.007331,-3.132773,0.031848,-0.379180,0.014660,-0.025127,0.004060,0.004735,-0.086385,-0.149644,-1.279288,-0.231818,-0.236894,-0.688559,-0.691304,-0.201952,-0.322930,-0.197695,0.306580,-2.668408,0.123437,2.449125,1.045701
9.381869,-0.536815,0.000000,0.000000,0.000000,-0.000000,-0.000000,1.000000,0.400087,-0.007826,0.150731,0.982455,-0.186274,-0.008845,-0.002319,0.403742,-0.008090,0.152097,0.982021,-0.188074,-0.014578,-0.007091,-3.133146,0.031305,-0.378319,-0.001534,0.019801,-0.004936,-0.032523,0.027952,0.161308,-2.133855,1.267578,-1.076026,-1.212120,-0.584466,0.394805,-0.322766,-0.197019,0.306704,-2.668355,0.122442,2.450157,1.045885
9.432535,-0.481237,0.000000,0.000000,0.000000,-0.000000,-0.000000,1.000000,0.398162,-0.007826,0.150731,0.982455,-0.186274,-0.008845,-0.002319,0.403370,-0.008117,0.151777,0.982090,-0.187687,-0.015130,-0.006650,-3.134206,0.032219,-0.377548,-0.008664,-0.014216,-0.004531,-0.005234,0.015596,-0.071360,-1.094489,-1.264377,0.452313,-0.397855,-0.866515,-0.610072,-0.322756,-0.196654,0.306862,-2.668717,0.121161,2.449715,1.046239
9.483338,-0.000000,0.000000,0.000000,0.000000,-0.000000,-0.000000,1.000000,0.398162,-0.007826,0.150731,0.982455,-0.186274,-0.008845,-0.002319,0.403188,-0.008278,0.151658,0.982045,-0.187941,-0.014965,-0.006472,-3.134502,0.031830,-0.378068,0.002669,0.000727,-0.001127,-0.006762,-0.047009,0.009542,-2.248625,2.512221,-1.339187,-1.520309,-0.497553,0.889450,-0.322785,-0.197037,0.306704,-2.669592,0.120773,2.450507,1.046809
9.532795,-0.000000,0.000000,0.000000,0.000000,-0.000000,-0.000000,1.000000,0.398162,-0.007826,0.150731,0.982455,-0.186274,-0.008845,-0.002319,0.402354,-0.008103,0.151279,0.982201,-0.187085,-0.015644,-0.005928,-3.135798,0.032954,-0.376345,-0.030109,0.010841,-0.013052,-0.019936,0.119814,0.076752,-1.905457,-1.629892,0.479903,-0.275382,-1.118816,-0.744426,-0.322447,-0.197783,0.307173,-2.671193,0.119836,2.449950,1.046494
9.582841,-0.000000,0.000000,0.000000,0.000000,-0.000000,-0.000000,1.000000,0.398162,-0.007826,0.150731,0.982455,-0.186274,-0.008845,-0.002319,0.401987,-0.008344,0.151231,0.982076,-0.187766,-0.015405,-0.005797,-3.135989,0.032440,-0.377735,0.007058,-0.019509,0.006220,0.008847,-0.094865,-0.135900,-2.527362,1.948051,-0.233570,-1.288099,-1.083149,0.663892,-0.322687,-0.198996,0.307052,-2.672721,0.119962,2.450737,1.047319
9.633459,-0.000000,0.000000,0.000000,0.000000,-0.000000,-0.000000,1.000000,0.398162,-0.007826,0.150731,0.982455,-0.186274,-0.008845,-0.002319,0.401489,-0.008124,0.151063,0.982243,-0.186878,-0.015705,-0.005360,-3.136930,0.032863,-0.375942,-0.025333,0.025914,-0.012261,-0.035635,0.113182,0.184310,-2.995258,-0.246705,0.331073,-0.694419,-1.438787,-0.198465,-0.322390,-0.199716,0.307647,-2.673791,0.119232,2.450456,1.046890
9.683555,-0.000000,0.000000,0.000000,0.000000,-0.000000,-0.000000,1.000000,0.398162,-0.007826,0.150731,0.982455,-0.186274,-0.008845,-0.002319,0.401064,-0.008262,0.151001,0.982161,-0.187299,-0.015879,-0.005183,-3.137358,0.033139,-0.376807,-0.006029,-0.023138,0.002227,0.027275,-0.013790,-0.179508,-2.310413,0.285125,1.528876,-0.783994,-1.694713,0.006486,-0.322647,-0.200619,0.307720,-2.674810,0.119190,2.450218,1.047531
9.733700,-0.000000,0.000000,0.000000,0.000000,-0.000000,-0.000000,1.000000,0.398162,-0.007826,0.150731,0.982455,-0.186274,-0.008845,-0.002319,0.401111,-0.008189,0.151144,0.982237,-0.186951,-0.015335,-0.004988,-3.137525,0.031996,-0.376099,0.005341,0.020369,0.002049,-0.035592,-0.032938,0.150200,-3.239480,1.512712,-0.567316,-1.193615,-1.145275,0.486688,-0.322517,-0.201446,0.308074,-2.675431,0.118927,2.451098,1.047454
9.783387,-0.000000,0.000000,0.000000,0.000000,-0.000000,-0.000000,1.000000,0.398162,-0.007826,0.150731,0.982455,-0.186274,-0.008845,-0.002319,0.400708,-0.008181,0.151056,0.982236,-0.186936,-0.015664,-0.004756,-3.138104,0.032556,-0.376079,0.002256,-0.018563,0.005418,0.013727,-0.044380,-0.138948,-2.376646,-0.597449,1.079742,-0.519554,-1.510562,-0.351401,-0.322590,-0.202056,0.308322,-2.676138,0.118660,2.450525,1.047760
9.832709,-0.000000,0.000000,0.000000,0.000000,-0.000000,-0.000000,1.000000,0.398162,-0.007826,0.150731,0.982455,-0.186274,-0.008845,-0.002319,0.400797,-0.008212,0.151145,0.982244,-0.186930,-0.015219,-0.004661,-3.138123,0.031646,-0.376066,0.004366,0.013513,-0.000211,-0.026867,-0.019795,0.115039,-3.461481,2.157531,-0.893651,-1.404792,-1.063012,0.735647,-0.322556,-0.202497,0.308397,-2.676519,0.118486,2.451350,1.047958
9.883424,-0.000000,0.000000,0.000000,0.000000,-0.000000,-0.000000,1.000000,0.398162,-0.007826,0.150731,0.982455,-0.186274,-0.008845,-0.002319,0.400395,-0.008080,0.150958,0.982320,-0.186504,-0.015654,-0.004389,-3.138807,0.032397,-0.375210,-0.025863,-0.002190,-0.012450,0.010785,0.128141,-0.030574,-2.541419,-1.655712,1.040010,-0.230430,-1.522571,-0.768171,-0.322468,-0.202739,0.308801,-2.677115,0.118028,2.450814,1.047895
9.932821,-0.388571,0.000000,0.000000,0.000000,-0.000000,-0.000000,1.000000,0.396608,-0.007826,0.150731,0.982455,-0.186274,-0.008845,-0.002319,0.400432,-0.008235,0.151039,0.982227,-0.187012,-0.015414,-0.004396,-3.138721,0.031929,-0.376242,0.008422,-0.002211,0.003360,-0.002318,-0.057932,-0.019099,-2.608185,2.312727,0.632883,-1.434959,-1.406471,0.798646,-0.322667,-0.203089,0.308666,-2.677339,0.118104,2.451170,1.048522
9.983732,-0.610919,0.000000,0.000000,0.000000,-0.000000,-0.000000,1.000000,0.394164,-0.007826,0.150731,0.982455,-0.186274,-0.008845,-0.002319,0.400280,-0.008059,0.150953,0.982361,-0.186303,-0.015549,-0.004099,-3.139333,0.032082,-0.374808,0.000701,0.004053,0.000117,-0.025398,-0.021951,0.041645,-2.727665,-1.403672,0.848730,-0.321667,-1.544509,-0.678844,-0.322441,-0.203165,0.309098,-2.677587,0.117396,2.451046,1.048262
10.033717,-0.221838,0.000000,0.000000,0.000000,-0.000000,-0.000000,1.000000,0.393277,-0.007826,0.150731,0.982455,-0.186274,-0.008845,-0.002319,0.399936,-0.008266,0.150820,0.982226,-0.186986,-0.015839,-0.004063,-3.139532,0.032640,-0.376204,-0.017492,-0.006871,-0.007022,0.019092,0.066252,-0.060594,-3.349881,2.356263,0.272728,-1.466060,-1.441963,0.804437,-0.322691,-0.203512,0.308832,-2.678242,0.117488,2.450764,1.049032
10.083849,-0.000000,0.000000,0.000000,0.000000,-0.000000,-0.000000,1.000000,0.393277,-0.007826,0.150731,0.982455,-0.186274,-0.008845,-0.002319,0.399058,-0.008116,0.150427,0.982375,-0.186157,-0.016488,-0.003539,-3.140777,0.033718,-0.374538,-0.046028,0.010842,-0.022407,-0.018153,0.185032,0.085608,-2.450273,-1.517915,2.327673,-0.314782,-1.978266,-0.710752,-0.322354,-0.204388,0.309261,-2.680041,0.116672,2.450339,1.048620
10.133744,-0.000000,0.000000,0.000000,0.000000,-0.000000,-0.000000,1.000000,0.393277,-0.007826,0.150731,0.982455,-0.186274,-0.008845,-0.002319,0.398376,-0.008369,0.150344,0.982233,-0.186906,-0.016548,-0.003388,-3.141122,0.033780,-0.376069,-0.017710,-0.018488,0.000510,0.011444,0.013085,-0.131137,-2.611575,1.818487,1.817430,-1.244767,-1.875231,0.600738,-0.322605,-0.206127,0.309109,-2.682054,0.117040,2.450492,1.049322
10.183718,-0.000000,0.000000,0.000000,0.000000,-0.000000,-0.000000,1.000000,0.393277,-0.007826,0.150731,0.982455,-0.186274,-0.008845,-0.002319,0.397959,-0.008177,0.150336,0.982363,-0.186247,-0.016288,-0.003004,3.141427,0.033127,-0.374737,-0.012059,0.011587,-0.003080,-0.028495,0.015067,0.081586,-3.340589,-0.857000,0.521620,-0.439952,-1.633534,-0.466089,-0.322202,-0.207650,0.309655,-2.683703,0.116694,2.451125,1.049071
10.233696,-0.000000,0.000000,0.000000,0.000000,-0.000000,-0.000000,1.000000,0.393277,-0.007826,0.150731,0.982455,-0.186274,-0.008845,-0.002319,0.397643,-0.008347,0.150293,0.982224,-0.186977,-0.016341,-0.002994,3.141364,0.033227,-0.376225,-0.008503,-0.010023,-0.001517,0.021983,0.024692,-0.090515,-3.522245,2.327645,0.161429,-1.401174,-1.550922,0.781916,-0.322471,-0.208427,0.309552,-2.684609,0.117046,2.451157,1.049851
10.284627,-0.000000,0.000000,0.000000,0.000000,-0.000000,-0.000000,1.000000,0.393277,-0.007826,0.150731,0.982455,-0.186274,-0.008845,-0.002319,0.397139,-0.008162,0.150078,0.982377,-0.186143,-0.016702,-0.002592,3.140467,0.033786,-0.374543,-0.012663,0.011203,-0.006879,-0.036784,0.019374,0.101445,-2.846982,-0.969502,1.439542,-0.433178,-1.888412,-0.505529,-0.322195,-0.208973,0.310053,-2.685634,0.116353,2.450882,1.049392
10.334598,-0.000000,0.000000,0.000000,0.000000,-0.000000,-0.000000,1.000000,0.393277,-0.007826,0.150731,0.982455,-0.186274,-0.008845,-0.002319,0.397054,-0.008410,0.150124,0.982228,-0.186965,-0.016259,-0.002655,3.140729,0.032938,-0.376210,0.013843,-0.021118,0.011184,0.015183,-0.121805,-0.147178,-3.480489,2.209381,0.622324,-1.310283,-1.757779,0.729326,-0.322517,-0.209831,0.309857,-2.686599,0.116816,2.451888,1.050118
10.384616,-0.000000,0.471974,0.000000,0.000000,-0.000000,-0.000000,1.000000,0.393277,-0.005938,0.150731,0.982455,-0.186274,-0.008845,-0.002319,0.396852,-0.008232,0.150101,0.982361,-0.186301,-0.015903,-0.002374,3.140331,0.032136,-0.374861,-0.005657,0.021586,-0.002182,-0.027593,0.011121,0.138075,-3.432114,-0.037334,0.116814,-0.680409,-1.526007,-0.145859,-0.322168,-0.210780,0.310335,-2.687775,0.116488,2.452816,1.049750
10.434619,-0.000000,0.731338,0.000000,0.000000,-0.000000,-0.000000,1.000000,0.393277,-0.003013,0.150731,0.982455,-0.186274,-0.008845,-0.002319,0.396677,-0.008248,0.150149,0.982256,-0.186858,-0.015875,-0.002382,3.140339,0.032083,-0.375995,0.002775,-0.015189,0.006327,0.034956,-0.024100,-0.166144,-2.944157,1.230712,0.132993,-1.002512,-1.381986,0.352618,-0.322223,-0.211477,0.310387,-2.688330,0.116861,2.452749,1.050552
10.484675,-0.000000,0.258890,0.000000,0.000000,-0.000000,-0.000000,1.000000,0.393277,-0.001978,0.150731,0.982455,-0.186274,-0.008845,-0.002319,0.396452,-0.007452,0.150057,0.982432,-0.185903,-0.016178,-0.002210,3.139918,0.032615,-0.374060,-0.011547,0.038606,-0.006902,-0.042433,0.050116,0.202599,-3.015723,0.560315,0.967458,-0.826465,-1.740696,0.088113,-0.321208,-0.211681,0.311499,-2.688597,0.116913,2.452241,1.050650
10.534782,-0.000000,0.000000,0.000000,0.000000,-0.000000,-0.000000,1.000000,0.393277,-0.001978,0.150731,0.982455,-0.186274,-0.008845,-0.002319,0.396587,-0.006523,0.150139,0.982450,-0.185844,-0.015754,-0.002226,3.140110,0.031787,-0.373934,0.019737,0.000917,0.010787,0.021691,-0.122801,-0.153634,-3.091896,0.909381,0.063550,-0.726333,-1.412405,0.193439,-0.320032,-0.212104,0.312789,-2.688889,0.117574,2.453040,1.052420
10.584801,-0.000000,0.000000,0.000000,0.000000,-0.000000,-0.000000,1.000000,0.393277,-0.001978,0.150731,0.982455,-0.186274,-0.008845,-0.002319,0.396568,-0.005386,0.150193,0.982595,-0.185106,-0.015434,-0.001971,3.139752,0.031066,-0.372434,0.006043,0.037780,0.003722,-0.047061,-0.034726,0.172154,-3.890499,2.061077,-0.492487,-1.091310,-1.426361,0.649112,-0.318589,-0.212792,0.314553,-2.689436,0.117691,2.453603,1.053944
10.634847,-0.000000,0.000000,0.000000,0.000000,-0.000000,-0.000000,1.000000,0.393277,-0.001978,0.150731,0.982455,-0.186274,-0.008845,-0.002319,0.396183,-0.004512,0.150156,0.982674,-0.184679,-0.015604,-0.001527,3.138829,0.031236,-0.371580,-0.005833,0.005796,0.002931,-0.008271,0.001260,-0.053521,-2.848135,-0.679428,1.075622,-0.213130,-1.745721,-0.410297,-0.317804,-0.213768,0.316388,-2.690298,0.117495,2.453189,1.055742
10.684935,-0.000000,0.000000,0.000000,0.000000,-0.000000,-0.000000,1.000000,0.393277,-0.001978,0.150731,0.982455,-0.186274,-0.008845,-0.002319,0.396130,-0.004031,0.150306,0.982639,-0.184895,-0.015268,-0.001317,3.138533,0.030498,-0.372021,-0.010944,0.017749,-0.002382,-0.021355,0.047473,0.082118,-3.675762,3.181302,0.475390,-1.421894,-1.803791,1.122053,-0.317762,-0.214783,0.317871,-2.690877,0.117738,2.453483,1.057434
10.735574,-0.000000,0.000000,0.000000,0.000000,-0.000000,-0.000000,1.000000,0.393277,-0.001978,0.150731,0.982455,-0.186274,-0.008845,-0.002319,0.395868,-0.003519,0.150319,0.982765,-0.184225,-0.015255,-0.000858,3.137656,0.030306,-0.370670,-0.005238,0.005789,0.001250,-0.017776,-0.014486,-0.009881,-2.782092,-0.922049,1.587639,-0.129462,-1.988199,-0.476519,-0.317699,-0.215685,0.319559,-2.691598,0.117309,2.453347,1.058061
10.785705,-0.000000,0.000000,0.000000,0.000000,-0.000000,-0.000000,1.000000,0.393277,-0.001978,0.150731,0.982455,-0.186274,-0.008845,-0.002319,0.395978,-0.003469,0.150488,0.982661,-0.184853,-0.014349,-0.000831,3.137919,0.028512,-0.371936,0.013930,-0.007499,0.005736,0.000818,-0.119471,-0.079238,-3.790343,3.257503,0.029380,-1.361235,-1.675151,1.159538,-0.318116,-0.216859,0.320418,-2.692632,0.117858,2.455074,1.059245
10.835864,-0.166260,-0.092192,0.000000,0.000000,-0.000000,-0.000000,1.000000,0.392612,-0.002346,0.150731,0.982455,-0.186274,-0.008845,-0.002319,0.395655,-0.003031,0.150409,0.982829,-0.183956,-0.014422,-0.000396,3.137063,0.028499,-0.370123,-0.013038,0.022958,-0.004728,-0.042682,0.041967,0.145503,-3.072020,-0.302482,0.922945,-0.356671,-1.802820,-0.217656,-0.317908,-0.217586,0.321740,-2.693463,0.117346,2.455032,1.059256
10.887595,-0.268153,-0.138507,0.000000,0.000000,-0.000000,-0.000000,1.000000,0.391539,-0.002900,0.150731,0.982455,-0.186274,-0.008845,-0.002319,0.395733,-0.003127,0.150530,0.982696,-0.184705,-0.013867,-0.000451,3.137355,0.027424,-0.371637,0.014305,-0.020531,0.008325,0.035619,-0.090501,-0.183264,-3.598579,1.764353,-0.072822,-0.898634,-1.591203,0.580596,-0.318289,-0.218317,0.322008,-2.694068,0.117822,2.456052,1.060237
10.936690,-0.000000,0.000000,0.000000,0.000000,-0.000000,-0.000000,1.000000,0.391539,-0.002900,0.150731,0.982455,-0.186274,-0.008845,-0.002319,0.395464,-0.003014,0.150427,0.982805,-0.184125,-0.013882,-0.000171,3.136815,0.027352,-0.370464,-0.014664,0.022206,-0.007127,-0.043350,0.067594,0.190504,-3.706579,0.796811,0.399299,-0.717518,-1.757323,0.222212,-0.318180,-0.218838,0.322478,-2.694875,0.117398,2.456288,1.059897
10.987566,-0.000000,0.000000,0.000000,0.000000,-0.000000,-0.000000,1.000000,0.391539,-0.002900,0.150731,0.982455,-0.186274,-0.008845,-0.002319,0.395058,-0.003286,0.150344,0.982694,-0.184710,-0.013937,-0.000073,3.136585,0.027422,-0.371658,-0.005536,-0.026125,0.002929,0.021742,-0.017311,-0.172268,-2.689789,0.372508,1.379801,-0.511160,-1.824782,0.054339,-0.318586,-0.219775,0.322362,-2.696063,0.117566,2.456420,1.060350
11.037715,-0.000000,0.000000,0.000000,0.000000,-0.000000,-0.000000,1.000000,0.391539,-0.002900,0.150731,0.982455,-0.186274,-0.008845,-0.002319,0.394879,-0.003355,0.150304,0.982709,-0.184651,-0.013704,0.000035,3.136461,0.026925,-0.371538,-0.015223,0.017248,-0.008198,-0.031604,0.059943,0.153144,-3.686642,2.080615,0.483333,-1.105868,-1.826883,0.723723,-0.318555,-0.220460,0.322366,-2.696998,0.117533,2.457126,1.060222
11.088564,-0.000000,0.000000,0.000000,0.000000,-0.000000,-0.000000,1.000000,0.391539,-0.002900,0.150731,0.982455,-0.186274,-0.008845,-0.002319,0.394591,-0.003403,0.150210,0.982706,-0.184657,-0.013777,0.000173,3.136162,0.027017,-0.371555,0.001731,-0.015619,0.004125,0.017889,-0.043472,-0.123375,-2.822311,-0.876215,1.439025,-0.117961,-1.944398,-0.438491,-0.318579,-0.220995,0.322431,-2.697795,0.117443,2.457228,1.060286
11.137668,-0.000000,0.000000,0.000000,0.000000,-0.000000,-0.000000,1.000000,0.391539,-0.002900,0.150731,0.982455,-0.186274,-0.008845,-0.002319,0.394735,-0.003609,0.150286,0.982631,-0.185116,-0.012967,0.000092,3.136610,0.025451,-0.372476,0.017051,0.000096,0.005422,-0.017555,-0.124182,0.031247,-3.823004,3.068936,-0.489533,-1.326252,-1.485466,1.106155,-0.318707,-0.221654,0.322201,-2.698657,0.117752,2.459060,1.060557
11.189218,-0.000000,0.000000,0.000000,0.000000,-0.000000,-0.000000,1.000000,0.391539,-0.002900,0.150731,0.982455,-0.186274,-0.008845,-0.002319,0.394439,-0.003434,0.150134,0.982717,-0.184638,-0.013242,0.000314,3.136083,0.025913,-0.371512,-0.015643,0.005236,-0.006675,-0.007631,0.070730,0.024622,-3.031863,-1.160532,0.908584,-0.075544,-1.744646,-0.543736,-0.318503,-0.221849,0.322613,-2.699167,0.117413,2.458809,1.060419
11.237585,-0.000000,0.000000,0.000000,0.000000,-0.000000,-0.000000,1.000000,0.391539,-0.002900,0.150731,0.982455,-0.186274,-0.008845,-0.002319,0.394576,-0.003632,0.150227,0.982572,-0.185433,-0.012884,0.000147,3.136525,0.025267,-0.373120,0.005675,-0.010398,0.002875,0.018732,-0.019570,-0.071463,-3.555753,2.746215,-0.100443,-1.237438,-1.531036,0.970332,-0.318726,-0.222077,0.322279,-2.699310,0.117839,2.459456,1.061142
11.287823,-0.000000,0.000000,0.000000,0.000000,-0.000000,-0.000000,1.000000,0.391539,-0.002900,0.150731,0.982455,-0.186274,-0.008845,-0.002319,0.394273,-0.003433,0.150002,0.982704,-0.184707,-0.013286,0.000392,3.135912,0.025970,-0.371654,-0.032155,0.010213,-0.018908,-0.005648,0.152664,0.055886,-2.308497,-1.368124,2.096154,-0.032642,-1.961526,-0.620203,-0.318428,-0.221948,0.322635,-2.699680,0.117303,2.459122,1.060704
11.337820,0.258925,-0.129244,0.000000,0.000000,-0.000000,-0.000000,1.000000,0.392575,-0.003417,0.150731,0.982455,-0.186274,-0.008845,-0.002319,0.394268,-0.003683,0.150034,0.982554,-0.185525,-0.012994,0.000273,3.136234,0.025436,-0.373312,-0.003114,-0.016242,0.002153,0.018205,-0.003060,-0.118353,-2.598969,2.181212,1.890301,-1.058335,-1.984622,0.757393,-0.318738,-0.222367,0.322310,-2.700179,0.117714,2.459794,1.061383
11.387899,0.592429,-0.472010,0.000000,0.000000,-0.000000,-0.000000,1.000000,0.394945,-0.005305,0.150731,0.982455,-0.186274,-0.008845,-0.002319,0.394580,-0.003535,0.150162,0.982647,-0.185080,-0.012290,0.000349,3.136355,0.024027,-0.372397,0.017041,0.010046,0.005333,-0.023406,-0.087169,0.067077,-3.024446,-0.383153,-0.001761,-0.284685,-1.382332,-0.251492,-0.318472,-0.222543,0.322632,-2.700279,0.117462,2.461126,1.061241
11.438565,0.333029,-0.221874,0.000000,0.000000,-0.000000,-0.000000,1.000000,0.396277,-0.006193,0.150731,0.982455,-0.186274,-0.008845,-0.002319,0.395030,-0.003931,0.150320,0.982492,-0.185947,-0.011560,0.000137,3.137023,0.022667,-0.374148,0.021520,-0.010735,0.009791,0.004459,-0.080427,-0.028990,-3.673444,2.396506,-1.089061,-1.164793,-1.131028,0.835508,-0.319003,-0.222379,0.322102,-2.700035,0.117647,2.462511,1.061827
11.488667,-0.000000,0.000000,0.000000,0.000000,-0.000000,-0.000000,1.000000,0.396277,-0.006193,0.150731,0.982455,-0.186274,-0.008845,-0.002319,0.395316,-0.004303,0.150252,0.982562,-0.185614,-0.010875,0.000205,3.137152,0.021297,-0.373464,0.004746,0.001070,-0.000297,-0.022388,-0.017318,0.081473,-3.586836,-1.185381,-0.810040,-0.128781,-1.227872,-0.541275,-0.319488,-0.222035,0.321843,-2.700314,0.117030,2.464462,1.060874
11.540547,-0.000000,0.000000,0.000000,0.000000,-0.000000,-0.000000,1.000000,0.396277,-0.006193,0.150731,0.982455,-0.186274,-0.008845,-0.002319,0.395618,-0.005006,0.150260,0.982353,-0.186734,-0.010679,-0.000097,3.137793,0.021018,-0.375734,-0.014022,-0.020198,-0.008221,0.044757,0.119837,-0.118265,-2.735254,1.464326,1.234586,-0.944093,-1.707555,0.521829,-0.320696,-0.221315,0.321012,-2.699756,0.117286,2.465013,1.060975
11.590947,-0.000000,0.000000,0.000000,0.000000,-0.000000,-0.000000,1.000000,0.396277,-0.006193,0.150731,0.982455,-0.186274,-0.008845,-0.002319,0.396012,-0.005195,0.150227,0.982443,-0.186270,-0.010443,-0.000085,3.137869,0.020552,-0.374788,-0.033070,0.008939,-0.027420,-0.010757,0.196961,0.109512,-0.924170,-1.889094,2.477688,0.016802,-1.543297,-0.753984,-0.321076,-0.220256,0.320894,-2.698951,0.116623,2.465708,1.060115
11.639651,-0.000000,0.000000,0.000000,0.000000,-0.000000,-0.000000,1.000000,0.396277,-0.006193,0.150731,0.982455,-0.186274,-0.008845,-0.002319,0.396319,-0.005716,0.150183,0.982240,-0.187358,-0.010094,-0.000405,3.138606,0.019982,-0.376993,-0.005876,-0.024330,-0.000912,0.028462,0.024551,-0.146721,-1.389472,1.136791,1.868603,-0.846808,-1.492097,0.416311,-0.321914,-0.219566,0.320203,-2.698673,0.117016,2.466823,1.060527
11.689556,-0.000000,0.000000,0.000000,0.000000,-0.000000,-0.000000,1.000000,0.396277,-0.006193,0.150731,0.982455,-0.186274,-0.008845,-0.002319,0.396766,-0.005733,0.150353,0.982326,-0.186938,-0.009472,-0.000412,3.138859,0.018765,-0.376130,0.007590,0.014515,0.000348,-0.026772,-0.032663,0.116721,-1.770071,-0.951641,0.017237,-0.207660,-0.895673,-0.408238,-0.322074,-0.219339,0.320405,-2.698207,0.116773,2.467828,1.059928
11.737980,-0.000000,0.000000,0.000000,0.000000,-0.000000,-0.000000,1.000000,0.396277,-0.006193,0.150731,0.982455,-0.186274,-0.008845,-0.002319,0.396972,-0.006030,0.150477,0.982147,-0.187889,-0.009191,-0.000651,3.139418,0.018300,-0.378062,0.007645,-0.018457,0.007621,0.038232,-0.027988,-0.150497,-2.432642,1.341293,-0.039748,-0.879986,-1.094624,0.481453,-0.322540,-0.219343,0.319971,-2.697997,0.117286,2.468196,1.060588
11.788764,-0.000000,0.000000,0.000000,0.000000,-0.000000,-0.000000,1.000000,0.396277,-0.006193,0.150731,0.982455,-0.186274,-0.008845,-0.002319,0.396862,-0.005909,0.150396,0.982278,-0.187194,-0.009390,-0.000460,3.138980,0.018620,-0.376651,-0.031413,0.021197,-0.019204,-0.026625,0.166960,0.168563,-1.475690,-1.019456,1.498889,-0.247718,-1.363708,-0.429975,-0.322333,-0.219236,0.320179,-2.698024,0.116757,2.467908,1.059996
11.839745,-0.000000,0.000000,0.000000,0.000000,-0.000000,-0.000000,1.000000,0.396277,-0.006193,0.150731,0.982455,-0.186274,-0.008845,-0.002319,0.396909,-0.006143,0.150442,0.982143,-0.187915,-0.009113,-0.000576,3.139299,0.018119,-0.378115,-0.015322,-0.026019,-0.004401,0.032106,0.061517,-0.172496,-1.017500,-0.218940,1.757991,-0.423366,-1.299600,-0.127937,-0.322635,-0.219506,0.319875,-2.698323,0.117092,2.468499,1.060580
11.890747,-0.000000,0.000000,0.000000,0.000000,-0.000000,-0.000000,1.000000,0.396277,-0.006193,0.150731,0.982455,-0.186274,-0.008845,-0.002319,0.397228,-0.006022,0.150600,0.982227,-0.187502,-0.008565,-0.000567,3.139494,0.017039,-0.377269,0.004876,0.020012,-0.001017,-0.026660,-0.022438,0.138213,-2.284512,-0.264251,0.288115,-0.424664,-1.153888,-0.165133,-0.322437,-0.219564,0.320087,-2.698140,0.116976,2.469362,1.060245
11.939903,-0.000000,0.000000,0.000000,0.000000,-0.000000,-0.000000,1.000000,0.396277,-0.006193,0.150731,0.982455,-0.186274,-0.008845,-0.002319,0.397289,-0.006214,0.150635,0.982096,-0.188188,-0.008462,-0.000706,3.139795,0.016887,-0.378663,0.005654,-0.021296,0.005507,0.034252,-0.022877,-0.156686,-2.044238,0.933801,-0.007195,-0.754387,-0.949744,0.297256,-0.322698,-0.219577,0.319772,-2.698121,0.117292,2.469546,1.060826
11.989864,-0.000000,0.000000,-0.436981,0.000000,-0.000000,-0.000000,1.000000,0.396277,-0.006193,0.148983,0.982455,-0.186274,-0.008845,-0.002319,0.397070,-0.006045,0.150472,0.982231,-0.187462,-0.008909,-0.000520,3.139274,0.017697,-0.377190,-0.026940,0.021501,-0.014822,-0.031717,0.134449,0.171244,-1.641171,-0.751392,1.615487,-0.311860,-1.476472,-0.337275,-0.322437,-0.219318,0.319991,-2.698136,0.116799,2.468900,1.060210
12.040887,-0.000000,0.000000,-0.999969,0.000000,-0.000000,-0.000000,1.000000,0.396277,-0.006193,0.144983,0.982455,-0.186274,-0.008845,-0.002319,0.397081,-0.006236,0.150406,0.982103,-0.188141,-0.008691,-0.000669,3.139635,0.017324,-0.378570,-0.010667,-0.025960,-0.004610,0.037029,0.025651,-0.184528,-1.163443,0.213594,2.238131,-0.527852,-1.537601,0.030435,-0.322679,-0.219344,0.319711,-2.698535,0.117191,2.469716,1.060741
12.090740,-0.000000,0.000000,-0.999969,0.000000,-0.000000,-0.000000,1.000000,0.396277,-0.006193,0.140983,0.982455,-0.186274,-0.008845,-0.002319,0.397240,-0.006090,0.150130,0.982193,-0.187697,-0.008176,-0.000678,3.139856,0.016317,-0.377662,0.014455,0.021673,-0.006459,-0.030233,-0.087530,0.142872,-2.174501,0.361267,-0.429838,-0.596467,-0.900371,0.084785,-0.322484,-0.218723,0.320038,-2.699105,0.117059,2.471932,1.060410
12.141618,-0.000000,0.000000,-0.999969,0.000000,-0.000000,-0.000000,1.000000,0.396277,-0.006193,0.136983,0.982455,-0.186274,-0.008845,-0.002319,0.396954,-0.006145,0.149190,0.982087,-0.188224,-0.008753,-0.000918,3.140101,0.017538,-0.378736,-0.010996,-0.019620,-0.022373,0.039702,0.045695,-0.140960,-2.097689,0.654714,-0.842713,-0.689360,-0.768132,0.186008,-0.322763,-0.216504,0.319941,-2.699748,0.117275,2.473626,1.060894
12.191008,-0.000000,0.000000,-0.999969,0.000000,-0.000000,-0.000000,1.000000,0.396277,-0.006193,0.132983,0.982455,-0.186274,-0.008845,-0.002319,0.396351,-0.006031,0.147528,0.982200,-0.187587,-0.009659,-0.000916,3.139767,0.019318,-0.377446,-0.037474,0.001918,-0.053992,-0.002348,0.160935,0.081786,-0.800354,-0.568430,0.839732,-0.299946,-1.265353,-0.276627,-0.322739,-0.212941,0.320150,-2.701263,0.116545,2.476810,1.060296
12.240795,-0.000000,0.000000,-0.999969,0.000000,-0.000000,-0.000000,1.000000,0.396277,-0.006193,0.128984,0.982455,-0.186274,-0.008845,-0.002319,0.395989,-0.006197,0.145300,0.982065,-0.188276,-0.009864,-0.001470,3.140765,0.019929,-0.378841,-0.009177,-0.005409,-0.049254,0.029571,0.012863,-0.034189,-0.670939,2.379483,0.092825,-1.217121,-0.935260,0.881626,-0.323105,-0.207882,0.319826,-2.703671,0.116858,2.483810,1.060591
12.292718,-0.000000,0.000000,-0.999969,0.000000,-0.000000,-0.000000,1.000000,0.396277,-0.006193,0.124984,0.982455,-0.186274,-0.008845,-0.002319,0.395966,-0.005981,0.142777,0.982181,-0.187668,-0.009903,-0.001873,3.141555,0.020158,-0.377595,0.019146,-0.005588,-0.040987,-0.001080,-0.120564,-0.003819,-2.541261,-0.718084,-1.114299,-0.304036,-0.977368,-0.329528,-0.323025,-0.201136,0.320101,-2.705437,0.116121,2.492149,1.060148
12.342078,-0.000000,0.000000,-0.999969,0.000000,-0.000000,-0.000000,1.000000,0.396277,-0.006193,0.120984,0.982455,-0.186274,-0.008845,-0.002319,0.396022,-0.006082,0.139920,0.982087,-0.188126,-0.010370,-0.002652,-3.140284,0.021367,-0.378516,0.019419,0.001335,-0.050329,0.004134,-0.093089,0.072694,-3.822677,3.041827,-1.092261,-1.371537,-1.300707,1.126122,-0.323595,-0.192721,0.319761,-2.706477,0.115818,2.500582,1.060323
12.391663,-0.000000,0.000000,-0.999969,0.000000,-0.000000,-0.000000,1.000000,0.396277,-0.006193,0.116984,0.982455,-0.186274,-0.008845,-0.002319,0.396054,-0.006087,0.136787,0.982121,-0.187925,-0.010529,-0.003293,-3.139081,0.021921,-0.378095,0.034839,-0.008360,-0.045261,0.024907,-0.187970,-0.084259,-2.528829,0.164135,-3.272368,-0.516869,-0.059403,0.022115,-0.323986,-0.183835,0.319669,-2.708150,0.114953,2.510698,1.059976
12.441900,-0.000000,0.000000,-0.783447,0.000000,-0.000000,-0.000000,1.000000,0.396277,-0.006193,0.113850,0.982455,-0.186274,-0.008845,-0.002319,0.395952,-0.005998,0.133595,0.982127,-0.187852,-0.011056,-0.004009,-3.137871,0.023225,-0.377933,0.026885,0.009831,-0.044671,-0.007395,-0.157597,0.075901,-1.831489,-0.035317,-6.053638,-0.538312,1.030023,-0.052386,-0.324365,-0.174723,0.319636,-2.709594,0.114339,2.520089,1.059768
12.491778,-0.000000,0.000000,-0.578720,0.000000,-0.000000,-0.000000,1.000000,0.396277,-0.006193,0.111535,0.982455,-0.186274,-0.008845,-0.002319,0.395717,-0.005874,0.130659,0.982079,-0.188072,-0.011295,-0.004694,-3.136621,0.023954,-0.378367,0.029578,0.008757,-0.041738,-0.001702,-0.186945,0.025872,-1.429589,-0.298273,-8.606697,-0.525634,2.081614,-0.154702,-0.324570,-0.166920,0.319645,-2.711688,0.114155,2.529423,1.059978
12.541800,-0.000000,0.000000,-0.070847,0.000000,-0.000000,-0.000000,1.000000,0.396277,-0.006193,0.111252,0.982455,-0.186274,-0.008845,-0.002319,0.395555,-0.005787,0.127758,0.982059,-0.188159,-0.011267,-0.005361,-3.135301,0.024149,-0.378528,0.027398,0.005920,-0.044467,0.001134,-0.185448,0.014648,-1.994875,-0.058781,-7.841015,-0.550012,1.726646,-0.059010,-0.324740,-0.159161,0.319574,-2.713888,0.113834,2.539345,1.059968
12.591747,-0.000000,0.000000,0.000000,0.000000,-0.000000,-0.000000,1.000000,0.396277,-0.006193,0.111252,0.982455,-0.186274,-0.008845,-0.002319,0.395110,-0.005719,0.124756,0.982038,-0.188243,-0.011448,-0.005956,-3.134202,0.024730,-0.378686,0.004963,0.004603,-0.055760,-0.001230,-0.107489,0.024812,-2.846585,0.053504,-6.182338,-0.604318,0.890073,-0.029535,-0.324864,-0.151606,0.319428,-2.716572,0.113457,2.549116,1.059941
12.641830,-0.000000,0.000000,0.000000,0.000000,-0.000000,-0.000000,1.000000,0.396277,-0.006193,0.111252,0.982455,-0.186274,-0.008845,-0.002319,0.394786,-0.005659,0.121995,0.982003,-0.188389,-0.011712,-0.006571,-3.133097,0.025482,-0.378969,-0.013874,0.008434,-0.057340,0.033362,0.057957,0.009780,-3.004022,0.461708,-1.949755,-0.788447,-0.631005,0.139202,-0.325060,-0.144229,0.319237,-2.718560,0.113115,2.557857,1.059938
12.692631,-0.000000,0.000000,0.000000,0.000000,-0.000000,-0.000000,1.000000,0.396277,-0.006193,0.111252,0.982455,-0.186274,-0.008845,-0.002319,0.394783,-0.005672,0.119815,0.981983,-0.188477,-0.011638,-0.007089,-3.132053,0.025531,-0.379136,-0.036146,0.001468,-0.059307,0.050544,0.192098,-0.015431,-0.229311,0.570392,-2.393534,-0.774622,0.496002,0.230609,-0.325321,-0.137883,0.319015,-2.719755,0.112575,2.565461,1.059937
12.742719,-0.000000,0.000000,0.000000,0.000000,-0.000000,-0.000000,1.000000,0.396277,-0.006193,0.111252,0.982455,-0.186274,-0.008845,-0.002319,0.394960,-0.005688,0.118256,0.981977,-0.188505,-0.011429,-0.007503,-3.131163,0.025277,-0.379184,-0.037728,-0.003029,-0.049658,0.039045,0.189014,-0.004046,0.345372,0.373621,-4.467960,-0.776672,1.497474,0.161221,-0.325468,-0.132950,0.318753,-2.720284,0.112050,2.571272,1.059929
12.792712,-0.000000,0.000000,0.000000,0.000000,-0.000000,-0.000000,1.000000,0.396277,-0.006193,0.111252,0.982455,-0.186274,-0.008845,-0.002319,0.395242,-0.005698,0.117076,0.981986,-0.188505,-0.010396,-0.007812,-3.130166,0.023364,-0.379178,0.003757,-0.011160,-0.017570,0.007794,-0.025296,-0.021306,-0.615211,-0.333325,-6.334980,-0.647813,2.002972,-0.129433,-0.325433,-0.129592,0.318662,-2.721633,0.111714,2.577996,1.060008
12.843650,-0.000000,0.000000,0.000000,0.000000,-0.000000,-0.000000,1.000000,0.396277,-0.006193,0.111252,0.982455,-0.186274,-0.008845,-0.002319,0.395274,-0.005587,0.115960,0.982020,-0.188345,-0.009967,-0.008009,-3.129614,0.022595,-0.378850,0.046573,-0.006822,0.005747,-0.017791,-0.237238,-0.028502,-2.181708,-1.446332,-6.842015,-0.377607,1.724371,-0.611167,-0.325319,-0.126550,0.318741,-2.722714,0.111273,2.582927,1.060134
12.893582,-0.000000,0.000000,0.000000,0.000000,-0.000000,-0.000000,1.000000,0.396277,-0.006193,0.111252,0.982455,-0.186274,-0.008845,-0.002319,0.394879,-0.005548,0.114870,0.982045,-0.188171,-0.010713,-0.008063,-3.129784,0.024078,-0.378491,0.003879,0.008874,-0.018204,-0.015711,-0.040850,0.055739,-3.715619,-0.517135,-1.443154,-0.739609,-0.943986,-0.285375,-0.325482,-0.123683,0.318732,-2.723162,0.110592,2.584687,1.060136
12.943673,-0.000000,0.000000,-0.015732,0.000000,-0.000000,-0.000000,1.000000,0.396277,-0.006193,0.111189,0.982455,-0.186274,-0.008845,-0.002319,0.394784,-0.005584,0.114155,0.982044,-0.188161,-0.010895,-0.008136,-3.129710,0.024464,-0.378469,-0.040591,0.010366,-0.034420,0.031088,0.199084,0.009943,0.051038,-0.176700,1.040537,-0.862733,-0.807180,-0.113096,-0.325705,-0.121614,0.318711,-2.723442,0.110096,2.586627,1.060251
12.992891,-0.000000,0.000000,-0.503922,0.000000,-0.000000,-0.000000,1.000000,0.396277,-0.006193,0.109173,0.982455,-0.186274,-0.008845,-0.002319,0.395393,-0.005596,0.113903,0.982095,-0.187941,-0.009981,-0.008219,-3.129198,0.022696,-0.378022,0.003628,-0.010762,-0.004018,0.000460,0.018352,-0.003846,1.755160,-0.751095,-3.732466,-0.662730,1.742282,-0.302216,-0.325713,-0.119968,0.318718,-2.723136,0.109361,2.589760,1.060403
13.042792,-0.000000,0.000000,-0.736191,0.000000,-0.000000,-0.000000,1.000000,0.396277,-0.006193,0.106228,0.982455,-0.186274,-0.008845,-0.002319,0.394996,-0.005529,0.113144,0.982116,-0.187742,-0.011563,-0.008194,-3.129835,0.025791,-0.377612,0.027652,-0.004950,0.002412,-0.011643,-0.136620,-0.021860,-1.043551,-0.922628,-0.907873,-0.697192,-0.416440,-0.453113,-0.325944,-0.117341,0.318641,-2.722084,0.108459,2.588109,1.060516
13.097455,-0.000000,0.000000,-0.681076,0.000000,-0.000000,-0.000000,1.000000,0.396277,-0.006193,0.103504,0.982455,-0.186274,-0.008845,-0.002319,0.395313,-0.005658,0.112402,0.982129,-0.187691,-0.011147,-0.008351,-3.129370,0.025032,-0.377506,-0.040767,0.003631,-0.047417,0.050611,0.224497,-0.015696,0.538849,0.190350,3.019627,-1.073845,-1.459813,0.024515,-0.326486,-0.114575,0.318716,-2.722058,0.107736,2.591628,1.060514
13.144673,-0.000000,0.000000,0.000000,0.000000,-0.000000,-0.000000,1.000000,0.396277,-0.006193,0.103504,0.982455,-0.186274,-0.008845,-0.002319,0.395420,-0.005581,0.111517,0.982196,-0.187355,-0.010893,-0.008434,-3.129102,0.024560,-0.376820,0.058974,-0.004581,0.015711,-0.030748,-0.269396,0.009769,2.709352,-1.329266,-6.332393,-0.660142,2.708196,-0.562473,-0.326505,-0.111807,0.318820,-2.722463,0.106871,2.595248,1.060585
13.194787,-0.000000,0.000000,0.000000,0.000000,-0.000000,-0.000000,1.000000,0.396277,-0.006193,0.103504,0.982455,-0.186274,-0.008845,-0.002319,0.394792,-0.005505,0.109987,0.982233,-0.187073,-0.012228,-0.008501,-3.129463,0.027204,-0.376241,-0.036262,0.016531,-0.047835,0.019191,0.174794,0.069886,-2.202151,-0.193000,2.585462,-1.144155,-2.335370,-0.189681,-0.326848,-0.107671,0.318879,-2.722791,0.105839,2.596948,1.060562
13.243868,-0.000000,0.000000,0.000000,0.000000,-0.000000,-0.000000,1.000000,0.396277,-0.006193,0.103504,0.982455,-0.186274,-0.008845,-0.002319,0.395647,-0.005638,0.109246,0.982308,-0.186763,-0.010816,-0.008587,-3.128758,0.024459,-0.375612,0.013589,-0.016576,-0.017883,-0.001761,-0.039707,-0.020559,3.551132,-1.389204,-6.514103,-0.708921,3.133619,-0.569925,-0.327018,-0.104262,0.318728,-2.722660,0.104131,2.602951,1.061003
13.294781,-0.000000,0.000000,0.000000,0.000000,-0.000000,-0.000000,1.000000,0.396277,-0.006193,0.103504,0.982455,-0.186274,-0.008845,-0.002319,0.394963,-0.005456,0.108786,0.982360,-0.186372,-0.012924,-0.008171,-3.130352,0.028442,-0.374821,0.003374,0.003672,0.010151,-0.013896,-0.020288,-0.012004,3.360226,-1.636530,-8.415888,-0.718240,3.104604,-0.771321,-0.326980,-0.102839,0.318837,-2.721452,0.102423,2.598858,1.061917
13.344855,-0.000000,0.000000,0.000000,0.000000,-0.000000,-0.000000,1.000000,0.396277,-0.006193,0.103504,0.982455,-0.186274,-0.008845,-0.002319,0.396096,-0.005584,0.109154,0.982414,-0.186243,-0.010519,-0.008049,-3.129692,0.023668,-0.374565,0.016788,-0.018650,0.012220,-0.016611,-0.068157,-0.070182,4.103460,-1.974860,-13.090882,-0.499945,5.417934,-0.845302,-0.326994,-0.102952,0.319049,-2.721662,0.101243,2.603734,1.062804
13.394699,-0.000000,0.000000,0.000000,0.000000,-0.000000,-0.000000,1.000000,0.396277,-0.006193,0.103504,0.982455,-0.186274,-0.008845,-0.002319,0.394950,-0.005407,0.108563,0.982496,-0.185767,-0.011566,-0.007630,-3.130894,0.025566,-0.373605,-0.034248,0.016311,-0.011599,-0.012820,0.093499,0.052866,2.256366,-0.991472,-5.476481,-0.950087,1.598246,-0.557915,-0.326788,-0.103335,0.319470,-2.723651,0.100577,2.603191,1.062963
13.444947,-0.000000,0.000000,0.000000,0.000000,-0.000000,-0.000000,1.000000,0.396277,-0.006193,0.103504,0.982455,-0.186274,-0.008845,-0.002319,0.395450,-0.005444,0.108912,0.982535,-0.185665,-0.009896,-0.007415,-3.130693,0.022201,-0.373405,-0.006231,-0.013117,-0.014982,0.002107,0.003612,-0.024765,2.192908,-1.901184,-6.981421,-0.606022,2.883133,-0.855987,-0.326710,-0.104478,0.319841,-2.724635,0.099910,2.606360,1.063708
13.494923,-0.000000,0.000000,0.999969,0.000000,-0.000000,-0.000000,1.000000,0.396277,-0.006193,0.107504,0.982455,-0.186274,-0.008845,-0.002319,0.395343,-0.005433,0.108935,0.982545,-0.185600,-0.010318,-0.007230,-3.131211,0.022962,-0.373276,0.049382,-0.005052,0.027695,-0.029190,-0.251683,-0.023774,0.601408,-1.093435,-10.540590,-0.799643,3.708154,-0.597979,-0.326781,-0.104461,0.319939,-2.724243,0.099286,2.605112,1.064170
13.547062,-0.000000,0.000000,0.999969,0.000000,-0.000000,-0.000000,1.000000,0.396277,-0.006193,0.111504,0.982455,-0.186274,-0.008845,-0.002319,0.395051,-0.005430,0.108700,0.982564,-0.185466,-0.010956,-0.007067,-3.131766,0.024154,-0.373005,-0.059902,0.006986,-0.030967,0.025523,0.293543,0.029123,-0.349547,0.080615,-3.795838,-1.101981,0.496574,-0.154626,-0.326928,-0.103965,0.320037,-2.724162,0.098655,2.604213,1.064402
13.594713,-0.000000,0.000000,0.999969,0.000000,-0.000000,-0.000000,1.000000,0.396277,-0.006193,0.115504,0.982455,-0.186274,-0.008845,-0.002319,0.395904,-0.005520,0.109189,0.982630,-0.185226,-0.008971,-0.006992,-3.131172,0.020223,-0.372523,0.052988,-0.005473,0.033281,-0.049729,-0.253751,0.047847,4.519510,-1.698701,-9.413955,-0.616882,4.393007,-0.747587,-0.326670,-0.104841,0.320008,-2.724534,0.098094,2.607669,1.064584
13.644965,-0.000000,0.000000,0.999969,0.000000,-0.000000,-0.000000,1.000000,0.396277,-0.006193,0.119504,0.982455,-0.186274,-0.008845,-0.002319,0.395146,-0.005430,0.109091,0.982649,-0.185070,-0.010214,-0.006708,-3.132188,0.022557,-0.372209,-0.030880,0.014435,-0.004611,-0.002619,0.146767,0.050054,-1.145934,-0.822535,3.666336,-1.042598,-2.701732,-0.520961,-0.326632,-0.105521,0.320193,-2.724864,0.097840,2.604815,1.064724
13.695644,-0.000000,0.000000,0.999969,0.000000,-0.000000,-0.000000,1.000000,0.396277,-0.006193,0.123504,0.982455,-0.186274,-0.008845,-0.002319,0.396002,-0.005596,0.110242,0.982657,-0.185115,-0.008661,-0.006551,-3.131921,0.019448,-0.372306,0.006455,-0.013516,0.018894,0.000563,0.007962,-0.045970,3.509236,-1.688647,-0.325043,-0.669071,0.574125,-0.770744,-0.326561,-0.108045,0.320166,-2.724291,0.097711,2.604854,1.065001
13.749215,-0.000000,0.000000,0.999969,0.000000,-0.000000,-0.000000,1.000000,0.396277,-0.006193,0.127503,0.982455,-0.186274,-0.008845,-0.002319,0.395478,-0.005559,0.111314,0.982693,-0.184899,-0.009560,-0.006005,-3.133323,0.021011,-0.371876,0.014561,0.002454,0.043315,-0.042746,-0.114560,0.012043,1.904441,-1.783948,3.125597,-0.765842,-1.551172,-0.873737,-0.326272,-0.111959,0.320312,-2.723999,0.097678,2.598871,1.065102
13.800797,-0.000000,0.000000,0.999969,0.000000,-0.000000,-0.000000,1.000000,0.396277,-0.006193,0.131503,0.982455,-0.186274,-0.008845,-0.002319,0.395932,-0.005697,0.113299,0.982709,-0.184880,-0.008460,-0.005481,-3.133947,0.018655,-0.371847,-0.040066,0.000913,0.012710,0.009648,0.222492,-0.003653,1.560300,-0.539877,8.120247,-1.115293,-3.344120,-0.387390,-0.326156,-0.117697,0.320617,-2.723553,0.097842,2.594950,1.065405
13.852183,-0.000000,0.000000,0.999969,0.000000,-0.000000,-0.000000,1.000000,0.396277,-0.006193,0.135503,0.982455,-0.186274,-0.008845,-0.002319,0.395777,-0.005624,0.115687,0.982781,-0.184514,-0.008679,-0.004596,-3.135762,0.018756,-0.371119,0.039255,-0.000658,0.078966,-0.076528,-0.249670,0.020428,5.486411,-2.023214,0.600421,-0.630395,0.628571,-0.965830,-0.325522,-0.125122,0.320956,-2.722610,0.097794,2.586204,1.065793
13.897822,-0.000000,0.000000,0.999969,0.000000,-0.000000,-0.000000,1.000000,0.396277,-0.006193,0.139503,0.982455,-0.186274,-0.008845,-0.002319,0.396105,-0.005679,0.118367,0.982796,-0.184474,-0.008212,-0.003838,-3.137078,0.017558,-0.371050,-0.051316,0.004524,0.018659,0.004594,0.279469,0.011490,0.747199,-0.356482,10.588643,-1.074330,-4.600593,-0.355104,-0.325178,-0.132631,0.321265,-2.721125,0.097938,2.578225,1.066366
13.947837,-0.000000,0.000000,0.999969,0.000000,-0.000000,-0.000000,1.000000,0.396277,-0.006193,0.143503,0.982455,-0.186274,-0.008845,-0.002319,0.396164,-0.005731,0.121494,0.982859,-0.184183,-0.007500,-0.002797,-3.138856,0.015774,-0.370471,0.044809,-0.002175,0.096080,-0.085516,-0.287838,0.004391,6.704239,-2.199658,-0.195684,-0.399714,1.306623,-1.037884,-0.324420,-0.142351,0.321513,-2.720548,0.098037,2.569431,1.066774
13.998795,-0.000000,0.000000,0.999969,0.000000,-0.000000,-0.000000,1.000000,0.396277,-0.006193,0.147503,0.982455,-0.186274,-0.008845,-0.002319,0.396579,-0.005770,0.124755,0.982878,-0.184133,-0.006544,-0.001914,-3.140239,0.013569,-0.370378,-0.038167,0.002760,0.033053,-0.007898,0.201944,0.000402,-0.078672,-0.754168,11.285966,-0.821334,-5.072682,-0.520124,-0.323994,-0.151618,0.321989,-2.719146,0.098375,2.560778,1.067389
14.047827,-0.000000,0.000000,0.999969,0.000000,-0.000000,-0.000000,1.000000,0.396277,-0.006193,0.151503,0.982455,-0.186274,-0.008845,-0.002319,0.396094,-0.005726,0.127939,0.982929,-0.183876,-0.006342,-0.000734,3.140703,0.012738,-0.369870,0.026212,0.001412,0.091662,-0.077288,-0.218477,0.001952,4.792005,-2.096625,2.241358,-0.251774,-0.193841,-1.030433,-0.322983,-0.162399,0.322264,-2.719179,0.098710,2.550515,1.067891
14.103209,-0.000000,0.000000,0.999969,0.000000,-0.000000,-0.000000,1.000000,0.396277,-0.006193,0.155503,0.982455,-0.186274,-0.008845,-0.002319,0.396758,-0.005805,0.131705,0.982938,-0.183883,-0.004494,0.000193,3.139560,0.008763,-0.369883,-0.008815,-0.001431,0.055478,-0.025918,0.071251,-0.002657,0.277768,-1.259284,9.889872,-0.508545,-4.207743,-0.708509,-0.322409,-0.173055,0.322682,-2.717988,0.099178,2.542484,1.068563
14.151807,-0.000000,0.000000,0.999969,0.000000,-0.000000,-0.000000,1.000000,0.396277,-0.006193,0.159502,0.982455,-0.186274,-0.008845,-0.002319,0.396268,-0.005767,0.135271,0.982951,-0.183780,-0.005507,0.001354,3.136906,0.010329,-0.369692,-0.007622,0.007300,0.080687,-0.050494,0.013109,0.023849,1.952375,-0.729786,5.171140,-0.470938,-2.073138,-0.531393,-0.321872,-0.183536,0.322954,-2.715612,0.099524,2.527695,1.068991
14.199641,-0.000000,0.000000,0.999969,0.000000,-0.000000,-0.000000,1.000000,0.396277,-0.006193,0.163502,0.982455,-0.186274,-0.008845,-0.002319,0.397320,-0.006019,0.139560,0.982939,-0.183882,-0.003803,0.002206,3.135858,0.006666,-0.369891,0.003036,-0.008859,0.068254,-0.024463,0.048468,-0.020480,2.092109,-0.697895,5.567829,-0.366473,-1.744963,-0.463441,-0.321767,-0.194059,0.323095,-2.712429,0.099865,2.517523,1.069308
14.248127,-0.000000,0.000000,0.999969,0.000000,-0.000000,-0.000000,1.000000,0.396277,-0.006193,0.167502,0.982455,-0.186274,-0.008845,-0.002319,0.397732,-0.006259,0.144021,0.982910,-0.184030,-0.003361,0.003181,3.134102,0.005437,-0.370193,0.033227,-0.005435,0.104981,-0.060003,-0.153333,-0.003148,0.575406,-0.756466,-0.330503,-0.259954,0.124366,-0.485193,-0.321649,-0.205441,0.323050,-2.708845,0.100428,2.503574,1.069377
14.297855,-0.000000,0.000000,0.999969,0.000000,-0.000000,-0.000000,1.000000,0.396277,-0.006193,0.171502,0.982455,-0.186274,-0.008845,-0.002319,0.397833,-0.006353,0.148210,0.982871,-0.184222,-0.003085,0.004066,3.132463,0.004566,-0.370587,0.032355,0.004455,0.104243,-0.051821,-0.184047,-0.009852,-2.647213,-0.636398,0.597832,-0.272974,-1.263880,-0.448407,-0.321428,-0.216668,0.323193,-2.705971,0.101429,2.490175,1.069422
14.348847,-0.000000,0.000000,0.000000,0.000000,-0.000000,-0.000000,1.000000,0.396277,-0.006193,0.171502,0.982455,-0.186274,-0.008845,-0.002319,0.398089,-0.006629,0.152593,0.982841,-0.184374,-0.002163,0.005055,3.130859,0.002388,-0.370889,0.035812,0.000719,0.106306,-0.059742,-0.207714,-0.004259,-2.805050,0.788257,-0.554692,-0.410515,-0.657542,0.132010,-0.321288,-0.228390,0.323116,-2.703357,0.102001,2.477809,1.069405
14.398772,-0.000000,0.000000,0.000000,0.000000,-0.000000,-0.000000,1.000000,0.396277,-0.006193,0.171502,0.982455,-0.186274,-0.008845,-0.002319,0.398104,-0.006863,0.156592,0.982793,-0.184604,-0.001831,0.005944,3.129232,0.001405,-0.371354,0.023933,-0.004858,0.087228,-0.049282,-0.161613,-0.015673,-3.746640,1.337228,1.803721,-0.456373,-1.729538,0.360794,-0.321192,-0.239020,0.322947,-2.700649,0.102607,2.465250,1.069388
14.448939,-0.000000,0.000000,0.000000,0.000000,-0.000000,-0.000000,1.000000,0.396277,-0.006193,0.171502,0.982455,-0.186274,-0.008845,-0.002319,0.397861,-0.007027,0.159760,0.982734,-0.184897,-0.001331,0.006662,3.128005,0.000152,-0.371944,0.016528,-0.004593,0.067057,-0.034911,-0.133041,-0.024374,-3.400492,1.432729,2.949590,-0.450945,-2.061497,0.408741,-0.321060,-0.248388,0.322936,-2.699564,0.103485,2.455907,1.069384
14.499011,-0.000000,0.000000,0.000000,0.000000,-0.000000,-0.000000,1.000000,0.396277,-0.006193,0.171502,0.982455,-0.186274,-0.008845,-0.002319,0.397580,-0.007093,0.162153,0.982691,-0.185108,-0.000956,0.007201,3.127085,-0.000787,-0.372368,0.008746,-0.003106,0.046925,-0.022320,-0.099264,-0.026441,-3.482610,1.413009,3.584785,-0.434815,-2.372675,0.399883,-0.320864,-0.255712,0.322982,-2.698975,0.104285,2.448832,1.069380
14.548950,-0.000000,0.000000,0.000000,0.000000,-0.000000,-0.000000,1.000000,0.396277,-0.006193,0.171502,0.982455,-0.186274,-0.008845,-0.002319,0.397365,-0.007160,0.163917,0.982636,-0.185389,-0.000262,0.007533,3.126690,-0.002278,-0.372929,0.014826,-0.001814,0.039653,-0.017176,-0.122621,-0.021516,-3.656594,1.526245,3.068747,-0.450856,-2.316524,0.450008,-0.320685,-0.261590,0.323013,-2.699232,0.105200,2.444679,1.069364
14.599535,-0.000000,0.000000,0.000000,0.000000,-0.000000,-0.000000,1.000000,0.396277,-0.006193,0.171502,0.982455,-0.186274,-0.008845,-0.002319,0.397338,-0.007162,0.165335,0.982576,-0.185706,0.000089,0.007640,3.126611,-0.003013,-0.373570,0.021229,-0.003235,0.034551,-0.014075,-0.139489,-0.023468,-3.771931,1.497590,1.914385,-0.395967,-1.933220,0.439779,-0.320584,-0.265629,0.322980,-2.698673,0.106120,2.440864,1.069359
14.649072,-0.000000,0.000000,0.000000,0.000000,-0.000000,-0.000000,1.000000,0.396277,-0.006193,0.171502,0.982455,-0.186274,-0.008845,-0.002319,0.397304,-0.007119,0.166437,0.982516,-0.186019,0.000273,0.007649,3.126662,-0.003383,-0.374203,0.021873,-0.001026,0.028056,-0.011762,-0.141986,-0.017587,-4.232119,1.398228,1.426830,-0.348424,-1.927657,0.403867,-0.320514,-0.268709,0.322992,-2.698132,0.107063,2.437688,1.069349
14.699171,-0.000000,0.000000,0.000000,0.000000,-0.000000,-0.000000,1.000000,0.396277,-0.006193,0.171502,0.982455,-0.186274,-0.008845,-0.002319,0.397201,-0.007109,0.167192,0.982448,-0.186381,0.000389,0.007592,3.126820,-0.003595,-0.374939,0.022885,0.000948,0.023241,-0.009730,-0.154087,-0.016227,-4.268061,1.459747,1.083870,-0.353077,-1.833468,0.431816,-0.320494,-0.271062,0.322946,-2.697994,0.107997,2.435493,1.069327
14.749848,-0.000000,0.000000,0.000000,0.000000,-0.000000,-0.000000,1.000000,0.396277,-0.006193,0.171502,0.982455,-0.186274,-0.008845,-0.002319,0.397137,-0.007052,0.167800,0.982394,-0.186668,0.000276,0.007499,3.126961,-0.003342,-0.375524,0.026438,0.001159,0.021251,-0.006365,-0.153579,-0.014075,-4.135439,1.334982,0.641001,-0.289745,-1.637024,0.399466,-0.320477,-0.272666,0.322923,-2.697490,0.108802,2.433217,1.069303
14.801918,-0.000000,0.000000,0.000000,0.000000,-0.000000,-0.000000,1.000000,0.396277,-0.006193,0.171502,0.982455,-0.186274,-0.008845,-0.002319,0.397096,-0.006985,0.168176,0.982342,-0.186948,-0.000010,0.007346,3.127156,-0.002727,-0.376099,0.024158,0.001932,0.015205,-0.004571,-0.145651,-0.011449,-4.311251,1.316068,0.663921,-0.283225,-1.723939,0.387608,-0.320479,-0.273428,0.322858,-2.696845,0.109513,2.431286,1.069299
14.851604,-0.000000,0.000000,0.000000,0.000000,-0.000000,-0.000000,1.000000,0.396277,-0.006193,0.171502,0.982455,-0.186274,-0.008845,-0.002319,0.397069,-0.006938,0.168401,0.982289,-0.187234,-0.000324,0.007159,3.127406,-0.002045,-0.376687,0.025346,0.002148,0.012516,-0.000901,-0.134565,-0.012198,-4.508702,1.225360,0.517510,-0.237107,-1.744210,0.361004,-0.320486,-0.273731,0.322718,-2.696251,0.110148,2.429801,1.069293
14.901583,-0.000000,0.000000,0.000000,0.000000,-0.000000,-0.000000,1.000000,0.396277,-0.006193,0.171502,0.982455,-0.186274,-0.008845,-0.002319,0.397068,-0.006890,0.168555,0.982245,-0.187470,-0.000666,0.006974,3.127642,-0.001306,-0.377172,0.024978,0.003190,0.011935,-0.001556,-0.135004,-0.008084,-4.315666,1.170907,0.262148,-0.207645,-1.600105,0.345894,-0.320486,-0.273740,0.322566,-2.695591,0.110670,2.428479,1.069274
14.952561,-0.000000,0.000000,0.000000,0.000000,-0.000000,-0.000000,1.000000,0.396277,-0.006193,0.171502,0.982455,-0.186274,-0.008845,-0.002319,0.397036,-0.006854,0.168606,0.982197,-0.187727,-0.001006,0.006773,3.127910,-0.000567,-0.377700,0.023624,0.001048,0.009615,0.000547,-0.142777,-0.016664,-4.271248,1.245899,0.073240,-0.209710,-1.537835,0.381625,-0.320493,-0.273598,0.322401,-2.695124,0.111206,2.427504,1.069256
15.002121,-0.000000,0.000000,0.000000,0.000000,-0.000000,-0.000000,1.000000,0.396277,-0.006193,0.171502,0.982455,-0.186274,-0.008845,-0.002319,0.396850,-0.006845,0.168494,0.982143,-0.188015,-0.001213,0.006594,3.128183,-0.000096,-0.378289,0.022144,0.000218,0.006035,-0.004333,-0.153835,-0.015168,-4.725379,1.217715,0.397391,-0.177951,-1.873679,0.379826,-0.320492,-0.273700,0.322279,-2.695482,0.111842,2.427371,1.069214
15.051843,-0.000000,0.000000,0.000000,0.000000,-0.000000,-0.000000,1.000000,0.396277,-0.006193,0.171502,0.982455,-0.186274,-0.008845,-0.002319,0.396719,-0.006814,0.168447,0.982088,-0.188308,-0.001342,0.006386,3.128544,0.000232,-0.378888,0.025084,0.000147,0.009496,-0.005045,-0.170722,-0.016045,-4.756467,1.183220,0.170194,-0.133154,-1.828822,0.377347,-0.320489,-0.273887,0.322198,-2.695752,0.112580,2.427233,1.069154
15.103919,-0.000000,0.000000,0.000000,0.000000,-0.000000,-0.000000,1.000000,0.396277,-0.006193,0.171502,0.982455,-0.186274,-0.008845,-0.002319,0.396501,-0.006796,0.168357,0.982036,-0.188583,-0.001516,0.006219,3.128807,0.000631,-0.379450,0.023165,-0.001623,0.007736,-0.007516,-0.154896,-0.012810,-5.250938,1.234827,0.649570,-0.130702,-2.241757,0.408672,-0.320501,-0.274185,0.322142,-2.696240,0.113281,2.427106,1.069075
15.153939,-0.000000,0.000000,0.000000,0.000000,-0.000000,-0.000000,1.000000,0.396277,-0.006193,0.171502,0.982455,-0.186274,-0.008845,-0.002319,0.396339,-0.006755,0.168333,0.981992,-0.188816,-0.001853,0.006056,3.128999,0.001352,-0.379929,0.017185,-0.003233,0.006494,-0.004607,-0.120270,-0.018867,-4.629560,1.203483,0.782344,-0.106786,-2.084560,0.402035,-0.320523,-0.274279,0.322078,-2.696228,0.113878,2.426357,1.069010
15.204571,-0.000000,0.000000,0.000000,0.000000,-0.000000,-0.000000,1.000000,0.396277,-0.006193,0.171502,0.982455,-0.186274,-0.008845,-0.002319,0.396408,-0.006699,0.168448,0.981962,-0.188975,-0.002001,0.005876,3.129296,0.001709,-0.380254,0.022247,-0.001111,0.008181,-0.006411,-0.133204,-0.010403,-4.412380,1.125160,0.543374,-0.073556,-1.888587,0.385182,-0.320524,-0.274202,0.322004,-2.695716,0.114344,2.425656,1.068945
15.255855,-0.000000,0.000000,0.000000,0.000000,-0.000000,-0.000000,1.000000,0.396277,-0.006193,0.171502,0.982455,-0.186274,-0.008845,-0.002319,0.396368,-0.006697,0.168419,0.981930,-0.189146,-0.002137,0.005736,3.129518,0.002028,-0.380605,0.019118,-0.003390,0.004611,-0.005928,-0.126609,-0.017336,-4.389733,1.129417,1.136958,-0.081172,-2.103881,0.390694,-0.320536,-0.274115,0.321882,-2.695669,0.114721,2.425441,1.068883
15.304020,-0.000000,0.000000,0.000000,0.000000,-0.000000,-0.000000,1.000000,0.396277,-0.006193,0.171502,0.982455,-0.186274,-0.008845,-0.002319,0.396295,-0.006685,0.168372,0.981900,-0.189304,-0.002301,0.005614,3.129697,0.002393,-0.380928,0.014200,-0.003601,0.003352,-0.006053,-0.107707,-0.016123,-4.744044,1.236856,1.085887,-0.130457,-2.232814,0.427539,-0.320536,-0.274059,0.321791,-2.695687,0.115086,2.425206,1.068838
15.354038,-0.000000,0.000000,0.000000,0.000000,-0.000000,-0.000000,1.000000,0.396277,-0.006193,0.171502,0.982455,-0.186274,-0.008845,-0.002319,0.396129,-0.006669,0.168300,0.981874,-0.189438,-0.002505,0.005537,3.129769,0.002822,-0.381204,0.008795,-0.002177,0.002168,0.003213,-0.075745,-0.023602,-4.235371,1.136680,1.311157,-0.089695,-2.170705,0.390934,-0.320528,-0.274182,0.321746,-2.695930,0.115432,2.424930,1.068793
15.404775,-0.000000,0.000000,0.000000,0.000000,-0.000000,-0.000000,1.000000,0.396277,-0.006193,0.171502,0.982455,-0.186274,-0.008845,-0.002319,0.396055,-0.006657,0.168273,0.981854,-0.189542,-0.002572,0.005463,3.129889,0.002980,-0.381415,0.012113,-0.001260,0.004758,0.007416,-0.075083,-0.026194,-3.657092,1.088438,1.696170,-0.081078,-2.134151,0.381794,-0.320523,-0.274289,0.321715,-2.696084,0.115721,2.424856,1.068749
15.453924,-0.000000,0.000000,-0.444855,0.000000,-0.000000,-0.000000,1.000000,0.396277,-0.006193,0.169723,0.982455,-0.186274,-0.008845,-0.002319,0.395935,-0.006642,0.168227,0.981833,-0.189651,-0.002751,0.005392,3.129961,0.003357,-0.381640,0.005689,-0.000489,0.003008,0.015826,-0.038339,-0.033983,-3.478006,1.130176,2.841016,-0.106143,-2.515723,0.404789,-0.320532,-0.274361,0.321686,-2.696209,0.116017,2.424565,1.068698
15.503210,-0.000000,0.000000,-0.976349,0.000000,-0.000000,-0.000000,1.000000,0.396277,-0.006193,0.165817,0.982455,-0.186274,-0.008845,-0.002319,0.395809,-0.006613,0.168104,0.981821,-0.189712,-0.003024,0.005321,3.129996,0.003919,-0.381768,-0.002917,0.002001,0.000168,0.024574,0.022115,-0.031672,-3.283729,1.121800,3.581003,-0.106310,-2.746560,0.417091,-0.320554,-0.274156,0.321685,-2.696262,0.116246,2.424286,1.068621
15.554872,-0.000000,0.000000,-0.999969,0.000000,-0.000000,-0.000000,1.000000,0.396277,-0.006193,0.161817,0.982455,-0.186274,-0.008845,-0.002319,0.395535,-0.006567,0.167608,0.981811,-0.189755,-0.003543,0.005226,3.129986,0.004974,-0.381863,-0.016749,0.002325,-0.017226,0.030491,0.081610,-0.023107,-1.760587,1.046811,3.881440,-0.102458,-2.324433,0.408086,-0.320566,-0.273218,0.321696,-2.696688,0.116428,2.424608,1.068544
15.604017,-0.000000,0.000000,-0.999969,0.000000,-0.000000,-0.000000,1.000000,0.396277,-0.006193,0.157818,0.982455,-0.186274,-0.008845,-0.002319,0.395242,-0.006504,0.166547,0.981806,-0.189775,-0.004093,0.005039,3.130143,0.006124,-0.381910,-0.023742,-0.000489,-0.032890,0.030015,0.108449,-0.019002,-1.259828,0.808220,3.723414,-0.077163,-2.184599,0.326292,-0.320589,-0.270914,0.321756,-2.697633,0.116527,2.426736,1.068491
15.653845,-0.000000,0.000000,-0.999969,0.000000,-0.000000,-0.000000,1.000000,0.396277,-0.006193,0.153818,0.982455,-0.186274,-0.008845,-0.002319,0.395009,-0.006430,0.165110,0.981798,-0.189812,-0.004608,0.004740,3.130535,0.007248,-0.381989,-0.014967,-0.000205,-0.034369,0.030584,0.072278,-0.019391,-1.198872,0.942074,2.688343,-0.151739,-1.908656,0.381128,-0.320625,-0.267532,0.321810,-2.698794,0.116623,2.430221,1.068449
15.704858,-0.000000,0.000000,-0.999969,0.000000,-0.000000,-0.000000,1.000000,0.396277,-0.006193,0.149818,0.982455,-0.186274,-0.008845,-0.002319,0.394817,-0.006343,0.163258,0.981791,-0.189842,-0.005193,0.004343,3.131092,0.008548,-0.382056,-0.018634,-0.000562,-0.048765,0.038512,0.095244,-0.020568,-1.186673,0.924031,2.279739,-0.191796,-1.841243,0.366432,-0.320742,-0.262889,0.321911,-2.700071,0.116648,2.434931,1.068414
15.753964,-0.000000,0.000000,-0.999969,0.000000,-0.000000,-0.000000,1.000000,0.396277,-0.006193,0.145818,0.982455,-0.186274,-0.008845,-0.002319,0.394775,-0.006210,0.160935,0.981786,-0.189861,-0.005925,0.003759,3.131961,0.010207,-0.382100,-0.014342,-0.000653,-0.055758,0.045382,0.099990,-0.019025,-1.293567,0.920951,2.191517,-0.240342,-1.909318,0.367634,-0.320883,-0.256396,0.321957,-2.701052,0.116600,2.440892,1.068369
15.805062,-0.000000,0.000000,-0.318878,0.000000,-0.000000,-0.000000,1.000000,0.396277,-0.006193,0.144542,0.982455,-0.186274,-0.008845,-0.002319,0.394717,-0.006069,0.158216,0.981769,-0.189926,-0.006925,0.003031,3.133009,0.012445,-0.382237,-0.014511,0.000812,-0.064499,0.050543,0.100691,-0.018014,-1.424502,0.909948,2.336776,-0.250874,-2.031456,0.386822,-0.321086,-0.248598,0.321906,-2.701940,0.116571,2.447521,1.068256
15.854093,-0.000000,0.000000,0.000000,0.000000,-0.000000,-0.000000,1.000000,0.396277,-0.006193,0.144542,0.982455,-0.186274,-0.008845,-0.002319,0.394748,-0.005948,0.155271,0.981753,-0.189987,-0.007806,0.002228,3.134250,0.014481,-0.382364,-0.013913,0.000027,-0.064169,0.053314,0.096357,-0.024576,-1.621462,0.735066,2.671092,-0.231420,-2.219341,0.328176,-0.321316,-0.240001,0.321789,-2.702875,0.116449,2.455223,1.068109
15.904810,-0.000000,0.000000,0.000000,0.000000,-0.000000,-0.000000,1.000000,0.396277,-0.006193,0.144542,0.982455,-0.186274,-0.008845,-0.002319,0.394904,-0.005876,0.152575,0.981745,-0.190015,-0.008324,0.001469,3.135543,0.015786,-0.382416,-0.016462,0.001163,-0.059645,0.046046,0.118875,-0.009388,-1.396892,0.610176,2.487086,-0.241226,-2.054623,0.291480,-0.321598,-0.231991,0.321679,-2.703752,0.116279,2.463011,1.067878
15.956072,-0.000000,0.000000,0.000000,0.000000,-0.000000,-0.000000,1.000000,0.396277,-0.006193,0.144542,0.982455,-0.186274,-0.008845,-0.002319,0.395090,-0.005852,0.150390,0.981722,-0.190117,-0.008813,0.000795,3.136679,0.017002,-0.382620,-0.019459,-0.001366,-0.049590,0.041739,0.124464,-0.015449,-1.279053,0.560546,2.686267,-0.240372,-2.043177,0.283249,-0.321969,-0.225197,0.321543,-2.704129,0.116176,2.469155,1.067657
16.006870,-0.000000,0.000000,0.000000,0.000000,-0.000000,-0.000000,1.000000,0.396277,-0.006193,0.144542,0.982455,-0.186274,-0.008845,-0.002319,0.395629,-0.005876,0.149052,0.981704,-0.190204,-0.008962,0.000206,3.137778,0.017519,-0.382789,-0.016371,-0.006862,-0.024993,0.040841,0.174842,-0.006622,-1.365420,1.042565,-0.096701,-0.351942,-0.893962,0.489668,-0.322368,-0.219890,0.321336,-2.703319,0.116025,2.473327,1.067416
16.059732,-0.000000,0.000000,0.000000,0.000000,-0.000000,-0.000000,1.000000,0.396277,-0.006193,0.144542,0.982455,-0.186274,-0.008845,-0.002319,0.396007,-0.005867,0.148253,0.981714,-0.190139,-0.009239,-0.000181,3.138434,0.018210,-0.382653,-0.039182,-0.003002,-0.044483,0.037167,0.205582,-0.006104,-1.080964,0.314644,0.768738,-0.145120,-0.889950,0.192348,-0.322590,-0.216348,0.321143,-2.702355,0.115872,2.475333,1.067066
16.106081,-0.000000,0.000000,-0.145645,0.000000,-0.000000,-0.000000,1.000000,0.396277,-0.006193,0.143960,0.982455,-0.186274,-0.008845,-0.002319,0.396119,-0.005897,0.147259,0.981715,-0.190135,-0.009191,-0.000498,3.139075,0.018236,-0.382640,-0.041730,-0.001012,-0.043770,0.028562,0.198877,0.000930,-1.983105,0.479814,1.526311,-0.175832,-1.453768,0.263483,-0.322698,-0.213433,0.320981,-2.702852,0.115854,2.478816,1.066771
16.156643,-0.000000,0.000000,-0.905487,0.000000,-0.000000,-0.000000,1.000000,0.396277,-0.006193,0.140338,0.982455,-0.186274,-0.008845,-0.002319,0.396193,-0.005944,0.146409,0.981717,-0.190139,-0.008859,-0.000736,3.139670,0.017674,-0.382639,-0.040918,-0.003021,-0.041166,0.028028,0.187439,-0.007013,-1.356578,0.458108,1.091265,-0.127072,-1.111694,0.270497,-0.322747,-0.211308,0.320872,-2.703808,0.115872,2.482538,1.066537
16.205300,-0.000000,0.000000,-0.999969,0.000000,-0.000000,-0.000000,1.000000,0.396277,-0.006193,0.136338,0.982455,-0.186274,-0.008845,-0.002319,0.396231,-0.005905,0.145489,0.981720,-0.190119,-0.008904,-0.000990,3.140150,0.017860,-0.382596,-0.038714,-0.001565,-0.042896,0.037736,0.209354,-0.008726,-2.017233,0.551643,1.409241,-0.166154,-1.473588,0.296636,-0.322806,-0.208698,0.320865,-2.704296,0.115843,2.485523,1.066417
16.255963,-0.000000,0.000000,-0.999969,0.000000,-0.000000,-0.000000,1.000000,0.396277,-0.006193,0.132338,0.982455,-0.186274,-0.008845,-0.002319,0.396290,-0.005875,0.144283,0.981713,-0.190139,-0.009215,-0.001349,3.140736,0.018606,-0.382631,-0.035176,-0.003879,-0.048221,0.040379,0.190902,-0.018253,-2.023238,0.830115,0.757597,-0.213960,-1.168297,0.414881,-0.322932,-0.204966,0.320736,-2.704490,0.115743,2.488796,1.066267
16.305966,-0.000000,0.000000,-0.728317,0.000000,-0.000000,-0.000000,1.000000,0.396277,-0.006193,0.129425,0.982455,-0.186274,-0.008845,-0.002319,0.396340,-0.005878,0.142604,0.981721,-0.190086,-0.009390,-0.001771,3.141500,0.019111,-0.382517,-0.027084,-0.002937,-0.052879,0.041001,0.163572,-0.009153,-2.934354,0.887661,0.559056,-0.243008,-1.320790,0.446106,-0.323085,-0.200103,0.320561,-2.705239,0.115466,2.494001,1.065993
16.356032,-0.000000,0.000000,-0.122025,0.000000,-0.000000,-0.000000,1.000000,0.396277,-0.006193,0.128937,0.982455,-0.186274,-0.008845,-0.002319,0.396384,-0.005916,0.140391,0.981721,-0.190066,-0.009660,-0.002298,-3.140752,0.019842,-0.382470,-0.020573,-0.003443,-0.059603,0.040708,0.122233,-0.009498,-2.996520,1.137152,-0.479577,-0.314807,-0.929965,0.548117,-0.323320,-0.193669,0.320275,-2.706179,0.114982,2.500752,1.065744
16.407136,-0.000000,0.000000,0.000000,0.000000,-0.000000,-0.000000,1.000000,0.396277,-0.006193,0.128937,0.982455,-0.186274,-0.008845,-0.002319,0.396325,-0.005965,0.137994,0.981719,-0.190057,-0.009905,-0.002849,-3.139764,0.020532,-0.382442,-0.021112,-0.002420,-0.053814,0.040656,0.128059,-0.008952,-3.354001,1.088896,-0.448058,-0.293080,-1.085537,0.535735,-0.323534,-0.187008,0.319942,-2.707548,0.114533,2.508204,1.065429
16.456055,-0.000000,0.000000,0.000000,0.000000,-0.000000,-0.000000,1.000000,0.396277,-0.006193,0.128937,0.982455,-0.186274,-0.008845,-0.002319,0.396367,-0.006005,0.136101,0.981712,-0.190064,-0.010310,-0.003352,-3.138930,0.021519,-0.382450,-0.022493,-0.004659,-0.042921,0.036180,0.138692,-0.012154,-1.586926,1.046877,-2.378256,-0.296761,0.027711,0.533249,-0.323799,-0.181229,0.319612,-2.707984,0.114155,2.513539,1.065106
16.506082,-0.000000,0.000000,0.000000,0.000000,-0.000000,-0.000000,1.000000,0.396277,-0.006193,0.128937,0.982455,-0.186274,-0.008845,-0.002319,0.396343,-0.005995,0.134847,0.981714,-0.190032,-0.010615,-0.003706,-3.138350,0.022252,-0.382377,-0.022811,-0.003301,-0.027894,0.030883,0.143065,-0.010591,-0.383716,0.596919,-4.791391,-0.196017,1.114041,0.366214,-0.323868,-0.177504,0.319365,-2.708359,0.114030,2.516989,1.064785
16.556138,-0.000000,0.000000,0.000000,0.000000,-0.000000,-0.000000,1.000000,0.396277,-0.006193,0.128937,0.982455,-0.186274,-0.008845,-0.002319,0.396377,-0.005985,0.134428,0.981716,-0.189993,-0.010977,-0.003850,-3.138205,0.023018,-0.382298,-0.026622,-0.003949,-0.023629,0.022311,0.144242,-0.003981,0.959304,0.521824,-6.577263,-0.181512,2.175911,0.347776,-0.323914,-0.175866,0.319201,-2.707929,0.113891,2.517453,1.064636
16.606025,-0.000000,0.000000,-0.480286,0.000000,-0.000000,-0.000000,1.000000,0.396277,-0.006193,0.127016,0.982455,-0.186274,-0.008845,-0.002319,0.396080,-0.005956,0.133867,0.981734,-0.189915,-0.010805,-0.003841,-3.138155,0.022677,-0.382137,-0.019021,-0.003125,-0.019313,0.003254,0.053653,-0.001530,0.394776,-0.395647,-6.070076,-0.038701,1.895200,-0.024084,-0.323810,-0.175340,0.319314,-2.709445,0.113889,2.519819,1.064587
16.656998,-0.000000,0.000000,-0.999969,0.000000,-0.000000,-0.000000,1.000000,0.396277,-0.006193,0.123016,0.982455,-0.186274,-0.008845,-0.002319,0.395868,-0.005874,0.133193,0.981769,-0.189762,-0.010261,-0.003845,-3.137937,0.021608,-0.381823,-0.010555,-0.003409,-0.016675,0.004022,0.031398,-0.003748,-1.818158,-0.668643,-4.625041,-0.064433,0.842420,-0.173912,-0.323700,-0.174633,0.319659,-2.711373,0.113889,2.523527,1.064587
16.706917,-0.000000,0.000000,-0.999969,0.000000,-0.000000,-0.000000,1.000000,0.396277,-0.006193,0.119016,0.982455,-0.186274,-0.008845,-0.002319,0.395652,-0.005804,0.132280,0.981788,-0.189678,-0.009918,-0.003944,-3.137610,0.020973,-0.381648,-0.015674,-0.001321,-0.025255,0.012197,0.057914,-0.001564,-2.309176,-0.490236,-4.912626,-0.117324,0.920159,-0.113959,-0.323673,-0.173050,0.319921,-2.713132,0.113890,2.527531,1.064569
16.757795,-0.000000,0.000000,-0.999969,0.000000,-0.000000,-0.000000,1.000000,0.396277,-0.006193,0.115016,0.982455,-0.186274,-0.008845,-0.002319,0.395530,-0.005694,0.130689,0.981796,-0.189632,-0.009858,-0.004291,-3.136906,0.020986,-0.381548,-0.010141,-0.003964,-0.039835,0.022087,0.052060,-0.002934,-3.216085,0.068555,-3.304644,-0.273054,0.104719,0.109779,-0.323719,-0.168976,0.320047,-2.714547,0.113784,2.533098,1.064519
16.807045,-0.000000,0.000000,-0.999969,0.000000,-0.000000,-0.000000,1.000000,0.396277,-0.006193,0.111016,0.982455,-0.186274,-0.008845,-0.002319,0.395336,-0.005635,0.128372,0.981804,-0.189591,-0.009625,-0.004789,-3.135838,0.020716,-0.381455,0.003087,-0.005269,-0.043756,0.014906,-0.031425,0.003001,-3.403596,-0.013264,-3.368226,-0.230735,0.085914,0.104144,-0.323723,-0.163154,0.319942,-2.716847,0.113553,2.541610,1.064321
16.858761,-0.000000,0.000000,-0.999969,0.000000,-0.000000,-0.000000,1.000000,0.396277,-0.006193,0.107016,0.982455,-0.186274,-0.008845,-0.002319,0.395163,-0.005553,0.125564,0.981809,-0.189557,-0.009540,-0.005393,-3.134618,0.020778,-0.381372,0.015402,-0.004476,-0.044324,0.019055,-0.063080,-0.004747,-5.030278,0.032123,-3.448884,-0.276246,-0.247728,0.104675,-0.323801,-0.155630,0.319799,-2.719047,0.113049,2.551404,1.064242
16.907060,-0.000000,0.000000,-0.263763,0.000000,-0.000000,-0.000000,1.000000,0.396277,-0.006193,0.105961,0.982455,-0.186274,-0.008845,-0.002319,0.395063,-0.005497,0.122528,0.981818,-0.189485,-0.009564,-0.006072,-3.133293,0.021083,-0.381213,0.033273,-0.006781,-0.041693,0.015993,-0.156582,-0.023475,-5.215794,-0.125671,-4.546847,-0.237526,0.146892,0.040995,-0.323972,-0.147024,0.319527,-2.720885,0.112306,2.561680,1.064077
16.959953,-0.000000,0.000000,0.000000,0.000000,-0.000000,-0.000000,1.000000,0.396277,-0.006193,0.105961,0.982455,-0.186274,-0.008845,-0.002319,0.395030,-0.005440,0.119323,0.981861,-0.189224,-0.009965,-0.006703,-3.132200,0.022107,-0.380667,0.037879,0.001823,-0.042851,0.006537,-0.179250,0.000427,-6.654160,0.002991,-4.057978,-0.333899,-0.476939,0.057529,-0.324342,-0.137257,0.319283,-2.721871,0.110873,2.571480,1.063972
17.006977,-0.000000,0.000000,0.000000,0.000000,-0.000000,-0.000000,1.000000,0.396277,-0.006193,0.105961,0.982455,-0.186274,-0.008845,-0.002319,0.394847,-0.005422,0.116367,0.981904,-0.188937,-0.010734,-0.007199,-3.131508,0.023802,-0.380072,0.014083,0.007184,-0.049105,-0.005849,-0.105666,0.050919,-5.386716,-0.400070,-3.810314,-0.409973,-0.332545,-0.113172,-0.324750,-0.128213,0.318953,-2.722496,0.109237,2.579451,1.063905
17.057092,-0.000000,0.000000,0.000000,0.000000,-0.000000,-0.000000,1.000000,0.396277,-0.006193,0.105961,0.982455,-0.186274,-0.008845,-0.002319,0.394688,-0.005452,0.113910,0.981919,-0.188804,-0.011411,-0.007621,-3.130931,0.025291,-0.379790,-0.027436,0.007846,-0.059062,0.038764,0.160776,0.021385,-3.074300,0.417450,0.585286,-0.718624,-1.358314,0.229835,-0.325219,-0.120619,0.318651,-2.722914,0.107843,2.585972,1.063941
17.108058,-0.000000,0.000000,0.000000,0.000000,-0.000000,-0.000000,1.000000,0.396277,-0.006193,0.105961,0.982455,-0.186274,-0.008845,-0.002319,0.395057,-0.005493,0.112302,0.981998,-0.188388,-0.011349,-0.007859,-3.130431,0.025254,-0.378936,-0.035483,-0.004754,-0.051859,0.035654,0.216745,0.006082,0.965426,-0.160702,-3.350305,-0.494842,1.347469,0.061765,-0.325495,-0.114746,0.318382,-2.722490,0.106061,2.591417,1.064012
17.157998,-0.000000,0.000000,0.000000,0.000000,-0.000000,-0.000000,1.000000,0.396277,-0.006193,0.105961,0.982455,-0.186274,-0.008845,-0.002319,0.395455,-0.005512,0.111159,0.982078,-0.187985,-0.011045,-0.007957,-3.130113,0.024688,-0.378114,0.040384,-0.009884,0.004741,-0.018318,-0.152875,-0.002011,-0.452742,-1.133610,-6.043246,-0.406557,1.897652,-0.366622,-0.325594,-0.110409,0.318186,-2.722157,0.104340,2.595919,1.064324
17.207994,-0.000000,0.000000,0.000000,0.000000,-0.000000,-0.000000,1.000000,0.396277,-0.006193,0.105961,0.982455,-0.186274,-0.008845,-0.002319,0.394983,-0.005388,0.109912,0.982179,-0.187371,-0.012469,-0.007843,-3.130855,0.027437,-0.376865,0.015205,0.006378,-0.014017,-0.010118,-0.076231,0.032781,-2.873915,-1.327372,-1.500380,-0.552521,-0.756630,-0.534362,-0.325705,-0.106611,0.318181,-2.721718,0.102643,2.596312,1.064417
17.258149,-0.000000,0.000000,0.000000,0.000000,-0.000000,-0.000000,1.000000,0.396277,-0.006193,0.105961,0.982455,-0.186274,-0.008845,-0.002319,0.395360,-0.005506,0.109204,0.982215,-0.187191,-0.012252,-0.007907,-3.130643,0.027032,-0.376496,-0.043311,0.001955,-0.045231,0.051129,0.251625,-0.028010,1.396201,-0.200335,0.166666,-0.768857,-0.075189,-0.031853,-0.326071,-0.103579,0.318052,-2.721132,0.101331,2.599111,1.064666
17.309029,-0.000000,0.000000,0.000000,0.000000,-0.000000,-0.000000,1.000000,0.396277,-0.006193,0.105961,0.982455,-0.186274,-0.008845,-0.002319,0.395596,-0.005345,0.108899,0.982333,-0.186582,-0.012189,-0.007822,-3.130770,0.026868,-0.375259,0.060041,0.003073,0.046560,-0.047053,-0.263701,0.025794,3.064383,-2.421739,-10.567589,-0.061438,4.202085,-0.911671,-0.325932,-0.102045,0.318265,-2.720582,0.100242,2.600168,1.064721
17.358975,-0.000000,0.000000,0.000000,0.000000,-0.000000,-0.000000,1.000000,0.396277,-0.006193,0.105961,0.982455,-0.186274,-0.008845,-0.002319,0.395379,-0.005501,0.108764,0.982352,-0.186473,-0.012408,-0.007674,-3.131139,0.027243,-0.375039,-0.064566,0.010524,-0.047661,0.026374,0.262491,0.050994,-0.653289,0.292891,2.926268,-0.907610,-2.006351,0.136428,-0.326287,-0.102008,0.318281,-2.720904,0.099769,2.600054,1.064554
17.411575,-0.000000,0.000000,0.000000,0.000000,-0.000000,-0.000000,1.000000,0.396277,-0.006193,0.105961,0.982455,-0.186274,-0.008845,-0.002319,0.395168,-0.005377,0.109033,0.982434,-0.186076,-0.012042,-0.007304,-3.131718,0.026382,-0.374241,0.048389,-0.002592,0.032674,-0.038441,-0.264327,-0.018936,3.409848,-1.676433,-9.979125,-0.201302,4.199062,-0.627780,-0.325950,-0.103715,0.318690,-2.721998,0.099243,2.600157,1.064904
17.458117,-0.000000,0.000000,0.000000,0.000000,-0.000000,-0.000000,1.000000,0.396277,-0.006193,0.105961,0.982455,-0.186274,-0.008845,-0.002319,0.395054,-0.005411,0.108637,0.982482,-0.185820,-0.012172,-0.007216,-3.131934,0.026601,-0.373721,-0.052202,0.006717,-0.032433,0.029087,0.261962,0.024969,-1.146504,0.323853,1.588473,-0.821258,-1.636154,0.121427,-0.326250,-0.102683,0.318889,-2.722244,0.098550,2.601131,1.064856
17.508864,-0.000000,0.000000,0.000000,0.000000,-0.000000,-0.000000,1.000000,0.396277,-0.006193,0.105961,0.982455,-0.186274,-0.008845,-0.002319,0.395834,-0.005437,0.109072,0.982583,-0.185374,-0.010774,-0.007096,-3.131638,0.023805,-0.372818,0.054729,-0.004176,0.029277,-0.044022,-0.227194,0.062923,3.188360,-1.401932,-9.555029,-0.294363,4.179517,-0.480478,-0.326110,-0.103089,0.318999,-2.721906,0.097722,2.603160,1.064906
17.559022,-0.000000,0.000000,0.000000,0.000000,-0.000000,-0.000000,1.000000,0.396277,-0.006193,0.105961,0.982455,-0.186274,-0.008845,-0.002319,0.394901,-0.005337,0.108656,0.982619,-0.185069,-0.012749,-0.006817,-3.132912,0.027581,-0.372203,-0.043491,0.013067,-0.019151,0.002537,0.186351,0.061480,0.151406,-0.518236,-2.332071,-0.581483,-0.069246,-0.239285,-0.326226,-0.102615,0.319134,-2.721695,0.097121,2.599425,1.064866
17.609095,-0.000000,0.000000,0.000000,0.000000,-0.000000,-0.000000,1.000000,0.396277,-0.006193,0.105961,0.982455,-0.186274,-0.008845,-0.002319,0.395963,-0.005406,0.109073,0.982690,-0.184843,-0.010280,-0.006849,-3.131930,0.022737,-0.371744,0.046652,-0.009690,0.021182,-0.035046,-0.215213,0.015015,3.828565,-2.530660,-9.061519,0.038248,4.077000,-0.915230,-0.326045,-0.103147,0.319258,-2.722249,0.096703,2.604385,1.065001
17.659894,-0.000000,0.000000,0.000000,0.000000,-0.000000,-0.000000,1.000000,0.396277,-0.006193,0.105961,0.982455,-0.186274,-0.008845,-0.002319,0.394959,-0.005323,0.108791,0.982716,-0.184593,-0.012274,-0.006553,-3.133242,0.026545,-0.371242,-0.045680,0.013179,-0.016108,0.005668,0.222971,0.065020,0.173161,-0.335987,-2.383677,-0.607804,-0.068201,-0.173773,-0.326152,-0.103263,0.319390,-2.722182,0.096342,2.600179,1.064873
17.709714,-0.000000,0.000000,0.000000,0.000000,-0.000000,-0.000000,1.000000,0.396277,-0.006193,0.105961,0.982455,-0.186274,-0.008845,-0.002319,0.395870,-0.005416,0.108993,0.982740,-0.184564,-0.010680,-0.006679,-3.132405,0.023458,-0.371178,0.005558,-0.011893,0.006208,-0.001440,0.023528,-0.009439,3.706970,-1.848073,-8.236579,-0.053986,3.626157,-0.651077,-0.326176,-0.102786,0.319344,-2.721878,0.095970,2.603537,1.065042
17.759821,-0.000000,0.000000,0.000000,0.000000,-0.000000,-0.000000,1.000000,0.396277,-0.006193,0.105961,0.982455,-0.186274,-0.008845,-0.002319,0.395279,-0.005348,0.108708,0.982740,-0.184443,-0.012618,-0.006567,-3.133337,0.027227,-0.370937,0.019722,-0.001333,0.011057,-0.003128,-0.076555,-0.035660,1.669894,-0.958717,-3.043468,-0.402784,0.860524,-0.394468,-0.326323,-0.101820,0.319256,-2.720652,0.095580,2.599366,1.064984
17.809819,-0.000000,0.000000,0.000000,0.000000,-0.000000,-0.000000,1.000000,0.396277,-0.006193,0.105961,0.982455,-0.186274,-0.008845,-0.002319,0.395887,-0.005506,0.108980,0.982730,-0.184516,-0.012337,-0.006642,-3.133088,0.026702,-0.371083,-0.042674,-0.002940,-0.027721,0.043296,0.239941,-0.029707,3.152669,0.121560,-3.659764,-0.564786,1.517210,0.100050,-0.326626,-0.101231,0.319047,-2.719132,0.095202,2.598988,1.065009
17.859851,-0.000000,0.000000,0.000000,0.000000,-0.000000,-0.000000,1.000000,0.396277,-0.006193,0.105961,0.982455,-0.186274,-0.008845,-0.002319,0.395398,-0.005329,0.108698,0.982782,-0.184192,-0.013018,-0.006509,-3.133592,0.027990,-0.370428,0.029116,0.011416,0.028131,-0.029530,-0.154593,0.012600,4.719453,-2.056711,-7.846921,-0.116382,3.459758,-0.783106,-0.326323,-0.101104,0.319163,-2.719625,0.094984,2.598225,1.064944
17.910122,-0.000000,0.000000,0.000000,0.000000,-0.000000,-0.000000,1.000000,0.396277,-0.006193,0.105961,0.982455,-0.186274,-0.008845,-0.002319,0.395832,-0.005522,0.108838,0.982767,-0.184363,-0.011653,-0.006551,-3.133010,0.025323,-0.370772,-0.015115,-0.009738,-0.029796,0.032627,0.033481,-0.070404,1.108648,-0.573214,-0.709380,-0.522556,0.081336,-0.169957,-0.326547,-0.101536,0.319187,-2.720435,0.094975,2.601337,1.065037
17.960153,-0.000000,0.000000,0.000000,0.000000,-0.000000,-0.000000,1.000000,0.396277,-0.006193,0.105961,0.982455,-0.186274,-0.008845,-0.002319,0.395194,-0.005390,0.108895,0.982810,-0.184090,-0.012479,-0.006224,-3.133950,0.026823,-0.370226,0.027556,-0.004895,0.020331,-0.024735,-0.191099,-0.036327,3.527733,-1.264755,-10.317799,-0.259636,4.110492,-0.493263,-0.326286,-0.102715,0.319395,-2.721007,0.094685,2.599063,1.065202
18.010881,-0.000000,0.000000,0.000000,0.000000,-0.000000,-0.000000,1.000000,0.396277,-0.006193,0.105961,0.982455,-0.186274,-0.008845,-0.002319,0.395502,-0.005424,0.108840,0.982814,-0.184117,-0.011713,-0.006281,-3.133557,0.025338,-0.370278,-0.056051,-0.001891,-0.031113,0.051681,0.304890,-0.046581,0.362384,-0.436296,-4.450426,-0.438647,1.063399,-0.174037,-0.326425,-0.102382,0.319552,-2.721316,0.094554,2.601235,1.065354
18.060064,-0.000000,0.000000,0.000000,0.000000,-0.000000,-0.000000,1.000000,0.396277,-0.006193,0.105961,0.982455,-0.186274,-0.008845,-0.002319,0.395597,-0.005352,0.108854,0.982848,-0.183942,-0.011640,-0.006260,-3.133567,0.025185,-0.369923,0.060955,0.000768,0.036330,-0.026718,-0.268247,-0.038522,2.356754,-1.468425,-8.443627,-0.241036,3.401815,-0.585282,-0.326259,-0.102228,0.319573,-2.721134,0.094351,2.601345,1.065367
18.110940,-0.000000,0.000000,0.000000,0.000000,-0.000000,-0.000000,1.000000,0.396277,-0.006193,0.105961,0.982455,-0.186274,-0.008845,-0.002319,0.395436,-0.005452,0.108663,0.982835,-0.183955,-0.012522,-0.006234,-3.133942,0.026911,-0.369951,-0.074372,0.002968,-0.045064,0.038490,0.343020,0.016378,0.958226,0.538854,0.972659,-0.751682,-1.026858,0.193265,-0.326660,-0.101295,0.319476,-2.720254,0.093976,2.599606,1.065266
18.160975,-0.000000,0.000000,0.153519,0.000000,-0.000000,-0.000000,1.000000,0.396277,-0.006193,0.106575,0.982455,-0.186274,-0.008845,-0.002319,0.395551,-0.005402,0.108943,0.982878,-0.183769,-0.011937,-0.006111,-3.133965,0.025714,-0.369575,0.065371,0.000712,0.034426,-0.043570,-0.340534,0.014318,4.960459,-1.576139,-10.067598,-0.182150,4.622950,-0.597180,-0.326300,-0.102345,0.319497,-2.720729,0.093847,2.600202,1.065358
18.210997,-0.000000,0.000000,0.523605,0.000000,-0.000000,-0.000000,1.000000,0.396277,-0.006193,0.108670,0.982455,-0.186274,-0.008845,-0.002319,0.395188,-0.005448,0.108761,0.982866,-0.183823,-0.012166,-0.006020,-3.134229,0.026131,-0.369688,-0.070764,0.003117,-0.029208,0.024698,0.320095,0.021061,0.541184,0.214553,-1.715155,-0.654627,-0.133484,0.045502,-0.326470,-0.102573,0.319622,-2.721528,0.093833,2.600306,1.065403
18.260891,-0.000000,0.000000,0.999969,0.000000,-0.000000,-0.000000,1.000000,0.396277,-0.006193,0.112670,0.982455,-0.186274,-0.008845,-0.002319,0.395789,-0.005364,0.108993,0.982918,-0.183643,-0.010491,-0.006042,-3.133567,0.022846,-0.369319,0.069923,-0.001148,0.040605,-0.045740,-0.314988,0.019402,2.678389,-1.912191,-9.735632,-0.119947,4.011520,-0.750760,-0.326093,-0.103113,0.319811,-2.722300,0.093716,2.603898,1.065643
18.311167,-0.000000,0.000000,0.999969,0.000000,-0.000000,-0.000000,1.000000,0.396277,-0.006193,0.116669,0.982455,-0.186274,-0.008845,-0.002319,0.395073,-0.005407,0.108740,0.982908,-0.183623,-0.011808,-0.005881,-3.134366,0.025375,-0.369283,-0.040233,0.013998,-0.020527,0.005603,0.176692,0.069662,-2.074610,0.130271,3.668114,-0.815924,-2.789370,-0.029669,-0.326318,-0.103127,0.319798,-2.722444,0.093598,2.601371,1.065482
18.361224,-0.000000,0.000000,0.999969,0.000000,-0.000000,-0.000000,1.000000,0.396277,-0.006193,0.120669,0.982455,-0.186274,-0.008845,-0.002319,0.396024,-0.005479,0.109435,0.982938,-0.183573,-0.009943,-0.005914,-3.133615,0.021721,-0.369178,0.032650,-0.012537,0.028052,-0.015175,-0.104489,-0.015761,1.840960,-1.928793,-2.466353,-0.184073,1.092187,-0.749391,-0.326139,-0.104289,0.319797,-2.722279,0.093545,2.603797,1.065591
18.411921,-0.000000,0.000000,0.999969,0.000000,-0.000000,-0.000000,1.000000,0.396277,-0.006193,0.124669,0.982455,-0.186274,-0.008845,-0.002319,0.395281,-0.005428,0.109906,0.982936,-0.183479,-0.011911,-0.005576,-3.134999,0.025464,-0.368996,-0.035995,0.010764,0.007161,-0.002838,0.166684,0.019885,1.058654,-1.037507,5.316449,-0.530669,-2.811607,-0.492923,-0.326128,-0.106025,0.319799,-2.721186,0.093587,2.597040,1.065481
18.461799,-0.000000,0.000000,0.141708,0.000000,-0.000000,-0.000000,1.000000,0.396277,-0.006193,0.125236,0.982455,-0.186274,-0.008845,-0.002319,0.396321,-0.005604,0.111762,0.982954,-0.183524,-0.009569,-0.005282,-3.134720,0.020753,-0.369091,0.047545,-0.016484,0.053684,-0.028335,-0.215524,-0.052540,4.120349,-2.388505,0.399881,-0.046696,0.365012,-0.936815,-0.325817,-0.110873,0.319871,-2.721042,0.093799,2.596797,1.065790
18.511781,-0.000000,0.000000,0.000000,0.000000,-0.000000,-0.000000,1.000000,0.396277,-0.006193,0.125236,0.982455,-0.186274,-0.008845,-0.002319,0.395484,-0.005524,0.113361,0.982984,-0.183309,-0.010995,-0.004503,-3.136769,0.023270,-0.368673,-0.037400,0.013516,0.029270,-0.024745,0.154582,0.044780,1.637594,-0.749522,7.281643,-0.603507,-3.309029,-0.388542,-0.325340,-0.116733,0.320080,-2.720613,0.093988,2.587698,1.065968
18.563904,-0.000000,0.000000,0.000000,0.000000,-0.000000,-0.000000,1.000000,0.396277,-0.006193,0.125236,0.982455,-0.186274,-0.008845,-0.002319,0.396287,-0.005579,0.115831,0.983021,-0.183221,-0.009200,-0.003912,-3.137271,0.019523,-0.368501,0.019413,-0.010942,0.042957,-0.019757,-0.066412,-0.047626,4.088832,-2.127001,1.903438,-0.120087,-0.028255,-0.868235,-0.324822,-0.123540,0.320388,-2.719978,0.094135,2.583925,1.066547
18.611219,-0.000000,0.000000,0.000000,0.000000,-0.000000,-0.000000,1.000000,0.396277,-0.006193,0.125236,0.982455,-0.186274,-0.008845,-0.002319,0.395474,-0.005514,0.117237,0.983055,-0.182990,-0.010393,-0.003183,-3.139138,0.021601,-0.368050,-0.008219,0.005369,0.034941,-0.034376,-0.018558,0.018380,0.810820,-1.167814,3.987437,-0.380193,-2.001483,-0.587615,-0.324489,-0.128904,0.320701,-2.719862,0.094282,2.576093,1.066649
18.662166,-0.000000,0.000000,0.000000,0.000000,-0.000000,-0.000000,1.000000,0.396277,-0.006193,0.125236,0.982455,-0.186274,-0.008845,-0.002319,0.396026,-0.005587,0.118803,0.983070,-0.182977,-0.009185,-0.002840,-3.139369,0.019099,-0.368024,-0.023750,-0.005561,0.003999,0.016043,0.157327,-0.030775,1.284891,-0.908876,4.617514,-0.411093,-1.772967,-0.439176,-0.324411,-0.133125,0.321030,-2.719396,0.094448,2.573880,1.066917
18.712062,-0.000000,0.000000,0.000000,0.000000,-0.000000,-0.000000,1.000000,0.396277,-0.006193,0.125236,0.982455,-0.186274,-0.008845,-0.002319,0.396001,-0.005555,0.119893,0.983098,-0.182827,-0.009353,-0.002476,-3.140144,0.019296,-0.367725,0.051061,-0.002357,0.052349,-0.048907,-0.261349,0.010279,1.985426,-1.478092,0.154663,-0.175266,0.103880,-0.667630,-0.324183,-0.136261,0.321170,-2.718667,0.094470,2.569706,1.067014
18.762037,-0.000000,0.000000,0.000000,0.000000,-0.000000,-0.000000,1.000000,0.396277,-0.006193,0.125236,0.982455,-0.186274,-0.008845,-0.002319,0.395912,-0.005620,0.120623,0.983078,-0.182893,-0.010119,-0.002268,-3.140835,0.020727,-0.367870,-0.053069,0.002491,-0.021117,0.031453,0.280354,-0.010494,-1.085162,0.225980,9.095306,-0.705399,-4.425463,-0.011781,-0.324468,-0.137943,0.321278,-2.717332,0.094541,2.565180,1.066993
18.812925,-0.000000,0.000000,0.000000,0.000000,-0.000000,-0.000000,1.000000,0.396277,-0.006193,0.125236,0.982455,-0.186274,-0.008845,-0.002319,0.396182,-0.005631,0.121478,0.983119,-0.182730,-0.009073,-0.002020,-3.140936,0.018579,-0.367536,0.048894,-0.003853,0.041562,-0.034688,-0.224056,0.001404,3.790202,-1.980536,-1.799493,-0.072218,1.388963,-0.820651,-0.324129,-0.140667,0.321390,-2.717772,0.094542,2.565011,1.067087
18.862790,-0.000000,0.000000,0.000000,0.000000,-0.000000,-0.000000,1.000000,0.396277,-0.006193,0.125236,0.982455,-0.186274,-0.008845,-0.002319,0.395685,-0.005547,0.121606,0.983115,-0.182702,-0.010095,-0.001833,3.141509,0.020521,-0.367489,-0.003651,0.009397,0.000057,-0.011546,-0.017645,0.031206,-2.646879,-0.870055,5.671958,-0.416128,-3.566931,-0.485658,-0.324141,-0.141493,0.321581,-2.717556,0.094606,2.561928,1.067177
18.912137,-0.000000,0.000000,0.000000,0.000000,-0.000000,-0.000000,1.000000,0.396277,-0.006193,0.125236,0.982455,-0.186274,-0.008845,-0.002319,0.395857,-0.005615,0.121999,0.983104,-0.182776,-0.009803,-0.001770,3.141489,0.019923,-0.367638,-0.044138,-0.001133,-0.023352,0.040709,0.255373,-0.031900,1.547192,-0.882685,4.450551,-0.395088,-1.722082,-0.420669,-0.324278,-0.142434,0.321661,-2.717307,0.094662,2.561338,1.067235
18.963085,-0.000000,0.000000,0.000000,0.000000,-0.000000,-0.000000,1.000000,0.396277,-0.006193,0.125236,0.982455,-0.186274,-0.008845,-0.002319,0.396223,-0.005619,0.122445,0.983114,-0.182756,-0.009162,-0.001745,-3.141510,0.018654,-0.367593,0.052341,-0.007113,0.039890,-0.027777,-0.217527,-0.007127,2.236451,-1.647791,-1.228253,-0.166674,0.732698,-0.711214,-0.324142,-0.143305,0.321656,-2.717008,0.094677,2.561466,1.067325
19.013790,-0.000000,0.000000,0.000000,0.000000,-0.000000,-0.000000,1.000000,0.396277,-0.006193,0.125236,0.982455,-0.186274,-0.008845,-0.002319,0.395651,-0.005576,0.122334,0.983096,-0.182781,-0.010559,-0.001636,3.140949,0.021361,-0.367657,-0.021361,0.010889,-0.013149,0.000082,0.079698,0.037129,-2.393693,-0.392072,6.087317,-0.549013,-3.729126,-0.288707,-0.324254,-0.143278,0.321674,-2.716534,0.094703,2.558218,1.067296
19.062940,-0.000000,0.000000,0.000000,0.000000,-0.000000,-0.000000,1.000000,0.396277,-0.006193,0.125236,0.982455,-0.186274,-0.008845,-0.002319,0.396005,-0.005620,0.122664,0.983094,-0.182827,-0.009875,-0.001642,3.141209,0.020017,-0.367744,-0.031928,-0.001698,-0.019635,0.026970,0.184521,-0.017875,2.524024,-1.138286,2.257064,-0.286555,-0.570616,-0.504518,-0.324285,-0.143891,0.321727,-2.716402,0.094739,2.558856,1.067382
19.112956,-0.000000,0.000000,0.000000,0.000000,-0.000000,-0.000000,1.000000,0.396277,-0.006193,0.125236,0.982455,-0.186274,-0.008845,-0.002319,0.396113,-0.005625,0.122809,0.983087,-0.182882,-0.009549,-0.001644,3.141333,0.019379,-0.367853,0.049259,-0.006682,0.032909,-0.029939,-0.248317,-0.014829,1.169623,-1.787456,-0.780742,-0.086786,0.204729,-0.781465,-0.324170,-0.144314,0.321677,-2.716531,0.094825,2.559220,1.067479
19.164983,-0.000000,0.000000,0.000000,-1.000000,-0.000000,-0.000000,1.000000,0.396277,-0.006193,0.125236,0.982408,-0.186149,-0.011172,0.009962,0.395588,-0.005601,0.122602,0.983063,-0.182949,-0.010687,-0.001574,3.140776,0.021589,-0.368001,-0.026630,0.006477,-0.019286,0.007260,0.116601,0.025659,-2.964140,-0.360129,6.010180,-0.558614,-3.854928,-0.291780,-0.324297,-0.144118,0.321695,-2.716384,0.094872,2.556988,1.067484
19.213888,-0.000000,0.000000,0.000000,-1.000000,-0.000000,-0.000000,1.000000,0.396277,-0.006193,0.125236,0.982206,-0.185995,-0.013498,0.022241,0.396062,-0.005601,0.122964,0.983075,-0.182922,-0.010074,-0.001595,3.141042,0.020393,-0.367940,-0.007242,-0.001479,-0.007174,0.016591,0.099614,-0.004262,2.539838,-1.382270,0.757314,-0.212081,0.146842,-0.595698,-0.324308,-0.144419,0.321773,-2.715753,0.094790,2.557293,1.067593
19.264011,-0.000000,0.000000,0.000000,-1.000000,-0.000000,-0.000000,1.000000,0.396277,-0.006193,0.125236,0.981852,-0.185811,-0.015822,0.034516,0.395931,-0.005631,0.123095,0.983105,-0.182700,-0.011127,-0.001318,3.140117,0.022361,-0.367504,0.039069,-0.003889,0.029126,-0.033509,-0.177685,-0.001824,0.244261,-1.419389,-0.282446,-0.460963,-0.034691,-0.666487,-0.324514,-0.144131,0.321785,-2.714318,0.093828,2.553993,1.067836
19.315080,-0.000000,0.000000,0.000000,-1.000000,-0.000000,-0.000000,1.000000,0.396277,-0.006193,0.125236,0.981343,-0.185599,-0.018143,0.046786,0.395645,-0.005685,0.123153,0.983201,-0.182080,-0.012726,-0.000349,3.137643,0.025153,-0.366283,0.011305,0.003741,0.002495,-0.061463,-0.022458,0.057092,-2.730268,-1.144825,3.437699,-1.027628,-2.247653,-0.637781,-0.324812,-0.143453,0.322110,-2.712346,0.090429,2.549321,1.069558
19.364029,-0.000000,0.000000,0.000000,-1.000000,-0.000000,-0.000000,1.000000,0.396277,-0.006193,0.125236,0.980682,-0.185358,-0.020462,0.059049,0.395599,-0.005759,0.123398,0.983353,-0.181200,-0.013382,0.002036,3.132736,0.025583,-0.364560,0.009742,0.007272,0.006919,-0.132452,-0.016290,0.068257,-0.402985,-2.614503,1.803028,-0.924860,-0.674116,-1.226009,-0.324723,-0.143360,0.323092,-2.710769,0.082207,2.546072,1.075781
19.415981,-0.000000,0.000000,0.000000,-1.000000,-0.000000,-0.000000,1.000000,0.396277,-0.006193,0.125236,0.979867,-0.185088,-0.022777,0.071303,0.395400,-0.005570,0.123548,0.983507,-0.180253,-0.013756,0.005736,3.125344,0.024993,-0.362731,-0.003163,0.012474,0.003730,-0.172079,0.024948,0.077771,-2.298078,-3.948466,2.723746,-0.739776,-1.439185,-1.749114,-0.324259,-0.143544,0.325313,-2.709852,0.069889,2.543465,1.086838
19.464213,-0.000000,0.000000,0.000000,-1.000000,-0.000000,-0.000000,1.000000,0.396277,-0.006193,0.125236,0.978899,-0.184788,-0.025089,0.083545,0.395267,-0.005353,0.123790,0.983632,-0.179334,-0.013921,0.010678,3.115583,0.023559,-0.360982,-0.017722,0.016845,-0.001837,-0.196043,0.120166,0.050182,-2.766293,-4.587784,3.928425,-0.707851,-1.752246,-1.990822,-0.323894,-0.143803,0.328538,-2.708669,0.053536,2.540532,1.102200
19.514949,-0.000000,0.000000,0.000000,-1.000000,-0.000000,-0.000000,1.000000,0.396277,-0.006193,0.125236,0.977779,-0.184460,-0.027397,0.095775,0.395226,-0.005113,0.124116,0.983676,-0.178623,-0.014195,0.016553,3.103939,0.022015,-0.359675,-0.030647,0.017742,-0.011566,-0.234277,0.233800,0.034665,-3.601218,-4.309086,4.602787,-0.883290,-1.986296,-1.883054,-0.323725,-0.143720,0.332572,-2.706630,0.034183,2.536405,1.121079
19.564957,-0.000000,0.000000,0.000000,0.000000,-0.000000,-0.000000,1.000000,0.396277,-0.006193,0.125236,0.977779,-0.184460,-0.027397,0.095775,0.395400,-0.004687,0.124521,0.983762,-0.177341,-0.014640,0.023427,3.090274,0.020497,-0.357231,-0.040365,0.016139,-0.017741,-0.283925,0.297858,0.121400,-4.328759,-5.848172,3.926956,-0.699463,-1.666786,-2.481869,-0.323581,-0.142810,0.337685,-2.703175,0.011565,2.530731,1.142536
19.614707,-0.000000,0.000000,0.000000,0.000000,-0.000000,-0.000000,1.000000,0.396277,-0.006193,0.125236,0.977779,-0.184460,-0.027397,0.095775,0.395472,-0.004339,0.124905,0.983727,-0.176380,-0.015033,0.030746,3.075740,0.018732,-0.355442,-0.035689,0.004372,-0.015378,-0.284302,0.267219,0.053653,-4.827788,-6.039140,2.698873,-0.795464,-1.246171,-2.553602,-0.323486,-0.141933,0.343032,-2.699814,-0.012084,2.524682,1.165597
19.664149,-0.000000,0.000000,0.000000,0.000000,-0.000000,-0.000000,1.000000,0.396277,-0.006193,0.125236,0.977779,-0.184460,-0.027397,0.095775,0.395459,-0.003948,0.125122,0.983568,-0.176010,-0.015486,0.037068,3.063131,0.017415,-0.354835,-0.038895,0.003521,-0.019083,-0.239029,0.251309,0.009300,-4.638398,-5.182686,1.863002,-1.268026,-0.877934,-2.222176,-0.323496,-0.140803,0.348012,-2.696823,-0.032152,2.519151,1.186360
19.714947,-0.000000,0.000000,0.000000,0.000000,-0.000000,-0.000000,1.000000,0.396277,-0.006193,0.125236,0.977779,-0.184460,-0.027397,0.095775,0.395394,-0.003594,0.125274,0.983436,-0.175472,-0.015638,0.042641,3.052105,0.015794,-0.353846,-0.033170,0.002823,-0.015962,-0.222735,0.214597,0.050848,-5.225018,-5.660446,1.236571,-1.308107,-0.824267,-2.390748,-0.323334,-0.139988,0.352367,-2.694663,-0.049679,2.514815,1.204190
19.764974,-0.000000,0.000000,0.000000,0.000000,-0.000000,-0.000000,1.000000,0.396277,-0.006193,0.125236,0.977779,-0.184460,-0.027397,0.095775,0.395417,-0.003233,0.125519,0.983274,-0.175103,-0.015859,0.047530,3.042395,0.014543,-0.353189,0.012625,0.003136,0.013960,-0.180931,0.026346,0.006770,-5.450589,-7.101466,-1.355194,-1.097857,0.230520,-2.965291,-0.322994,-0.139175,0.356129,-2.692213,-0.064790,2.510163,1.219904
19.815889,-0.000000,0.000000,0.000000,0.000000,-0.000000,-0.000000,1.000000,0.396277,-0.006193,0.125236,0.977779,-0.184460,-0.027397,0.095775,0.395420,-0.003029,0.125622,0.983070,-0.175005,-0.016325,0.051775,3.033862,0.013975,-0.353100,0.042792,0.012384,0.023930,-0.131526,-0.121346,-0.091772,-7.032945,-7.388220,-1.217002,-1.074619,-0.177546,-3.089231,-0.322842,-0.137840,0.359213,-2.689668,-0.077917,2.505606,1.233663
19.865923,-0.000000,0.000000,0.000000,0.000000,-0.000000,-0.000000,1.000000,0.396277,-0.006193,0.125236,0.977779,-0.184460,-0.027397,0.095775,0.395324,-0.002897,0.125611,0.982858,-0.174921,-0.017543,0.055544,3.026001,0.015053,-0.353126,0.042533,0.027974,0.019125,-0.091121,-0.148033,-0.076752,-8.225556,-6.461906,-0.149969,-1.281438,-1.071469,-2.708492,-0.322784,-0.135762,0.361804,-2.686405,-0.089218,2.499725,1.245311
19.915858,-0.000000,0.000000,0.000000,0.000000,-0.000000,-0.000000,1.000000,0.396277,-0.006193,0.125236,0.977779,-0.184460,-0.027397,0.095775,0.395194,-0.002897,0.125579,0.982649,-0.174750,-0.019198,0.059115,3.018374,0.017069,-0.353044,0.001028,0.021628,-0.006472,-0.097962,0.074297,0.035584,-6.281929,-5.963418,2.440316,-1.469916,-1.665168,-2.516200,-0.322763,-0.133264,0.363933,-2.682613,-0.099661,2.492907,1.255523
19.966180,-0.000000,0.000000,0.000000,0.000000,-0.000000,-0.000000,1.000000,0.396277,-0.006193,0.125236,0.977779,-0.184460,-0.027397,0.095775,0.395344,-0.002868,0.125614,0.982438,-0.174867,-0.020523,0.061780,3.012645,0.018719,-0.353505,-0.020054,0.000914,-0.013912,-0.112922,0.180343,0.075403,-3.430470,-4.808647,3.324724,-1.725041,-1.257787,-2.084506,-0.322906,-0.130707,0.365687,-2.678773,-0.107516,2.487193,1.263675
20.017228,-0.000000,0.000000,0.000000,0.000000,-0.000000,-0.000000,1.000000,0.396277,-0.006193,0.125236,0.977779,-0.184460,-0.027397,0.095775,0.395523,-0.002910,0.125639,0.982205,-0.175145,-0.021378,0.064352,3.007262,0.019454,-0.354235,-0.038006,-0.008486,-0.020712,-0.130087,0.248482,0.065769,-2.150990,-5.129320,2.365070,-1.741756,-0.610572,-2.212903,-0.322817,-0.128512,0.367034,-2.675630,-0.115344,2.482730,1.271984
20.066133,-0.000000,0.000000,0.000000,0.000000,-0.000000,-0.000000,1.000000,0.396277,-0.006193,0.125236,0.977779,-0.184460,-0.027397,0.095775,0.395834,-0.002760,0.125753,0.981964,-0.175724,-0.021724,0.066306,3.003271,0.019362,-0.355497,-0.032823,-0.018230,-0.018143,-0.108098,0.241747,0.004215,-2.634026,-5.879991,-0.679184,-1.689280,0.495706,-2.494540,-0.322638,-0.126879,0.368417,-2.673051,-0.121298,2.479588,1.279515
20.115357,-0.000000,0.000000,0.000000,0.000000,-0.000000,-0.000000,1.000000,0.396277,-0.006193,0.125236,0.977779,-0.184460,-0.027397,0.095775,0.396203,-0.002557,0.125990,0.981732,-0.176332,-0.022256,0.067929,2.999866,0.019744,-0.356837,0.038745,-0.006234,0.023829,-0.065367,-0.086083,-0.074220,-3.011970,-7.356548,-3.413178,-1.429798,1.588897,-3.102285,-0.322476,-0.125316,0.369715,-2.670051,-0.125896,2.475796,1.285831
20.166005,-0.000000,0.000000,0.161392,0.000000,-0.000000,-0.000000,1.000000,0.396277,-0.006193,0.125882,0.977779,-0.184460,-0.027397,0.095775,0.395863,-0.002554,0.125855,0.981492,-0.176541,-0.024234,0.070135,2.994798,0.022809,-0.357612,0.029853,0.028847,0.009744,-0.039141,-0.102809,-0.038601,-6.248015,-7.229076,-0.136453,-1.431092,-0.812685,-3.004186,-0.322389,-0.123039,0.370956,-2.666905,-0.131306,2.469413,1.291776
20.215923,-0.000000,0.000000,0.999969,0.000000,-0.000000,-0.000000,1.000000,0.396277,-0.006193,0.129881,0.977779,-0.184460,-0.027397,0.095775,0.395818,-0.002723,0.125759,0.981238,-0.176874,-0.025909,0.072228,2.990054,0.025297,-0.358602,-0.038317,-0.005664,-0.025643,-0.069297,0.289433,-0.019764,-4.382272,-4.860106,4.310860,-1.865697,-2.156601,-2.072895,-0.322627,-0.120357,0.371969,-2.663362,-0.136920,2.463651,1.297622
20.266032,-0.000000,0.000000,0.999969,0.000000,-0.000000,-0.000000,1.000000,0.396277,-0.006193,0.133881,0.977779,-0.184460,-0.027397,0.095775,0.396703,-0.002511,0.126178,0.981030,-0.177532,-0.025884,0.073429,2.987677,0.024716,-0.359960,0.035810,-0.011190,0.021958,-0.060115,-0.056549,-0.035387,0.370373,-7.006107,-3.224636,-1.570946,2.329775,-2.987166,-0.322407,-0.118491,0.372900,-2.659702,-0.140844,2.460743,1.303197
20.316913,-0.000000,0.000000,0.999969,0.000000,-0.000000,-0.000000,1.000000,0.396277,-0.006193,0.137881,0.977779,-0.184460,-0.027397,0.095775,0.396389,-0.002598,0.126356,0.980781,-0.178028,-0.027678,0.074886,2.984134,0.027633,-0.361303,0.026702,0.021928,0.022242,-0.017681,-0.123325,-0.009678,-4.202987,-6.323082,3.435582,-1.585705,-2.058048,-2.623382,-0.322426,-0.117401,0.373636,-2.656954,-0.143314,2.454509,1.306607
20.366152,-0.000000,0.000000,0.999969,0.000000,-0.000000,-0.000000,1.000000,0.396277,-0.006193,0.141881,0.977779,-0.184460,-0.027397,0.095775,0.396325,-0.002765,0.126919,0.980541,-0.178645,-0.028505,0.076246,2.981131,0.028663,-0.362731,-0.029412,-0.001809,-0.003606,-0.056357,0.189222,0.007600,-3.823552,-4.805732,10.998328,-1.887653,-4.954842,-2.008033,-0.322501,-0.117736,0.374325,-2.654879,-0.145558,2.449568,1.309942
20.417221,-0.000000,0.000000,0.999969,0.000000,-0.000000,-0.000000,1.000000,0.396277,-0.006193,0.145881,0.977779,-0.184460,-0.027397,0.095775,0.396513,-0.002724,0.127791,0.980326,-0.179328,-0.028570,0.077366,2.978876,0.028273,-0.364159,-0.026574,-0.012184,0.005068,-0.072353,0.175048,-0.001803,-0.389957,-5.670047,11.708507,-1.758767,-4.025468,-2.428663,-0.322245,-0.119074,0.375136,-2.653161,-0.147104,2.445635,1.313271
20.467059,-0.000000,0.000000,0.999969,0.000000,-0.000000,-0.000000,1.000000,0.396277,-0.006193,0.149881,0.977779,-0.184460,-0.027397,0.095775,0.396678,-0.002767,0.128697,0.980153,-0.179819,-0.028650,0.078387,2.976817,0.027975,-0.365196,-0.016843,-0.004600,0.015721,-0.067161,0.105931,0.020196,-2.436173,-4.870076,17.797289,-1.864254,-7.271414,-2.047574,-0.322144,-0.120607,0.375845,-2.651559,-0.148298,2.441736,1.315650
20.517868,-0.000000,0.000000,0.999969,0.000000,-0.000000,-0.000000,1.000000,0.396277,-0.006193,0.153881,0.977779,-0.184460,-0.027397,0.095775,0.397030,-0.002720,0.130313,0.979975,-0.180280,-0.028599,0.079558,2.974513,0.027371,-0.366151,0.000828,0.011140,0.036793,-0.055287,0.032464,0.024297,-1.574337,-6.112885,17.006615,-1.611538,-6.779617,-2.564240,-0.321802,-0.123609,0.376800,-2.649148,-0.148741,2.435846,1.317574
20.566958,-0.000000,0.000000,0.999969,0.000000,-0.000000,-0.000000,1.000000,0.396277,-0.006193,0.157881,0.977779,-0.184460,-0.027397,0.095775,0.397543,-0.002558,0.132467,0.979803,-0.180659,-0.028412,0.080883,2.971957,0.026455,-0.366919,0.021594,0.017320,0.044610,-0.042684,-0.079233,0.039040,-2.157979,-7.458158,16.438135,-1.197571,-6.713953,-3.118470,-0.321315,-0.127654,0.378110,-2.646067,-0.148779,2.428498,1.319297
20.616951,-0.000000,0.000000,0.999969,0.000000,-0.000000,-0.000000,1.000000,0.396277,-0.006193,0.161880,0.977779,-0.184460,-0.027397,0.095775,0.397902,-0.002512,0.134751,0.979615,-0.181066,-0.028168,0.082314,2.969211,0.025383,-0.367736,0.016523,0.003309,0.051526,-0.057063,-0.052777,-0.020183,-2.194256,-7.681726,16.751169,-1.059050,-6.797861,-3.222272,-0.320712,-0.132467,0.379174,-2.643435,-0.148768,2.420951,1.320836
20.667123,-0.000000,0.000000,0.999969,0.000000,-0.000000,-0.000000,1.000000,0.396277,-0.006193,0.165880,0.977779,-0.184460,-0.027397,0.095775,0.398295,-0.002412,0.137759,0.979405,-0.181442,-0.027803,0.084096,2.965823,0.023946,-0.368471,0.016244,0.002045,0.077498,-0.082753,-0.018234,-0.056681,-2.106112,-8.849422,13.836298,-0.768685,-5.531684,-3.718189,-0.319707,-0.139030,0.380388,-2.640284,-0.148452,2.411284,1.322305
20.717103,-0.000000,0.000000,0.999969,0.000000,-0.000000,-0.000000,1.000000,0.396277,-0.006193,0.169880,0.977779,-0.184460,-0.027397,0.095775,0.398810,-0.001968,0.141602,0.979161,-0.181838,-0.027211,0.086248,2.961784,0.021923,-0.369210,0.026893,0.007588,0.093426,-0.097238,-0.067740,-0.035085,-2.470451,-9.893083,9.812607,-0.340535,-3.872467,-4.164411,-0.318088,-0.147367,0.382256,-2.636273,-0.147719,2.399241,1.324389
20.767966,-0.000000,0.000000,0.999969,0.000000,-0.000000,-0.000000,1.000000,0.396277,-0.006193,0.173880,0.977779,-0.184460,-0.027397,0.095775,0.399502,-0.001429,0.146346,0.978900,-0.182076,-0.026604,0.088853,2.956864,0.019730,-0.369626,0.032800,0.011291,0.107207,-0.095790,-0.097247,-0.029639,-6.062085,-11.347625,4.203471,0.365869,-2.521127,-4.719470,-0.316517,-0.157159,0.384816,-2.630810,-0.146828,2.384176,1.326256
20.817066,-0.000000,0.000000,0.999969,0.000000,-0.000000,-0.000000,1.000000,0.396277,-0.006193,0.177880,0.977779,-0.184460,-0.027397,0.095775,0.399598,-0.001630,0.151644,0.978464,-0.182713,-0.026727,0.092254,2.950090,0.018592,-0.371002,0.026679,-0.014633,0.127766,-0.117926,-0.139891,-0.119965,-6.074294,-7.780750,-1.156117,0.318457,-0.649590,-3.306350,-0.315428,-0.168720,0.386751,-2.625246,-0.146418,2.365584,1.327750
20.867326,-0.000000,0.000000,0.999969,0.000000,-0.000000,-0.000000,1.000000,0.396277,-0.006193,0.181880,0.977779,-0.184460,-0.027397,0.095775,0.399134,-0.003242,0.156936,0.977946,-0.183587,-0.026846,0.095904,2.942822,0.017296,-0.372860,0.009295,-0.014398,0.112406,-0.129363,-0.102097,-0.007672,-4.851802,-1.797837,0.887011,-0.161641,-1.492471,-0.799241,-0.315626,-0.181704,0.386828,-2.621516,-0.146911,2.347695,1.327167
20.919212,-0.000000,0.000000,0.999969,0.000000,-0.000000,-0.000000,1.000000,0.396277,-0.006193,0.185880,0.977779,-0.184460,-0.027397,0.095775,0.398609,-0.004686,0.161831,0.977470,-0.184647,-0.026365,0.098804,2.937258,0.015056,-0.374949,-0.002124,-0.014550,0.099003,-0.110691,-0.069596,-0.026736,-3.662520,0.839481,1.903222,-0.510904,-1.594018,0.299645,-0.315685,-0.194633,0.386569,-2.619315,-0.146409,2.332992,1.326203
20.968121,-0.000000,0.000000,0.185013,0.000000,-0.000000,-0.000000,1.000000,0.396277,-0.006193,0.186620,0.977779,-0.184460,-0.027397,0.095775,0.398013,-0.005686,0.166144,0.977094,-0.185387,-0.025546,0.101324,2.932581,0.012355,-0.376304,-0.008431,-0.011966,0.086008,-0.090013,-0.030414,-0.065047,-3.541250,0.790902,4.557960,-0.196813,-2.682830,0.323384,-0.315365,-0.206740,0.386671,-2.618237,-0.145822,2.320976,1.325507
21.018018,-0.000000,0.000000,0.000000,0.000000,-0.000000,-0.000000,1.000000,0.396277,-0.006193,0.186620,0.977779,-0.184460,-0.027397,0.095775,0.397467,-0.006337,0.170286,0.976732,-0.186141,-0.024821,0.103581,2.928389,0.009925,-0.377697,-0.012545,-0.000066,0.081620,-0.093453,0.008922,-0.021728,-2.114467,1.355454,5.069540,-0.261858,-2.355173,0.517325,-0.314659,-0.218067,0.386917,-2.616834,-0.144840,2.309244,1.325125
21.068188,-0.000000,0.000000,0.000000,0.000000,-0.000000,-0.000000,1.000000,0.396277,-0.006193,0.186620,0.977779,-0.184460,-0.027397,0.095775,0.396992,-0.006689,0.173728,0.976447,-0.186801,-0.024232,0.105212,2.925383,0.008015,-0.378916,-0.025861,-0.004903,0.056805,-0.073111,0.078474,-0.040254,-1.926994,1.922414,5.881978,-0.389841,-2.639926,0.758444,-0.313802,-0.227477,0.387069,-2.615641,-0.143407,2.299558,1.324624
21.118125,0.000000,0.000000,0.000000,0.000000,0.000000,0.000000,0.000000,0.396277,-0.006193,0.186620,0.977779,-0.184460,-0.027397,0.095775,0.396608,-0.006869,0.176411,0.976214,-0.187393,-0.023897,0.106393,2.923175,0.006782,-0.380048,-0.023368,-0.000113,0.042549,-0.056930,0.080513,-0.026195,-2.206064,1.773836,5.551358,-0.278607,-2.654851,0.713871,-0.313086,-0.234637,0.387244,-2.614471,-0.142011,2.291722,1.324273
21.169986,0.000000,0.000000,0.000000,0.000000,0.000000,0.000000,0.000000,0.396277,-0.006193,0.186620,0.977779,-0.184460,-0.027397,0.095775,0.396425,-0.006965,0.178377,0.976046,-0.187874,-0.023558,0.107153,2.921799,0.005724,-0.380949,-0.016856,-0.001661,0.031609,-0.038938,0.062960,-0.036247,-1.874382,1.563145,4.823419,-0.170872,-2.293795,0.632822,-0.312547,-0.239682,0.387324,-2.613452,-0.140941,2.286231,1.324078
21.219219,0.000000,0.000000,0.000000,0.000000,0.000000,0.000000,0.000000,0.396277,-0.006193,0.186620,0.977779,-0.184460,-0.027397,0.095775,0.396304,-0.007030,0.179881,0.975913,-0.188259,-0.023350,0.107733,2.920730,0.005012,-0.381685,-0.011940,0.000842,0.024662,-0.029980,0.039166,-0.022647,-2.571075,1.538973,4.674535,-0.128732,-2.538339,0.653411,-0.312042,-0.243371,0.387281,-2.612495,-0.140189,2.281892,1.324008
21.269679,0.000000,0.000000,0.000000,0.000000,0.000000,0.000000,0.000000,0.396277,-0.006193,0.186620,0.977779,-0.184460,-0.027397,0.095775,0.396350,-0.007029,0.181094,0.975805,-0.188602,-0.023301,0.108127,2.919969,0.004689,-0.382371,0.003239,0.002271,0.023864,-0.008395,-0.017355,-0.019768,-2.701598,1.258225,3.711321,-0.030378,-2.214688,0.534633,-0.311685,-0.245735,0.387279,-2.611077,-0.139566,2.278113,1.324022
21.319763,0.000000,0.000000,0.000000,0.000000,0.000000,0.000000,0.000000,0.396277,-0.006193,0.186620,0.977779,-0.184460,-0.027397,0.095775,0.396728,-0.006948,0.182161,0.975728,-0.188932,-0.023256,0.108254,2.919735,0.004478,-0.383028,0.028805,0.007326,0.023568,0.027915,-0.109267,-0.012250,-3.244595,0.913571,1.686368,0.069909,-1.576176,0.405961,-0.311461,-0.246807,0.387252,-2.608847,-0.138964,2.274864,1.324042
21.369103,0.000000,0.000000,0.000000,0.000000,0.000000,0.000000,0.000000,0.396277,-0.006193,0.186620,0.977779,-0.184460,-0.027397,0.095775,0.397094,-0.006893,0.182890,0.975655,-0.189186,-0.023743,0.108364,2.919329,0.005328,-0.383655,0.025119,0.004563,0.016707,0.017880,-0.057574,-0.003877,-3.491179,0.881577,1.080276,0.023177,-1.395311,0.402236,-0.311444,-0.246479,0.387235,-2.606104,-0.138639,2.271395,1.324039
21.419143,0.000000,0.000000,0.000000,0.000000,0.000000,0.000000,0.000000,0.396277,-0.006193,0.186620,0.977779,-0.184460,-0.027397,0.095775,0.397255,-0.006885,0.183259,0.975589,-0.189380,-0.024432,0.108467,2.918858,0.006588,-0.384206,0.005602,0.000117,0.002823,0.000938,0.038601,-0.000529,-3.370637,0.930391,1.509689,-0.013784,-1.558810,0.432091,-0.311489,-0.245766,0.387184,-2.604027,-0.138453,2.268573,1.324024
21.469982,0.000000,0.000000,0.000000,0.000000,0.000000,0.000000,0.000000,0.396277,-0.006193,0.186620,0.977779,-0.184460,-0.027397,0.095775,0.397304,-0.006892,0.183478,0.975528,-0.189561,-0.025068,0.108547,2.918454,0.007757,-0.384719,-0.008950,-0.003807,-0.005037,-0.008018,0.087471,-0.008081,-2.752189,0.987771,1.786879,-0.050345,-1.508136,0.453108,-0.311527,-0.245172,0.387114,-2.602545,-0.138266,2.266354,1.324016
21.519431,0.000000,0.000000,0.000000,0.000000,0.000000,0.000000,0.000000,0.396277,-0.006193,0.186620,0.977779,-0.184460,-0.027397,0.095775,0.397292,-0.006886,0.183657,0.975474,-0.189719,-0.025650,0.108626,2.918072,0.008825,-0.385172,-0.017163,-0.004396,-0.008463,-0.013853,0.132465,-0.012675,-2.867588,1.063008,2.407906,-0.063893,-1.846982,0.495644,-0.311531,-0.244762,0.387078,-2.601380,-0.138042,2.264388,1.324008
21.570077,0.000000,0.000000,0.000000,0.000000,0.000000,0.000000,0.000000,0.396277,-0.006193,0.186620,0.977779,-0.184460,-0.027397,0.095775,0.397353,-0.006850,0.183880,0.975432,-0.189871,-0.026044,0.108644,2.917882,0.009552,-0.385572,-0.015309,-0.004392,-0.009551,-0.009095,0.113689,-0.010642,-2.757406,0.995646,2.147395,-0.047564,-1.726165,0.469848,-0.311497,-0.244484,0.387039,-2.600275,-0.137761,2.262752,1.323998
21.620888,0.000000,0.000000,0.000000,0.000000,0.000000,0.000000,0.000000,0.396277,-0.006193,0.186620,0.977779,-0.184460,-0.027397,0.095775,0.397360,-0.006827,0.184101,0.975384,-0.190041,-0.026432,0.108682,2.917655,0.010255,-0.386006,-0.012904,-0.003171,-0.006402,-0.009775,0.101903,-0.008535,-2.994855,0.968559,1.642365,-0.029809,-1.618345,0.471399,-0.311463,-0.244370,0.387005,-2.599342,-0.137457,2.261137,1.323998
21.670050,0.000000,0.000000,0.000000,0.000000,0.000000,0.000000,0.000000,0.396277,-0.006193,0.186620,0.977779,-0.184460,-0.027397,0.095775,0.397415,-0.006785,0.184330,0.975345,-0.190193,-0.026749,0.108689,2.917516,0.010835,-0.386387,-0.009747,-0.003473,-0.005917,-0.009624,0.070192,-0.000527,-2.994469,0.819621,1.059743,0.016790,-1.383776,0.411323,-0.311424,-0.244231,0.386982,-2.598383,-0.137148,2.259676,1.323991
21.720814,-0.000000,0.000000,0.000000,0.000000,-0.000000,-0.000000,1.000000,0.396277,-0.006193,0.186620,0.977779,-0.184460,-0.027397,0.095775,0.397368,-0.006760,0.184442,0.975305,-0.190329,-0.027149,0.108710,2.917318,0.011577,-0.386755,-0.010399,-0.003197,-0.005267,-0.008857,0.090354,-0.004944,-3.202322,0.881213,1.709755,0.007763,-1.759454,0.446501,-0.311403,-0.244056,0.386967,-2.597716,-0.136856,2.258374,1.323975
21.770802,-0.000000,0.000000,0.000000,0.000000,-0.000000,-0.000000,1.000000,0.396277,-0.006193,0.186620,0.977779,-0.184460,-0.027397,0.095775,0.397424,-0.006729,0.184631,0.975274,-0.190467,-0.027400,0.108683,2.917272,0.012045,-0.387093,-0.009312,-0.004107,-0.005190,-0.007046,0.066459,-0.002204,-2.711217,0.811797,1.112032,0.027356,-1.320494,0.410501,-0.311398,-0.243933,0.386938,-2.596922,-0.136542,2.257219,1.323921
21.820887,-0.000000,0.000000,0.000000,0.000000,-0.000000,-0.000000,1.000000,0.396277,-0.006193,0.186620,0.977779,-0.184460,-0.027397,0.095775,0.397372,-0.006704,0.184738,0.975245,-0.190564,-0.027718,0.108690,2.917133,0.012639,-0.387363,-0.005853,-0.002560,-0.002335,-0.007873,0.061690,0.004114,-3.273154,0.731704,1.094136,0.071010,-1.534953,0.400871,-0.311379,-0.243884,0.386933,-2.596424,-0.136240,2.256147,1.323833
21.870871,-0.000000,0.000000,0.000000,0.000000,-0.000000,-0.000000,1.000000,0.396277,-0.006193,0.186620,0.977779,-0.184460,-0.027397,0.095775,0.397330,-0.006680,0.184832,0.975222,-0.190658,-0.027965,0.108671,2.917072,0.013107,-0.387611,-0.006171,-0.002862,-0.002017,-0.009159,0.049341,0.004823,-2.796717,0.733006,0.847220,0.071306,-1.251946,0.392168,-0.311367,-0.243883,0.386922,-2.596040,-0.135926,2.255296,1.323733
21.921842,-0.000000,0.000000,0.000000,0.000000,-0.000000,-0.000000,1.000000,0.396277,-0.006193,0.186620,0.977779,-0.184460,-0.027397,0.095775,0.397257,-0.006667,0.184874,0.975206,-0.190707,-0.028186,0.108673,2.916980,0.013526,-0.387763,-0.007454,-0.003939,-0.003419,-0.012073,0.059973,0.004580,-3.243797,0.684158,1.035832,0.094580,-1.524392,0.393739,-0.311354,-0.243902,0.386916,-2.595845,-0.135702,2.254659,1.323630
21.971045,-0.000000,0.000000,0.000000,0.000000,-0.000000,-0.000000,1.000000,0.396277,-0.006193,0.186620,0.977779,-0.184460,-0.027397,0.095775,0.397212,-0.006655,0.184897,0.975203,-0.190725,-0.028322,0.108636,2.917000,0.013801,-0.387830,-0.006060,-0.004107,-0.002231,-0.011447,0.047349,0.010980,-2.947248,0.596267,0.699408,0.118843,-1.302876,0.356353,-0.311346,-0.243928,0.386894,-2.595747,-0.135475,2.254307,1.323461
22.020970,0.000000,0.000000,0.000000,0.000000,0.000000,0.000000,0.000000,0.396277,-0.006193,0.186620,0.977779,-0.184460,-0.027397,0.095775,0.397207,-0.006636,0.184949,0.975198,-0.190742,-0.028483,0.108601,2.917006,0.014123,-0.387901,-0.004180,-0.003996,-0.001698,-0.007834,0.050486,0.009275,-3.205000,0.674327,0.808624,0.093711,-1.442259,0.401117,-0.311352,-0.243850,0.386884,-2.595452,-0.135265,2.253804,1.323297
22.072790,0.000000,0.000000,0.000000,0.000000,0.000000,0.000000,0.000000,0.396277,-0.006193,0.186620,0.977779,-0.184460,-0.027397,0.095775,0.397256,-0.006599,0.185005,0.975200,-0.190742,-0.028662,0.108544,2.917050,0.014495,-0.387943,-0.005444,-0.003341,-0.003940,-0.010152,0.051034,0.014771,-2.981601,0.651089,1.000895,0.101277,-1.428253,0.386096,-0.311353,-0.243593,0.386870,-2.594962,-0.135066,2.253249,1.323121
22.122186,0.000000,0.000000,0.000000,0.000000,0.000000,0.000000,0.000000,0.396277,-0.006193,0.186620,0.977779,-0.184460,-0.027397,0.095775,0.397261,-0.006575,0.184955,0.975207,-0.190723,-0.028836,0.108464,2.917139,0.014870,-0.387943,-0.007668,-0.004084,-0.005405,-0.010978,0.069850,0.010683,-3.143815,0.735795,1.284588,0.082205,-1.625756,0.433631,-0.311381,-0.243274,0.386851,-2.594739,-0.134892,2.253045,1.322930
22.171367,0.000000,0.000000,0.000000,0.000000,0.000000,0.000000,0.000000,0.396277,-0.006193,0.186620,0.977779,-0.184460,-0.027397,0.095775,0.397143,-0.006577,0.184866,0.975211,-0.190641,-0.029233,0.108469,2.916975,0.015660,-0.387871,-0.025152,-0.006045,-0.013035,-0.023291,0.146486,0.014711,-2.428797,0.819843,1.974877,0.073950,-1.666135,0.460275,-0.311401,-0.242936,0.386827,-2.594539,-0.134758,2.252415,1.322611
22.221964,0.000000,0.000000,0.000000,0.000000,0.000000,0.000000,0.000000,0.396277,-0.006193,0.186620,0.977779,-0.184460,-0.027397,0.095775,0.397098,-0.006588,0.184824,0.975231,-0.190571,-0.029255,0.108403,2.917097,0.015744,-0.387734,-0.027014,-0.007662,-0.015130,-0.021672,0.138528,0.001939,-2.316213,0.767137,2.002171,0.093837,-1.670884,0.448149,-0.311418,-0.243004,0.386775,-2.594731,-0.134599,2.252569,1.322298
22.271989,0.000000,0.000000,0.000000,0.000000,0.000000,0.000000,0.000000,0.396277,-0.006193,0.186620,0.977779,-0.184460,-0.027397,0.095775,0.397036,-0.006584,0.184781,0.975264,-0.190438,-0.029243,0.108340,2.917229,0.015775,-0.387460,-0.028334,-0.007691,-0.016152,-0.022234,0.138713,0.007362,-2.205527,0.735462,2.049322,0.117334,-1.677794,0.444887,-0.311407,-0.243177,0.386750,-2.595037,-0.134424,2.252814,1.321896
22.323137,0.000000,0.000000,0.000000,0.000000,0.000000,0.000000,0.000000,0.396277,-0.006193,0.186620,0.977779,-0.184460,-0.027397,0.095775,0.396882,-0.006601,0.184684,0.975291,-0.190312,-0.029303,0.108306,2.917275,0.015934,-0.387219,-0.033133,-0.008670,-0.019267,-0.024559,0.164904,0.007069,-2.388301,0.866218,2.755298,0.107436,-2.084419,0.519575,-0.311398,-0.243420,0.386717,-2.595554,-0.134246,2.253048,1.321490
22.374109,0.000000,0.000000,0.000000,0.000000,0.000000,0.000000,0.000000,0.396277,-0.006193,0.186620,0.977779,-0.184460,-0.027397,0.095775,0.396877,-0.006593,0.184736,0.975324,-0.190172,-0.029308,0.108255,2.917376,0.015995,-0.386936,-0.031116,-0.007109,-0.016714,-0.024514,0.165459,0.011315,-2.366066,0.760844,2.516604,0.148432,-1.990055,0.487866,-0.311388,-0.243584,0.386692,-2.595559,-0.134060,2.252961,1.321033
22.423126,0.000000,0.000000,0.000000,0.000000,0.000000,0.000000,0.000000,0.396277,-0.006193,0.186620,0.977779,-0.184460,-0.027397,0.095775,0.396968,-0.006563,0.184831,0.975350,-0.190076,-0.029339,0.108178,2.917517,0.016108,-0.386748,-0.027271,-0.005854,-0.015618,-0.021319,0.159406,0.009322,-2.528684,0.752610,2.326301,0.145537,-1.937901,0.490304,-0.311396,-0.243498,0.386675,-2.595174,-0.133876,2.252669,1.320665
22.475121,0.000000,0.000000,0.000000,0.000000,0.000000,0.000000,0.000000,0.396277,-0.006193,0.186620,0.977779,-0.184460,-0.027397,0.095775,0.396950,-0.006552,0.184769,0.975381,-0.189957,-0.029404,0.108093,2.917662,0.016295,-0.386519,-0.026380,-0.006350,-0.015506,-0.021949,0.141326,0.010958,-2.561805,0.626304,1.924092,0.183166,-1.780242,0.443620,-0.311403,-0.243389,0.386634,-2.595238,-0.133719,2.252791,1.320287
22.524840,0.000000,0.000000,0.000000,0.000000,0.000000,0.000000,0.000000,0.396277,-0.006193,0.186620,0.977779,-0.184460,-0.027397,0.095775,0.396985,-0.006538,0.184734,0.975416,-0.189852,-0.029329,0.107980,2.917916,0.016216,-0.386288,-0.021632,-0.006871,-0.011842,-0.022493,0.113116,0.008929,-2.416758,0.534022,1.376560,0.197157,-1.528740,0.409825,-0.311393,-0.243369,0.386569,-2.595358,-0.133578,2.253168,1.319956
22.573929,-0.000000,0.000000,0.000000,0.000000,-0.000000,-0.000000,1.000000,0.396277,-0.006193,0.186620,0.977779,-0.184460,-0.027397,0.095775,0.397059,-0.006507,0.184757,0.975453,-0.189737,-0.029248,0.107869,2.918167,0.016128,-0.386035,-0.016924,-0.005602,-0.011603,-0.015469,0.095369,0.017873,-2.872906,0.550934,1.476595,0.197991,-1.735308,0.436779,-0.311394,-0.243352,0.386550,-2.595300,-0.133408,2.253375,1.319600
22.624431,-0.000000,0.000000,0.000000,0.000000,-0.000000,-0.000000,1.000000,0.396277,-0.006193,0.186620,0.977779,-0.184460,-0.027397,0.095775,0.397122,-0.006485,0.184775,0.975490,-0.189621,-0.029138,0.107769,2.918411,0.015978,-0.385774,-0.013477,-0.005166,-0.008982,-0.015022,0.084116,0.026311,-3.130663,0.541901,1.372263,0.213533,-1.788363,0.443994,-0.311404,-0.243397,0.386538,-2.595329,-0.133261,2.253665,1.319258
22.675087,-0.000000,0.000000,0.000000,0.000000,-0.000000,-0.000000,1.000000,0.396277,-0.006193,0.186620,0.977779,-0.184460,-0.027397,0.095775,0.397070,-0.006478,0.184767,0.975507,-0.189554,-0.029209,0.107716,2.918489,0.016152,-0.385653,-0.011990,-0.005216,-0.006217,-0.011413,0.071516,0.015422,-3.068395,0.359854,0.725946,0.281373,-1.506930,0.363922,-0.311388,-0.243485,0.386500,-2.595414,-0.133058,2.253588,1.318942
22.724819,-0.000000,0.000000,0.000000,0.000000,-0.000000,-0.000000,1.000000,0.396277,-0.006193,0.186620,0.977779,-0.184460,-0.027397,0.095775,0.396997,-0.006473,0.184766,0.975527,-0.189432,-0.029362,0.107703,2.918456,0.016483,-0.385441,-0.016431,-0.006211,-0.006879,-0.017559,0.095196,0.003748,-2.899805,0.319855,0.997552,0.306609,-1.570767,0.350064,-0.311375,-0.243533,0.386486,-2.595413,-0.132894,2.253287,1.318549
22.775014,0.008825,-0.333029,0.000000,0.000000,-0.000000,-0.000000,1.000000,0.396312,-0.007525,0.186620,0.977779,-0.184460,-0.027397,0.095775,0.397014,-0.006451,0.184769,0.975564,-0.189315,-0.029257,0.107605,2.918692,0.016343,-0.385179,-0.012381,-0.004692,-0.008033,-0.015330,0.067513,0.023069,-3.043343,0.319629,0.938823,0.303868,-1.594537,0.358144,-0.311360,-0.243687,0.386464,-2.595593,-0.132705,2.253615,1.318184
22.824994,0.305240,-0.898107,0.000000,0.000000,-0.000000,-0.000000,1.000000,0.397533,-0.011117,0.186620,0.977779,-0.184460,-0.027397,0.095775,0.397122,-0.006518,0.184873,0.975571,-0.189331,-0.029203,0.107532,2.918859,0.016261,-0.385197,-0.003329,-0.008624,-0.001245,-0.011678,0.047861,0.016411,-3.376544,0.382469,0.925299,0.278988,-1.708888,0.397144,-0.311512,-0.243684,0.386367,-2.595305,-0.132607,2.253516,1.317889
22.875155,0.305240,-0.898107,0.000000,0.000000,-0.000000,-0.000000,1.000000,0.398754,-0.014710,0.186620,0.977779,-0.184460,-0.027397,0.095775,0.397249,-0.006979,0.185009,0.975571,-0.189344,-0.029217,0.107498,2.918920,0.016300,-0.385226,-0.006630,-0.022137,-0.001114,-0.010938,0.065855,0.015238,-3.137670,0.121328,0.907818,0.304748,-1.572200,0.294850,-0.312233,-0.243641,0.385901,-2.594932,-0.132814,2.253341,1.316871
22.925216,0.305240,-0.898107,0.000000,0.000000,-0.000000,-0.000000,1.000000,0.399975,-0.018302,0.186620,0.977779,-0.184460,-0.027397,0.095775,0.397491,-0.008191,0.185148,0.975563,-0.189507,-0.029160,0.107298,2.919335,0.016227,-0.385539,-0.001562,-0.038324,0.000474,-0.003128,0.048532,0.010825,-2.783458,-0.632641,0.281367,0.418103,-1.245555,0.004021,-0.313921,-0.243495,0.384415,-2.594630,-0.133316,2.253793,1.314468
22.975855,0.305240,-0.898107,0.000000,0.000000,-0.000000,-0.000000,1.000000,0.401196,-0.021895,0.186620,0.977779,-0.184460,-0.027397,0.095775,0.397886,-0.010143,0.185382,0.975574,-0.189709,-0.029049,0.106871,2.920218,0.016132,-0.385917,0.005822,-0.049344,0.004801,0.008071,0.033096,0.027383,-2.482892,-0.952987,-0.242900,0.375240,-0.995272,-0.120497,-0.316231,-0.243273,0.381528,-2.594173,-0.134029,2.254611,1.310345
23.024398,0.314503,-0.898107,0.000000,0.000000,-0.000000,-0.000000,1.000000,0.402454,-0.025487,0.186620,0.977779,-0.184460,-0.027397,0.095775,0.398294,-0.012753,0.185581,0.975642,-0.189735,-0.029116,0.106184,2.921548,0.016521,-0.385974,0.000427,-0.060857,-0.000255,0.013317,0.052792,0.049724,-2.003624,-1.587151,-0.006011,0.482259,-1.014386,-0.372710,-0.318995,-0.242829,0.377254,-2.593724,-0.134772,2.255679,1.304123
23.075967,0.351555,-0.898107,0.000000,0.000000,-0.000000,-0.000000,1.000000,0.403860,-0.029080,0.186620,0.977779,-0.184460,-0.027397,0.095775,0.398795,-0.015750,0.185819,0.975701,-0.189995,-0.029089,0.105186,2.923525,0.016795,-0.386479,-0.000991,-0.076339,0.002049,0.033039,0.065373,-0.038918,-1.872601,-1.196423,-0.167542,0.263905,-0.992060,-0.219872,-0.322041,-0.242350,0.372044,-2.593240,-0.135233,2.257189,1.297031
23.127264,0.351555,-0.898107,0.000000,0.000000,0.027351,0.055140,1.000000,0.405267,-0.032672,0.186620,0.977642,-0.185167,-0.027665,0.095730,0.399472,-0.018975,0.186091,0.975797,-0.190155,-0.028940,0.104036,2.925850,0.016913,-0.386750,0.002185,-0.070970,0.000338,0.027165,0.070085,0.040028,-1.562900,-0.174152,-0.682353,-0.171656,-0.692138,0.177421,-0.325197,-0.241528,0.366255,-2.592427,-0.135815,2.259065,1.289201
23.178289,0.351555,-0.898107,0.000000,0.000000,0.138507,0.221874,1.000000,0.406673,-0.036264,0.186620,0.977076,-0.188043,-0.029091,0.095481,0.400239,-0.022226,0.186239,0.975934,-0.190152,-0.028460,0.102887,2.928305,0.016422,-0.386618,0.015568,-0.063088,0.004210,0.013338,-0.002370,0.133226,-1.747301,-2.335290,-1.328021,0.567736,-0.567153,-0.711244,-0.328159,-0.240500,0.360261,-2.591928,-0.136839,2.262056,1.281456
23.227333,0.351555,-0.898107,0.000000,0.000000,0.240400,0.379344,1.000000,0.408079,-0.039857,0.186620,0.976083,-0.192961,-0.031571,0.095038,0.401025,-0.025748,0.186371,0.975991,-0.190593,-0.028129,0.101607,2.930954,0.016177,-0.387419,0.006859,-0.085818,0.005446,0.038352,0.046232,-0.048079,-1.783862,-2.165077,-0.124517,0.521913,-1.115210,-0.647230,-0.332046,-0.239129,0.354401,-2.591062,-0.137521,2.264844,1.273596
23.278281,0.333029,-0.898107,0.000000,0.000000,0.777688,0.592429,1.000000,0.409411,-0.043449,0.186620,0.974281,-0.201100,-0.040340,0.093319,0.401934,-0.029365,0.186598,0.975894,-0.191756,-0.028311,0.100291,2.933460,0.016796,-0.389796,0.003873,-0.082889,0.002004,0.052278,0.078514,-0.129442,-0.337144,0.471100,-0.111986,-0.425733,-0.535657,0.406978,-0.336712,-0.236738,0.348968,-2.588637,-0.137865,2.265996,1.266558
23.327361,0.138507,-0.842529,0.000000,0.000000,0.814740,0.564640,1.000000,0.409965,-0.046819,0.186620,0.972383,-0.208914,-0.049585,0.091479,0.403084,-0.032767,0.186721,0.975910,-0.192262,-0.028762,0.099035,2.935751,0.018058,-0.390899,0.024599,-0.057169,-0.003506,0.033908,0.016593,0.094614,-0.861382,-1.846235,0.497999,0.315440,-0.991632,-0.554557,-0.341048,-0.232957,0.343770,-2.585021,-0.138665,2.266684,1.259125
23.376636,-0.000000,-0.379344,0.000000,0.000000,0.842529,0.444221,1.000000,0.409965,-0.048337,0.186620,0.970637,-0.215265,-0.059302,0.089491,0.404247,-0.036416,0.186865,0.975666,-0.194185,-0.029599,0.097421,2.938564,0.019923,-0.394952,0.051284,-0.083532,0.011958,0.112193,-0.152612,-0.218864,-1.066698,-2.078290,-0.920444,0.493962,-0.361666,-0.702504,-0.345416,-0.228480,0.337666,-2.580479,-0.138669,2.266339,1.253085
23.429370,-0.000000,0.000000,0.000000,0.000000,0.851792,0.416432,1.000000,0.409965,-0.048337,0.186620,0.968822,-0.221258,-0.069155,0.087447,0.404977,-0.039866,0.186742,0.975330,-0.196341,-0.031855,0.095743,2.940918,0.024545,-0.399776,0.051108,-0.058693,0.009436,0.109926,-0.107315,-0.157958,-2.772308,0.675490,-1.064567,-0.407406,-0.752963,0.362605,-0.349304,-0.222818,0.331433,-2.574950,-0.137947,2.263251,1.247249
23.483741,-0.000000,0.000000,0.000000,0.000000,0.842529,0.407133,1.000000,0.409965,-0.048337,0.186620,0.966906,-0.227098,-0.078896,0.085411,0.405686,-0.042554,0.186315,0.975119,-0.197640,-0.034471,0.094306,2.942648,0.029954,-0.402937,0.043664,-0.033846,-0.003277,0.062825,-0.027288,0.053299,-1.388270,-1.876816,-0.621997,0.554896,-0.227238,-0.718660,-0.351845,-0.216128,0.325937,-2.569043,-0.137699,2.259742,1.242105
23.530362,-0.000000,0.000000,0.000000,0.000000,0.851792,0.416432,1.000000,0.409965,-0.048337,0.186620,0.964821,-0.233028,-0.088728,0.083344,0.406083,-0.044677,0.185656,0.974703,-0.199765,-0.037992,0.092765,2.944162,0.037007,-0.407966,0.037437,-0.041561,-0.006160,0.112299,-0.038908,-0.201525,-2.052830,-1.724693,0.617829,0.694649,-0.855238,-0.721195,-0.354049,-0.208731,0.321295,-2.562593,-0.136374,2.254373,1.239001
23.578504,-0.000000,0.000000,0.000000,0.000000,0.972211,0.157033,1.000000,0.409965,-0.048337,0.186620,0.963214,-0.235919,-0.100277,0.080657,0.406321,-0.046030,0.184911,0.974238,-0.201946,-0.041904,0.091222,2.945473,0.044820,-0.413192,0.037708,-0.017044,-0.006877,0.111816,-0.011353,-0.120575,-2.878487,0.462658,0.845017,0.010746,-1.144033,0.113806,-0.355370,-0.201223,0.317593,-2.555980,-0.134323,2.247959,1.237251
23.628531,-0.000000,0.000000,0.000000,0.000000,0.434958,-0.000000,1.000000,0.409965,-0.048337,0.186620,0.962654,-0.236354,-0.105512,0.079373,0.406623,-0.046914,0.184497,0.973721,-0.204003,-0.046226,0.090076,2.945789,0.053296,-0.418279,0.043630,-0.016512,0.005094,0.092247,0.030307,-0.118180,-2.363358,-1.229572,-0.579847,0.722258,-0.275956,-0.600154,-0.356337,-0.193604,0.314974,-2.548007,-0.132464,2.239189,1.236623
23.677367,-0.000000,0.000000,0.000000,0.000000,-0.000000,-0.000000,1.000000,0.409965,-0.048337,0.186620,0.962654,-0.236354,-0.105512,0.079373,0.406692,-0.047405,0.184176,0.973093,-0.206239,-0.051584,0.088846,2.945760,0.063789,-0.423971,0.040641,-0.004613,-0.001510,0.111895,0.014459,-0.118702,-2.524460,-0.572057,0.893873,0.562644,-0.882872,-0.363146,-0.357183,-0.185567,0.312985,-2.538883,-0.129573,2.227602,1.236253
23.728253,-0.000000,0.000000,0.000000,0.000000,-0.000000,-0.000000,1.000000,0.409965,-0.048337,0.186620,0.962654,-0.236354,-0.105512,0.079373,0.406684,-0.047663,0.183676,0.972474,-0.208336,-0.056886,0.087492,2.945941,0.074254,-0.429377,0.040980,-0.002626,-0.001113,0.098212,0.023224,-0.096457,-3.221480,-0.415052,1.479081,0.498967,-1.396003,-0.324047,-0.357789,-0.177539,0.311200,-2.530318,-0.126404,2.216701,1.235952
23.778206,-0.000000,0.000000,0.000000,0.000000,-0.000000,-0.000000,1.000000,0.409965,-0.048337,0.186620,0.962654,-0.236354,-0.105512,0.079373,0.407037,-0.047863,0.183556,0.971863,-0.210404,-0.061521,0.086178,2.946283,0.083412,-0.434587,0.047914,-0.003184,0.010993,0.079360,-0.006617,-0.078978,-2.793917,-0.579776,0.677994,0.561180,-0.898004,-0.393618,-0.358355,-0.170047,0.309626,-2.521375,-0.123390,2.206197,1.235937
23.828355,-0.000000,0.000000,0.000000,0.000000,-0.000000,-0.000000,1.000000,0.409965,-0.048337,0.186620,0.962654,-0.236354,-0.105512,0.079373,0.407168,-0.047999,0.183492,0.971211,-0.212388,-0.066419,0.085021,2.946150,0.093033,-0.439716,0.026710,-0.003438,-0.001693,0.065988,0.046849,-0.071794,-2.075193,-0.609053,1.557155,0.560606,-1.007378,-0.413171,-0.358957,-0.162931,0.308333,-2.512584,-0.120395,2.194911,1.235971
23.878465,-0.000000,0.000000,0.000000,0.000000,-0.360782,-0.000000,1.000000,0.409965,-0.048337,0.186620,0.963121,-0.235994,-0.101170,0.080438,0.407301,-0.048160,0.183353,0.970629,-0.214224,-0.070296,0.083941,2.946301,0.100669,-0.444318,0.034639,-0.002922,-0.001071,0.065622,-0.010939,-0.085365,-2.667052,-0.373546,1.838758,0.448339,-1.379557,-0.336588,-0.359541,-0.157026,0.307135,-2.505619,-0.117805,2.186289,1.236195
23.928445,-0.000000,0.000000,0.000000,0.000000,-0.999964,-0.000000,1.000000,0.409965,-0.048337,0.186620,0.964310,-0.234970,-0.089124,0.083382,0.407757,-0.048350,0.183547,0.970175,-0.215533,-0.073274,0.083287,2.946057,0.106476,-0.447671,0.045380,-0.000034,0.014591,0.050672,-0.065419,-0.065722,-1.326048,-0.324843,0.129165,0.400319,-0.178285,-0.307265,-0.359859,-0.151929,0.306118,-2.498792,-0.116394,2.178638,1.236545
23.978449,-0.000000,0.000000,0.000000,0.000000,-0.999964,-0.000000,1.000000,0.409965,-0.048337,0.186620,0.965348,-0.233910,-0.077064,0.086312,0.408389,-0.048540,0.183910,0.969805,-0.216588,-0.075355,0.083004,2.945514,0.110428,-0.450325,0.045101,-0.000701,0.018708,0.022307,-0.097650,-0.069835,-1.730115,-0.205125,0.399632,0.259217,-0.512823,-0.285140,-0.360078,-0.147775,0.305449,-2.492712,-0.115920,2.172430,1.237434
24.033434,-0.000000,0.000000,0.000000,0.000000,-0.999964,-0.000000,1.000000,0.409965,-0.048337,0.186620,0.966236,-0.232812,-0.064992,0.089229,0.409101,-0.048659,0.184159,0.969517,-0.217663,-0.076082,0.082887,2.945278,0.111675,-0.452699,0.037739,0.001960,0.009085,0.006941,-0.137979,-0.073003,-1.966806,0.108966,0.126654,0.035367,-0.578234,-0.165155,-0.360230,-0.145010,0.305151,-2.488800,-0.115999,2.169626,1.239255
24.080207,-0.000000,0.000000,0.000000,0.000000,-0.999964,-0.000000,1.000000,0.409965,-0.048337,0.186620,0.966973,-0.231679,-0.052909,0.092132,0.409705,-0.048713,0.184419,0.969325,-0.218673,-0.075578,0.082941,2.945298,0.110470,-0.454645,0.040182,0.004654,0.010795,0.001606,-0.187942,-0.084205,-2.458776,0.041599,-0.277399,-0.046969,-0.731844,-0.195541,-0.360217,-0.144274,0.305095,-2.487341,-0.116382,2.169682,1.241559
24.130291,-0.000000,0.000000,0.000000,0.000000,-0.999964,-0.000000,1.000000,0.409965,-0.048337,0.186620,0.967559,-0.230509,-0.040819,0.095021,0.410252,-0.048814,0.184766,0.969170,-0.219712,-0.074075,0.083363,2.945074,0.107155,-0.456439,0.036653,0.003040,0.013972,-0.021084,-0.222522,-0.080281,-2.979290,0.125726,-1.304222,-0.227742,-0.671748,-0.134806,-0.360063,-0.145129,0.305194,-2.487608,-0.117558,2.171726,1.244731
24.179212,-0.000000,0.000000,0.000000,0.000000,-0.999964,-0.000000,1.000000,0.409965,-0.048337,0.186620,0.967994,-0.229304,-0.028722,0.097895,0.410637,-0.048908,0.185203,0.969054,-0.220711,-0.071740,0.084107,2.944627,0.102090,-0.457974,0.034467,0.007962,0.017740,-0.032701,-0.258244,-0.076106,-4.001232,0.321053,-2.104951,-0.425213,-1.006263,-0.024967,-0.359765,-0.147695,0.305508,-2.489668,-0.119289,2.175406,1.248515
24.230380,-0.000000,0.000000,0.000000,0.000000,-0.999964,-0.000000,1.000000,0.409965,-0.048337,0.186620,0.968277,-0.228062,-0.016620,0.100753,0.411176,-0.048963,0.185836,0.969011,-0.221595,-0.068451,0.085011,2.944340,0.095127,-0.459052,0.038839,0.010398,0.022029,-0.049525,-0.292777,-0.054439,-3.926892,0.079531,-2.973879,-0.418753,-0.803118,-0.089848,-0.359387,-0.151440,0.306085,-2.492669,-0.121453,2.180691,1.252682
24.280349,-0.000000,0.000000,0.000000,0.000000,-0.999964,-0.000000,1.000000,0.409965,-0.048337,0.186620,0.968409,-0.226785,-0.004516,0.103596,0.411736,-0.049041,0.186449,0.968993,-0.222353,-0.064581,0.086260,2.943670,0.086905,-0.459761,0.043609,0.011520,0.020204,-0.070653,-0.336156,-0.038506,-3.891445,0.040917,-3.171593,-0.491133,-0.802598,-0.083824,-0.358965,-0.155753,0.306922,-2.496527,-0.124564,2.187240,1.257568
24.330579,-0.000000,0.000000,0.000000,0.000000,-0.999964,-0.000000,1.000000,0.409965,-0.048337,0.186620,0.968390,-0.225472,0.007588,0.106422,0.412287,-0.049200,0.186932,0.968970,-0.223003,-0.060081,0.088069,2.942215,0.077231,-0.460139,0.039798,0.011278,0.020807,-0.102431,-0.356329,-0.042686,-4.338578,0.222942,-3.109342,-0.630431,-1.052321,-0.007041,-0.358433,-0.160470,0.308005,-2.501442,-0.129271,2.195359,1.263750
24.381164,-0.000000,0.000000,0.000000,0.000000,-0.999964,-0.000000,1.000000,0.409965,-0.048337,0.186620,0.968219,-0.224124,0.019692,0.109232,0.412850,-0.049324,0.187423,0.968927,-0.223695,-0.054532,0.090377,2.940276,0.065288,-0.460384,0.034191,0.017771,0.015761,-0.105502,-0.378224,-0.035754,-4.316767,0.156825,-3.252443,-0.669915,-0.991321,-0.022307,-0.357713,-0.166365,0.309495,-2.507938,-0.135349,2.205637,1.271632
24.430561,-0.000000,0.000000,0.000000,0.000000,-0.703549,0.055140,1.000000,0.409965,-0.048337,0.186620,0.967853,-0.223823,0.028280,0.111191,0.413069,-0.049323,0.187574,0.968901,-0.224260,-0.048562,0.092625,2.938654,0.052583,-0.460260,0.030977,0.022195,0.012636,-0.125259,-0.439416,-0.020501,-4.724082,0.332013,-2.946375,-0.768593,-1.313528,0.052932,-0.357109,-0.173202,0.311350,-2.516596,-0.141411,2.217991,1.279672
24.480233,-0.000000,0.000000,0.000000,0.000000,-0.073630,0.092192,1.000000,0.409965,-0.048337,0.186620,0.967568,-0.224835,0.029298,0.111366,0.413166,-0.049390,0.187564,0.968925,-0.224502,-0.041872,0.095023,2.937078,0.038485,-0.459318,0.018952,0.011184,0.015276,-0.152960,-0.398078,-0.006438,-3.230122,0.300365,-1.296292,-0.799581,-1.457884,0.072510,-0.356768,-0.180947,0.313505,-2.526986,-0.148252,2.232546,1.287819
24.530296,-0.000000,0.000000,0.000000,0.000000,-0.000000,-0.000000,1.000000,0.409965,-0.048337,0.186620,0.967568,-0.224835,0.029298,0.111366,0.413076,-0.049469,0.187762,0.968843,-0.224912,-0.035560,0.097435,2.935273,0.025078,-0.458806,-0.011695,0.006758,0.005814,-0.115066,-0.259706,-0.107033,-3.418431,1.133604,-0.582498,-1.160968,-1.833788,0.418380,-0.356596,-0.189058,0.315764,-2.537033,-0.154823,2.245626,1.296014
24.581306,-0.000000,0.000000,0.000000,0.000000,-0.000000,-0.000000,1.000000,0.409965,-0.048337,0.186620,0.967568,-0.224835,0.029298,0.111366,0.412516,-0.049312,0.187442,0.968777,-0.225308,-0.029329,0.099237,2.934610,0.012110,-0.458273,-0.031104,0.012791,-0.007103,-0.105690,-0.168723,-0.033237,-0.972222,2.452619,2.970893,-1.735571,-2.349370,1.023905,-0.356354,-0.197647,0.317963,-2.549089,-0.160048,2.260399,1.303509
24.630303,-0.000000,0.000000,0.000000,0.000000,-0.000000,-0.000000,1.000000,0.409965,-0.048337,0.186620,0.967568,-0.224835,0.029298,0.111366,0.412325,-0.049052,0.187521,0.968836,-0.225159,-0.023170,0.100615,2.934728,-0.000414,-0.456652,-0.042050,0.012545,-0.007195,-0.148228,-0.050787,0.167031,-1.276234,0.934345,1.260078,-1.272476,-1.765455,0.395579,-0.356321,-0.205983,0.320302,-2.559670,-0.164324,2.274140,1.309114
24.680392,-0.000000,0.000000,0.000000,0.000000,-0.000000,-0.000000,1.000000,0.409965,-0.048337,0.186620,0.967568,-0.224835,0.029298,0.111366,0.412114,-0.048951,0.187648,0.968758,-0.225416,-0.017820,0.101873,2.934693,-0.011401,-0.456051,-0.046697,-0.007821,-0.016303,-0.117537,-0.007409,0.052009,-1.108174,0.492309,1.142373,-1.116177,-1.640636,0.230571,-0.356376,-0.213327,0.322170,-2.568819,-0.168267,2.285840,1.314723
24.733050,-0.000000,0.000000,0.000000,0.000000,-0.000000,-0.000000,1.000000,0.409965,-0.048337,0.186620,0.967568,-0.224835,0.029298,0.111366,0.411970,-0.048931,0.187816,0.968661,-0.225734,-0.013055,0.102812,2.935007,-0.021125,-0.455712,-0.041916,-0.011793,-0.010363,-0.077969,-0.003166,-0.042397,-1.721281,1.853300,1.744628,-1.635465,-2.116533,0.763548,-0.356542,-0.219839,0.323640,-2.576800,-0.171481,2.296237,1.319422
24.780392,-0.000000,0.000000,-0.972412,0.000000,-0.000000,-0.000000,1.000000,0.409965,-0.048337,0.182730,0.967568,-0.224835,0.029298,0.111366,0.412003,-0.048791,0.188065,0.968657,-0.225642,-0.008736,0.103499,2.935595,-0.029787,-0.454645,-0.038702,0.001754,-0.014275,-0.095573,0.034722,0.097596,-2.148055,1.393947,0.742520,-1.567290,-1.912078,0.559509,-0.356675,-0.225531,0.325123,-2.583534,-0.174071,2.305501,1.322854
24.830415,-0.000000,-0.055140,-0.999969,0.000000,-0.000000,-0.000000,1.000000,0.409965,-0.048557,0.178730,0.967568,-0.224835,0.029298,0.111366,0.411727,-0.048751,0.187850,0.968633,-0.225616,-0.004989,0.104032,2.936221,-0.037286,-0.453841,-0.051042,-0.008718,-0.028556,-0.075206,0.045534,0.033359,-1.550088,0.558443,0.087501,-1.188629,-1.457498,0.248705,-0.356775,-0.230482,0.326128,-2.590730,-0.176513,2.314906,1.326013
24.881203,-0.000000,-0.351555,-0.999969,0.000000,-0.000000,-0.000000,1.000000,0.409965,-0.049964,0.174730,0.967568,-0.224835,0.029298,0.111366,0.411350,-0.048648,0.186731,0.968667,-0.225618,-0.001612,0.103821,2.938136,-0.043739,-0.453207,-0.048103,-0.008144,-0.045517,-0.025949,0.067517,0.000086,-1.761910,1.576284,1.000608,-1.589489,-1.927884,0.643489,-0.357116,-0.233626,0.326812,-2.598726,-0.178070,2.326525,1.328469
24.931333,-0.000000,-0.425695,-0.999969,0.000000,-0.000000,-0.000000,1.000000,0.409965,-0.051666,0.170730,0.967568,-0.224835,0.029298,0.111366,0.411162,-0.048608,0.185221,0.968744,-0.225410,0.001219,0.103552,2.939906,-0.049066,-0.452265,-0.042133,-0.009904,-0.054052,-0.044095,0.094582,0.064645,-1.726652,0.422512,-0.027673,-1.239462,-1.532638,0.168448,-0.357552,-0.234616,0.327281,-2.605594,-0.180244,2.338017,1.330825
24.981371,-0.000000,-0.610955,-0.921234,0.000000,-0.000000,-0.000000,1.000000,0.409965,-0.054110,0.167046,0.967568,-0.224835,0.029298,0.111366,0.411019,-0.048973,0.183167,0.968807,-0.225320,0.003643,0.103108,2.941841,-0.053549,-0.451657,-0.039515,-0.023234,-0.062704,-0.022925,0.075327,0.022362,-2.382049,0.581851,-1.262241,-1.297929,-1.325869,0.235160,-0.358505,-0.233667,0.327013,-2.612142,-0.183077,2.350385,1.332951
25.032072,-0.000000,-0.712848,-0.003922,0.000000,-0.000000,-0.000000,1.000000,0.409965,-0.056962,0.167030,0.967568,-0.224835,0.029298,0.111366,0.410692,-0.049835,0.180476,0.968882,-0.225039,0.006149,0.102896,2.943341,-0.058259,-0.450645,-0.028708,-0.029100,-0.072673,-0.036361,-0.002674,0.064084,-1.581261,0.090785,-2.537540,-1.124997,-0.536664,0.035379,-0.360121,-0.231713,0.326272,-2.619850,-0.187771,2.364988,1.335321
25.082664,-0.000000,-0.712848,0.000000,0.000000,-0.000000,-0.000000,1.000000,0.409965,-0.059813,0.167030,0.967568,-0.224835,0.029298,0.111366,0.410463,-0.051250,0.177611,0.968915,-0.224687,0.009036,0.103138,2.944107,-0.063901,-0.449403,0.003831,-0.038920,-0.051708,-0.035165,-0.148813,0.050541,-2.778799,-0.742754,-3.368692,-0.755671,-0.647593,-0.343289,-0.362533,-0.229084,0.325236,-2.627772,-0.194855,2.381010,1.338525
25.132198,-0.000000,-0.610955,0.000000,0.000000,-0.000000,-0.000000,1.000000,0.409965,-0.062257,0.167030,0.967568,-0.224835,0.029298,0.111366,0.410179,-0.053087,0.175392,0.968915,-0.224455,0.011316,0.103421,2.944529,-0.068408,-0.448516,0.012032,-0.045605,-0.026212,-0.005062,-0.169067,-0.024406,-3.624111,-1.156923,-4.648369,-0.484924,-0.467941,-0.514232,-0.365538,-0.227120,0.323739,-2.634197,-0.201145,2.393934,1.340001
25.182333,-0.000000,0.000000,0.000000,0.000000,-0.000000,-0.000000,1.000000,0.409965,-0.062257,0.167030,0.967568,-0.224835,0.029298,0.111366,0.410107,-0.055272,0.173890,0.968879,-0.224358,0.013398,0.103717,2.944844,-0.072566,-0.447942,0.014129,-0.051264,-0.014435,-0.013690,-0.158003,-0.021606,-3.632188,-1.004335,-4.399154,-0.519999,-0.567499,-0.423828,-0.368945,-0.225718,0.321806,-2.638949,-0.206846,2.404441,1.340188
25.232251,-0.000000,0.000000,0.000000,0.000000,-0.000000,-0.000000,1.000000,0.409965,-0.062257,0.167030,0.967568,-0.224835,0.029298,0.111366,0.409978,-0.057482,0.172570,0.968822,-0.224314,0.015143,0.104107,2.944831,-0.076120,-0.447531,-0.004286,-0.048864,-0.019998,-0.018486,-0.031723,-0.030299,-2.924814,-0.114276,-3.046177,-0.911745,-0.819624,-0.032109,-0.372446,-0.224406,0.319934,-2.643074,-0.212340,2.413562,1.340169
25.283361,-0.000000,0.000000,0.000000,0.000000,-0.000000,-0.000000,1.000000,0.409965,-0.062257,0.167030,0.967568,-0.224835,0.029298,0.111366,0.410003,-0.058967,0.171531,0.968785,-0.224376,0.016384,0.104129,2.945328,-0.078553,-0.447448,-0.020459,-0.033784,-0.027861,-0.013736,0.069438,-0.027183,-2.255579,0.454810,-1.781419,-1.209658,-1.039313,0.212398,-0.375014,-0.222925,0.318647,-2.645764,-0.215856,2.420446,1.340116
25.333988,-0.000000,0.000000,0.000000,0.000000,-0.000000,-0.000000,1.000000,0.409965,-0.062257,0.167030,0.967568,-0.224835,0.029298,0.111366,0.410139,-0.059888,0.170761,0.968779,-0.224394,0.017356,0.103992,2.946019,-0.080384,-0.447334,-0.020927,-0.017431,-0.024177,-0.014423,0.082203,-0.004963,-1.608653,0.280686,-0.482383,-1.220348,-1.300431,0.145140,-0.376785,-0.221593,0.317872,-2.647527,-0.218125,2.425683,1.340102
25.384115,-0.000000,0.000000,0.000000,0.000000,-0.000000,-0.000000,1.000000,0.409965,-0.062257,0.167030,0.967568,-0.224835,0.029298,0.111366,0.410467,-0.060446,0.170340,0.968783,-0.224403,0.018371,0.103759,2.946915,-0.082255,-0.447202,0.001222,-0.002628,-0.006780,-0.008969,-0.027690,0.023984,-1.324839,-0.351863,-0.562758,-1.017984,-1.122765,-0.118712,-0.378104,-0.220660,0.317541,-2.648544,-0.219528,2.429851,1.340118
25.433433,-0.000000,0.000000,0.000000,0.000000,-0.000000,-0.000000,1.000000,0.409965,-0.062257,0.167030,0.967568,-0.224835,0.029298,0.111366,0.410891,-0.060823,0.170137,0.968784,-0.224436,0.019517,0.103465,2.947992,-0.084358,-0.447107,0.024006,0.002461,0.007951,-0.002861,-0.150459,0.040877,-1.724920,-1.102847,-1.856084,-0.707810,-0.712110,-0.440409,-0.379298,-0.220163,0.317540,-2.649339,-0.220403,2.433648,1.340137
25.483400,-0.000000,0.000000,0.000000,0.000000,-0.000000,-0.000000,1.000000,0.409965,-0.062257,0.167030,0.967568,-0.224835,0.029298,0.111366,0.411222,-0.061082,0.169975,0.968792,-0.224437,0.020652,0.103168,2.949064,-0.086433,-0.446951,0.030932,0.002387,0.011124,0.010432,-0.190929,0.033909,-1.889546,-1.467305,-3.674022,-0.512378,-0.008487,-0.601111,-0.380219,-0.220061,0.317566,-2.650393,-0.221032,2.437281,1.340155
25.535074,-0.000000,0.000000,0.000000,0.000000,-0.000000,-0.000000,1.000000,0.409965,-0.062257,0.167030,0.967568,-0.224835,0.029298,0.111366,0.411390,-0.061308,0.169811,0.968789,-0.224467,0.021515,0.102953,2.949861,-0.088020,-0.446893,0.019524,-0.005403,0.005510,0.013780,-0.123559,-0.001081,-2.254702,-1.221880,-4.316987,-0.602838,0.148624,-0.521026,-0.381038,-0.220128,0.317637,-2.651471,-0.221497,2.440194,1.340165
25.586050,-0.000000,0.000000,0.000000,0.000000,-0.000000,-0.000000,1.000000,0.409965,-0.062257,0.167030,0.967568,-0.224835,0.029298,0.111366,0.411352,-0.061525,0.169550,0.968788,-0.224466,0.022113,0.102838,2.950346,-0.089131,-0.446805,-0.002143,-0.012418,-0.005496,0.006090,-0.003238,-0.028235,-2.615335,-0.461888,-3.247979,-0.922236,-0.387679,-0.224690,-0.381838,-0.220282,0.317767,-2.652804,-0.221977,2.442714,1.340160
25.635126,-0.000000,0.000000,0.000000,0.000000,-0.000000,-0.000000,1.000000,0.409965,-0.062257,0.167030,0.967568,-0.224835,0.029298,0.111366,0.411167,-0.061723,0.169263,0.968790,-0.224421,0.022304,0.102877,2.950346,-0.089512,-0.446679,-0.027242,-0.010329,-0.018614,-0.009569,0.128863,-0.024736,-1.972578,0.497964,-0.853807,-1.356346,-1.107265,0.164189,-0.382582,-0.220341,0.318001,-2.653895,-0.222480,2.444201,1.340137
25.684336,-0.000000,0.000000,0.000000,0.000000,-0.000000,-0.000000,1.000000,0.409965,-0.062257,0.167030,0.967568,-0.224835,0.029298,0.111366,0.411148,-0.061873,0.169099,0.968801,-0.224326,0.022668,0.102904,2.950441,-0.090213,-0.446427,-0.019148,-0.002737,-0.012130,-0.019839,0.083286,0.008280,-1.841343,0.654751,0.443467,-1.468174,-1.596847,0.221570,-0.383399,-0.220405,0.318444,-2.654677,-0.222969,2.445721,1.340128
25.734110,0.000000,0.000000,0.000000,0.000000,0.000000,0.000000,0.000000,0.409965,-0.062257,0.167030,0.967568,-0.224835,0.029298,0.111366,0.411244,-0.061939,0.169020,0.968830,-0.224149,0.023398,0.102852,2.950841,-0.091574,-0.445954,0.000775,0.006040,0.000132,-0.009971,-0.045960,0.031403,-1.651038,-0.143804,-0.247469,-1.161067,-1.268508,-0.100409,-0.384037,-0.220765,0.318874,-2.655685,-0.223439,2.447926,1.340151
25.784182,0.000000,0.000000,0.000000,0.000000,0.000000,0.000000,0.000000,0.409965,-0.062257,0.167030,0.967568,-0.224835,0.029298,0.111366,0.411427,-0.061975,0.169023,0.968865,-0.223948,0.024359,0.102736,2.951461,-0.093352,-0.445403,0.020592,0.006797,0.010424,-0.001038,-0.154700,0.044367,-2.126430,-0.862996,-2.236522,-0.847809,-0.648426,-0.405071,-0.384459,-0.221320,0.319126,-2.656767,-0.223888,2.450490,1.340173
25.835156,0.000000,0.000000,0.000000,0.000000,0.000000,0.000000,0.000000,0.409965,-0.062257,0.167030,0.967568,-0.224835,0.029298,0.111366,0.411579,-0.062015,0.169028,0.968883,-0.223837,0.025056,0.102636,2.951947,-0.094642,-0.445077,0.020109,0.001306,0.007758,0.009808,-0.119017,0.013764,-2.315459,-1.009453,-3.423397,-0.767033,-0.177934,-0.474501,-0.384842,-0.221669,0.319340,-2.657491,-0.224176,2.452352,1.340188
25.884139,0.000000,0.000000,0.000000,0.000000,0.000000,0.000000,0.000000,0.409965,-0.062257,0.167030,0.967568,-0.224835,0.029298,0.111366,0.411503,-0.062117,0.168895,0.968887,-0.223790,0.025237,0.102662,2.951968,-0.094995,-0.444950,-0.006836,-0.010008,-0.004662,-0.000427,0.034585,-0.025606,-2.494803,-0.037241,-2.370433,-1.165937,-0.623533,-0.095774,-0.385301,-0.221767,0.319544,-2.658118,-0.224482,2.453286,1.340185
25.935234,0.000000,0.000000,0.000000,0.000000,0.000000,0.000000,0.000000,0.409965,-0.062257,0.167030,0.967568,-0.224835,0.029298,0.111366,0.411284,-0.062211,0.168720,0.968897,-0.223683,0.025183,0.102810,2.951644,-0.094936,-0.444725,-0.025665,-0.007643,-0.013344,-0.016620,0.122223,-0.016494,-2.017757,0.883393,-0.376987,-1.552638,-1.255011,0.283505,-0.385724,-0.221924,0.319814,-2.658805,-0.224868,2.453709,1.340168
25.985055,0.000000,0.000000,0.000000,0.000000,0.000000,0.000000,0.000000,0.409965,-0.062257,0.167030,0.967568,-0.224835,0.029298,0.111366,0.411304,-0.062196,0.168701,0.968937,-0.223432,0.025683,0.102856,2.951743,-0.095880,-0.444131,0.002006,0.006969,0.001997,-0.010878,-0.034112,0.033258,-1.761894,0.055291,-0.448124,-1.272768,-1.193474,-0.041645,-0.386004,-0.222394,0.320168,-2.659609,-0.225284,2.455073,1.340180
26.035350,0.000000,0.000000,0.000000,0.000000,0.000000,0.000000,0.000000,0.409965,-0.062257,0.167030,0.967568,-0.224835,0.029298,0.111366,0.411581,-0.062171,0.168813,0.968969,-0.223247,0.026543,0.102739,2.952321,-0.097466,-0.443631,0.021640,0.006989,0.009563,0.007196,-0.142057,0.032190,-2.228644,-0.799141,-2.466515,-0.909404,-0.540824,-0.396517,-0.386217,-0.222817,0.320381,-2.660151,-0.225588,2.456993,1.340219
26.086359,0.000000,0.000000,0.000000,0.000000,0.000000,0.000000,0.000000,0.409965,-0.062257,0.167030,0.967568,-0.224835,0.029298,0.111366,0.411643,-0.062224,0.168789,0.968981,-0.223159,0.026915,0.102721,2.952506,-0.098165,-0.443395,0.007096,-0.005443,0.003242,0.004321,-0.037920,-0.010437,-2.562009,-0.347082,-2.651086,-1.085811,-0.539216,-0.232390,-0.386474,-0.222976,0.320486,-2.660603,-0.225895,2.458069,1.340241
26.136322,0.000000,0.000000,0.000000,0.000000,0.000000,0.000000,0.000000,0.409965,-0.062257,0.167030,0.967568,-0.224835,0.029298,0.111366,0.411395,-0.062285,0.168625,0.968992,-0.223059,0.026694,0.102889,2.952070,-0.097789,-0.443209,-0.017104,-0.004929,-0.006924,-0.017719,0.080558,-0.004182,-1.886376,0.586978,-1.018816,-1.454358,-0.962198,0.155054,-0.386677,-0.223058,0.320634,-2.661087,-0.226205,2.457994,1.340227
26.186129,0.000000,0.000000,0.000000,0.000000,0.000000,0.000000,0.000000,0.409965,-0.062257,0.167030,0.967568,-0.224835,0.029298,0.111366,0.411508,-0.062245,0.168664,0.969027,-0.222857,0.027112,0.102891,2.952226,-0.098565,-0.442731,0.005731,0.000872,0.000550,0.005960,-0.038256,0.002742,-2.206725,-0.145921,-1.533479,-1.196756,-0.929266,-0.141513,-0.386713,-0.223293,0.320774,-2.661431,-0.226519,2.458950,1.340254
26.237079,0.000000,0.000000,0.000000,0.000000,0.000000,0.000000,0.000000,0.409965,-0.062257,0.167030,0.967568,-0.224835,0.029298,0.111366,0.411480,-0.062261,0.168663,0.969037,-0.222780,0.027141,0.102957,2.952101,-0.098634,-0.442564,-0.000298,-0.001251,0.000381,-0.002697,-0.001562,0.000051,-2.010104,-0.133961,-1.792941,-1.228075,-0.817671,-0.129235,-0.386723,-0.223390,0.320795,-2.661553,-0.226703,2.459013,1.340254
26.286337,0.000000,0.000000,0.000000,0.000000,0.000000,0.000000,0.000000,0.409965,-0.062257,0.167030,0.967568,-0.224835,0.029298,0.111366,0.411482,-0.062271,0.168663,0.969041,-0.222748,0.027144,0.102984,2.952044,-0.098646,-0.442495,-0.000624,-0.001644,-0.001259,0.000819,0.002139,-0.003487,-1.893322,-0.110461,-1.923329,-1.274603,-0.749395,-0.111256,-0.386736,-0.223379,0.320801,-2.661545,-0.226795,2.459011,1.340256
26.337281,0.000000,0.000000,0.000000,0.000000,0.000000,0.000000,0.000000,0.409965,-0.062257,0.167030,0.967568,-0.224835,0.029298,0.111366,0.411486,-0.062281,0.168669,0.969045,-0.222717,0.027155,0.103011,2.951992,-0.098673,-0.442426,0.000114,-0.001472,0.000699,-0.000163,-0.002500,-0.003741,-1.911279,-0.011054,-2.000247,-1.346506,-0.740471,-0.068567,-0.386737,-0.223384,0.320797,-2.661541,-0.226885,2.459013,1.340256
26.387208,0.000000,0.000000,0.000000,0.000000,0.000000,0.000000,0.000000,0.409965,-0.062257,0.167030,0.967568,-0.224835,0.029298,0.111366,0.411487,-0.062282,0.168670,0.969051,-0.222682,0.027159,0.103034,2.951946,-0.098685,-0.442352,0.000178,0.000106,0.000571,-0.000197,-0.001746,0.000402,-1.855835,-0.050550,-2.032419,-1.359417,-0.705274,-0.085386,-0.386732,-0.223384,0.320807,-2.661541,-0.226955,2.459012,1.340255
26.438967,0.000000,0.000000,0.000000,0.000000,0.000000,0.000000,0.000000,0.409965,-0.062257,0.167030,0.967568,-0.224835,0.029298,0.111366,0.411490,-0.062287,0.168672,0.969054,-0.222655,0.027166,0.103055,2.951904,-0.098702,-0.442294,0.000496,-0.000113,0.000249,-0.000545,-0.001426,-0.000892,-1.939090,-0.069134,-2.058851,-1.374329,-0.726977,-0.096439,-0.386731,-0.223383,0.320808,-2.661538,-0.227026,2.459015,1.340260
26.489288,0.000000,0.000000,0.000000,0.000000,0.000000,0.000000,0.000000,0.409965,-0.062257,0.167030,0.967568,-0.224835,0.029298,0.111366,0.411488,-0.062294,0.168674,0.969056,-0.222640,0.027167,0.103071,2.951873,-0.098708,-0.442262,-0.000157,-0.000543,0.000446,-0.000683,-0.000830,-0.003712,-1.905989,-0.028707,-2.080112,-1.394435,-0.709251,-0.078016,-0.386733,-0.223388,0.320804,-2.661541,-0.227074,2.459010,1.340260
26.539225,0.000000,0.000000,0.000000,0.000000,0.000000,0.000000,0.000000,0.409965,-0.062257,0.167030,0.967568,-0.224835,0.029298,0.111366,0.411488,-0.062293,0.168672,0.969059,-0.222624,0.027166,0.103079,2.951854,-0.098707,-0.442229,-0.000700,-0.000205,-0.000933,0.001072,0.003046,-0.002875,-1.938198,-0.029514,-2.014539,-1.396526,-0.746587,-0.084124,-0.386732,-0.223382,0.320810,-2.661541,-0.227101,2.459010,1.340256
26.587335,0.000000,0.000000,0.000000,0.000000,0.000000,0.000000,0.000000,0.409965,-0.062257,0.167030,0.967568,-0.224835,0.029298,0.111366,0.411489,-0.062295,0.168675,0.969060,-0.222616,0.027171,0.103087,2.951840,-0.098719,-0.442209,-0.000344,0.000333,-0.000281,-0.001364,0.001453,0.001010,-1.832312,-0.034970,-2.108973,-1.383180,-0.669351,-0.085654,-0.386730,-0.223389,0.320810,-2.661543,-0.227125,2.459012,1.340259
26.638223,0.000000,0.000000,0.000000,0.000000,0.000000,0.000000,0.000000,0.409965,-0.062257,0.167030,0.967568,-0.224835,0.029298,0.111366,0.411488,-0.062296,0.168673,0.969061,-0.222609,0.027169,0.103091,2.951831,-0.098714,-0.442195,-0.000772,0.000419,-0.000871,0.000181,0.003338,0.001055,-1.994569,-0.026497,-1.915053,-1.388881,-0.799543,-0.084208,-0.386730,-0.223382,0.320808,-2.661541,-0.227139,2.459010,1.340254
26.689311,0.000000,0.000000,0.000000,0.000000,0.000000,0.000000,0.000000,0.409965,-0.062257,0.167030,0.967568,-0.224835,0.029298,0.111366,0.411493,-0.062300,0.168680,0.969061,-0.222605,0.027181,0.103095,2.951827,-0.098739,-0.442186,0.000092,-0.000260,0.000298,0.000012,-0.001247,-0.000493,-1.812658,-0.032858,-2.075246,-1.383920,-0.670829,-0.086014,-0.386730,-0.223395,0.320805,-2.661538,-0.227156,2.459018,1.340256
26.738937,0.000000,0.000000,0.000000,0.000000,0.000000,0.000000,0.000000,0.409965,-0.062257,0.167030,0.967568,-0.224835,0.029298,0.111366,0.411490,-0.062301,0.168676,0.969062,-0.222599,0.027176,0.103099,2.951816,-0.098730,-0.442172,0.000194,-0.000072,0.000087,-0.000043,-0.000753,0.001279,-1.894525,-0.026734,-1.970778,-1.390569,-0.734233,-0.091357,-0.386734,-0.223391,0.320809,-2.661543,-0.227167,2.459016,1.340251
26.789087,0.000000,0.000000,0.000000,0.000000,0.000000,0.000000,0.000000,0.409965,-0.062257,0.167030,0.967568,-0.224835,0.029298,0.111366,0.411494,-0.062302,0.168681,0.969063,-0.222593,0.027183,0.103105,2.951807,-0.098745,-0.442158,-0.000323,-0.000384,-0.000099,-0.001056,0.000657,0.000550,-1.865091,-0.014040,-1.987277,-1.394382,-0.720228,-0.090510,-0.386735,-0.223397,0.320812,-2.661538,-0.227185,2.459017,1.340255
26.838324,0.000000,0.000000,0.000000,0.000000,0.000000,0.000000,0.000000,0.409965,-0.062257,0.167030,0.967568,-0.224835,0.029298,0.111366,0.411495,-0.062303,0.168683,0.969063,-0.222590,0.027185,0.103109,2.951801,-0.098751,-0.442152,0.000387,-0.000294,0.000782,-0.001825,-0.000664,-0.000344,-1.838382,0.006692,-2.040257,-1.409484,-0.691283,-0.086510,-0.386731,-0.223399,0.320809,-2.661534,-0.227196,2.459013,1.340259
26.889417,0.000000,0.000000,0.000000,0.000000,0.000000,0.000000,0.000000,0.409965,-0.062257,0.167030,0.967568,-0.224835,0.029298,0.111366,0.411495,-0.062304,0.168684,0.969063,-0.222587,0.027185,0.103111,2.951797,-0.098751,-0.442147,0.000293,-0.000091,0.000543,-0.000024,-0.000524,-0.000997,-1.867775,-0.029773,-2.002980,-1.398826,-0.715554,-0.105976,-0.386733,-0.223400,0.320810,-2.661535,-0.227201,2.459012,1.340257
26.939164,0.000000,0.000000,0.000000,0.000000,0.000000,0.000000,0.000000,0.409965,-0.062257,0.167030,0.967568,-0.224835,0.029298,0.111366,0.411494,-0.062303,0.168682,0.969064,-0.222584,0.027186,0.103111,2.951796,-0.098751,-0.442140,0.000448,0.000221,0.000255,-0.000553,-0.001840,0.000478,-1.887202,0.005225,-1.985848,-1.410898,-0.723423,-0.096091,-0.386728,-0.223400,0.320807,-2.661540,-0.227205,2.459018,1.340256
26.990076,0.000000,0.000000,0.000000,0.000000,0.000000,0.000000,0.000000,0.409965,-0.062257,0.167030,0.967568,-0.224835,0.029298,0.111366,0.411495,-0.062304,0.168682,0.969064,-0.222583,0.027185,0.103113,2.951792,-0.098752,-0.442138,-0.000287,-0.000114,-0.000573,0.000027,0.001468,-0.001836,-1.904781,0.001518,-1.957007,-1.400540,-0.737925,-0.093482,-0.386733,-0.223397,0.320812,-2.661537,-0.227211,2.459017,1.340259
27.039009,0.000000,0.000000,0.000000,0.000000,0.000000,0.000000,0.000000,0.409965,-0.062257,0.167030,0.967568,-0.224835,0.029298,0.111366,0.411495,-0.062304,0.168685,0.969064,-0.222580,0.027189,0.103116,2.951788,-0.098760,-0.442132,-0.000081,0.000208,-0.000460,0.000788,0.000949,0.000372,-1.877502,0.007730,-1.986048,-1.400599,-0.718174,-0.091936,-0.386733,-0.223405,0.320813,-2.661538,-0.227216,2.459017,1.340258
27.089194,0.000000,0.000000,0.000000,0.000000,0.000000,0.000000,0.000000,0.409965,-0.062257,0.167030,0.967568,-0.224835,0.029298,0.111366,0.411497,-0.062305,0.168689,0.969064,-0.222580,0.027194,0.103117,2.951786,-0.098770,-0.442130,-0.000221,0.000014,0.000096,-0.000038,0.000180,-0.000784,-1.879165,-0.000306,-2.012471,-1.404667,-0.710288,-0.098190,-0.386732,-0.223414,0.320812,-2.661537,-0.227221,2.459016,1.340260
27.139115,0.000000,0.000000,0.000000,0.000000,0.000000,0.000000,0.000000,0.409965,-0.062257,0.167030,0.967568,-0.224835,0.029298,0.111366,0.411495,-0.062305,0.168687,0.969065,-0.222577,0.027190,0.103119,2.951782,-0.098762,-0.442124,-0.000515,0.000381,-0.000469,0.000608,0.003215,0.000845,-1.830612,0.011750,-1.973683,-1.414672,-0.704390,-0.097567,-0.386733,-0.223410,0.320814,-2.661538,-0.227223,2.459013,1.340255
27.192094,0.000000,0.000000,0.000000,0.000000,0.000000,0.000000,0.000000,0.409965,-0.062257,0.167030,0.967568,-0.224835,0.029298,0.111366,0.411500,-0.062309,0.168693,0.969063,-0.222583,0.027199,0.103119,2.951785,-0.098781,-0.442135,0.000669,-0.000581,0.000814,0.000099,-0.001931,-0.003249,-1.844882,0.028790,-2.016882,-1.423472,-0.693762,-0.096551,-0.386737,-0.223419,0.320809,-2.661533,-0.227228,2.459017,1.340263
27.241267,0.000000,0.000000,0.000000,0.000000,0.000000,0.000000,0.000000,0.409965,-0.062257,0.167030,0.967568,-0.224835,0.029298,0.111366,0.411499,-0.062306,0.168690,0.969064,-0.222578,0.027198,0.103121,2.951782,-0.098779,-0.442125,0.000055,0.000104,0.000128,-0.000406,-0.000159,0.001314,-1.877719,0.075361,-1.956072,-1.433995,-0.726088,-0.080900,-0.386734,-0.223416,0.320813,-2.661537,-0.227232,2.459020,1.340264
27.290193,0.000000,0.000000,0.000000,0.000000,0.000000,0.000000,0.000000,0.409965,-0.062257,0.167030,0.967568,-0.224835,0.029298,0.111366,0.411500,-0.062307,0.168692,0.969064,-0.222581,0.027200,0.103120,2.951783,-0.098783,-0.442131,0.000587,0.000669,-0.000021,-0.000045,-0.000997,0.002879,-1.871094,-0.010161,-2.023210,-1.397147,-0.697050,-0.114349,-0.386733,-0.223418,0.320811,-2.661536,-0.227232,2.459022,1.340269
27.340243,0.000000,0.000000,0.000000,0.000000,0.000000,0.000000,0.000000,0.409965,-0.062257,0.167030,0.967568,-0.224835,0.029298,0.111366,0.411498,-0.062308,0.168693,0.969063,-0.222582,0.027200,0.103124,2.951777,-0.098785,-0.442133,-0.000035,0.000563,-0.000265,-0.000620,0.000649,0.001433,-1.869732,0.038667,-1.986090,-1.414130,-0.709031,-0.097534,-0.386735,-0.223424,0.320814,-2.661537,-0.227237,2.459015,1.340276
27.390170,0.000000,0.000000,0.000000,0.000000,0.000000,0.000000,0.000000,0.409965,-0.062257,0.167030,0.967568,-0.224835,0.029298,0.111366,0.411497,-0.062309,0.168692,0.969061,-0.222590,0.027199,0.103122,2.951781,-0.098784,-0.442149,-0.000231,0.000243,-0.000123,0.000750,-0.000188,-0.001711,-1.879955,0.052324,-1.925332,-1.415464,-0.730752,-0.092247,-0.386738,-0.223423,0.320812,-2.661539,-0.227233,2.459016,1.340282
27.440216,0.000000,0.000000,0.000000,0.000000,0.000000,0.000000,0.000000,0.409965,-0.062257,0.167030,0.967568,-0.224835,0.029298,0.111366,0.411501,-0.062310,0.168700,0.969060,-0.222595,0.027210,0.103124,2.951782,-0.098807,-0.442158,0.000494,0.000060,0.001147,-0.000493,-0.002921,0.000081,-1.862244,0.096481,-1.933403,-1.434689,-0.724854,-0.076113,-0.386733,-0.223440,0.320807,-2.661536,-0.227237,2.459016,1.340296
27.492682,0.000000,0.000000,0.000000,0.000000,0.000000,0.000000,0.000000,0.409965,-0.062257,0.167030,0.967568,-0.224835,0.029298,0.111366,0.411500,-0.062311,0.168698,0.969058,-0.222604,0.027208,0.103123,2.951784,-0.098804,-0.442177,-0.000093,0.000377,-0.000459,0.000755,0.000911,-0.000507,-1.891467,0.056339,-1.974466,-1.422523,-0.721274,-0.100333,-0.386736,-0.223436,0.320808,-2.661539,-0.227236,2.459018,1.340312
27.541268,0.000000,0.000000,0.000000,0.000000,0.000000,0.000000,0.000000,0.409965,-0.062257,0.167030,0.967568,-0.224835,0.029298,0.111366,0.411501,-0.062312,0.168700,0.969056,-0.222612,0.027212,0.103124,2.951784,-0.098813,-0.442192,-0.000216,-0.000562,0.000251,-0.000343,-0.000885,-0.002164,-1.874544,0.085127,-1.977311,-1.428686,-0.712486,-0.087144,-0.386742,-0.223441,0.320812,-2.661537,-0.227238,2.459017,1.340327
27.591157,0.000000,0.000000,0.000000,0.000000,0.000000,0.000000,0.000000,0.409965,-0.062257,0.167030,0.967568,-0.224835,0.029298,0.111366,0.411502,-0.062308,0.168700,0.969054,-0.222619,0.027213,0.103124,2.951786,-0.098817,-0.442206,0.000146,0.001085,-0.000368,-0.000151,-0.000052,0.001479,-1.955966,0.007247,-1.936531,-1.399257,-0.760223,-0.121793,-0.386734,-0.223439,0.320814,-2.661536,-0.227239,2.459017,1.340352
27.641322,0.000000,0.000000,0.000000,0.000000,0.000000,0.000000,0.000000,0.409965,-0.062257,0.167030,0.967568,-0.224835,0.029298,0.111366,0.411502,-0.062314,0.168702,0.969050,-0.222638,0.027216,0.103124,2.951789,-0.098826,-0.442245,0.000033,0.000051,-0.000153,0.001276,0.000329,-0.002086,-1.912035,0.124606,-1.986832,-1.444022,-0.730675,-0.078492,-0.386742,-0.223442,0.320809,-2.661535,-0.227240,2.459016,1.340379
27.691258,0.000000,0.000000,0.000000,0.000000,0.000000,0.000000,0.000000,0.409965,-0.062257,0.167030,0.967568,-0.224835,0.029298,0.111366,0.411503,-0.062315,0.168704,0.969046,-0.222653,0.027221,0.103123,2.951795,-0.098839,-0.442276,0.000579,-0.000296,0.000697,-0.000394,-0.002532,-0.000784,-1.889289,0.060791,-1.969522,-1.416752,-0.722904,-0.105693,-0.386745,-0.223447,0.320809,-2.661535,-0.227238,2.459020,1.340407
27.742111,0.000000,0.000000,0.000000,0.000000,0.000000,0.000000,0.000000,0.409965,-0.062257,0.167030,0.967568,-0.224835,0.029298,0.111366,0.411500,-0.062312,0.168701,0.969043,-0.222665,0.027217,0.103123,2.951794,-0.098833,-0.442300,-0.000775,0.000017,-0.000399,0.000664,0.001141,-0.002224,-1.889426,0.055076,-1.977032,-1.415723,-0.715812,-0.105179,-0.386737,-0.223445,0.320807,-2.661541,-0.227238,2.459015,1.340436
27.792216,0.000000,0.000000,0.000000,0.000000,0.000000,0.000000,0.000000,0.409965,-0.062257,0.167030,0.967568,-0.224835,0.029298,0.111366,0.411501,-0.062314,0.168703,0.969041,-0.222675,0.027223,0.103124,2.951796,-0.098847,-0.442320,-0.000280,-0.000197,-0.000021,-0.000421,0.000244,0.000149,-1.943387,0.118657,-1.955867,-1.443551,-0.741823,-0.090261,-0.386743,-0.223450,0.320809,-2.661540,-0.227242,2.459019,1.340456
27.843056,0.000000,0.000000,0.000000,0.000000,0.000000,0.000000,0.000000,0.409965,-0.062257,0.167030,0.967568,-0.224835,0.029298,0.111366,0.411503,-0.062315,0.168705,0.969038,-0.222686,0.027225,0.103123,2.951799,-0.098854,-0.442343,0.000090,-0.000630,0.000196,0.000153,-0.000839,-0.002799,-1.946883,0.062173,-1.943024,-1.414843,-0.755753,-0.107317,-0.386744,-0.223450,0.320809,-2.661536,-0.227241,2.459018,1.340477
27.893358,0.000000,0.000000,0.000000,0.000000,0.000000,0.000000,0.000000,0.409965,-0.062257,0.167030,0.967568,-0.224835,0.029298,0.111366,0.411501,-0.062317,0.168702,0.969036,-0.222698,0.027222,0.103124,2.951798,-0.098850,-0.442366,-0.000258,0.000237,-0.000507,-0.000055,0.001192,-0.000656,-1.930647,0.064346,-1.939580,-1.405274,-0.743930,-0.102512,-0.386746,-0.223445,0.320807,-2.661538,-0.227245,2.459018,1.340500
27.942456,0.000000,0.000000,0.000000,0.000000,0.000000,0.000000,0.000000,0.409965,-0.062257,0.167030,0.967568,-0.224835,0.029298,0.111366,0.411499,-0.062318,0.168701,0.969033,-0.222708,0.027222,0.103124,2.951799,-0.098851,-0.442388,-0.000280,-0.000626,-0.000602,0.000432,0.001572,-0.001284,-1.930984,0.084910,-1.938462,-1.421571,-0.747578,-0.100614,-0.386749,-0.223446,0.320806,-2.661540,-0.227244,2.459016,1.340517
27.993435,0.000000,0.000000,0.000000,0.000000,0.000000,0.000000,0.000000,0.409965,-0.062257,0.167030,0.967568,-0.224835,0.029298,0.111366,0.411505,-0.062318,0.168708,0.969031,-0.222718,0.027232,0.103122,2.951808,-0.098872,-0.442406,0.000593,-0.000036,0.000513,0.000307,-0.001499,-0.000379,-1.900381,0.094726,-2.014835,-1.423547,-0.702293,-0.099787,-0.386750,-0.223454,0.320807,-2.661533,-0.227239,2.459020,1.340531
28.042681,0.000000,0.000000,0.000000,0.000000,0.000000,0.000000,0.000000,0.409965,-0.062257,0.167030,0.967568,-0.224835,0.029298,0.111366,0.411506,-0.062318,0.168708,0.969029,-0.222726,0.027233,0.103123,2.951806,-0.098877,-0.442424,0.000759,-0.000230,0.000522,-0.000739,-0.002502,-0.001003,-1.956962,0.056781,-1.985374,-1.404261,-0.734410,-0.112375,-0.386751,-0.223453,0.320809,-2.661531,-0.227246,2.459019,1.340557
28.093435,0.000000,0.000000,0.000000,0.000000,0.000000,0.000000,0.000000,0.409965,-0.062257,0.167030,0.967568,-0.224835,0.029298,0.111366,0.411501,-0.062316,0.168703,0.969028,-0.222732,0.027227,0.103123,2.951804,-0.098866,-0.442437,0.000198,0.000583,0.000177,-0.000516,0.000115,0.000951,-2.016850,0.117739,-1.941502,-1.422213,-0.767755,-0.088669,-0.386750,-0.223450,0.320812,-2.661538,-0.227242,2.459014,1.340570
28.143380,0.000000,0.000000,0.000000,0.000000,0.000000,0.000000,0.000000,0.409965,-0.062257,0.167030,0.967568,-0.224835,0.029298,0.111366,0.411502,-0.062320,0.168707,0.969025,-0.222742,0.027233,0.103123,2.951808,-0.098879,-0.442456,-0.000262,-0.000032,0.000068,0.000115,-0.000577,-0.001220,-1.889560,0.026612,-1.944061,-1.391939,-0.723903,-0.121724,-0.386755,-0.223459,0.320807,-2.661539,-0.227242,2.459019,1.340580
28.194269,0.000000,0.000000,0.000000,0.000000,0.000000,0.000000,0.000000,0.409965,-0.062257,0.167030,0.967568,-0.224835,0.029298,0.111366,0.411503,-0.062324,0.168708,0.969023,-0.222753,0.027234,0.103123,2.951809,-0.098885,-0.442478,0.000153,-0.000842,0.000532,-0.000404,-0.000808,-0.001738,-1.851712,0.090279,-1.946013,-1.421953,-0.713388,-0.103689,-0.386758,-0.223459,0.320804,-2.661536,-0.227245,2.459017,1.340597
28.244013,0.000000,0.000000,0.000000,0.000000,0.000000,0.000000,0.000000,0.409965,-0.062257,0.167030,0.967568,-0.224835,0.029298,0.111366,0.411502,-0.062322,0.168707,0.969021,-0.222759,0.027234,0.103122,2.951811,-0.098884,-0.442491,-0.000202,-0.000131,-0.000876,0.000489,0.002116,0.001061,-1.941831,0.097330,-1.977636,-1.424818,-0.731973,-0.101063,-0.386759,-0.223457,0.320807,-2.661537,-0.227242,2.459018,1.340612
28.293203,0.000000,0.000000,0.000000,0.000000,0.000000,0.000000,0.000000,0.409965,-0.062257,0.167030,0.967568,-0.224835,0.029298,0.111366,0.411501,-0.062322,0.168708,0.969021,-0.222761,0.027235,0.103125,2.951808,-0.098887,-0.442494,-0.000742,0.000621,-0.000949,-0.000445,0.003127,0.003532,-1.896469,0.057697,-2.000693,-1.403722,-0.705570,-0.115337,-0.386758,-0.223463,0.320809,-2.661541,-0.227245,2.459015,1.340620
28.344337,0.000000,0.000000,0.000000,0.000000,0.000000,0.000000,0.000000,0.409965,-0.062257,0.167030,0.967568,-0.224835,0.029298,0.111366,0.411503,-0.062324,0.168710,0.969017,-0.222775,0.027238,0.103123,2.951813,-0.098896,-0.442523,0.000155,0.000927,-0.000265,-0.000972,-0.000038,0.002128,-1.948832,0.057978,-1.934549,-1.407969,-0.751651,-0.120647,-0.386763,-0.223462,0.320809,-2.661535,-0.227245,2.459016,1.340644
28.395240,0.000000,0.000000,0.000000,0.000000,0.000000,0.000000,0.000000,0.409965,-0.062257,0.167030,0.967568,-0.224835,0.029298,0.111366,0.411503,-0.062329,0.168711,0.969014,-0.222788,0.027240,0.103122,2.951817,-0.098902,-0.442550,-0.000092,0.000224,-0.000263,0.000196,0.000450,0.000311,-1.975001,0.148234,-1.918744,-1.437935,-0.766364,-0.085496,-0.386771,-0.223465,0.320804,-2.661536,-0.227243,2.459018,1.340657
28.444871,0.000000,0.000000,0.000000,0.000000,0.000000,0.000000,0.000000,0.409965,-0.062257,0.167030,0.967568,-0.224835,0.029298,0.111366,0.411504,-0.062328,0.168712,0.969013,-0.222794,0.027243,0.103123,2.951817,-0.098908,-0.442560,0.000315,0.000496,0.000309,-0.000594,-0.001120,0.001556,-1.917926,0.103485,-1.952516,-1.417630,-0.733651,-0.102791,-0.386772,-0.223467,0.320807,-2.661535,-0.227244,2.459018,1.340671
28.495226,0.000000,0.000000,0.000000,0.000000,0.000000,0.000000,0.000000,0.409965,-0.062257,0.167030,0.967568,-0.224835,0.029298,0.111366,0.411506,-0.062331,0.168714,0.969010,-0.222808,0.027246,0.103122,2.951822,-0.098917,-0.442589,0.000839,0.000062,0.000818,-0.001003,-0.002751,0.000477,-1.948593,0.090639,-1.934098,-1.414992,-0.750845,-0.107153,-0.386775,-0.223469,0.320805,-2.661531,-0.227244,2.459018,1.340694
28.545161,0.000000,0.000000,0.000000,0.000000,0.000000,0.000000,0.000000,0.409965,-0.062257,0.167030,0.967568,-0.224835,0.029298,0.111366,0.411502,-0.062330,0.168712,0.968967,-0.222993,0.027262,0.103117,2.951857,-0.098982,-0.442966,-0.000333,0.000024,0.000087,-0.000292,-0.003813,-0.015496,-1.906040,0.057976,-1.984765,-1.418408,-0.719868,-0.133799,-0.386774,-0.223470,0.320805,-2.661539,-0.227241,2.459017,1.341074
28.595214,0.000000,0.000000,0.000000,0.000000,0.000000,0.000000,0.000000,0.409965,-0.062257,0.167030,0.967568,-0.224835,0.029298,0.111366,0.411502,-0.062330,0.168712,0.968958,-0.223035,0.027266,0.103119,2.951860,-0.099000,-0.443051,-0.000500,-0.000151,-0.000209,-0.001298,0.001065,-0.002234,-1.987694,0.184698,-1.940094,-1.468347,-0.776138,-0.085137,-0.386775,-0.223469,0.320808,-2.661537,-0.227250,2.459014,1.341168
28.645348,0.000000,0.000000,0.000000,0.000000,0.000000,0.000000,0.000000,0.409965,-0.062257,0.167030,0.967568,-0.224835,0.029298,0.111366,0.411504,-0.062328,0.168713,0.968935,-0.223133,0.027279,0.103115,2.951882,-0.099042,-0.443251,0.000224,0.000408,0.000117,-0.000013,-0.000400,-0.003692,-1.897477,0.172531,-2.017744,-1.469930,-0.716056,-0.101309,-0.386775,-0.223470,0.320813,-2.661535,-0.227247,2.459015,1.341374
28.696062,0.000000,0.000000,0.000000,0.000000,0.000000,0.000000,0.000000,0.409965,-0.062257,0.167030,0.967568,-0.224835,0.029298,0.111366,0.411506,-0.062332,0.168717,0.968910,-0.223239,0.027295,0.103112,2.951906,-0.099092,-0.443467,0.000450,-0.000393,0.000867,-0.000782,-0.002698,-0.004302,-1.873325,0.164245,-2.039637,-1.462256,-0.696372,-0.102593,-0.386777,-0.223477,0.320805,-2.661533,-0.227246,2.459017,1.341584
28.745307,0.000000,0.000000,0.000000,0.000000,0.000000,0.000000,0.000000,0.409965,-0.062257,0.167030,0.967568,-0.224835,0.029298,0.111366,0.411506,-0.062332,0.168717,0.968899,-0.223290,0.027300,0.103111,2.951916,-0.099112,-0.443570,0.000768,-0.000433,0.000748,-0.000287,-0.002587,-0.000667,-1.923794,0.188397,-2.072934,-1.474662,-0.701500,-0.093045,-0.386776,-0.223476,0.320804,-2.661532,-0.227249,2.459018,1.341690
28.796352,0.000000,0.000000,0.000000,0.000000,0.000000,0.000000,0.000000,0.409965,-0.062257,0.167030,0.967568,-0.224835,0.029298,0.111366,0.411505,-0.062329,0.168714,0.968889,-0.223332,0.027302,0.103109,2.951924,-0.099122,-0.443656,0.000051,0.000693,-0.000141,-0.000049,0.000171,0.000605,-1.942809,0.130638,-1.981160,-1.454609,-0.735888,-0.119874,-0.386777,-0.223472,0.320811,-2.661535,-0.227245,2.459018,1.341780
28.846079,0.000000,0.000000,0.000000,0.000000,0.000000,0.000000,0.000000,0.409965,-0.062257,0.167030,0.967568,-0.224835,0.029298,0.111366,0.411506,-0.062333,0.168716,0.968861,-0.223452,0.027317,0.103106,2.951949,-0.099173,-0.443901,0.000532,-0.000453,0.000695,-0.000250,-0.003445,-0.003624,-1.892923,0.180699,-1.975168,-1.491951,-0.725467,-0.111293,-0.386779,-0.223475,0.320806,-2.661534,-0.227248,2.459019,1.342024
28.895580,0.000000,0.000000,0.000000,0.000000,0.000000,0.000000,0.000000,0.409965,-0.062257,0.167030,0.967568,-0.224835,0.029298,0.111366,0.411505,-0.062333,0.168716,0.968849,-0.223507,0.027322,0.103105,2.951959,-0.099193,-0.444012,0.000485,0.000143,0.000977,-0.000573,-0.002745,-0.003125,-1.920940,0.187038,-1.994907,-1.489030,-0.727207,-0.105118,-0.386780,-0.223476,0.320804,-2.661533,-0.227248,2.459016,1.342133
28.947071,0.000000,0.000000,0.000000,0.000000,0.000000,0.000000,0.000000,0.409965,-0.062257,0.167030,0.967568,-0.224835,0.029298,0.111366,0.411505,-0.062333,0.168715,0.968822,-0.223622,0.027333,0.103101,2.951983,-0.099235,-0.444247,-0.000020,-0.000245,0.000225,0.000953,-0.000942,-0.006377,-1.917513,0.164941,-1.999680,-1.487769,-0.729372,-0.116705,-0.386781,-0.223473,0.320807,-2.661532,-0.227244,2.459016,1.342369
28.996409,0.000000,0.000000,0.000000,0.000000,0.000000,0.000000,0.000000,0.409965,-0.062257,0.167030,0.967568,-0.224835,0.029298,0.111366,0.411503,-0.062334,0.168714,0.968807,-0.223685,0.027339,0.103101,2.951993,-0.099259,-0.444375,-0.000744,0.000455,-0.000684,-0.000690,0.002915,0.002042,-1.923311,0.202288,-2.061567,-1.505327,-0.706914,-0.105222,-0.386780,-0.223475,0.320804,-2.661537,-0.227249,2.459016,1.342502
29.046237,0.000000,0.000000,0.000000,0.000000,0.000000,0.000000,0.000000,0.409965,-0.062257,0.167030,0.967568,-0.224835,0.029298,0.111366,0.411504,-0.062335,0.168714,0.968794,-0.223743,0.027344,0.103098,2.952006,-0.099279,-0.444493,0.000038,0.000092,-0.000161,-0.000271,0.000331,-0.001446,-1.966222,0.203774,-1.997388,-1.497906,-0.739759,-0.106495,-0.386786,-0.223473,0.320807,-2.661534,-0.227245,2.459014,1.342615
29.096120,0.000000,0.000000,0.000000,0.000000,0.000000,0.000000,0.000000,0.409965,-0.062257,0.167030,0.967568,-0.224835,0.029298,0.111366,0.411504,-0.062334,0.168714,0.968768,-0.223855,0.027357,0.103096,2.952027,-0.099326,-0.444722,0.000284,0.000307,0.000188,-0.000336,-0.001026,-0.000670,-1.932091,0.215838,-2.035482,-1.511657,-0.716537,-0.106340,-0.386785,-0.223474,0.320808,-2.661536,-0.227249,2.459018,1.342853
29.145378,0.000000,0.000000,0.000000,0.000000,0.000000,0.000000,0.000000,0.409965,-0.062257,0.167030,0.967568,-0.224835,0.029298,0.111366,0.411504,-0.062334,0.168715,0.968748,-0.223944,0.027367,0.103092,2.952047,-0.099360,-0.444902,-0.000068,0.000489,-0.000039,-0.000041,-0.000817,-0.005062,-1.906967,0.174006,-2.110553,-1.493000,-0.677809,-0.117727,-0.386783,-0.223476,0.320805,-2.661535,-0.227245,2.459016,1.343030
29.196184,0.000000,0.000000,0.000000,0.000000,0.000000,0.000000,0.000000,0.409965,-0.062257,0.167030,0.967568,-0.224835,0.029298,0.111366,0.411504,-0.062336,0.168715,0.968726,-0.224039,0.027377,0.103090,2.952066,-0.099397,-0.445098,-0.000516,-0.000246,-0.000265,0.000736,0.000134,-0.004778,-1.942767,0.164116,-2.117798,-1.497438,-0.689422,-0.126908,-0.386785,-0.223475,0.320804,-2.661537,-0.227247,2.459018,1.343227
29.246284,0.000000,0.000000,0.000000,0.000000,0.000000,0.000000,0.000000,0.409965,-0.062257,0.167030,0.967568,-0.224835,0.029298,0.111366,0.411503,-0.062334,0.168714,0.968704,-0.224131,0.027386,0.103088,2.952083,-0.099431,-0.445285,0.000081,0.000426,-0.000071,-0.000576,-0.000408,0.000206,-1.946698,0.221937,-1.976257,-1.532273,-0.751705,-0.108551,-0.386785,-0.223473,0.320809,-2.661536,-0.227248,2.459017,1.343422
29.296221,0.000000,0.000000,0.000000,0.000000,0.000000,0.000000,0.000000,0.409965,-0.062257,0.167030,0.967568,-0.224835,0.029298,0.111366,0.411504,-0.062336,0.168717,0.968693,-0.224178,0.027394,0.103087,2.952093,-0.099457,-0.445379,-0.000172,-0.000219,-0.000157,-0.001170,-0.000607,0.001616,-1.875740,0.260206,-2.067272,-1.535443,-0.685983,-0.088689,-0.386785,-0.223480,0.320804,-2.661537,-0.227251,2.459019,1.343515
29.345810,0.000000,0.000000,0.000000,0.000000,0.000000,0.000000,0.000000,0.409965,-0.062257,0.167030,0.967568,-0.224835,0.029298,0.111366,0.411504,-0.062336,0.168716,0.968667,-0.224291,0.027405,0.103085,2.952113,-0.099498,-0.445610,-0.000573,-0.000245,-0.000208,-0.000850,0.000307,-0.004070,-1.912431,0.234787,-2.013273,-1.533469,-0.720121,-0.106333,-0.386786,-0.223479,0.320807,-2.661536,-0.227251,2.459015,1.343751
29.396373,0.000000,0.000000,0.000000,0.000000,0.000000,0.000000,0.000000,0.409965,-0.062257,0.167030,0.967568,-0.224835,0.029298,0.111366,0.411502,-0.062338,0.168714,0.968647,-0.224378,0.027410,0.103081,2.952132,-0.099524,-0.445787,-0.000462,-0.001180,-0.000100,-0.000128,0.000913,-0.003032,-1.915270,0.247289,-2.028433,-1.543616,-0.710798,-0.104810,-0.386789,-0.223474,0.320804,-2.661537,-0.227248,2.459015,1.343922
29.447178,0.000000,0.000000,0.000000,0.000000,0.000000,0.000000,0.000000,0.409965,-0.062257,0.167030,0.967568,-0.224835,0.029298,0.111366,0.411504,-0.062335,0.168717,0.968634,-0.224435,0.027420,0.103079,2.952145,-0.099554,-0.445904,0.000065,0.000113,-0.000044,0.000510,-0.001165,-0.002133,-1.939920,0.241837,-2.005551,-1.534146,-0.723096,-0.105338,-0.386785,-0.223479,0.320806,-2.661535,-0.227247,2.459015,1.344045
29.497146,0.000000,0.000000,0.000000,0.000000,0.000000,0.000000,0.000000,0.409965,-0.062257,0.167030,0.967568,-0.224835,0.029298,0.111366,0.411503,-0.062337,0.168715,0.968611,-0.224536,0.027428,0.103077,2.952163,-0.099588,-0.446109,-0.000472,-0.000076,-0.000212,0.000099,0.000497,-0.005229,-1.931733,0.183236,-2.040504,-1.515516,-0.716381,-0.130352,-0.386790,-0.223477,0.320806,-2.661537,-0.227248,2.459014,1.344249
29.547264,0.000000,0.000000,0.000000,0.000000,0.000000,0.000000,0.000000,0.409965,-0.062257,0.167030,0.967568,-0.224835,0.029298,0.111366,0.411504,-0.062335,0.168714,0.968589,-0.224631,0.027439,0.103073,2.952186,-0.099625,-0.446303,-0.000024,-0.000135,-0.000253,0.000887,0.000042,-0.005497,-1.903152,0.240319,-2.016709,-1.546391,-0.710350,-0.110461,-0.386786,-0.223472,0.320806,-2.661535,-0.227247,2.459018,1.344448
29.598070,0.000000,0.000000,0.000000,0.000000,0.000000,0.000000,0.000000,0.409965,-0.062257,0.167030,0.967568,-0.224835,0.029298,0.111366,0.411503,-0.062336,0.168716,0.968579,-0.224673,0.027444,0.103074,2.952189,-0.099645,-0.446388,-0.000734,0.000108,-0.000159,-0.001028,0.001640,-0.000793,-1.889631,0.234707,-2.076090,-1.541896,-0.683425,-0.110690,-0.386786,-0.223481,0.320807,-2.661538,-0.227250,2.459013,1.344538
29.648336,0.000000,0.000000,0.000000,0.000000,0.000000,0.000000,0.000000,0.409965,-0.062257,0.167030,0.967568,-0.224835,0.029298,0.111366,0.411501,-0.062337,0.168713,0.968572,-0.224703,0.027443,0.103072,2.952197,-0.099647,-0.446450,-0.000540,-0.000267,-0.000027,-0.000015,0.000788,-0.000165,-1.913809,0.220697,-2.020853,-1.529911,-0.715641,-0.112245,-0.386788,-0.223475,0.320803,-2.661539,-0.227246,2.459013,1.344592
29.698392,0.000000,0.000000,0.000000,0.000000,0.000000,0.000000,0.000000,0.409965,-0.062257,0.167030,0.967568,-0.224835,0.029298,0.111366,0.411502,-0.062335,0.168714,0.968567,-0.224725,0.027449,0.103072,2.952201,-0.099663,-0.446495,-0.000423,0.000039,-0.000449,0.000221,0.001588,0.000003,-1.866887,0.231129,-2.118155,-1.527677,-0.667595,-0.103522,-0.386788,-0.223477,0.320810,-2.661540,-0.227248,2.459016,1.344647
29.747541,0.000000,0.000000,0.000000,0.000000,0.000000,0.000000,0.000000,0.409965,-0.062257,0.167030,0.967568,-0.224835,0.029298,0.111366,0.411504,-0.062337,0.168713,0.968549,-0.224804,0.027455,0.103068,2.952220,-0.099687,-0.446656,0.000566,0.000427,-0.000331,0.000796,-0.001421,-0.007259,-1.963045,0.226857,-2.047380,-1.537910,-0.724581,-0.117264,-0.386788,-0.223467,0.320804,-2.661533,-0.227247,2.459015,1.344802
29.798342,0.000000,0.000000,0.000000,0.000000,0.000000,0.000000,0.000000,0.409965,-0.062257,0.167030,0.967568,-0.224835,0.029298,0.111366,0.411504,-0.062335,0.168717,0.968527,-0.224895,0.027471,0.103068,2.952235,-0.099737,-0.446842,0.000019,-0.000050,0.000029,-0.000800,-0.000687,-0.000047,-1.903536,0.227210,-2.064364,-1.532794,-0.699737,-0.109136,-0.386789,-0.223481,0.320812,-2.661537,-0.227251,2.459017,1.345001
29.848387,0.000000,0.000000,0.000000,0.000000,0.000000,0.000000,0.000000,0.409965,-0.062257,0.167030,0.967568,-0.224835,0.029298,0.111366,0.411504,-0.062336,0.168716,0.968521,-0.224922,0.027473,0.103065,2.952244,-0.099744,-0.446895,-0.000158,0.000179,-0.000327,0.000702,-0.000281,-0.000865,-1.854351,0.209495,-2.082726,-1.519257,-0.670317,-0.112920,-0.386787,-0.223478,0.320806,-2.661537,-0.227249,2.459019,1.345049
29.898590,0.000000,0.000000,0.000000,0.000000,0.000000,0.000000,0.000000,0.409965,-0.062257,0.167030,0.967568,-0.224835,0.029298,0.111366,0.411503,-0.062334,0.168715,0.968516,-0.224943,0.027471,0.103066,2.952245,-0.099746,-0.446940,-0.000458,0.000806,-0.000494,0.000336,0.001243,-0.000386,-1.918458,0.225932,-2.073862,-1.524522,-0.688927,-0.109956,-0.386786,-0.223477,0.320812,-2.661537,-0.227247,2.459012,1.345099
29.948504,0.000000,0.000000,0.000000,0.000000,0.000000,0.000000,0.000000,0.409965,-0.062257,0.167030,0.967568,-0.224835,0.029298,0.111366,0.411502,-0.062337,0.168715,0.968511,-0.224966,0.027473,0.103065,2.952249,-0.099754,-0.446986,-0.000011,-0.000194,0.000265,0.000054,-0.000702,-0.001281,-1.952432,0.257407,-1.983518,-1.535408,-0.739149,-0.098259,-0.386792,-0.223477,0.320808,-2.661537,-0.227247,2.459012,1.345137
29.999378,0.000000,0.000000,0.000000,0.000000,0.000000,0.000000,0.000000,0.409965,-0.062257,0.167030,0.967568,-0.224835,0.029298,0.111366,0.411502,-0.062338,0.168715,0.968506,-0.224984,0.027475,0.103065,2.952253,-0.099760,-0.447024,-0.000466,-0.000174,-0.000627,0.000219,0.001394,-0.001115,-1.930970,0.209830,-1.990809,-1.516442,-0.728131,-0.114569,-0.386791,-0.223476,0.320805,-2.661537,-0.227249,2.459013,1.345175
30.050212,0.000000,0.000000,0.000000,0.000000,0.000000,0.000000,0.000000,0.409965,-0.062257,0.167030,0.967568,-0.224835,0.029298,0.111366,0.411504,-0.062338,0.168716,0.968503,-0.224998,0.027479,0.103065,2.952256,-0.099771,-0.447050,0.000485,-0.000314,0.000518,0.000630,-0.002247,-0.001084,-1.945849,0.220352,-2.005353,-1.522350,-0.727752,-0.110170,-0.386789,-0.223478,0.320805,-2.661536,-0.227251,2.459014,1.345205
30.099845,0.000000,0.000000,0.000000,0.000000,0.000000,0.000000,0.000000,0.409965,-0.062257,0.167030,0.967568,-0.224835,0.029298,0.111366,0.411504,-0.062339,0.168717,0.968500,-0.225011,0.027481,0.103063,2.952262,-0.099777,-0.447078,0.000625,-0.000163,0.000639,0.001128,-0.003230,-0.003422,-1.964421,0.263236,-2.017143,-1.528860,-0.725409,-0.090928,-0.386791,-0.223479,0.320804,-2.661535,-0.227247,2.459016,1.345227
30.148468,0.000000,0.000000,0.000000,0.000000,0.000000,0.000000,0.000000,0.409965,-0.062257,0.167030,0.967568,-0.224835,0.029298,0.111366,0.411504,-0.062335,0.168716,0.968501,-0.225009,0.027480,0.103065,2.952258,-0.099775,-0.447074,0.000052,0.000028,0.000101,0.000267,0.000320,-0.000745,-1.895715,0.193074,-2.041548,-1.496055,-0.690675,-0.111107,-0.386789,-0.223478,0.320811,-2.661534,-0.227249,2.459012,1.345234
30.199469,0.000000,0.000000,0.000000,0.000000,0.000000,0.000000,0.000000,0.409965,-0.062257,0.167030,0.967568,-0.224835,0.029298,0.111366,0.411503,-0.062339,0.168717,0.968498,-0.225019,0.027481,0.103065,2.952258,-0.099780,-0.447093,-0.000623,-0.000566,0.000167,-0.000456,0.000596,-0.002144,-1.950635,0.148089,-2.014466,-1.486197,-0.726883,-0.128221,-0.386793,-0.223482,0.320805,-2.661536,-0.227251,2.459012,1.345245
30.252802,0.000000,0.000000,0.000000,0.000000,0.000000,0.000000,0.000000,0.409965,-0.062257,0.167030,0.967568,-0.224835,0.029298,0.111366,0.411503,-0.062338,0.168715,0.968498,-0.225021,0.027480,0.103064,2.952260,-0.099777,-0.447099,-0.000444,-0.000604,0.000138,-0.000687,0.000339,-0.000178,-1.984890,0.232837,-1.983034,-1.515156,-0.745727,-0.097059,-0.386791,-0.223477,0.320805,-2.661536,-0.227250,2.459013,1.345251
30.300705,0.000000,0.000000,0.000000,0.000000,0.000000,0.000000,0.000000,0.409965,-0.062257,0.167030,0.967568,-0.224835,0.029298,0.111366,0.411505,-0.062338,0.168717,0.968496,-0.225030,0.027484,0.103064,2.952262,-0.099788,-0.447116,0.000327,0.000228,0.000211,-0.000482,-0.001164,-0.000519,-1.946868,0.206428,-2.020211,-1.506770,-0.722593,-0.108903,-0.386792,-0.223478,0.320807,-2.661534,-0.227253,2.459016,1.345273
30.350244,0.000000,0.000000,0.000000,0.000000,0.000000,0.000000,0.000000,0.409965,-0.062257,0.167030,0.967568,-0.224835,0.029298,0.111366,0.411502,-0.062338,0.168714,0.968493,-0.225042,0.027480,0.103063,2.952264,-0.099781,-0.447141,-0.000323,0.000555,-0.000625,0.000862,0.001192,-0.001867,-1.937708,0.205217,-1.985003,-1.511140,-0.728375,-0.108109,-0.386792,-0.223475,0.320807,-2.661536,-0.227249,2.459011,1.345294
30.400088,0.000000,0.000000,0.000000,0.000000,0.000000,0.000000,0.000000,0.409965,-0.062257,0.167030,0.967568,-0.224835,0.029298,0.111366,0.411504,-0.062341,0.168717,0.968491,-0.225048,0.027486,0.103064,2.952265,-0.099794,-0.447152,-0.000190,-0.000745,0.000100,-0.000982,-0.000152,-0.000811,-1.900004,0.236164,-2.050131,-1.512028,-0.695065,-0.092197,-0.386796,-0.223481,0.320804,-2.661537,-0.227254,2.459016,1.345303
30.449517,0.000000,0.000000,0.000000,0.000000,0.000000,0.000000,0.000000,0.409965,-0.062257,0.167030,0.967568,-0.224835,0.029298,0.111366,0.411502,-0.062339,0.168715,0.968490,-0.225056,0.027484,0.103062,2.952270,-0.099790,-0.447170,-0.000096,0.000375,-0.000504,0.001234,0.000517,-0.001797,-1.917109,0.186937,-2.038757,-1.491548,-0.698657,-0.112293,-0.386796,-0.223478,0.320807,-2.661538,-0.227245,2.459015,1.345316
30.500313,0.000000,0.000000,0.000000,0.000000,0.000000,0.000000,0.000000,0.409965,-0.062257,0.167030,0.967568,-0.224835,0.029298,0.111366,0.411503,-0.062339,0.168716,0.968489,-0.225057,0.027484,0.103063,2.952268,-0.099792,-0.447172,-0.000121,0.000126,-0.000282,0.000773,-0.000063,-0.001520,-1.985214,0.248026,-1.956831,-1.510088,-0.747802,-0.089490,-0.386794,-0.223477,0.320805,-2.661537,-0.227251,2.459015,1.345324
30.549501,0.000000,0.000000,0.000000,0.000000,0.000000,0.000000,0.000000,0.409965,-0.062257,0.167030,0.967568,-0.224835,0.029298,0.111366,0.411504,-0.062338,0.168717,0.968489,-0.225058,0.027486,0.103064,2.952267,-0.099796,-0.447173,0.000672,0.000360,0.000821,-0.001005,-0.001860,0.001508,-1.958561,0.232816,-1.981348,-1.505237,-0.733808,-0.094535,-0.386794,-0.223480,0.320809,-2.661535,-0.227250,2.459013,1.345328
30.599500,0.000000,0.000000,0.000000,0.000000,0.000000,0.000000,0.000000,0.409965,-0.062257,0.167030,0.967568,-0.224835,0.029298,0.111366,0.411502,-0.062338,0.168715,0.968489,-0.225061,0.027482,0.103063,2.952267,-0.099790,-0.447181,-0.000002,0.000755,-0.000250,0.000068,0.001317,0.000498,-1.944677,0.161733,-1.992487,-1.479355,-0.726482,-0.121955,-0.386792,-0.223477,0.320808,-2.661536,-0.227249,2.459010,1.345335
