t,act_x,act_y,act_z,act_r,act_p,act_yaw,r1,tgt_x,tgt_y,tgt_z,tgt_qx,tgt_qy,tgt_qz,tgt_qw,mes_x,mes_y,mes_z,mes_qx,mes_qy,mes_qz,mes_qw,mes_roll,mes_pitch,mes_yaw,vel_x,vel_y,vel_z,vel_r,vel_p,vel_yaw,fx,fy,fz,tx,ty,tz,q0,q1,q2,q3,q4,q5,q6
0.008248,0.000000,0.000000,0.000000,0.000000,0.000000,0.000000,0.000000,0.469139,-0.208962,0.218409,0.997902,-0.062303,0.017520,0.001497,0.469140,-0.208965,0.218410,0.997902,-0.062303,0.017521,0.001499,3.140783,-0.035163,-0.124691,-0.000177,-0.000936,0.000186,-0.000575,-0.000153,-0.002409,-2.033152,0.706469,0.917396,-0.476878,-1.443160,-0.027181,-0.557447,-0.038197,0.134722,-2.309877,0.019787,2.305781,0.474347
0.053853,0.000000,0.000000,0.000000,0.000000,0.000000,0.000000,0.000000,0.469139,-0.208962,0.218409,0.997902,-0.062303,0.017520,0.001497,0.469138,-0.208962,0.218406,0.997902,-0.062302,0.017517,0.001495,3.140791,-0.035154,-0.124690,-0.000032,0.000778,-0.000595,0.002005,0.000051,-0.000957,-2.081550,0.696069,1.020381,-0.491039,-1.509509,-0.038455,-0.557448,-0.038193,0.134725,-2.309882,0.019794,2.305780,0.474344
0.104899,0.000000,0.000000,0.000000,0.000000,0.000000,0.000000,0.000000,0.469139,-0.208962,0.218409,0.997902,-0.062303,0.017520,0.001497,0.469140,-0.208961,0.218408,0.997903,-0.062299,0.017519,0.001496,3.140789,-0.035157,-0.124685,0.000209,0.001074,-0.000031,0.001541,0.000487,0.001210,-2.065351,0.665095,0.905462,-0.457455,-1.451486,-0.048427,-0.557443,-0.038194,0.134724,-2.309878,0.019793,2.305778,0.474342
0.155966,0.000000,0.000000,0.000000,0.000000,0.000000,0.000000,0.000000,0.469139,-0.208962,0.218409,0.997902,-0.062303,0.017520,0.001497,0.469142,-0.208961,0.218411,0.997903,-0.062297,0.017522,0.001499,3.140784,-0.035164,-0.124681,0.000746,0.000940,0.000635,-0.000246,-0.000386,0.002695,-2.064659,0.708452,0.963166,-0.486515,-1.473668,-0.030346,-0.557443,-0.038197,0.134727,-2.309875,0.019789,2.305780,0.474345
0.209948,0.000000,0.000000,0.000000,0.000000,0.000000,0.000000,0.000000,0.469139,-0.208962,0.218409,0.997902,-0.062303,0.017520,0.001497,0.469139,-0.208964,0.218409,0.997903,-0.062300,0.017519,0.001498,3.140784,-0.035159,-0.124686,-0.000257,-0.000473,0.000481,-0.000799,-0.000488,0.000452,-2.047059,0.622016,0.914032,-0.442113,-1.445787,-0.067550,-0.557447,-0.038197,0.134723,-2.309880,0.019788,2.305780,0.474342
0.264674,0.000000,0.000000,0.000000,0.000000,0.000000,0.000000,0.000000,0.469139,-0.208962,0.218409,0.997902,-0.062303,0.017520,0.001497,0.469140,-0.208962,0.218410,0.997903,-0.062300,0.017521,0.001497,3.140788,-0.035163,-0.124687,-0.000012,-0.000654,0.000416,0.000548,-0.001896,-0.001576,-2.034111,0.678832,0.931496,-0.465368,-1.446899,-0.040284,-0.557445,-0.038197,0.134724,-2.309879,0.019795,2.305781,0.474341
0.309463,0.000000,0.000000,0.000000,0.000000,0.000000,0.000000,0.000000,0.469139,-0.208962,0.218409,0.997902,-0.062303,0.017520,0.001497,0.469140,-0.208963,0.218409,0.997903,-0.062300,0.017520,0.001497,3.140788,-0.035160,-0.124687,-0.000299,-0.000522,0.000372,0.000415,0.000426,-0.000638,-2.047841,0.659483,0.920880,-0.451047,-1.450176,-0.050352,-0.557448,-0.038194,0.134725,-2.309877,0.019793,2.305779,0.474341
0.355771,0.000000,0.000000,0.000000,0.000000,0.000000,0.000000,0.000000,0.469139,-0.208962,0.218409,0.997902,-0.062303,0.017520,0.001497,0.469142,-0.208960,0.218408,0.997903,-0.062297,0.017519,0.001498,3.140786,-0.035159,-0.124680,0.000924,0.000298,0.001311,-0.001228,-0.002071,0.001157,-2.082402,0.674526,0.976988,-0.474276,-1.486143,-0.048579,-0.557444,-0.038193,0.134729,-2.309877,0.019789,2.305780,0.474345
0.403952,0.000000,0.000000,0.000000,0.000000,0.000000,0.000000,0.000000,0.469139,-0.208962,0.218409,0.997902,-0.062303,0.017520,0.001497,0.469141,-0.208960,0.218409,0.997903,-0.062296,0.017520,0.001499,3.140784,-0.035161,-0.124677,0.000604,0.001126,0.000389,-0.000940,-0.000860,0.003301,-2.097007,0.720184,0.967156,-0.484970,-1.489066,-0.028623,-0.557441,-0.038198,0.134727,-2.309880,0.019788,2.305781,0.474343
0.455021,0.000000,0.000000,0.000000,0.000000,0.000000,0.000000,0.000000,0.469139,-0.208962,0.218409,0.997902,-0.062303,0.017520,0.001497,0.469139,-0.208960,0.218408,0.997903,-0.062301,0.017519,0.001496,3.140790,-0.035159,-0.124688,-0.000199,0.000603,-0.000176,0.001043,0.000028,-0.001009,-2.047710,0.729232,0.988293,-0.497020,-1.478368,-0.015543,-0.557442,-0.038197,0.134725,-2.309883,0.019795,2.305781,0.474346
0.505197,0.000000,0.000000,0.000000,0.000000,0.000000,0.000000,0.000000,0.469139,-0.208962,0.218409,0.997902,-0.062303,0.017520,0.001497,0.469139,-0.208964,0.218408,0.997903,-0.062301,0.017518,0.001496,3.140788,-0.035155,-0.124687,-0.000056,-0.000232,-0.000525,0.000687,0.001409,0.000014,-2.047528,0.696841,0.970478,-0.483439,-1.471694,-0.030394,-0.557445,-0.038192,0.134721,-2.309875,0.019791,2.305775,0.474342
0.555132,0.000000,0.000000,0.000000,0.000000,0.000000,0.000000,0.000000,0.469139,-0.208962,0.218409,0.997902,-0.062303,0.017520,0.001497,0.469140,-0.208962,0.218409,0.997903,-0.062296,0.017520,0.001499,3.140784,-0.035160,-0.124677,0.000138,-0.000093,0.000310,-0.001368,0.000140,0.002468,-2.067904,0.593462,0.959857,-0.440207,-1.466741,-0.086899,-0.557445,-0.038195,0.134725,-2.309878,0.019788,2.305781,0.474337
0.605027,0.000000,0.000000,0.000000,0.000000,0.000000,0.000000,0.000000,0.469139,-0.208962,0.218409,0.997902,-0.062303,0.017520,0.001497,0.469138,-0.208964,0.218406,0.997903,-0.062302,0.017517,0.001497,3.140787,-0.035153,-0.124689,-0.000270,-0.000344,-0.000340,0.000106,0.001010,-0.000662,-2.070794,0.665267,0.956571,-0.469991,-1.466372,-0.056948,-0.557447,-0.038192,0.134722,-2.309880,0.019788,2.305779,0.474345
0.654880,0.000000,0.000000,0.000000,0.000000,0.000000,0.000000,0.000000,0.469139,-0.208962,0.218409,0.997902,-0.062303,0.017520,0.001497,0.469139,-0.208963,0.218408,0.997903,-0.062299,0.017519,0.001498,3.140786,-0.035157,-0.124685,-0.000172,-0.000350,0.000090,0.000343,0.000278,-0.000899,-1.981598,0.723431,0.955854,-0.485974,-1.438514,-0.009968,-0.557442,-0.038195,0.134720,-2.309879,0.019789,2.305779,0.474342
0.705251,0.000000,0.000000,0.000000,0.000000,0.000000,0.000000,0.000000,0.469139,-0.208962,0.218409,0.997902,-0.062303,0.017520,0.001497,0.469141,-0.208961,0.218409,0.997903,-0.062297,0.017521,0.001498,3.140785,-0.035162,-0.124681,0.000244,0.000147,0.000819,-0.001318,-0.001167,0.002036,-2.038627,0.674861,0.965711,-0.467778,-1.463367,-0.042372,-0.557445,-0.038195,0.134727,-2.309878,0.019790,2.305783,0.474342
0.755249,0.000000,0.000000,0.000000,0.000000,0.000000,0.000000,0.000000,0.469139,-0.208962,0.218409,0.997902,-0.062303,0.017520,0.001497,0.469139,-0.208964,0.218410,0.997903,-0.062298,0.017520,0.001499,3.140784,-0.035161,-0.124683,-0.000094,-0.000677,0.000986,-0.000854,-0.001010,0.000970,-2.050951,0.660034,1.030896,-0.481024,-1.493440,-0.049742,-0.557448,-0.038199,0.134724,-2.309879,0.019788,2.305779,0.474339
0.805944,0.000000,0.000000,0.000000,0.000000,0.000000,0.000000,0.000000,0.469139,-0.208962,0.218409,0.997902,-0.062303,0.017520,0.001497,0.469138,-0.208964,0.218409,0.997903,-0.062300,0.017518,0.001499,3.140783,-0.035157,-0.124685,-0.000031,-0.000390,0.000103,-0.000704,0.000740,-0.000661,-2.058619,0.657192,0.907933,-0.457768,-1.449475,-0.056124,-0.557447,-0.038197,0.134724,-2.309880,0.019785,2.305778,0.474344
0.856876,0.000000,0.000000,0.000000,0.000000,0.000000,0.000000,0.000000,0.469139,-0.208962,0.218409,0.997902,-0.062303,0.017520,0.001497,0.469139,-0.208960,0.218407,0.997903,-0.062300,0.017518,0.001496,3.140789,-0.035156,-0.124686,-0.000157,0.000903,-0.000518,0.000793,0.000958,-0.000241,-2.079729,0.639256,0.965348,-0.456816,-1.481294,-0.068885,-0.557445,-0.038196,0.134727,-2.309883,0.019792,2.305779,0.474345
0.906951,0.000000,0.000000,0.000000,0.000000,0.000000,0.000000,0.000000,0.469139,-0.208962,0.218409,0.997902,-0.062303,0.017520,0.001497,0.469140,-0.208961,0.218408,0.997903,-0.062300,0.017520,0.001496,3.140789,-0.035160,-0.124685,0.000158,0.000096,-0.000334,0.000979,0.000146,0.000749,-2.031746,0.694091,0.964423,-0.476311,-1.459151,-0.031211,-0.557447,-0.038195,0.134727,-2.309880,0.019794,2.305782,0.474342
0.956873,0.000000,0.000000,0.000000,0.000000,0.000000,0.000000,0.000000,0.469139,-0.208962,0.218409,0.997902,-0.062303,0.017520,0.001497,0.469140,-0.208963,0.218409,0.997902,-0.062302,0.017521,0.001497,3.140787,-0.035162,-0.124689,0.000218,-0.000489,0.000228,-0.000049,-0.001908,-0.001987,-2.093921,0.663970,0.984724,-0.468240,-1.494681,-0.057098,-0.557447,-0.038197,0.134725,-2.309881,0.019793,2.305783,0.474344
1.006754,0.000000,0.000000,0.000000,0.000000,0.000000,0.000000,0.000000,0.469139,-0.208962,0.218409,0.997902,-0.062303,0.017520,0.001497,0.469139,-0.208963,0.218408,0.997902,-0.062301,0.017519,0.001497,3.140787,-0.035158,-0.124688,0.000025,0.000455,-0.000478,0.000567,0.001548,0.001906,-2.062618,0.641057,1.043549,-0.470121,-1.508985,-0.062314,-0.557448,-0.038193,0.134726,-2.309878,0.019791,2.305781,0.474344
1.057199,0.000000,0.000000,0.000000,0.000000,0.000000,0.000000,0.000000,0.469139,-0.208962,0.218409,0.997902,-0.062303,0.017520,0.001497,0.469140,-0.208960,0.218409,0.997903,-0.062301,0.017519,0.001497,3.140788,-0.035159,-0.124688,-0.000097,0.000497,0.000255,0.000217,0.000754,-0.001122,-2.016937,0.670909,0.896275,-0.453102,-1.430044,-0.037013,-0.557445,-0.038197,0.134727,-2.309880,0.019792,2.305779,0.474348
1.106384,0.000000,0.000000,0.000000,0.000000,0.000000,0.000000,0.000000,0.469139,-0.208962,0.218409,0.997902,-0.062303,0.017520,0.001497,0.469141,-0.208960,0.218407,0.997903,-0.062295,0.017518,0.001497,3.140786,-0.035156,-0.124676,0.000479,0.000475,0.000015,-0.001087,0.000135,0.003011,-2.033899,0.596630,0.958984,-0.434886,-1.459572,-0.076431,-0.557445,-0.038193,0.134730,-2.309879,0.019789,2.305779,0.474340
1.159431,0.000000,0.000000,0.000000,0.000000,0.000000,0.000000,0.000000,0.469139,-0.208962,0.218409,0.997902,-0.062303,0.017520,0.001497,0.469138,-0.208965,0.218408,0.997902,-0.062302,0.017519,0.001497,3.140787,-0.035158,-0.124690,-0.000569,-0.000537,-0.000497,0.001072,0.000553,-0.001806,-2.049802,0.680862,0.960492,-0.473818,-1.466499,-0.041346,-0.557450,-0.038195,0.134724,-2.309880,0.019791,2.305781,0.474342
1.207968,0.000000,0.000000,0.000000,0.000000,0.000000,0.000000,0.000000,0.469139,-0.208962,0.218409,0.997902,-0.062303,0.017520,0.001497,0.469141,-0.208963,0.218412,0.997902,-0.062300,0.017523,0.001499,3.140783,-0.035166,-0.124686,0.000378,-0.000486,0.000909,-0.000061,-0.002119,-0.002232,-2.077260,0.644152,0.939907,-0.454760,-1.466696,-0.062546,-0.557445,-0.038200,0.134724,-2.309877,0.019790,2.305780,0.474344
1.257087,0.000000,0.000000,0.000000,0.000000,0.000000,0.000000,0.000000,0.469139,-0.208962,0.218409,0.997902,-0.062303,0.017520,0.001497,0.469138,-0.208962,0.218408,0.997903,-0.062298,0.017518,0.001498,3.140786,-0.035157,-0.124681,-0.000557,-0.000262,-0.000042,-0.000413,0.001296,0.000523,-2.047556,0.700159,1.003571,-0.493710,-1.489356,-0.032007,-0.557445,-0.038197,0.134724,-2.309883,0.019789,2.305781,0.474340
1.308028,0.000000,0.000000,0.000000,0.000000,0.000000,0.000000,0.000000,0.469139,-0.208962,0.218409,0.997902,-0.062303,0.017520,0.001497,0.469139,-0.208964,0.218410,0.997903,-0.062297,0.017519,0.001499,3.140783,-0.035159,-0.124680,-0.000152,-0.000765,0.000334,-0.001192,-0.000198,0.000935,-2.078799,0.717247,0.954694,-0.493362,-1.477303,-0.031896,-0.557446,-0.038198,0.134724,-2.309878,0.019787,2.305778,0.474338
1.357198,0.000000,0.000000,0.000000,0.000000,0.000000,0.000000,0.000000,0.469139,-0.208962,0.218409,0.997902,-0.062303,0.017520,0.001497,0.469138,-0.208961,0.218404,0.997903,-0.062297,0.017515,0.001497,3.140788,-0.035151,-0.124679,-0.000621,0.000260,-0.001398,0.000390,0.002874,0.001801,-2.069034,0.649247,0.932851,-0.457579,-1.460866,-0.062150,-0.557442,-0.038191,0.134724,-2.309883,0.019788,2.305781,0.474340
1.407228,0.000000,0.000000,0.000000,0.000000,0.000000,0.000000,0.000000,0.469139,-0.208962,0.218409,0.997902,-0.062303,0.017520,0.001497,0.469139,-0.208963,0.218407,0.997903,-0.062301,0.017518,0.001498,3.140786,-0.035157,-0.124688,0.000200,0.000157,-0.000661,-0.000000,0.000896,0.000077,-2.059932,0.671288,0.965388,-0.469597,-1.475691,-0.047445,-0.557445,-0.038193,0.134724,-2.309879,0.019789,2.305781,0.474347
1.457258,0.000000,0.000000,0.000000,0.000000,0.000000,0.000000,0.000000,0.469139,-0.208962,0.218409,0.997902,-0.062303,0.017520,0.001497,0.469140,-0.208963,0.218410,0.997903,-0.062299,0.017521,0.001498,3.140785,-0.035162,-0.124684,0.000219,0.000039,0.000170,-0.000119,-0.001007,0.000210,-2.039465,0.640073,0.955445,-0.455589,-1.460675,-0.057884,-0.557444,-0.038197,0.134724,-2.309878,0.019790,2.305781,0.474342
1.507981,0.000000,0.000000,0.000000,0.000000,0.000000,0.000000,0.000000,0.469139,-0.208962,0.218409,0.997902,-0.062303,0.017520,0.001497,0.469140,-0.208962,0.218408,0.997903,-0.062298,0.017520,0.001498,3.140786,-0.035160,-0.124683,-0.000370,0.000224,-0.000580,0.000100,0.001021,0.000027,-2.010792,0.633866,0.911273,-0.445715,-1.427104,-0.056196,-0.557443,-0.038195,0.134724,-2.309880,0.019790,2.305783,0.474342
1.558118,0.000000,0.000000,0.000000,0.000000,0.000000,0.000000,0.000000,0.469139,-0.208962,0.218409,0.997902,-0.062303,0.017520,0.001497,0.469141,-0.208960,0.218410,0.997903,-0.062300,0.017522,0.001497,3.140788,-0.035164,-0.124686,0.000729,0.000652,0.000650,0.000746,-0.001889,-0.000197,-2.006810,0.674186,0.924315,-0.467165,-1.431091,-0.037513,-0.557442,-0.038199,0.134725,-2.309878,0.019795,2.305781,0.474346
1.608277,0.000000,0.000000,0.000000,0.000000,0.000000,0.000000,0.000000,0.469139,-0.208962,0.218409,0.997902,-0.062303,0.017520,0.001497,0.469140,-0.208962,0.218409,0.997903,-0.062299,0.017519,0.001497,3.140787,-0.035159,-0.124683,0.000193,-0.000239,0.000115,0.000301,-0.000136,0.001035,-2.054788,0.692027,0.989126,-0.481977,-1.476779,-0.034695,-0.557446,-0.038195,0.134725,-2.309878,0.019791,2.305779,0.474340
1.658222,0.000000,0.000000,0.000000,0.000000,0.000000,0.000000,0.000000,0.469139,-0.208962,0.218409,0.997902,-0.062303,0.017520,0.001497,0.469138,-0.208964,0.218407,0.997902,-0.062302,0.017518,0.001497,3.140787,-0.035156,-0.124690,-0.000450,-0.000540,-0.000605,0.000090,0.001235,-0.001919,-1.997002,0.653253,0.957587,-0.460331,-1.440180,-0.038459,-0.557447,-0.038193,0.134723,-2.309880,0.019790,2.305781,0.474346
1.710273,0.000000,0.000000,0.000000,0.000000,0.000000,0.000000,0.000000,0.469139,-0.208962,0.218409,0.997902,-0.062303,0.017520,0.001497,0.469140,-0.208960,0.218409,0.997903,-0.062298,0.017519,0.001498,3.140785,-0.035158,-0.124682,0.000243,0.001223,-0.000159,-0.000552,0.000930,0.003257,-2.080801,0.633431,0.977275,-0.455931,-1.484562,-0.065654,-0.557442,-0.038199,0.134727,-2.309880,0.019789,2.305778,0.474347
1.758969,0.000000,0.000000,0.000000,0.000000,0.000000,0.000000,0.000000,0.469139,-0.208962,0.218409,0.997902,-0.062303,0.017520,0.001497,0.469139,-0.208962,0.218408,0.997902,-0.062302,0.017520,0.001496,3.140789,-0.035160,-0.124689,-0.000517,-0.000059,-0.000045,0.000800,-0.000151,-0.000679,-2.060440,0.636204,0.902469,-0.443632,-1.447735,-0.061189,-0.557445,-0.038197,0.134724,-2.309882,0.019794,2.305782,0.474344
1.808442,0.000000,0.000000,0.000000,0.000000,0.000000,0.000000,0.000000,0.469139,-0.208962,0.218409,0.997902,-0.062303,0.017520,0.001497,0.469140,-0.208962,0.218409,0.997903,-0.062299,0.017520,0.001497,3.140788,-0.035160,-0.124684,0.000269,-0.000380,0.000647,0.000248,-0.001623,-0.000605,-2.102599,0.638543,0.946473,-0.459138,-1.482721,-0.071716,-0.557447,-0.038196,0.134725,-2.309878,0.019793,2.305779,0.474340
1.859181,0.000000,0.000000,0.000000,0.000000,0.000000,0.000000,0.000000,0.469139,-0.208962,0.218409,0.997902,-0.062303,0.017520,0.001497,0.469137,-0.208961,0.218407,0.997903,-0.062298,0.017516,0.001497,3.140786,-0.035152,-0.124683,-0.000579,0.000203,-0.000573,-0.000333,0.002013,0.000130,-2.013713,0.638713,0.935257,-0.456877,-1.435035,-0.057526,-0.557443,-0.038197,0.134724,-2.309884,0.019788,2.305777,0.474344
1.909258,0.000000,0.000000,0.000000,0.000000,0.000000,0.000000,0.000000,0.469139,-0.208962,0.218409,0.997902,-0.062303,0.017520,0.001497,0.469140,-0.208956,0.218347,0.997904,-0.062296,0.017469,0.001468,3.140838,-0.035055,-0.124679,0.000129,0.000313,-0.002114,0.002038,0.003694,0.000713,-1.799029,0.559122,0.755822,-0.394030,-1.273756,-0.051656,-0.557443,-0.038045,0.134729,-2.309845,0.019789,2.305780,0.474342
1.959195,0.000000,0.000000,0.000000,0.000000,0.000000,0.000000,0.000000,0.469139,-0.208962,0.218409,0.997902,-0.062303,0.017520,0.001497,0.469141,-0.208954,0.218243,0.997905,-0.062301,0.017385,0.001417,3.140931,-0.034880,-0.124690,0.000847,0.000739,-0.000778,0.000737,0.000954,0.000815,-1.662850,0.545800,0.886716,-0.423607,-1.282714,-0.037680,-0.557443,-0.037778,0.134724,-2.309774,0.019790,2.305779,0.474345
2.010300,0.000000,0.000000,0.000000,0.000000,0.000000,0.000000,0.000000,0.469139,-0.208962,0.218409,0.997902,-0.062303,0.017520,0.001497,0.469130,-0.208949,0.218164,0.997906,-0.062301,0.017318,0.001379,3.140999,-0.034742,-0.124692,-0.000354,0.000152,-0.001032,0.001199,0.002107,0.000304,-1.499108,0.457211,0.816119,-0.373583,-1.180307,-0.044182,-0.557446,-0.037609,0.134723,-2.309759,0.019793,2.305780,0.474339
2.059999,0.000000,0.000000,0.000000,0.000000,0.000000,0.000000,0.000000,0.469139,-0.208962,0.218409,0.997902,-0.062303,0.017520,0.001497,0.469130,-0.208947,0.218132,0.997907,-0.062302,0.017291,0.001366,3.141021,-0.034686,-0.124694,-0.000145,0.000134,-0.000976,-0.000598,0.002847,0.001011,-1.445898,0.465189,0.831305,-0.374059,-1.154340,-0.031148,-0.557444,-0.037530,0.134722,-2.309739,0.019785,2.305779,0.474347
2.110268,0.000000,0.000000,0.000000,0.000000,0.000000,0.000000,0.000000,0.469139,-0.208962,0.218409,0.997902,-0.062303,0.017520,0.001497,0.469123,-0.208943,0.218097,0.997907,-0.062303,0.017261,0.001348,3.141053,-0.034624,-0.124696,-0.000574,0.000577,-0.001301,0.000539,0.003043,0.001265,-1.396583,0.410863,0.800071,-0.343909,-1.116624,-0.045575,-0.557442,-0.037461,0.134720,-2.309739,0.019790,2.305778,0.474344
2.160142,0.000000,0.000000,0.000000,0.000000,0.000000,0.000000,0.000000,0.469139,-0.208962,0.218409,0.997902,-0.062303,0.017520,0.001497,0.469123,-0.208944,0.218081,0.997907,-0.062304,0.017249,0.001340,3.141067,-0.034601,-0.124699,0.000409,-0.000763,0.000521,-0.000649,-0.001253,-0.001125,-1.346179,0.413326,0.783684,-0.340167,-1.093008,-0.033185,-0.557447,-0.037420,0.134722,-2.309727,0.019790,2.305781,0.474344
2.210861,0.000000,0.000000,0.000000,0.000000,0.000000,0.000000,0.000000,0.469139,-0.208962,0.218409,0.997902,-0.062303,0.017520,0.001497,0.469124,-0.208940,0.218070,0.997908,-0.062298,0.017241,0.001335,3.141076,-0.034583,-0.124687,0.000878,0.000672,0.001638,-0.002106,-0.001793,0.004206,-1.353751,0.363598,0.780774,-0.314141,-1.086055,-0.054619,-0.557442,-0.037396,0.134723,-2.309725,0.019790,2.305782,0.474337
2.261188,0.000000,0.000000,0.000000,0.000000,0.000000,0.000000,0.000000,0.469139,-0.208962,0.218409,0.997902,-0.062303,0.017520,0.001497,0.469121,-0.208941,0.218061,0.997908,-0.062304,0.017233,0.001330,3.141084,-0.034567,-0.124700,-0.000419,0.000133,-0.000278,0.000809,0.000164,-0.003015,-1.388745,0.346488,0.865151,-0.321752,-1.130007,-0.074592,-0.557445,-0.037380,0.134722,-2.309727,0.019792,2.305782,0.474345
2.310955,0.000000,0.000000,0.000000,0.000000,0.000000,0.000000,0.000000,0.469139,-0.208962,0.218409,0.997902,-0.062303,0.017520,0.001497,0.469123,-0.208941,0.218060,0.997908,-0.062301,0.017232,0.001330,3.141085,-0.034565,-0.124693,0.000406,0.000528,0.000024,-0.000170,-0.000494,0.001924,-1.326818,0.341396,0.789496,-0.312247,-1.078282,-0.063437,-0.557443,-0.037371,0.134722,-2.309719,0.019790,2.305782,0.474341
2.360920,0.000000,0.000000,0.000000,0.000000,0.000000,0.000000,0.000000,0.469139,-0.208962,0.218409,0.997902,-0.062303,0.017520,0.001497,0.469124,-0.208945,0.218060,0.997907,-0.062307,0.017233,0.001329,3.141087,-0.034566,-0.124704,0.000013,-0.000945,0.000952,-0.000487,-0.001091,-0.001927,-1.286692,0.337905,0.784752,-0.312488,-1.054618,-0.059226,-0.557449,-0.037364,0.134720,-2.309710,0.019792,2.305780,0.474343
2.410284,0.000000,0.000000,0.000000,0.000000,0.000000,0.000000,0.000000,0.469139,-0.208962,0.218409,0.997902,-0.062303,0.017520,0.001497,0.469127,-0.208942,0.218053,0.997908,-0.062302,0.017227,0.001325,3.141094,-0.034553,-0.124695,0.000811,-0.000136,0.000812,-0.000365,-0.001425,0.001152,-1.323245,0.371193,0.836822,-0.332735,-1.096339,-0.046895,-0.557442,-0.037342,0.134720,-2.309701,0.019792,2.305778,0.474340
2.460283,0.000000,0.000000,0.000000,0.000000,0.000000,0.000000,0.000000,0.469139,-0.208962,0.218409,0.997902,-0.062303,0.017520,0.001497,0.469126,-0.208945,0.218044,0.997908,-0.062308,0.017221,0.001321,3.141102,-0.034541,-0.124707,0.000127,-0.000374,-0.000395,0.000607,-0.000843,-0.003338,-1.249340,0.381673,0.745456,-0.320792,-1.025907,-0.028650,-0.557447,-0.037318,0.134718,-2.309694,0.019793,2.305780,0.474345
2.510952,0.000000,0.000000,0.000000,0.000000,0.000000,0.000000,0.000000,0.469139,-0.208962,0.218409,0.997902,-0.062303,0.017520,0.001497,0.469124,-0.208942,0.218030,0.997908,-0.062307,0.017208,0.001314,3.141114,-0.034514,-0.124706,0.000320,0.000525,0.000101,0.000843,-0.000868,-0.000181,-1.286671,0.325411,0.767468,-0.301328,-1.053133,-0.062639,-0.557447,-0.037290,0.134720,-2.309694,0.019793,2.305779,0.474346
2.560982,0.000000,0.000000,0.000000,0.000000,0.000000,0.000000,0.000000,0.469139,-0.208962,0.218409,0.997902,-0.062303,0.017520,0.001497,0.469123,-0.208940,0.218015,0.997908,-0.062305,0.017196,0.001307,3.141127,-0.034489,-0.124701,0.000069,0.000593,-0.000645,0.001407,0.000502,-0.001061,-1.254146,0.316465,0.691740,-0.288856,-1.011956,-0.060004,-0.557442,-0.037255,0.134719,-2.309688,0.019793,2.305781,0.474344
2.611102,0.000000,0.000000,0.000000,0.000000,0.000000,0.000000,0.000000,0.469139,-0.208962,0.218409,0.997902,-0.062303,0.017520,0.001497,0.469124,-0.208943,0.218010,0.997908,-0.062306,0.017193,0.001305,3.141130,-0.034483,-0.124704,0.000486,-0.000195,0.000524,-0.000393,-0.001865,-0.000456,-1.295925,0.386394,0.717266,-0.325356,-1.046227,-0.037326,-0.557450,-0.037237,0.134721,-2.309678,0.019792,2.305782,0.474342
2.661147,0.000000,0.000000,0.000000,0.000000,0.000000,0.000000,0.000000,0.469139,-0.208962,0.218409,0.997902,-0.062303,0.017520,0.001497,0.469125,-0.208938,0.218002,0.997909,-0.062301,0.017185,0.001302,3.141135,-0.034467,-0.124694,0.000222,0.000525,-0.000225,0.000105,0.000254,0.001809,-1.309134,0.362381,0.722563,-0.316258,-1.053732,-0.051214,-0.557444,-0.037221,0.134724,-2.309676,0.019790,2.305779,0.474342
2.711180,0.000000,0.000000,0.000000,0.000000,0.000000,0.000000,0.000000,0.469139,-0.208962,0.218409,0.997902,-0.062303,0.017520,0.001497,0.469125,-0.208939,0.217998,0.997908,-0.062304,0.017181,0.001298,3.141143,-0.034459,-0.124699,-0.000174,0.000844,-0.000249,0.000863,0.001832,0.001900,-1.331300,0.329829,0.734134,-0.307447,-1.069102,-0.070014,-0.557445,-0.037209,0.134722,-2.309672,0.019793,2.305777,0.474342
2.761313,0.000000,0.000000,0.000000,0.000000,0.000000,0.000000,0.000000,0.469139,-0.208962,0.218409,0.997902,-0.062303,0.017520,0.001497,0.469128,-0.208942,0.218002,0.997908,-0.062306,0.017186,0.001300,3.141139,-0.034469,-0.124703,0.000997,-0.000335,0.001638,-0.001209,-0.004430,-0.000756,-1.281835,0.393930,0.727377,-0.329833,-1.041945,-0.031014,-0.557445,-0.037208,0.134720,-2.309664,0.019793,2.305779,0.474344
2.811217,0.000000,0.000000,0.000000,0.000000,0.000000,0.000000,0.000000,0.469139,-0.208962,0.218409,0.997902,-0.062303,0.017520,0.001497,0.469124,-0.208941,0.217988,0.997909,-0.062303,0.017173,0.001295,3.141148,-0.034443,-0.124698,-0.000000,-0.000262,-0.000190,0.000030,0.000365,0.001252,-1.316244,0.297043,0.768246,-0.294633,-1.064944,-0.079755,-0.557447,-0.037185,0.134721,-2.309667,0.019790,2.305778,0.474339
2.861219,0.000000,0.000000,0.000000,0.000000,0.000000,0.000000,0.000000,0.469139,-0.208962,0.218409,0.997902,-0.062303,0.017520,0.001497,0.469128,-0.208942,0.217995,0.997909,-0.062302,0.017180,0.001299,3.141141,-0.034458,-0.124695,0.000094,0.000220,0.000062,-0.000408,0.000259,0.002485,-1.300429,0.320660,0.734402,-0.291081,-1.051474,-0.062415,-0.557447,-0.037191,0.134723,-2.309660,0.019788,2.305782,0.474340
2.911223,0.000000,0.000000,0.000000,0.000000,0.000000,0.000000,0.000000,0.469139,-0.208962,0.218409,0.997902,-0.062303,0.017520,0.001497,0.469124,-0.208941,0.217985,0.997909,-0.062305,0.017170,0.001294,3.141150,-0.034437,-0.124701,0.000160,0.000669,-0.000079,-0.000243,0.001210,0.001484,-1.355162,0.363568,0.762056,-0.317875,-1.085527,-0.058797,-0.557445,-0.037177,0.134719,-2.309664,0.019788,2.305777,0.474344
2.961281,0.000000,0.000000,0.000000,0.000000,0.000000,0.000000,0.000000,0.469139,-0.208962,0.218409,0.997902,-0.062303,0.017520,0.001497,0.469128,-0.208946,0.217992,0.997908,-0.062309,0.017180,0.001297,3.141146,-0.034456,-0.124709,-0.000374,-0.001356,0.000595,0.000138,-0.001166,-0.003651,-1.325176,0.423322,0.720561,-0.339931,-1.060292,-0.026528,-0.557447,-0.037181,0.134714,-2.309654,0.019790,2.305782,0.474344
3.011920,0.000000,0.000000,0.000000,0.000000,0.000000,0.000000,0.000000,0.469139,-0.208962,0.218409,0.997902,-0.062303,0.017520,0.001497,0.469127,-0.208943,0.217987,0.997908,-0.062307,0.017174,0.001294,3.141150,-0.034444,-0.124705,-0.000148,-0.000229,-0.000015,0.000338,0.000468,-0.000397,-1.279735,0.384514,0.695905,-0.318478,-1.033829,-0.031569,-0.557447,-0.037172,0.134719,-2.309655,0.019790,2.305780,0.474345
3.062040,0.000000,0.000000,0.000000,0.000000,0.000000,0.000000,0.000000,0.469139,-0.208962,0.218409,0.997902,-0.062303,0.017520,0.001497,0.469125,-0.208944,0.217986,0.997908,-0.062308,0.017171,0.001292,3.141154,-0.034438,-0.124707,-0.001005,-0.000292,-0.001013,0.001958,0.002642,-0.001705,-1.300050,0.289173,0.705262,-0.282915,-1.040691,-0.083765,-0.557444,-0.037169,0.134711,-2.309654,0.019792,2.305775,0.474340
3.112083,0.000000,0.000000,0.000000,0.000000,0.000000,0.000000,0.000000,0.469139,-0.208962,0.218409,0.997902,-0.062303,0.017520,0.001497,0.469129,-0.208942,0.217986,0.997909,-0.062304,0.017173,0.001293,3.141151,-0.034443,-0.124701,0.000113,0.000207,0.000173,0.000079,-0.000508,-0.000383,-1.298448,0.329573,0.743821,-0.309401,-1.058002,-0.067240,-0.557445,-0.037165,0.134719,-2.309649,0.019790,2.305779,0.474342
3.162197,0.000000,0.000000,0.000000,0.000000,0.000000,0.000000,0.000000,0.469139,-0.208962,0.218409,0.997902,-0.062303,0.017520,0.001497,0.469128,-0.208941,0.217979,0.997909,-0.062306,0.017169,0.001289,3.141159,-0.034434,-0.124704,0.000082,-0.000063,-0.000953,0.001702,-0.000321,-0.002067,-1.270352,0.359627,0.697084,-0.313800,-1.026224,-0.047085,-0.557443,-0.037153,0.134717,-2.309651,0.019794,2.305783,0.474343
3.212187,0.000000,0.000000,0.000000,0.000000,0.000000,0.000000,0.000000,0.469139,-0.208962,0.218409,0.997902,-0.062303,0.017520,0.001497,0.469131,-0.208944,0.217986,0.997908,-0.062306,0.017174,0.001293,3.141151,-0.034444,-0.124704,-0.000062,-0.000354,0.000659,-0.000825,-0.000565,-0.000784,-1.205764,0.336128,0.696683,-0.300279,-0.995466,-0.039520,-0.557443,-0.037160,0.134715,-2.309643,0.019789,2.305779,0.474344
3.262184,0.000000,0.000000,0.000000,0.000000,0.000000,0.000000,0.000000,0.469139,-0.208962,0.218409,0.997902,-0.062303,0.017520,0.001497,0.469131,-0.208940,0.217983,0.997909,-0.062302,0.017170,0.001290,3.141156,-0.034436,-0.124696,-0.000152,0.000773,-0.000518,0.001238,0.000743,0.000336,-1.295415,0.338491,0.786510,-0.318118,-1.079863,-0.054630,-0.557441,-0.037153,0.134721,-2.309643,0.019792,2.305778,0.474342
3.312264,0.000000,0.000000,0.000000,0.000000,0.000000,0.000000,0.000000,0.469139,-0.208962,0.218409,0.997902,-0.062303,0.017520,0.001497,0.469131,-0.208942,0.217979,0.997909,-0.062305,0.017169,0.001290,3.141157,-0.034434,-0.124701,0.000076,0.000516,-0.000785,0.000305,0.001197,-0.000406,-1.239152,0.325184,0.720210,-0.300630,-1.021810,-0.050596,-0.557445,-0.037144,0.134721,-2.309641,0.019790,2.305782,0.474345
3.362201,0.000000,0.000000,0.000000,0.000000,0.000000,0.000000,0.000000,0.469139,-0.208962,0.218409,0.997902,-0.062303,0.017520,0.001497,0.469134,-0.208942,0.217984,0.997909,-0.062303,0.017173,0.001292,3.141153,-0.034442,-0.124697,-0.000331,0.000541,-0.000552,0.000062,0.001841,0.001012,-1.223718,0.367069,0.718648,-0.318353,-1.013960,-0.030497,-0.557445,-0.037148,0.134724,-2.309636,0.019790,2.305782,0.474344
3.412963,0.000000,0.000000,0.000000,0.000000,0.000000,0.000000,0.000000,0.469139,-0.208962,0.218409,0.997902,-0.062303,0.017520,0.001497,0.469135,-0.208944,0.217983,0.997908,-0.062307,0.017174,0.001289,3.141160,-0.034443,-0.124706,0.001139,-0.000052,0.001310,-0.000748,-0.003923,-0.000483,-1.268758,0.329147,0.722527,-0.299962,-1.035858,-0.055175,-0.557447,-0.037142,0.134721,-2.309630,0.019797,2.305782,0.474344
3.463214,0.000000,0.000000,0.000000,0.000000,0.000000,0.000000,0.000000,0.469139,-0.208962,0.218409,0.997902,-0.062303,0.017520,0.001497,0.469134,-0.208945,0.217980,0.997909,-0.062305,0.017170,0.001290,3.141158,-0.034435,-0.124702,-0.000059,-0.000225,-0.000168,0.000192,0.000327,-0.000086,-1.235209,0.367283,0.715549,-0.315712,-1.019797,-0.032603,-0.557447,-0.037134,0.134719,-2.309628,0.019790,2.305780,0.474342
3.513059,0.000000,0.000000,0.000000,0.000000,0.000000,0.000000,0.000000,0.469139,-0.208962,0.218409,0.997902,-0.062303,0.017520,0.001497,0.469135,-0.208944,0.217979,0.997909,-0.062305,0.017169,0.001289,3.141159,-0.034434,-0.124703,0.000176,0.000112,-0.000436,-0.000155,0.000132,0.000066,-1.261189,0.283507,0.745399,-0.283600,-1.039254,-0.074133,-0.557445,-0.037132,0.134719,-2.309627,0.019790,2.305779,0.474344
3.563068,-0.000000,0.000000,0.000000,0.000000,-0.000000,-0.000000,1.000000,0.469139,-0.208962,0.218409,0.997902,-0.062303,0.017520,0.001497,0.469132,-0.208945,0.217977,0.997909,-0.062304,0.017166,0.001289,3.141159,-0.034428,-0.124700,-0.000373,-0.000969,-0.000102,-0.001155,0.000096,0.000856,-1.275474,0.346369,0.767555,-0.316338,-1.056571,-0.051939,-0.557443,-0.037130,0.134714,-2.309630,0.019788,2.305778,0.474339
3.613065,-0.000000,0.000000,0.000000,0.000000,-0.000000,-0.000000,1.000000,0.469139,-0.208962,0.218409,0.997902,-0.062303,0.017520,0.001497,0.469133,-0.208943,0.217977,0.997909,-0.062304,0.017167,0.001289,3.141160,-0.034430,-0.124701,-0.000808,0.000454,-0.000620,0.000072,0.001983,0.001102,-1.227968,0.297556,0.769365,-0.297402,-1.029300,-0.065490,-0.557443,-0.037132,0.134719,-2.309632,0.019790,2.305780,0.474344
3.663207,-0.000000,0.000000,0.000000,0.000000,-0.000000,-0.000000,1.000000,0.469139,-0.208962,0.218409,0.997902,-0.062303,0.017520,0.001497,0.469135,-0.208944,0.217978,0.997909,-0.062304,0.017168,0.001288,3.141160,-0.034432,-0.124700,-0.000594,-0.000031,-0.000512,0.001188,0.001549,0.000199,-1.238570,0.320059,0.754346,-0.303596,-1.037036,-0.053512,-0.557443,-0.037128,0.134717,-2.309624,0.019791,2.305779,0.474340
3.713253,-0.000000,0.000000,0.000000,0.000000,-0.000000,-0.000000,1.000000,0.469139,-0.208962,0.218409,0.997902,-0.062303,0.017520,0.001497,0.469139,-0.208946,0.217982,0.997909,-0.062304,0.017173,0.001290,3.141157,-0.034442,-0.124701,0.000329,-0.000191,0.000413,-0.001359,-0.001099,0.001290,-1.249857,0.305328,0.660837,-0.283627,-1.001160,-0.062860,-0.557446,-0.037129,0.134721,-2.309617,0.019791,2.305781,0.474343
3.763247,-0.000000,0.000000,0.000000,0.000000,-0.000000,-0.000000,1.000000,0.469139,-0.208962,0.218409,0.997902,-0.062303,0.017520,0.001497,0.469137,-0.208947,0.217979,0.997909,-0.062306,0.017169,0.001290,3.141157,-0.034435,-0.124704,-0.001124,-0.000218,-0.000894,0.000367,0.003831,-0.001082,-1.253758,0.331021,0.731073,-0.304513,-1.035232,-0.053498,-0.557446,-0.037125,0.134717,-2.309618,0.019787,2.305779,0.474344
3.813201,-0.000000,0.000000,0.000000,0.000000,-0.000000,-0.000000,1.000000,0.469139,-0.208962,0.218409,0.997902,-0.062303,0.017520,0.001497,0.469142,-0.208946,0.217983,0.997909,-0.062304,0.017174,0.001291,3.141157,-0.034444,-0.124699,0.000163,-0.000283,-0.000113,-0.000055,-0.000224,-0.000763,-1.251818,0.277884,0.714596,-0.277735,-1.027228,-0.075924,-0.557446,-0.037121,0.134723,-2.309607,0.019790,2.305780,0.474344
3.863379,-0.000000,0.000000,0.000000,0.000000,-0.000000,-0.000000,1.000000,0.469139,-0.208962,0.218409,0.997902,-0.062303,0.017520,0.001497,0.469144,-0.208949,0.217986,0.997908,-0.062306,0.017178,0.001293,3.141151,-0.034453,-0.124703,0.000070,-0.000291,0.000094,-0.000321,-0.000562,-0.001876,-1.243377,0.334987,0.692280,-0.301411,-1.011055,-0.049818,-0.557447,-0.037126,0.134721,-2.309604,0.019787,2.305783,0.474347
3.913956,-0.000000,0.000000,0.000000,0.000000,-0.000000,-0.000000,1.000000,0.469139,-0.208962,0.218409,0.997902,-0.062303,0.017520,0.001497,0.469144,-0.208949,0.217984,0.997908,-0.062306,0.017177,0.001291,3.141157,-0.034451,-0.124704,0.000116,0.000332,-0.000429,-0.000053,0.000447,0.002251,-1.270450,0.297072,0.706675,-0.289436,-1.033922,-0.071078,-0.557447,-0.037120,0.134721,-2.309602,0.019793,2.305784,0.474343
3.963995,-0.000000,0.000000,0.000000,0.000000,-0.000000,-0.000000,1.000000,0.469139,-0.208962,0.218409,0.997902,-0.062303,0.017520,0.001497,0.469144,-0.208949,0.217987,0.997909,-0.062305,0.017177,0.001291,3.141156,-0.034451,-0.124701,-0.000500,-0.000619,0.000320,-0.000075,0.000572,-0.000492,-1.200728,0.328631,0.710981,-0.300790,-1.002746,-0.041484,-0.557446,-0.037122,0.134719,-2.309598,0.019791,2.305778,0.474340
4.014062,-0.000000,0.000000,0.000000,0.000000,-0.000000,-0.000000,1.000000,0.469139,-0.208962,0.218409,0.997902,-0.062303,0.017520,0.001497,0.469146,-0.208949,0.217985,0.997908,-0.062305,0.017179,0.001290,3.141158,-0.034454,-0.124702,-0.000324,-0.000380,-0.001139,0.000451,0.001172,0.000037,-1.219319,0.295727,0.700292,-0.287232,-1.011086,-0.061354,-0.557447,-0.037117,0.134722,-2.309597,0.019794,2.305783,0.474341
4.064158,-0.000000,0.000000,0.000000,0.000000,-0.000000,-0.000000,1.000000,0.469139,-0.208962,0.218409,0.997902,-0.062303,0.017520,0.001497,0.469149,-0.208950,0.217989,0.997908,-0.062304,0.017182,0.001293,3.141153,-0.034461,-0.124700,0.000134,0.000017,-0.000241,-0.000286,-0.000476,0.001428,-1.226417,0.298815,0.715044,-0.288717,-1.015645,-0.060027,-0.557447,-0.037119,0.134721,-2.309591,0.019792,2.305784,0.474340
4.115152,-0.000000,0.000000,0.000000,0.000000,-0.000000,-0.000000,1.000000,0.469139,-0.208962,0.218409,0.997902,-0.062303,0.017520,0.001497,0.469147,-0.208949,0.217989,0.997908,-0.062306,0.017180,0.001292,3.141155,-0.034456,-0.124704,-0.000194,0.000322,0.000218,0.000526,0.000322,-0.000824,-1.249681,0.306625,0.773406,-0.300932,-1.054415,-0.057769,-0.557444,-0.037121,0.134718,-2.309592,0.019792,2.305777,0.474345
4.164287,-0.000000,0.000000,0.000000,0.000000,-0.000000,-0.000000,1.000000,0.469139,-0.208962,0.218409,0.997902,-0.062303,0.017520,0.001497,0.469150,-0.208952,0.217990,0.997908,-0.062308,0.017183,0.001294,3.141152,-0.034462,-0.124708,-0.000478,0.000029,-0.000708,0.000109,0.001257,-0.001606,-1.248698,0.335423,0.766795,-0.315215,-1.049048,-0.049036,-0.557449,-0.037118,0.134721,-2.309586,0.019790,2.305781,0.474348
4.214223,-0.000000,0.000000,0.000000,0.000000,-0.000000,-0.000000,1.000000,0.469139,-0.208962,0.218409,0.997902,-0.062303,0.017520,0.001497,0.469152,-0.208955,0.217993,0.997908,-0.062305,0.017185,0.001295,3.141149,-0.034467,-0.124703,0.000013,-0.000764,0.000043,-0.000399,0.000204,0.000286,-1.232381,0.324352,0.726049,-0.302213,-1.028527,-0.049082,-0.557449,-0.037115,0.134717,-2.309576,0.019788,2.305779,0.474341
4.264392,-0.000000,0.000000,0.000000,0.000000,-0.000000,-0.000000,1.000000,0.469139,-0.208962,0.218409,0.997902,-0.062303,0.017520,0.001497,0.469154,-0.208952,0.217996,0.997909,-0.062302,0.017187,0.001296,3.141147,-0.034470,-0.124695,0.000213,0.000402,0.000277,-0.000106,-0.000043,0.001583,-1.208692,0.280222,0.745683,-0.287133,-1.023148,-0.066803,-0.557445,-0.037120,0.134721,-2.309576,0.019787,2.305779,0.474341
4.315138,-0.000000,0.000000,0.000000,0.000000,-0.000000,-0.000000,1.000000,0.469139,-0.208962,0.218409,0.997902,-0.062303,0.017520,0.001497,0.469157,-0.208954,0.217999,0.997908,-0.062305,0.017193,0.001296,3.141148,-0.034482,-0.124702,0.000254,0.000384,0.000015,0.000610,-0.000287,0.000980,-1.198358,0.303087,0.700507,-0.286231,-0.997513,-0.053765,-0.557444,-0.037120,0.134717,-2.309568,0.019793,2.305782,0.474341
4.364390,-0.000000,0.462711,0.000000,0.000000,-0.000000,-0.000000,1.000000,0.469139,-0.207111,0.218409,0.997902,-0.062303,0.017520,0.001497,0.469158,-0.208955,0.217997,0.997908,-0.062304,0.017190,0.001296,3.141147,-0.034477,-0.124699,0.000358,0.000035,0.000393,-0.000117,-0.000410,0.000854,-1.180347,0.322442,0.689673,-0.295766,-0.982733,-0.044413,-0.557445,-0.037111,0.134719,-2.309564,0.019789,2.305781,0.474342
4.415258,-0.000000,0.999964,0.000000,0.000000,-0.000000,-0.000000,1.000000,0.469139,-0.203111,0.218409,0.997902,-0.062303,0.017520,0.001497,0.469184,-0.208890,0.217990,0.997913,-0.062237,0.017182,0.001294,3.141148,-0.034460,-0.124565,0.001663,0.004167,-0.000142,0.000000,0.000785,0.006595,-1.233452,0.443184,0.819156,-0.307947,-1.048570,-0.000265,-0.557425,-0.037102,0.134835,-2.309566,0.019787,2.305777,0.474346
4.465192,-0.000000,0.999964,0.000000,0.000000,-0.000000,-0.000000,1.000000,0.469139,-0.199112,0.218409,0.997902,-0.062303,0.017520,0.001497,0.469329,-0.208346,0.217932,0.997946,-0.061751,0.017025,0.001223,3.141253,-0.034137,-0.123592,0.005712,0.018000,-0.001481,0.003848,0.008485,0.026996,-1.280447,0.721053,0.989615,-0.283132,-1.153218,0.096401,-0.557070,-0.037077,0.135560,-2.309607,0.019817,2.305507,0.474430
4.516939,-0.000000,0.999964,0.000000,0.000000,-0.000000,-0.000000,1.000000,0.469139,-0.195112,0.218409,0.997902,-0.062303,0.017520,0.001497,0.469686,-0.206996,0.217831,0.997985,-0.061216,0.016660,0.001065,3.141507,-0.033390,-0.122525,0.009312,0.032782,-0.000949,0.008121,0.017307,0.025149,-1.230922,1.019061,1.113128,-0.289854,-1.113968,0.201301,-0.555911,-0.037120,0.137087,-2.309727,0.019850,2.304819,0.476025
4.565968,-0.000000,0.999964,0.000000,0.000000,-0.000000,-0.000000,1.000000,0.469139,-0.191112,0.218409,0.997902,-0.062303,0.017520,0.001497,0.470190,-0.204942,0.217602,0.998032,-0.060598,0.016098,0.000837,-3.141312,-0.032239,-0.121290,0.012022,0.044749,-0.002598,0.009720,0.022824,0.024206,-1.373782,1.528861,1.447790,-0.474729,-1.248106,0.366998,-0.554171,-0.037155,0.139418,-2.310086,0.019859,2.303975,0.478851
4.616361,-0.000000,0.999964,0.000000,0.000000,-0.000000,-0.000000,1.000000,0.469139,-0.187112,0.218409,0.997902,-0.062303,0.017520,0.001497,0.470787,-0.202268,0.217345,0.998080,-0.060010,0.015342,0.000536,-3.140821,-0.030695,-0.120119,0.013304,0.055557,-0.003638,0.013732,0.027649,0.023194,-1.460419,1.703302,1.491175,-0.532965,-1.267370,0.392467,-0.551595,-0.037347,0.142107,-2.310604,0.019877,2.302734,0.482928
4.666058,-0.000000,0.999964,0.000000,0.000000,-0.000000,-0.000000,1.000000,0.469139,-0.183112,0.218409,0.997902,-0.062303,0.017520,0.001497,0.471356,-0.199281,0.217142,0.998127,-0.059445,0.014479,0.000215,-3.140300,-0.028934,-0.118992,0.012062,0.060916,-0.003133,0.016588,0.036061,0.015767,-1.741138,2.013203,1.557159,-0.604768,-1.441532,0.469882,-0.548487,-0.037882,0.144820,-2.311316,0.019910,2.301139,0.487597
4.716285,-0.000000,0.999964,0.000000,0.000000,-0.000000,-0.000000,1.000000,0.469139,-0.179112,0.218409,0.997902,-0.062303,0.017520,0.001497,0.471907,-0.195977,0.216982,0.998171,-0.058921,0.013518,-0.000101,-3.139797,-0.026977,-0.117946,0.012508,0.066542,-0.002239,0.012224,0.033177,0.011475,-2.058425,2.150429,1.763132,-0.646426,-1.684640,0.469061,-0.545054,-0.038727,0.147798,-2.312224,0.019921,2.299259,0.492952
4.766204,-0.000000,0.999964,0.000000,0.000000,-0.000000,-0.000000,1.000000,0.469139,-0.175112,0.218409,0.997902,-0.062303,0.017520,0.001497,0.472408,-0.192457,0.216844,0.998212,-0.058434,0.012593,-0.000346,-3.139430,-0.025104,-0.116971,0.011347,0.069303,-0.001616,0.007257,0.029397,0.012708,-2.524121,2.172610,1.745638,-0.652630,-1.862243,0.393373,-0.541892,-0.039978,0.151448,-2.313581,0.019928,2.297550,0.498784
4.815695,-0.000000,0.999964,0.000000,0.000000,-0.000000,-0.000000,1.000000,0.469139,-0.171113,0.218409,0.997902,-0.062303,0.017520,0.001497,0.472823,-0.188805,0.216717,0.998245,-0.058050,0.011733,-0.000497,-3.139238,-0.023370,-0.116200,0.008844,0.070549,-0.001152,0.003077,0.027552,0.005145,-2.839036,2.355104,1.886567,-0.752140,-2.054938,0.428511,-0.539460,-0.041654,0.156061,-2.315451,0.019933,2.296124,0.505049
4.866269,-0.000000,0.999964,0.000000,0.000000,-0.000000,-0.000000,1.000000,0.469139,-0.167113,0.218409,0.997902,-0.062303,0.017520,0.001497,0.473112,-0.185025,0.216682,0.998277,-0.057650,0.010945,-0.000544,-3.139243,-0.021791,-0.115396,0.005478,0.075428,0.001155,0.001072,0.028578,0.012430,-3.132060,2.630228,1.887611,-0.862459,-2.188432,0.513644,-0.537204,-0.043984,0.161057,-2.317872,0.019943,2.294807,0.511482
4.916276,-0.000000,0.999964,0.000000,0.000000,-0.000000,-0.000000,1.000000,0.469139,-0.163113,0.218409,0.997902,-0.062303,0.017520,0.001497,0.473295,-0.181134,0.216662,0.998304,-0.057301,0.010272,-0.000475,-3.139466,-0.020455,-0.114693,0.003830,0.078291,-0.000582,-0.001909,0.029640,0.013423,-3.211546,2.691894,1.811077,-0.879950,-2.194220,0.537640,-0.535086,-0.046833,0.166392,-2.320925,0.019946,2.293905,0.518216
4.966352,-0.000000,0.999964,0.000000,0.000000,-0.000000,-0.000000,1.000000,0.469139,-0.159113,0.218409,0.997902,-0.062303,0.017520,0.001497,0.473485,-0.177191,0.216677,0.998326,-0.057014,0.009755,-0.000318,-3.139845,-0.019442,-0.114113,0.004763,0.078948,0.000181,-0.006137,0.020431,0.007414,-3.340427,2.603775,1.741418,-0.829674,-2.214078,0.489842,-0.532651,-0.049894,0.171566,-2.324207,0.019950,2.293371,0.525221
5.017281,-0.000000,0.999964,0.000000,0.000000,-0.000000,-0.000000,1.000000,0.469139,-0.155113,0.218409,0.997902,-0.062303,0.017520,0.001497,0.473649,-0.173193,0.216625,0.998342,-0.056808,0.009236,-0.000147,-3.140250,-0.018425,-0.113694,0.004421,0.079035,0.000784,-0.009982,0.015051,0.001458,-3.309309,2.467201,1.519436,-0.735773,-2.109324,0.459894,-0.529969,-0.052898,0.176624,-2.327603,0.019953,2.293008,0.532515
5.067241,-0.000000,0.999964,0.000000,0.000000,-0.000000,-0.000000,1.000000,0.469139,-0.151113,0.218409,0.997902,-0.062303,0.017520,0.001497,0.473712,-0.169109,0.216601,0.998353,-0.056699,0.008744,0.000090,-3.140780,-0.017470,-0.113471,0.002137,0.078849,0.002535,-0.013628,0.010843,-0.005095,-3.776508,2.533048,1.642535,-0.777257,-2.365527,0.431126,-0.527195,-0.056275,0.181749,-2.331355,0.019956,2.292722,0.540158
5.117081,-0.000000,0.999964,0.000000,0.000000,-0.000000,-0.000000,1.000000,0.469139,-0.147113,0.218409,0.997902,-0.062303,0.017520,0.001497,0.473777,-0.165105,0.216679,0.998364,-0.056560,0.008397,0.000393,-3.141428,-0.016812,-0.113186,0.002465,0.080220,0.002320,-0.009439,0.015677,0.003601,-3.602133,2.648325,1.923676,-0.854198,-2.432110,0.534595,-0.524054,-0.059823,0.186413,-2.335085,0.019966,2.292550,0.547637
5.167102,-0.000000,0.999964,0.000000,0.000000,-0.000000,-0.000000,1.000000,0.469139,-0.143114,0.218409,0.997902,-0.062303,0.017520,0.001497,0.473893,-0.161092,0.216774,0.998376,-0.056396,0.007996,0.000666,3.141165,-0.016042,-0.112852,0.003141,0.079103,0.000799,-0.009903,0.014478,0.004427,-3.648372,2.859660,2.105883,-0.960527,-2.515502,0.639750,-0.520441,-0.063112,0.190682,-2.338411,0.019966,2.292099,0.555151
5.217232,-0.000000,0.999964,0.000000,0.000000,-0.000000,-0.000000,1.000000,0.469139,-0.139114,0.218409,0.997902,-0.062303,0.017520,0.001497,0.474070,-0.157032,0.216789,0.998383,-0.056326,0.007576,0.000919,3.140610,-0.015232,-0.112707,0.003561,0.080081,-0.000843,-0.009777,0.017719,0.000495,-3.823428,2.579195,1.958892,-0.829097,-2.515514,0.492367,-0.516773,-0.066047,0.195055,-2.341528,0.019964,2.291737,0.563011
5.267284,-0.000000,0.999964,0.000000,0.000000,-0.000000,-0.000000,1.000000,0.469139,-0.135114,0.218409,0.997902,-0.062303,0.017520,0.001497,0.474195,-0.153012,0.216802,0.998386,-0.056322,0.007222,0.001235,3.139940,-0.014561,-0.112695,0.002549,0.079154,0.001149,-0.016139,0.008936,-0.005279,-3.938026,2.568188,1.853883,-0.803754,-2.539206,0.486821,-0.513568,-0.069097,0.199843,-2.344799,0.019966,2.291573,0.570948
5.317214,-0.000000,0.999964,0.000000,0.000000,-0.000000,-0.000000,1.000000,0.469139,-0.131114,0.218409,0.997902,-0.062303,0.017520,0.001497,0.474211,-0.148992,0.216860,0.998384,-0.056372,0.006929,0.001636,3.139106,-0.014021,-0.112788,0.001673,0.079710,0.002445,-0.017079,0.007773,-0.010016,-4.242915,2.550804,1.579903,-0.750526,-2.596609,0.451691,-0.510673,-0.072529,0.204950,-2.348401,0.019969,2.291524,0.578989
5.367352,-0.000000,0.999964,0.000000,0.000000,-0.000000,-0.000000,1.000000,0.469139,-0.127114,0.218409,0.997902,-0.062303,0.017520,0.001497,0.474199,-0.144869,0.216888,0.998385,-0.056377,0.006622,0.002066,3.138215,-0.013456,-0.112793,-0.000899,0.080007,-0.000166,-0.015185,0.017355,0.003726,-4.072712,2.669006,1.546778,-0.772050,-2.542900,0.539595,-0.507765,-0.075994,0.210285,-2.352090,0.019972,2.291515,0.587178
5.417461,-0.000000,0.999964,0.000000,0.000000,-0.000000,-0.000000,1.000000,0.469139,-0.123114,0.218409,0.997902,-0.062303,0.017520,0.001497,0.474250,-0.140827,0.216881,0.998390,-0.056320,0.006329,0.002458,3.137397,-0.012916,-0.112675,0.002976,0.077847,0.001042,-0.016326,0.004213,0.000702,-3.968482,2.665380,1.552167,-0.783540,-2.506183,0.553939,-0.504556,-0.079072,0.215214,-2.355428,0.019987,2.291528,0.595129
5.467406,-0.000000,0.999964,0.000000,0.000000,-0.000000,-0.000000,1.000000,0.469139,-0.119114,0.218409,0.997902,-0.062303,0.017520,0.001497,0.474257,-0.136806,0.216887,0.998390,-0.056335,0.006035,0.002888,3.136505,-0.012377,-0.112700,0.002268,0.080954,0.002936,-0.018181,0.006483,-0.006046,-4.135558,2.642404,1.549985,-0.774820,-2.585920,0.522623,-0.501559,-0.082205,0.220350,-2.358769,0.019987,2.291502,0.603225
5.517619,-0.000000,0.999964,0.000000,0.000000,-0.000000,-0.000000,1.000000,0.469139,-0.115115,0.218409,0.997902,-0.062303,0.017520,0.001497,0.474319,-0.132775,0.216993,0.998389,-0.056341,0.005874,0.003356,3.135552,-0.012107,-0.112708,0.002132,0.080472,0.002693,-0.017102,0.004812,-0.003839,-4.197326,2.517217,1.654645,-0.711003,-2.649019,0.475098,-0.498113,-0.085414,0.225126,-2.361963,0.019995,2.291515,0.611385
5.568201,-0.000000,0.999964,0.000000,0.000000,-0.000000,-0.000000,1.000000,0.469139,-0.111115,0.218409,0.997902,-0.062303,0.017520,0.001497,0.474418,-0.128738,0.217088,0.998382,-0.056439,0.005720,0.003804,3.134642,-0.011852,-0.112899,0.002732,0.079351,0.002561,-0.018249,0.004839,-0.006508,-4.061554,2.665882,1.516212,-0.720700,-2.512553,0.573902,-0.494293,-0.088416,0.229580,-2.364944,0.020001,2.291508,0.619784
5.618239,-0.000000,0.999964,0.000000,0.000000,-0.000000,-0.000000,1.000000,0.469139,-0.107115,0.218409,0.997902,-0.062303,0.017520,0.001497,0.474544,-0.124696,0.217070,0.998381,-0.056453,0.005487,0.004191,3.133843,-0.011430,-0.112924,0.002628,0.080851,-0.000994,-0.015367,0.011713,0.004885,-4.592998,2.686668,1.760351,-0.763997,-2.864191,0.521907,-0.490282,-0.090965,0.233879,-2.367676,0.020002,2.291502,0.628055
5.670508,-0.000000,0.999964,0.000000,0.000000,-0.000000,-0.000000,1.000000,0.469139,-0.103115,0.218409,0.997902,-0.062303,0.017520,0.001497,0.474646,-0.120722,0.217050,0.998379,-0.056483,0.005272,0.004598,3.133006,-0.011047,-0.112982,0.002171,0.077188,0.000511,-0.017602,0.007342,-0.013100,-4.516130,2.340206,1.611587,-0.606182,-2.768444,0.382442,-0.486659,-0.093474,0.238458,-2.370357,0.020019,2.291526,0.636237
5.718190,-0.000000,0.999964,0.000000,0.000000,-0.000000,-0.000000,1.000000,0.469139,-0.099115,0.218409,0.997902,-0.062303,0.017520,0.001497,0.474690,-0.116617,0.217057,0.998363,-0.056765,0.005112,0.004831,3.132527,-0.010756,-0.113544,0.004275,0.083988,0.004300,0.032447,-0.018397,-0.049062,-4.503288,2.500126,1.644039,-0.580215,-2.799500,0.473517,-0.483136,-0.096216,0.243265,-2.373208,0.020650,2.291524,0.644638
5.768203,-0.000000,0.999964,0.000000,0.000000,-0.000000,-0.000000,1.000000,0.469139,-0.095115,0.218409,0.997902,-0.062303,0.017520,0.001497,0.474673,-0.112489,0.217113,0.998349,-0.057035,0.005106,0.004506,3.133178,-0.010709,-0.114090,-0.000159,0.082514,0.002769,0.030582,-0.001365,-0.061102,-4.802274,3.194420,1.531430,-0.708696,-2.929381,0.782449,-0.479701,-0.099200,0.247793,-2.376193,0.022903,2.291507,0.651582
5.819457,-0.000000,0.999964,0.000000,0.000000,-0.000000,-0.000000,1.000000,0.469139,-0.091115,0.218409,0.997902,-0.062303,0.017520,0.001497,0.474649,-0.108394,0.217151,0.998345,-0.057112,0.005086,0.004337,3.133513,-0.010651,-0.114245,0.000431,0.087111,-0.001135,-0.001473,0.006919,0.043498,-4.807975,2.839422,1.798455,-0.663017,-3.047894,0.637722,-0.476003,-0.102082,0.252133,-2.379119,0.024721,2.291573,0.658494
5.869511,-0.000000,0.999964,0.000000,0.000000,-0.000000,-0.000000,1.000000,0.469139,-0.087116,0.218409,0.997902,-0.062303,0.017520,0.001497,0.474675,-0.104321,0.217158,0.998352,-0.057011,0.005067,0.004188,3.133809,-0.010594,-0.114045,0.002366,0.081328,0.000579,-0.015061,-0.006696,0.067496,-4.559860,1.591271,1.461036,-0.197912,-2.814080,0.093386,-0.471934,-0.104672,0.256131,-2.381806,0.026383,2.291694,0.665186
5.922555,-0.000000,0.999964,0.000000,0.000000,-0.000000,-0.000000,1.000000,0.469139,-0.083116,0.218409,0.997902,-0.062303,0.017520,0.001497,0.474639,-0.100319,0.217158,0.998338,-0.057292,0.005045,0.003744,3.134694,-0.010503,-0.114613,-0.001443,0.070459,0.003765,0.022112,-0.009425,-0.061745,-4.644483,2.416910,1.393636,-0.478856,-2.830988,0.476590,-0.467531,-0.107222,0.259452,-2.384452,0.028735,2.291700,0.671847
5.969233,-0.000000,0.999964,0.000000,0.000000,-0.000000,-0.000000,1.000000,0.469139,-0.079116,0.218409,0.997902,-0.062303,0.017520,0.001497,0.474640,-0.096242,0.217287,0.998310,-0.057787,0.005182,0.003212,3.135779,-0.010718,-0.115609,-0.001611,0.079336,0.003737,0.047619,-0.002785,-0.081994,-4.570344,3.565852,1.533488,-0.942702,-2.857612,1.032051,-0.463151,-0.110017,0.262899,-2.387054,0.031507,2.291724,0.678760
6.023489,-0.000000,0.999964,0.000000,0.000000,-0.000000,-0.000000,1.000000,0.469139,-0.075116,0.218409,0.997902,-0.062303,0.017520,0.001497,0.474679,-0.092092,0.217416,0.998311,-0.057791,0.005316,0.002738,3.136740,-0.010930,-0.115622,0.002697,0.091704,0.002086,0.007605,-0.003998,0.073607,-4.639001,2.637439,1.512431,-0.637085,-2.862014,0.618361,-0.459219,-0.112689,0.267024,-2.389493,0.034202,2.291755,0.684967
6.071881,-0.000000,0.999964,0.000000,0.000000,-0.000000,-0.000000,1.000000,0.469139,-0.071116,0.218409,0.997902,-0.062303,0.017520,0.001497,0.474691,-0.088079,0.217503,0.998324,-0.057566,0.005388,0.002393,3.137435,-0.011034,-0.115176,0.000109,0.078496,0.000103,-0.020377,-0.000137,0.085470,-4.951348,1.124072,1.479990,-0.048829,-2.980593,-0.090926,-0.455590,-0.115165,0.271287,-2.391802,0.036519,2.291788,0.690798
6.121466,-0.000000,0.999964,0.000000,0.000000,-0.000000,-0.000000,1.000000,0.469139,-0.067116,0.218409,0.997902,-0.062303,0.017520,0.001497,0.474715,-0.084191,0.217544,0.998306,-0.057897,0.005411,0.002039,3.138147,-0.011041,-0.115841,-0.000301,0.065742,0.003048,0.018875,-0.008786,-0.068551,-4.550883,2.116416,1.555840,-0.428392,-2.842245,0.429881,-0.451680,-0.117311,0.275048,-2.393864,0.038669,2.291792,0.697637
6.172154,-0.000000,0.999964,0.000000,0.000000,-0.000000,-0.000000,1.000000,0.469139,-0.063116,0.218409,0.997902,-0.062303,0.017520,0.001497,0.474786,-0.080157,0.217554,0.998278,-0.058387,0.005414,0.001626,3.138978,-0.011000,-0.116828,0.002086,0.077839,0.002722,0.031648,-0.005647,-0.076288,-4.722124,3.690633,1.308113,-1.057602,-2.807470,1.157269,-0.447533,-0.119233,0.278874,-2.395748,0.040912,2.291795,0.705039
6.222625,-0.000000,0.703549,0.000000,0.000000,-0.000000,-0.000000,1.000000,0.469139,-0.060302,0.218409,0.997902,-0.062303,0.017520,0.001497,0.474789,-0.076030,0.217541,0.998295,-0.058108,0.005369,0.001567,3.139088,-0.010901,-0.116269,0.000005,0.090630,0.000091,-0.019265,0.005701,0.095600,-5.121524,2.420014,1.358968,-0.631300,-3.017378,0.561234,-0.443209,-0.121274,0.282967,-2.397808,0.042318,2.291879,0.711882
6.273513,-0.000000,0.138471,0.000000,0.000000,-0.000000,-0.000000,1.000000,0.469139,-0.059748,0.218409,0.997902,-0.062303,0.017520,0.001497,0.474719,-0.072133,0.217663,0.998299,-0.058026,0.005458,0.001755,3.138722,-0.011101,-0.116103,-0.002068,0.074040,0.003716,-0.022909,-0.005424,0.032962,-4.985268,1.106704,1.324981,-0.145953,-2.977764,-0.024003,-0.438673,-0.123724,0.286539,-2.400017,0.043200,2.292035,0.719152
6.322558,-0.000000,0.000000,0.000000,0.000000,-0.000000,-0.000000,1.000000,0.469139,-0.059748,0.218409,0.997902,-0.062303,0.017520,0.001497,0.474606,-0.068793,0.217821,0.998261,-0.058658,0.005590,0.001939,3.138377,-0.011389,-0.117368,-0.002216,0.050898,0.005652,0.006965,-0.015970,-0.109766,-4.687351,2.601235,1.054924,-0.718221,-2.754069,0.711185,-0.435016,-0.126075,0.289843,-2.402038,0.044047,2.292175,0.726732
6.376432,-0.000000,0.000000,0.000000,0.000000,-0.000000,-0.000000,1.000000,0.469139,-0.059748,0.218409,0.997902,-0.062303,0.017520,0.001497,0.474481,-0.066189,0.217939,0.998249,-0.058829,0.005712,0.002340,3.137593,-0.011679,-0.117705,-0.002976,0.050525,0.001013,-0.024244,0.000812,0.034448,-4.790567,2.548451,1.045139,-0.802250,-2.833428,0.691218,-0.432300,-0.128030,0.292743,-2.403760,0.044143,2.292417,0.732547
6.422639,-0.000000,0.000000,0.000000,0.000000,-0.000000,-0.000000,1.000000,0.469139,-0.059748,0.218409,0.997902,-0.062303,0.017520,0.001497,0.474366,-0.064512,0.218025,0.998224,-0.059223,0.005867,0.002649,3.136998,-0.012027,-0.118490,-0.002678,0.024243,0.001398,-0.011449,-0.002853,-0.013737,-4.654185,1.942464,0.826960,-0.587023,-2.743091,0.411693,-0.430644,-0.129486,0.294734,-2.405086,0.044188,2.292763,0.736893
6.475785,-0.000000,0.000000,0.000000,0.000000,-0.000000,-0.000000,1.000000,0.469139,-0.059748,0.218409,0.997902,-0.062303,0.017520,0.001497,0.474305,-0.063567,0.218056,0.998200,-0.059613,0.005963,0.002818,3.136677,-0.012240,-0.119269,0.000003,0.013532,0.001477,-0.005339,-0.006773,-0.023636,-4.595661,2.465664,0.506917,-0.741797,-2.626781,0.655988,-0.429646,-0.130265,0.295792,-2.405843,0.044204,2.293018,0.739685
6.523556,-0.000000,0.000000,0.000000,0.000000,-0.000000,-0.000000,1.000000,0.469139,-0.059748,0.218409,0.997902,-0.062303,0.017520,0.001497,0.474285,-0.062984,0.218030,0.998181,-0.059915,0.005987,0.002880,3.136560,-0.012298,-0.119873,-0.000128,0.010243,-0.000607,-0.000717,0.001592,-0.006047,-4.860078,2.347819,0.621363,-0.661512,-2.827504,0.591223,-0.428793,-0.130560,0.296193,-2.406231,0.044206,2.293190,0.741525
6.574269,-0.000000,0.000000,0.000000,0.000000,-0.000000,-0.000000,1.000000,0.469139,-0.059748,0.218409,0.997902,-0.062303,0.017520,0.001497,0.474286,-0.062650,0.218015,0.998163,-0.060224,0.005988,0.002894,3.136536,-0.012302,-0.120493,0.000330,0.006504,-0.000242,0.000515,0.001022,-0.004487,-4.720876,2.322309,0.586977,-0.624826,-2.765579,0.588008,-0.428153,-0.130665,0.296261,-2.406386,0.044206,2.293246,0.742848
6.623572,-0.000000,0.000000,0.000000,0.000000,-0.000000,-0.000000,1.000000,0.469139,-0.059748,0.218409,0.997902,-0.062303,0.017520,0.001497,0.474305,-0.062458,0.218008,0.998147,-0.060479,0.005998,0.002894,3.136540,-0.012324,-0.121003,0.000821,0.003184,0.000352,-0.001258,-0.001358,-0.007126,-4.756716,2.277390,0.689940,-0.584964,-2.830206,0.559205,-0.427760,-0.130682,0.296275,-2.406429,0.044207,2.293289,0.743763
6.675346,-0.000000,0.000000,0.000000,0.000000,-0.000000,-0.000000,1.000000,0.469139,-0.059748,0.218409,0.997902,-0.062303,0.017520,0.001497,0.474313,-0.062351,0.218002,0.998134,-0.060691,0.006018,0.002896,3.136541,-0.012366,-0.121428,0.000213,0.001253,0.000273,0.000981,-0.002063,-0.012158,-4.632050,2.276077,0.525254,-0.555147,-2.710849,0.561755,-0.427534,-0.130716,0.296277,-2.406492,0.044215,2.293359,0.744407
6.724402,-0.000000,0.000000,0.000000,0.000000,-0.000000,-0.000000,1.000000,0.469139,-0.059748,0.218409,0.997902,-0.062303,0.017520,0.001497,0.474336,-0.062299,0.217997,0.998124,-0.060859,0.006080,0.002905,3.136533,-0.012490,-0.121764,0.000468,0.000525,0.000159,-0.001689,-0.002918,-0.006099,-4.710575,2.211374,0.477610,-0.519000,-2.749220,0.522011,-0.427413,-0.130734,0.296277,-2.406559,0.044212,2.293530,0.744866
6.774853,-0.000000,0.000000,0.000000,0.000000,-0.000000,-0.000000,1.000000,0.469139,-0.059748,0.218409,0.997902,-0.062303,0.017520,0.001497,0.474345,-0.062270,0.217993,0.998115,-0.061002,0.006110,0.002906,3.136536,-0.012551,-0.122051,0.000053,0.000882,-0.000386,0.000440,-0.000888,-0.007120,-4.727534,2.239720,0.541953,-0.525816,-2.798912,0.527121,-0.427353,-0.130748,0.296281,-2.406600,0.044221,2.293618,0.745210
6.824685,-0.000000,0.000000,0.000000,0.000000,-0.000000,-0.000000,1.000000,0.469139,-0.059748,0.218409,0.997902,-0.062303,0.017520,0.001497,0.474365,-0.062251,0.218001,0.998105,-0.061154,0.006164,0.002912,3.136533,-0.012660,-0.122356,0.000687,0.001280,-0.000489,0.000901,-0.000810,-0.001578,-4.734435,2.211604,0.522557,-0.515160,-2.801780,0.511643,-0.427314,-0.130774,0.296290,-2.406633,0.044229,2.293734,0.745557
6.874546,-0.000000,-0.305240,0.000000,0.000000,-0.000000,-0.000000,1.000000,0.469139,-0.060969,0.218409,0.997902,-0.062303,0.017520,0.001497,0.474379,-0.062249,0.218015,0.998096,-0.061289,0.006217,0.002920,3.136525,-0.012768,-0.122626,0.000866,-0.000059,0.001331,-0.001750,-0.006669,-0.005935,-4.678679,2.229948,0.487213,-0.518460,-2.772313,0.522342,-0.427296,-0.130820,0.296284,-2.406671,0.044234,2.293833,0.745834
6.928852,-0.000000,-0.972211,0.000000,0.000000,-0.000000,-0.000000,1.000000,0.469139,-0.064858,0.218409,0.997902,-0.062303,0.017520,0.001497,0.474402,-0.062281,0.218033,0.998087,-0.061440,0.006296,0.002929,3.136519,-0.012929,-0.122928,0.000579,-0.001906,0.000666,0.000030,-0.004694,-0.011761,-4.736848,2.118089,0.466756,-0.501601,-2.795425,0.464354,-0.427294,-0.130863,0.296225,-2.406708,0.044237,2.293986,0.746078
6.976153,-0.000000,-0.999964,0.000000,0.000000,-0.000000,-0.000000,1.000000,0.469139,-0.068858,0.218409,0.997902,-0.062303,0.017520,0.001497,0.474409,-0.062607,0.218084,0.998063,-0.061809,0.006449,0.002926,3.136549,-0.013236,-0.123667,-0.001233,-0.013288,0.000814,0.000234,-0.007148,-0.027578,-4.721305,1.817633,0.349710,-0.520093,-2.734422,0.333850,-0.427435,-0.130961,0.295684,-2.406770,0.044239,2.294242,0.746137
7.025121,-0.000000,-0.999964,0.000000,0.000000,-0.000000,-0.000000,1.000000,0.469139,-0.072858,0.218409,0.997902,-0.062303,0.017520,0.001497,0.474354,-0.063767,0.218180,0.997992,-0.062923,0.006704,0.002938,3.136573,-0.013752,-0.125898,-0.002172,-0.029940,0.001501,0.000860,-0.013778,-0.056094,-4.519279,1.346363,0.196033,-0.598239,-2.552979,0.232877,-0.428278,-0.131070,0.294108,-2.406815,0.044075,2.294643,0.746070
7.075300,-0.000000,-0.999964,0.000000,0.000000,-0.000000,-0.000000,1.000000,0.469139,-0.076858,0.218409,0.997902,-0.062303,0.017520,0.001497,0.474247,-0.065763,0.218285,0.997907,-0.064213,0.007065,0.002913,3.136686,-0.014476,-0.128482,-0.003270,-0.045763,0.001222,0.001463,-0.018497,-0.053356,-4.374618,0.935470,0.122323,-0.604736,-2.455999,0.154839,-0.429950,-0.131092,0.291587,-2.406837,0.043879,2.295284,0.744609
7.125621,-0.000000,-0.999964,0.000000,0.000000,-0.000000,-0.000000,1.000000,0.469139,-0.080858,0.218409,0.997902,-0.062303,0.017520,0.001497,0.474065,-0.068438,0.218404,0.997814,-0.065597,0.007483,0.002891,3.136804,-0.015313,-0.131257,-0.005670,-0.056938,0.001665,-0.000852,-0.013825,-0.052870,-4.099200,0.319595,-0.054745,-0.422336,-2.270342,-0.052242,-0.432296,-0.131088,0.288314,-2.406852,0.043586,2.296037,0.741984
7.176356,-0.000000,-0.999964,0.000000,0.000000,-0.000000,-0.000000,1.000000,0.469139,-0.084857,0.218409,0.997902,-0.062303,0.017520,0.001497,0.473843,-0.071551,0.218540,0.997721,-0.066938,0.007983,0.002860,3.136954,-0.016314,-0.133944,-0.005536,-0.065190,0.002464,0.003445,-0.019712,-0.057449,-3.944303,-0.013828,-0.178284,-0.322428,-2.169593,-0.158528,-0.435105,-0.131069,0.284578,-2.406866,0.043291,2.296953,0.738351
7.226988,-0.000000,-0.999964,0.000000,0.000000,-0.000000,-0.000000,1.000000,0.469139,-0.088857,0.218409,0.997902,-0.062303,0.017520,0.001497,0.473596,-0.074987,0.218693,0.997628,-0.068247,0.008569,0.002808,3.137159,-0.017481,-0.136567,-0.005772,-0.068297,0.003042,0.000501,-0.023806,-0.046255,-3.870448,-0.156088,-0.265908,-0.283569,-2.105400,-0.214899,-0.438854,-0.131053,0.281083,-2.406866,0.043151,2.298028,0.733851
7.275187,-0.000000,-0.999964,0.000000,0.000000,-0.000000,-0.000000,1.000000,0.469139,-0.092857,0.218409,0.997902,-0.062303,0.017520,0.001497,0.473335,-0.078538,0.218849,0.997543,-0.069394,0.009212,0.002754,3.137377,-0.018761,-0.138866,-0.006010,-0.070405,0.002056,-0.002639,-0.026594,-0.035189,-3.650849,-0.300863,-0.384056,-0.224152,-1.963446,-0.272889,-0.442860,-0.131022,0.277601,-2.406871,0.043061,2.299234,0.728749
7.324631,-0.000000,-0.999964,0.000000,0.000000,-0.000000,-0.000000,1.000000,0.469139,-0.096857,0.218409,0.997902,-0.062303,0.017520,0.001497,0.473058,-0.082287,0.219012,0.997467,-0.070375,0.009938,0.002715,3.137573,-0.020209,-0.140833,-0.006424,-0.073476,0.002709,-0.003044,-0.030023,-0.020875,-3.637787,-0.397826,-0.399730,-0.196094,-1.952724,-0.320846,-0.446540,-0.130942,0.273394,-2.406877,0.042855,2.300635,0.722999
7.375335,-0.000000,-0.999964,0.000000,0.000000,-0.000000,-0.000000,1.000000,0.469139,-0.100857,0.218409,0.997902,-0.062303,0.017520,0.001497,0.472749,-0.086180,0.219137,0.997393,-0.071325,0.010681,0.002618,3.137893,-0.021681,-0.142740,-0.007052,-0.078416,0.002297,0.004680,-0.030543,-0.046968,-3.505082,-0.149515,-0.516139,-0.272159,-1.855406,-0.210388,-0.450011,-0.130724,0.268638,-2.406867,0.042712,2.302152,0.716810
7.431141,-0.000000,-0.999964,0.000000,0.000000,-0.000000,-0.000000,1.000000,0.469139,-0.104857,0.218409,0.997902,-0.062303,0.017520,0.001497,0.472463,-0.090057,0.219211,0.997326,-0.072133,0.011498,0.002474,3.138315,-0.023294,-0.144363,-0.006674,-0.076334,0.000543,0.005881,-0.035265,-0.036595,-3.268255,0.051918,-0.680525,-0.306281,-1.683668,-0.108613,-0.453231,-0.130341,0.263649,-2.406867,0.042664,2.303964,0.710289
7.482046,-0.000000,-0.999964,0.000000,0.000000,-0.000000,-0.000000,1.000000,0.469139,-0.108857,0.218409,0.997902,-0.062303,0.017520,0.001497,0.472167,-0.093990,0.219227,0.997273,-0.072727,0.012342,0.002300,3.138800,-0.024953,-0.145558,-0.007770,-0.075042,-0.000222,0.004978,-0.032024,-0.022767,-3.243539,-0.369180,-0.648982,-0.157376,-1.689211,-0.321903,-0.455908,-0.129767,0.257989,-2.406864,0.042583,2.305976,0.703237
7.530078,-0.000000,-0.999964,0.000000,0.000000,-0.000000,-0.000000,1.000000,0.469139,-0.112856,0.218409,0.997902,-0.062303,0.017520,0.001497,0.471860,-0.097874,0.219251,0.997218,-0.073330,0.013203,0.002126,3.139287,-0.026648,-0.146773,-0.007412,-0.076042,0.000682,0.005226,-0.036978,-0.032894,-3.016229,-0.131489,-0.676663,-0.283233,-1.569925,-0.213279,-0.458466,-0.129194,0.252313,-2.406839,0.042540,2.307994,0.696279
7.579405,-0.000000,-0.999964,0.000000,0.000000,-0.000000,-0.000000,1.000000,0.469139,-0.116856,0.218409,0.997902,-0.062303,0.017520,0.001497,0.471522,-0.101695,0.219293,0.997175,-0.073754,0.014056,0.002007,3.139662,-0.028332,-0.147631,-0.009829,-0.075734,-0.001062,0.000880,-0.027177,-0.011623,-2.706973,-0.486438,-0.778655,-0.163579,-1.368761,-0.360093,-0.461238,-0.128693,0.247006,-2.406823,0.042475,2.309957,0.689131
7.631306,-0.000000,-0.999964,0.000000,0.000000,-0.000000,-0.000000,1.000000,0.469139,-0.120856,0.218409,0.997902,-0.062303,0.017520,0.001497,0.471136,-0.105603,0.219351,0.997134,-0.074153,0.014902,0.001928,3.139958,-0.030010,-0.148435,-0.008246,-0.076317,0.001207,-0.001017,-0.037920,-0.012155,-2.401004,-0.566107,-0.792782,-0.122838,-1.224361,-0.374986,-0.464715,-0.128228,0.242233,-2.406770,0.042448,2.311860,0.681729
7.681408,-0.000000,-0.999964,0.000000,0.000000,-0.000000,-0.000000,1.000000,0.469139,-0.124856,0.218409,0.997902,-0.062303,0.017520,0.001497,0.470744,-0.109569,0.219405,0.997097,-0.074468,0.015784,0.001868,3.140217,-0.031760,-0.149072,-0.007749,-0.077202,0.002078,-0.002670,-0.042600,-0.007903,-2.164726,-0.454113,-0.763755,-0.166281,-1.125351,-0.304783,-0.468472,-0.127685,0.237637,-2.406658,0.042438,2.313855,0.674046
7.730678,-0.000000,-0.999964,0.000000,0.000000,-0.000000,-0.000000,1.000000,0.469139,-0.128856,0.218409,0.997902,-0.062303,0.017520,0.001497,0.470376,-0.113449,0.219489,0.997066,-0.074693,0.016668,0.001810,3.140473,-0.033515,-0.149527,-0.009065,-0.077698,0.000250,-0.000442,-0.038738,-0.005383,-1.960301,-0.258911,-0.793586,-0.235207,-1.013478,-0.197320,-0.471788,-0.127081,0.232794,-2.406396,0.042401,2.315753,0.666396
7.781153,-0.000000,-0.999964,0.000000,0.000000,-0.000000,-0.000000,1.000000,0.469139,-0.132856,0.218409,0.997902,-0.062303,0.017520,0.001497,0.469985,-0.117329,0.219553,0.997035,-0.074888,0.017591,0.001778,3.140680,-0.035352,-0.149924,-0.009009,-0.078124,0.001721,-0.004863,-0.041674,-0.006101,-1.820029,-0.126925,-0.808140,-0.284953,-0.941236,-0.128301,-0.475159,-0.126468,0.228018,-2.406200,0.042369,2.317810,0.658693
7.830482,-0.000000,-0.999964,0.000000,0.000000,-0.000000,-0.000000,1.000000,0.469139,-0.136856,0.218409,0.997902,-0.062303,0.017520,0.001497,0.469624,-0.121249,0.219583,0.997011,-0.074976,0.018584,0.001774,3.140842,-0.037331,-0.150105,-0.008943,-0.076497,-0.000232,-0.003182,-0.040159,-0.009315,-1.696288,-0.511207,-0.825383,-0.152596,-0.865829,-0.306148,-0.478766,-0.125680,0.223434,-2.405941,0.042341,2.320122,0.650725
7.881404,-0.000000,-0.999964,0.000000,0.000000,-0.000000,-0.000000,1.000000,0.469139,-0.140855,0.218409,0.997902,-0.062303,0.017520,0.001497,0.469309,-0.125115,0.219604,0.996987,-0.075022,0.019615,0.001773,3.140999,-0.039389,-0.150202,-0.008268,-0.076312,-0.001238,-0.002544,-0.042071,0.001696,-1.714162,-0.302850,-0.910428,-0.255375,-0.822831,-0.223141,-0.481869,-0.124731,0.218493,-2.405561,0.042266,2.322536,0.642852
7.931261,-0.000000,-0.999964,0.000000,0.000000,-0.000000,-0.000000,1.000000,0.469139,-0.144855,0.218409,0.997902,-0.062303,0.017520,0.001497,0.468998,-0.128975,0.219603,0.996971,-0.074954,0.020649,0.001832,3.141034,-0.041459,-0.150070,-0.008162,-0.075401,-0.001777,-0.006149,-0.040611,0.018959,-1.539279,-0.521376,-0.863261,-0.191969,-0.756544,-0.305479,-0.485006,-0.123664,0.213652,-2.405114,0.042076,2.325026,0.634895
7.980587,-0.000000,-0.999964,0.000000,0.000000,-0.000000,-0.000000,1.000000,0.469139,-0.148855,0.218409,0.997902,-0.062303,0.017520,0.001497,0.468675,-0.132891,0.219626,0.996955,-0.074888,0.021666,0.001875,3.141099,-0.043494,-0.149940,-0.008108,-0.077781,-0.000607,-0.004108,-0.043350,-0.000397,-1.649026,-0.360436,-0.688093,-0.249075,-0.879415,-0.248880,-0.488714,-0.122526,0.209261,-2.404485,0.042031,2.327369,0.626721
8.031390,-0.000000,-0.999964,0.000000,0.000000,-0.000000,-0.000000,1.000000,0.469139,-0.152855,0.218409,0.997902,-0.062303,0.017520,0.001497,0.468350,-0.136781,0.219668,0.996944,-0.074765,0.022584,0.001930,3.141121,-0.045334,-0.149698,-0.006948,-0.075039,-0.000835,-0.004937,-0.035860,0.010506,-1.608860,-0.632300,-0.727014,-0.111590,-0.840743,-0.373711,-0.492918,-0.121262,0.205447,-2.403590,0.041998,2.329395,0.618510
8.081392,-0.000000,-0.999964,0.000000,0.000000,-0.000000,-0.000000,1.000000,0.469139,-0.156855,0.218409,0.997902,-0.062303,0.017520,0.001497,0.468093,-0.140732,0.219689,0.996932,-0.074654,0.023431,0.001941,3.141221,-0.047025,-0.149479,-0.004134,-0.078447,-0.000802,-0.001161,-0.038998,-0.007637,-1.570063,-0.512188,-0.602805,-0.143691,-0.871925,-0.306580,-0.497092,-0.119540,0.201518,-2.402197,0.041944,2.331205,0.610258
8.132238,-0.000000,-0.999964,0.000000,0.000000,-0.000000,-0.000000,1.000000,0.469139,-0.160855,0.218409,0.997902,-0.062303,0.017520,0.001497,0.467967,-0.144638,0.219648,0.996926,-0.074515,0.024127,0.001894,3.141412,-0.048406,-0.149208,0.000208,-0.077523,-0.000838,-0.000876,-0.034394,0.005314,-1.568363,-0.340467,-0.553651,-0.240040,-0.866187,-0.210136,-0.500841,-0.117111,0.197339,-2.400110,0.041753,2.332687,0.602232
8.183325,-0.000000,-0.999964,0.000000,0.000000,-0.000000,-0.000000,1.000000,0.469139,-0.164855,0.218409,0.997902,-0.062303,0.017520,0.001497,0.467878,-0.148545,0.219545,0.996930,-0.074282,0.024675,0.001806,-3.141529,-0.049486,-0.148748,-0.003131,-0.075064,-0.004677,0.001337,-0.018398,0.025494,-1.333474,-0.763366,-0.589457,-0.109445,-0.717621,-0.357818,-0.504343,-0.114220,0.192962,-2.397590,0.041467,2.333877,0.594134
8.232561,-0.000000,-0.999964,0.000000,0.000000,-0.000000,-0.000000,1.000000,0.469139,-0.168854,0.218409,0.997902,-0.062303,0.017520,0.001497,0.467773,-0.152440,0.219450,0.996929,-0.074111,0.025262,0.001712,-3.141262,-0.050644,-0.148414,-0.003516,-0.078435,-0.001861,0.006640,-0.021339,-0.006900,-1.190170,-0.708475,-0.579378,-0.138126,-0.641745,-0.317848,-0.507533,-0.111354,0.188305,-2.395087,0.041240,2.335122,0.586149
8.282532,-0.000000,-0.999964,0.000000,0.000000,-0.000000,-0.000000,1.000000,0.469139,-0.172854,0.218409,0.997902,-0.062303,0.017520,0.001497,0.467669,-0.156347,0.219428,0.996926,-0.073956,0.025821,0.001632,-3.141027,-0.051748,-0.148112,-0.002566,-0.075925,-0.000384,0.004987,-0.020808,0.001930,-1.050744,-0.394821,-0.518269,-0.291669,-0.582033,-0.169313,-0.510453,-0.108481,0.183399,-2.392337,0.040962,2.336075,0.578256
8.333317,-0.000000,-0.990737,0.000000,0.000000,-0.000000,-0.000000,1.000000,0.469139,-0.176817,0.218409,0.997902,-0.062303,0.017520,0.001497,0.467610,-0.160220,0.219415,0.996942,-0.073573,0.026282,0.001587,-3.140889,-0.052662,-0.147349,-0.001188,-0.074779,-0.002074,-0.010191,-0.007616,0.047218,-1.100376,-1.079995,-0.458364,-0.041805,-0.604438,-0.495939,-0.513598,-0.105362,0.178878,-2.389207,0.040567,2.336723,0.570146
8.382286,-0.000000,-0.444221,0.000000,0.000000,-0.000000,-0.000000,1.000000,0.469139,-0.178594,0.218409,0.997902,-0.062303,0.017520,0.001497,0.467639,-0.164281,0.219343,0.996954,-0.073279,0.026651,0.001504,-3.140685,-0.053385,-0.146765,-0.000957,-0.084052,-0.002930,0.009632,-0.013741,-0.027805,-0.967670,-1.099405,-0.431050,-0.000143,-0.544295,-0.481403,-0.517873,-0.101561,0.175206,-2.385385,0.040220,2.337161,0.561903
8.432321,-0.000000,0.000000,0.000000,0.000000,-0.000000,-0.000000,1.000000,0.469139,-0.178594,0.218409,0.997902,-0.062303,0.017520,0.001497,0.467626,-0.168026,0.219159,0.996966,-0.073018,0.026923,0.001362,-3.140374,-0.053908,-0.146253,-0.000922,-0.069800,-0.004270,0.007453,-0.007295,0.008530,-0.965682,-0.285348,-0.256497,-0.324821,-0.633457,-0.106816,-0.522177,-0.097817,0.172166,-2.381858,0.040066,2.337634,0.554190
8.484276,-0.000000,0.000000,0.000000,0.000000,-0.000000,-0.000000,1.000000,0.469139,-0.178594,0.218409,0.997902,-0.062303,0.017520,0.001497,0.467626,-0.171049,0.218988,0.997006,-0.072419,0.027077,0.001178,-3.140018,-0.054189,-0.145062,0.002409,-0.051207,-0.002266,0.002694,-0.009075,0.040542,-1.233899,-1.020033,-0.051566,-0.040996,-0.826315,-0.481293,-0.525265,-0.094580,0.169320,-2.378773,0.040019,2.337808,0.547128
8.535823,-0.000000,0.000000,0.000000,0.000000,-0.000000,-0.000000,1.000000,0.469139,-0.178594,0.218409,0.997902,-0.062303,0.017520,0.001497,0.467695,-0.173231,0.218844,0.997037,-0.071964,0.027158,0.000985,-3.139644,-0.054324,-0.144159,0.001570,-0.036651,-0.002987,0.010678,-0.000059,0.009405,-1.274282,-0.409880,-0.024687,-0.245587,-0.840427,-0.213371,-0.527328,-0.091948,0.167134,-2.376234,0.040052,2.337815,0.541975
8.584534,-0.000000,0.000000,0.000000,0.000000,-0.000000,-0.000000,1.000000,0.469139,-0.178594,0.218409,0.997902,-0.062303,0.017520,0.001497,0.467900,-0.174563,0.218695,0.997072,-0.071461,0.027195,0.000837,-3.139372,-0.054376,-0.143158,0.002447,-0.020371,-0.005288,0.006970,0.006482,0.025974,-1.142775,-0.776388,0.025614,-0.119939,-0.759263,-0.357466,-0.528512,-0.089767,0.165830,-2.374189,0.040030,2.337845,0.538517
8.632748,-0.000000,0.000000,0.000000,0.000000,-0.000000,-0.000000,1.000000,0.469139,-0.178594,0.218409,0.997902,-0.062303,0.017520,0.001497,0.468101,-0.175406,0.218590,0.997114,-0.070864,0.027219,0.000716,-3.139159,-0.054409,-0.141965,0.004761,-0.013945,-0.001101,0.001041,-0.006028,0.027868,-1.046488,-0.827135,-0.086392,-0.081083,-0.649088,-0.356217,-0.529020,-0.088161,0.164800,-2.372665,0.040034,2.337837,0.535794
8.682636,-0.000000,0.000000,0.000000,0.000000,-0.000000,-0.000000,1.000000,0.469139,-0.178594,0.218409,0.997902,-0.062303,0.017520,0.001497,0.468200,-0.175912,0.218508,0.997150,-0.070366,0.027200,0.000638,-3.139033,-0.054361,-0.140971,0.001079,-0.007434,-0.000273,0.002232,0.000195,0.020210,-1.169329,-0.919379,-0.064876,-0.037886,-0.701230,-0.404048,-0.529352,-0.087189,0.164193,-2.371773,0.040036,2.337792,0.533865
8.733377,-0.000000,0.000000,0.000000,0.000000,-0.000000,-0.000000,1.000000,0.469139,-0.178594,0.218409,0.997902,-0.062303,0.017520,0.001497,0.468217,-0.176219,0.218501,0.997179,-0.069942,0.027235,0.000636,-3.139048,-0.054433,-0.140119,-0.000364,-0.005173,0.000704,-0.001812,-0.002142,0.019013,-1.217191,-0.747869,0.077571,-0.144477,-0.789963,-0.322591,-0.529649,-0.086844,0.163907,-2.371420,0.040031,2.337829,0.532438
8.784479,-0.000000,0.000000,0.000000,0.000000,-0.000000,-0.000000,1.000000,0.469139,-0.178594,0.218409,0.997902,-0.062303,0.017520,0.001497,0.468208,-0.176348,0.218526,0.997207,-0.069524,0.027264,0.000657,-3.139108,-0.054494,-0.139279,0.000104,-0.002204,0.001262,-0.002310,-0.002438,0.015706,-1.266751,-0.795623,-0.001006,-0.122206,-0.773335,-0.349402,-0.529808,-0.086809,0.163814,-2.371323,0.040030,2.337822,0.531351
8.833309,-0.000000,0.000000,0.000000,0.000000,-0.000000,-0.000000,1.000000,0.469139,-0.178594,0.218409,0.997902,-0.062303,0.017520,0.001497,0.468194,-0.176431,0.218537,0.997236,-0.069109,0.027278,0.000674,-3.139162,-0.054525,-0.138447,-0.000753,-0.001322,0.000309,-0.000826,-0.000046,0.016154,-1.344362,-0.715384,0.067252,-0.168069,-0.834508,-0.317838,-0.529929,-0.086794,0.163769,-2.371284,0.040030,2.337824,0.530354
8.887009,-0.000000,0.000000,0.000000,0.000000,-0.000000,-0.000000,1.000000,0.469139,-0.178594,0.218409,0.997902,-0.062303,0.017520,0.001497,0.468190,-0.176486,0.218552,0.997261,-0.068732,0.027293,0.000691,-3.139216,-0.054559,-0.137689,0.000145,-0.001738,0.000133,-0.001717,-0.001138,0.010472,-1.327240,-0.760397,0.096935,-0.155250,-0.835449,-0.324062,-0.530006,-0.086790,0.163739,-2.371247,0.040026,2.337824,0.529495
8.936707,-0.000000,0.000000,0.000000,0.000000,-0.000000,-0.000000,1.000000,0.469139,-0.178594,0.218409,0.997902,-0.062303,0.017520,0.001497,0.468183,-0.176526,0.218561,0.997289,-0.068331,0.027301,0.000708,-3.139270,-0.054577,-0.136883,-0.000602,-0.000009,-0.000489,-0.001473,0.002193,0.016266,-1.336298,-0.641766,0.124687,-0.202624,-0.845359,-0.264415,-0.530050,-0.086791,0.163706,-2.371227,0.040020,2.337819,0.528616
8.985407,-0.000000,0.000000,0.000000,0.000000,-0.000000,-0.000000,1.000000,0.469139,-0.178594,0.218409,0.997902,-0.062303,0.017520,0.001497,0.468185,-0.176542,0.218567,0.997311,-0.068007,0.027309,0.000718,-3.139308,-0.054595,-0.136232,-0.000003,-0.000618,0.000094,-0.000772,0.000178,0.013638,-1.361106,-0.711138,0.076766,-0.172919,-0.831518,-0.298311,-0.530073,-0.086788,0.163699,-2.371210,0.040022,2.337821,0.527936
9.035516,-0.000000,0.000000,0.000000,0.000000,-0.000000,-0.000000,1.000000,0.469139,-0.178594,0.218409,0.997902,-0.062303,0.017520,0.001497,0.468187,-0.176551,0.218567,0.997333,-0.067684,0.027308,0.000725,-3.139339,-0.054596,-0.135584,0.001127,0.000457,0.000849,-0.000510,-0.002202,0.013403,-1.388352,-0.723330,0.087334,-0.172815,-0.835572,-0.306616,-0.530080,-0.086772,0.163688,-2.371192,0.040024,2.337817,0.527270
9.089515,-0.000000,0.000000,0.000000,0.000000,-0.000000,-0.000000,1.000000,0.469139,-0.178594,0.218409,0.997902,-0.062303,0.017520,0.001497,0.468186,-0.176568,0.218569,0.997352,-0.067403,0.027310,0.000736,-3.139376,-0.054602,-0.135020,0.000602,0.000333,0.000108,-0.000775,-0.001036,0.013278,-1.387818,-0.679842,0.179064,-0.211018,-0.864268,-0.282888,-0.530096,-0.086762,0.163674,-2.371177,0.040015,2.337817,0.526683
9.135550,-0.000000,0.000000,0.000000,0.000000,-0.000000,-0.000000,1.000000,0.469139,-0.178594,0.218409,0.997902,-0.062303,0.017520,0.001497,0.468188,-0.176577,0.218569,0.997371,-0.067117,0.027310,0.000744,-3.139407,-0.054603,-0.134445,0.000505,-0.000411,0.000304,0.000025,-0.002091,0.005603,-1.324450,-0.656303,0.160909,-0.220354,-0.826431,-0.262337,-0.530102,-0.086750,0.163664,-2.371164,0.040013,2.337816,0.526095
9.188799,-0.000000,0.000000,0.000000,0.000000,-0.000000,-0.000000,1.000000,0.469139,-0.178594,0.218409,0.997902,-0.062303,0.017520,0.001497,0.468189,-0.176580,0.218568,0.997391,-0.066822,0.027309,0.000753,-3.139441,-0.054603,-0.133853,0.000105,-0.000351,0.000054,-0.001902,-0.000991,0.014603,-1.402492,-0.675301,0.179961,-0.208228,-0.865808,-0.277910,-0.530102,-0.086740,0.163660,-2.371155,0.040008,2.337816,0.525504
9.237362,-0.000000,0.000000,0.000000,0.000000,-0.000000,-0.000000,1.000000,0.469139,-0.178594,0.218409,0.997902,-0.062303,0.017520,0.001497,0.468188,-0.176584,0.218562,0.997412,-0.066504,0.027302,0.000757,-3.139469,-0.054590,-0.133213,0.000464,-0.000128,0.000409,-0.000295,-0.001049,0.009593,-1.372679,-0.747736,0.141970,-0.168638,-0.828378,-0.299760,-0.530105,-0.086720,0.163653,-2.371145,0.040008,2.337810,0.524854
9.290714,-0.000000,0.000000,0.000000,0.000000,-0.000000,-0.000000,1.000000,0.469139,-0.178594,0.218409,0.997902,-0.062303,0.017520,0.001497,0.468185,-0.176585,0.218544,0.997431,-0.066222,0.027284,0.000758,-3.139487,-0.054556,-0.132649,0.000758,-0.000093,0.000362,0.000114,-0.001650,0.011095,-1.385421,-0.717169,0.138510,-0.177889,-0.829494,-0.287274,-0.530108,-0.086679,0.163651,-2.371139,0.040004,2.337806,0.524287
9.336465,-0.000000,0.000000,0.000000,0.000000,-0.000000,-0.000000,1.000000,0.469139,-0.178594,0.218409,0.997902,-0.062303,0.017520,0.001497,0.468176,-0.176583,0.218509,0.997451,-0.065937,0.027250,0.000752,-3.139496,-0.054487,-0.132076,0.000100,0.000875,-0.001120,-0.000974,0.002429,0.014302,-1.373766,-0.702004,0.186344,-0.189825,-0.844015,-0.275544,-0.530109,-0.086609,0.163649,-2.371138,0.039996,2.337802,0.523717
9.388665,-0.000000,0.000000,0.000000,0.000000,-0.000000,-0.000000,1.000000,0.469139,-0.178594,0.218409,0.997902,-0.062303,0.017520,0.001497,0.468174,-0.176583,0.218490,0.997467,-0.065702,0.027231,0.000748,-3.139504,-0.054450,-0.131605,-0.000573,0.000634,-0.001339,0.000644,0.003870,0.008632,-1.364685,-0.774128,0.177090,-0.155380,-0.835378,-0.305722,-0.530111,-0.086563,0.163646,-2.371129,0.039997,2.337797,0.523240
9.436731,-0.000000,0.000000,0.000000,0.000000,-0.000000,-0.000000,1.000000,0.469139,-0.178594,0.218409,0.997902,-0.062303,0.017520,0.001497,0.468171,-0.176588,0.218475,0.997484,-0.065460,0.027217,0.000747,-3.139516,-0.054423,-0.131119,-0.000568,-0.000906,-0.000332,0.000110,0.000110,0.010385,-1.340256,-0.690194,0.141149,-0.182484,-0.806070,-0.262263,-0.530119,-0.086523,0.163640,-2.371118,0.039998,2.337793,0.522740
9.487459,-0.000000,0.000000,0.000000,0.000000,-0.000000,-0.000000,1.000000,0.469139,-0.178594,0.218409,0.997902,-0.062303,0.017520,0.001497,0.468165,-0.176585,0.218447,0.997497,-0.065266,0.027187,0.000740,-3.139518,-0.054361,-0.130730,-0.000574,0.000226,-0.000766,-0.000093,0.001545,0.005342,-1.352103,-0.715345,0.171189,-0.177534,-0.815625,-0.273788,-0.530117,-0.086463,0.163639,-2.371111,0.039990,2.337781,0.522358
9.536498,-0.000000,0.000000,0.000000,0.000000,-0.000000,-0.000000,1.000000,0.469139,-0.178594,0.218409,0.997902,-0.062303,0.017520,0.001497,0.468164,-0.176587,0.218429,0.997511,-0.065068,0.027168,0.000739,-3.139528,-0.054325,-0.130333,-0.000064,-0.000525,-0.000586,-0.000957,0.001578,0.006437,-1.315529,-0.740117,0.171287,-0.166771,-0.799080,-0.278077,-0.530119,-0.086413,0.163638,-2.371096,0.039982,2.337777,0.521962
9.586482,-0.000000,0.000000,0.000000,0.000000,-0.000000,-0.000000,1.000000,0.469139,-0.178594,0.218409,0.997902,-0.062303,0.017520,0.001497,0.468159,-0.176588,0.218416,0.997523,-0.064889,0.027151,0.000738,-3.139537,-0.054290,-0.129974,-0.000212,-0.000092,-0.000529,-0.000584,0.002186,0.008116,-1.363313,-0.689510,0.178373,-0.185468,-0.813192,-0.262214,-0.530125,-0.086384,0.163638,-2.371090,0.039978,2.337762,0.521600
9.640313,0.425695,0.000000,0.000000,0.000000,-0.000000,-0.000000,1.000000,0.470842,-0.178594,0.218409,0.997902,-0.062303,0.017520,0.001497,0.468152,-0.176587,0.218398,0.997533,-0.064740,0.027130,0.000732,-3.139538,-0.054248,-0.129674,0.000026,-0.000338,0.000370,-0.001811,-0.000769,0.006661,-1.363714,-0.666661,0.238009,-0.206377,-0.836901,-0.252748,-0.530124,-0.086353,0.163633,-2.371093,0.039977,2.337751,0.521296
9.687496,0.999964,0.000000,0.000000,0.000000,-0.000000,-0.000000,1.000000,0.474841,-0.178594,0.218409,0.997902,-0.062303,0.017520,0.001497,0.468196,-0.176594,0.218409,0.997542,-0.064600,0.027147,0.000733,-3.139545,-0.054283,-0.129393,0.002156,-0.000572,0.001159,-0.000834,-0.002373,0.004235,-1.280509,-0.699482,0.174770,-0.183584,-0.793353,-0.249860,-0.530122,-0.086262,0.163643,-2.370965,0.039980,2.337745,0.521027
9.737654,0.999964,0.000000,0.000000,0.000000,-0.000000,-0.000000,1.000000,0.478841,-0.178594,0.218409,0.997902,-0.062303,0.017520,0.001497,0.468620,-0.176628,0.218583,0.997546,-0.064424,0.027410,0.000773,-3.139600,-0.054813,-0.129040,0.013390,-0.000203,0.005166,-0.001334,-0.014339,0.010064,-1.145361,-0.503098,0.158320,-0.256292,-0.780263,-0.143421,-0.530093,-0.085653,0.163825,-2.369917,0.039975,2.337826,0.520904
9.788714,0.999964,0.000000,0.000000,0.000000,-0.000000,-0.000000,1.000000,0.482841,-0.178594,0.218409,0.997902,-0.062303,0.017520,0.001497,0.469717,-0.176660,0.218905,0.997552,-0.064085,0.027959,0.000799,-3.139600,-0.055913,-0.128364,0.026586,0.000353,0.005853,0.000197,-0.021015,0.019110,-0.912783,-0.415493,-0.038564,-0.264532,-0.633286,-0.090199,-0.529957,-0.083770,0.164324,-2.367130,0.039973,2.337974,0.520899
9.839455,0.999964,0.000000,0.000000,0.000000,-0.000000,-0.000000,1.000000,0.486841,-0.178594,0.218409,0.997902,-0.062303,0.017520,0.001497,0.471483,-0.176732,0.219220,0.997566,-0.063585,0.028615,0.000706,-3.139359,-0.057211,-0.127373,0.041593,-0.001763,0.005033,0.004512,-0.027616,0.026123,-0.840798,-0.166115,-0.103470,-0.376507,-0.578029,-0.015082,-0.529737,-0.080113,0.165050,-2.362361,0.039975,2.338028,0.520899
9.893953,0.999964,0.000000,0.000000,0.000000,-0.000000,-0.000000,1.000000,0.490841,-0.178594,0.218409,0.997902,-0.062303,0.017520,0.001497,0.473874,-0.176843,0.219277,0.997590,-0.062949,0.029180,0.000385,-3.138681,-0.058301,-0.126120,0.049254,-0.003558,-0.001057,0.013163,-0.019852,0.028259,-0.565427,-0.069558,0.080956,-0.467770,-0.525698,0.027636,-0.529336,-0.074165,0.165855,-2.355600,0.039974,2.338043,0.520897
9.939432,0.999964,0.000000,0.000000,0.000000,-0.000000,-0.000000,1.000000,0.494841,-0.178594,0.218409,0.997902,-0.062303,0.017520,0.001497,0.476628,-0.176984,0.219159,0.997618,-0.062254,0.029719,-0.000071,-3.137743,-0.059322,-0.124757,0.059491,-0.003585,-0.002198,0.018502,-0.023780,0.032081,-1.381325,0.439541,0.769414,-0.840336,-1.189687,0.080983,-0.528779,-0.066872,0.166630,-2.347718,0.039978,2.338135,0.520897
9.988696,0.999964,0.000000,0.000000,0.000000,-0.000000,-0.000000,1.000000,0.498841,-0.178594,0.218409,0.997902,-0.062303,0.017520,0.001497,0.479897,-0.177198,0.219135,0.997644,-0.061477,0.030427,-0.000582,-3.136680,-0.060677,-0.123238,0.066147,-0.005406,-0.001285,0.018565,-0.030317,0.030846,-0.763739,0.535620,-0.455838,-0.689317,-0.328656,0.192534,-0.528036,-0.058444,0.167378,-2.338284,0.039973,2.338089,0.520905
10.039354,0.999964,0.000000,0.000000,0.000000,-0.000000,-0.000000,1.000000,0.502840,-0.178594,0.218409,0.997902,-0.062303,0.017520,0.001497,0.483321,-0.177354,0.218928,0.997678,-0.060628,0.031020,-0.001204,-3.135417,-0.061790,-0.121579,0.069182,-0.005693,-0.004833,0.022595,-0.026835,0.032516,-0.612873,0.416890,0.239437,-0.761107,-0.526296,0.138155,-0.527432,-0.049236,0.168432,-2.328315,0.039979,2.337993,0.520914
10.089507,0.999964,0.000000,0.000000,0.000000,-0.000000,-0.000000,1.000000,0.506840,-0.178594,0.218409,0.997902,-0.062303,0.017520,0.001497,0.486929,-0.177562,0.218684,0.997707,-0.059782,0.031691,-0.001849,-3.134100,-0.063057,-0.119932,0.073921,-0.005087,-0.002281,0.022341,-0.031266,0.035483,-1.180595,0.870493,0.609527,-1.029707,-0.931669,0.242191,-0.526984,-0.039520,0.169642,-2.317822,0.039973,2.338010,0.520923
10.139476,0.999964,0.000000,0.000000,0.000000,-0.000000,-0.000000,1.000000,0.510840,-0.178594,0.218409,0.997902,-0.062303,0.017520,0.001497,0.490717,-0.177773,0.218587,0.997737,-0.058906,0.032331,-0.002556,-3.132664,-0.064258,-0.118228,0.073589,-0.003051,-0.004947,0.028695,-0.022855,0.036996,-0.929494,0.849534,0.443998,-0.975479,-0.647685,0.263453,-0.526476,-0.029508,0.170862,-2.306446,0.039977,2.337339,0.520937
10.189618,0.999964,0.000000,0.000000,0.000000,-0.000000,-0.000000,1.000000,0.514840,-0.178594,0.218409,0.997902,-0.062303,0.017520,0.001497,0.494472,-0.177905,0.218302,0.997764,-0.058011,0.033032,-0.003255,-3.131242,-0.065586,-0.116490,0.075084,-0.003018,-0.006849,0.028965,-0.027615,0.035302,-0.498418,0.683233,0.742008,-0.951567,-0.539362,0.243207,-0.525552,-0.019455,0.171785,-2.295524,0.039970,2.337286,0.521004
10.240615,0.999964,0.000000,0.000000,0.000000,-0.000000,-0.000000,1.000000,0.518840,-0.178594,0.218409,0.997902,-0.062303,0.017520,0.001497,0.498449,-0.178062,0.218182,0.997784,-0.057167,0.033808,-0.003975,-3.129769,-0.067061,-0.114860,0.079008,-0.003465,-0.000600,0.025140,-0.034978,0.031469,-0.702985,0.920407,0.248755,-0.983797,-0.318015,0.298637,-0.524456,-0.009124,0.172603,-2.283742,0.039956,2.336778,0.521242
10.289596,0.999964,0.000000,0.000000,0.000000,-0.000000,-0.000000,1.000000,0.522840,-0.178594,0.218409,0.997902,-0.062303,0.017520,0.001497,0.502208,-0.178129,0.217933,0.997804,-0.056368,0.034462,-0.004706,-3.128285,-0.068295,-0.113318,0.075523,-0.003317,-0.002285,0.021501,-0.036981,0.035274,-0.102364,0.851852,1.402803,-1.162658,-0.537029,0.349133,-0.523152,0.000852,0.173234,-2.272609,0.039933,2.336334,0.521572
10.339610,0.999964,0.000000,0.000000,0.000000,-0.000000,-0.000000,1.000000,0.526840,-0.178594,0.218409,0.997902,-0.062303,0.017520,0.001497,0.506090,-0.178217,0.217908,0.997814,-0.055596,0.035330,-0.005358,-3.126935,-0.069967,-0.111834,0.076425,-0.002054,0.000176,0.026653,-0.033561,0.027115,-0.768647,1.228730,0.410281,-1.165659,-0.275920,0.392242,-0.521970,0.010581,0.174023,-2.261191,0.039901,2.335820,0.521993
10.389707,0.999964,0.000000,0.000000,0.000000,-0.000000,-0.000000,1.000000,0.530839,-0.178594,0.218409,0.997902,-0.062303,0.017520,0.001497,0.509893,-0.178258,0.217771,0.997832,-0.054794,0.035973,-0.005900,-3.125835,-0.071204,-0.110277,0.073093,-0.000808,-0.004107,0.017888,-0.029703,0.030799,0.456511,0.772080,1.262283,-1.186965,-0.096305,0.368853,-0.520675,0.020407,0.174831,-2.249785,0.039332,2.335061,0.522823
10.440567,0.999964,0.000000,0.000000,0.000000,-0.000000,-0.000000,1.000000,0.534839,-0.178594,0.218409,0.997902,-0.062303,0.017520,0.001497,0.513696,-0.178260,0.217707,0.997837,-0.054105,0.036806,-0.006324,-3.124945,-0.072834,-0.108945,0.075424,-0.001024,0.001349,0.017729,-0.031215,0.019330,0.503669,0.966818,0.275310,-1.155250,0.430489,0.450797,-0.519507,0.029852,0.175862,-2.238699,0.038655,2.334685,0.524029
10.490562,0.999964,0.000000,0.000000,0.000000,-0.000000,-0.000000,1.000000,0.538839,-0.178594,0.218409,0.997902,-0.062303,0.017520,0.001497,0.517528,-0.178242,0.217718,0.997845,-0.053454,0.037440,-0.006835,-3.123900,-0.074055,-0.107692,0.073973,-0.001464,-0.004817,0.026723,-0.023530,0.014033,0.068924,1.154039,1.407956,-1.465412,-0.250518,0.448763,-0.518694,0.039474,0.177273,-2.226981,0.037924,2.333418,0.525368
10.541522,0.999964,0.000000,0.000000,0.000000,-0.000000,-0.000000,1.000000,0.542839,-0.178594,0.218409,0.997902,-0.062303,0.017520,0.001497,0.521374,-0.178284,0.217549,0.997843,-0.052887,0.038207,-0.007273,-3.122983,-0.075551,-0.106606,0.075085,-0.001980,0.001735,0.018493,-0.037362,0.011320,0.564242,1.135482,1.053856,-1.422971,0.139647,0.517571,-0.518201,0.049293,0.178931,-2.215554,0.037027,2.332934,0.526870
10.590661,0.999964,0.000000,0.000000,0.000000,-0.000000,-0.000000,1.000000,0.546839,-0.178594,0.218409,0.997902,-0.062303,0.017520,0.001497,0.525218,-0.178354,0.217692,0.997842,-0.052365,0.038835,-0.007764,-3.121973,-0.076765,-0.105614,0.074984,-0.003250,0.001239,0.026106,-0.015896,0.008749,0.547778,1.131704,-0.162318,-1.249722,0.753940,0.505203,-0.517595,0.058836,0.180401,-2.203419,0.036160,2.331172,0.528381
10.640697,0.999964,0.000000,0.000000,0.000000,-0.000000,-0.000000,1.000000,0.550839,-0.178594,0.218409,0.997902,-0.062303,0.017520,0.001497,0.528981,-0.178375,0.217486,0.997838,-0.051915,0.039430,-0.008320,-3.120829,-0.077905,-0.104770,0.076846,-0.003558,-0.000382,0.013799,-0.038541,0.014077,1.010604,1.060319,1.429180,-1.505851,0.173323,0.548944,-0.516595,0.068678,0.181479,-2.191799,0.035386,2.330122,0.529930
10.691595,0.999964,0.000000,0.000000,0.000000,-0.000000,-0.000000,1.000000,0.554839,-0.178594,0.218409,0.997902,-0.062303,0.017520,0.001497,0.532867,-0.178439,0.217587,0.997830,-0.051466,0.040129,-0.008787,-3.119857,-0.079262,-0.103927,0.077106,-0.002988,0.004860,0.016852,-0.028798,0.010483,0.243762,1.322615,0.109740,-1.432068,0.529496,0.532724,-0.515468,0.078308,0.182457,-2.179570,0.034466,2.328508,0.531605
10.741519,0.999964,0.000000,0.000000,0.000000,-0.000000,-0.000000,1.000000,0.558838,-0.178594,0.218409,0.997902,-0.062303,0.017520,0.001497,0.536632,-0.178436,0.217473,0.997823,-0.051121,0.040628,-0.009185,-3.119035,-0.080227,-0.103280,0.077146,-0.003072,0.000541,0.006380,-0.042697,-0.000056,1.497047,0.925215,1.318877,-1.486902,0.469535,0.552418,-0.514301,0.088048,0.183509,-2.167641,0.033137,2.326970,0.533839
10.791860,0.999964,0.000000,0.000000,0.000000,-0.000000,-0.000000,1.000000,0.562838,-0.178594,0.218409,0.997902,-0.062303,0.017520,0.001497,0.540541,-0.178524,0.217435,0.997815,-0.050792,0.041192,-0.009370,-3.118631,-0.081342,-0.102653,0.077440,-0.001766,0.003034,0.012798,-0.010792,-0.002975,-0.145274,1.640003,0.116063,-1.591618,0.416208,0.622968,-0.513490,0.098020,0.184970,-2.155201,0.031151,2.325394,0.536560
10.842723,0.999964,0.000000,0.000000,0.000000,-0.000000,-0.000000,1.000000,0.566838,-0.178594,0.218409,0.997902,-0.062303,0.017520,0.001497,0.544335,-0.178540,0.217349,0.997818,-0.050558,0.041429,-0.009365,-3.118636,-0.081822,-0.102190,0.074702,0.001185,-0.003024,-0.012486,-0.005289,0.024687,1.902989,0.955606,1.118433,-1.468311,0.763817,0.643609,-0.512375,0.107970,0.186338,-2.142688,0.028358,2.323219,0.540196
10.892656,0.999964,0.000000,0.000000,0.000000,-0.000000,-0.000000,1.000000,0.570838,-0.178594,0.218409,0.997902,-0.062303,0.017520,0.001497,0.548199,-0.178579,0.217303,0.997824,-0.050249,0.041722,-0.009028,-3.119306,-0.082449,-0.101552,0.074948,0.001496,-0.001122,-0.020098,0.014655,0.028206,0.171021,1.302154,0.683074,-1.515307,0.270487,0.523136,-0.510939,0.117918,0.187565,-2.130060,0.024725,2.321224,0.544375
10.942708,0.999964,0.000000,0.000000,0.000000,-0.000000,-0.000000,1.000000,0.574838,-0.178594,0.218409,0.997902,-0.062303,0.017520,0.001497,0.552064,-0.178501,0.217216,0.997835,-0.050115,0.041678,-0.008721,-3.119936,-0.082394,-0.101255,0.072731,0.002947,-0.005542,-0.014406,0.004015,0.021961,1.576802,0.661390,1.756718,-1.376941,0.287044,0.455048,-0.509343,0.128189,0.188872,-2.116851,0.020753,2.318303,0.549335
10.992503,0.999964,0.000000,0.000000,0.000000,-0.000000,-0.000000,1.000000,0.578838,-0.178594,0.218409,0.997902,-0.062303,0.017520,0.001497,0.556052,-0.178430,0.217383,0.997828,-0.050121,0.041887,-0.008571,-3.120214,-0.082827,-0.101262,0.080879,0.000013,0.002667,0.008465,-0.012438,-0.024780,0.424041,1.219423,-0.089024,-1.279792,0.772023,0.545939,-0.507704,0.138241,0.190058,-2.103257,0.017433,2.315171,0.554043
11.041780,0.999964,0.000000,0.000000,0.000000,-0.000000,-0.000000,1.000000,0.582838,-0.178594,0.218409,0.997902,-0.062303,0.017520,0.001497,0.559943,-0.178340,0.217318,0.997819,-0.050253,0.041893,-0.008726,-3.119893,-0.082820,-0.101541,0.080977,-0.002732,0.003667,0.016823,-0.029377,-0.059455,1.111185,1.177698,1.940486,-1.591799,0.022740,0.652396,-0.505725,0.148649,0.190733,-2.089593,0.014764,2.311762,0.558372
11.091834,0.453484,0.000000,0.000000,0.000000,-0.000000,-0.000000,1.000000,0.584651,-0.178594,0.218409,0.997902,-0.062303,0.017520,0.001497,0.563873,-0.178364,0.217442,0.997808,-0.050371,0.042040,-0.008678,-3.119964,-0.083117,-0.101777,0.075697,-0.001478,0.007403,0.015305,0.013055,-0.043546,0.288873,1.727197,-0.206113,-1.457475,0.823495,0.805606,-0.503890,0.158814,0.191473,-2.075750,0.011729,2.308308,0.562798
11.142601,-0.000000,0.000000,0.000000,0.000000,-0.000000,-0.000000,1.000000,0.584651,-0.178594,0.218409,0.997902,-0.062303,0.017520,0.001497,0.567499,-0.178372,0.217228,0.997818,-0.050430,0.041762,-0.008516,-3.120312,-0.082577,-0.101873,0.067472,-0.001751,-0.006632,-0.012516,0.019547,-0.001314,2.082683,1.029928,1.931103,-1.517040,0.413766,0.774565,-0.502050,0.169041,0.192186,-2.062459,0.008101,2.304697,0.567431
11.192577,-0.000000,0.000000,0.000000,0.000000,-0.000000,-0.000000,1.000000,0.584651,-0.178594,0.218409,0.997902,-0.062303,0.017520,0.001497,0.570633,-0.178462,0.217051,0.997849,-0.050543,0.040976,-0.007992,-3.121433,-0.081057,-0.102034,0.048077,0.002048,-0.005648,-0.030089,0.101490,0.041972,1.554114,1.087832,0.716292,-1.313582,0.815631,0.721129,-0.500175,0.178413,0.192710,-2.049883,0.003461,2.300159,0.572678
11.243553,-0.000000,0.000000,0.000000,0.000000,-0.000000,-0.000000,1.000000,0.584651,-0.178594,0.218409,0.997902,-0.062303,0.017520,0.001497,0.573279,-0.178459,0.216946,0.997889,-0.050674,0.039914,-0.007553,-3.122413,-0.078976,-0.102233,0.050203,0.004525,-0.011040,-0.029036,0.037670,0.036212,1.443464,0.411167,1.801213,-1.158605,0.176479,0.344555,-0.498240,0.186631,0.193005,-2.038431,-0.000757,2.295019,0.577542
11.292918,-0.000000,0.000000,0.000000,0.000000,-0.000000,-0.000000,1.000000,0.584651,-0.178594,0.218409,0.997902,-0.062303,0.017520,0.001497,0.575319,-0.178493,0.216928,0.997909,-0.051061,0.038948,-0.007254,-3.123081,-0.077068,-0.102960,0.048414,0.001903,0.001373,-0.012433,-0.008403,-0.011076,0.271649,0.515733,1.306880,-1.084446,-0.015683,0.191135,-0.496599,0.193085,0.193037,-2.029128,-0.003976,2.290400,0.581774
11.343542,-0.000000,0.000000,0.000000,0.000000,-0.000000,-0.000000,1.000000,0.584651,-0.178594,0.218409,0.997902,-0.062303,0.017520,0.001497,0.576885,-0.178597,0.217002,0.997919,-0.051645,0.037946,-0.007101,-3.123448,-0.075072,-0.104095,0.031137,-0.003250,0.002558,0.011220,0.031870,-0.066815,0.432160,0.888177,0.774490,-1.147021,0.384759,0.419333,-0.495345,0.198295,0.192961,-2.021206,-0.006449,2.285786,0.585473
11.395868,-0.000000,0.000000,0.000000,0.000000,-0.000000,-0.000000,1.000000,0.584651,-0.178594,0.218409,0.997902,-0.062303,0.017520,0.001497,0.577882,-0.178631,0.216890,0.997942,-0.052073,0.036788,-0.006825,-3.124093,-0.072777,-0.104904,0.016405,-0.000728,-0.000897,0.005212,0.050394,-0.051430,2.356555,0.623513,1.063283,-1.118458,1.071462,0.609697,-0.494263,0.202305,0.192894,-2.015365,-0.009000,2.281816,0.588791
11.444544,-0.000000,0.000000,0.000000,0.000000,-0.000000,-0.000000,1.000000,0.584651,-0.178594,0.218409,0.997902,-0.062303,0.017520,0.001497,0.578644,-0.178627,0.216927,0.997956,-0.052477,0.035884,-0.006494,-3.124822,-0.070998,-0.105667,0.013038,-0.000900,0.006440,-0.005499,0.044944,-0.034842,2.539818,0.634696,0.852974,-1.107898,1.294157,0.637764,-0.493354,0.205172,0.192882,-2.010828,-0.011225,2.278540,0.591769
11.494530,-0.000000,0.000000,0.000000,0.000000,-0.000000,-0.000000,1.000000,0.584651,-0.178594,0.218409,0.997902,-0.062303,0.017520,0.001497,0.579150,-0.178648,0.217089,0.997975,-0.052808,0.034942,-0.006057,-3.125774,-0.069158,-0.106279,0.008859,-0.001799,0.009894,-0.021834,0.046260,-0.011533,2.481746,0.638917,0.839664,-1.112872,1.297879,0.628005,-0.492699,0.207233,0.192989,-2.007048,-0.013544,2.275192,0.594549
11.544469,-0.000000,0.000000,0.000000,0.000000,-0.000000,-0.000000,1.000000,0.584651,-0.178594,0.218409,0.997902,-0.062303,0.017520,0.001497,0.579513,-0.178698,0.217191,0.997996,-0.053128,0.033902,-0.005595,-3.126790,-0.067125,-0.106866,0.003372,-0.000647,0.000210,-0.021478,0.064573,0.009821,2.325260,0.624959,1.112764,-1.151482,1.087467,0.593038,-0.492178,0.209115,0.193130,-2.003630,-0.015931,2.271842,0.597251
11.593792,-0.000000,0.000000,0.000000,0.000000,-0.000000,-0.000000,1.000000,0.584651,-0.178594,0.218409,0.997902,-0.062303,0.017520,0.001497,0.579820,-0.178750,0.217200,0.998001,-0.053527,0.033177,-0.005290,-3.127451,-0.065702,-0.107630,0.006224,-0.001155,0.001240,-0.014124,0.031581,0.002108,2.308929,0.564809,1.315281,-1.151357,0.973134,0.557882,-0.491803,0.210676,0.193220,-2.001073,-0.017613,2.269570,0.599486
11.643785,-0.000000,0.000000,0.000000,0.000000,-0.000000,-0.000000,1.000000,0.584651,-0.178594,0.218409,0.997902,-0.062303,0.017520,0.001497,0.580129,-0.178820,0.217160,0.997995,-0.053970,0.032645,-0.005177,-3.127707,-0.064645,-0.108501,0.008946,-0.000868,-0.000881,-0.003573,0.008764,-0.018935,1.780192,0.586917,1.347595,-1.159149,0.746118,0.472776,-0.491533,0.212166,0.193239,-1.998840,-0.018643,2.267833,0.601233
11.694399,-0.000000,0.000000,0.000000,0.000000,-0.000000,-0.000000,1.000000,0.584651,-0.178594,0.218409,0.997902,-0.062303,0.017520,0.001497,0.580376,-0.178889,0.217126,0.997989,-0.054421,0.032094,-0.005111,-3.127871,-0.063545,-0.109391,0.008592,-0.001496,0.001046,0.000087,0.009780,-0.028719,1.703665,0.689125,1.307739,-1.210951,0.748420,0.511682,-0.491321,0.213514,0.193252,-1.996765,-0.019518,2.266056,0.602841
11.744555,-0.000000,0.000000,0.000000,0.000000,-0.000000,-0.000000,1.000000,0.584651,-0.178594,0.218409,0.997902,-0.062303,0.017520,0.001497,0.580537,-0.178934,0.217123,0.997980,-0.054913,0.031521,-0.005090,-3.127944,-0.062396,-0.110364,0.003620,0.000429,0.001207,0.004870,0.022865,-0.020129,1.865367,0.699994,1.445895,-1.250157,0.745846,0.550733,-0.491135,0.214609,0.193252,-1.994936,-0.020223,2.264211,0.604397
11.794555,-0.000000,0.000000,0.000000,0.000000,-0.000000,-0.000000,1.000000,0.584651,-0.178594,0.218409,0.997902,-0.062303,0.017520,0.001497,0.580612,-0.178956,0.217137,0.997974,-0.055369,0.030941,-0.005074,-3.128013,-0.061232,-0.111265,0.000759,0.001352,-0.000025,0.004119,0.035844,-0.009384,2.118016,0.652044,1.439098,-1.233944,0.847057,0.571839,-0.490974,0.215439,0.193254,-1.993425,-0.020851,2.262407,0.605823
11.844660,-0.000000,0.000000,0.000000,0.000000,-0.000000,-0.000000,1.000000,0.584651,-0.178594,0.218409,0.997902,-0.062303,0.017520,0.001497,0.580642,-0.178949,0.217178,0.997966,-0.055771,0.030464,-0.005116,-3.127957,-0.060270,-0.112064,-0.001628,0.001946,-0.001266,0.005188,0.031797,-0.006415,2.098325,0.626142,1.382687,-1.212409,0.866750,0.557097,-0.490851,0.215992,0.193252,-1.992271,-0.021193,2.260861,0.606934
11.894705,-0.000000,0.000000,0.000000,0.000000,-0.000000,-0.000000,1.000000,0.584651,-0.178594,0.218409,0.997902,-0.062303,0.017520,0.001497,0.580597,-0.178933,0.217207,0.997953,-0.056182,0.030115,-0.005118,-3.127969,-0.059567,-0.112882,-0.002159,0.000837,0.000517,0.002920,0.016336,-0.016351,1.846182,0.740841,1.425084,-1.271410,0.727412,0.575085,-0.490769,0.216200,0.193248,-1.991710,-0.021477,2.259835,0.608002
11.945534,-0.000000,0.000000,0.000000,0.000000,-0.000000,-0.000000,1.000000,0.584651,-0.178594,0.218409,0.997902,-0.062303,0.017520,0.001497,0.580522,-0.178888,0.217225,0.997938,-0.056590,0.029857,-0.005148,-3.127914,-0.059043,-0.113697,-0.000966,0.000463,0.000925,0.001127,0.008841,-0.014473,1.705229,0.804405,1.384936,-1.287103,0.679089,0.578513,-0.490707,0.216222,0.193255,-1.991482,-0.021594,2.259125,0.608960
11.995626,-0.000000,0.000000,0.000000,0.000000,-0.000000,-0.000000,1.000000,0.584651,-0.178594,0.218409,0.997902,-0.062303,0.017520,0.001497,0.580443,-0.178860,0.217239,0.997924,-0.056962,0.029622,-0.005149,-3.127917,-0.058568,-0.114437,-0.001308,-0.000179,0.000470,0.001100,0.010201,-0.017463,1.608239,0.789803,1.355873,-1.286453,0.652728,0.547883,-0.490652,0.216222,0.193249,-1.991316,-0.021758,2.258511,0.609856
12.045513,-0.000000,0.000000,0.000000,0.000000,-0.000000,-0.000000,1.000000,0.584651,-0.178594,0.218409,0.997902,-0.062303,0.017520,0.001497,0.580364,-0.178837,0.217234,0.997907,-0.057368,0.029398,-0.005118,-3.127982,-0.058119,-0.115246,-0.000954,0.001316,-0.000155,-0.000683,0.008584,-0.017558,1.536952,0.746340,1.378656,-1.287401,0.608732,0.510095,-0.490603,0.216227,0.193257,-1.991204,-0.022004,2.257993,0.610880
12.095430,-0.000000,0.000000,0.000000,0.000000,-0.000000,-0.000000,1.000000,0.584651,-0.178594,0.218409,0.997902,-0.062303,0.017520,0.001497,0.580299,-0.178825,0.217232,0.997891,-0.057753,0.029209,-0.005077,-3.128063,-0.057740,-0.116011,-0.001267,0.000692,-0.000262,0.000530,0.010108,-0.010650,1.534735,0.841681,1.398502,-1.336314,0.594692,0.564368,-0.490553,0.216235,0.193254,-1.991099,-0.022249,2.257556,0.611850
12.146769,-0.000000,0.000000,0.000000,0.000000,-0.000000,-0.000000,1.000000,0.584651,-0.178594,0.218409,0.997902,-0.062303,0.017520,0.001497,0.580249,-0.178807,0.217246,0.997878,-0.058058,0.029045,-0.005061,-3.128096,-0.057411,-0.116619,-0.000525,-0.000727,0.000219,0.000559,0.004945,-0.016095,1.520243,0.780468,1.347735,-1.299541,0.617259,0.527448,-0.490509,0.216237,0.193255,-1.990970,-0.022409,2.257126,0.612605
12.196704,-0.000000,0.000000,0.000000,0.000000,-0.000000,-0.000000,1.000000,0.584651,-0.178594,0.218409,0.997902,-0.062303,0.017520,0.001497,0.580193,-0.178795,0.217257,0.997864,-0.058376,0.028875,-0.005063,-3.128095,-0.057066,-0.117253,-0.000663,0.000108,0.001025,-0.000413,0.006765,-0.012525,1.583579,0.731094,1.381824,-1.282735,0.625954,0.508038,-0.490484,0.216246,0.193255,-1.990834,-0.022530,2.256673,0.613341
12.246729,-0.000000,0.000000,0.000000,0.000000,-0.000000,-0.000000,1.000000,0.584651,-0.178594,0.218409,0.997902,-0.062303,0.017520,0.001497,0.580155,-0.178808,0.217293,0.997853,-0.058645,0.028730,-0.005029,-3.128165,-0.056778,-0.117789,-0.001206,0.000781,0.000352,0.002139,0.010802,-0.007084,1.709311,0.746521,1.244243,-1.278854,0.759422,0.538964,-0.490473,0.216254,0.193253,-1.990645,-0.022719,2.256233,0.614006
12.295769,-0.000000,0.000000,0.000000,0.000000,-0.000000,-0.000000,1.000000,0.584651,-0.178594,0.218409,0.997902,-0.062303,0.017520,0.001497,0.580112,-0.178801,0.217316,0.997840,-0.058937,0.028569,-0.005036,-3.128153,-0.056451,-0.118372,-0.001068,0.000896,0.001073,0.002168,0.008991,-0.013747,1.707772,0.752206,1.344779,-1.292681,0.706853,0.539655,-0.490456,0.216280,0.193257,-1.990457,-0.022822,2.255761,0.614673
12.346514,-0.045841,0.000000,0.000000,0.000000,-0.000000,-0.000000,1.000000,0.584468,-0.178594,0.218409,0.997902,-0.062303,0.017520,0.001497,0.580097,-0.178801,0.217337,0.997827,-0.059216,0.028454,-0.005047,-3.128129,-0.056215,-0.118930,-0.000616,-0.000184,-0.000518,0.003437,0.006810,-0.011262,1.758688,0.684203,1.278317,-1.242018,0.759214,0.514684,-0.490438,0.216339,0.193252,-1.990252,-0.022892,2.255390,0.615286
12.396663,-0.638708,0.000000,0.000000,0.000000,-0.000000,-0.000000,1.000000,0.581913,-0.178594,0.218409,0.997902,-0.062303,0.017520,0.001497,0.580064,-0.178793,0.217349,0.997812,-0.059527,0.028337,-0.005061,-3.128098,-0.055976,-0.119551,-0.000308,0.000099,0.000070,0.000615,0.003662,-0.017558,1.706373,0.726905,1.294945,-1.259259,0.720937,0.526926,-0.490427,0.216358,0.193255,-1.990128,-0.022951,2.255059,0.615957
12.446723,-0.999964,0.000000,0.000000,0.000000,-0.000000,-0.000000,1.000000,0.577913,-0.178594,0.218409,0.997902,-0.062303,0.017520,0.001497,0.579877,-0.178783,0.217291,0.997806,-0.059809,0.027935,-0.005039,-3.128175,-0.055172,-0.120107,-0.004794,-0.000225,-0.001419,-0.000403,0.021796,-0.013692,1.485283,0.780184,1.325072,-1.316615,0.619990,0.509786,-0.490416,0.216352,0.193242,-1.990080,-0.023255,2.254237,0.616713
12.496809,-0.999964,0.000000,0.000000,0.000000,-0.000000,-0.000000,1.000000,0.573914,-0.178594,0.218409,0.997902,-0.062303,0.017520,0.001497,0.579356,-0.178810,0.217112,0.997813,-0.060156,0.026937,-0.005080,-3.128195,-0.053171,-0.120786,-0.010961,-0.002106,-0.003135,0.006109,0.047907,-0.016293,1.122342,0.750668,1.398265,-1.347864,0.439178,0.420682,-0.490434,0.216299,0.193068,-1.990087,-0.023684,2.252242,0.617505
12.547539,-0.999964,0.000000,0.000000,0.000000,-0.000000,-0.000000,1.000000,0.569914,-0.178594,0.218409,0.997902,-0.062303,0.017520,0.001497,0.578454,-0.178955,0.216868,0.997834,-0.060489,0.025347,-0.005181,-3.128170,-0.049979,-0.121428,-0.018532,-0.003818,-0.004566,0.010579,0.074626,-0.009822,0.587319,0.797539,1.439463,-1.387271,0.186662,0.354053,-0.490502,0.216071,0.192596,-1.990176,-0.024161,2.248979,0.617974
12.596705,-0.999964,0.000000,0.000000,0.000000,-0.000000,-0.000000,1.000000,0.565914,-0.178594,0.218409,0.997902,-0.062303,0.017520,0.001497,0.577175,-0.179215,0.216659,0.997862,-0.060825,0.023282,-0.005357,-3.128055,-0.045830,-0.122070,-0.024576,-0.007347,-0.003033,0.013093,0.086508,-0.015303,-0.397474,1.109733,1.583051,-1.543438,-0.332558,0.362067,-0.490743,0.215427,0.191923,-1.990472,-0.024546,2.244557,0.618044
12.646674,-0.999964,0.000000,0.000000,0.000000,-0.000000,-0.000000,1.000000,0.561914,-0.178594,0.218409,0.997902,-0.062303,0.017520,0.001497,0.575490,-0.179461,0.216528,0.997889,-0.061254,0.020820,-0.005599,-3.127856,-0.040877,-0.122893,-0.032789,-0.005507,-0.002048,0.017441,0.104816,-0.017666,-0.815639,1.024240,1.593217,-1.494238,-0.524057,0.258572,-0.491072,0.214046,0.191137,-1.991356,-0.024791,2.239201,0.618054
12.696865,-0.999964,0.000000,0.000000,0.000000,-0.000000,-0.000000,1.000000,0.557914,-0.178594,0.218409,0.997902,-0.062303,0.017520,0.001497,0.573490,-0.179713,0.216480,0.997912,-0.061729,0.018110,-0.005818,-3.127735,-0.035434,-0.123805,-0.036751,-0.006312,-0.000407,0.016287,0.106138,-0.021278,-1.180777,1.049140,1.665106,-1.516805,-0.729029,0.225660,-0.491531,0.212001,0.190328,-1.992819,-0.025075,2.233300,0.618054
12.750883,-0.999964,0.000000,0.000000,0.000000,-0.000000,-0.000000,1.000000,0.553914,-0.178594,0.218409,0.997902,-0.062303,0.017520,0.001497,0.571316,-0.179967,0.216464,0.997925,-0.062226,0.015422,-0.005988,-3.127716,-0.030039,-0.124757,-0.038681,-0.004469,-0.000245,0.010260,0.095527,-0.017791,-1.814806,1.009876,1.699360,-1.505961,-1.021278,0.107844,-0.492282,0.209435,0.189721,-1.994958,-0.025412,2.227622,0.618053
12.797551,-0.999964,0.000000,0.000000,0.000000,-0.000000,-0.000000,1.000000,0.549914,-0.178594,0.218409,0.997902,-0.062303,0.017520,0.001497,0.568904,-0.180214,0.216512,0.997927,-0.062785,0.012788,-0.006078,-3.127851,-0.024762,-0.125835,-0.045536,-0.005146,0.002433,0.006021,0.096735,-0.024721,-2.425788,1.044528,1.537948,-1.485863,-1.213222,0.026758,-0.493004,0.206066,0.188961,-1.998073,-0.025700,2.222277,0.618056
12.847609,-0.999964,0.000000,0.000000,0.000000,-0.000000,-0.000000,1.000000,0.545915,-0.178594,0.218409,0.997902,-0.062303,0.017520,0.001497,0.566056,-0.180396,0.216612,0.997921,-0.063366,0.010142,-0.006014,-3.128302,-0.019481,-0.126956,-0.057437,-0.003565,0.003191,-0.000146,0.109218,-0.021479,-2.210264,1.169195,1.581444,-1.549217,-1.173817,0.140533,-0.493434,0.201365,0.187787,-2.002878,-0.025984,2.217381,0.618040
12.897582,-0.999964,0.000000,0.000000,0.000000,-0.000000,-0.000000,1.000000,0.541915,-0.178594,0.218409,0.997902,-0.062303,0.017520,0.001497,0.562931,-0.180468,0.216755,0.997907,-0.063936,0.007780,-0.005783,-3.129054,-0.014788,-0.128058,-0.062040,0.001345,0.000283,-0.001263,0.094281,-0.022747,-2.457486,1.105766,1.104406,-1.422458,-1.022186,0.059858,-0.493783,0.195404,0.186544,-2.009455,-0.026238,2.213654,0.618036
12.948862,-0.999964,0.000000,0.000000,0.000000,-0.000000,-0.000000,1.000000,0.537915,-0.178594,0.218409,0.997902,-0.062303,0.017520,0.001497,0.559552,-0.180470,0.216804,0.997882,-0.064564,0.005845,-0.005412,-3.130035,-0.010967,-0.129286,-0.067040,0.003866,-0.005855,-0.009238,0.075008,-0.022203,-2.460906,1.080465,1.974025,-1.532457,-1.499743,0.047557,-0.494176,0.188298,0.185264,-2.018077,-0.026360,2.211744,0.618029
13.000508,-0.999964,0.000000,0.000000,0.000000,-0.000000,-0.000000,1.000000,0.533915,-0.178594,0.218409,0.997902,-0.062303,0.017520,0.001497,0.556100,-0.180435,0.216749,0.997854,-0.065164,0.004090,-0.004973,-3.131135,-0.007515,-0.130462,-0.067916,0.001700,-0.001261,-0.015301,0.070857,-0.021281,-1.856768,0.697765,1.827986,-1.375378,-1.164405,-0.057396,-0.494748,0.180895,0.184179,-2.027475,-0.026558,2.210694,0.618024
13.047766,-0.999964,0.000000,0.000000,0.000000,-0.000000,-0.000000,1.000000,0.529915,-0.178594,0.218409,0.997902,-0.062303,0.017520,0.001497,0.552459,-0.180399,0.217026,0.997816,-0.065849,0.002640,-0.004397,-3.132470,-0.004689,-0.131816,-0.071542,0.002113,0.004229,-0.019160,0.060111,-0.025325,-2.514773,0.826916,0.591580,-1.193523,-0.787808,-0.089494,-0.495377,0.172172,0.183035,-2.037863,-0.026620,2.209993,0.618008
13.098701,-0.999964,0.000000,0.000000,0.000000,-0.000000,-0.000000,1.000000,0.525915,-0.178594,0.218409,0.997902,-0.062303,0.017520,0.001497,0.548587,-0.180277,0.217060,0.997775,-0.066555,0.001107,-0.003840,-3.133783,-0.001698,-0.133216,-0.074709,0.000742,-0.002482,-0.019095,0.058513,-0.032767,-2.167911,0.731608,2.213034,-1.388512,-1.577197,-0.062896,-0.495908,0.163180,0.181778,-2.049198,-0.026642,2.209813,0.618001
13.148494,-0.999964,0.000000,0.000000,0.000000,-0.000000,-0.000000,1.000000,0.521915,-0.178594,0.218409,0.997902,-0.062303,0.017520,0.001497,0.544903,-0.180224,0.217235,0.997730,-0.067261,-0.000149,-0.003252,-3.135124,0.000735,-0.134622,-0.073171,0.002490,0.006285,-0.019141,0.052372,-0.029093,-2.813510,0.790196,0.403375,-1.103673,-0.989966,-0.129906,-0.496645,0.154265,0.180708,-2.060129,-0.026654,2.209848,0.617932
13.198585,-0.999964,0.000000,0.000000,0.000000,-0.000000,-0.000000,1.000000,0.517916,-0.178594,0.218409,0.997902,-0.062303,0.017520,0.001497,0.540962,-0.180149,0.217413,0.997684,-0.067947,-0.001474,-0.002635,-3.136535,0.003300,-0.135990,-0.080234,0.002184,-0.002408,-0.018443,0.064480,-0.026577,-2.528956,0.694244,1.097185,-1.139446,-1.281125,-0.106649,-0.497492,0.144724,0.179643,-2.071802,-0.026666,2.209889,0.617716
13.248556,-0.999964,0.000000,0.000000,0.000000,-0.000000,-0.000000,1.000000,0.513916,-0.178594,0.218409,0.997902,-0.062303,0.017520,0.001497,0.537060,-0.180035,0.217542,0.997637,-0.068627,-0.002739,-0.002024,-3.137930,0.005743,-0.137352,-0.072427,0.002090,0.007283,-0.024732,0.039722,-0.027728,-2.677266,0.623559,1.274366,-1.121618,-1.566009,-0.144853,-0.498200,0.135261,0.178509,-2.083473,-0.026663,2.210123,0.617527
13.298753,-0.999964,0.000000,0.000000,0.000000,-0.000000,-0.000000,1.000000,0.509916,-0.178594,0.218409,0.997902,-0.062303,0.017520,0.001497,0.533198,-0.179959,0.217813,0.997589,-0.069271,-0.003926,-0.001401,-3.139342,0.008027,-0.138645,-0.078880,0.003575,0.004629,-0.020635,0.054227,-0.026155,-3.148602,0.493125,-0.091172,-0.796146,-1.114959,-0.285669,-0.499073,0.125671,0.177499,-2.094892,-0.026656,2.210133,0.617195
13.350517,-0.999964,0.000000,0.000000,0.000000,-0.000000,-0.000000,1.000000,0.505916,-0.178594,0.218409,0.997902,-0.062303,0.017520,0.001497,0.529157,-0.179854,0.217936,0.997540,-0.069905,-0.005138,-0.000780,-3.140755,0.010360,-0.139922,-0.077282,0.002647,0.003785,-0.018086,0.051250,-0.026708,-2.672985,0.422744,0.802935,-0.912217,-1.484643,-0.209277,-0.500178,0.115817,0.176652,-2.107003,-0.026660,2.210524,0.616773
13.400499,-0.999964,0.000000,0.000000,0.000000,-0.000000,-0.000000,1.000000,0.501916,-0.178594,0.218409,0.997902,-0.062303,0.017520,0.001497,0.525295,-0.179814,0.218185,0.997498,-0.070419,-0.006181,-0.000152,3.141026,0.012352,-0.140960,-0.077809,0.001491,-0.000797,-0.016830,0.056204,-0.018742,-3.624973,0.726136,0.371811,-0.959387,-1.762146,-0.193909,-0.501543,0.106149,0.176049,-2.118529,-0.026671,2.210841,0.616062
13.449430,-0.999964,0.000000,0.000000,0.000000,-0.000000,-0.000000,1.000000,0.497916,-0.178594,0.218409,0.997902,-0.062303,0.017520,0.001497,0.521379,-0.179752,0.218248,0.997457,-0.070893,-0.007249,0.000448,3.139671,0.014398,-0.141923,-0.073180,0.002054,0.002796,-0.027083,0.028988,-0.011829,-2.565049,0.148984,1.060716,-0.834584,-1.796470,-0.282037,-0.502792,0.096605,0.175312,-2.130332,-0.026668,2.211499,0.615233
13.500606,-0.999964,0.000000,0.000000,0.000000,-0.000000,-0.000000,1.000000,0.493916,-0.178594,0.218409,0.997902,-0.062303,0.017520,0.001497,0.517519,-0.179757,0.218559,0.997418,-0.071334,-0.008234,0.001079,3.138265,0.016272,-0.142821,-0.075250,0.000709,0.006930,-0.023702,0.038544,-0.015245,-3.566383,0.425151,-0.983757,-0.578456,-1.262417,-0.301358,-0.504104,0.086840,0.174558,-2.141696,-0.026651,2.211682,0.614219
13.549657,-0.999964,0.000000,0.000000,0.000000,-0.000000,-0.000000,1.000000,0.489917,-0.178594,0.218409,0.997902,-0.062303,0.017520,0.001497,0.513624,-0.179760,0.218550,0.997376,-0.071775,-0.009296,0.001644,3.136978,0.018308,-0.143723,-0.073777,-0.000447,0.000516,-0.022078,0.034481,-0.021594,-4.085271,0.671629,0.671293,-0.936089,-2.399261,-0.242844,-0.505340,0.077523,0.173678,-2.153271,-0.026642,2.212339,0.613148
13.599657,-0.999964,0.000000,0.000000,0.000000,-0.000000,-0.000000,1.000000,0.485917,-0.178594,0.218409,0.997902,-0.062303,0.017520,0.001497,0.509763,-0.179771,0.218711,0.997334,-0.072212,-0.010281,0.002254,3.135610,0.020184,-0.144618,-0.075646,0.003203,0.004331,-0.020625,0.043743,-0.014742,-3.899712,0.518497,-0.652548,-0.644358,-1.741792,-0.271330,-0.506354,0.067975,0.172588,-2.164635,-0.026646,2.212734,0.612064
13.650498,-0.462711,0.000000,0.000000,0.000000,-0.000000,-0.000000,1.000000,0.484066,-0.178594,0.218409,0.997902,-0.062303,0.017520,0.001497,0.505850,-0.179731,0.218826,0.997291,-0.072621,-0.011300,0.002860,3.134245,0.022124,-0.145461,-0.080573,0.003381,-0.006673,-0.016941,0.053266,-0.011930,-4.150558,0.616221,0.275104,-0.821180,-2.379631,-0.248521,-0.506898,0.058342,0.171072,-2.176148,-0.026642,2.213135,0.610947
13.700528,-0.000000,0.000000,0.000000,0.000000,-0.000000,-0.000000,1.000000,0.484066,-0.178594,0.218409,0.997902,-0.062303,0.017520,0.001497,0.502222,-0.179712,0.218842,0.997257,-0.072965,-0.011913,0.003508,3.132855,0.023251,-0.146173,-0.067455,0.000049,0.005985,-0.029456,0.014710,-0.011021,-3.716774,0.328265,-0.415371,-0.567360,-1.956450,-0.301546,-0.507222,0.049140,0.169432,-2.187516,-0.026622,2.214621,0.609774
13.749879,-0.000000,0.000000,0.000000,0.000000,-0.000000,-0.000000,1.000000,0.484066,-0.178594,0.218409,0.997902,-0.062303,0.017520,0.001497,0.499007,-0.179647,0.219204,0.997234,-0.073210,-0.012122,0.004229,3.131379,0.023561,-0.146683,-0.054994,0.002604,0.006721,-0.031176,-0.007567,-0.008651,-4.843108,0.714920,-1.091000,-0.551603,-2.191822,-0.303942,-0.507398,0.040027,0.167963,-2.197925,-0.026571,2.216051,0.608671
13.799805,-0.000000,0.000000,0.000000,0.000000,-0.000000,-0.000000,1.000000,0.484066,-0.178594,0.218409,0.997902,-0.062303,0.017520,0.001497,0.496443,-0.179513,0.219301,0.997220,-0.073388,-0.011959,0.004903,3.130054,0.023133,-0.147053,-0.047051,0.003776,0.000922,-0.025346,-0.000823,-0.005078,-4.362446,0.647855,0.362532,-0.736138,-2.759168,-0.238890,-0.507548,0.032532,0.166934,-2.207169,-0.026559,2.218597,0.607918
13.850540,-0.000000,0.000000,0.000000,0.000000,-0.000000,-0.000000,1.000000,0.484066,-0.178594,0.218409,0.997902,-0.062303,0.017520,0.001497,0.494587,-0.179364,0.219423,0.997212,-0.073500,-0.011690,0.005453,3.128994,0.022515,-0.147288,-0.035477,0.003727,0.000060,-0.015835,0.002157,-0.002435,-4.531143,0.660004,-0.589612,-0.600641,-2.421962,-0.254786,-0.507571,0.026789,0.166203,-2.214157,-0.026550,2.220744,0.607437
13.900711,-0.000000,0.000000,0.000000,0.000000,-0.000000,-0.000000,1.000000,0.484066,-0.178594,0.218409,0.997902,-0.062303,0.017520,0.001497,0.493238,-0.179274,0.219538,0.997208,-0.073583,-0.011244,0.005940,3.128088,0.021553,-0.147456,-0.026400,0.002825,0.000739,-0.018136,-0.014208,-0.004559,-4.420564,0.603348,-0.946026,-0.504450,-2.214406,-0.260417,-0.507609,0.022277,0.165659,-2.219690,-0.026535,2.222955,0.607054
13.950615,-0.000000,0.000000,0.000000,0.000000,-0.000000,-0.000000,1.000000,0.484066,-0.178594,0.218409,0.997902,-0.062303,0.017520,0.001497,0.492186,-0.179190,0.219547,0.997212,-0.073589,-0.010622,0.006404,3.127253,0.020243,-0.147467,-0.019533,0.002532,-0.002916,-0.017849,-0.023103,-0.001547,-4.748171,0.720229,-0.538656,-0.588643,-2.551754,-0.258275,-0.507643,0.018512,0.165258,-2.224662,-0.026522,2.225669,0.606670
14.000692,-0.000000,0.000000,0.000000,0.000000,-0.000000,-0.000000,1.000000,0.484066,-0.178594,0.218409,0.997902,-0.062303,0.017520,0.001497,0.491412,-0.179124,0.219446,0.997218,-0.073562,-0.009934,0.006814,3.126539,0.018811,-0.147410,-0.012680,0.001470,-0.002044,-0.017865,-0.029395,0.004869,-4.596068,0.680503,-0.604546,-0.548153,-2.445861,-0.246904,-0.507658,0.015607,0.164956,-2.228905,-0.026514,2.228597,0.606340
14.054040,-0.000000,0.000000,0.000000,0.000000,-0.000000,-0.000000,1.000000,0.484066,-0.178594,0.218409,0.997902,-0.062303,0.017520,0.001497,0.490975,-0.179105,0.219382,0.997221,-0.073562,-0.009432,0.007081,3.126080,0.017770,-0.147405,-0.006198,-0.000502,-0.000687,-0.012495,-0.019953,0.002336,-4.933394,0.823132,-0.595213,-0.597397,-2.575157,-0.235226,-0.507662,0.013852,0.164747,-2.231517,-0.026505,2.230593,0.606151
14.100836,-0.000000,0.000000,0.000000,0.000000,-0.000000,-0.000000,1.000000,0.484066,-0.178594,0.218409,0.997902,-0.062303,0.017520,0.001497,0.490725,-0.179128,0.219333,0.997231,-0.073447,-0.009141,0.007228,3.125832,0.017170,-0.147172,-0.003828,-0.000926,-0.000085,-0.003796,-0.008088,0.001615,-4.847725,0.741250,-0.515744,-0.557253,-2.573783,-0.256427,-0.507673,0.012891,0.164573,-2.232991,-0.026495,2.231764,0.605747
14.150754,-0.000000,0.000000,0.000000,0.000000,-0.000000,-0.000000,1.000000,0.484066,-0.178594,0.218409,0.997902,-0.062303,0.017520,0.001497,0.490616,-0.179176,0.219298,0.997240,-0.073348,-0.008926,0.007320,3.125680,0.016730,-0.146971,-0.001856,-0.001263,-0.000494,-0.003256,-0.008335,0.005902,-4.928263,0.811024,-0.440729,-0.587760,-2.642842,-0.232245,-0.507684,0.012419,0.164433,-2.233786,-0.026496,2.232561,0.605411
14.201521,-0.000000,0.000000,0.000000,0.000000,-0.000000,-0.000000,1.000000,0.484066,-0.178594,0.218409,0.997902,-0.062303,0.017520,0.001497,0.490558,-0.179223,0.219247,0.997250,-0.073219,-0.008712,0.007394,3.125566,0.016294,-0.146710,-0.001183,-0.000454,-0.000506,-0.004265,-0.009652,0.004599,-4.960292,0.737983,-0.373016,-0.549000,-2.699538,-0.270157,-0.507697,0.012111,0.164324,-2.234418,-0.026487,2.233348,0.605035
14.250908,-0.000000,0.000000,0.000000,0.000000,-0.000000,-0.000000,1.000000,0.484066,-0.178594,0.218409,0.997902,-0.062303,0.017520,0.001497,0.490537,-0.179257,0.219199,0.997265,-0.073041,-0.008504,0.007460,3.125468,0.015872,-0.146350,-0.000412,0.000221,-0.000401,-0.002701,-0.006524,0.005923,-5.031211,0.753199,-0.348765,-0.544995,-2.748218,-0.270542,-0.507697,0.011894,0.164248,-2.234929,-0.026481,2.234085,0.604609
14.301045,-0.000000,0.000000,0.000000,0.000000,-0.000000,-0.000000,1.000000,0.484066,-0.178594,0.218409,0.997902,-0.062303,0.017520,0.001497,0.490521,-0.179298,0.219166,0.997281,-0.072842,-0.008292,0.007526,3.125371,0.015444,-0.145947,-0.000767,-0.000786,-0.000431,-0.002362,-0.007040,0.008441,-4.917553,0.790133,-0.397509,-0.539598,-2.685438,-0.235240,-0.507712,0.011669,0.164174,-2.235407,-0.026469,2.234790,0.604122
14.353520,-0.000000,0.000000,0.000000,0.000000,-0.000000,-0.000000,1.000000,0.484066,-0.178594,0.218409,0.997902,-0.062303,0.017520,0.001497,0.490535,-0.179326,0.219162,0.997298,-0.072629,-0.008052,0.007597,3.125268,0.014958,-0.145517,-0.000592,-0.001365,0.000329,-0.004461,-0.010599,0.009944,-5.020791,0.805162,-0.425552,-0.523354,-2.724179,-0.242428,-0.507715,0.011439,0.164130,-2.235823,-0.026449,2.235484,0.603645
14.403780,-0.000000,0.000000,0.000000,0.000000,-0.000000,-0.000000,1.000000,0.484066,-0.178594,0.218409,0.997902,-0.062303,0.017520,0.001497,0.490532,-0.179341,0.219173,0.997318,-0.072371,-0.007811,0.007661,3.125179,0.014472,-0.144995,-0.000064,-0.000204,0.000529,-0.002667,-0.013436,0.008178,-5.174392,0.874322,-0.389179,-0.530374,-2.808922,-0.231451,-0.507718,0.011131,0.164092,-2.236293,-0.026396,2.236156,0.603060
14.453620,-0.000000,0.000000,0.000000,0.000000,-0.000000,-0.000000,1.000000,0.484066,-0.178594,0.218409,0.997902,-0.062303,0.017520,0.001497,0.490521,-0.179339,0.219185,0.997340,-0.072089,-0.007547,0.007699,3.125145,0.013945,-0.144427,-0.001142,0.000061,0.000868,-0.000043,-0.007988,0.011764,-5.074329,0.833566,-0.407274,-0.470058,-2.774052,-0.235232,-0.507727,0.010765,0.164062,-2.236840,-0.026253,2.236879,0.602378
14.503825,-0.000000,0.000000,0.000000,0.000000,-0.000000,-0.000000,1.000000,0.484066,-0.178594,0.218409,0.997902,-0.062303,0.017520,0.001497,0.490514,-0.179349,0.219207,0.997366,-0.071750,-0.007272,0.007771,3.125046,0.013391,-0.143743,-0.001333,0.000557,0.000200,-0.003773,-0.005635,0.018960,-5.120862,0.841738,-0.367853,-0.453897,-2.824392,-0.240649,-0.507731,0.010380,0.164029,-2.237387,-0.026181,2.237624,0.601624
14.553605,-0.000000,0.000000,0.000000,0.000000,-0.000000,-0.000000,1.000000,0.484066,-0.178594,0.218409,0.997902,-0.062303,0.017520,0.001497,0.490497,-0.179361,0.219213,0.997388,-0.071465,-0.006947,0.007867,3.124905,0.012734,-0.143166,-0.002595,0.000585,-0.001430,-0.003928,-0.008767,0.013236,-5.112347,0.814289,-0.272047,-0.458526,-2.864452,-0.252288,-0.507735,0.009932,0.163989,-2.238087,-0.026124,2.238566,0.600985
14.602568,-0.000000,0.000000,0.000000,0.000000,-0.000000,-0.000000,1.000000,0.484066,-0.178594,0.218409,0.997902,-0.062303,0.017520,0.001497,0.490467,-0.179368,0.219213,0.997414,-0.071126,-0.006503,0.008012,3.124683,0.011832,-0.142479,-0.001892,0.000198,0.001073,-0.008265,-0.018921,0.013479,-5.230420,0.862151,-0.359032,-0.450711,-2.879764,-0.245547,-0.507747,0.009302,0.163962,-2.239092,-0.026075,2.239891,0.600251
14.652801,-0.000000,0.000000,0.000000,0.000000,-0.000000,-0.000000,1.000000,0.484066,-0.178594,0.218409,0.997902,-0.062303,0.017520,0.001497,0.490384,-0.179324,0.219193,0.997438,-0.070821,-0.005985,0.008128,3.124529,0.010788,-0.141859,-0.002586,-0.000084,0.000459,-0.007361,-0.026304,0.008936,-5.237084,0.907428,-0.320997,-0.434113,-2.909108,-0.224151,-0.507746,0.008435,0.163940,-2.240474,-0.025860,2.241487,0.599506
14.702755,-0.000000,0.000000,0.000000,0.000000,-0.000000,-0.000000,1.000000,0.484066,-0.178594,0.218409,0.997902,-0.062303,0.017520,0.001497,0.490294,-0.179285,0.219149,0.997463,-0.070493,-0.005387,0.008298,3.124278,0.009576,-0.141194,-0.002534,0.000608,-0.000923,-0.009290,-0.024018,0.012302,-5.357903,0.897908,-0.267150,-0.409341,-2.990965,-0.251999,-0.507750,0.007483,0.163926,-2.242074,-0.025709,2.243401,0.598763
14.752704,-0.000000,0.000000,0.000000,0.000000,-0.000000,-0.000000,1.000000,0.484066,-0.178594,0.218409,0.997902,-0.062303,0.017520,0.001497,0.490255,-0.179258,0.219085,0.997490,-0.070141,-0.004750,0.008449,3.124068,0.008292,-0.140476,-0.000931,0.000701,-0.002074,-0.006671,-0.023029,0.015499,-5.285850,0.886350,-0.171481,-0.391798,-3.011435,-0.243128,-0.507753,0.006669,0.163907,-2.243578,-0.025517,2.245418,0.597939
14.802762,-0.000000,0.000000,0.000000,0.000000,-0.000000,-0.000000,1.000000,0.484066,-0.178594,0.218409,0.997902,-0.062303,0.017520,0.001497,0.490245,-0.179255,0.219011,0.997515,-0.069802,-0.004177,0.008580,3.123890,0.007135,-0.139787,-0.001495,0.000213,-0.002137,-0.006333,-0.020412,0.016614,-5.265988,0.866117,-0.257005,-0.352816,-2.965091,-0.251717,-0.507765,0.006049,0.163873,-2.244843,-0.025352,2.247255,0.597135
14.852967,-0.000000,0.000000,0.000000,0.000000,-0.000000,-0.000000,1.000000,0.484066,-0.178594,0.218409,0.997902,-0.062303,0.017520,0.001497,0.490216,-0.179252,0.218900,0.997544,-0.069411,-0.003651,0.008655,3.123817,0.006083,-0.138994,-0.002673,-0.000088,-0.003563,-0.002612,-0.013965,0.019454,-5.271728,0.877096,-0.192581,-0.345001,-3.009425,-0.249090,-0.507776,0.005503,0.163801,-2.246090,-0.025093,2.249029,0.596130
14.903024,-0.000000,0.000000,0.000000,0.000000,-0.000000,-0.000000,1.000000,0.484066,-0.178594,0.218409,0.997902,-0.062303,0.017520,0.001497,0.490206,-0.179244,0.218825,0.997572,-0.069032,-0.003089,0.008700,3.123807,0.004962,-0.138224,-0.002962,0.001250,-0.003587,0.000211,-0.014422,0.020628,-5.212200,0.775262,-0.172465,-0.279008,-2.995712,-0.287629,-0.507791,0.004920,0.163727,-2.247294,-0.024727,2.250777,0.595074
14.953653,-0.000000,0.000000,0.000000,0.000000,-0.000000,-0.000000,1.000000,0.484066,-0.178594,0.218409,0.997902,-0.062303,0.017520,0.001497,0.490182,-0.179229,0.218785,0.997599,-0.068649,-0.002595,0.008751,3.123775,0.003975,-0.137448,-0.001823,0.002303,-0.001876,0.001094,-0.011321,0.014416,-5.212115,0.814444,-0.291435,-0.250134,-2.939233,-0.265882,-0.507797,0.004320,0.163665,-2.248390,-0.024412,2.252274,0.594059
15.003823,-0.000000,0.000000,0.000000,0.000000,-0.000000,-0.000000,1.000000,0.484066,-0.178594,0.218409,0.997902,-0.062303,0.017520,0.001497,0.490161,-0.179224,0.218752,0.997624,-0.068298,-0.002130,0.008837,3.123669,0.003043,-0.136736,-0.001718,0.000983,-0.000542,-0.003404,-0.011367,0.015355,-5.164441,0.802839,-0.159519,-0.258626,-2.975776,-0.264036,-0.507810,0.003752,0.163623,-2.249418,-0.024206,2.253691,0.593189
15.053810,-0.000000,0.000000,0.000000,0.000000,-0.000000,-0.000000,1.000000,0.484066,-0.178594,0.218409,0.997902,-0.062303,0.017520,0.001497,0.490167,-0.179212,0.218707,0.997645,-0.067990,-0.001693,0.008900,3.123603,0.002167,-0.136110,-0.002263,-0.000640,-0.001544,-0.001404,-0.007711,0.012047,-5.262331,0.853552,-0.051602,-0.282386,-3.064199,-0.255492,-0.507815,0.003303,0.163595,-2.250319,-0.023987,2.255033,0.592417
15.103906,-0.000000,0.000000,0.000000,0.000000,-0.000000,-0.000000,1.000000,0.484066,-0.178594,0.218409,0.997902,-0.062303,0.017520,0.001497,0.490223,-0.179213,0.218681,0.997668,-0.067652,-0.001313,0.008927,3.123603,0.001412,-0.135426,0.000181,-0.000168,-0.000046,-0.003379,-0.012938,0.015089,-5.179554,0.863631,-0.219524,-0.243941,-2.948243,-0.231547,-0.507827,0.003051,0.163577,-2.250889,-0.023752,2.256109,0.591574
15.153870,-0.000000,0.000000,0.000000,0.000000,-0.000000,-0.000000,1.000000,0.484066,-0.178594,0.218409,0.997902,-0.062303,0.017520,0.001497,0.490297,-0.179222,0.218616,0.997691,-0.067318,-0.000934,0.008958,3.123591,0.000657,-0.134750,0.000803,-0.000667,-0.000333,-0.000739,-0.016312,0.011746,-5.382229,0.938322,-0.186990,-0.277598,-3.051770,-0.232480,-0.507836,0.002911,0.163557,-2.251434,-0.023554,2.257273,0.590765
15.204784,-0.000000,0.000000,0.000000,0.000000,-0.000000,-0.000000,1.000000,0.484066,-0.178594,0.218409,0.997902,-0.062303,0.017520,0.001497,0.490339,-0.179232,0.218549,0.997715,-0.066961,-0.000572,0.008982,3.123592,-0.000062,-0.134027,0.001514,-0.000613,0.000460,-0.004724,-0.018937,0.020227,-5.376741,0.848890,-0.114173,-0.246051,-3.084321,-0.276767,-0.507854,0.002709,0.163523,-2.252054,-0.023336,2.258412,0.589871
15.253829,-0.000000,0.000000,0.000000,0.000000,-0.000000,-0.000000,1.000000,0.484066,-0.178594,0.218409,0.997902,-0.062303,0.017520,0.001497,0.490381,-0.179257,0.218503,0.997740,-0.066586,-0.000199,0.009025,3.123557,-0.000805,-0.133269,0.001699,-0.001512,-0.000446,-0.003201,-0.024159,0.009232,-5.498617,0.943243,-0.041731,-0.290711,-3.164731,-0.253468,-0.507879,0.002475,0.163476,-2.252662,-0.023147,2.259540,0.588942
15.303988,-0.000000,0.000000,0.000000,0.000000,-0.000000,-0.000000,1.000000,0.484066,-0.178594,0.218409,0.997902,-0.062303,0.017520,0.001497,0.490399,-0.179264,0.218461,0.997764,-0.066220,0.000152,0.009002,3.123648,-0.001495,-0.132528,0.000732,-0.000898,-0.000243,-0.004638,-0.017310,0.016346,-5.391280,0.870006,-0.195674,-0.220452,-3.054038,-0.270690,-0.507911,0.002200,0.163413,-2.253287,-0.022799,2.260567,0.587905
15.355998,-0.000000,0.000000,0.000000,0.000000,-0.000000,-0.000000,1.000000,0.484066,-0.178594,0.218409,0.997902,-0.062303,0.017520,0.001497,0.490439,-0.179292,0.218425,0.997786,-0.065891,0.000497,0.009052,3.123594,-0.002184,-0.131864,0.000318,-0.000717,-0.001351,-0.002591,-0.011680,0.012222,-5.411433,0.882462,-0.086760,-0.248028,-3.109071,-0.271090,-0.507928,0.001979,0.163363,-2.253838,-0.022646,2.261600,0.587095
15.404012,-0.000000,0.000000,0.000000,0.000000,-0.000000,-0.000000,1.000000,0.484066,-0.178594,0.218409,0.997902,-0.062303,0.017520,0.001497,0.490501,-0.179318,0.218397,0.997803,-0.065622,0.000829,0.009062,3.123615,-0.002844,-0.131319,0.001584,-0.001094,0.000164,-0.004229,-0.015228,0.010446,-5.404818,0.926329,-0.027940,-0.271001,-3.132226,-0.252403,-0.507955,0.001833,0.163320,-2.254264,-0.022420,2.262535,0.586352
15.454779,-0.000000,0.000000,0.000000,0.000000,-0.000000,-0.000000,1.000000,0.484066,-0.178594,0.218409,0.997902,-0.062303,0.017520,0.001497,0.490584,-0.179347,0.218378,0.997821,-0.065343,0.001146,0.009103,3.123575,-0.003476,-0.130753,0.001641,0.000249,-0.001041,-0.002560,-0.013121,0.013020,-5.343742,0.845470,-0.099383,-0.228064,-3.062112,-0.284458,-0.507963,0.001740,0.163291,-2.254595,-0.022288,2.263412,0.585680
15.504773,-0.000000,0.000000,0.000000,0.000000,-0.000000,-0.000000,1.000000,0.484066,-0.178594,0.218409,0.997902,-0.062303,0.017520,0.001497,0.490656,-0.179379,0.218362,0.997835,-0.065122,0.001430,0.009120,3.123577,-0.004042,-0.130306,0.001141,-0.000836,-0.000252,-0.003848,-0.012614,0.013899,-5.396326,0.925509,-0.060442,-0.255965,-3.100816,-0.254395,-0.507988,0.001658,0.163255,-2.254883,-0.022121,2.264182,0.585080
15.554794,-0.000000,0.000000,0.000000,0.000000,-0.000000,-0.000000,1.000000,0.484066,-0.178594,0.218409,0.997902,-0.062303,0.017520,0.001497,0.490738,-0.179401,0.218341,0.997847,-0.064924,0.001708,0.009122,3.123609,-0.004594,-0.129903,0.001148,-0.001491,0.000474,-0.004540,-0.011217,0.007928,-5.264842,0.842538,-0.072399,-0.212874,-3.038548,-0.269581,-0.508007,0.001616,0.163230,-2.255134,-0.021928,2.264933,0.584523
15.604865,-0.000000,0.000000,0.000000,0.000000,-0.000000,-0.000000,1.000000,0.484066,-0.178594,0.218409,0.997902,-0.062303,0.017520,0.001497,0.490793,-0.179418,0.218306,0.997858,-0.064747,0.001930,0.009090,3.123701,-0.005030,-0.129546,0.000076,-0.000183,-0.001051,0.001031,-0.004563,0.006597,-5.363139,0.874856,-0.011602,-0.230597,-3.104835,-0.270275,-0.508023,0.001588,0.163184,-2.255373,-0.021690,2.265560,0.583963
15.655530,-0.000000,0.000000,0.000000,0.000000,-0.000000,-0.000000,1.000000,0.484066,-0.178594,0.218409,0.997902,-0.062303,0.017520,0.001497,0.490830,-0.179444,0.218285,0.997872,-0.064531,0.002108,0.009069,3.123765,-0.005378,-0.129109,-0.001361,-0.000836,-0.001497,-0.000054,-0.000777,0.009211,-5.112814,0.824724,-0.119526,-0.182727,-2.944360,-0.249589,-0.508036,0.001550,0.163122,-2.255567,-0.021507,2.266053,0.583343
15.704982,-0.000000,0.000000,0.000000,0.000000,-0.000000,-0.000000,1.000000,0.484066,-0.178594,0.218409,0.997902,-0.062303,0.017520,0.001497,0.490877,-0.179462,0.218266,0.997882,-0.064378,0.002293,0.009062,3.123802,-0.005744,-0.128801,0.000444,0.000335,-0.000090,0.001784,-0.005463,0.003337,-5.199729,0.858682,-0.061221,-0.209309,-3.005510,-0.250094,-0.508037,0.001511,0.163079,-2.255759,-0.021355,2.266564,0.582902
15.754973,-0.000000,0.000000,0.000000,0.000000,-0.000000,-0.000000,1.000000,0.484066,-0.178594,0.218409,0.997902,-0.062303,0.017520,0.001497,0.490914,-0.179467,0.218251,0.997892,-0.064221,0.002447,0.009025,3.123894,-0.006043,-0.128482,0.000100,0.000044,-0.001014,0.000770,-0.003181,0.007297,-5.279405,0.788461,0.013537,-0.179510,-3.072209,-0.290143,-0.508041,0.001475,0.163040,-2.255916,-0.021148,2.266966,0.582416
15.804998,-0.000000,0.000000,0.000000,0.000000,-0.000000,-0.000000,1.000000,0.484066,-0.178594,0.218409,0.997902,-0.062303,0.017520,0.001497,0.490942,-0.179485,0.218255,0.997902,-0.064068,0.002563,0.009005,3.123948,-0.006268,-0.128174,0.000386,-0.000090,-0.000033,-0.000511,-0.004255,0.009549,-5.213421,0.828367,0.003503,-0.189146,-3.032133,-0.258500,-0.508050,0.001439,0.162998,-2.256005,-0.021009,2.267234,0.581971
15.855108,-0.000000,0.000000,0.000000,0.000000,-0.000000,-0.000000,1.000000,0.484066,-0.178594,0.218409,0.997902,-0.062303,0.017520,0.001497,0.490957,-0.179497,0.218250,0.997911,-0.063911,0.002644,0.009007,3.123953,-0.006427,-0.127859,0.000105,-0.000180,-0.000431,0.000157,-0.002943,0.007048,-5.223938,0.837371,-0.015212,-0.196912,-3.021989,-0.255909,-0.508050,0.001403,0.162970,-2.256103,-0.020950,2.267457,0.581595
15.906028,-0.000000,0.000000,0.000000,0.000000,-0.000000,-0.000000,1.000000,0.484066,-0.178594,0.218409,0.997902,-0.062303,0.017520,0.001497,0.490970,-0.179513,0.218248,0.997920,-0.063783,0.002715,0.009002,3.123972,-0.006567,-0.127600,-0.000946,-0.001879,-0.000603,-0.000521,-0.002656,0.000782,-5.222672,0.831052,0.091132,-0.210826,-3.061587,-0.257859,-0.508053,0.001378,0.162934,-2.256175,-0.020881,2.267643,0.581256
15.955831,-0.000000,0.000000,0.000000,0.000000,-0.000000,-0.000000,1.000000,0.484066,-0.178594,0.218409,0.997902,-0.062303,0.017520,0.001497,0.490986,-0.179509,0.218247,0.997926,-0.063680,0.002781,0.008970,3.124043,-0.006693,-0.127394,0.000740,0.000595,0.000723,0.001383,-0.004302,0.004718,-5.138364,0.858550,0.023814,-0.201698,-2.997616,-0.232730,-0.508055,0.001352,0.162918,-2.256236,-0.020748,2.267791,0.580950
16.007015,-0.000000,0.000000,0.000000,0.000000,-0.000000,-0.000000,1.000000,0.484066,-0.178594,0.218409,0.997902,-0.062303,0.017520,0.001497,0.490988,-0.179504,0.218241,0.997932,-0.063594,0.002825,0.008921,3.124145,-0.006773,-0.127220,-0.000569,-0.000397,-0.000322,0.000904,-0.000837,0.002732,-5.173649,0.810731,0.077957,-0.181596,-3.031666,-0.265062,-0.508055,0.001329,0.162888,-2.256297,-0.020590,2.267890,0.580647
16.056571,-0.000000,0.000000,0.000000,0.000000,-0.000000,-0.000000,1.000000,0.484066,-0.178594,0.218409,0.997902,-0.062303,0.017520,0.001497,0.490991,-0.179506,0.218243,0.997938,-0.063500,0.002855,0.008903,3.124186,-0.006830,-0.127032,0.000723,0.000120,0.000667,-0.000888,-0.003478,0.003155,-5.146356,0.784756,0.134682,-0.179556,-3.034563,-0.271454,-0.508059,0.001307,0.162870,-2.256331,-0.020516,2.267953,0.580390
16.107745,-0.000000,0.000000,0.000000,0.000000,-0.000000,-0.000000,1.000000,0.484066,-0.178594,0.218409,0.997902,-0.062303,0.017520,0.001497,0.490994,-0.179509,0.218246,0.997941,-0.063458,0.002883,0.008887,3.124220,-0.006881,-0.126946,-0.000007,-0.000536,-0.000119,-0.000129,-0.000361,0.002811,-5.118804,0.789255,0.125910,-0.182401,-3.010995,-0.264526,-0.508059,0.001287,0.162850,-2.256359,-0.020452,2.268006,0.580245
16.156776,-0.000000,0.000000,0.000000,0.000000,-0.000000,-0.000000,1.000000,0.484066,-0.178594,0.218409,0.997902,-0.062303,0.017520,0.001497,0.490996,-0.179506,0.218243,0.997945,-0.063386,0.002905,0.008867,3.124261,-0.006922,-0.126802,0.000014,0.000119,-0.000116,0.000738,-0.000401,0.007323,-5.090036,0.815966,0.106542,-0.186340,-2.992414,-0.245092,-0.508057,0.001273,0.162838,-2.256392,-0.020385,2.268059,0.580048
16.206745,-0.000000,0.000000,0.000000,0.000000,-0.000000,-0.000000,1.000000,0.484066,-0.178594,0.218409,0.997902,-0.062303,0.017520,0.001497,0.490991,-0.179500,0.218234,0.997949,-0.063327,0.002914,0.008838,3.124321,-0.006935,-0.126684,0.000459,0.001029,-0.000042,0.001662,-0.000110,0.004413,-5.110103,0.793052,0.069812,-0.162591,-2.979730,-0.256272,-0.508059,0.001266,0.162825,-2.256426,-0.020302,2.268090,0.579863
16.256812,-0.000000,0.000000,0.000000,0.000000,-0.000000,-0.000000,1.000000,0.484066,-0.178594,0.218409,0.997902,-0.062303,0.017520,0.001497,0.490994,-0.179490,0.218232,0.997951,-0.063307,0.002944,0.008768,3.124464,-0.006986,-0.126645,0.000473,-0.000626,0.000713,-0.000048,-0.002907,0.003303,-5.099149,0.766293,0.187265,-0.152664,-3.032786,-0.269034,-0.508062,0.001257,0.162796,-2.256450,-0.020103,2.268126,0.579665
16.306878,-0.000000,0.000000,0.000000,0.000000,-0.000000,-0.000000,1.000000,0.484066,-0.178594,0.218409,0.997902,-0.062303,0.017520,0.001497,0.490996,-0.179491,0.218235,0.997954,-0.063269,0.002963,0.008745,3.124511,-0.007021,-0.126568,0.000015,-0.000542,0.000002,0.000856,-0.000523,-0.000903,-5.086698,0.856234,0.127993,-0.184176,-2.995734,-0.221605,-0.508068,0.001243,0.162782,-2.256463,-0.020029,2.268152,0.579522
16.356951,-0.000000,0.000000,0.000000,0.000000,-0.000000,-0.000000,1.000000,0.484066,-0.178594,0.218409,0.997902,-0.062303,0.017520,0.001497,0.490991,-0.179489,0.218230,0.997955,-0.063246,0.002968,0.008735,3.124532,-0.007028,-0.126523,-0.000540,-0.000490,-0.000522,0.001688,0.000068,-0.000950,-5.073612,0.779621,0.136300,-0.166861,-2.982352,-0.261181,-0.508063,0.001235,0.162770,-2.256489,-0.019998,2.268173,0.579450
16.406991,-0.000000,0.000000,0.000000,0.000000,-0.000000,-0.000000,1.000000,0.484066,-0.178594,0.218409,0.997902,-0.062303,0.017520,0.001497,0.490989,-0.179489,0.218228,0.997956,-0.063234,0.002974,0.008723,3.124557,-0.007039,-0.126498,0.000038,0.000346,0.000048,0.000791,0.000178,0.000071,-5.060903,0.757731,0.149106,-0.163096,-2.975482,-0.271261,-0.508063,0.001228,0.162760,-2.256504,-0.019962,2.268187,0.579391
16.456929,-0.000000,0.000000,0.000000,0.000000,-0.000000,-0.000000,1.000000,0.484066,-0.178594,0.218409,0.997902,-0.062303,0.017520,0.001497,0.490986,-0.179490,0.218224,0.997957,-0.063222,0.002978,0.008716,3.124572,-0.007047,-0.126473,-0.000976,0.000255,-0.001207,0.001612,0.003053,-0.000987,-5.042486,0.855592,0.164886,-0.203864,-2.974995,-0.220438,-0.508064,0.001223,0.162750,-2.256522,-0.019939,2.268205,0.579342
16.507126,-0.000000,0.000000,0.000000,0.000000,-0.000000,-0.000000,1.000000,0.484066,-0.178594,0.218409,0.997902,-0.062303,0.017520,0.001497,0.490988,-0.179491,0.218227,0.997958,-0.063212,0.002989,0.008709,3.124586,-0.007067,-0.126453,0.000453,-0.000072,-0.000491,-0.000011,-0.000688,0.001083,-5.035516,0.853296,0.170375,-0.208544,-2.969877,-0.223725,-0.508063,0.001218,0.162743,-2.256526,-0.019914,2.268221,0.579301
16.557007,-0.000000,0.000000,0.000000,0.000000,-0.000000,-0.000000,1.000000,0.484066,-0.178594,0.218409,0.997902,-0.062303,0.017520,0.001497,0.490985,-0.179492,0.218228,0.997958,-0.063212,0.002992,0.008702,3.124601,-0.007072,-0.126453,-0.000053,0.000434,0.000240,0.000912,0.000373,0.003253,-5.013089,0.849379,0.156751,-0.203798,-2.950616,-0.224058,-0.508066,0.001207,0.162738,-2.256536,-0.019891,2.268223,0.579277
16.607107,-0.000000,0.000000,0.000000,0.000000,-0.000000,-0.000000,1.000000,0.484066,-0.178594,0.218409,0.997902,-0.062303,0.017520,0.001497,0.490981,-0.179488,0.218221,0.997958,-0.063209,0.002990,0.008694,3.124617,-0.007067,-0.126447,-0.000437,0.000681,-0.001008,0.001443,0.001810,0.000913,-4.986580,0.803468,0.143235,-0.184238,-2.922873,-0.241842,-0.508059,0.001209,0.162729,-2.256552,-0.019873,2.268232,0.579258
16.657832,-0.000000,0.000000,0.000000,0.000000,-0.000000,-0.000000,1.000000,0.484066,-0.178594,0.218409,0.997902,-0.062303,0.017520,0.001497,0.490980,-0.179490,0.218221,0.997958,-0.063212,0.002995,0.008689,3.124627,-0.007076,-0.126454,0.000436,0.000433,0.000450,-0.000459,-0.001294,0.001877,-4.988557,0.828181,0.149221,-0.197614,-2.919903,-0.233882,-0.508063,0.001202,0.162724,-2.256561,-0.019856,2.268241,0.579245
16.707853,-0.000000,0.000000,0.000000,0.000000,-0.000000,-0.000000,1.000000,0.484066,-0.178594,0.218409,0.997902,-0.062303,0.017520,0.001497,0.490974,-0.179489,0.218213,0.997957,-0.063220,0.002989,0.008678,3.124649,-0.007064,-0.126469,0.000741,0.000483,0.000390,-0.000148,-0.001682,0.001281,-4.987893,0.797187,0.166855,-0.185258,-2.925236,-0.253153,-0.508061,0.001205,0.162715,-2.256575,-0.019832,2.268241,0.579238
16.757859,-0.000000,0.000000,0.000000,0.000000,-0.000000,-0.000000,1.000000,0.484066,-0.178594,0.218409,0.997902,-0.062303,0.017520,0.001497,0.490968,-0.179491,0.218211,0.997956,-0.063243,0.002993,0.008661,3.124683,-0.007069,-0.126515,-0.000152,-0.001310,0.001011,-0.001144,-0.002509,-0.002690,-5.012897,0.800307,0.214557,-0.187249,-2.961154,-0.256456,-0.508070,0.001198,0.162703,-2.256591,-0.019787,2.268248,0.579235
16.808003,-0.000000,0.000000,0.000000,0.000000,-0.000000,-0.000000,1.000000,0.484066,-0.178594,0.218409,0.997902,-0.062303,0.017520,0.001497,0.490979,-0.179449,0.218205,0.997953,-0.063298,0.003022,0.008550,3.124910,-0.007114,-0.126626,0.000174,0.000463,-0.000790,0.001419,0.000701,0.005669,-5.014020,0.740957,0.177288,-0.124185,-2.953191,-0.279303,-0.508064,0.001198,0.162703,-2.256603,-0.019487,2.268257,0.579160
16.858118,-0.000000,0.000000,0.000000,0.000000,-0.000000,-0.000000,1.000000,0.484066,-0.178594,0.218409,0.997902,-0.062303,0.017520,0.001497,0.490965,-0.179462,0.218200,0.997959,-0.063231,0.003043,0.008443,3.125125,-0.007142,-0.126493,-0.000272,-0.001221,-0.000046,0.002863,-0.000221,0.000027,-5.081817,0.710961,0.210979,-0.091956,-3.001643,-0.290387,-0.508087,0.001190,0.162618,-2.256623,-0.019199,2.268255,0.578734
16.908610,-0.000000,0.000000,0.000000,0.000000,-0.000000,-0.000000,1.000000,0.484066,-0.178594,0.218409,0.997902,-0.062303,0.017520,0.001497,0.490959,-0.179476,0.218198,0.997958,-0.063244,0.003068,0.008366,3.125281,-0.007182,-0.126519,-0.000317,-0.000606,0.000306,0.000354,-0.000662,0.002294,-5.013871,0.709172,0.207754,-0.077380,-2.979582,-0.269652,-0.508082,0.001185,0.162529,-2.256635,-0.018987,2.268270,0.578541
16.957974,-0.000000,0.000000,0.000000,0.000000,-0.000000,-0.000000,1.000000,0.484066,-0.178594,0.218409,0.997902,-0.062303,0.017520,0.001497,0.490956,-0.179467,0.218195,0.997959,-0.063244,0.003087,0.008287,3.125441,-0.007209,-0.126519,0.000443,-0.000091,0.001246,0.000665,-0.002820,0.000701,-5.027977,0.723334,0.183756,-0.079506,-2.970607,-0.267304,-0.508080,0.001178,0.162486,-2.256650,-0.018774,2.268272,0.578363
17.008075,-0.000000,0.000000,0.000000,0.000000,-0.000000,-0.000000,1.000000,0.484066,-0.178594,0.218409,0.997902,-0.062303,0.017520,0.001497,0.490952,-0.179457,0.218185,0.997961,-0.063228,0.003104,0.008195,3.125627,-0.007232,-0.126488,-0.000200,-0.000240,-0.000340,0.002289,-0.000141,0.001493,-5.087136,0.752423,0.191024,-0.085445,-3.003728,-0.261245,-0.508085,0.001180,0.162443,-2.256670,-0.018530,2.268280,0.578128
17.058755,-0.000000,0.000000,0.000000,0.000000,-0.000000,-0.000000,1.000000,0.484066,-0.178594,0.218409,0.997902,-0.062303,0.017520,0.001497,0.490939,-0.179455,0.218176,0.997960,-0.063238,0.003102,0.008158,3.125702,-0.007223,-0.126508,-0.000519,0.000446,-0.000259,0.001103,0.001122,-0.000020,-5.057023,0.751018,0.203274,-0.105502,-2.987920,-0.264079,-0.508089,0.001174,0.162417,-2.256699,-0.018436,2.268279,0.578058
17.108891,-0.000000,0.000000,0.000000,0.000000,-0.000000,-0.000000,1.000000,0.484066,-0.178594,0.218409,0.997902,-0.062303,0.017520,0.001497,0.490935,-0.179455,0.218173,0.997960,-0.063248,0.003108,0.008126,3.125765,-0.007232,-0.126527,-0.000716,0.000193,-0.000635,0.002747,0.002111,-0.002443,-5.018759,0.781353,0.177013,-0.123164,-2.961394,-0.247456,-0.508092,0.001170,0.162395,-2.256709,-0.018352,2.268282,0.577999
17.158932,-0.000000,0.000000,0.000000,0.000000,-0.000000,-0.000000,1.000000,0.484066,-0.178594,0.218409,0.997902,-0.062303,0.017520,0.001497,0.490930,-0.179450,0.218164,0.997960,-0.063253,0.003113,0.008093,3.125833,-0.007237,-0.126539,-0.000340,0.000734,-0.001205,0.002735,0.001799,-0.000268,-5.065717,0.781367,0.221589,-0.133055,-3.002442,-0.260676,-0.508090,0.001170,0.162377,-2.256733,-0.018264,2.268295,0.577939
17.209030,-0.000000,0.000000,0.000000,0.000000,-0.000000,-0.000000,1.000000,0.484066,-0.178594,0.218409,0.997902,-0.062303,0.017520,0.001497,0.490930,-0.179449,0.218166,0.997958,-0.063281,0.003125,0.008058,3.125903,-0.007257,-0.126595,0.000464,-0.000830,0.000220,0.000903,-0.001484,-0.001295,-5.039621,0.796385,0.213285,-0.134035,-2.987418,-0.252257,-0.508092,0.001163,0.162356,-2.256737,-0.018168,2.268297,0.577910
17.259759,-0.000000,0.000000,0.000000,0.000000,-0.000000,-0.000000,1.000000,0.484066,-0.178594,0.218409,0.997902,-0.062303,0.017520,0.001497,0.490927,-0.179434,0.218160,0.997957,-0.063313,0.003132,0.008011,3.126000,-0.007265,-0.126660,-0.000008,-0.000268,0.000413,0.001634,-0.001720,-0.002773,-5.026782,0.776786,0.239922,-0.120440,-2.991259,-0.260958,-0.508089,0.001157,0.162344,-2.256756,-0.018042,2.268299,0.577885
17.309662,-0.000000,0.000000,0.000000,0.000000,-0.000000,-0.000000,1.000000,0.484066,-0.178594,0.218409,0.997902,-0.062303,0.017520,0.001497,0.490929,-0.179425,0.218158,0.997955,-0.063340,0.003144,0.007963,3.126096,-0.007284,-0.126712,0.000246,-0.000438,-0.000126,-0.000322,-0.000078,0.001058,-5.056358,0.808186,0.276808,-0.126174,-3.026390,-0.245557,-0.508089,0.001157,0.162329,-2.256760,-0.017916,2.268300,0.577842
17.359687,-0.000000,0.000000,0.000000,0.000000,-0.000000,-0.000000,1.000000,0.484066,-0.178594,0.218409,0.997902,-0.062303,0.017520,0.001497,0.490926,-0.179421,0.218154,0.997956,-0.063335,0.003148,0.007937,3.126148,-0.007290,-0.126702,-0.000435,0.000708,-0.001423,0.002727,0.002097,0.001564,-5.040775,0.797615,0.256085,-0.128317,-3.005404,-0.243741,-0.508093,0.001155,0.162321,-2.256774,-0.017846,2.268308,0.577775
17.408946,-0.000000,0.000000,0.000000,0.000000,-0.000000,-0.000000,1.000000,0.484066,-0.178594,0.218409,0.997902,-0.062303,0.017520,0.001497,0.490926,-0.179417,0.218154,0.997962,-0.063252,0.003171,0.007860,3.126305,-0.007324,-0.126537,0.000103,-0.000778,0.000465,0.004979,-0.002344,0.001704,-5.016001,0.791530,0.131823,-0.086110,-2.940563,-0.232087,-0.508097,0.001148,0.162276,-2.256781,-0.017632,2.268312,0.577424
17.458971,-0.000000,0.000000,0.000000,0.000000,-0.000000,-0.000000,1.000000,0.484066,-0.178594,0.218409,0.997902,-0.062303,0.017520,0.001497,0.490915,-0.179420,0.218148,0.997965,-0.063203,0.003180,0.007798,3.126430,-0.007333,-0.126439,-0.000080,-0.000829,0.000639,0.001275,-0.002025,-0.000881,-5.018846,0.759187,0.230110,-0.079010,-2.988030,-0.246826,-0.508100,0.001143,0.162223,-2.256801,-0.017467,2.268311,0.577165
17.508995,-0.000000,0.000000,0.000000,0.000000,-0.000000,-0.000000,1.000000,0.484066,-0.178594,0.218409,0.997902,-0.062303,0.017520,0.001497,0.490907,-0.179438,0.218145,0.997968,-0.063155,0.003188,0.007765,3.126496,-0.007344,-0.126344,-0.000282,-0.000897,-0.000263,0.001621,-0.001071,0.001904,-5.085170,0.712409,0.247050,-0.071117,-3.024048,-0.279303,-0.508105,0.001142,0.162168,-2.256809,-0.017378,2.268318,0.576952
17.559139,-0.000000,0.000000,0.000000,0.000000,-0.000000,-0.000000,1.000000,0.484066,-0.178594,0.218409,0.997902,-0.062303,0.017520,0.001497,0.490894,-0.179452,0.218140,0.997972,-0.063106,0.003189,0.007736,3.126554,-0.007341,-0.126245,-0.000548,-0.001022,-0.000884,0.000171,0.001168,0.001971,-5.052847,0.725760,0.226235,-0.072892,-2.997235,-0.266759,-0.508107,0.001138,0.162116,-2.256824,-0.017301,2.268316,0.576750
17.612049,-0.000000,0.000000,0.000000,0.000000,-0.000000,-0.000000,1.000000,0.484066,-0.178594,0.218409,0.997902,-0.062303,0.017520,0.001497,0.490891,-0.179455,0.218139,0.997976,-0.063051,0.003200,0.007693,3.126641,-0.007358,-0.126135,-0.000841,0.000346,-0.000862,0.002892,0.001353,0.002097,-5.037697,0.773275,0.261708,-0.092856,-3.010811,-0.241084,-0.508107,0.001133,0.162078,-2.256833,-0.017184,2.268321,0.576527
17.660065,-0.000000,0.000000,0.000000,0.000000,-0.000000,-0.000000,1.000000,0.484066,-0.178594,0.218409,0.997902,-0.062303,0.017520,0.001497,0.490886,-0.179450,0.218134,0.997979,-0.063003,0.003208,0.007637,3.126752,-0.007366,-0.126039,-0.000425,0.000366,-0.000707,0.004275,0.000837,0.002565,-5.040992,0.677399,0.315550,-0.054714,-3.037295,-0.285704,-0.508107,0.001131,0.162047,-2.256846,-0.017037,2.268318,0.576306
17.710615,-0.000000,0.000000,0.000000,0.000000,-0.000000,-0.000000,1.000000,0.484066,-0.178594,0.218409,0.997902,-0.062303,0.017520,0.001497,0.490889,-0.179454,0.218140,0.997983,-0.062939,0.003237,0.007574,3.126881,-0.007414,-0.125912,0.000474,-0.000303,0.000660,0.002555,-0.003779,0.003334,-5.038090,0.728177,0.234000,-0.051800,-3.004442,-0.256627,-0.508115,0.001120,0.162000,-2.256845,-0.016855,2.268330,0.576008
17.759975,-0.000000,0.000000,0.000000,0.000000,-0.000000,-0.000000,1.000000,0.484066,-0.178594,0.218409,0.997902,-0.062303,0.017520,0.001497,0.490878,-0.179460,0.218132,0.997987,-0.062890,0.003235,0.007540,3.126949,-0.007405,-0.125813,-0.000575,-0.000153,-0.000126,0.000541,0.001023,0.003128,-5.017916,0.686949,0.212060,-0.038989,-2.975860,-0.279845,-0.508118,0.001121,0.161964,-2.256862,-0.016769,2.268326,0.575814
17.809936,-0.000000,0.000000,0.000000,0.000000,-0.000000,-0.000000,1.000000,0.484066,-0.178594,0.218409,0.997902,-0.062303,0.017520,0.001497,0.490870,-0.179468,0.218131,0.997990,-0.062840,0.003242,0.007507,3.127016,-0.007415,-0.125713,-0.000260,0.000361,-0.000010,0.000740,0.000522,0.003319,-5.068437,0.746100,0.260423,-0.069590,-3.020742,-0.256878,-0.508121,0.001111,0.161923,-2.256876,-0.016677,2.268327,0.575612
17.860117,-0.000000,0.000000,0.000000,0.000000,-0.000000,-0.000000,1.000000,0.484066,-0.178594,0.218409,0.997902,-0.062303,0.017520,0.001497,0.490861,-0.179475,0.218125,0.997994,-0.062789,0.003243,0.007482,3.127064,-0.007413,-0.125610,0.000218,0.000746,-0.000007,-0.001166,-0.001883,0.007593,-5.028287,0.702102,0.259709,-0.057344,-3.000941,-0.274102,-0.508124,0.001110,0.161892,-2.256892,-0.016614,2.268332,0.575435
17.910805,-0.000000,0.000000,0.000000,0.000000,-0.000000,-0.000000,1.000000,0.484066,-0.178594,0.218409,0.997902,-0.062303,0.017520,0.001497,0.490853,-0.179482,0.218119,0.997996,-0.062750,0.003239,0.007466,3.127097,-0.007403,-0.125534,0.000154,0.000385,0.000269,0.000868,0.000327,0.002941,-5.012446,0.701374,0.222741,-0.057849,-2.969092,-0.269389,-0.508122,0.001112,0.161861,-2.256903,-0.016574,2.268329,0.575304
17.960790,-0.000000,0.000000,0.000000,0.000000,-0.000000,-0.000000,1.000000,0.484066,-0.178594,0.218409,0.997902,-0.062303,0.017520,0.001497,0.490843,-0.179491,0.218112,0.998001,-0.062675,0.003236,0.007451,3.127126,-0.007393,-0.125383,-0.000271,0.000544,-0.000713,0.000888,0.002169,0.005306,-4.976299,0.748154,0.282697,-0.081286,-2.980720,-0.238426,-0.508124,0.001111,0.161831,-2.256919,-0.016537,2.268332,0.575097
18.010922,-0.000000,0.000000,0.000000,0.000000,-0.000000,-0.000000,1.000000,0.484066,-0.178594,0.218409,0.997902,-0.062303,0.017520,0.001497,0.490837,-0.179502,0.218112,0.998004,-0.062635,0.003240,0.007439,3.127150,-0.007398,-0.125303,0.000578,0.000301,0.000682,0.000558,-0.002594,0.003041,-5.021994,0.686480,0.276134,-0.064614,-3.000273,-0.278967,-0.508129,0.001106,0.161804,-2.256927,-0.016503,2.268336,0.574963
18.060995,-0.000000,0.000000,0.000000,0.000000,-0.000000,-0.000000,1.000000,0.484066,-0.178594,0.218409,0.997902,-0.062303,0.017520,0.001497,0.490831,-0.179510,0.218109,0.998005,-0.062619,0.003239,0.007432,3.127163,-0.007396,-0.125270,0.000093,-0.000014,0.000280,-0.000581,-0.000858,0.002745,-4.962625,0.737730,0.283813,-0.089198,-2.972248,-0.245466,-0.508128,0.001106,0.161780,-2.256933,-0.016486,2.268338,0.574897
18.111124,-0.000000,0.000000,0.000000,0.000000,-0.000000,-0.000000,1.000000,0.484066,-0.178594,0.218409,0.997902,-0.062303,0.017520,0.001497,0.490826,-0.179512,0.218105,0.998005,-0.062613,0.003235,0.007424,3.127179,-0.007388,-0.125258,0.000228,-0.000566,0.000584,-0.000367,-0.002016,0.000920,-4.968266,0.726035,0.184829,-0.076143,-2.921457,-0.256414,-0.508130,0.001107,0.161769,-2.256943,-0.016467,2.268337,0.574860
18.161099,-0.000000,0.000000,0.000000,0.000000,-0.000000,-0.000000,1.000000,0.484066,-0.178594,0.218409,0.997902,-0.062303,0.017520,0.001497,0.490818,-0.179514,0.218098,0.998005,-0.062610,0.003228,0.007416,3.127193,-0.007372,-0.125254,-0.000267,0.001148,-0.001069,0.001501,0.003402,0.002761,-4.957357,0.768106,0.327466,-0.123647,-2.980398,-0.239279,-0.508130,0.001108,0.161759,-2.256955,-0.016454,2.268333,0.574836
18.210910,-0.000000,0.000000,0.000000,0.000000,-0.000000,-0.000000,1.000000,0.484066,-0.178594,0.218409,0.997902,-0.062303,0.017520,0.001497,0.490819,-0.179518,0.218103,0.998005,-0.062611,0.003236,0.007415,3.127198,-0.007387,-0.125255,0.000469,0.000075,0.000469,-0.001115,-0.001508,0.001785,-4.949557,0.771138,0.241601,-0.125908,-2.937953,-0.244344,-0.508128,0.001099,0.161746,-2.256956,-0.016442,2.268339,0.574819
18.260950,-0.000000,0.000000,0.000000,0.000000,-0.000000,-0.000000,1.000000,0.484066,-0.178594,0.218409,0.997902,-0.062303,0.017520,0.001497,0.490809,-0.179525,0.218093,0.998005,-0.062619,0.003227,0.007409,3.127207,-0.007370,-0.125271,-0.000625,-0.001446,-0.000521,-0.000118,0.000991,-0.001491,-4.936507,0.760619,0.208052,-0.112637,-2.908575,-0.247090,-0.508133,0.001105,0.161731,-2.256971,-0.016436,2.268341,0.574812
18.310990,-0.000000,0.000000,0.000000,0.000000,-0.000000,-0.000000,1.000000,0.484066,-0.178594,0.218409,0.997902,-0.062303,0.017520,0.001497,0.490809,-0.179520,0.218093,0.998005,-0.062618,0.003228,0.007402,3.127221,-0.007370,-0.125268,0.000089,0.000043,-0.000119,0.001432,0.000428,-0.001067,-4.979595,0.841978,0.264582,-0.154135,-2.961806,-0.218531,-0.508130,0.001103,0.161732,-2.256974,-0.016417,2.268338,0.574801
18.361781,-0.000000,-0.712848,0.000000,0.000000,-0.000000,-0.000000,1.000000,0.484066,-0.181445,0.218409,0.997902,-0.062303,0.017520,0.001497,0.490804,-0.179520,0.218089,0.998005,-0.062618,0.003225,0.007397,3.127230,-0.007363,-0.125270,0.000064,-0.000666,0.000108,0.000121,-0.000401,-0.000145,-5.005200,0.779927,0.327441,-0.137107,-2.998943,-0.255748,-0.508133,0.001100,0.161728,-2.256987,-0.016407,2.268340,0.574790
18.411797,-0.000000,-0.999964,0.000000,0.000000,-0.000000,-0.000000,1.000000,0.484066,-0.185445,0.218409,0.997902,-0.062303,0.017520,0.001497,0.490771,-0.179736,0.218103,0.997996,-0.062761,0.003307,0.007422,3.127192,-0.007532,-0.125554,-0.001832,-0.008423,-0.000283,-0.002064,-0.004134,-0.000880,-4.953698,0.635260,0.195568,-0.111865,-2.931562,-0.313829,-0.508242,0.001100,0.161426,-2.256992,-0.016408,2.268521,0.574665
18.461821,-0.000000,-0.999964,0.000000,0.000000,-0.000000,-0.000000,1.000000,0.484066,-0.189445,0.218409,0.997902,-0.062303,0.017520,0.001497,0.490587,-0.180689,0.218164,0.997988,-0.062861,0.003588,0.007517,3.127040,-0.008106,-0.125751,-0.006017,-0.026474,0.000590,-0.006703,-0.015441,-0.006600,-4.842525,0.396049,0.093561,-0.071516,-2.850017,-0.393564,-0.508845,0.001098,0.160195,-2.256980,-0.016420,2.269120,0.573044
18.512032,-0.000000,-0.999964,0.000000,0.000000,-0.000000,-0.000000,1.000000,0.484066,-0.193445,0.218409,0.997902,-0.062303,0.017520,0.001497,0.490192,-0.182573,0.218271,0.997971,-0.063066,0.004098,0.007682,3.126775,-0.009148,-0.126153,-0.011308,-0.042648,0.001129,-0.007649,-0.018929,-0.002508,-4.330270,0.433075,0.046154,-0.120462,-2.612105,-0.304154,-0.510386,0.001101,0.158084,-2.256957,-0.016417,2.270215,0.569809
18.562983,-0.000000,-0.999964,0.000000,0.000000,-0.000000,-0.000000,1.000000,0.484066,-0.197445,0.218409,0.997902,-0.062303,0.017520,0.001497,0.489660,-0.185143,0.218415,0.997960,-0.063168,0.004818,0.007922,3.126388,-0.010618,-0.126344,-0.011669,-0.055053,0.002544,-0.014234,-0.035277,-0.005217,-4.047932,0.267533,-0.001685,-0.019014,-2.472700,-0.360302,-0.512437,0.001127,0.155164,-2.256925,-0.016416,2.271788,0.565051
18.611973,-0.000000,-0.999964,0.000000,0.000000,-0.000000,-0.000000,1.000000,0.484066,-0.201445,0.218409,0.997902,-0.062303,0.017520,0.001497,0.489028,-0.188231,0.218580,0.997944,-0.063305,0.005683,0.008211,3.125921,-0.012383,-0.126605,-0.013599,-0.062930,0.002419,-0.014585,-0.040015,-0.009937,-3.540452,0.001822,-0.058482,0.129404,-2.213005,-0.410655,-0.515577,0.001239,0.152343,-2.256814,-0.016409,2.273683,0.559374
18.661954,-0.000000,-0.999964,0.000000,0.000000,-0.000000,-0.000000,1.000000,0.484066,-0.205445,0.218409,0.997902,-0.062303,0.017520,0.001497,0.488398,-0.191564,0.218724,0.997931,-0.063377,0.006675,0.008543,3.125385,-0.014405,-0.126729,-0.013695,-0.067394,0.001548,-0.016984,-0.041223,-0.008280,-3.246641,-0.095726,-0.123205,0.211308,-2.057356,-0.412014,-0.519317,0.001536,0.149693,-2.256610,-0.016410,2.275943,0.553143
18.711989,-0.000000,-0.999964,0.000000,0.000000,-0.000000,-0.000000,1.000000,0.484066,-0.209444,0.218409,0.997902,-0.062303,0.017520,0.001497,0.487779,-0.195067,0.218833,0.997914,-0.063478,0.007728,0.008889,3.124829,-0.016553,-0.126912,-0.013692,-0.070699,0.001340,-0.017702,-0.043710,-0.003817,-2.975537,-0.099516,-0.095709,0.199666,-1.951055,-0.374080,-0.522893,0.002080,0.146589,-2.256240,-0.016401,2.278409,0.546678
18.762086,-0.000000,-0.999964,0.000000,0.000000,-0.000000,-0.000000,1.000000,0.484066,-0.213444,0.218409,0.997902,-0.062303,0.017520,0.001497,0.487188,-0.198718,0.218908,0.997895,-0.063572,0.008868,0.009265,3.124225,-0.018879,-0.127077,-0.011140,-0.070074,0.000147,-0.021583,-0.050496,-0.001427,-2.901613,-0.063525,-0.121578,0.196335,-1.899957,-0.355968,-0.526468,0.002865,0.143254,-2.255725,-0.016393,2.281158,0.539969
18.812790,-0.000000,-0.999964,0.000000,0.000000,-0.000000,-0.000000,1.000000,0.484066,-0.217444,0.218409,0.997902,-0.062303,0.017520,0.001497,0.486649,-0.202438,0.218965,0.997877,-0.063614,0.010068,0.009662,3.123585,-0.021324,-0.127135,-0.010802,-0.072387,0.001616,-0.021736,-0.053720,-0.002950,-2.592302,-0.283926,-0.342995,0.332329,-1.651058,-0.412466,-0.529915,0.003888,0.139719,-2.255005,-0.016378,2.284061,0.533082
18.862194,-0.000000,-0.999964,0.000000,0.000000,-0.000000,-0.000000,1.000000,0.484066,-0.221444,0.218409,0.997902,-0.062303,0.017520,0.001497,0.486127,-0.206161,0.219001,0.997850,-0.063762,0.011304,0.010088,3.122895,-0.023849,-0.127401,-0.011952,-0.072535,0.000555,-0.021780,-0.052972,-0.007731,-2.388532,-0.282973,-0.347614,0.341799,-1.556259,-0.370780,-0.533032,0.005014,0.135886,-2.254247,-0.016369,2.287117,0.526442
18.912188,-0.000000,-0.999964,0.000000,0.000000,-0.000000,-0.000000,1.000000,0.484066,-0.225444,0.218409,0.997902,-0.062303,0.017520,0.001497,0.485555,-0.209888,0.219021,0.997820,-0.063921,0.012546,0.010541,3.122152,-0.026388,-0.127690,-0.012000,-0.073248,0.001892,-0.023217,-0.053521,-0.007809,-2.011709,-0.160841,-0.361160,0.291781,-1.394826,-0.238175,-0.535946,0.006097,0.131833,-2.253597,-0.016358,2.290266,0.519808
18.962873,-0.000000,-0.999964,0.000000,0.000000,-0.000000,-0.000000,1.000000,0.484066,-0.229444,0.218409,0.997902,-0.062303,0.017520,0.001497,0.485000,-0.213571,0.219072,0.997795,-0.063982,0.013777,0.011014,3.121366,-0.028907,-0.127779,-0.011144,-0.070348,0.001200,-0.025100,-0.051078,0.001972,-2.026801,-0.759591,-0.390358,0.531252,-1.377463,-0.535307,-0.539063,0.007206,0.128102,-2.252827,-0.016351,2.293314,0.513097
19.013029,-0.000000,-0.999964,0.000000,0.000000,-0.000000,-0.000000,1.000000,0.484066,-0.233444,0.218409,0.997902,-0.062303,0.017520,0.001497,0.484480,-0.217302,0.219158,0.997768,-0.064050,0.015005,0.011493,3.120568,-0.031421,-0.127880,-0.009730,-0.072112,0.003455,-0.025918,-0.054382,0.000410,-2.062850,-0.869228,-0.390582,0.590637,-1.386232,-0.602458,-0.542942,0.008484,0.125094,-2.251750,-0.016336,2.296220,0.506355
19.063065,-0.000000,-0.999964,0.000000,0.000000,-0.000000,-0.000000,1.000000,0.484066,-0.237443,0.218409,0.997902,-0.062303,0.017520,0.001497,0.484028,-0.221038,0.219222,0.997732,-0.064224,0.016213,0.011954,3.119807,-0.033895,-0.128194,-0.009422,-0.074281,0.001508,-0.020966,-0.047498,-0.011693,-1.828789,-0.625727,-0.344258,0.477995,-1.295417,-0.447249,-0.547453,0.010079,0.122779,-2.250335,-0.016305,2.299052,0.499873
19.113746,-0.000000,-0.999964,0.000000,0.000000,-0.000000,-0.000000,1.000000,0.484066,-0.241443,0.218409,0.997902,-0.062303,0.017520,0.001497,0.483667,-0.224819,0.219223,0.997703,-0.064300,0.017334,0.012381,3.119099,-0.036188,-0.128312,-0.006486,-0.074436,0.000560,-0.023354,-0.046158,-0.000229,-1.578291,-0.583573,-0.316725,0.466477,-1.194563,-0.378935,-0.551797,0.012218,0.120316,-2.248373,-0.016294,2.301687,0.493225
19.164883,-0.000000,-0.999964,0.000000,0.000000,-0.000000,-0.000000,1.000000,0.484066,-0.245443,0.218409,0.997902,-0.062303,0.017520,0.001497,0.483381,-0.228717,0.219096,0.997679,-0.064321,0.018448,0.012641,3.118723,-0.038445,-0.128323,-0.006563,-0.075666,-0.001712,-0.019795,-0.036852,0.023682,-1.644207,-0.634892,-0.249619,0.547232,-1.286897,-0.411892,-0.555862,0.015018,0.117363,-2.245918,-0.015891,2.304359,0.485993
19.214765,-0.000000,-0.999964,0.000000,0.000000,-0.000000,-0.000000,1.000000,0.484066,-0.249443,0.218409,0.997902,-0.062303,0.017520,0.001497,0.483182,-0.232582,0.219004,0.997648,-0.064469,0.019414,0.012819,3.118498,-0.040401,-0.128596,-0.003826,-0.077000,0.001239,-0.011524,-0.039360,-0.004778,-1.552627,-0.661773,-0.306696,0.610216,-1.240572,-0.410183,-0.559437,0.018199,0.114068,-2.242783,-0.015422,2.306388,0.479114
19.264103,-0.000000,-0.999964,0.000000,0.000000,-0.000000,-0.000000,1.000000,0.484066,-0.253443,0.218409,0.997902,-0.062303,0.017520,0.001497,0.483003,-0.236425,0.218973,0.997626,-0.064526,0.020246,0.012986,3.118273,-0.042083,-0.128689,-0.005835,-0.074999,-0.000249,-0.010364,-0.026430,0.008582,-1.758976,-0.520011,-0.384678,0.583030,-1.293487,-0.391528,-0.562483,0.021527,0.110355,-2.239205,-0.015002,2.307856,0.472189
19.314196,-0.000000,-0.999964,0.000000,0.000000,-0.000000,-0.000000,1.000000,0.484066,-0.257443,0.218409,0.997902,-0.062303,0.017520,0.001497,0.482829,-0.240349,0.218991,0.997611,-0.064502,0.020954,0.013107,3.118121,-0.043513,-0.128623,-0.003356,-0.076154,-0.000277,-0.007834,-0.018855,0.016906,-1.714427,-1.025879,-0.244926,0.762467,-1.341978,-0.623062,-0.565995,0.025108,0.107014,-2.235085,-0.014559,2.308767,0.464984
19.364146,-0.000000,-0.999964,0.000000,0.000000,-0.000000,-0.000000,1.000000,0.484066,-0.261443,0.218409,0.997902,-0.062303,0.017520,0.001497,0.482797,-0.244315,0.218979,0.997591,-0.064633,0.021513,0.013086,3.118239,-0.044629,-0.128877,-0.000724,-0.080677,-0.001868,0.001298,-0.017196,-0.002773,-1.529764,-0.970913,-0.286808,0.763926,-1.234249,-0.563091,-0.570030,0.029415,0.104249,-2.230012,-0.013993,2.309056,0.458054
19.414803,-0.000000,-0.999964,0.000000,0.000000,-0.000000,-0.000000,1.000000,0.484066,-0.265442,0.218409,0.997902,-0.062303,0.017520,0.001497,0.482788,-0.248270,0.218814,0.997575,-0.064760,0.021955,0.012980,3.118513,-0.045500,-0.129128,-0.001896,-0.078442,-0.005155,0.006185,-0.015659,-0.006431,-1.597073,-0.733328,0.277607,0.547165,-1.519010,-0.472379,-0.574191,0.034204,0.101671,-2.224669,-0.013365,2.309264,0.451132
19.464885,-0.000000,-0.999964,0.000000,0.000000,-0.000000,-0.000000,1.000000,0.484066,-0.269442,0.218409,0.997902,-0.062303,0.017520,0.001497,0.482722,-0.252217,0.218671,0.997560,-0.064845,0.022423,0.012894,3.118748,-0.046426,-0.129294,-0.001328,-0.077554,-0.002631,0.003052,-0.018362,0.006477,-1.678781,-0.605747,0.153932,0.520955,-1.510101,-0.434682,-0.578254,0.038837,0.099004,-2.219454,-0.012686,2.309503,0.444100
19.515715,-0.000000,-0.999964,0.000000,0.000000,-0.000000,-0.000000,1.000000,0.484066,-0.273442,0.218409,0.997902,-0.062303,0.017520,0.001497,0.482720,-0.256210,0.218589,0.997547,-0.064903,0.022930,0.012751,3.119103,-0.047421,-0.129408,-0.000111,-0.078118,-0.000686,0.006159,-0.023276,0.008274,-1.757401,-0.779813,-0.182362,0.695067,-1.355059,-0.537323,-0.582296,0.043652,0.096292,-2.213816,-0.011787,2.309519,0.436844
19.566121,-0.000000,-0.999964,0.000000,0.000000,-0.000000,-0.000000,1.000000,0.484066,-0.277442,0.218409,0.997902,-0.062303,0.017520,0.001497,0.482740,-0.260176,0.218555,0.997527,-0.065036,0.023500,0.012575,3.119533,-0.048538,-0.129674,-0.001500,-0.078357,-0.001587,0.014170,-0.020493,-0.008554,-2.016361,-0.522942,-0.018845,0.577498,-1.498991,-0.492668,-0.585886,0.048434,0.093201,-2.208081,-0.010671,2.309482,0.429670
19.616831,-0.000000,-0.999964,0.000000,0.000000,-0.000000,-0.000000,1.000000,0.484066,-0.281442,0.218409,0.997902,-0.062303,0.017520,0.001497,0.482766,-0.264211,0.218476,0.997508,-0.065153,0.024036,0.012435,3.119889,-0.049592,-0.129907,-0.000743,-0.079863,-0.003175,0.007443,-0.020241,-0.020560,-1.333881,-0.909417,0.189040,0.709779,-1.277002,-0.505398,-0.589410,0.053464,0.090006,-2.202122,-0.009640,2.309428,0.422480
19.665834,-0.000000,-0.999964,0.000000,0.000000,-0.000000,-0.000000,1.000000,0.484066,-0.285442,0.218409,0.997902,-0.062303,0.017520,0.001497,0.482753,-0.268125,0.218251,0.997495,-0.065219,0.024448,0.012311,3.120193,-0.050401,-0.130040,-0.000951,-0.076759,-0.005982,0.008208,-0.014330,-0.008850,-1.701912,-0.743061,0.828138,0.477979,-1.721182,-0.532387,-0.593107,0.058625,0.087234,-2.196326,-0.008800,2.309445,0.415563
19.715857,-0.000000,-0.999964,0.000000,0.000000,-0.000000,-0.000000,1.000000,0.484066,-0.289442,0.218409,0.997902,-0.062303,0.017520,0.001497,0.482715,-0.272051,0.218146,0.997480,-0.065284,0.024935,0.012281,3.120319,-0.051369,-0.130165,-0.000179,-0.077027,-0.002042,-0.001940,-0.020602,0.009382,-1.859227,-0.768616,0.604233,0.533396,-1.689782,-0.583949,-0.597530,0.063518,0.085222,-2.190573,-0.008087,2.309439,0.408759
19.765999,-0.000000,-0.999964,0.000000,0.000000,-0.000000,-0.000000,1.000000,0.484066,-0.293441,0.218409,0.997902,-0.062303,0.017520,0.001497,0.482678,-0.276014,0.218109,0.997462,-0.065348,0.025442,0.012330,3.120291,-0.052391,-0.130283,-0.000723,-0.078902,-0.000301,-0.003918,-0.019836,-0.001355,-1.865476,-0.668794,0.037821,0.641892,-1.422433,-0.543087,-0.601984,0.068372,0.083261,-2.184684,-0.007501,2.309359,0.402055
19.816800,-0.000000,-0.999964,0.000000,0.000000,-0.000000,-0.000000,1.000000,0.484066,-0.297441,0.218409,0.997902,-0.062303,0.017520,0.001497,0.482652,-0.280019,0.218098,0.997448,-0.065366,0.025955,0.012298,3.120420,-0.053410,-0.130313,-0.000521,-0.079491,-0.000020,-0.002576,-0.021144,-0.005226,-1.690918,-0.608601,0.243008,0.630691,-1.377717,-0.472593,-0.606230,0.073368,0.081031,-2.178494,-0.006652,2.309052,0.395027
19.866084,-0.000000,-0.999964,0.000000,0.000000,-0.000000,-0.000000,1.000000,0.484066,-0.301441,0.218409,0.997902,-0.062303,0.017520,0.001497,0.482551,-0.283908,0.217974,0.997434,-0.065426,0.026387,0.012204,3.120668,-0.054262,-0.130434,-0.003817,-0.075556,-0.004843,0.006238,-0.011775,-0.011508,-1.728086,-0.606600,1.042643,0.459435,-1.720335,-0.491832,-0.610201,0.078345,0.078665,-2.172561,-0.005701,2.308779,0.388159
19.916234,-0.000000,-0.999964,0.000000,0.000000,-0.000000,-0.000000,1.000000,0.484066,-0.305441,0.218409,0.997902,-0.062303,0.017520,0.001497,0.482518,-0.287791,0.217829,0.997419,-0.065454,0.026891,0.012190,3.120763,-0.055267,-0.130483,-0.001541,-0.075015,-0.006846,-0.002573,-0.008873,0.010661,-1.565646,-0.819616,1.021531,0.550209,-1.628181,-0.549121,-0.613655,0.083455,0.075912,-2.166550,-0.004792,2.308754,0.381384
19.966133,-0.000000,-0.999964,0.000000,0.000000,-0.000000,-0.000000,1.000000,0.484066,-0.309441,0.218409,0.997902,-0.062303,0.017520,0.001497,0.482478,-0.291707,0.217762,0.997405,-0.065477,0.027346,0.012172,3.120858,-0.056174,-0.130525,-0.001305,-0.077781,-0.002476,-0.010000,-0.014800,0.014021,-1.537718,-1.043530,0.624185,0.754736,-1.408831,-0.649715,-0.617203,0.088596,0.073248,-2.160225,-0.003893,2.308348,0.374603
20.015955,-0.000000,-0.999964,0.000000,0.000000,-0.000000,-0.000000,1.000000,0.484066,-0.313441,0.218409,0.997902,-0.062303,0.017520,0.001497,0.482515,-0.295752,0.217711,0.997385,-0.065582,0.027788,0.012220,3.120827,-0.057065,-0.130727,0.000757,-0.080641,-0.001712,-0.001557,-0.012792,-0.010127,-1.787679,-0.754723,0.751182,0.640755,-1.510509,-0.585852,-0.621783,0.094121,0.071589,-2.153339,-0.003284,2.307788,0.368137
20.066255,-0.000000,-0.999964,0.000000,0.000000,-0.000000,-0.000000,1.000000,0.484066,-0.317441,0.218409,0.997902,-0.062303,0.017520,0.001497,0.482541,-0.299690,0.217576,0.997371,-0.065641,0.028134,0.012290,3.120734,-0.057765,-0.130835,0.000082,-0.078695,-0.001551,-0.011420,-0.019331,-0.000966,-1.504881,-1.036132,1.199943,0.656640,-1.543258,-0.640775,-0.626755,0.099724,0.070569,-2.146526,-0.002924,2.307222,0.361983
20.116413,-0.000000,-0.999964,0.000000,0.000000,-0.000000,-0.000000,1.000000,0.484066,-0.321440,0.218409,0.997902,-0.062303,0.017520,0.001497,0.482480,-0.303643,0.217414,0.997355,-0.065672,0.028555,0.012412,3.120546,-0.058622,-0.130886,-0.001446,-0.079539,0.001091,-0.011367,-0.021348,-0.005662,-1.716499,-0.646711,1.252251,0.495826,-1.645349,-0.537265,-0.631673,0.105141,0.069430,-2.140060,-0.002522,2.306994,0.355685
20.167023,-0.000000,-0.999964,0.000000,0.000000,-0.000000,-0.000000,1.000000,0.484066,-0.325440,0.218409,0.997902,-0.062303,0.017520,0.001497,0.482441,-0.307609,0.217350,0.997342,-0.065689,0.028960,0.012483,3.120459,-0.059441,-0.130910,-0.001310,-0.077792,-0.002923,0.000269,-0.012240,-0.006145,-1.713412,-0.622222,0.784163,0.644742,-1.407184,-0.535345,-0.636499,0.110590,0.068221,-2.133221,-0.001982,2.306346,0.349291
20.217776,-0.000000,-0.999964,0.000000,0.000000,-0.000000,-0.000000,1.000000,0.484066,-0.329440,0.218409,0.997902,-0.062303,0.017520,0.001497,0.482411,-0.311563,0.217316,0.997327,-0.065777,0.029244,0.012571,3.120326,-0.060021,-0.131077,0.000170,-0.079402,-0.002057,-0.004424,-0.014775,-0.014048,-1.980490,-0.275036,1.395805,0.320283,-1.782505,-0.461316,-0.640914,0.116159,0.066712,-2.126050,-0.001590,2.305288,0.343247
20.267915,-0.000000,-0.999964,0.000000,0.000000,-0.000000,-0.000000,1.000000,0.484066,-0.333440,0.218409,0.997902,-0.062303,0.017520,0.001497,0.482354,-0.315438,0.217181,0.997319,-0.065766,0.029480,0.012660,3.120177,-0.060504,-0.131046,-0.001945,-0.077590,-0.002325,-0.008709,-0.009981,-0.004573,-1.476221,-1.010850,1.573610,0.570455,-1.640136,-0.661545,-0.645454,0.121783,0.065476,-2.119041,-0.001288,2.304362,0.337209
20.317093,-0.000000,-0.999964,0.000000,0.000000,-0.000000,-0.000000,1.000000,0.484066,-0.337440,0.218409,0.997902,-0.062303,0.017520,0.001497,0.482249,-0.319295,0.217117,0.997303,-0.065818,0.029811,0.012846,3.119851,-0.061190,-0.131136,-0.002438,-0.078067,0.000735,-0.009631,-0.014608,-0.007001,-1.646099,-1.065267,1.241783,0.667271,-1.547012,-0.745414,-0.650392,0.127090,0.064687,-2.112314,-0.001117,2.303655,0.331431
20.367114,-0.000000,-0.685059,0.000000,0.000000,-0.000000,-0.000000,1.000000,0.484066,-0.340180,0.218409,0.997902,-0.062303,0.017520,0.001497,0.482137,-0.323183,0.217227,0.997290,-0.065844,0.030126,0.013060,3.119466,-0.061847,-0.131169,0.000355,-0.077315,0.003816,-0.012117,-0.015513,0.006357,-1.503727,-0.850310,0.619130,0.768017,-1.188432,-0.593055,-0.655231,0.132246,0.063804,-2.105270,-0.000980,2.302481,0.325626
20.417900,-0.000000,0.000000,0.000000,0.000000,-0.000000,-0.000000,1.000000,0.484066,-0.340180,0.218409,0.997902,-0.062303,0.017520,0.001497,0.482085,-0.327003,0.217249,0.997291,-0.065800,0.030183,0.013028,3.119536,-0.061956,-0.131083,0.002175,-0.074701,-0.000708,0.002315,-0.007540,0.005179,-1.309581,-0.829581,1.214324,0.604186,-1.397827,-0.523539,-0.660003,0.137980,0.063007,-2.097468,-0.000669,2.300430,0.319719
20.468352,-0.000000,0.000000,0.000000,0.000000,-0.000000,-0.000000,1.000000,0.484066,-0.340180,0.218409,0.997902,-0.062303,0.017520,0.001497,0.482054,-0.330307,0.217049,0.997296,-0.065809,0.030125,0.012717,3.120150,-0.061800,-0.131121,0.003941,-0.060555,0.000082,0.009115,-0.014520,-0.009389,-1.355236,-0.646535,1.866973,0.347937,-1.734435,-0.464619,-0.664221,0.143565,0.062351,-2.090336,0.000056,2.298420,0.314347
20.518178,-0.000000,0.000000,0.000000,0.000000,-0.000000,-0.000000,1.000000,0.484066,-0.340180,0.218409,0.997902,-0.062303,0.017520,0.001497,0.482202,-0.332675,0.216932,0.997316,-0.065700,0.029898,0.012233,3.121082,-0.061282,-0.130935,0.006037,-0.044587,0.002675,0.010421,-0.003363,-0.002897,-1.387160,-0.657975,1.087444,0.605172,-1.387867,-0.489214,-0.667327,0.148264,0.062086,-2.084015,0.000823,2.295872,0.310222
20.569048,-0.000000,0.000000,0.000000,0.000000,-0.000000,-0.000000,1.000000,0.484066,-0.340180,0.218409,0.997902,-0.062303,0.017520,0.001497,0.482338,-0.334288,0.216963,0.997347,-0.065520,0.029473,0.011730,3.122020,-0.060363,-0.130610,0.002887,-0.028526,0.002260,0.019077,0.020999,0.011979,-1.390817,-1.016121,0.812459,0.843297,-1.249127,-0.640687,-0.669545,0.151759,0.062058,-2.078797,0.001312,2.292871,0.307271
20.618325,-0.000000,0.000000,0.000000,0.000000,-0.000000,-0.000000,1.000000,0.484066,-0.340180,0.218409,0.997902,-0.062303,0.017520,0.001497,0.482402,-0.335407,0.217012,0.997373,-0.065416,0.028996,0.011254,3.122904,-0.059346,-0.130435,-0.002112,-0.017903,-0.000605,0.024015,0.033675,0.010210,-0.485187,-1.317123,1.205912,0.861071,-1.050714,-0.478849,-0.671149,0.154329,0.062075,-2.074770,0.001665,2.290080,0.305227
20.668270,-0.000000,0.000000,0.000000,0.000000,-0.000000,-0.000000,1.000000,0.484066,-0.340180,0.218409,0.997902,-0.062303,0.017520,0.001497,0.482525,-0.336175,0.217058,0.997389,-0.065410,0.028606,0.010922,3.123517,-0.058525,-0.130445,0.003863,-0.012194,-0.000783,0.015677,0.017519,-0.000070,-0.538366,-1.262479,1.326139,0.793766,-1.105692,-0.463241,-0.672156,0.156321,0.062096,-2.071625,0.001794,2.287901,0.304127
20.719247,-0.000000,0.000000,0.000000,0.000000,-0.000000,-0.000000,1.000000,0.484066,-0.340180,0.218409,0.997902,-0.062303,0.017520,0.001497,0.482642,-0.336652,0.216982,0.997403,-0.065380,0.028264,0.010663,3.123988,-0.057809,-0.130404,0.002534,-0.007737,-0.004228,0.010049,0.012066,0.001159,-0.478236,-1.270310,1.405881,0.754553,-1.082580,-0.444732,-0.672722,0.157911,0.062098,-2.069415,0.001826,2.286419,0.303470
20.769298,-0.000000,0.000000,0.000000,0.000000,-0.000000,-0.000000,1.000000,0.484066,-0.340180,0.218409,0.997902,-0.062303,0.017520,0.001497,0.482729,-0.336950,0.216870,0.997413,-0.065392,0.027969,0.010442,3.124392,-0.057190,-0.130443,0.000678,-0.004174,-0.004026,0.012535,0.016474,0.001881,-0.433406,-1.332219,1.193616,0.836413,-0.948006,-0.457427,-0.673063,0.159135,0.062101,-2.067846,0.001845,2.285331,0.303132
20.819058,-0.000000,0.000000,0.000000,0.000000,-0.000000,-0.000000,1.000000,0.484066,-0.340180,0.218409,0.997902,-0.062303,0.017520,0.001497,0.482789,-0.337165,0.216808,0.997426,-0.065364,0.027665,0.010222,3.124790,-0.056554,-0.130403,0.000241,-0.003426,-0.001361,0.017894,0.022898,0.000590,-0.179558,-1.418644,1.044215,0.922421,-0.760087,-0.409670,-0.673313,0.160105,0.062102,-2.066475,0.001864,2.284178,0.302807
20.867980,-0.000000,0.000000,0.000000,0.000000,-0.000000,-0.000000,1.000000,0.484066,-0.340180,0.218409,0.997902,-0.062303,0.017520,0.001497,0.482873,-0.337338,0.216798,0.997438,-0.065330,0.027368,0.010010,3.125174,-0.055933,-0.130349,0.002057,-0.002904,0.001636,0.012997,0.017079,0.001728,-0.121805,-1.551479,1.010597,0.986177,-0.702008,-0.451057,-0.673487,0.160982,0.062111,-2.065092,0.001877,2.282940,0.302560
20.918210,-0.000000,0.000000,0.000000,0.000000,-0.000000,-0.000000,1.000000,0.484066,-0.340180,0.218409,0.997902,-0.062303,0.017520,0.001497,0.482895,-0.337451,0.216803,0.997453,-0.065289,0.027022,0.009768,3.125610,-0.055210,-0.130284,0.001475,-0.004181,0.002837,0.002841,0.002901,-0.002426,-0.511256,-1.248664,1.277349,0.782430,-0.978089,-0.435241,-0.673628,0.161670,0.062108,-2.063892,0.001904,2.281581,0.302312
20.968209,-0.000000,0.000000,0.000000,0.000000,-0.000000,-0.000000,1.000000,0.484066,-0.340180,0.218409,0.997902,-0.062303,0.017520,0.001497,0.482882,-0.337496,0.216841,0.997467,-0.065241,0.026684,0.009544,3.126011,-0.054505,-0.130202,0.000581,-0.001139,-0.000471,0.006895,0.009808,0.002942,-0.685801,-1.201769,1.417274,0.726120,-1.107204,-0.475233,-0.673713,0.162110,0.062115,-2.062950,0.001914,2.280266,0.302129
21.018300,-0.000000,0.000000,0.000000,0.000000,-0.000000,-0.000000,1.000000,0.484066,-0.340180,0.218409,0.997902,-0.062303,0.017520,0.001497,0.482844,-0.337517,0.216915,0.997480,-0.065211,0.026357,0.009334,3.126386,-0.053825,-0.130156,-0.000538,0.000317,0.000197,0.010294,0.014132,0.004235,-0.439620,-1.215643,1.375617,0.739315,-0.984717,-0.398773,-0.673784,0.162389,0.062117,-2.062136,0.001921,2.278953,0.301997
21.068343,-0.000000,0.000000,0.000000,0.000000,-0.000000,-0.000000,1.000000,0.484066,-0.340180,0.218409,0.997902,-0.062303,0.017520,0.001497,0.482818,-0.337535,0.216997,0.997493,-0.065145,0.026087,0.009161,3.126694,-0.053261,-0.130034,-0.001636,0.000581,0.001276,0.011516,0.016527,0.002954,-0.431764,-1.332433,1.357012,0.795791,-0.975425,-0.445632,-0.673837,0.162605,0.062119,-2.061424,0.001928,2.277813,0.301809
21.119018,-0.000000,0.000000,0.000000,0.000000,-0.000000,-0.000000,1.000000,0.484066,-0.340180,0.218409,0.997902,-0.062303,0.017520,0.001497,0.482791,-0.337541,0.217075,0.997502,-0.065128,0.025838,0.009000,3.126982,-0.052744,-0.130011,0.000211,0.000318,0.003267,0.008527,0.010616,0.001589,-0.297675,-1.358819,1.261495,0.839301,-0.879876,-0.414127,-0.673882,0.162778,0.062127,-2.060800,0.001935,2.276768,0.301734
21.169026,-0.000000,0.000000,0.000000,0.000000,-0.000000,-0.000000,1.000000,0.484066,-0.340180,0.218409,0.997902,-0.062303,0.017520,0.001497,0.482778,-0.337545,0.217128,0.997511,-0.065106,0.025578,0.008832,3.127283,-0.052203,-0.129979,0.001012,-0.001301,0.003291,0.003515,0.005849,0.002443,-0.398425,-1.331418,1.366353,0.789373,-0.958398,-0.440599,-0.673900,0.163028,0.062126,-2.060131,0.001938,2.275729,0.301672
21.219128,-0.000000,0.000000,0.000000,0.000000,-0.000000,-0.000000,1.000000,0.484066,-0.340180,0.218409,0.997902,-0.062303,0.017520,0.001497,0.482761,-0.337546,0.217172,0.997520,-0.065098,0.025328,0.008669,3.127576,-0.051683,-0.129972,0.000627,-0.002121,0.000417,0.003296,0.005014,-0.000849,-0.574185,-1.180550,1.481365,0.689208,-1.075653,-0.429073,-0.673918,0.163263,0.062124,-2.059514,0.001944,2.274750,0.301630
21.269912,-0.000000,0.000000,0.000000,0.000000,-0.000000,-0.000000,1.000000,0.484066,-0.340180,0.218409,0.997902,-0.062303,0.017520,0.001497,0.482748,-0.337541,0.217226,0.997529,-0.065077,0.025073,0.008504,3.127872,-0.051152,-0.129940,0.000285,-0.000253,0.000072,0.006413,0.008158,0.000152,-0.367576,-1.237437,1.294430,0.756680,-0.890211,-0.390341,-0.673925,0.163492,0.062125,-2.058877,0.001947,2.273734,0.301581
21.319144,-0.000000,0.000000,0.000000,0.000000,-0.000000,-0.000000,1.000000,0.484066,-0.340180,0.218409,0.997902,-0.062303,0.017520,0.001497,0.482740,-0.337548,0.217265,0.997538,-0.065031,0.024865,0.008370,3.128109,-0.050717,-0.129856,-0.000865,-0.000500,0.000084,0.006199,0.009817,0.003534,-0.329378,-1.255057,1.394094,0.727563,-0.917078,-0.380625,-0.673947,0.163710,0.062128,-2.058327,0.001946,2.272905,0.301471
21.369248,-0.000000,0.000000,0.000000,0.000000,-0.000000,-0.000000,1.000000,0.484066,-0.340180,0.218409,0.997902,-0.062303,0.017520,0.001497,0.482711,-0.337555,0.217299,0.997551,-0.064920,0.024694,0.008264,3.128295,-0.050362,-0.129640,-0.000842,-0.000105,0.001346,0.007355,0.009843,0.001574,-0.334373,-1.354527,1.267323,0.828402,-0.880607,-0.421646,-0.673986,0.163834,0.062128,-2.057947,0.001951,2.272244,0.301206
21.419365,-0.000000,0.000000,0.000000,0.000000,-0.000000,-0.000000,1.000000,0.484066,-0.340180,0.218409,0.997902,-0.062303,0.017520,0.001497,0.482686,-0.337547,0.217307,0.997556,-0.064897,0.024577,0.008191,3.128423,-0.050119,-0.129599,-0.000051,0.000048,-0.000035,0.001491,0.002921,0.000416,-0.478464,-1.230447,1.351346,0.743835,-0.984809,-0.413597,-0.673997,0.163907,0.062126,-2.057746,0.001950,2.271841,0.301150
21.469908,-0.000000,0.000000,0.000000,0.000000,-0.000000,-0.000000,1.000000,0.484066,-0.340180,0.218409,0.997902,-0.062303,0.017520,0.001497,0.482649,-0.337523,0.217299,0.997561,-0.064864,0.024470,0.008123,3.128544,-0.049896,-0.129536,-0.000219,0.000070,0.000210,0.002056,0.000544,-0.000687,-0.534997,-1.171725,1.284680,0.728969,-0.983793,-0.404422,-0.674006,0.163936,0.062130,-2.057656,0.001955,2.271527,0.301076
21.519954,-0.000000,0.000000,0.000000,0.000000,-0.000000,-0.000000,1.000000,0.484066,-0.340180,0.218409,0.997902,-0.062303,0.017520,0.001497,0.482604,-0.337496,0.217280,0.997567,-0.064822,0.024366,0.008062,3.128651,-0.049679,-0.129457,-0.000496,-0.000112,-0.000448,0.001407,0.002139,0.000485,-0.617826,-1.133658,1.248511,0.723352,-1.013738,-0.407653,-0.674011,0.163950,0.062129,-2.057624,0.001952,2.271265,0.300989
21.569984,-0.000000,0.000000,0.000000,0.000000,-0.000000,-0.000000,1.000000,0.484066,-0.340180,0.218409,0.997902,-0.062303,0.017520,0.001497,0.482574,-0.337480,0.217267,0.997576,-0.064720,0.024291,0.008018,3.128724,-0.049522,-0.129253,-0.000677,0.000376,0.000024,0.001860,0.002624,0.002765,-0.693140,-1.113713,1.377272,0.683004,-1.112545,-0.415112,-0.674021,0.163971,0.062131,-2.057583,0.001952,2.271068,0.300775
21.620156,-0.000000,0.000000,0.000000,0.000000,-0.000000,-0.000000,1.000000,0.484066,-0.340180,0.218409,0.997902,-0.062303,0.017520,0.001497,0.482549,-0.337476,0.217266,0.997580,-0.064684,0.024229,0.007980,3.128789,-0.049393,-0.129184,-0.000928,-0.000644,-0.000748,0.003538,0.003439,-0.000127,-0.619597,-1.141588,1.306628,0.715915,-1.047803,-0.408345,-0.674037,0.163991,0.062128,-2.057516,0.001953,2.270877,0.300685
21.670873,-0.000000,0.000000,0.000000,0.000000,-0.000000,-0.000000,1.000000,0.484066,-0.340180,0.218409,0.997902,-0.062303,0.017520,0.001497,0.482539,-0.337465,0.217269,0.997583,-0.064651,0.024180,0.007951,3.128840,-0.049292,-0.129120,-0.000732,-0.000573,-0.000349,0.001198,0.001299,-0.000480,-0.568270,-1.120109,1.225316,0.724398,-0.988192,-0.385847,-0.674034,0.164009,0.062131,-2.057450,0.001952,2.270715,0.300627
21.720223,-0.000000,0.610919,0.000000,0.000000,-0.000000,-0.000000,1.000000,0.484066,-0.337736,0.218409,0.997902,-0.062303,0.017520,0.001497,0.482519,-0.337456,0.217256,0.997588,-0.064615,0.024113,0.007911,3.128909,-0.049152,-0.129049,-0.000934,-0.001120,0.000077,0.001024,0.002365,-0.000012,-0.556797,-1.178176,1.262835,0.735575,-0.999803,-0.411001,-0.674043,0.164054,0.062133,-2.057382,0.001948,2.270536,0.300550
21.770213,-0.000000,0.999964,0.000000,0.000000,-0.000000,-0.000000,1.000000,0.484066,-0.333737,0.218409,0.997902,-0.062303,0.017520,0.001497,0.482503,-0.337284,0.217211,0.997601,-0.064488,0.023922,0.007761,3.129178,-0.048750,-0.128805,0.000798,0.005285,-0.001574,0.007671,0.008525,0.007177,-0.594347,-1.031255,1.299853,0.704444,-1.053097,-0.348363,-0.674046,0.164072,0.062350,-2.057351,0.001970,2.270039,0.300494
21.820208,-0.000000,0.999964,0.000000,0.000000,-0.000000,-0.000000,1.000000,0.484066,-0.329737,0.218409,0.997902,-0.062303,0.017520,0.001497,0.482645,-0.336536,0.217100,0.997635,-0.064170,0.023553,0.007159,3.130318,-0.047932,-0.128198,0.004341,0.017870,-0.002070,0.029073,0.017604,0.019822,-0.673945,-0.577791,1.375626,0.587307,-1.182010,-0.178477,-0.673922,0.164056,0.063245,-2.057350,0.002573,2.268762,0.300489
21.870349,-0.000000,0.999964,0.000000,0.000000,-0.000000,-0.000000,1.000000,0.484066,-0.325737,0.218409,0.997902,-0.062303,0.017520,0.001497,0.482986,-0.335158,0.216920,0.997700,-0.063478,0.022953,0.006185,3.132156,-0.046603,-0.126858,0.009249,0.029051,-0.002112,0.044074,0.023498,0.031104,-0.769581,-0.090506,1.440686,0.395686,-1.270375,-0.054723,-0.673526,0.164027,0.064847,-2.057357,0.003509,2.266701,0.300500
21.920370,-0.000000,0.999964,0.000000,0.000000,-0.000000,-0.000000,1.000000,0.484066,-0.321737,0.218409,0.997902,-0.062303,0.017520,0.001497,0.483477,-0.333223,0.216723,0.997790,-0.062471,0.022119,0.004921,3.134528,-0.044771,-0.124896,0.011752,0.039847,-0.004115,0.055523,0.036376,0.045577,-0.945118,0.317293,1.510157,0.183647,-1.356892,-0.014231,-0.672698,0.163889,0.066884,-2.057382,0.004659,2.263852,0.300612
21.971015,-0.000000,0.999964,0.000000,0.000000,-0.000000,-0.000000,1.000000,0.484066,-0.317737,0.218409,0.997902,-0.062303,0.017520,0.001497,0.484022,-0.330877,0.216585,0.997887,-0.061357,0.021088,0.003403,3.137386,-0.042518,-0.122730,0.012270,0.046079,-0.000757,0.064690,0.042448,0.042577,-1.250803,0.848528,1.562325,-0.068722,-1.504860,0.075581,-0.671634,0.163509,0.069258,-2.057422,0.006043,2.260182,0.300946
22.021059,-0.000000,0.999964,0.000000,0.000000,-0.000000,-0.000000,1.000000,0.484066,-0.313737,0.218409,0.997902,-0.062303,0.017520,0.001497,0.484613,-0.328184,0.216511,0.997978,-0.060302,0.020009,0.001667,3.140678,-0.040149,-0.120683,0.013396,0.052303,-0.000975,0.076410,0.038560,0.024610,-1.464879,1.239763,1.544656,-0.249052,-1.572875,0.147903,-0.670949,0.162816,0.072473,-2.057658,0.007684,2.256096,0.301701
22.071160,-0.000000,0.999964,0.000000,0.000000,-0.000000,-0.000000,1.000000,0.484066,-0.309737,0.218409,0.997902,-0.062303,0.017520,0.001497,0.485195,-0.325257,0.216481,0.998061,-0.059299,0.018925,-0.000150,-3.139048,-0.037767,-0.118736,0.013288,0.056142,0.001317,0.077457,0.037115,0.027373,-1.397732,1.501229,1.410792,-0.322924,-1.462513,0.262683,-0.670281,0.161770,0.075996,-2.058250,0.009474,2.251930,0.302769
22.121187,-0.000000,0.999964,0.000000,0.000000,-0.000000,-0.000000,1.000000,0.484066,-0.305738,0.218409,0.997902,-0.062303,0.017520,0.001497,0.485788,-0.322166,0.216445,0.998138,-0.058289,0.017862,-0.001871,-3.135772,-0.035447,-0.116766,0.013238,0.060145,0.001685,0.075336,0.033633,0.032032,-1.414268,1.845792,1.441515,-0.505265,-1.451234,0.390518,-0.669068,0.160462,0.079258,-2.059268,0.011182,2.248083,0.304172
22.171243,-0.000000,0.999964,0.000000,0.000000,-0.000000,-0.000000,1.000000,0.484066,-0.301738,0.218409,0.997902,-0.062303,0.017520,0.001497,0.486349,-0.318881,0.216369,0.998213,-0.057224,0.016854,-0.003531,-3.132609,-0.033249,-0.114677,0.011830,0.062855,0.001837,0.068387,0.036450,0.041228,-1.664644,1.992033,1.505999,-0.622415,-1.559710,0.355644,-0.667829,0.158786,0.082764,-2.060958,0.012843,2.244709,0.305771
22.224103,-0.000000,0.999964,0.000000,0.000000,-0.000000,-0.000000,1.000000,0.484066,-0.297738,0.218409,0.997902,-0.062303,0.017520,0.001497,0.486800,-0.315428,0.216308,0.998279,-0.056196,0.015908,-0.005210,-3.129397,-0.031181,-0.112657,0.008271,0.067467,0.002378,0.069804,0.037950,0.051509,-1.659251,2.163119,1.341334,-0.686391,-1.457375,0.410140,-0.666739,0.156576,0.086533,-2.063375,0.014667,2.241631,0.307466
22.271967,-0.000000,0.999964,0.000000,0.000000,-0.000000,-0.000000,1.000000,0.484066,-0.293738,0.218409,0.997902,-0.062303,0.017520,0.001497,0.487054,-0.311765,0.216361,0.998342,-0.055180,0.014927,-0.006813,-3.126334,-0.029057,-0.110652,0.000102,0.069659,0.003108,0.060359,0.053989,0.051638,-1.749511,2.136599,1.168960,-0.666158,-1.413737,0.347634,-0.665798,0.153476,0.090626,-2.066699,0.016360,2.238601,0.309456
22.321239,-0.000000,0.999964,0.000000,0.000000,-0.000000,-0.000000,1.000000,0.484066,-0.289738,0.218409,0.997902,-0.062303,0.017520,0.001497,0.487234,-0.308019,0.216528,0.998392,-0.054322,0.014041,-0.008122,-3.123841,-0.027158,-0.108953,0.001655,0.074864,0.004349,0.054123,0.045832,0.044730,-1.678062,2.363700,1.301532,-0.823577,-1.441432,0.458693,-0.664358,0.149705,0.094399,-2.070730,0.017718,2.236095,0.312163
22.371355,-0.000000,0.999964,0.000000,0.000000,-0.000000,-0.000000,1.000000,0.484066,-0.285738,0.218409,0.997902,-0.062303,0.017520,0.001497,0.487465,-0.304213,0.216708,0.998443,-0.053425,0.013118,-0.009243,-3.121727,-0.025210,-0.107166,0.004070,0.076285,0.002089,0.045655,0.047596,0.046284,-1.953148,2.213934,1.630724,-0.866000,-1.697901,0.291629,-0.662485,0.145920,0.098008,-2.074763,0.018704,2.233721,0.315294
22.422099,-0.000000,0.999964,0.000000,0.000000,-0.000000,-0.000000,1.000000,0.484066,-0.281738,0.218409,0.997902,-0.062303,0.017520,0.001497,0.487788,-0.300467,0.216857,0.998486,-0.052641,0.012291,-0.010140,-3.120041,-0.023480,-0.105597,0.007827,0.071204,0.002384,0.030098,0.019957,0.029599,-2.482065,2.589415,1.613366,-1.011806,-1.894473,0.303788,-0.661004,0.142310,0.102141,-2.078748,0.019267,2.231872,0.319028
22.473056,-0.000000,0.999964,0.000000,0.000000,-0.000000,-0.000000,1.000000,0.484066,-0.277739,0.218409,0.997902,-0.062303,0.017520,0.001497,0.487988,-0.296624,0.216956,0.998520,-0.052013,0.011565,-0.010938,-3.118539,-0.021960,-0.104339,0.004184,0.076371,0.002105,0.030056,0.022159,0.013629,-2.783831,2.849344,1.591945,-1.102537,-2.006395,0.342850,-0.659588,0.138224,0.106408,-2.083578,0.019841,2.230681,0.323138
22.523319,-0.000000,0.999964,0.000000,0.000000,-0.000000,-0.000000,1.000000,0.484066,-0.273739,0.218409,0.997902,-0.062303,0.017520,0.001497,0.488129,-0.292740,0.216994,0.998549,-0.051467,0.010962,-0.011479,-3.117532,-0.020712,-0.103243,0.001886,0.077802,-0.001502,0.027241,0.026042,0.010772,-2.349033,2.872021,1.313683,-1.029458,-1.710427,0.502841,-0.657938,0.133795,0.110570,-2.089143,0.020138,2.230361,0.327708
22.573070,-0.000000,0.999964,0.000000,0.000000,-0.000000,-0.000000,1.000000,0.484066,-0.269739,0.218409,0.997902,-0.062303,0.017520,0.001497,0.488227,-0.288793,0.217014,0.998574,-0.050989,0.010384,-0.011941,-3.116678,-0.019522,-0.102279,0.003899,0.076858,0.002176,0.011267,0.014022,0.018064,-1.972633,2.404897,1.008934,-0.774026,-1.448747,0.410213,-0.656329,0.129183,0.114892,-2.095019,0.020358,2.230301,0.332577
22.623127,-0.000000,0.999964,0.000000,0.000000,-0.000000,-0.000000,1.000000,0.484066,-0.265739,0.218409,0.997902,-0.062303,0.017520,0.001497,0.488262,-0.284763,0.217092,0.998592,-0.050667,0.009783,-0.012329,-3.115970,-0.018290,-0.101625,0.003288,0.079323,0.005252,0.012712,0.019614,0.011361,-2.402886,2.744962,1.341079,-1.019610,-1.834771,0.458709,-0.654325,0.124251,0.118953,-2.101140,0.020541,2.230215,0.337927
22.673235,-0.000000,0.999964,0.000000,0.000000,-0.000000,-0.000000,1.000000,0.484066,-0.261739,0.218409,0.997902,-0.062303,0.017520,0.001497,0.488378,-0.280757,0.217259,0.998607,-0.050400,0.009285,-0.012591,-3.115503,-0.017275,-0.101080,0.003123,0.080256,0.004943,0.011541,0.019719,0.005664,-2.221776,2.445251,0.871630,-0.795872,-1.537449,0.379574,-0.652156,0.119315,0.122961,-2.107069,0.020638,2.230242,0.343551
22.723185,-0.000000,0.999964,0.000000,0.000000,-0.000000,-0.000000,1.000000,0.484066,-0.257739,0.218409,0.997902,-0.062303,0.017520,0.001497,0.488442,-0.276651,0.217414,0.998617,-0.050233,0.008740,-0.012815,-3.115114,-0.016169,-0.100734,0.000561,0.077474,0.003761,0.005975,0.019488,-0.001228,-2.573480,2.821933,0.943429,-0.993074,-1.736522,0.483295,-0.649910,0.114210,0.127065,-2.113220,0.020676,2.230287,0.349588
22.773414,-0.000000,0.999964,0.000000,0.000000,-0.000000,-0.000000,1.000000,0.484066,-0.253739,0.218409,0.997902,-0.062303,0.017520,0.001497,0.488396,-0.272592,0.217557,0.998628,-0.050059,0.008185,-0.013020,-3.114762,-0.015044,-0.100373,-0.000233,0.078743,0.003396,0.005786,0.018574,0.000166,-2.534528,2.699555,0.983561,-0.968814,-1.801756,0.436909,-0.647774,0.108982,0.131153,-2.119538,0.020753,2.230371,0.355465
22.823358,-0.000000,0.999964,0.000000,0.000000,-0.000000,-0.000000,1.000000,0.484066,-0.249740,0.218409,0.997902,-0.062303,0.017520,0.001497,0.488387,-0.268580,0.217606,0.998636,-0.049934,0.007622,-0.013229,-3.114404,-0.013902,-0.100110,0.002174,0.078114,0.001806,0.008845,0.019981,0.002408,-2.244846,2.644955,0.849938,-0.959917,-1.690113,0.487957,-0.646055,0.104108,0.135668,-2.125637,0.020785,2.230568,0.361468
22.874198,-0.000000,0.999964,0.000000,0.000000,-0.000000,-0.000000,1.000000,0.484066,-0.245740,0.218409,0.997902,-0.062303,0.017520,0.001497,0.488454,-0.264639,0.217756,0.998641,-0.049851,0.007129,-0.013415,-3.114082,-0.012902,-0.099933,0.001423,0.078824,0.003693,0.009389,0.019744,-0.002805,-2.471378,2.710225,0.670410,-0.956817,-1.698668,0.464782,-0.644918,0.099362,0.140760,-2.131303,0.020821,2.230602,0.367548
22.924090,-0.000000,0.999964,0.000000,0.000000,-0.000000,-0.000000,1.000000,0.484066,-0.241740,0.218409,0.997902,-0.062303,0.017520,0.001497,0.488493,-0.260682,0.217928,0.998642,-0.049858,0.006659,-0.013570,-3.113819,-0.011947,-0.099934,0.000557,0.078142,0.004092,0.005431,0.017312,0.003064,-2.656598,2.656111,0.371415,-0.874561,-1.650874,0.413546,-0.644259,0.094518,0.146381,-2.137040,0.020843,2.230676,0.373866
22.974015,-0.000000,0.999964,0.000000,0.000000,-0.000000,-0.000000,1.000000,0.484066,-0.237740,0.218409,0.997902,-0.062303,0.017520,0.001497,0.488504,-0.256678,0.218066,0.998640,-0.049924,0.006184,-0.013679,-3.113649,-0.010986,-0.100054,-0.000485,0.078987,0.002346,0.002677,0.018502,-0.009067,-2.610633,2.636081,0.303746,-0.870493,-1.651307,0.433150,-0.643381,0.089625,0.151889,-2.142914,0.020859,2.230880,0.380414
23.024095,-0.000000,0.999964,0.000000,0.000000,-0.000000,-0.000000,1.000000,0.484066,-0.233740,0.218409,0.997902,-0.062303,0.017520,0.001497,0.488466,-0.252601,0.218134,0.998636,-0.050058,0.005725,-0.013728,-3.113596,-0.010060,-0.100311,-0.000162,0.080416,0.001944,0.001288,0.018109,-0.007742,-2.784519,2.776916,0.747503,-1.087201,-2.020512,0.471029,-0.642288,0.084616,0.157316,-2.149125,0.020875,2.231395,0.387230
23.074157,-0.000000,0.999964,0.000000,0.000000,-0.000000,-0.000000,1.000000,0.484066,-0.229740,0.218409,0.997902,-0.062303,0.017520,0.001497,0.488549,-0.248561,0.218222,0.998632,-0.050172,0.005237,-0.013787,-3.113527,-0.009075,-0.100524,0.004648,0.078636,0.003956,-0.000406,0.016190,-0.003519,-2.522097,2.642787,0.455479,-0.998451,-1.818697,0.477158,-0.641034,0.080028,0.162673,-2.154694,0.020882,2.231629,0.394101
23.123652,-0.000000,0.999964,0.000000,0.000000,-0.000000,-0.000000,1.000000,0.484066,-0.225740,0.218409,0.997902,-0.062303,0.017520,0.001497,0.488703,-0.244540,0.218342,0.998626,-0.050306,0.004742,-0.013864,-3.113422,-0.008077,-0.100778,0.003058,0.078180,0.002512,0.003138,0.018362,-0.010982,-2.859968,2.629070,-0.002475,-0.884678,-1.746561,0.387211,-0.640135,0.075679,0.168450,-2.159843,0.020907,2.231650,0.401065
23.174195,-0.000000,0.999964,0.000000,0.000000,-0.000000,-0.000000,1.000000,0.484066,-0.221741,0.218409,0.997902,-0.062303,0.017520,0.001497,0.488725,-0.240556,0.218496,0.998619,-0.050504,0.004287,-0.013841,-3.113512,-0.007163,-0.101163,0.000761,0.079091,0.004276,-0.003230,0.015105,-0.010413,-2.990156,2.754459,-0.132794,-0.917774,-1.785326,0.429054,-0.639036,0.070969,0.173925,-2.165360,0.020927,2.231840,0.408064
23.224190,-0.000000,0.999964,0.000000,0.000000,-0.000000,-0.000000,1.000000,0.484066,-0.217741,0.218409,0.997902,-0.062303,0.017520,0.001497,0.488730,-0.236504,0.218610,0.998606,-0.050808,0.003882,-0.013746,-3.113741,-0.006356,-0.101758,-0.000572,0.081130,0.001294,-0.002584,0.018342,-0.017595,-2.856417,2.792642,-0.217786,-0.940031,-1.746839,0.496630,-0.637770,0.066152,0.179390,-2.171137,0.020939,2.232344,0.415430
23.274262,-0.000000,0.999964,0.000000,0.000000,-0.000000,-0.000000,1.000000,0.484066,-0.213741,0.218409,0.997902,-0.062303,0.017520,0.001497,0.488715,-0.232447,0.218625,0.998595,-0.051098,0.003480,-0.013609,-3.114054,-0.005559,-0.102328,0.000331,0.080037,0.001674,-0.006125,0.014357,-0.015841,-2.974467,2.794250,0.287955,-1.108339,-2.101678,0.481492,-0.635935,0.061450,0.184340,-2.177016,0.020950,2.233110,0.422820
23.324400,-0.000000,0.999964,0.000000,0.000000,-0.000000,-0.000000,1.000000,0.484066,-0.209741,0.218409,0.997902,-0.062303,0.017520,0.001497,0.488789,-0.228448,0.218711,0.998584,-0.051375,0.003082,-0.013474,-3.114363,-0.004772,-0.102871,0.003168,0.079754,0.001707,-0.006628,0.014124,-0.001876,-3.186176,2.956071,0.108328,-1.153524,-2.157136,0.528114,-0.634145,0.057010,0.189351,-2.182341,0.020966,2.233583,0.430195
23.374998,-0.000000,0.999964,0.000000,0.000000,-0.000000,-0.000000,1.000000,0.484066,-0.205741,0.218409,0.997902,-0.062303,0.017520,0.001497,0.488927,-0.224487,0.218771,0.998572,-0.051647,0.002613,-0.013385,-3.114587,-0.003836,-0.103401,0.003620,0.076364,0.002776,-0.005149,0.015069,-0.009925,-3.478466,2.909630,-0.367297,-1.044464,-2.057567,0.436407,-0.632276,0.052981,0.194309,-2.187151,0.020988,2.233778,0.437580
23.425225,-0.000000,0.999964,0.000000,0.000000,-0.000000,-0.000000,1.000000,0.484066,-0.201741,0.218409,0.997902,-0.062303,0.017520,0.001497,0.489027,-0.220543,0.218813,0.998560,-0.051939,0.002163,-0.013250,-3.114903,-0.002944,-0.103974,0.002149,0.078058,0.002621,-0.006248,0.015383,-0.016366,-3.453240,3.126159,-0.440538,-1.117059,-2.045320,0.551611,-0.630233,0.048921,0.199086,-2.192044,0.021000,2.234097,0.445003
23.474949,-0.000000,0.999964,0.000000,0.000000,-0.000000,-0.000000,1.000000,0.484066,-0.197741,0.218409,0.997902,-0.062303,0.017520,0.001497,0.489040,-0.216541,0.218901,0.998548,-0.052246,0.001822,-0.012982,-3.115474,-0.002282,-0.104578,-0.000493,0.080473,-0.000131,-0.010428,0.014896,-0.009118,-3.536133,3.079870,-0.344862,-1.116626,-2.166042,0.524975,-0.627564,0.044386,0.203343,-2.197442,0.021016,2.234761,0.452556
23.524151,-0.000000,0.999964,0.000000,0.000000,-0.000000,-0.000000,1.000000,0.484066,-0.193742,0.218409,0.997902,-0.062303,0.017520,0.001497,0.489053,-0.212410,0.218932,0.998534,-0.052595,0.001508,-0.012676,-3.116116,-0.001678,-0.105269,0.002398,0.081226,0.000248,-0.013588,0.009602,-0.017032,-3.376778,2.904496,-0.164591,-1.066921,-2.224760,0.490681,-0.624477,0.039799,0.207454,-2.203055,0.021051,2.235672,0.460448
23.574182,-0.000000,0.999964,0.000000,0.000000,-0.000000,-0.000000,1.000000,0.484066,-0.189742,0.218409,0.997902,-0.062303,0.017520,0.001497,0.489171,-0.208381,0.219001,0.998518,-0.052977,0.001175,-0.012436,-3.116630,-0.001029,-0.106025,0.002220,0.078822,0.002834,-0.008973,0.012320,-0.023752,-3.630368,2.932089,-0.111535,-1.051954,-2.390269,0.462493,-0.621444,0.035674,0.211541,-2.207941,0.021150,2.236221,0.468287
23.624191,-0.000000,0.999964,0.000000,0.000000,-0.000000,-0.000000,1.000000,0.484066,-0.185742,0.218409,0.997902,-0.062303,0.017520,0.001497,0.489259,-0.204373,0.219103,0.998504,-0.053289,0.000872,-0.012219,-3.117096,-0.000439,-0.106641,0.001851,0.077221,0.003063,-0.011481,0.009227,-0.019762,-3.898931,3.189541,-0.384366,-1.051566,-2.410061,0.538327,-0.618850,0.031497,0.216022,-2.212784,0.021374,2.236705,0.475862
23.674248,-0.000000,0.999964,0.000000,0.000000,-0.000000,-0.000000,1.000000,0.484066,-0.181742,0.218409,0.997902,-0.062303,0.017520,0.001497,0.489337,-0.200390,0.219125,0.998493,-0.053564,0.000635,-0.011922,-3.117714,0.000009,-0.107186,0.003454,0.080997,0.001453,-0.014663,0.007924,0.000292,-3.846993,3.081541,-0.517448,-0.985437,-2.330921,0.504856,-0.616764,0.027402,0.221040,-2.217776,0.021484,2.237594,0.483454
23.725025,-0.000000,0.999964,0.000000,0.000000,-0.000000,-0.000000,1.000000,0.484066,-0.177742,0.218409,0.997902,-0.062303,0.017520,0.001497,0.489398,-0.196400,0.219111,0.998479,-0.053903,0.000439,-0.011593,-3.118392,0.000373,-0.107862,-0.001277,0.079674,-0.000850,-0.011831,0.012053,-0.023436,-3.779000,2.983314,-0.548675,-0.946468,-2.291724,0.492076,-0.614400,0.023316,0.225826,-2.222852,0.021613,2.238675,0.491205
23.775021,-0.000000,0.999964,0.000000,0.000000,-0.000000,-0.000000,1.000000,0.484066,-0.173742,0.218409,0.997902,-0.062303,0.017520,0.001497,0.489381,-0.192336,0.219107,0.998461,-0.054329,0.000406,-0.011129,-3.119323,0.000399,-0.108714,-0.002276,0.080976,0.000355,-0.019940,0.003987,-0.020488,-3.683687,2.959228,-0.174267,-0.993347,-2.445419,0.519197,-0.611916,0.018760,0.230642,-2.228546,0.021747,2.240314,0.499264
23.827227,-0.000000,0.999964,0.000000,0.000000,-0.000000,-0.000000,1.000000,0.484066,-0.169742,0.218409,0.997902,-0.062303,0.017520,0.001497,0.489439,-0.188288,0.219140,0.998443,-0.054763,0.000426,-0.010645,-3.120287,0.000315,-0.109583,0.002279,0.080156,0.002475,-0.022195,-0.005514,-0.021043,-3.621355,2.932528,-0.226556,-0.953007,-2.389022,0.533167,-0.608793,0.014372,0.234892,-2.233923,0.021885,2.241913,0.507409
23.875980,-0.000000,0.999964,0.000000,0.000000,-0.000000,-0.000000,1.000000,0.484066,-0.165743,0.218409,0.997902,-0.062303,0.017520,0.001497,0.489553,-0.184246,0.219175,0.998428,-0.055121,0.000526,-0.010177,-3.121212,0.000071,-0.110304,0.002240,0.077398,0.002928,-0.024485,-0.010727,-0.018584,-4.193370,3.129870,-0.490863,-0.971974,-2.503597,0.532405,-0.605536,0.010128,0.239055,-2.239126,0.022121,2.243613,0.515384
23.926141,-0.000000,0.999964,0.000000,0.000000,-0.000000,-0.000000,1.000000,0.484066,-0.161743,0.218409,0.997902,-0.062303,0.017520,0.001497,0.489569,-0.180280,0.219173,0.998414,-0.055465,0.000685,-0.009647,-3.122252,-0.000298,-0.110996,-0.001504,0.078340,0.002204,-0.021844,-0.002965,-0.023650,-4.090611,3.333636,-0.531876,-1.025689,-2.450320,0.671468,-0.602004,0.005740,0.242806,-2.244615,0.022337,2.245603,0.523197
23.976207,-0.000000,0.999964,0.000000,0.000000,-0.000000,-0.000000,1.000000,0.484066,-0.157743,0.218409,0.997902,-0.062303,0.017520,0.001497,0.489581,-0.176226,0.219066,0.998398,-0.055842,0.000876,-0.009117,-3.123290,-0.000732,-0.111754,-0.002207,0.083586,-0.002681,-0.020698,0.007497,-0.007977,-3.830897,3.215399,-0.420116,-0.987539,-2.402936,0.681004,-0.598023,0.001441,0.246304,-2.250285,0.022584,2.247919,0.531244
24.026203,-0.000000,0.999964,0.000000,0.000000,-0.000000,-0.000000,1.000000,0.484066,-0.153743,0.218409,0.997902,-0.062303,0.017520,0.001497,0.489602,-0.172119,0.218918,0.998381,-0.056213,0.000997,-0.008606,-3.124295,-0.001023,-0.112499,-0.001383,0.085121,-0.002486,-0.022053,0.006337,-0.006979,-3.732824,2.662804,-0.038536,-0.856584,-2.540772,0.448975,-0.594011,-0.002653,0.249926,-2.255768,0.022785,2.250095,0.539459
24.076242,-0.000000,0.999964,0.000000,0.000000,-0.000000,-0.000000,1.000000,0.484066,-0.149743,0.218409,0.997902,-0.062303,0.017520,0.001497,0.489677,-0.168105,0.218987,0.998365,-0.056573,0.001160,-0.008056,-3.125375,-0.001405,-0.113222,0.002619,0.080271,0.003936,-0.024985,-0.012528,-0.015575,-4.292881,2.745132,-0.197827,-0.864773,-2.685529,0.404424,-0.590618,-0.006812,0.254086,-2.260702,0.022960,2.251758,0.547593
24.126286,-0.000000,0.999964,0.000000,0.000000,-0.000000,-0.000000,1.000000,0.484066,-0.145743,0.218409,0.997902,-0.062303,0.017520,0.001497,0.489740,-0.164007,0.219076,0.998348,-0.056935,0.001258,-0.007566,-3.126342,-0.001650,-0.113947,0.001780,0.078364,0.003411,-0.018536,-0.007910,-0.026500,-4.501071,3.203757,-0.453826,-0.958266,-2.649047,0.601319,-0.587172,-0.010937,0.258352,-2.265476,0.023253,2.253129,0.555816
24.176439,-0.000000,0.999964,0.000000,0.000000,-0.000000,-0.000000,1.000000,0.484066,-0.141743,0.218409,0.997902,-0.062303,0.017520,0.001497,0.489762,-0.159968,0.219066,0.998335,-0.057225,0.001283,-0.007077,-3.127314,-0.001753,-0.114529,-0.001397,0.081523,-0.001011,-0.019489,0.011504,-0.007744,-4.396558,3.196844,-0.396043,-0.972309,-2.634671,0.631947,-0.583531,-0.014808,0.262352,-2.270166,0.023445,2.254516,0.563883
24.227155,-0.000000,0.999964,0.000000,0.000000,-0.000000,-0.000000,1.000000,0.484066,-0.137744,0.218409,0.997902,-0.062303,0.017520,0.001497,0.489737,-0.155930,0.219054,0.998322,-0.057528,0.001412,-0.006520,-3.128411,-0.002069,-0.115135,-0.004066,0.083378,-0.002241,-0.022661,0.008448,-0.004217,-4.410645,3.120599,-0.111385,-0.964790,-2.782992,0.621095,-0.579728,-0.018861,0.266222,-2.275112,0.023630,2.256208,0.572003
24.277202,-0.000000,0.999964,0.000000,0.000000,-0.000000,-0.000000,1.000000,0.484066,-0.133744,0.218409,0.997902,-0.062303,0.017520,0.001497,0.489694,-0.151854,0.218954,0.998308,-0.057828,0.001613,-0.005937,-3.129551,-0.002535,-0.115739,-0.003745,0.082747,-0.003963,-0.022672,0.004690,-0.004769,-4.253366,2.838592,0.178314,-0.883394,-2.851961,0.540776,-0.575823,-0.022881,0.270102,-2.280282,0.023820,2.258306,0.580217
24.326644,-0.000000,0.999964,0.000000,0.000000,-0.000000,-0.000000,1.000000,0.484066,-0.129744,0.218409,0.997902,-0.062303,0.017520,0.001497,0.489787,-0.147797,0.218885,0.998293,-0.058116,0.001818,-0.005426,-3.130549,-0.003000,-0.116316,0.003198,0.079950,-0.000868,-0.018322,-0.011203,-0.018136,-4.060854,2.809937,0.037373,-0.881785,-2.677406,0.569601,-0.571222,-0.026441,0.273337,-2.284800,0.024029,2.260154,0.588449
24.378094,-0.000000,0.999964,0.000000,0.000000,-0.000000,-0.000000,1.000000,0.484066,-0.125744,0.218409,0.997902,-0.062303,0.017520,0.001497,0.489917,-0.143745,0.218904,0.998281,-0.058372,0.001907,-0.004987,-3.131413,-0.003226,-0.116828,0.003562,0.078271,0.003236,-0.019431,-0.014554,-0.022764,-4.702415,2.790816,-0.252585,-0.795781,-2.806626,0.472796,-0.566635,-0.029787,0.276604,-2.288728,0.024280,2.261350,0.596614
24.427182,-0.000000,0.999964,0.000000,0.000000,-0.000000,-0.000000,1.000000,0.484066,-0.121744,0.218409,0.997902,-0.062303,0.017520,0.001497,0.489899,-0.139644,0.218935,0.998268,-0.058636,0.001990,-0.004441,-3.132493,-0.003453,-0.117357,-0.002395,0.079456,0.000576,-0.024034,-0.002589,-0.022165,-4.506991,2.839599,-0.228939,-0.785728,-2.742863,0.549987,-0.562448,-0.033541,0.280380,-2.293081,0.024443,2.262615,0.604954
24.478077,-0.000000,0.999964,0.000000,0.000000,-0.000000,-0.000000,1.000000,0.484066,-0.117744,0.218409,0.997902,-0.062303,0.017520,0.001497,0.489889,-0.135575,0.218923,0.998258,-0.058835,0.002218,-0.003860,-3.133625,-0.003974,-0.117755,-0.001865,0.081443,-0.000419,-0.023862,-0.004717,-0.005593,-4.572164,2.964415,-0.290343,-0.794128,-2.741304,0.627155,-0.558462,-0.037278,0.284345,-2.297584,0.024637,2.264335,0.613122
24.527455,-0.000000,0.999964,0.000000,0.000000,-0.000000,-0.000000,1.000000,0.484066,-0.113744,0.218409,0.997902,-0.062303,0.017520,0.001497,0.489870,-0.131532,0.218828,0.998252,-0.058963,0.002488,-0.003282,-3.134747,-0.004581,-0.118010,-0.002178,0.081019,-0.004156,-0.023191,-0.003240,0.011301,-4.686521,2.749681,-0.054069,-0.728243,-2.896899,0.526184,-0.554082,-0.040850,0.287903,-2.302135,0.024807,2.266333,0.621142
24.577546,-0.000000,0.999964,0.000000,0.000000,-0.000000,-0.000000,1.000000,0.484066,-0.109745,0.218409,0.997902,-0.062303,0.017520,0.001497,0.489805,-0.127498,0.218741,0.998242,-0.059139,0.002749,-0.002757,-3.135762,-0.005163,-0.118363,-0.004476,0.078681,-0.001574,-0.015541,-0.009250,-0.020441,-4.434080,2.850797,0.117149,-0.774603,-2.861572,0.616150,-0.549416,-0.044437,0.291139,-2.306658,0.025110,2.268231,0.629138
24.628304,-0.000000,0.999964,0.000000,0.000000,-0.000000,-0.000000,1.000000,0.484066,-0.105745,0.218409,0.997902,-0.062303,0.017520,0.001497,0.489830,-0.123465,0.218747,0.998230,-0.059349,0.003002,-0.002370,-3.136505,-0.005713,-0.118783,0.002287,0.077558,0.002781,-0.011996,-0.016705,-0.045489,-4.789971,3.098797,0.198988,-0.853882,-3.023608,0.702538,-0.544346,-0.047780,0.293962,-2.310597,0.025649,2.269696,0.637046
24.678295,-0.000000,0.999964,0.000000,0.000000,-0.000000,-0.000000,1.000000,0.484066,-0.101745,0.218409,0.997902,-0.062303,0.017520,0.001497,0.489905,-0.119397,0.218765,0.998223,-0.059476,0.002982,-0.002030,-3.137185,-0.005711,-0.119037,0.002232,0.079654,0.001187,-0.014536,0.004014,-0.007674,-4.768730,2.919781,-0.128358,-0.743842,-2.838051,0.636868,-0.539804,-0.050606,0.297446,-2.313741,0.026014,2.270312,0.645043
24.728222,-0.000000,0.999964,0.000000,0.000000,-0.000000,-0.000000,1.000000,0.484066,-0.097745,0.218409,0.997902,-0.062303,0.017520,0.001497,0.490045,-0.115267,0.218705,0.998217,-0.059593,0.002883,-0.001712,-3.137831,-0.005551,-0.119268,0.001765,0.079845,-0.001227,-0.017178,0.007606,0.011164,-4.930707,2.578225,-0.012032,-0.592330,-2.963953,0.486439,-0.535454,-0.052985,0.301308,-2.316541,0.026273,2.270852,0.653274
24.779192,-0.000000,0.999964,0.000000,0.000000,-0.000000,-0.000000,1.000000,0.484066,-0.093745,0.218409,0.997902,-0.062303,0.017520,0.001497,0.490119,-0.111268,0.218668,0.998203,-0.059840,0.002841,-0.001422,-3.138414,-0.005502,-0.119762,0.000010,0.076374,-0.000367,-0.005844,-0.002640,-0.031448,-4.920390,3.012284,0.049505,-0.746343,-2.993354,0.721325,-0.531069,-0.055467,0.304849,-2.319405,0.026672,2.271447,0.661388
24.828662,-0.000000,0.999964,0.000000,0.000000,-0.000000,-0.000000,1.000000,0.484066,-0.089745,0.218409,0.997902,-0.062303,0.017520,0.001497,0.490109,-0.107217,0.218722,0.998192,-0.060024,0.002884,-0.001175,-3.138901,-0.005617,-0.120129,-0.000114,0.081018,0.003295,-0.003674,-0.004588,-0.021620,-5.115120,3.089075,-0.081710,-0.743253,-3.008660,0.753767,-0.526495,-0.058367,0.308242,-2.322507,0.027394,2.272027,0.669200
24.880366,-0.000000,0.999964,0.000000,0.000000,-0.000000,-0.000000,1.000000,0.484066,-0.085745,0.218409,0.997902,-0.062303,0.017520,0.001497,0.490044,-0.103143,0.218777,0.998188,-0.060085,0.002971,-0.000965,-3.139309,-0.005816,-0.120249,-0.000053,0.081358,0.004674,-0.015356,-0.006445,0.010854,-4.914711,2.917016,-0.156425,-0.650445,-2.889053,0.709960,-0.521659,-0.061395,0.311391,-2.325762,0.028287,2.272702,0.676669
24.931255,-0.000000,0.999964,0.000000,0.000000,-0.000000,-0.000000,1.000000,0.484066,-0.081746,0.218409,0.997902,-0.062303,0.017520,0.001497,0.489980,-0.099089,0.218758,0.998185,-0.060137,0.003090,-0.000756,-3.139712,-0.006078,-0.120353,-0.001153,0.081031,0.001313,-0.016289,-0.002243,0.012479,-5.216763,2.386446,0.061331,-0.452973,-3.118912,0.451718,-0.516557,-0.064238,0.314276,-2.329024,0.029123,2.273619,0.684154
24.980251,-0.000000,0.999964,0.000000,0.000000,-0.000000,-0.000000,1.000000,0.484066,-0.077746,0.218409,0.997902,-0.062303,0.017520,0.001497,0.489920,-0.095009,0.218706,0.998177,-0.060265,0.003213,-0.000496,-3.140215,-0.006355,-0.120608,-0.002471,0.075235,-0.000010,-0.009077,-0.003341,-0.022243,-4.960680,2.381179,0.096622,-0.435293,-3.023048,0.500765,-0.511925,-0.066964,0.317751,-2.332229,0.029845,2.274625,0.691981
25.032044,-0.000000,0.999964,0.000000,0.000000,-0.000000,-0.000000,1.000000,0.484066,-0.073746,0.218409,0.997902,-0.062303,0.017520,0.001497,0.489930,-0.090995,0.218745,0.998160,-0.060536,0.003330,-0.000371,-3.140449,-0.006603,-0.121150,0.000462,0.077005,0.003098,0.008380,-0.011690,-0.048508,-5.298035,3.246742,0.301724,-0.775990,-3.248614,0.909131,-0.507902,-0.069486,0.321658,-2.334904,0.030878,2.275252,0.699724
25.082188,-0.000000,0.999964,0.000000,0.000000,-0.000000,-0.000000,1.000000,0.484066,-0.069746,0.218409,0.997902,-0.062303,0.017520,0.001497,0.489941,-0.086928,0.218852,0.998159,-0.060547,0.003438,-0.000255,-3.140668,-0.006832,-0.121173,0.000926,0.082682,0.002587,-0.004847,-0.002983,0.014252,-5.304900,2.850289,0.283994,-0.637691,-3.211084,0.731348,-0.503727,-0.072038,0.325535,-2.337399,0.031955,2.275650,0.707042
25.132282,-0.000000,0.999964,0.000000,0.000000,-0.000000,-0.000000,1.000000,0.484066,-0.065746,0.218409,0.997902,-0.062303,0.017520,0.001497,0.489954,-0.082817,0.218890,0.998167,-0.060417,0.003493,-0.000197,-3.140778,-0.006950,-0.120911,-0.000117,0.080717,0.000095,-0.008852,-0.002694,0.027263,-5.225925,1.997471,0.149648,-0.285580,-3.117391,0.347755,-0.499358,-0.074334,0.329302,-2.339764,0.033070,2.276044,0.714134
25.182217,-0.000000,0.999964,0.000000,0.000000,-0.000000,-0.000000,1.000000,0.484066,-0.061746,0.218409,0.997902,-0.062303,0.017520,0.001497,0.490011,-0.078850,0.218879,0.998155,-0.060605,0.003564,-0.000316,-3.140529,-0.007076,-0.121290,0.001721,0.074420,0.000924,0.013353,-0.007177,-0.043066,-5.301225,2.641154,0.200723,-0.521383,-3.172864,0.669862,-0.494727,-0.076243,0.332445,-2.341845,0.034449,2.276496,0.721337
25.233225,-0.000000,0.999964,0.000000,0.000000,-0.000000,-0.000000,1.000000,0.484066,-0.057746,0.218409,0.997902,-0.062303,0.017520,0.001497,0.490084,-0.074824,0.218823,0.998140,-0.060855,0.003597,-0.000434,-3.140289,-0.007127,-0.121791,0.001909,0.077058,0.000291,0.014270,-0.005129,-0.056810,-5.268710,3.157291,0.053369,-0.715168,-3.078986,0.942644,-0.490128,-0.077931,0.335772,-2.343782,0.035747,2.276954,0.728869
25.283400,-0.000000,0.999964,0.000000,0.000000,-0.000000,-0.000000,1.000000,0.484066,-0.053747,0.218409,0.997902,-0.062303,0.017520,0.001497,0.490103,-0.070760,0.218713,0.998139,-0.060864,0.003620,-0.000403,-3.140348,-0.007178,-0.121808,-0.000700,0.085352,-0.002200,-0.011277,0.005017,0.031256,-5.273841,2.578009,0.015541,-0.536743,-3.054636,0.675512,-0.485863,-0.079639,0.339618,-2.345876,0.036733,2.277582,0.736295
25.334252,-0.000000,0.999964,0.000000,0.000000,-0.000000,-0.000000,1.000000,0.484066,-0.049747,0.218409,0.997902,-0.062303,0.017520,0.001497,0.490112,-0.066707,0.218680,0.998149,-0.060704,0.003731,-0.000258,-3.140624,-0.007418,-0.121487,-0.000077,0.083368,0.000852,-0.022204,-0.005237,0.056304,-5.281725,1.565058,0.053882,-0.169026,-3.071154,0.212000,-0.481678,-0.081522,0.343606,-2.347980,0.037549,2.278258,0.743553
25.383393,-0.000000,0.999964,0.000000,0.000000,-0.000000,-0.000000,1.000000,0.484066,-0.045747,0.218409,0.997902,-0.062303,0.017520,0.001497,0.490036,-0.062726,0.218759,0.998135,-0.060914,0.003899,-0.000123,-3.140872,-0.007769,-0.121906,-0.002405,0.070635,0.003187,0.003634,-0.016258,-0.065916,-5.224740,2.560222,0.024346,-0.561608,-3.020130,0.715293,-0.477432,-0.083787,0.347366,-2.350200,0.038554,2.278795,0.751258
25.432479,-0.000000,0.999964,0.000000,0.000000,-0.000000,-0.000000,1.000000,0.484066,-0.041747,0.218409,0.997902,-0.062303,0.017520,0.001497,0.489931,-0.058680,0.218824,0.998124,-0.061088,0.004157,0.000014,-3.141112,-0.008301,-0.122255,-0.001665,0.080981,0.002482,0.003472,-0.014339,-0.034487,-5.323403,3.289519,0.010305,-0.872998,-3.034832,1.083276,-0.473031,-0.086155,0.351115,-2.352607,0.039637,2.279600,0.758977
25.483275,-0.000000,0.999964,0.000000,0.000000,-0.000000,-0.000000,1.000000,0.484066,-0.037747,0.218409,0.997902,-0.062303,0.017520,0.001497,0.489818,-0.054554,0.218823,0.998133,-0.060922,0.004393,0.000263,-3.141583,-0.008802,-0.121920,-0.001739,0.086687,0.000808,-0.019885,-0.003637,0.052186,-5.377590,2.487555,0.066651,-0.578503,-3.085810,0.723414,-0.467908,-0.088342,0.354417,-2.355005,0.040305,2.280532,0.766554
25.532637,-0.000000,0.999964,0.000000,0.000000,-0.000000,-0.000000,1.000000,0.484066,-0.033747,0.218409,0.997902,-0.062303,0.017520,0.001497,0.489779,-0.050448,0.218801,0.998135,-0.060867,0.004613,0.000529,3.141098,-0.009273,-0.121808,-0.000339,0.080120,0.000248,-0.019089,-0.010941,0.010305,-5.406837,1.710697,0.057703,-0.256558,-3.082289,0.369805,-0.462703,-0.090144,0.357656,-2.357028,0.040748,2.281419,0.774530
25.582705,-0.000000,0.999964,0.000000,0.000000,-0.000000,-0.000000,1.000000,0.484066,-0.029747,0.218409,0.997902,-0.062303,0.017520,0.001497,0.489804,-0.046378,0.218754,0.998125,-0.061009,0.004849,0.000798,3.140591,-0.009778,-0.122091,0.002120,0.076622,0.001629,-0.009412,-0.020870,-0.038789,-5.541587,2.100580,0.119698,-0.380570,-3.154785,0.571114,-0.457977,-0.091633,0.361338,-2.358767,0.041092,2.282358,0.782934
25.633214,-0.000000,0.999964,0.000000,0.000000,-0.000000,-0.000000,1.000000,0.484066,-0.025748,0.218409,0.997902,-0.062303,0.017520,0.001497,0.489827,-0.042295,0.218692,0.998128,-0.060941,0.004963,0.001077,3.140047,-0.010038,-0.121952,0.000254,0.080293,-0.000675,-0.010315,-0.000016,0.000425,-5.573343,2.468469,0.209515,-0.495671,-3.199671,0.764116,-0.453441,-0.092864,0.365263,-2.360187,0.041300,2.282984,0.791066
25.686663,-0.000000,0.999964,0.000000,0.000000,-0.000000,-0.000000,1.000000,0.484066,-0.021748,0.218409,0.997902,-0.062303,0.017520,0.001497,0.489920,-0.038242,0.218689,0.998130,-0.060910,0.005049,0.001363,3.139486,-0.010245,-0.121886,0.003437,0.081003,0.001717,-0.013263,-0.008490,0.000632,-5.720802,2.195675,0.399055,-0.374670,-3.339992,0.654817,-0.448885,-0.093831,0.369131,-2.361135,0.041353,2.283323,0.799347
25.733296,-0.000000,0.999964,0.000000,0.000000,-0.000000,-0.000000,1.000000,0.484066,-0.017748,0.218409,0.997902,-0.062303,0.017520,0.001497,0.490011,-0.034191,0.218709,0.998125,-0.060981,0.005085,0.001623,3.138974,-0.010348,-0.122026,0.002592,0.079926,0.001128,-0.010291,-0.001873,-0.003270,-5.625181,2.274647,0.341431,-0.412207,-3.250812,0.725327,-0.444103,-0.094666,0.372761,-2.361846,0.041379,2.283434,0.807848
25.783474,-0.000000,0.972175,0.000000,0.000000,-0.000000,-0.000000,1.000000,0.484066,-0.013859,0.218409,0.997902,-0.062303,0.017520,0.001497,0.490079,-0.030148,0.218720,0.998120,-0.061042,0.005095,0.001852,3.138517,-0.010398,-0.122146,0.001595,0.080719,0.001050,-0.010431,-0.001400,-0.004664,-5.635662,2.259646,0.441676,-0.400691,-3.281191,0.740226,-0.439171,-0.095412,0.376210,-2.362479,0.041423,2.283487,0.816289
25.833513,-0.000000,0.379308,0.000000,0.000000,-0.000000,-0.000000,1.000000,0.484066,-0.012342,0.218409,0.997902,-0.062303,0.017520,0.001497,0.490129,-0.026087,0.218757,0.998122,-0.061005,0.005153,0.002132,3.137966,-0.010546,-0.122069,0.001310,0.079793,0.001368,-0.011607,-0.004292,0.005822,-5.693884,2.140655,0.512785,-0.361925,-3.333981,0.697711,-0.434641,-0.096233,0.380132,-2.363114,0.041434,2.283577,0.824623
25.883394,-0.000000,0.000000,0.000000,0.000000,-0.000000,-0.000000,1.000000,0.484066,-0.012342,0.218409,0.997902,-0.062303,0.017520,0.001497,0.490141,-0.022273,0.218830,0.998118,-0.061047,0.005243,0.002438,3.137367,-0.010764,-0.122149,0.000521,0.071273,0.002334,-0.013069,-0.006853,-0.004250,-5.731902,1.865698,0.418632,-0.277044,-3.293520,0.583268,-0.430731,-0.097136,0.384184,-2.363736,0.041440,2.283643,0.832626
25.933417,-0.000000,0.000000,0.000000,0.000000,-0.000000,-0.000000,1.000000,0.484066,-0.012342,0.218409,0.997902,-0.062303,0.017520,0.001497,0.490112,-0.019245,0.218901,0.998106,-0.061224,0.005389,0.002727,3.136809,-0.011092,-0.122501,-0.001171,0.051762,0.001291,-0.009612,-0.004818,-0.014203,-5.560434,1.901845,0.218886,-0.390851,-3.130772,0.617372,-0.427849,-0.098026,0.387658,-2.364402,0.041442,2.283859,0.839299
25.983458,-0.000000,0.000000,0.000000,0.000000,-0.000000,-0.000000,1.000000,0.484066,-0.012342,0.218409,0.997902,-0.062303,0.017520,0.001497,0.490046,-0.017240,0.218941,0.998091,-0.061434,0.005556,0.002947,3.136392,-0.011453,-0.122918,-0.001318,0.030355,0.001650,-0.009017,-0.008341,-0.007640,-5.474569,1.965266,0.187590,-0.493674,-3.088808,0.664789,-0.425734,-0.098795,0.389774,-2.365095,0.041439,2.284216,0.843921
26.033637,-0.000000,0.000000,0.000000,0.000000,-0.000000,-0.000000,1.000000,0.484066,-0.012342,0.218409,0.997902,-0.062303,0.017520,0.001497,0.489995,-0.016049,0.218949,0.998078,-0.061626,0.005717,0.003074,3.136161,-0.011792,-0.123301,-0.000926,0.018502,-0.000092,-0.003553,-0.005272,-0.006602,-5.517778,2.007552,0.096540,-0.512491,-3.068109,0.686910,-0.424168,-0.099315,0.390725,-2.365661,0.041442,2.284636,0.846798
26.083414,-0.000000,0.000000,0.000000,0.000000,-0.000000,-0.000000,1.000000,0.484066,-0.012342,0.218409,0.997902,-0.062303,0.017520,0.001497,0.489974,-0.015346,0.218912,0.998066,-0.061800,0.005867,0.003130,3.136069,-0.012098,-0.123649,-0.000511,0.009223,-0.001015,-0.001193,-0.005821,-0.013957,-5.641447,2.088579,0.214054,-0.534703,-3.176874,0.721645,-0.422959,-0.099577,0.390999,-2.366112,0.041442,2.285138,0.848615
26.134319,-0.000000,0.000000,0.000000,0.000000,-0.000000,-0.000000,1.000000,0.484066,-0.012342,0.218409,0.997902,-0.062303,0.017520,0.001497,0.489971,-0.014973,0.218858,0.998060,-0.061886,0.005973,0.003151,3.136043,-0.012313,-0.123820,-0.000738,0.005634,-0.001570,-0.001827,-0.003302,-0.000382,-5.498345,1.967695,0.196791,-0.467226,-3.111554,0.656514,-0.422288,-0.099664,0.391116,-2.366410,0.041439,2.285567,0.849567
26.184348,-0.000000,0.000000,0.000000,0.000000,-0.000000,-0.000000,1.000000,0.484066,-0.012342,0.218409,0.997902,-0.062303,0.017520,0.001497,0.489980,-0.014797,0.218792,0.998053,-0.061991,0.006101,0.003164,3.136032,-0.012571,-0.124029,-0.000675,0.002776,-0.001358,-0.001586,-0.001605,-0.001404,-5.557467,2.039661,0.162132,-0.472046,-3.122771,0.688991,-0.422015,-0.099707,0.391225,-2.366707,0.041438,2.286081,0.850152
26.234416,-0.000000,0.000000,0.000000,0.000000,-0.000000,-0.000000,1.000000,0.484066,-0.012342,0.218409,0.997902,-0.062303,0.017520,0.001497,0.489990,-0.014692,0.218736,0.998048,-0.062057,0.006214,0.003171,3.136033,-0.012798,-0.124162,-0.001116,0.001782,-0.001005,-0.000514,-0.000344,-0.002632,-5.458156,2.020099,0.237937,-0.452846,-3.111347,0.679289,-0.421823,-0.099734,0.391265,-2.366955,0.041440,2.286528,0.850507
26.284431,-0.000000,0.000000,0.000000,0.000000,-0.000000,-0.000000,1.000000,0.484066,-0.012342,0.218409,0.997902,-0.062303,0.017520,0.001497,0.489992,-0.014591,0.218688,0.998041,-0.062170,0.006306,0.003180,3.136029,-0.012984,-0.124387,0.000088,0.001369,0.000085,-0.001924,-0.004348,-0.005252,-5.543415,1.983958,0.215042,-0.444217,-3.134239,0.650653,-0.421611,-0.099768,0.391275,-2.367180,0.041437,2.286904,0.850950
26.334488,-0.000000,0.000000,0.000000,0.000000,-0.000000,-0.000000,1.000000,0.484066,-0.012342,0.218409,0.997902,-0.062303,0.017520,0.001497,0.489998,-0.014511,0.218648,0.998035,-0.062254,0.006391,0.003184,3.136032,-0.013154,-0.124556,-0.000782,0.001345,-0.002164,-0.000821,-0.001810,-0.002530,-5.510793,1.921249,0.131985,-0.412750,-3.078658,0.629378,-0.421436,-0.099795,0.391277,-2.367366,0.041440,2.287232,0.851289
26.384576,-0.000000,0.000000,0.000000,0.000000,-0.000000,-0.000000,1.000000,0.484066,-0.012342,0.218409,0.997902,-0.062303,0.017520,0.001497,0.490002,-0.014445,0.218615,0.998029,-0.062342,0.006453,0.003188,3.136034,-0.013279,-0.124732,0.000578,0.001717,0.000166,-0.000208,-0.003529,-0.003142,-5.586576,1.987632,0.254246,-0.447348,-3.162589,0.652624,-0.421298,-0.099813,0.391282,-2.367513,0.041440,2.287486,0.851605
26.435095,-0.000000,0.000000,0.000000,0.000000,-0.000000,-0.000000,1.000000,0.484066,-0.012342,0.218409,0.997902,-0.062303,0.017520,0.001497,0.490001,-0.014395,0.218578,0.998024,-0.062419,0.006512,0.003190,3.136037,-0.013397,-0.124885,-0.000211,0.000186,-0.000885,0.000276,-0.001256,-0.006138,-5.437365,1.939965,0.234103,-0.430085,-3.087939,0.634620,-0.421180,-0.099828,0.391277,-2.367668,0.041442,2.287742,0.851865
26.485232,-0.000000,0.000000,0.000000,0.000000,-0.000000,-0.000000,1.000000,0.484066,-0.012342,0.218409,0.997902,-0.062303,0.017520,0.001497,0.490011,-0.014352,0.218560,0.998019,-0.062493,0.006575,0.003196,3.136035,-0.013525,-0.125033,0.000224,0.000306,-0.000003,-0.000072,-0.001979,-0.002885,-5.495259,1.964136,0.210885,-0.445910,-3.096447,0.637968,-0.421086,-0.099851,0.391281,-2.367778,0.041439,2.287956,0.852110
26.535339,-0.000000,0.000000,0.000000,0.000000,-0.000000,-0.000000,1.000000,0.484066,-0.012342,0.218409,0.997902,-0.062303,0.017520,0.001497,0.490019,-0.014312,0.218553,0.998012,-0.062594,0.006616,0.003197,3.136038,-0.013606,-0.125236,-0.000114,0.000696,0.000063,-0.000708,-0.001708,-0.002890,-5.398585,1.957766,0.237532,-0.445071,-3.057760,0.635218,-0.420999,-0.099867,0.391279,-2.367837,0.041440,2.288080,0.852396
26.586665,-0.000000,0.000000,0.000000,0.000000,-0.000000,-0.000000,1.000000,0.484066,-0.012342,0.218409,0.997902,-0.062303,0.017520,0.001497,0.490027,-0.014300,0.218545,0.998007,-0.062663,0.006660,0.003200,3.136039,-0.013696,-0.125373,0.000062,-0.000727,0.000602,-0.000507,-0.002432,-0.003745,-5.382922,1.957829,0.291962,-0.447998,-3.075575,0.630679,-0.420968,-0.099886,0.391278,-2.367902,0.041441,2.288215,0.852561
26.636355,-0.000000,0.000000,0.000000,0.000000,-0.000000,-0.000000,1.000000,0.484066,-0.012342,0.218409,0.997902,-0.062303,0.017520,0.001497,0.490032,-0.014287,0.218535,0.998004,-0.062716,0.006708,0.003205,3.136036,-0.013791,-0.125479,0.000470,0.000147,0.000283,0.000139,-0.003943,-0.005442,-5.488609,1.943092,0.303844,-0.438712,-3.127212,0.623059,-0.420936,-0.099913,0.391280,-2.367986,0.041443,2.288368,0.852697
26.686337,-0.000000,0.000000,0.000000,0.000000,-0.000000,-0.000000,1.000000,0.484066,-0.012342,0.218409,0.997902,-0.062303,0.017520,0.001497,0.490035,-0.014270,0.218531,0.997997,-0.062825,0.006738,0.003210,3.136032,-0.013853,-0.125697,0.000122,0.000711,0.000113,-0.000806,-0.002538,-0.003359,-5.439809,1.885615,0.284825,-0.421548,-3.091112,0.593267,-0.420896,-0.099935,0.391282,-2.368035,0.041439,2.288456,0.852959
26.735494,-0.000000,0.000000,0.000000,0.000000,-0.000000,-0.000000,1.000000,0.484066,-0.012342,0.218409,0.997902,-0.062303,0.017520,0.001497,0.490040,-0.014264,0.218530,0.997992,-0.062890,0.006766,0.003213,3.136031,-0.013910,-0.125829,-0.000164,-0.000256,-0.000361,-0.000004,-0.000673,-0.003003,-5.394974,1.965982,0.262147,-0.454362,-3.056590,0.635739,-0.420880,-0.099955,0.391281,-2.368074,0.041441,2.288532,0.853103
26.785510,-0.000000,0.000000,0.000000,0.000000,-0.000000,-0.000000,1.000000,0.484066,-0.012342,0.218409,0.997902,-0.062303,0.017520,0.001497,0.490037,-0.014254,0.218525,0.997989,-0.062935,0.006788,0.003217,3.136025,-0.013954,-0.125919,0.000002,0.000508,0.000048,-0.000232,-0.001154,-0.001926,-5.481980,1.951961,0.310771,-0.447145,-3.119146,0.623364,-0.420856,-0.099982,0.391282,-2.368129,0.041441,2.288605,0.853216
26.836383,-0.000000,0.000000,0.000000,0.000000,-0.000000,-0.000000,1.000000,0.484066,-0.012342,0.218409,0.997902,-0.062303,0.017520,0.001497,0.490042,-0.014242,0.218524,0.997982,-0.063044,0.006827,0.003224,3.136019,-0.014034,-0.126136,0.000241,0.000914,-0.000033,-0.000679,-0.002076,-0.000988,-5.511432,1.976764,0.355523,-0.473434,-3.152265,0.624764,-0.420826,-0.100016,0.391283,-2.368187,0.041440,2.288709,0.853464
26.886278,-0.000000,0.000000,0.000000,0.000000,-0.000000,-0.000000,1.000000,0.484066,-0.012342,0.218409,0.997902,-0.062303,0.017520,0.001497,0.490038,-0.014239,0.218512,0.997979,-0.063090,0.006859,0.003229,3.136012,-0.014097,-0.126229,-0.000312,-0.000135,-0.001331,0.000144,0.000202,-0.001590,-5.484865,1.933346,0.279537,-0.444873,-3.108735,0.614427,-0.420809,-0.100046,0.391280,-2.368270,0.041440,2.288826,0.853569
26.936351,-0.000000,0.000000,0.000000,0.000000,-0.000000,-0.000000,1.000000,0.484066,-0.012342,0.218409,0.997902,-0.062303,0.017520,0.001497,0.490018,-0.014235,0.218492,0.997978,-0.063111,0.006868,0.003238,3.135997,-0.014118,-0.126270,-0.001027,-0.000129,-0.000511,-0.000902,0.001863,-0.001659,-5.529942,1.919470,0.273628,-0.427047,-3.129342,0.608212,-0.420794,-0.100084,0.391280,-2.368374,0.041439,2.288914,0.853622
26.986376,-0.000000,0.000000,0.000000,0.000000,-0.000000,-0.000000,1.000000,0.484066,-0.012342,0.218409,0.997902,-0.062303,0.017520,0.001497,0.490004,-0.014234,0.218480,0.997977,-0.063118,0.006890,0.003247,3.135981,-0.014163,-0.126283,-0.000562,0.000184,-0.000024,-0.000468,-0.001139,-0.001099,-5.603169,1.912235,0.336142,-0.417658,-3.185982,0.613326,-0.420784,-0.100134,0.391280,-2.368474,0.041440,2.289011,0.853642
27.038431,-0.000000,0.000000,0.000000,0.000000,-0.000000,-0.000000,1.000000,0.484066,-0.012342,0.218409,0.997902,-0.062303,0.017520,0.001497,0.489991,-0.014232,0.218467,0.997977,-0.063121,0.006906,0.003255,3.135968,-0.014195,-0.126290,-0.000972,0.000002,-0.001230,0.000879,0.002802,-0.001482,-5.584064,1.911797,0.380721,-0.420206,-3.197180,0.613266,-0.420776,-0.100172,0.391282,-2.368560,0.041441,2.289092,0.853656
27.089395,-0.000000,0.000000,0.000000,0.000000,-0.000000,-0.000000,1.000000,0.484066,-0.012342,0.218409,0.997902,-0.062303,0.017520,0.001497,0.489985,-0.014237,0.218459,0.997976,-0.063126,0.006947,0.003267,3.135949,-0.014278,-0.126299,-0.000668,-0.000280,-0.000315,-0.000445,0.000494,0.000247,-5.559995,1.918157,0.336779,-0.413296,-3.172389,0.622457,-0.420773,-0.100229,0.391280,-2.368666,0.041439,2.289226,0.853663
27.140685,-0.000000,0.000000,0.000000,0.000000,-0.000000,-0.000000,1.000000,0.484066,-0.012342,0.218409,0.997902,-0.062303,0.017520,0.001497,0.489974,-0.014238,0.218443,0.997976,-0.063128,0.006981,0.003277,3.135932,-0.014349,-0.126303,-0.000666,-0.000557,-0.000520,-0.000511,0.000621,-0.000473,-5.658515,1.912876,0.420648,-0.405523,-3.258176,0.625226,-0.420764,-0.100277,0.391278,-2.368782,0.041437,2.289366,0.853673
27.190209,-0.000000,0.000000,0.000000,0.000000,-0.000000,-0.000000,1.000000,0.484066,-0.012342,0.218409,0.997902,-0.062303,0.017520,0.001497,0.489957,-0.014240,0.218433,0.997975,-0.063129,0.007016,0.003291,3.135909,-0.014420,-0.126305,-0.000192,-0.000772,0.000228,-0.000997,-0.002000,-0.001799,-5.627702,1.927786,0.317257,-0.415196,-3.196311,0.624404,-0.420757,-0.100354,0.391279,-2.368911,0.041440,2.289492,0.853677
27.239560,-0.000000,0.000000,0.000000,0.000000,-0.000000,-0.000000,1.000000,0.484066,-0.012342,0.218409,0.997902,-0.062303,0.017520,0.001497,0.489941,-0.014242,0.218425,0.997975,-0.063132,0.007039,0.003305,3.135884,-0.014468,-0.126311,-0.000786,-0.000945,-0.000561,-0.001011,0.000007,-0.001905,-5.677320,1.892122,0.399671,-0.402040,-3.253504,0.609708,-0.420750,-0.100418,0.391277,-2.369015,0.041436,2.289583,0.853688
27.290615,-0.000000,0.000000,0.000000,0.000000,-0.000000,-0.000000,1.000000,0.484066,-0.012342,0.218409,0.997902,-0.062303,0.017520,0.001497,0.489933,-0.014238,0.218415,0.997975,-0.063130,0.007065,0.003311,3.135875,-0.014521,-0.126306,0.000119,0.000149,-0.000106,-0.000803,-0.003100,0.001097,-5.669450,1.913259,0.409717,-0.398895,-3.251004,0.624444,-0.420741,-0.100458,0.391283,-2.369100,0.041442,2.289682,0.853691
27.339511,-0.000000,0.000000,0.000000,0.000000,-0.000000,-0.000000,1.000000,0.484066,-0.012342,0.218409,0.997902,-0.062303,0.017520,0.001497,0.489925,-0.014238,0.218398,0.997975,-0.063131,0.007088,0.003317,3.135866,-0.014566,-0.126308,0.000055,0.000551,-0.000576,0.000983,-0.000602,0.000316,-5.624503,1.876309,0.329575,-0.383386,-3.198094,0.611199,-0.420733,-0.100484,0.391281,-2.369189,0.041441,2.289791,0.853698
27.389533,-0.000000,0.000000,0.000000,0.000000,-0.000000,-0.000000,1.000000,0.484066,-0.012342,0.218409,0.997902,-0.062303,0.017520,0.001497,0.489923,-0.014239,0.218388,0.997974,-0.063130,0.007115,0.003323,3.135858,-0.014621,-0.126306,0.000309,-0.000149,-0.000080,-0.000326,-0.002150,0.000735,-5.647457,1.875204,0.372511,-0.380720,-3.224894,0.609802,-0.420729,-0.100508,0.391280,-2.369256,0.041440,2.289890,0.853697
27.439414,-0.000000,0.000000,0.000000,0.000000,-0.000000,-0.000000,1.000000,0.484066,-0.012342,0.218409,0.997902,-0.062303,0.017520,0.001497,0.489918,-0.014237,0.218385,0.997974,-0.063130,0.007127,0.003328,3.135849,-0.014646,-0.126306,0.000262,0.000760,-0.000416,0.000438,-0.000025,0.001557,-5.622298,1.880870,0.407368,-0.381205,-3.223044,0.615488,-0.420725,-0.100532,0.391284,-2.369298,0.041439,2.289933,0.853705
27.489435,-0.000000,0.000000,0.000000,0.000000,-0.000000,-0.000000,1.000000,0.484066,-0.012342,0.218409,0.997902,-0.062303,0.017520,0.001497,0.489908,-0.014238,0.218379,0.997974,-0.063128,0.007140,0.003335,3.135838,-0.014673,-0.126301,-0.000656,0.000433,-0.000401,-0.000018,0.000442,0.001466,-5.622838,1.886050,0.424448,-0.381831,-3.228113,0.619648,-0.420720,-0.100569,0.391283,-2.369363,0.041441,2.289990,0.853701
27.540412,-0.000000,0.000000,0.000000,0.000000,-0.000000,-0.000000,1.000000,0.484066,-0.012342,0.218409,0.997902,-0.062303,0.017520,0.001497,0.489892,-0.014236,0.218360,0.997974,-0.063128,0.007141,0.003340,3.135828,-0.014676,-0.126302,-0.001324,0.000098,-0.001261,-0.001284,0.002807,0.000270,-5.622682,1.876135,0.393289,-0.370781,-3.214794,0.620343,-0.420712,-0.100588,0.391284,-2.369438,0.041439,2.290050,0.853709
27.593709,-0.000000,0.000000,0.000000,0.000000,-0.000000,-0.000000,1.000000,0.484066,-0.012342,0.218409,0.997902,-0.062303,0.017520,0.001497,0.489891,-0.014239,0.218350,0.997974,-0.063129,0.007177,0.003346,3.135820,-0.014748,-0.126303,-0.000283,-0.000483,-0.000537,-0.000229,-0.000260,-0.001451,-5.667350,1.849401,0.460607,-0.359530,-3.273408,0.605376,-0.420708,-0.100617,0.391280,-2.369515,0.041438,2.290171,0.853710
27.640334,-0.000000,0.000000,0.000000,0.000000,-0.000000,-0.000000,1.000000,0.484066,-0.012342,0.218409,0.997902,-0.062303,0.017520,0.001497,0.489884,-0.014242,0.218342,0.997974,-0.063132,0.007197,0.003351,3.135812,-0.014788,-0.126309,-0.000449,-0.001228,0.000004,0.000272,-0.000782,-0.003174,-5.655383,1.902451,0.346848,-0.380015,-3.216511,0.629477,-0.420706,-0.100651,0.391276,-2.369586,0.041441,2.290249,0.853709
27.690438,-0.000000,0.000000,0.000000,0.000000,-0.000000,-0.000000,1.000000,0.484066,-0.012342,0.218409,0.997902,-0.062303,0.017520,0.001497,0.489884,-0.014233,0.218340,0.997974,-0.063124,0.007212,0.003355,3.135807,-0.014819,-0.126293,0.000209,0.001560,-0.000102,0.000678,-0.000320,0.000915,-5.654685,1.845190,0.420833,-0.357352,-3.242131,0.604755,-0.420691,-0.100667,0.391284,-2.369615,0.041441,2.290294,0.853715
27.742612,-0.000000,0.000000,0.000000,0.000000,-0.000000,-0.000000,1.000000,0.484066,-0.012342,0.218409,0.997902,-0.062303,0.017520,0.001497,0.489882,-0.014234,0.218338,0.997974,-0.063121,0.007223,0.003359,3.135800,-0.014841,-0.126287,-0.000830,0.000206,-0.001025,0.000664,0.002256,-0.001024,-5.718294,1.888041,0.488920,-0.375001,-3.294224,0.626050,-0.420688,-0.100684,0.391282,-2.369645,0.041439,2.290330,0.853712
27.791486,-0.000000,0.000000,0.000000,0.000000,-0.000000,-0.000000,1.000000,0.484066,-0.012342,0.218409,0.997902,-0.062303,0.017520,0.001497,0.489880,-0.014230,0.218340,0.997974,-0.063117,0.007231,0.003362,3.135794,-0.014857,-0.126280,-0.000092,-0.000486,-0.000251,-0.000585,0.000325,-0.000439,-5.586308,1.846659,0.397305,-0.360349,-3.188481,0.599875,-0.420675,-0.100702,0.391280,-2.369662,0.041439,2.290345,0.853714
27.841440,-0.000000,0.000000,0.000000,0.000000,-0.000000,-0.000000,1.000000,0.484066,-0.012342,0.218409,0.997902,-0.062303,0.017520,0.001497,0.489879,-0.014224,0.218339,0.997975,-0.063109,0.007240,0.003365,3.135790,-0.014876,-0.126262,0.000250,0.000329,0.000518,-0.001317,-0.001584,0.002103,-5.594833,1.882706,0.460806,-0.373125,-3.218384,0.620642,-0.420662,-0.100717,0.391282,-2.369687,0.041439,2.290375,0.853710
27.895477,-0.000000,0.000000,0.000000,0.000000,-0.000000,-0.000000,1.000000,0.484066,-0.012342,0.218409,0.997902,-0.062303,0.017520,0.001497,0.489872,-0.014219,0.218332,0.997975,-0.063105,0.007238,0.003367,3.135785,-0.014873,-0.126255,-0.000359,0.000974,-0.000525,-0.000073,0.000660,0.001802,-5.566627,1.852051,0.442329,-0.355171,-3.192674,0.609191,-0.420655,-0.100723,0.391285,-2.369714,0.041438,2.290393,0.853715
27.942753,-0.000000,0.000000,0.000000,0.000000,-0.000000,-0.000000,1.000000,0.484066,-0.012342,0.218409,0.997902,-0.062303,0.017520,0.001497,0.489868,-0.014220,0.218330,0.997975,-0.063105,0.007241,0.003370,3.135779,-0.014879,-0.126254,-0.000485,0.000507,-0.000130,-0.001398,0.001190,0.002349,-5.610938,1.873400,0.451405,-0.363901,-3.215267,0.620397,-0.420651,-0.100736,0.391282,-2.369735,0.041436,2.290408,0.853715
27.993494,-0.000000,0.000000,0.000000,0.000000,-0.000000,-0.000000,1.000000,0.484066,-0.012342,0.218409,0.997902,-0.062303,0.017520,0.001497,0.489860,-0.014215,0.218319,0.997975,-0.063104,0.007237,0.003367,3.135785,-0.014871,-0.126252,0.000045,0.000851,-0.000338,0.001415,0.000558,0.000225,-5.548391,1.849317,0.450607,-0.354487,-3.188481,0.609679,-0.420644,-0.100738,0.391284,-2.369764,0.041446,2.290428,0.853714
28.042568,-0.000000,0.000000,0.000000,0.000000,-0.000000,-0.000000,1.000000,0.484066,-0.012342,0.218409,0.997902,-0.062303,0.017520,0.001497,0.489858,-0.014216,0.218317,0.997975,-0.063103,0.007245,0.003372,3.135777,-0.014888,-0.126250,-0.000581,0.000017,-0.001327,0.001151,0.002075,-0.000354,-5.623719,1.866889,0.523147,-0.362476,-3.256997,0.618207,-0.420639,-0.100750,0.391280,-2.369790,0.041440,2.290458,0.853716
28.092484,-0.000000,0.000000,0.000000,0.000000,-0.000000,-0.000000,1.000000,0.484066,-0.012342,0.218409,0.997902,-0.062303,0.017520,0.001497,0.489854,-0.014214,0.218312,0.997975,-0.063101,0.007259,0.003376,3.135770,-0.014915,-0.126246,-0.000283,0.000588,-0.000050,-0.001148,-0.000296,0.001476,-5.634095,1.897093,0.461596,-0.375755,-3.238491,0.631650,-0.420636,-0.100771,0.391284,-2.369831,0.041440,2.290506,0.853718
28.143253,-0.000000,0.000000,0.999969,0.000000,-0.000000,-0.000000,1.000000,0.484066,-0.012342,0.222409,0.997902,-0.062303,0.017520,0.001497,0.489851,-0.014211,0.218307,0.997975,-0.063098,0.007267,0.003377,3.135768,-0.014931,-0.126240,0.001067,0.000636,0.000525,-0.000009,-0.003811,0.000656,-5.593210,1.871486,0.416367,-0.361919,-3.205471,0.621859,-0.420628,-0.100781,0.391284,-2.369862,0.041443,2.290543,0.853718
28.193198,-0.000000,0.000000,0.999969,0.000000,-0.000000,-0.000000,1.000000,0.484066,-0.012342,0.226409,0.997902,-0.062303,0.017520,0.001497,0.489912,-0.014237,0.218501,0.997973,-0.063098,0.007516,0.003455,3.135644,-0.015439,-0.126238,0.001608,-0.000331,0.009173,-0.007700,-0.018696,-0.000397,-5.763187,1.868999,0.689967,-0.356955,-3.406826,0.623359,-0.420624,-0.101219,0.391274,-2.369899,0.041439,2.290668,0.853712
28.244535,-0.000000,0.000000,0.999969,0.000000,-0.000000,-0.000000,1.000000,0.484066,-0.012342,0.230408,0.997902,-0.062303,0.017520,0.001497,0.490074,-0.014304,0.219279,0.997967,-0.063089,0.008269,0.003753,3.135144,-0.016980,-0.126212,0.002354,-0.000546,0.021983,-0.019237,-0.037760,0.000859,-5.638113,1.916831,1.072932,-0.334336,-3.444314,0.647751,-0.420600,-0.102927,0.391272,-2.369862,0.041439,2.290538,0.853717
28.294504,-0.000000,0.000000,0.999969,0.000000,-0.000000,-0.000000,1.000000,0.484066,-0.012342,0.234408,0.997902,-0.062303,0.017520,0.001497,0.490189,-0.014390,0.220745,0.997957,-0.063050,0.009363,0.004335,3.134120,-0.019236,-0.126118,0.000190,0.000392,0.035120,-0.031092,-0.049539,0.004520,-4.916465,1.836931,1.202437,-0.192077,-3.039628,0.615737,-0.420504,-0.106319,0.391280,-2.369802,0.041475,2.289489,0.853716
28.344683,-0.000000,0.000000,0.999969,0.000000,-0.000000,-0.000000,1.000000,0.484066,-0.012342,0.238408,0.997902,-0.062303,0.017520,0.001497,0.490184,-0.014474,0.222940,0.997939,-0.063055,0.010737,0.005162,3.132643,-0.022082,-0.126104,-0.003612,0.001356,0.048381,-0.028032,-0.054046,-0.012205,-5.117591,1.925660,1.831286,-0.083184,-3.242314,0.656375,-0.420319,-0.111598,0.391278,-2.369784,0.041741,2.287271,0.853725
28.394580,-0.000000,0.000000,0.999969,0.000000,-0.000000,-0.000000,1.000000,0.484066,-0.012342,0.242408,0.997902,-0.062303,0.017520,0.001497,0.490064,-0.014467,0.225781,0.997911,-0.063128,0.012319,0.006096,3.130977,-0.025358,-0.126217,-0.006453,0.003447,0.058587,-0.042229,-0.058781,-0.000472,-4.454065,1.865373,1.761500,0.072235,-2.789520,0.650252,-0.419983,-0.118509,0.391292,-2.369729,0.042473,2.283904,0.853725
28.444390,-0.000000,0.000000,0.999969,0.000000,-0.000000,-0.000000,1.000000,0.484066,-0.012342,0.246408,0.997902,-0.062303,0.017520,0.001497,0.489799,-0.014420,0.228933,0.997875,-0.063271,0.013864,0.007074,3.129224,-0.028568,-0.126465,-0.008764,0.003789,0.065263,-0.041312,-0.055567,-0.006171,-5.103370,2.051260,2.590341,0.037203,-3.398881,0.743144,-0.419603,-0.126271,0.391300,-2.369638,0.043477,2.279628,0.853720
28.494531,-0.000000,0.000000,0.999969,0.000000,-0.000000,-0.000000,1.000000,0.484066,-0.012342,0.250408,0.997902,-0.062303,0.017520,0.001497,0.489480,-0.014294,0.232390,0.997830,-0.063526,0.015364,0.007980,3.127611,-0.031681,-0.126936,-0.010972,0.006087,0.072609,-0.039013,-0.050277,-0.011257,-4.280615,1.927610,2.117143,0.128108,-2.791290,0.718314,-0.419173,-0.134572,0.391298,-2.369197,0.044883,2.274402,0.853729
28.542649,-0.000000,0.000000,0.999969,0.000000,-0.000000,-0.000000,1.000000,0.484066,-0.012342,0.254408,0.997902,-0.062303,0.017520,0.001497,0.489139,-0.014120,0.236144,0.997769,-0.063977,0.016944,0.008759,3.126272,-0.034941,-0.127797,-0.006974,0.006409,0.076112,-0.028231,-0.068154,-0.021321,-4.734991,1.899907,2.420115,0.149733,-3.110813,0.744997,-0.418816,-0.143433,0.391308,-2.368510,0.046849,2.268562,0.853722
28.594338,-0.000000,0.000000,0.999969,0.000000,-0.000000,-0.000000,1.000000,0.484066,-0.012342,0.258408,0.997902,-0.062303,0.017520,0.001497,0.488868,-0.013912,0.239990,0.997693,-0.064625,0.018568,0.009313,3.125396,-0.038264,-0.129058,-0.006771,0.005933,0.077773,-0.025637,-0.073039,-0.025752,-4.629352,1.771518,2.661172,0.180046,-3.148972,0.726195,-0.418574,-0.152193,0.391305,-2.367459,0.049303,2.262537,0.853700
28.644547,-0.000000,0.000000,0.999969,0.000000,-0.000000,-0.000000,1.000000,0.484066,-0.012342,0.262407,0.997902,-0.062303,0.017520,0.001497,0.488564,-0.013715,0.243832,0.997615,-0.065365,0.019918,0.009744,3.124739,-0.041027,-0.130509,-0.009455,0.005139,0.077811,-0.019764,-0.043251,-0.028151,-4.222097,1.644420,2.480963,0.196267,-2.855923,0.700536,-0.418482,-0.160605,0.391295,-2.365902,0.051873,2.255781,0.853667
28.693533,-0.000000,0.000000,0.999969,0.000000,-0.000000,-0.000000,1.000000,0.484066,-0.012342,0.266407,0.997902,-0.062303,0.017520,0.001497,0.488242,-0.013459,0.247750,0.997532,-0.066205,0.021175,0.009950,3.124529,-0.043576,-0.132171,-0.010193,0.006741,0.076533,-0.007625,-0.031241,-0.027648,-3.950830,1.569206,2.943754,0.194169,-2.916652,0.694907,-0.418461,-0.168978,0.391256,-2.364024,0.054950,2.248549,0.853457
28.744426,-0.000000,0.000000,0.999969,0.000000,-0.000000,-0.000000,1.000000,0.484066,-0.012342,0.270407,0.997902,-0.062303,0.017520,0.001497,0.488144,-0.013249,0.251807,0.997446,-0.066988,0.022616,0.010165,3.124324,-0.046496,-0.133716,0.006880,0.006644,0.085668,-0.009915,-0.108894,-0.030731,-4.414783,1.326778,2.554596,0.280477,-2.919313,0.597453,-0.418460,-0.176956,0.391125,-2.361461,0.057746,2.241366,0.853258
28.794382,-0.000000,0.000000,0.999969,0.000000,-0.000000,-0.000000,1.000000,0.484066,-0.012342,0.274407,0.997902,-0.062303,0.017520,0.001497,0.488084,-0.013073,0.255892,0.997371,-0.067685,0.023696,0.010364,3.124105,-0.048691,-0.135093,0.006086,0.003879,0.088639,-0.005865,-0.070475,-0.030779,-4.275817,1.226236,2.126304,0.261650,-2.633995,0.575839,-0.418461,-0.184249,0.390862,-2.357952,0.060188,2.233151,0.853038
28.844315,-0.000000,0.000000,0.511795,0.000000,-0.000000,-0.000000,1.000000,0.484066,-0.012342,0.276454,0.997902,-0.062303,0.017520,0.001497,0.487823,-0.012950,0.259912,0.997308,-0.068323,0.024383,0.010647,3.123665,-0.050111,-0.136351,-0.014738,0.005073,0.075265,-0.004719,0.038594,-0.020115,-2.925993,1.062883,2.327157,0.244497,-2.110877,0.516674,-0.418483,-0.191440,0.390514,-2.354316,0.062324,2.224113,0.852800
28.893714,-0.000000,0.000000,0.000000,0.000000,-0.000000,-0.000000,1.000000,0.484066,-0.012342,0.276454,0.997902,-0.062303,0.017520,0.001497,0.487449,-0.012839,0.263641,0.997260,-0.068852,0.024741,0.010907,3.123221,-0.050870,-0.137396,-0.027724,0.002247,0.061304,-0.006629,0.107944,-0.008224,-2.844804,1.002908,2.981769,0.217047,-2.400642,0.507550,-0.418493,-0.198043,0.390115,-2.350731,0.064232,2.215018,0.852458
28.944531,-0.000000,0.000000,0.000000,0.000000,-0.000000,-0.000000,1.000000,0.484066,-0.012342,0.276454,0.997902,-0.062303,0.017520,0.001497,0.487102,-0.012709,0.266889,0.997214,-0.069366,0.025137,0.011021,3.123073,-0.051686,-0.138417,-0.029376,0.001722,0.044943,-0.009273,0.103420,0.006550,-2.874049,1.008001,3.877462,0.211858,-2.853547,0.527914,-0.418500,-0.203887,0.389729,-2.347751,0.066184,2.207312,0.852071
28.994657,-0.000000,0.000000,0.000000,0.000000,-0.000000,-0.000000,1.000000,0.484066,-0.012342,0.276454,0.997902,-0.062303,0.017520,0.001497,0.486904,-0.012543,0.269397,0.997174,-0.069826,0.025484,0.010862,3.123463,-0.052365,-0.139346,-0.006893,0.003444,0.043919,-0.000478,-0.003052,-0.013016,-3.374150,0.885624,4.005918,0.325161,-3.174700,0.484428,-0.418499,-0.208187,0.389365,-2.345266,0.068173,2.201452,0.851596
29.045518,-0.000000,0.000000,0.000000,0.000000,-0.000000,-0.000000,1.000000,0.484066,-0.012342,0.276454,0.997902,-0.062303,0.017520,0.001497,0.486998,-0.012457,0.271281,0.997132,-0.070263,0.026029,0.010649,3.123988,-0.053431,-0.140227,0.020397,0.000878,0.042363,0.007679,-0.135176,-0.029660,-3.820018,0.693119,1.968372,0.473566,-2.465493,0.402964,-0.418508,-0.210973,0.388993,-2.343133,0.069667,2.197764,0.851351
29.095544,-0.000000,0.000000,0.000000,0.000000,-0.000000,-0.000000,1.000000,0.484066,-0.012342,0.276454,0.997902,-0.062303,0.017520,0.001497,0.487028,-0.012381,0.272521,0.997109,-0.070607,0.026108,0.010369,3.124576,-0.053555,-0.140931,0.020052,0.002069,0.030011,0.018856,-0.101255,-0.025932,-4.472882,0.456648,0.698974,0.573862,-2.216973,0.295770,-0.418549,-0.212524,0.388699,-2.341307,0.070836,2.194616,0.851140
29.145564,-0.000000,0.000000,0.000000,0.000000,-0.000000,-0.000000,1.000000,0.484066,-0.012342,0.276454,0.997902,-0.062303,0.017520,0.001497,0.486962,-0.012348,0.273327,0.997097,-0.070886,0.025893,0.010102,3.125095,-0.053092,-0.141507,0.003317,-0.000785,0.014424,0.012811,0.001342,-0.007186,-4.179962,0.508643,1.022099,0.504195,-2.271962,0.329091,-0.418625,-0.213438,0.388431,-2.339888,0.071736,2.191887,0.850924
29.195313,-0.000000,0.000000,0.000000,0.000000,-0.000000,-0.000000,1.000000,0.484066,-0.012342,0.276454,0.997902,-0.062303,0.017520,0.001497,0.486708,-0.012296,0.273732,0.997099,-0.071111,0.025328,0.009779,3.125671,-0.051922,-0.141981,-0.025090,0.000627,-0.008709,0.024355,0.152013,0.000885,-3.756294,0.588252,2.678977,0.429705,-2.926381,0.386532,-0.418681,-0.213998,0.388192,-2.339027,0.072652,2.189351,0.850603
29.246476,-0.000000,0.000000,0.000000,0.000000,-0.000000,-0.000000,1.000000,0.484066,-0.012342,0.276454,0.997902,-0.062303,0.017520,0.001497,0.486497,-0.012277,0.273978,0.997096,-0.071289,0.025057,0.009451,3.126298,-0.051339,-0.142358,-0.035236,-0.002778,-0.017069,0.016251,0.189000,0.011287,-3.443584,0.707522,3.593874,0.362523,-3.297875,0.460519,-0.418733,-0.214618,0.387931,-2.338821,0.073642,2.188000,0.850099
29.296357,-0.000000,0.000000,0.000000,0.000000,-0.000000,-0.000000,1.000000,0.484066,-0.012342,0.276454,0.997902,-0.062303,0.017520,0.001497,0.486356,-0.012234,0.274221,0.997096,-0.071421,0.024835,0.009071,3.127031,-0.050844,-0.142643,-0.036614,-0.003726,-0.016739,0.014340,0.195245,0.011398,-3.353884,0.690890,3.950973,0.344336,-3.473158,0.465894,-0.418791,-0.215083,0.387697,-2.338498,0.074693,2.186776,0.849500
29.346470,-0.000000,0.000000,0.000000,0.000000,-0.000000,-0.000000,1.000000,0.484066,-0.012342,0.276454,0.997902,-0.062303,0.017520,0.001497,0.486169,-0.012233,0.274314,0.997092,-0.071558,0.024686,0.008752,3.127655,-0.050502,-0.142937,-0.037739,-0.005254,-0.022879,0.013397,0.192939,0.010345,-3.108199,0.686282,3.986319,0.314444,-3.409760,0.478660,-0.418858,-0.215603,0.387464,-2.338679,0.075647,2.186148,0.848929
29.395810,-0.000000,0.000000,0.000000,0.000000,-0.000000,-0.000000,1.000000,0.484066,-0.012342,0.276454,0.997902,-0.062303,0.017520,0.001497,0.486063,-0.012218,0.274423,0.997086,-0.071703,0.024635,0.008478,3.128201,-0.050364,-0.143241,-0.036538,-0.002973,-0.021541,0.017964,0.196447,0.004932,-2.941170,0.681539,3.642209,0.308838,-3.203863,0.496327,-0.418910,-0.216014,0.387292,-2.338759,0.076449,2.185723,0.848542
29.447282,-0.000000,0.000000,0.000000,0.000000,-0.000000,-0.000000,1.000000,0.484066,-0.012342,0.276454,0.997902,-0.062303,0.017520,0.001497,0.485933,-0.012193,0.274504,0.997084,-0.071825,0.024410,0.008242,3.128646,-0.049883,-0.143498,-0.036864,-0.003577,-0.021881,0.014973,0.196607,0.004099,-2.741022,0.744862,4.036596,0.267523,-3.299958,0.530727,-0.418932,-0.216233,0.387135,-2.338636,0.077068,2.184929,0.848266
29.497407,-0.000000,0.000000,0.000000,0.000000,-0.000000,-0.000000,1.000000,0.484066,-0.012342,0.276454,0.997902,-0.062303,0.017520,0.001497,0.485901,-0.012149,0.274597,0.997090,-0.071862,0.024167,0.008010,3.129078,-0.049364,-0.143585,-0.034805,-0.003088,-0.020710,0.016666,0.189897,0.000733,-2.794507,0.728965,4.003147,0.245445,-3.297416,0.530163,-0.418937,-0.216127,0.387014,-2.338153,0.077538,2.184049,0.847982
29.547574,-0.000000,0.000000,0.000000,0.000000,-0.000000,-0.000000,1.000000,0.484066,-0.012342,0.276454,0.997902,-0.062303,0.017520,0.001497,0.485876,-0.012120,0.274639,0.997096,-0.071860,0.023966,0.007828,3.129412,-0.048938,-0.143591,-0.034853,-0.002313,-0.021629,0.015396,0.190829,0.002176,-2.808661,0.627967,4.133683,0.277737,-3.369709,0.491407,-0.418934,-0.215993,0.386910,-2.337808,0.077884,2.183423,0.847706
29.598399,-0.000000,0.000000,-0.984222,0.000000,-0.000000,-0.000000,1.000000,0.484066,-0.012342,0.272517,0.997902,-0.062303,0.017520,0.001497,0.485882,-0.012110,0.274666,0.997098,-0.071857,0.023920,0.007687,3.129687,-0.048825,-0.143593,-0.036230,-0.003123,-0.023649,0.016538,0.197395,0.004247,-2.703353,0.611412,4.118991,0.272705,-3.329320,0.488913,-0.418942,-0.215946,0.386822,-2.337669,0.078186,2.183227,0.847447
29.647682,-0.000000,0.000000,-0.980286,0.000000,-0.000000,-0.000000,1.000000,0.484066,-0.012342,0.268596,0.997902,-0.062303,0.017520,0.001497,0.485774,-0.012049,0.274515,0.997113,-0.071819,0.023502,0.007488,3.130022,-0.047962,-0.143527,-0.039163,-0.001220,-0.034503,0.021598,0.219155,0.002874,-2.485990,0.461390,3.752277,0.340549,-3.054857,0.424027,-0.418930,-0.215557,0.386784,-2.337476,0.078488,2.182560,0.847183
29.698699,-0.000000,0.000000,-0.964539,0.000000,-0.000000,-0.000000,1.000000,0.484066,-0.012342,0.264738,0.997902,-0.062303,0.017520,0.001497,0.485576,-0.012003,0.273553,0.997130,-0.071778,0.022961,0.007207,3.130504,-0.046842,-0.143462,-0.038593,-0.003784,-0.052053,0.026684,0.213482,-0.000305,-2.327513,0.474073,3.429684,0.292883,-2.901897,0.432693,-0.418938,-0.214319,0.386845,-2.338600,0.078739,2.183766,0.846939
29.747950,-0.000000,0.000000,-0.968475,0.000000,-0.000000,-0.000000,1.000000,0.484066,-0.012342,0.260864,0.997902,-0.062303,0.017520,0.001497,0.485341,-0.012001,0.271773,0.997153,-0.071690,0.022347,0.006838,3.131148,-0.045563,-0.143304,-0.035316,-0.005395,-0.063738,0.030082,0.199247,-0.004059,-1.894405,0.469834,2.531215,0.246232,-2.464555,0.441012,-0.418935,-0.212085,0.386929,-2.340953,0.078873,2.186990,0.846619
29.797565,-0.000000,0.000000,-0.968475,0.000000,-0.000000,-0.000000,1.000000,0.484066,-0.012342,0.256990,0.997902,-0.062303,0.017520,0.001497,0.485166,-0.011992,0.269392,0.997184,-0.071563,0.021500,0.006302,3.132092,-0.043794,-0.143077,-0.025138,-0.003018,-0.063751,0.035896,0.159569,-0.000292,-1.731396,0.580854,1.776530,0.153643,-2.214304,0.494648,-0.418928,-0.208569,0.387029,-2.343584,0.078915,2.191232,0.846279
29.847721,-0.000000,0.000000,-0.960602,0.000000,-0.000000,-0.000000,1.000000,0.484066,-0.012342,0.253148,0.997902,-0.062303,0.017520,0.001497,0.485119,-0.011980,0.266714,0.997217,-0.071424,0.020602,0.005625,3.133309,-0.041905,-0.142829,-0.011872,-0.000189,-0.059961,0.040387,0.092071,-0.002754,-2.110431,0.586207,1.080946,0.122633,-2.144394,0.493543,-0.418918,-0.204157,0.387106,-2.346136,0.078930,2.196136,0.845915
29.897910,-0.000000,0.000000,-0.948792,0.000000,-0.000000,-0.000000,1.000000,0.484066,-0.012342,0.249353,0.997902,-0.062303,0.017520,0.001497,0.485215,-0.011995,0.263834,0.997247,-0.071262,0.019927,0.004859,3.134736,-0.040448,-0.142537,0.011892,-0.003982,-0.057276,0.036033,-0.041760,-0.013720,-3.111066,0.343267,-0.730333,0.240575,-1.813825,0.369667,-0.418918,-0.199263,0.387138,-2.348901,0.078983,2.202148,0.845417
29.948475,-0.000000,0.000000,-0.952728,0.000000,-0.000000,-0.000000,1.000000,0.484066,-0.012342,0.245542,0.997902,-0.062303,0.017520,0.001497,0.485399,-0.011990,0.260685,0.997280,-0.071050,0.019220,0.003990,3.136361,-0.038913,-0.142145,0.009318,-0.001944,-0.062766,0.036196,0.002170,0.012715,-3.676179,0.343064,-1.671116,0.201142,-1.628559,0.370052,-0.418922,-0.193632,0.387193,-2.351665,0.078994,2.208791,0.844855
29.998820,-0.000000,0.000000,-0.956665,0.000000,-0.000000,-0.000000,1.000000,0.484066,-0.012342,0.241715,0.997902,-0.062303,0.017520,0.001497,0.485189,-0.011993,0.257234,0.997334,-0.070696,0.017819,0.003177,3.137773,-0.036001,-0.141464,-0.013070,-0.002495,-0.073155,0.035371,0.110074,0.020943,-2.434802,-0.009357,-0.894770,0.262583,-1.470798,0.213688,-0.418929,-0.187847,0.387241,-2.354745,0.078809,2.214506,0.844084
30.048637,-0.000000,0.000000,-0.952728,0.000000,-0.000000,-0.000000,1.000000,0.484066,-0.012342,0.237904,0.997902,-0.062303,0.017520,0.001497,0.485291,-0.012002,0.253812,0.997364,-0.070507,0.017001,0.002224,3.139552,-0.034232,-0.141116,0.012304,-0.003099,-0.066118,0.040696,-0.025078,0.000305,-3.096997,0.262283,-1.434101,0.128838,-1.541959,0.327584,-0.418947,-0.181787,0.387231,-2.357796,0.078857,2.221609,0.843441
30.098591,-0.000000,0.000000,-0.956665,0.000000,-0.000000,-0.000000,1.000000,0.484066,-0.012342,0.234078,0.997902,-0.062303,0.017520,0.001497,0.485581,-0.012006,0.250331,0.997388,-0.070258,0.016718,0.001332,3.141284,-0.033542,-0.140647,0.022014,-0.001678,-0.063416,0.029576,-0.068108,0.018566,-3.600478,0.033503,-2.557134,0.165991,-1.163573,0.217834,-0.418925,-0.175657,0.387284,-2.361228,0.078777,2.230233,0.842829
30.148436,-0.000000,0.000000,-0.960602,0.000000,-0.000000,-0.000000,1.000000,0.484066,-0.012342,0.230235,0.997902,-0.062303,0.017520,0.001497,0.485668,-0.012019,0.246630,0.997423,-0.069963,0.015884,0.000408,-3.140183,-0.031749,-0.140081,0.007947,-0.007131,-0.071321,0.030026,0.020327,0.014820,-3.680928,-0.072686,-2.554588,0.088268,-1.100093,0.168892,-0.418959,-0.169032,0.387320,-2.364492,0.078546,2.238053,0.842144
30.198494,-0.000000,0.000000,-0.948792,0.000000,-0.000000,-0.000000,1.000000,0.484066,-0.012342,0.226440,0.997902,-0.062303,0.017520,0.001497,0.485726,-0.012034,0.242860,0.997455,-0.069682,0.015067,-0.000486,-3.138523,-0.029994,-0.139539,-0.004459,-0.005534,-0.080484,0.031535,0.065947,0.016096,-3.203078,-0.037178,-1.941584,-0.019990,-1.110366,0.195571,-0.418985,-0.162311,0.387357,-2.367867,0.078203,2.246107,0.841552
30.248572,-0.000000,0.000000,-0.948792,0.000000,-0.000000,-0.000000,1.000000,0.484066,-0.012342,0.222645,0.997902,-0.062303,0.017520,0.001497,0.485646,-0.012042,0.238984,0.997484,-0.069401,0.014395,-0.001293,-3.137013,-0.028542,-0.138994,-0.017731,-0.002917,-0.085419,0.035440,0.132872,0.020544,-3.263132,0.118765,-1.052887,-0.156190,-1.552821,0.267455,-0.418983,-0.155935,0.387434,-2.371977,0.077838,2.254862,0.840996
30.298622,-0.000000,0.000000,-0.968475,0.000000,-0.000000,-0.000000,1.000000,0.484066,-0.012342,0.218771,0.997902,-0.062303,0.017520,0.001497,0.485551,-0.012062,0.235165,0.997515,-0.069076,0.013740,-0.002044,-3.135614,-0.027133,-0.138356,-0.023663,-0.004681,-0.086474,0.024774,0.136983,0.028618,-2.078822,0.271843,-0.235581,-0.266433,-1.434149,0.353709,-0.418995,-0.149588,0.387505,-2.375978,0.077330,2.263515,0.840427
30.348637,-0.000000,0.000000,-0.976349,0.000000,-0.000000,-0.000000,1.000000,0.484066,-0.012342,0.214866,0.997902,-0.062303,0.017520,0.001497,0.485497,-0.012063,0.231330,0.997538,-0.068774,0.013433,-0.002795,-3.134167,-0.026419,-0.137767,-0.004918,-0.001840,-0.076768,0.038770,0.028951,-0.001624,-2.826049,0.242130,-0.023195,-0.251338,-1.886541,0.314990,-0.418965,-0.143408,0.387582,-2.380403,0.076929,2.273129,0.839859
30.405114,-0.000000,0.000000,-0.968475,0.000000,-0.000000,-0.000000,1.000000,0.484066,-0.012342,0.210992,0.997902,-0.062303,0.017520,0.001497,0.485648,-0.012086,0.227724,0.997552,-0.068494,0.013618,-0.003532,-3.132678,-0.026689,-0.137228,0.018368,-0.001882,-0.062515,0.024903,-0.112701,-0.002000,-2.954314,0.275961,-1.636493,-0.241169,-1.166604,0.326381,-0.418973,-0.137439,0.387647,-2.384674,0.076588,2.283372,0.839256
30.451526,-0.000000,0.000000,-0.936981,0.000000,-0.000000,-0.000000,1.000000,0.484066,-0.012342,0.207244,0.997902,-0.062303,0.017520,0.001497,0.485818,-0.012040,0.224154,0.997573,-0.068129,0.013720,-0.004266,-3.131209,-0.026795,-0.136517,0.026321,0.002605,-0.057022,0.028827,-0.111108,0.011378,-3.638618,-0.231486,-3.151547,-0.073858,-0.700633,0.078891,-0.418928,-0.131258,0.387771,-2.388592,0.076127,2.293301,0.838689
30.500597,-0.000000,0.000000,-0.645645,0.000000,-0.000000,-0.000000,1.000000,0.484066,-0.012342,0.204661,0.997902,-0.062303,0.017520,0.001497,0.485837,-0.012052,0.220488,0.997596,-0.067806,0.013407,-0.004999,-3.129796,-0.026074,-0.135884,0.019552,-0.002761,-0.066715,0.029932,-0.086296,0.002694,-3.468706,-0.339691,-3.433093,-0.096867,-0.471766,0.033184,-0.418953,-0.124750,0.387800,-2.392244,0.075471,2.302436,0.838179
30.555997,-0.000000,0.000000,-0.413361,0.000000,-0.000000,-0.000000,1.000000,0.484066,-0.012342,0.203008,0.997902,-0.062303,0.017520,0.001497,0.485752,-0.012090,0.216700,0.997617,-0.067468,0.013287,-0.005652,-3.128518,-0.025751,-0.135221,0.008583,-0.005300,-0.068737,0.022267,-0.037472,0.007004,-4.356497,-0.177424,-2.434114,-0.221601,-1.327703,0.099873,-0.418963,-0.118470,0.387816,-2.396609,0.074745,2.312454,0.837650
30.601559,-0.000000,0.000000,0.000000,0.000000,-0.000000,-0.000000,1.000000,0.484066,-0.012342,0.203008,0.997902,-0.062303,0.017520,0.001497,0.485691,-0.012129,0.213246,0.997640,-0.067111,0.013106,-0.006236,-3.127385,-0.025315,-0.134518,-0.005220,-0.005490,-0.060776,0.017989,0.046861,0.017180,-3.308344,0.009395,-1.661097,-0.347973,-1.270389,0.211408,-0.418988,-0.112489,0.387816,-2.400306,0.073912,2.321402,0.837172
30.653622,-0.000000,0.000000,0.000000,0.000000,-0.000000,-0.000000,1.000000,0.484066,-0.012342,0.203008,0.997902,-0.062303,0.017520,0.001497,0.485573,-0.012166,0.210427,0.997665,-0.066746,0.012881,-0.006643,-3.126614,-0.024817,-0.133791,-0.019693,-0.002478,-0.057374,0.010069,0.107502,0.033489,-2.685892,0.308780,-0.566593,-0.522893,-1.564423,0.350470,-0.418999,-0.107648,0.387818,-2.403333,0.073047,2.328521,0.836773
30.701597,-0.000000,0.000000,0.000000,0.000000,-0.000000,-0.000000,1.000000,0.484066,-0.012342,0.203008,0.997902,-0.062303,0.017520,0.001497,0.485703,-0.012192,0.208432,0.997683,-0.066411,0.013071,-0.006952,-3.125979,-0.025160,-0.133131,0.002377,-0.002345,-0.038150,0.015468,-0.011928,0.002457,-2.690230,0.177536,-0.945900,-0.472162,-1.414143,0.274507,-0.418988,-0.103939,0.387813,-2.405378,0.072371,2.334426,0.836391
30.752341,-0.000000,0.000000,0.000000,0.000000,-0.000000,-0.000000,1.000000,0.484066,-0.012342,0.203008,0.997902,-0.062303,0.017520,0.001497,0.485830,-0.012201,0.207092,0.997696,-0.066147,0.013290,-0.007167,-3.125527,-0.025573,-0.132612,0.005850,0.000124,-0.021555,0.006497,-0.032939,0.007571,-3.030639,0.194347,-1.491796,-0.508657,-1.302555,0.281581,-0.418981,-0.101414,0.387826,-2.406770,0.071927,2.338625,0.836065
30.801671,-0.000000,0.000000,0.000000,0.000000,-0.000000,-0.000000,1.000000,0.484066,-0.012342,0.203008,0.997902,-0.062303,0.017520,0.001497,0.485865,-0.012223,0.206245,0.997711,-0.065892,0.013323,-0.007253,-3.125359,-0.025631,-0.132104,0.001425,-0.000935,-0.012791,-0.000183,-0.011123,0.010895,-2.925988,0.143549,-1.500611,-0.538104,-1.269050,0.271553,-0.418977,-0.099823,0.387823,-2.407594,0.071500,2.341009,0.835775
30.851852,-0.000000,0.000000,0.000000,0.000000,-0.000000,-0.000000,1.000000,0.484066,-0.012342,0.203008,0.997902,-0.062303,0.017520,0.001497,0.485897,-0.012240,0.205787,0.997726,-0.065654,0.013391,-0.007276,-3.125309,-0.025768,-0.131628,0.001393,-0.000412,-0.007084,-0.002748,-0.011104,0.008280,-2.799073,0.155264,-1.579224,-0.562507,-1.188117,0.280968,-0.418978,-0.098975,0.387833,-2.408082,0.071221,2.342427,0.835457
30.902546,-0.000000,0.000000,0.000000,0.000000,-0.000000,-0.000000,1.000000,0.484066,-0.012342,0.203008,0.997902,-0.062303,0.017520,0.001497,0.485911,-0.012244,0.205520,0.997739,-0.065440,0.013499,-0.007272,-3.125308,-0.025988,-0.131200,0.001240,-0.000194,-0.003498,-0.001975,-0.013576,0.010733,-3.057605,0.123767,-1.516987,-0.568134,-1.319874,0.262120,-0.418963,-0.098576,0.387850,-2.408507,0.071069,2.343442,0.835132
30.951799,-0.000000,0.000000,0.000000,0.000000,-0.000000,-0.000000,1.000000,0.484066,-0.012342,0.203008,0.997902,-0.062303,0.017520,0.001497,0.485894,-0.012260,0.205352,0.997750,-0.065248,0.013635,-0.007251,-3.125338,-0.026265,-0.130819,-0.000152,-0.000344,-0.003416,-0.001986,-0.007663,0.006627,-3.063832,0.159368,-1.501673,-0.560820,-1.331216,0.282454,-0.418967,-0.098479,0.387864,-2.408977,0.071011,2.344272,0.834771
31.001622,-0.620182,0.000000,0.000000,0.000000,-0.000000,-0.000000,1.000000,0.481585,-0.012342,0.203008,0.997902,-0.062303,0.017520,0.001497,0.485890,-0.012262,0.205258,0.997760,-0.065064,0.013750,-0.007227,-3.125374,-0.026500,-0.130450,0.000887,0.000935,-0.000352,-0.001317,-0.007722,0.010174,-3.130446,0.221453,-1.437521,-0.583855,-1.389273,0.313571,-0.418962,-0.098455,0.387888,-2.409290,0.070971,2.344836,0.834440
31.051738,-0.999964,0.000000,0.000000,0.000000,-0.000000,-0.000000,1.000000,0.477585,-0.012342,0.203008,0.997902,-0.062303,0.017520,0.001497,0.485741,-0.012273,0.205111,0.997772,-0.064912,0.013623,-0.007197,-3.125456,-0.026255,-0.130142,-0.004163,0.000564,-0.004651,-0.000125,0.010523,0.007931,-3.064896,0.207404,-1.343200,-0.572421,-1.378634,0.312877,-0.418965,-0.098493,0.387890,-2.409695,0.070931,2.344950,0.834142
31.102464,-0.999964,0.000000,0.000000,0.000000,-0.000000,-0.000000,1.000000,0.473585,-0.012342,0.203008,0.997902,-0.062303,0.017520,0.001497,0.485237,-0.012297,0.204730,0.997789,-0.064751,0.013165,-0.007114,-3.125685,-0.025354,-0.129809,-0.013158,-0.001456,-0.009357,-0.005186,0.022676,0.004566,-3.154855,0.164630,-1.193894,-0.548771,-1.409375,0.296967,-0.418971,-0.098789,0.387885,-2.410881,0.070904,2.344938,0.833779
31.152513,-0.999964,0.000000,0.000000,0.000000,-0.000000,-0.000000,1.000000,0.469586,-0.012342,0.203008,0.997902,-0.062303,0.017520,0.001497,0.484275,-0.012358,0.204190,0.997810,-0.064602,0.012454,-0.006882,-3.126246,-0.023966,-0.129491,-0.021989,-0.002244,-0.011040,-0.012601,0.029328,0.005639,-3.440890,0.198782,-0.793005,-0.529749,-1.613658,0.311388,-0.418972,-0.099886,0.387885,-2.413254,0.070898,2.344852,0.833389
31.202778,-0.999964,0.000000,0.000000,0.000000,-0.000000,-0.000000,1.000000,0.465586,-0.012342,0.203008,0.997902,-0.062303,0.017520,0.001497,0.482832,-0.012466,0.203616,0.997833,-0.064454,0.011569,-0.006428,-3.127270,-0.022261,-0.129169,-0.031239,-0.002140,-0.011646,-0.019183,0.036634,0.002755,-3.588876,0.225088,-0.270885,-0.502550,-1.809579,0.326694,-0.418964,-0.102170,0.387901,-2.416892,0.070902,2.344571,0.832977
31.252667,-0.999964,-0.018088,0.000000,0.000000,-0.000000,-0.000000,1.000000,0.461586,-0.012414,0.203008,0.997902,-0.062303,0.017520,0.001497,0.480959,-0.012610,0.203049,0.997856,-0.064325,0.010667,-0.005726,-3.128789,-0.020554,-0.128880,-0.040656,-0.002000,-0.010584,-0.031526,0.036010,0.006566,-3.491662,0.270220,-0.192665,-0.465293,-1.727603,0.350297,-0.418884,-0.105744,0.387926,-2.421871,0.070900,2.344387,0.832634
31.303448,-0.999964,-0.073666,0.000000,0.000000,-0.000000,-0.000000,1.000000,0.457586,-0.012709,0.203008,0.997902,-0.062303,0.017520,0.001497,0.478600,-0.012787,0.202650,0.997877,-0.064204,0.009903,-0.004668,-3.131003,-0.019165,-0.128606,-0.050354,-0.002394,-0.006460,-0.048112,0.028565,0.004075,-3.880082,0.329606,-0.410630,-0.406234,-1.748249,0.374104,-0.418761,-0.111266,0.388073,-2.428476,0.070932,2.344279,0.832382
31.353577,-0.907334,-0.101455,0.000000,0.000000,-0.000000,-0.000000,1.000000,0.453957,-0.013115,0.203008,0.997902,-0.062303,0.017520,0.001497,0.475752,-0.012956,0.202324,0.997896,-0.064099,0.009177,-0.003295,-3.133839,-0.017894,-0.128361,-0.058469,-0.001935,-0.006185,-0.058896,0.027279,0.004411,-3.512815,0.304534,-0.273932,-0.301867,-1.655182,0.362202,-0.418577,-0.118472,0.388393,-2.436631,0.070993,2.344226,0.832296
31.402775,-0.453448,-0.018088,0.000000,0.000000,-0.000000,-0.000000,1.000000,0.452143,-0.013187,0.203008,0.997902,-0.062303,0.017520,0.001497,0.472589,-0.013180,0.202084,0.997908,-0.064056,0.008536,-0.001723,-3.137060,-0.016816,-0.128243,-0.060973,-0.002880,-0.001770,-0.061507,0.025522,-0.000489,-4.103969,0.513506,0.680573,-0.299952,-2.358339,0.455554,-0.418328,-0.126909,0.388690,-2.445825,0.071140,2.344221,0.832250
31.453557,-0.286679,-0.008825,0.000000,0.000000,-0.000000,-0.000000,1.000000,0.450996,-0.013222,0.203008,0.997902,-0.062303,0.017520,0.001497,0.469584,-0.013421,0.202089,0.997910,-0.064088,0.008210,-0.000159,-3.140223,-0.016366,-0.128280,-0.060492,-0.002316,0.001166,-0.061179,0.013635,-0.004451,-3.972621,0.492962,-0.461065,-0.197897,-1.802091,0.452590,-0.418091,-0.135719,0.388989,-2.454799,0.071485,2.344273,0.832190
31.503473,-0.212575,-0.008825,0.000000,0.000000,-0.000000,-0.000000,1.000000,0.450146,-0.013258,0.203008,0.997902,-0.062303,0.017520,0.001497,0.466640,-0.013607,0.202193,0.997912,-0.064070,0.008037,0.001339,3.139951,-0.016212,-0.128219,-0.055617,-0.000073,0.001708,-0.053793,0.006315,0.009259,-4.147822,0.715406,0.063449,-0.144252,-2.162865,0.566146,-0.417743,-0.144744,0.389279,-2.463721,0.072118,2.344372,0.831906
31.553565,-0.073630,0.000000,0.000000,0.000000,-0.000000,-0.000000,1.000000,0.449851,-0.013258,0.203008,0.997902,-0.062303,0.017520,0.001497,0.464089,-0.013713,0.202341,0.997911,-0.064052,0.007996,0.002603,3.137421,-0.016292,-0.128161,-0.045545,-0.000333,0.005386,-0.044649,-0.002249,-0.005889,-4.678999,0.741614,0.615776,-0.024267,-2.719595,0.577430,-0.417256,-0.152829,0.389465,-2.471563,0.072881,2.344530,0.831595
31.603554,-0.000000,0.000000,0.000000,0.000000,-0.000000,-0.000000,1.000000,0.449851,-0.013258,0.203008,0.997902,-0.062303,0.017520,0.001497,0.462018,-0.013731,0.202535,0.997912,-0.063983,0.008040,0.003655,3.135326,-0.016515,-0.128007,-0.038616,0.001741,0.002948,-0.036773,0.004890,-0.001662,-5.026696,0.723965,-0.191345,0.071464,-2.568402,0.569416,-0.416558,-0.159647,0.389497,-2.477982,0.073525,2.344616,0.831384
31.653707,-0.000000,0.000000,0.000000,0.000000,-0.000000,-0.000000,1.000000,0.449851,-0.013258,0.203008,0.997902,-0.062303,0.017520,0.001497,0.460313,-0.013757,0.202763,0.997911,-0.063917,0.008185,0.004568,3.133521,-0.016921,-0.127858,-0.031446,0.001211,0.004061,-0.034729,-0.006738,0.006164,-4.976200,0.763559,-0.164135,0.114943,-2.620167,0.589394,-0.415940,-0.165527,0.389506,-2.483370,0.074053,2.344754,0.831199
31.703750,-0.000000,0.000000,0.000000,0.000000,-0.000000,-0.000000,1.000000,0.449851,-0.013258,0.203008,0.997902,-0.062303,0.017520,0.001497,0.458971,-0.013752,0.202877,0.997913,-0.063812,0.008337,0.005252,3.132174,-0.017311,-0.127635,-0.022679,0.000883,0.002576,-0.026551,-0.006975,0.004200,-5.147291,0.749137,-0.160704,0.163954,-2.782372,0.585128,-0.415402,-0.170088,0.389513,-2.487738,0.074546,2.345126,0.830932
31.754750,-0.277416,0.000000,0.000000,0.000000,-0.000000,-0.000000,1.000000,0.448742,-0.013258,0.203008,0.997902,-0.062303,0.017520,0.001497,0.457997,-0.013752,0.202944,0.997914,-0.063736,0.008429,0.005791,3.131107,-0.017563,-0.127474,-0.013858,0.000963,0.004438,-0.020740,-0.009554,0.005722,-5.251923,0.757949,-0.242852,0.178337,-2.833038,0.579501,-0.414995,-0.173352,0.389530,-2.490890,0.074760,2.345385,0.830864
31.804659,-0.573867,0.000000,0.000000,0.000000,-0.000000,-0.000000,1.000000,0.446446,-0.013258,0.203008,0.997902,-0.062303,0.017520,0.001497,0.457236,-0.013771,0.202996,0.997917,-0.063660,0.008434,0.006227,3.130237,-0.017627,-0.127312,-0.015079,0.001173,0.000494,-0.014004,0.007503,0.002194,-5.775421,0.802568,0.052801,0.163937,-3.129765,0.586289,-0.414691,-0.175818,0.389522,-2.493227,0.074832,2.345408,0.830810
31.854713,-0.805441,0.000000,0.000000,0.000000,-0.000000,-0.000000,1.000000,0.443224,-0.013258,0.203008,0.997902,-0.062303,0.017520,0.001497,0.456466,-0.013813,0.202923,0.997917,-0.063636,0.008295,0.006564,3.129546,-0.017391,-0.127261,-0.016866,-0.000871,-0.002918,-0.011571,0.010396,0.000240,-5.447212,0.834312,0.314486,0.171216,-3.060926,0.610587,-0.414514,-0.177904,0.389521,-2.495470,0.074997,2.345404,0.830684
31.904744,-0.842493,0.000000,0.000000,0.000000,-0.000000,-0.000000,1.000000,0.439855,-0.013258,0.203008,0.997902,-0.062303,0.017520,0.001497,0.455449,-0.013892,0.202660,0.997923,-0.063561,0.007908,0.006872,3.128880,-0.016657,-0.127110,-0.022464,-0.001208,-0.006965,-0.014852,0.018626,0.002795,-5.543911,0.778103,0.389280,0.233343,-3.072937,0.588284,-0.414428,-0.180093,0.389520,-2.498247,0.075315,2.345342,0.830222
31.955609,-0.703549,0.000000,0.000000,0.000000,-0.000000,-0.000000,1.000000,0.437040,-0.013258,0.203008,0.997902,-0.062303,0.017520,0.001497,0.454088,-0.013995,0.202291,0.997925,-0.063549,0.007366,0.007256,3.128045,-0.015625,-0.127084,-0.029287,-0.002888,-0.007690,-0.018768,0.020812,-0.000510,-5.607456,0.860499,0.337398,0.249109,-3.040741,0.624365,-0.414319,-0.182966,0.389512,-2.501939,0.075791,2.345237,0.829728
32.005710,-0.000000,-0.064403,0.000000,0.000000,-0.000000,-0.000000,1.000000,0.437040,-0.013515,0.203008,0.997902,-0.062303,0.017520,0.001497,0.452388,-0.014085,0.201963,0.997923,-0.063576,0.006855,0.007753,3.126988,-0.014667,-0.127137,-0.035440,-0.001224,-0.003258,-0.020557,0.015548,-0.006473,-5.483570,0.736388,0.105325,0.354387,-2.867501,0.570369,-0.414091,-0.187019,0.389517,-2.506694,0.076566,2.345139,0.829162
32.055747,-0.000000,0.000000,0.000000,0.000000,-0.000000,-0.000000,1.000000,0.437040,-0.013515,0.203008,0.997902,-0.062303,0.017520,0.001497,0.450490,-0.014198,0.201834,0.997915,-0.063655,0.006603,0.008373,3.125720,-0.014245,-0.127290,-0.036008,-0.002477,-0.000405,-0.023617,0.005476,-0.011263,-5.917459,0.913360,0.653823,0.347545,-3.291311,0.641450,-0.413816,-0.192396,0.389536,-2.512305,0.077676,2.345163,0.828460
32.105822,-0.000000,0.000000,0.000000,0.000000,-0.000000,-0.000000,1.000000,0.437040,-0.013515,0.203008,0.997902,-0.062303,0.017520,0.001497,0.448815,-0.014299,0.201891,0.997905,-0.063720,0.006627,0.009024,3.124424,-0.014377,-0.127412,-0.030770,-0.000841,0.001532,-0.022549,0.001917,-0.003324,-5.378815,0.991281,0.685616,0.373248,-3.141947,0.680275,-0.413480,-0.197785,0.389547,-2.517497,0.078685,2.345309,0.827873
32.157533,-0.000000,0.000000,0.000000,0.000000,-0.000000,-0.000000,1.000000,0.437040,-0.013515,0.203008,0.997902,-0.062303,0.017520,0.001497,0.447505,-0.014357,0.202089,0.997897,-0.063738,0.006772,0.009629,3.123236,-0.014743,-0.127437,-0.022943,-0.000587,0.003603,-0.026069,-0.006225,0.003047,-5.796667,0.978390,0.678828,0.425017,-3.324036,0.662142,-0.413120,-0.202460,0.389579,-2.521604,0.079428,2.345288,0.827484
32.206548,-0.000000,0.000000,0.000000,0.000000,-0.000000,-0.000000,1.000000,0.437040,-0.013515,0.203008,0.997902,-0.062303,0.017520,0.001497,0.446493,-0.014351,0.202251,0.997892,-0.063730,0.006901,0.010078,3.122356,-0.015057,-0.127410,-0.017699,0.001861,0.003222,-0.013865,-0.004136,-0.001916,-6.007370,1.013976,0.440804,0.472487,-3.314137,0.676676,-0.412732,-0.206123,0.389599,-2.524796,0.080074,2.345274,0.827186
32.255926,-0.000000,0.000000,0.000000,0.000000,-0.000000,-0.000000,1.000000,0.437040,-0.013515,0.203008,0.997902,-0.062303,0.017520,0.001497,0.445729,-0.014344,0.202319,0.997890,-0.063699,0.006959,0.010451,3.121617,-0.015220,-0.127342,-0.014525,0.000390,-0.001156,-0.012504,0.006419,0.001231,-6.065729,1.040357,0.596053,0.459945,-3.414535,0.683009,-0.412377,-0.208732,0.389589,-2.527193,0.080383,2.345318,0.827076
32.305781,-0.101419,0.000000,0.000000,0.000000,-0.000000,-0.000000,1.000000,0.436635,-0.013515,0.203008,0.997902,-0.062303,0.017520,0.001497,0.445194,-0.014337,0.202310,0.997889,-0.063682,0.006942,0.010690,3.121138,-0.015217,-0.127305,-0.009024,-0.000481,-0.000804,-0.009276,0.000949,0.000461,-6.016338,1.062085,0.416447,0.452715,-3.351571,0.694311,-0.412138,-0.210380,0.389581,-2.528831,0.080575,2.345362,0.827017
32.355747,-0.295942,0.000000,0.000000,0.000000,-0.000000,-0.000000,1.000000,0.435451,-0.013515,0.203008,0.997902,-0.062303,0.017520,0.001497,0.444798,-0.014350,0.202276,0.997888,-0.063678,0.006880,0.010858,3.120794,-0.015114,-0.127296,-0.007502,-0.000659,-0.001477,-0.005908,0.005208,-0.000830,-6.148516,1.051772,0.406034,0.453278,-3.402760,0.683386,-0.412010,-0.211486,0.389577,-2.529985,0.080685,2.345345,0.826968
32.406431,-0.999964,-0.166296,0.000000,0.000000,-0.000000,-0.000000,1.000000,0.431451,-0.014181,0.203008,0.997902,-0.062303,0.017520,0.001497,0.444412,-0.014374,0.202198,0.997886,-0.063687,0.006779,0.011006,3.120488,-0.014932,-0.127314,-0.009469,0.000043,-0.002841,-0.006563,0.008191,0.001448,-6.107195,1.027650,0.586393,0.453897,-3.462162,0.668515,-0.411930,-0.212427,0.389580,-2.531085,0.080774,2.345353,0.826924
32.456538,-0.990701,-0.240400,0.000000,0.000000,-0.000000,-0.000000,1.000000,0.427488,-0.015142,0.203008,0.997902,-0.062303,0.017520,0.001497,0.443730,-0.014470,0.202018,0.997881,-0.063748,0.006491,0.011255,3.119955,-0.014390,-0.127438,-0.017009,-0.003310,-0.004210,-0.014409,0.010527,-0.005375,-6.150642,0.975642,0.537740,0.463752,-3.389572,0.637465,-0.411905,-0.213861,0.389565,-2.532877,0.080838,2.345215,0.826877
32.506732,-0.990701,-0.240400,0.000000,0.000000,-0.000000,-0.000000,1.000000,0.423525,-0.016104,0.203008,0.997902,-0.062303,0.017520,0.001497,0.442442,-0.014720,0.201713,0.997877,-0.063795,0.005988,0.011680,3.119041,-0.013442,-0.127536,-0.029102,-0.006400,-0.006310,-0.019983,0.016874,0.000018,-6.437785,0.811280,0.814974,0.566465,-3.537685,0.565440,-0.411911,-0.216681,0.389404,-2.536294,0.081104,2.344954,0.826357
32.555776,-0.999964,-0.231137,0.000000,0.000000,-0.000000,-0.000000,1.000000,0.419526,-0.017028,0.203008,0.997902,-0.062303,0.017520,0.001497,0.440561,-0.015181,0.201335,0.997867,-0.063875,0.005460,0.012330,3.117679,-0.012473,-0.127699,-0.041014,-0.009850,-0.007962,-0.024672,0.024419,-0.008407,-6.325245,0.737041,1.080544,0.669038,-3.566973,0.540209,-0.411921,-0.221170,0.388994,-2.541561,0.081562,2.344905,0.825376
32.605892,-0.990701,-0.221874,0.000000,0.000000,-0.000000,-0.000000,1.000000,0.415563,-0.017916,0.203008,0.997902,-0.062303,0.017520,0.001497,0.438290,-0.015767,0.200989,0.997856,-0.063930,0.004904,0.013101,3.116068,-0.011462,-0.127814,-0.048084,-0.011483,-0.006089,-0.031815,0.021768,-0.001953,-5.873067,0.645639,1.527436,0.750743,-3.522299,0.500840,-0.411940,-0.226905,0.388428,-2.547930,0.082266,2.344714,0.823910
32.656715,-0.990701,-0.221874,0.000000,0.000000,-0.000000,-0.000000,1.000000,0.411600,-0.018803,0.203008,0.997902,-0.062303,0.017520,0.001497,0.435661,-0.016432,0.200753,0.997840,-0.064038,0.004471,0.013925,3.114370,-0.010707,-0.128031,-0.055297,-0.012716,-0.005673,-0.033494,0.019875,0.001671,-6.467282,0.660132,1.434128,0.778863,-3.654845,0.485134,-0.411967,-0.234158,0.387764,-2.555482,0.083554,2.344507,0.821924
32.706542,-0.564604,-0.221874,0.000000,0.000000,-0.000000,-0.000000,1.000000,0.409342,-0.019691,0.203008,0.997902,-0.062303,0.017520,0.001497,0.432693,-0.017096,0.200590,0.997822,-0.064191,0.004119,0.014655,3.112870,-0.010102,-0.128340,-0.065357,-0.011960,-0.005449,-0.029965,0.018846,0.012037,-5.921973,0.407042,1.044446,0.910304,-3.212737,0.370727,-0.412021,-0.242771,0.387097,-2.564116,0.085772,2.344239,0.819232
32.756677,-0.000000,0.000000,0.000000,0.000000,-0.000000,-0.000000,1.000000,0.409342,-0.019691,0.203008,0.997902,-0.062303,0.017520,0.001497,0.429491,-0.017712,0.200454,0.997805,-0.064387,0.003958,0.014957,3.112249,-0.009824,-0.128735,-0.062766,-0.013808,-0.001902,-0.011872,-0.001509,-0.007327,-5.557918,0.306516,2.025750,0.904747,-3.475895,0.310475,-0.412150,-0.252483,0.386342,-2.573745,0.089710,2.344260,0.815157
32.806635,-0.000000,0.000000,0.000000,0.000000,-0.000000,-0.000000,1.000000,0.409342,-0.019691,0.203008,0.997902,-0.062303,0.017520,0.001497,0.426579,-0.018228,0.200623,0.997790,-0.064634,0.004205,0.014835,3.112526,-0.010309,-0.129223,-0.053478,-0.009816,0.007312,0.024948,-0.019990,-0.034940,-6.144617,0.424129,1.058298,0.801526,-3.329949,0.334162,-0.412284,-0.262453,0.385486,-2.582836,0.094871,2.344263,0.810237
32.856742,-0.000000,0.000000,0.000000,0.000000,-0.000000,-0.000000,1.000000,0.409342,-0.019691,0.203008,0.997902,-0.062303,0.017520,0.001497,0.424078,-0.018636,0.200940,0.997779,-0.064838,0.004708,0.014547,3.113168,-0.011282,-0.129622,-0.047658,-0.007291,0.006834,0.019224,-0.023596,-0.024004,-6.252989,0.691396,1.322961,0.609945,-3.488112,0.424997,-0.412436,-0.271782,0.384746,-2.590922,0.100171,2.344357,0.805299
32.906706,-0.000000,0.000000,0.000000,0.000000,-0.000000,-0.000000,1.000000,0.409342,-0.019691,0.203008,0.997902,-0.062303,0.017520,0.001497,0.421952,-0.018942,0.201213,0.997790,-0.064649,0.005241,0.014445,3.113438,-0.012328,-0.129230,-0.040466,-0.004612,0.003282,-0.014613,-0.009728,0.051993,-5.645150,0.264560,1.441138,0.744885,-3.407588,0.269631,-0.412463,-0.279900,0.384246,-2.597957,0.104418,2.344639,0.800751
32.957597,-0.000000,0.000000,0.000000,0.000000,-0.000000,-0.000000,1.000000,0.409342,-0.019691,0.203008,0.997902,-0.062303,0.017520,0.001497,0.420414,-0.019084,0.201524,0.997795,-0.064604,0.005756,0.014065,3.114263,-0.013305,-0.129131,-0.027547,-0.003894,0.004230,0.006426,-0.016655,0.032191,-6.181845,0.107794,1.297389,0.810584,-3.620619,0.211081,-0.412480,-0.286201,0.383829,-2.603125,0.108518,2.344721,0.796857
33.007733,-0.018052,0.000000,0.000000,0.000000,-0.000000,-0.000000,1.000000,0.409269,-0.019691,0.203008,0.997902,-0.062303,0.017520,0.001497,0.419266,-0.019147,0.201742,0.997794,-0.064720,0.006130,0.013432,3.115576,-0.013972,-0.129362,-0.021310,-0.003401,0.004095,0.034457,-0.019058,-0.021550,-6.050831,0.283272,0.783804,0.768248,-3.369328,0.277834,-0.412528,-0.290875,0.383381,-2.606967,0.112481,2.344716,0.793450
33.057144,-0.870282,0.397834,0.000000,0.000000,-0.000000,-0.000000,1.000000,0.405788,-0.018099,0.203008,0.997902,-0.062303,0.017520,0.001497,0.418348,-0.019207,0.201944,0.997803,-0.064703,0.006488,0.012666,3.117151,-0.014587,-0.129331,-0.016778,-0.004018,0.004774,0.042636,-0.015921,-0.044945,-6.609502,0.508961,0.764124,0.678999,-3.619147,0.347412,-0.412620,-0.294745,0.382844,-2.610099,0.116377,2.344716,0.789768
33.108648,-0.907334,0.434922,0.000000,0.000000,0.138507,-0.000000,1.000000,0.402159,-0.016360,0.203008,0.997931,-0.062305,0.015792,0.001389,0.417403,-0.019187,0.201941,0.997817,-0.064586,0.006572,0.012104,3.118282,-0.014679,-0.129104,-0.021890,0.003566,-0.003792,0.023474,0.005198,0.010191,-6.315759,0.634073,0.877939,0.642580,-3.527837,0.400090,-0.412546,-0.297956,0.382494,-2.613083,0.119440,2.344677,0.786828
33.158690,-0.916597,0.370045,0.000000,0.000000,0.944422,0.129244,1.000000,0.398492,-0.014880,0.203008,0.997946,-0.063929,0.004014,0.000609,0.415866,-0.019046,0.201547,0.997818,-0.064687,0.005497,0.012035,3.118283,-0.012527,-0.129330,-0.028793,0.003798,-0.010294,-0.000494,0.038165,-0.011982,-6.893455,0.776227,1.793334,0.620228,-3.951048,0.418633,-0.412291,-0.300875,0.382594,-2.616307,0.120994,2.342920,0.785939
33.207926,-0.925860,0.360782,0.000000,0.000000,0.953685,0.157033,1.000000,0.394789,-0.013436,0.203008,0.997796,-0.065890,-0.007880,-0.000184,0.413921,-0.018571,0.201011,0.997815,-0.064866,0.003758,0.012020,3.118090,-0.009059,-0.129726,-0.032600,0.010619,-0.007852,0.009144,0.050204,-0.014623,-6.642677,1.199454,1.867444,0.485393,-3.632899,0.550747,-0.411584,-0.304077,0.383057,-2.619809,0.122549,2.339857,0.785954
33.258863,-0.925860,0.370045,0.000000,0.000000,0.944422,0.147770,1.000000,0.391086,-0.011956,0.203008,0.997510,-0.067726,-0.019657,-0.000969,0.411371,-0.017761,0.200464,0.997813,-0.065044,0.000746,0.011750,3.118239,-0.003018,-0.130154,-0.057030,0.020198,-0.013129,0.030013,0.178679,-0.006549,-6.346841,1.449117,2.471594,0.391499,-3.611226,0.629735,-0.410538,-0.307667,0.383623,-2.622979,0.124729,2.333516,0.785960
33.308623,-0.916597,0.360782,0.000000,0.000000,0.472010,0.073666,1.000000,0.387419,-0.010513,0.203008,0.997314,-0.068638,-0.025543,-0.001356,0.408268,-0.016651,0.199961,0.997791,-0.065397,-0.003559,0.011112,3.118951,0.005648,-0.130961,-0.083487,0.017589,-0.021004,0.040569,0.310723,-0.009622,-6.137999,1.289939,4.989597,0.344989,-4.536830,0.544477,-0.409472,-0.311531,0.384404,-2.625558,0.127813,2.323705,0.785936
33.358873,-0.175523,0.000000,0.000000,0.000000,0.092192,-0.000000,1.000000,0.386717,-0.010513,0.203008,0.997284,-0.068636,-0.026692,-0.001435,0.404998,-0.015383,0.199619,0.997736,-0.065977,-0.008092,0.010231,3.120106,0.014798,-0.132221,-0.092692,0.021974,-0.022361,0.060981,0.355869,-0.016507,-5.140695,1.361575,5.075407,0.190539,-4.158724,0.573541,-0.408309,-0.315961,0.385207,-2.628064,0.131722,2.312781,0.785917
33.408760,-0.018052,0.000000,0.000000,0.000000,-0.000000,-0.000000,1.000000,0.386645,-0.010513,0.203008,0.997284,-0.068636,-0.026692,-0.001435,0.401901,-0.014168,0.199601,0.997661,-0.066626,-0.012023,0.009431,3.121166,0.022735,-0.133599,-0.096182,0.015897,-0.022139,0.041852,0.356972,-0.008655,-4.475103,1.155008,4.461212,0.180726,-3.653845,0.505300,-0.407080,-0.321217,0.385896,-2.630690,0.135767,2.302383,0.785898
33.458810,-0.000000,0.000000,0.000000,0.000000,-0.000000,-0.000000,1.000000,0.386645,-0.010513,0.203008,0.997284,-0.068636,-0.026692,-0.001435,0.399241,-0.013269,0.199730,0.997589,-0.067146,-0.015097,0.008972,3.121655,0.028920,-0.134701,-0.085628,0.011458,-0.021107,0.036073,0.321745,-0.009860,-4.459675,1.009793,3.762019,0.147617,-3.382047,0.447721,-0.405967,-0.326373,0.386293,-2.633280,0.138854,2.293783,0.785908
33.508647,-0.000000,0.000000,0.000000,0.000000,-0.000000,-0.000000,1.000000,0.386645,-0.010513,0.203008,0.997284,-0.068636,-0.026692,-0.001435,0.397012,-0.012691,0.199801,0.997522,-0.067602,-0.017429,0.008740,3.121787,0.033595,-0.135666,-0.072761,0.007549,-0.019630,0.018979,0.262929,-0.000680,-3.994665,0.838533,2.899606,0.194333,-2.881412,0.380232,-0.405110,-0.330892,0.386463,-2.635885,0.141112,2.287311,0.785909
33.558853,-0.000000,0.000000,0.000000,0.000000,-0.000000,-0.000000,1.000000,0.386645,-0.010513,0.203008,0.997284,-0.068636,-0.026692,-0.001435,0.395066,-0.012324,0.199810,0.997454,-0.068089,-0.019417,0.008565,3.121847,0.037578,-0.136684,-0.062829,0.005532,-0.015369,0.020486,0.235795,-0.002956,-4.788956,1.065677,3.076039,0.076432,-3.292375,0.457701,-0.404525,-0.334757,0.386476,-2.638293,0.142929,2.281957,0.785886
33.608955,-0.000000,0.000000,0.000000,0.000000,-0.000000,-0.000000,1.000000,0.386645,-0.010513,0.203008,0.997284,-0.068636,-0.026692,-0.001435,0.393550,-0.011989,0.199961,0.997390,-0.068478,-0.021306,0.008308,3.122085,0.041375,-0.137504,-0.055688,0.005801,-0.011415,0.021630,0.232098,0.006345,-4.165625,1.037997,3.433874,0.109481,-3.184334,0.445919,-0.404048,-0.337581,0.386360,-2.639424,0.144379,2.276526,0.785850
33.658786,-0.000000,0.000000,0.000000,0.000000,-0.000000,-0.000000,1.000000,0.386645,-0.010513,0.203008,0.997284,-0.068636,-0.026692,-0.001435,0.392392,-0.011677,0.200112,0.997327,-0.068913,-0.022984,0.007893,3.122661,0.044771,-0.138400,-0.040931,0.002702,-0.007694,0.026803,0.182251,-0.012399,-4.308601,1.145747,4.018201,0.103154,-3.501026,0.491489,-0.403653,-0.339469,0.386113,-2.639853,0.145797,2.271692,0.785825
33.709671,-0.000000,0.000000,0.000000,0.000000,-0.000000,-0.000000,1.000000,0.386645,-0.010513,0.203008,0.997284,-0.068636,-0.026692,-0.001435,0.391563,-0.011472,0.200214,0.997268,-0.069333,-0.024366,0.007450,3.123333,0.047584,-0.139257,-0.029190,0.001704,-0.003261,0.030611,0.128797,-0.027082,-3.902698,1.200194,3.695352,0.106305,-3.235275,0.525952,-0.403434,-0.340527,0.385779,-2.639860,0.146943,2.267823,0.785766
33.759642,-0.000000,0.000000,0.000000,0.000000,-0.000000,-0.000000,1.000000,0.386645,-0.010513,0.203008,0.997284,-0.068636,-0.026692,-0.001435,0.390869,-0.011335,0.200182,0.997219,-0.069682,-0.025466,0.007047,3.123967,0.049829,-0.139966,-0.024069,0.001449,-0.004244,0.033879,0.101899,-0.034175,-3.694505,1.024163,3.498708,0.189192,-3.101847,0.474221,-0.403318,-0.341249,0.385495,-2.640102,0.147961,2.265087,0.785586
33.809783,0.092192,0.000000,0.000000,0.000000,-0.000000,-0.000000,1.000000,0.387014,-0.010513,0.203008,0.997284,-0.068636,-0.026692,-0.001435,0.390282,-0.011236,0.200071,0.997173,-0.070051,-0.026365,0.006635,3.124643,0.051674,-0.140707,-0.015682,-0.000134,-0.002302,0.037005,0.068211,-0.041226,-4.083311,1.160263,3.448687,0.140928,-3.267079,0.535893,-0.403196,-0.341714,0.385150,-2.640459,0.148932,2.263106,0.785422
33.859747,0.759162,0.286679,0.000000,0.000000,-0.000000,-0.000000,1.000000,0.390050,-0.009366,0.203008,0.997284,-0.068636,-0.026692,-0.001435,0.389869,-0.011166,0.200087,0.997135,-0.070332,-0.027112,0.006307,3.125177,0.053207,-0.141273,-0.010416,-0.000240,0.001431,0.028841,0.038455,-0.040803,-3.775716,0.936241,2.859952,0.242758,-2.903889,0.452554,-0.403156,-0.342064,0.384865,-2.640405,0.149639,2.261152,0.785281
33.909719,0.953685,0.305205,0.000000,0.000000,-0.000000,-0.000000,1.000000,0.393865,-0.008146,0.203008,0.997284,-0.068636,-0.026692,-0.001435,0.389852,-0.010982,0.200258,0.997111,-0.070563,-0.027508,0.005865,3.125991,0.054056,-0.141721,0.004810,0.002545,0.005646,0.030272,-0.011442,-0.032843,-4.335876,1.222687,2.512161,0.161681,-2.995270,0.554932,-0.403124,-0.341934,0.384748,-2.639596,0.150528,2.259612,0.785171
33.959880,0.472010,0.295942,0.000000,0.000000,-0.000000,-0.000000,1.000000,0.395753,-0.006962,0.203008,0.997284,-0.068636,-0.026692,-0.001435,0.390320,-0.010526,0.200536,0.997107,-0.070634,-0.027590,0.005230,3.127243,0.054309,-0.141832,0.015103,0.007369,0.007057,0.036732,-0.033206,-0.027089,-3.738006,1.342600,2.137326,0.143478,-2.606726,0.584624,-0.402902,-0.340896,0.384925,-2.637772,0.151686,2.258566,0.785169
34.010682,-0.000000,0.000000,0.000000,0.000000,0.194085,0.231137,1.000000,0.395753,-0.006962,0.203008,0.997013,-0.071514,-0.029115,-0.001532,0.391194,-0.009833,0.200850,0.997123,-0.070498,-0.027486,0.004437,3.128849,0.054215,-0.141513,0.026309,0.009649,0.011136,0.038270,-0.051297,-0.019349,-3.218587,1.348995,2.087823,0.149536,-2.393564,0.582603,-0.402552,-0.338888,0.385405,-2.635031,0.152987,2.257925,0.785195
34.059886,-0.000000,0.000000,0.000000,0.000000,0.842529,0.425695,1.000000,0.395753,-0.006962,0.203008,0.996257,-0.076799,-0.039617,-0.002186,0.392229,-0.009188,0.201214,0.997141,-0.070337,-0.027375,0.003702,3.130341,0.054100,-0.141149,0.033159,0.003942,0.013926,0.023542,-0.102751,-0.027864,-2.400538,1.786197,1.128562,-0.091016,-1.646379,0.730921,-0.402268,-0.336433,0.385843,-2.631762,0.153893,2.257215,0.785397
34.110788,-0.000000,0.000000,0.000000,0.000000,0.842529,0.425695,1.000000,0.395753,-0.006962,0.203008,0.995361,-0.082074,-0.050113,-0.002839,0.392712,-0.008702,0.201349,0.997125,-0.070309,-0.028083,0.003115,3.131416,0.055595,-0.141073,0.025729,0.003850,0.013592,0.026741,-0.057569,-0.029745,-2.406513,1.750887,1.606773,-0.173563,-1.810596,0.655957,-0.402088,-0.334163,0.386077,-2.629011,0.154299,2.255210,0.785827
34.160291,-0.000000,0.000000,0.000000,0.000000,0.842529,0.434958,1.000000,0.395753,-0.006962,0.203008,0.994317,-0.087453,-0.060603,-0.003488,0.392916,-0.008367,0.201460,0.997062,-0.070665,-0.029461,0.002424,3.132579,0.058439,-0.141774,0.015527,0.001951,0.010731,0.040771,0.000578,-0.050776,-1.328393,1.900882,1.836502,-0.318752,-1.395118,0.670069,-0.402169,-0.331779,0.385983,-2.625973,0.154628,2.251655,0.786543
34.210949,-0.000000,0.000000,0.000000,0.000000,0.999964,0.045877,1.000000,0.395753,-0.006962,0.203008,0.993432,-0.087973,-0.073028,-0.004553,0.393053,-0.008032,0.201564,0.996951,-0.071334,-0.031573,0.001552,3.133979,0.062774,-0.143101,0.016896,0.002709,0.007398,0.052998,0.034584,-0.067926,-1.923649,1.818451,2.177892,-0.367193,-1.685664,0.589620,-0.402411,-0.328539,0.385724,-2.621908,0.154818,2.246406,0.787796
34.260909,-0.000000,0.000000,0.000000,0.000000,0.999964,-0.000000,1.000000,0.395753,-0.006962,0.203008,0.992442,-0.087909,-0.085439,-0.005652,0.393073,-0.007733,0.201465,0.996800,-0.072132,-0.034446,0.000454,3.135704,0.068661,-0.144677,0.019255,-0.001930,0.001948,0.050097,0.023032,-0.057696,-1.608734,1.634468,0.934521,-0.344974,-0.944773,0.491194,-0.402829,-0.324163,0.385253,-2.617150,0.154893,2.240006,0.789106
34.311741,-0.000000,0.000000,0.000000,0.000000,0.999964,-0.119945,1.000000,0.395753,-0.006962,0.203008,0.991427,-0.086342,-0.097830,-0.006860,0.392955,-0.007433,0.201396,0.996604,-0.072868,-0.038345,-0.000913,3.137813,0.076637,-0.146117,0.027401,-0.001271,0.003282,0.060490,0.030666,-0.046950,-2.495178,1.760910,0.751213,-0.464793,-1.135307,0.516943,-0.403575,-0.318811,0.384664,-2.611040,0.154903,2.231123,0.790075
34.361250,-0.000000,0.000000,0.000000,0.000000,0.768425,-0.166260,1.000000,0.395753,-0.006962,0.203008,0.990619,-0.084210,-0.107336,-0.007873,0.392918,-0.007080,0.201443,0.996367,-0.073433,-0.043045,-0.002556,3.140359,0.086260,-0.147190,0.037841,0.004579,0.010596,0.064940,0.039173,-0.014771,-2.017694,1.182611,-1.164351,-0.311517,-0.096091,0.298668,-0.404606,-0.312227,0.384046,-2.603198,0.154810,2.220073,0.790689
34.411113,-0.000000,0.000000,0.000000,0.000000,-0.000000,-0.000000,1.000000,0.395753,-0.006962,0.203008,0.990619,-0.084210,-0.107336,-0.007873,0.392720,-0.006846,0.201312,0.996072,-0.073927,-0.048545,-0.004370,-3.140057,0.097509,-0.148090,0.038080,0.001289,0.008694,0.073270,0.038662,-0.029342,-2.480790,1.214428,-0.212035,-0.434363,-0.586126,0.309478,-0.406100,-0.304598,0.383378,-2.594686,0.154510,2.207743,0.790892
34.461134,-0.000000,0.000000,0.000000,0.000000,-0.000000,-0.000000,1.000000,0.395753,-0.006962,0.203008,0.990619,-0.084210,-0.107336,-0.007873,0.392388,-0.006710,0.200947,0.995718,-0.074443,-0.054444,-0.006262,-3.137202,0.109574,-0.149007,0.030659,-0.004815,-0.002154,0.087503,0.070340,-0.050444,-2.843283,1.410187,1.058328,-0.599634,-1.183882,0.397089,-0.407604,-0.296258,0.382441,-2.586168,0.153974,2.195251,0.791051
34.511895,-0.000000,0.000000,0.000000,0.000000,-0.000000,-0.000000,1.000000,0.395753,-0.006962,0.203008,0.990619,-0.084210,-0.107336,-0.007873,0.392477,-0.006654,0.200889,0.995378,-0.074946,-0.059515,-0.007992,-3.134552,0.119966,-0.149881,0.042405,-0.005763,0.009534,0.071062,0.024282,-0.041156,-2.395603,1.038203,-0.288622,-0.542368,-0.447629,0.266520,-0.409209,-0.288303,0.381638,-2.577413,0.153325,2.183832,0.791303
34.561886,-0.000000,0.000000,0.000000,0.000000,-0.000000,-0.000000,1.000000,0.395753,-0.006962,0.203008,0.990619,-0.084210,-0.107336,-0.007873,0.392564,-0.006640,0.200763,0.995028,-0.075396,-0.064358,-0.009617,-3.132080,0.129892,-0.150637,0.040460,-0.008977,0.008093,0.066036,0.012450,-0.050105,-1.754509,0.855579,0.781353,-0.579952,-0.625016,0.189562,-0.410824,-0.280515,0.380942,-2.569111,0.152597,2.173169,0.791535
34.611770,-0.000000,0.000000,0.000000,0.000000,-0.000000,-0.000000,1.000000,0.395753,-0.006962,0.203008,0.990619,-0.084210,-0.107336,-0.007873,0.392606,-0.006671,0.200498,0.994682,-0.075897,-0.068738,-0.011077,-3.129878,0.138872,-0.151495,0.024032,-0.007943,-0.006829,0.070886,0.055480,-0.057595,-2.224577,1.014134,0.986807,-0.708487,-0.885813,0.231238,-0.412133,-0.273245,0.380134,-2.561883,0.151831,2.164003,0.791956
34.662780,-0.000000,0.000000,0.000000,0.000000,-0.000000,-0.000000,1.000000,0.395753,-0.006962,0.203008,0.990619,-0.084210,-0.107336,-0.007873,0.392776,-0.006697,0.200437,0.994367,-0.076353,-0.072488,-0.012268,-3.128119,0.146556,-0.152282,0.039864,-0.006244,0.010567,0.052390,-0.014817,-0.056322,-1.981288,0.831851,0.237613,-0.678177,-0.478212,0.165242,-0.413157,-0.266872,0.379372,-2.555089,0.150919,2.155697,0.792634
34.712711,-0.000000,0.000000,0.000000,0.000000,-0.000000,-0.000000,1.000000,0.395753,-0.006962,0.203008,0.990619,-0.084210,-0.107336,-0.007873,0.393003,-0.006720,0.200569,0.994066,-0.076774,-0.075925,-0.013221,-3.126791,0.153583,-0.153020,0.043839,-0.004150,0.012509,0.039683,-0.034878,-0.034038,-1.679915,0.537858,-0.407614,-0.648626,-0.088669,0.051274,-0.414210,-0.261154,0.378889,-2.548411,0.149835,2.147549,0.793553
34.762668,-0.000000,0.000000,0.000000,0.000000,-0.000000,-0.000000,1.000000,0.395753,-0.006962,0.203008,0.990619,-0.084210,-0.107336,-0.007873,0.393177,-0.006700,0.200685,0.993746,-0.077186,-0.079458,-0.014044,-3.125741,0.160781,-0.153755,0.037910,-0.004476,0.008537,0.027116,-0.032286,-0.039060,-1.118355,0.464232,0.516266,-0.699265,-0.245130,0.026075,-0.415040,-0.255412,0.378415,-2.541746,0.148481,2.139265,0.794849
34.812939,-0.000000,0.000000,0.000000,0.000000,-0.268153,-0.000000,1.000000,0.395753,-0.006962,0.203008,0.990973,-0.084236,-0.104015,-0.007591,0.393306,-0.006692,0.200658,0.993465,-0.077659,-0.082342,-0.014695,-3.124952,0.166660,-0.154633,0.033714,-0.003613,-0.000584,0.031919,-0.030958,-0.053320,-2.096365,0.554846,1.109079,-0.788695,-0.890313,0.056756,-0.415631,-0.250524,0.377981,-2.536486,0.147315,2.132874,0.796239
34.863894,-0.000000,0.000000,0.000000,0.000000,-0.999964,-0.000000,1.000000,0.395753,-0.006962,0.203008,0.992196,-0.084324,-0.091620,-0.006537,0.393826,-0.006707,0.200740,0.993286,-0.077862,-0.084209,-0.015159,-3.124340,0.170473,-0.154983,0.037012,0.000353,0.005830,0.027943,-0.045697,-0.028649,-1.551435,0.563839,0.289485,-0.798495,-0.357315,0.094954,-0.416075,-0.246121,0.377669,-2.531626,0.146100,2.128477,0.797291
34.914024,-0.000000,0.000000,0.000000,0.000000,-0.999964,-0.000000,1.000000,0.395753,-0.006962,0.203008,0.993263,-0.084399,-0.079212,-0.005483,0.394390,-0.006742,0.200945,0.993179,-0.077942,-0.085366,-0.015259,-3.124331,0.172806,-0.155137,0.026376,0.005014,0.007795,0.002105,-0.012389,0.029930,-2.043016,0.137678,0.335428,-0.695022,-0.605354,-0.060733,-0.416349,-0.242900,0.377561,-2.527681,0.144704,2.125334,0.798425
34.964878,-0.000000,0.000000,0.000000,0.000000,-0.999964,-0.000000,1.000000,0.395753,-0.006962,0.203008,0.994176,-0.084461,-0.066790,-0.004427,0.394941,-0.006860,0.201193,0.993162,-0.077943,-0.085622,-0.014950,-3.124995,0.173269,-0.155196,0.002088,0.005084,0.000438,-0.017277,0.056163,0.055544,-1.577545,-0.474008,1.098618,-0.545006,-0.844194,-0.290505,-0.416423,-0.241178,0.377557,-2.525248,0.143169,2.124111,0.799567
35.014805,-0.000000,0.000000,0.000000,0.000000,-0.999964,-0.000000,1.000000,0.395753,-0.006962,0.203008,0.994933,-0.084510,-0.054359,-0.003371,0.395402,-0.006985,0.201497,0.993214,-0.078018,-0.085036,-0.014398,-3.126031,0.172011,-0.155437,-0.024074,0.002176,-0.008528,-0.020621,0.123875,0.030889,-0.887790,-0.733290,2.327556,-0.488239,-1.277333,-0.391574,-0.416334,-0.241143,0.377689,-2.524458,0.141976,2.124622,0.800717
35.063959,-0.000000,0.000000,0.000000,0.000000,-0.999964,-0.000000,1.000000,0.395753,-0.006962,0.203008,0.995535,-0.084545,-0.041919,-0.002315,0.395952,-0.007140,0.201883,0.993355,-0.078166,-0.083357,-0.013691,-3.127220,0.168543,-0.155841,-0.027132,-0.001259,-0.004257,-0.027497,0.088352,0.005534,-1.120124,-0.352115,2.698979,-0.664163,-1.837393,-0.255759,-0.416146,-0.242652,0.377915,-2.525172,0.141275,2.127353,0.801695
35.114075,-0.000000,0.000000,0.000000,0.000000,-0.999964,-0.000000,1.000000,0.395753,-0.006962,0.203008,0.995981,-0.084568,-0.029472,-0.001258,0.396576,-0.007324,0.202289,0.993578,-0.078285,-0.080683,-0.012811,-3.128594,0.163058,-0.156195,-0.021107,-0.001447,-0.000309,-0.036435,0.016419,-0.004297,-0.871862,-0.214779,1.949458,-0.695679,-1.692818,-0.206917,-0.415774,-0.245460,0.378179,-2.527332,0.140892,2.132284,0.802442
35.163889,-0.000000,0.000000,0.000000,0.000000,-0.999964,-0.000000,1.000000,0.395753,-0.006962,0.203008,0.996272,-0.084577,-0.017021,-0.000201,0.397379,-0.007512,0.202754,0.993857,-0.078460,-0.077147,-0.011820,-3.130064,0.155832,-0.156664,-0.004949,-0.003341,0.006956,-0.035862,-0.087002,-0.048555,-1.448596,0.237393,1.387343,-0.816691,-1.821752,-0.043313,-0.415262,-0.249096,0.378502,-2.530355,0.140765,2.139017,0.803223
35.214080,-0.000000,0.000000,0.000000,0.000000,-0.999964,-0.000000,1.000000,0.395753,-0.006962,0.203008,0.996406,-0.084573,-0.004567,0.000857,0.398276,-0.007745,0.203188,0.994194,-0.078619,-0.072688,-0.010675,-3.131689,0.146737,-0.157101,0.009902,-0.007416,0.010458,-0.047365,-0.208047,-0.053001,-2.088902,0.802395,-0.404081,-0.953466,-1.406727,0.169239,-0.414623,-0.253730,0.378881,-2.534704,0.140882,2.147971,0.803832
35.264892,-0.000000,0.000000,0.000000,0.000000,-0.999964,-0.000000,1.000000,0.395753,-0.006962,0.203008,0.996386,-0.084555,0.007888,0.001914,0.399143,-0.008040,0.203533,0.994572,-0.078773,-0.067341,-0.009290,-3.133650,0.135833,-0.157536,0.032297,-0.007741,0.012888,-0.075459,-0.359379,-0.039542,-3.211179,1.462099,-1.797815,-1.114914,-1.307782,0.423176,-0.413917,-0.259583,0.379431,-2.540762,0.141182,2.159256,0.804336
35.314132,-0.000000,0.000000,0.000000,0.000000,-0.638708,-0.000000,1.000000,0.395753,-0.006962,0.203008,0.996291,-0.084537,0.015843,0.002589,0.399831,-0.008316,0.203716,0.994955,-0.078798,-0.061614,-0.007674,-3.135989,0.124133,-0.157717,0.036926,-0.004825,0.018733,-0.111152,-0.431916,-0.000766,-3.184687,1.488754,-2.630151,-1.041578,-0.947714,0.423787,-0.413113,-0.266234,0.380268,-2.548201,0.141492,2.171947,0.804792
35.365020,-0.000000,0.000000,0.000000,0.000000,-0.000000,-0.000000,1.000000,0.395753,-0.006962,0.203008,0.996291,-0.084537,0.015843,0.002589,0.400194,-0.008564,0.203804,0.995328,-0.078805,-0.055462,-0.005925,-3.138520,0.111572,-0.157848,0.022659,-0.006530,0.013871,-0.090361,-0.389252,-0.032234,-4.518027,1.644576,-1.986697,-0.997640,-1.791913,0.450478,-0.411979,-0.274314,0.381093,-2.557461,0.142222,2.185917,0.805060
35.415624,-0.000000,0.000000,0.000000,0.000000,-0.000000,-0.000000,1.000000,0.395753,-0.006962,0.203008,0.996291,-0.084537,0.015843,0.002589,0.399981,-0.008757,0.203583,0.995640,-0.078959,-0.049488,-0.004177,-3.141087,0.099367,-0.158253,0.002104,-0.006464,-0.001399,-0.083351,-0.339500,-0.037411,-4.449940,2.239408,0.297515,-1.154936,-2.727804,0.685712,-0.410659,-0.283358,0.381978,-2.568516,0.143502,2.200377,0.805327
35.464952,-0.000000,0.000000,0.000000,0.000000,-0.000000,-0.000000,1.000000,0.395753,-0.006962,0.203008,0.996291,-0.084537,0.015843,0.002589,0.399715,-0.008793,0.203314,0.995914,-0.078988,-0.043696,-0.002566,3.139794,0.087551,-0.158372,-0.022389,0.000513,-0.000057,-0.074871,-0.173754,-0.010686,-2.278035,1.819735,2.710975,-0.956489,-2.850730,0.555218,-0.409274,-0.292188,0.383102,-2.579467,0.145123,2.214563,0.805436
35.515686,-0.000000,0.000000,0.000000,0.000000,-0.000000,-0.000000,1.000000,0.395753,-0.006962,0.203008,0.996291,-0.084537,0.015843,0.002589,0.399625,-0.008777,0.203444,0.996139,-0.079161,-0.037949,-0.001172,3.137909,0.075863,-0.158742,-0.043430,0.003328,-0.012831,-0.067186,-0.062290,0.008161,-2.114102,1.270109,1.628582,-0.696050,-2.339580,0.344618,-0.408222,-0.301116,0.384421,-2.589325,0.147278,2.227460,0.805460
35.564910,-0.000000,0.000000,0.000000,0.000000,-0.000000,-0.000000,1.000000,0.395753,-0.006962,0.203008,0.996291,-0.084537,0.015843,0.002589,0.399343,-0.008769,0.203262,0.996304,-0.079391,-0.032799,0.000049,3.136276,0.065395,-0.159208,-0.049218,-0.001855,-0.018756,-0.062113,-0.016628,0.011395,-2.637718,1.429673,3.395883,-0.717169,-3.247032,0.403681,-0.407140,-0.309138,0.385577,-2.599097,0.149425,2.239909,0.805494
35.614795,-0.000000,0.000000,0.000000,0.000000,-0.000000,-0.000000,1.000000,0.395753,-0.006962,0.203008,0.996291,-0.084537,0.015843,0.002589,0.399372,-0.008677,0.203317,0.996435,-0.079614,-0.027896,0.001013,3.135122,0.055460,-0.159638,-0.046422,0.001378,-0.017662,-0.042002,0.018704,0.008031,-2.975760,1.193226,1.258022,-0.593565,-2.523120,0.298679,-0.406059,-0.316197,0.386613,-2.607238,0.151639,2.251133,0.805545
35.666873,-0.000000,0.000000,0.000000,0.000000,-0.000000,-0.000000,1.000000,0.395753,-0.006962,0.203008,0.996291,-0.084537,0.015843,0.002589,0.399371,-0.008628,0.203492,0.996525,-0.079880,-0.023531,0.001861,3.134116,0.046619,-0.160150,-0.044354,0.001506,-0.019040,-0.041531,0.019198,0.012945,-3.672070,1.024683,0.361821,-0.491954,-2.466540,0.238764,-0.405198,-0.322777,0.387550,-2.614399,0.153745,2.260746,0.805550
35.715049,-0.000000,0.000000,0.000000,0.000000,-0.000000,-0.000000,1.000000,0.395753,-0.006962,0.203008,0.996291,-0.084537,0.015843,0.002589,0.399229,-0.008651,0.203344,0.996584,-0.080188,-0.019590,0.002608,3.133246,0.038637,-0.160741,-0.041689,0.002703,-0.023157,-0.034658,0.024819,0.015244,-3.279052,1.021163,0.116002,-0.430199,-2.210707,0.246918,-0.404275,-0.328509,0.388212,-2.621636,0.155666,2.270367,0.805554
35.768009,-0.000000,0.000000,0.000000,0.000000,-0.000000,-0.000000,1.000000,0.395753,-0.006962,0.203008,0.996291,-0.084537,0.015843,0.002589,0.399275,-0.008654,0.203366,0.996637,-0.080311,-0.015944,0.003330,3.132389,0.031250,-0.160961,-0.031474,0.005122,-0.014787,-0.028543,0.023244,0.019478,-4.227230,1.013163,0.760171,-0.371220,-2.826830,0.233876,-0.403204,-0.333481,0.388633,-2.627613,0.157084,2.278859,0.805592
35.816017,-0.184786,0.000000,0.000000,0.000000,-0.000000,-0.000000,1.000000,0.395014,-0.006962,0.203008,0.996291,-0.084537,0.015843,0.002589,0.399255,-0.008650,0.203407,0.996668,-0.080457,-0.012827,0.003915,3.131722,0.024941,-0.161227,-0.032974,0.004072,-0.018496,-0.020290,0.039520,0.017999,-4.853716,1.213053,0.768615,-0.442980,-3.076422,0.300802,-0.402096,-0.337928,0.388809,-2.632867,0.158397,2.286048,0.805636
35.866016,-0.666497,0.000000,0.000000,0.000000,-0.000000,-0.000000,1.000000,0.392348,-0.006962,0.203008,0.996291,-0.084537,0.015843,0.002589,0.399139,-0.008656,0.203355,0.996687,-0.080572,-0.010190,0.004436,3.131106,0.019600,-0.161431,-0.035992,0.001729,-0.017637,-0.024188,0.054552,0.017537,-4.027343,0.969995,0.188582,-0.312414,-2.528268,0.210243,-0.400981,-0.341809,0.388833,-2.637703,0.159482,2.292390,0.805682
35.918827,-0.925860,0.000000,0.000000,0.000000,-0.000000,-0.000000,1.000000,0.388645,-0.006962,0.203008,0.996291,-0.084537,0.015843,0.002589,0.398812,-0.008730,0.203198,0.996691,-0.080725,-0.008076,0.004978,3.130363,0.015296,-0.161719,-0.042435,-0.002031,-0.019861,-0.022774,0.073559,0.004847,-4.298759,1.168170,0.827796,-0.387248,-2.903449,0.279985,-0.400146,-0.345465,0.388936,-2.642396,0.160360,2.297775,0.805753
35.966944,-0.972175,0.000000,0.000000,0.000000,-0.000000,-0.000000,1.000000,0.384756,-0.006962,0.203008,0.996291,-0.084537,0.015843,0.002589,0.397947,-0.008889,0.202822,0.996677,-0.081012,-0.006357,0.005586,3.129426,0.011768,-0.162279,-0.049529,-0.005703,-0.022405,-0.020244,0.065369,-0.013143,-4.438859,1.658723,2.371552,-0.540488,-3.562939,0.466650,-0.399241,-0.349912,0.388882,-2.648259,0.161371,2.302749,0.805770
36.016914,-0.703549,0.000000,0.000000,0.000000,-0.000000,-0.000000,1.000000,0.381942,-0.006962,0.203008,0.996291,-0.084537,0.015843,0.002589,0.396696,-0.008976,0.202399,0.996659,-0.081283,-0.005079,0.006218,3.128372,0.009114,-0.162810,-0.059588,-0.004058,-0.022278,-0.020738,0.101892,-0.010018,-4.438718,1.892967,2.962101,-0.564010,-3.766682,0.553320,-0.398131,-0.354978,0.388811,-2.654562,0.162516,2.306677,0.805782
36.066874,-0.000000,0.000000,0.000000,0.000000,-0.000000,-0.000000,1.000000,0.381942,-0.006962,0.203008,0.996291,-0.084537,0.015843,0.002589,0.395095,-0.008979,0.202183,0.996629,-0.081655,-0.004033,0.006838,3.127304,0.006922,-0.163546,-0.064966,-0.002253,-0.017833,-0.018149,0.113060,-0.011122,-4.324914,1.533238,2.328860,-0.381598,-3.432807,0.432565,-0.396790,-0.361365,0.388670,-2.661248,0.164132,2.309223,0.805769
36.116858,-0.000000,0.000000,0.000000,0.000000,-0.000000,-0.000000,1.000000,0.381942,-0.006962,0.203008,0.996291,-0.084537,0.015843,0.002589,0.393382,-0.008918,0.201995,0.996583,-0.082226,-0.002815,0.007335,3.126510,0.004404,-0.164675,-0.067982,-0.001625,-0.022143,-0.018003,0.101894,-0.015792,-4.339603,1.460640,2.110584,-0.311815,-3.325991,0.423957,-0.395353,-0.368469,0.388577,-2.668504,0.166455,2.311959,0.805726
36.166865,-0.000000,0.000000,0.000000,0.000000,-0.000000,-0.000000,1.000000,0.381942,-0.006962,0.203008,0.996291,-0.084537,0.015843,0.002589,0.391653,-0.008788,0.201864,0.996533,-0.082814,-0.001408,0.007806,3.125800,0.001513,-0.165834,-0.070591,-0.000396,-0.019860,-0.008041,0.127580,-0.020784,-4.204556,1.508774,3.407197,-0.271027,-3.772175,0.468989,-0.393706,-0.376039,0.388500,-2.676042,0.169080,2.314883,0.805683
36.217235,-0.000000,0.000000,0.000000,0.000000,-0.000000,-0.000000,1.000000,0.381942,-0.006962,0.203008,0.996291,-0.084537,0.015843,0.002589,0.390315,-0.008553,0.201974,0.996485,-0.083381,0.000116,0.008085,3.125498,-0.001579,-0.166949,-0.066245,0.001221,-0.020763,0.004503,0.149352,-0.020089,-4.013201,1.226030,2.678494,-0.174049,-3.397354,0.368219,-0.392085,-0.382976,0.388448,-2.682338,0.171852,2.317399,0.805647
36.267938,-0.000000,0.000000,0.000000,0.000000,-0.000000,-0.000000,1.000000,0.381942,-0.006962,0.203008,0.996291,-0.084537,0.015843,0.002589,0.389303,-0.008394,0.202210,0.996433,-0.083957,0.001897,0.008342,3.125286,-0.005181,-0.168075,-0.058757,0.004158,-0.021813,-0.004767,0.115405,-0.003079,-4.287810,0.935784,1.293941,-0.094840,-2.968587,0.274722,-0.390788,-0.389432,0.388491,-2.687948,0.174500,2.320221,0.805561
36.319124,-0.000000,0.000000,0.000000,0.000000,-0.000000,-0.000000,1.000000,0.381942,-0.006962,0.203008,0.996291,-0.084537,0.015843,0.002589,0.388198,-0.008298,0.202054,0.996386,-0.084437,0.003392,0.008578,3.125069,-0.008209,-0.169016,-0.052892,-0.000783,-0.021563,-0.010574,0.100348,-0.001820,-4.477671,1.007356,1.479004,-0.105291,-3.167598,0.319518,-0.389315,-0.394946,0.388261,-2.693819,0.176748,2.323615,0.805447
36.368789,-0.000000,0.000000,0.000000,0.000000,-0.000000,-0.000000,1.000000,0.381942,-0.006962,0.203008,0.996291,-0.084537,0.015843,0.002589,0.387354,-0.008238,0.201973,0.996341,-0.084866,0.004878,0.008814,3.124855,-0.011217,-0.169850,-0.050210,-0.002857,-0.020330,-0.004438,0.112266,-0.011113,-4.229368,1.088748,2.384677,-0.097420,-3.413341,0.356203,-0.388050,-0.399708,0.388073,-2.698820,0.178629,2.326864,0.805422
36.418790,-0.000000,0.000000,0.000000,0.000000,-0.000000,-0.000000,1.000000,0.381942,-0.006962,0.203008,0.996291,-0.084537,0.015843,0.002589,0.386721,-0.008217,0.201938,0.996303,-0.085214,0.006096,0.009041,3.124614,-0.013688,-0.170530,-0.048707,-0.003660,-0.023918,0.004445,0.142610,-0.012703,-4.834861,1.274008,3.146795,-0.186644,-3.912219,0.417832,-0.387218,-0.403489,0.388068,-2.702700,0.180080,2.329446,0.805418
36.468064,-0.000000,0.000000,0.000000,0.000000,-0.000000,-0.000000,1.000000,0.381942,-0.006962,0.203008,0.996291,-0.084537,0.015843,0.002589,0.386331,-0.008206,0.202105,0.996270,-0.085493,0.007156,0.009220,3.124443,-0.015835,-0.171072,-0.046896,-0.000876,-0.019408,0.013843,0.170842,-0.008183,-3.905056,0.989979,2.860462,-0.077645,-3.368953,0.320751,-0.386598,-0.406648,0.388029,-2.705372,0.181215,2.331124,0.805408
36.518825,-0.000000,0.000000,0.000000,0.000000,-0.000000,-0.000000,1.000000,0.381942,-0.006962,0.203008,0.996291,-0.084537,0.015843,0.002589,0.386109,-0.008153,0.202292,0.996244,-0.085724,0.007997,0.009277,3.124476,-0.017526,-0.171522,-0.046948,0.001287,-0.025146,0.014510,0.184351,-0.000361,-4.039426,0.739522,2.385081,-0.010622,-3.171508,0.229466,-0.386043,-0.408969,0.387933,-2.707177,0.182200,2.332308,0.805407
36.568882,-0.000000,0.000000,0.000000,0.000000,-0.000000,-0.000000,1.000000,0.381942,-0.006962,0.203008,0.996291,-0.084537,0.015843,0.002589,0.385888,-0.008160,0.202358,0.996210,-0.086029,0.008877,0.009308,3.124571,-0.019289,-0.172122,-0.039012,0.003232,-0.021258,0.006003,0.139808,0.006401,-3.849689,0.524876,1.150906,0.066623,-2.598139,0.153613,-0.385592,-0.411067,0.387820,-2.709189,0.183219,2.333984,0.805388
36.619041,0.064403,0.000000,0.000000,0.000000,-0.000000,-0.000000,1.000000,0.382199,-0.006962,0.203008,0.996291,-0.084537,0.015843,0.002589,0.385797,-0.008123,0.202557,0.996175,-0.086334,0.009816,0.009285,3.124784,-0.021162,-0.172721,-0.024009,0.005965,-0.011283,0.004915,0.091585,0.011346,-4.147691,0.429291,0.393753,0.108140,-2.402025,0.123814,-0.385252,-0.413103,0.387828,-2.710760,0.184367,2.335409,0.805340
36.670792,0.592429,0.203312,0.000000,0.000000,-0.000000,-0.000000,1.000000,0.384569,-0.006149,0.203008,0.996291,-0.084537,0.015843,0.002589,0.385616,-0.008111,0.202531,0.996132,-0.086705,0.010846,0.009230,3.125079,-0.023211,-0.173453,-0.014415,0.006381,-0.009939,-0.009584,0.014822,0.020311,-4.307309,0.579372,-0.505057,0.092844,-2.141458,0.188104,-0.384822,-0.415074,0.387792,-2.713012,0.185693,2.337735,0.805262
36.719013,0.953685,0.277416,0.000000,0.000000,-0.000000,-0.000000,1.000000,0.388384,-0.005039,0.203008,0.996291,-0.084537,0.015843,0.002589,0.385546,-0.007987,0.202438,0.996101,-0.086955,0.011819,0.009092,3.125528,-0.025129,-0.173947,-0.013282,0.009890,-0.008950,0.010543,0.066770,0.019434,-4.777478,0.635650,0.624041,0.102729,-2.800119,0.219165,-0.384313,-0.416458,0.387881,-2.714935,0.187061,2.340193,0.805155
36.768957,0.981474,0.194049,0.000000,0.000000,-0.000000,-0.000000,1.000000,0.392310,-0.004263,0.203008,0.996291,-0.084537,0.015843,0.002589,0.385986,-0.007641,0.202505,0.996077,-0.087084,0.013028,0.008734,3.126457,-0.027478,-0.174203,-0.009130,0.013954,-0.013353,0.021677,0.070886,0.024179,-3.580887,0.654460,0.177079,0.128353,-2.169324,0.236645,-0.383662,-0.416749,0.388098,-2.715599,0.188582,2.342930,0.805149
36.819957,0.999964,0.000000,0.000000,0.000000,-0.000000,-0.000000,1.000000,0.396309,-0.004263,0.203008,0.996291,-0.084537,0.015843,0.002589,0.386951,-0.007111,0.202604,0.996069,-0.087018,0.014379,0.008196,3.127760,-0.030075,-0.174072,-0.004622,0.016873,-0.014536,0.031934,0.103247,0.030528,-3.643373,0.647433,0.789497,0.123223,-2.448425,0.225368,-0.383101,-0.415500,0.388630,-2.714952,0.190073,2.346169,0.805165
36.869170,0.268188,0.000000,0.000000,0.000000,-0.000000,-0.000000,1.000000,0.397382,-0.004263,0.203008,0.996291,-0.084537,0.015843,0.002589,0.388315,-0.006596,0.202858,0.996055,-0.086988,0.015859,0.007504,3.129396,-0.032905,-0.174022,-0.001884,0.012219,-0.014024,0.032981,0.101781,0.024188,-1.798258,0.699409,0.361812,0.095715,-1.551761,0.240029,-0.382756,-0.413345,0.389077,-2.713191,0.191490,2.349432,0.805168
36.920026,-0.000000,0.000000,0.000000,0.000000,-0.000000,-0.000000,1.000000,0.397382,-0.004263,0.203008,0.996291,-0.084537,0.015843,0.002589,0.389900,-0.006160,0.203216,0.996047,-0.086885,0.017151,0.006809,3.131003,-0.035357,-0.173831,0.000093,0.011216,-0.014277,0.037144,0.116533,0.023094,-1.435416,0.545234,0.550770,0.116638,-1.421185,0.173980,-0.382669,-0.410360,0.389394,-2.710358,0.192361,2.352069,0.805171
36.971117,-0.000000,0.000000,0.000000,0.000000,-0.000000,-0.000000,1.000000,0.397382,-0.004263,0.203008,0.996291,-0.084537,0.015843,0.002589,0.391415,-0.005895,0.203394,0.996034,-0.086850,0.018325,0.006166,3.132486,-0.037585,-0.173780,-0.003664,0.008906,-0.020638,0.039299,0.132873,0.018736,-0.831168,0.560490,0.276228,0.059983,-1.034288,0.171914,-0.382705,-0.407020,0.389475,-2.707748,0.192871,2.355023,0.805183
37.020887,-0.000000,0.000000,0.000000,0.000000,-0.000000,-0.000000,1.000000,0.397382,-0.004263,0.203008,0.996291,-0.084537,0.015843,0.002589,0.392778,-0.005662,0.203486,0.996031,-0.086793,0.018924,0.005497,3.133922,-0.038662,-0.173690,-0.004334,0.008964,-0.019676,0.043528,0.149263,0.018393,-0.882845,0.376911,0.085231,0.064190,-0.929229,0.100717,-0.382857,-0.403260,0.389438,-2.704728,0.193082,2.356826,0.805178
37.074615,-0.000000,0.000000,0.000000,0.000000,-0.000000,-0.000000,1.000000,0.397382,-0.004263,0.203008,0.996291,-0.084537,0.015843,0.002589,0.393946,-0.005528,0.203540,0.996022,-0.086809,0.019475,0.004922,3.135163,-0.039659,-0.173745,-0.000855,0.006909,-0.016747,0.020912,0.089823,0.027613,-0.864646,0.280553,-0.683911,0.069387,-0.578905,0.068636,-0.383030,-0.400020,0.389301,-2.702228,0.193229,2.358539,0.805169
37.120046,-0.000000,0.000000,0.000000,0.000000,-0.000000,-0.000000,1.000000,0.397382,-0.004263,0.203008,0.996291,-0.084537,0.015843,0.002589,0.394770,-0.005458,0.203432,0.996011,-0.086844,0.019995,0.004516,3.136065,-0.040627,-0.173832,-0.003119,0.006420,-0.014942,0.018734,0.086626,0.022653,-1.238578,0.320112,-0.939305,0.029082,-0.655336,0.082883,-0.383090,-0.397581,0.389180,-2.700858,0.193370,2.360546,0.805167
37.171024,-0.000000,0.000000,0.000000,0.000000,-0.000000,-0.000000,1.000000,0.397382,-0.004263,0.203008,0.996291,-0.084537,0.015843,0.002589,0.395455,-0.005397,0.203350,0.996003,-0.086815,0.020582,0.004255,3.136686,-0.041750,-0.173785,-0.002210,0.005433,-0.012054,0.004507,0.060059,0.031033,-0.596638,0.151609,-1.255958,0.095920,-0.281922,0.032473,-0.383081,-0.395774,0.389142,-2.699957,0.193448,2.362554,0.805161
37.221016,-0.000000,0.000000,0.000000,0.000000,-0.000000,-0.000000,1.000000,0.397382,-0.004263,0.203008,0.996291,-0.084537,0.015843,0.002589,0.395849,-0.005342,0.203057,0.996000,-0.086791,0.020848,0.004039,3.137162,-0.042242,-0.173746,-0.017570,0.004743,-0.023192,0.014946,0.129289,0.023867,-1.038993,0.275802,-0.229273,0.027858,-0.879661,0.077884,-0.383060,-0.394110,0.389163,-2.699619,0.193520,2.364345,0.805152
37.270272,-0.000000,0.000000,-0.854309,0.000000,-0.000000,-0.000000,1.000000,0.397382,-0.004263,0.199590,0.996291,-0.084537,0.015843,0.002589,0.396262,-0.005284,0.202874,0.995998,-0.086791,0.020987,0.003789,3.137685,-0.042476,-0.173758,-0.022893,0.003266,-0.023924,0.029170,0.166442,0.009116,-0.675299,0.378967,0.213246,-0.009881,-0.893843,0.120469,-0.383118,-0.392458,0.389156,-2.698879,0.193579,2.365472,0.805151
37.321071,-0.000000,0.000000,-0.999969,0.000000,-0.000000,-0.000000,1.000000,0.397382,-0.004263,0.195591,0.996291,-0.084537,0.015843,0.002589,0.396538,-0.005248,0.202549,0.995997,-0.086782,0.021120,0.003606,3.138073,-0.042710,-0.173748,-0.032074,0.001516,-0.036301,0.028755,0.172995,0.004518,-0.480932,0.391862,0.729312,-0.031727,-1.015371,0.120439,-0.383148,-0.390968,0.389207,-2.698694,0.193633,2.366988,0.805137
37.371030,-0.000000,0.000000,-0.996033,0.000000,-0.000000,-0.000000,1.000000,0.397382,-0.004263,0.191606,0.996291,-0.084537,0.015843,0.002589,0.396491,-0.005237,0.201567,0.996000,-0.086791,0.020973,0.003421,3.138416,-0.042385,-0.173773,-0.033436,-0.002441,-0.046008,0.032540,0.167835,-0.007052,-0.765634,0.716587,1.309895,-0.173222,-1.408180,0.235175,-0.383106,-0.388790,0.389343,-2.699748,0.193694,2.369836,0.805133
37.423044,-0.000000,0.000000,-0.996033,0.000000,-0.000000,-0.000000,1.000000,0.397382,-0.004263,0.187622,0.996291,-0.084537,0.015843,0.002589,0.396367,-0.005200,0.200099,0.996009,-0.086766,0.020663,0.003174,3.138854,-0.041725,-0.173731,-0.033498,-0.002213,-0.056705,0.043085,0.179840,-0.009271,-0.664878,0.870412,1.655897,-0.254221,-1.560340,0.289857,-0.383065,-0.385597,0.389627,-2.701317,0.193747,2.373857,0.805132
37.472839,-0.000000,0.000000,-0.999969,0.000000,-0.000000,-0.000000,1.000000,0.397382,-0.004263,0.183622,0.996291,-0.084537,0.015843,0.002589,0.396309,-0.005151,0.198109,0.996022,-0.086715,0.020309,0.002812,3.139511,-0.040955,-0.173643,-0.034304,-0.002670,-0.069436,0.050973,0.197138,-0.009968,-1.011531,0.852975,1.535372,-0.288673,-1.709196,0.277062,-0.383064,-0.380929,0.390023,-2.703201,0.193758,2.379528,0.805127
37.521019,-0.000000,0.000000,-0.996033,0.000000,-0.000000,-0.000000,1.000000,0.397382,-0.004263,0.179638,0.996291,-0.084537,0.015843,0.002589,0.396262,-0.005112,0.195456,0.996036,-0.086703,0.019764,0.002263,3.140511,-0.039774,-0.173637,-0.038197,-0.003778,-0.081961,0.057883,0.215415,-0.012617,-0.653940,0.877632,1.508613,-0.347621,-1.602375,0.281684,-0.383112,-0.374419,0.390414,-2.705457,0.193741,2.386954,0.805109
37.571907,-0.000000,0.000000,-0.999969,0.000000,-0.000000,-0.000000,1.000000,0.397382,-0.004263,0.175638,0.996291,-0.084537,0.015843,0.002589,0.396318,-0.005059,0.192575,0.996049,-0.086655,0.019375,0.001674,-3.141570,-0.038897,-0.173561,-0.037055,-0.000592,-0.087185,0.058000,0.221197,-0.004980,-1.331110,0.623844,0.916707,-0.299557,-1.678984,0.191553,-0.383215,-0.367152,0.390938,-2.707859,0.193714,2.395574,0.805075
37.621999,-0.000000,0.000000,-0.980286,0.000000,-0.000000,-0.000000,1.000000,0.397382,-0.004263,0.171717,0.996291,-0.084537,0.015843,0.002589,0.396288,-0.005023,0.189338,0.996061,-0.086621,0.018947,0.001021,-3.140342,-0.037930,-0.173515,-0.034148,0.000233,-0.089374,0.049321,0.190237,0.003999,-1.241879,0.448650,-0.714236,-0.266552,-1.079252,0.143705,-0.383259,-0.359181,0.391390,-2.710758,0.193700,2.405275,0.804978
37.673859,-0.000000,0.000000,0.000000,0.000000,-0.000000,-0.000000,1.000000,0.397382,-0.004263,0.171717,0.996291,-0.084537,0.015843,0.002589,0.396218,-0.004966,0.185943,0.996073,-0.086596,0.018406,0.000315,-3.139031,-0.036730,-0.173486,-0.029700,0.001317,-0.088035,0.055022,0.189997,0.004163,-2.015323,0.366225,-0.486548,-0.260299,-1.484695,0.116974,-0.383337,-0.350705,0.391866,-2.713663,0.193661,2.415244,0.804900
37.722066,-0.000000,0.000000,0.000000,0.000000,-0.000000,-0.000000,1.000000,0.397382,-0.004263,0.171717,0.996291,-0.084537,0.015843,0.002589,0.396264,-0.004966,0.182606,0.996078,-0.086593,0.018172,-0.000367,-3.137712,-0.036146,-0.173503,-0.029449,-0.001664,-0.083187,0.044020,0.169379,0.008764,-1.441596,0.312521,-0.882836,-0.291997,-1.132748,0.104336,-0.383438,-0.342193,0.392248,-2.716572,0.193559,2.425859,0.804796
37.772828,-0.000000,0.000000,0.000000,0.000000,-0.000000,-0.000000,1.000000,0.397382,-0.004263,0.171717,0.996291,-0.084537,0.015843,0.002589,0.396356,-0.004940,0.179702,0.996084,-0.086610,0.017740,-0.001090,-3.136345,-0.035160,-0.173556,-0.025967,-0.002142,-0.068456,0.049552,0.172681,-0.000006,-1.957438,0.772596,0.221769,-0.499281,-1.720855,0.282240,-0.383553,-0.334219,0.392427,-2.718500,0.193420,2.434571,0.804678
37.821995,-0.000000,0.000000,0.000000,0.000000,-0.000000,-0.000000,1.000000,0.397382,-0.004263,0.171717,0.996291,-0.084537,0.015843,0.002589,0.396607,-0.004928,0.177615,0.996082,-0.086644,0.017623,-0.001674,-3.135199,-0.034824,-0.173645,-0.020594,-0.002039,-0.054366,0.043138,0.129366,-0.007390,-1.229089,0.810965,0.239142,-0.520974,-1.416327,0.305157,-0.383635,-0.328025,0.392468,-2.719607,0.193294,2.441379,0.804604
37.872043,-0.000000,0.000000,0.000000,0.000000,-0.000000,-0.000000,1.000000,0.397382,-0.004263,0.171717,0.996291,-0.084537,0.015843,0.002589,0.396895,-0.004936,0.176002,0.996074,-0.086691,0.017771,-0.002127,-3.134269,-0.035040,-0.173757,-0.005820,-0.004121,-0.032213,0.029438,0.042746,-0.021358,-1.812703,1.046631,0.498508,-0.598284,-1.701578,0.388029,-0.383660,-0.323160,0.392456,-2.720551,0.193223,2.447275,0.804548
37.922207,-0.000000,0.000000,0.000000,0.000000,-0.000000,-0.000000,1.000000,0.397382,-0.004263,0.171717,0.996291,-0.084537,0.015843,0.002589,0.397303,-0.004917,0.175060,0.996065,-0.086720,0.018101,-0.002463,-3.133541,-0.035641,-0.173831,0.016264,-0.004609,-0.008584,0.007141,-0.074973,-0.023179,-2.154595,1.327602,-0.576789,-0.664088,-1.341294,0.486665,-0.383696,-0.319795,0.392475,-2.720782,0.193209,2.451395,0.804532
37.972902,-0.000000,0.000000,0.000000,0.000000,-0.000000,-0.000000,1.000000,0.397382,-0.004263,0.171717,0.996291,-0.084537,0.015843,0.002589,0.397749,-0.004867,0.174494,0.996060,-0.086683,0.018547,-0.002690,-3.133013,-0.036490,-0.173771,0.024091,0.002290,-0.004398,-0.006595,-0.119838,-0.001299,-2.684618,1.159165,-2.126530,-0.602261,-0.840229,0.415272,-0.383703,-0.317391,0.392574,-2.720728,0.193189,2.454550,0.804538
38.023070,-0.000000,0.000000,0.000000,0.000000,-0.000000,-0.000000,1.000000,0.397382,-0.004263,0.171717,0.996291,-0.084537,0.015843,0.002589,0.397990,-0.004793,0.173961,0.996065,-0.086606,0.018565,-0.002900,-3.132595,-0.036489,-0.173625,0.011613,0.004676,-0.004490,0.000526,-0.016360,0.023395,-2.590514,0.578013,-1.929776,-0.444372,-0.799601,0.190706,-0.383733,-0.315265,0.392676,-2.720542,0.193097,2.456452,0.804518
38.073153,-0.000000,0.000000,0.000000,0.000000,-0.000000,-0.000000,1.000000,0.397382,-0.004263,0.171717,0.996291,-0.084537,0.015843,0.002589,0.398035,-0.004733,0.173420,0.996076,-0.086556,0.018185,-0.003114,-3.132235,-0.035696,-0.173525,-0.012073,0.000709,-0.015916,0.017854,0.099791,0.012006,-1.903466,0.424580,-0.579767,-0.449664,-1.059831,0.137127,-0.383832,-0.313308,0.392728,-2.720290,0.192961,2.457326,0.804482
38.123096,-0.000000,0.000000,0.000000,0.000000,-0.000000,-0.000000,1.000000,0.397382,-0.004263,0.171717,0.996291,-0.084537,0.015843,0.002589,0.398227,-0.004733,0.173070,0.996073,-0.086593,0.018170,-0.003298,-3.131870,-0.035635,-0.173606,0.004558,-0.002701,-0.006302,0.009233,-0.016079,-0.015200,-1.613731,0.955959,-0.331847,-0.638084,-1.057688,0.337076,-0.383916,-0.311751,0.392674,-2.720022,0.192895,2.458520,0.804485
38.172866,-0.000000,0.000000,-0.838562,0.000000,-0.000000,-0.000000,1.000000,0.397382,-0.004263,0.168363,0.996291,-0.084537,0.015843,0.002589,0.398338,-0.004697,0.172847,0.996075,-0.086559,0.018205,-0.003389,-3.131683,-0.035687,-0.173542,-0.001818,0.002348,-0.003218,-0.001456,0.006722,0.009654,-2.115731,0.751718,-1.014880,-0.581228,-1.021964,0.251269,-0.383885,-0.310853,0.392684,-2.719955,0.192855,2.459386,0.804485
38.229290,-0.000000,0.000000,-0.992096,0.000000,-0.000000,-0.000000,1.000000,0.397382,-0.004263,0.164395,0.996291,-0.084537,0.015843,0.002589,0.398234,-0.004666,0.172640,0.996079,-0.086555,0.017967,-0.003445,-3.131612,-0.035203,-0.173531,-0.002887,0.001519,-0.006710,0.002929,0.014818,0.004497,-1.771090,0.739162,-1.591979,-0.603973,-0.773893,0.244053,-0.383872,-0.310402,0.392704,-2.720067,0.192855,2.459454,0.804489
38.274712,-0.000000,0.000000,-0.960602,0.000000,-0.000000,-0.000000,1.000000,0.397382,-0.004263,0.160552,0.996291,-0.084537,0.015843,0.002589,0.398004,-0.004630,0.172108,0.996086,-0.086570,0.017503,-0.003570,-3.131443,-0.034257,-0.173558,-0.004892,0.000855,-0.015725,0.007354,0.022691,0.001898,-1.937488,0.728254,-1.643216,-0.629722,-0.881452,0.245129,-0.383873,-0.309271,0.392731,-2.720476,0.192850,2.460015,0.804485
38.324017,-0.000000,0.000000,-0.244064,0.000000,-0.000000,-0.000000,1.000000,0.397382,-0.004263,0.159576,0.996291,-0.084537,0.015843,0.002589,0.397686,-0.004554,0.170918,0.996095,-0.086576,0.016862,-0.003832,-3.131034,-0.032934,-0.173568,-0.006627,0.001780,-0.029559,0.015133,0.034998,0.003625,-2.188806,0.776486,-1.727907,-0.709609,-1.034834,0.268989,-0.383873,-0.306536,0.392862,-2.721450,0.192838,2.462330,0.804481
38.375988,-0.000000,0.000000,0.000000,0.000000,-0.000000,-0.000000,1.000000,0.397382,-0.004263,0.159576,0.996291,-0.084537,0.015843,0.002589,0.397490,-0.004499,0.169249,0.996097,-0.086628,0.016407,-0.004216,-3.130344,-0.031961,-0.173677,-0.000777,0.000898,-0.036187,0.020445,0.010684,-0.005286,-2.917392,0.918554,-1.417986,-0.819032,-1.456695,0.315192,-0.383888,-0.302347,0.392981,-2.722786,0.192812,2.466770,0.804486
38.428946,-0.000000,0.000000,0.000000,0.000000,-0.000000,-0.000000,1.000000,0.397382,-0.004263,0.159576,0.996291,-0.084537,0.015843,0.002589,0.397488,-0.004434,0.167572,0.996097,-0.086665,0.016037,-0.004696,-3.129451,-0.031141,-0.173760,0.004496,0.001286,-0.029328,0.013853,-0.009987,0.005793,-2.880261,0.828952,-2.122533,-0.801832,-1.185268,0.293127,-0.383906,-0.297551,0.393000,-2.723665,0.192738,2.471502,0.804446
38.475124,-0.000000,0.000000,0.000000,0.000000,-0.000000,-0.000000,1.000000,0.397382,-0.004263,0.159576,0.996291,-0.084537,0.015843,0.002589,0.397460,-0.004385,0.166154,0.996107,-0.086620,0.015581,-0.005063,-3.128801,-0.030168,-0.173674,-0.005640,0.000906,-0.027793,0.016461,0.043633,0.005880,-2.131883,0.655052,-2.136056,-0.826859,-0.892245,0.231667,-0.383936,-0.293392,0.392987,-2.724233,0.192431,2.475148,0.804426
38.526024,-0.000000,0.000000,0.000000,0.000000,-0.000000,-0.000000,1.000000,0.397382,-0.004263,0.159576,0.996291,-0.084537,0.015843,0.002589,0.397475,-0.004366,0.165090,0.996111,-0.086590,0.015372,-0.005317,-3.128333,-0.029707,-0.173616,0.000706,-0.000858,-0.020535,0.010718,0.006278,-0.000275,-2.064497,0.743168,-1.798478,-0.857688,-0.996063,0.257017,-0.383954,-0.290289,0.392975,-2.724759,0.192187,2.478230,0.804415
38.577817,-0.000000,-0.129244,0.000000,0.000000,-0.000000,-0.000000,1.000000,0.397382,-0.004780,0.159576,0.996291,-0.084537,0.015843,0.002589,0.397626,-0.004352,0.164292,0.996110,-0.086571,0.015468,-0.005515,-3.127920,-0.029865,-0.173587,0.006473,0.000770,-0.012580,0.003341,-0.025178,0.002361,-2.136987,0.723174,-2.511407,-0.848540,-0.745137,0.248098,-0.383961,-0.287778,0.392991,-2.725142,0.192027,2.481219,0.804425
38.626865,-0.000000,-0.453484,0.000000,0.000000,-0.000000,-0.000000,1.000000,0.397382,-0.006594,0.159576,0.996291,-0.084537,0.015843,0.002589,0.397663,-0.004339,0.163586,0.996117,-0.086517,0.015295,-0.005683,-3.127617,-0.029491,-0.173480,-0.002789,0.000640,-0.014526,0.005653,0.027803,0.009376,-1.587887,0.500187,-2.402028,-0.820413,-0.575916,0.168266,-0.383998,-0.285577,0.392981,-2.725340,0.191768,2.483185,0.804414
38.675938,-0.000000,-0.425695,0.000000,0.000000,-0.000000,-0.000000,1.000000,0.397382,-0.008296,0.159576,0.996291,-0.084537,0.015843,0.002589,0.397727,-0.004556,0.163133,0.996112,-0.086582,0.015267,-0.005682,-3.127623,-0.029435,-0.173609,0.001002,-0.007973,-0.006957,-0.001957,0.001034,-0.010111,-1.790242,0.536119,-2.233373,-0.887129,-0.689964,0.178341,-0.384450,-0.284106,0.392914,-2.725472,0.191234,2.484681,0.804406
38.726034,-0.000000,0.000000,0.000000,0.000000,-0.000000,-0.000000,1.000000,0.397382,-0.008296,0.159576,0.996291,-0.084537,0.015843,0.002589,0.397772,-0.005154,0.162896,0.996098,-0.086752,0.015309,-0.005399,-3.128174,-0.029565,-0.173943,0.001247,-0.014993,-0.003185,-0.017684,-0.007733,-0.008735,-1.700136,0.358283,-2.378584,-0.884321,-0.574197,0.130428,-0.385623,-0.283310,0.392792,-2.725569,0.190045,2.485651,0.804362
38.775938,-0.000000,0.000000,0.000000,0.000000,-0.000000,-0.000000,1.000000,0.397382,-0.008296,0.159576,0.996291,-0.084537,0.015843,0.002589,0.397770,-0.005888,0.162764,0.996098,-0.086768,0.015270,-0.005095,-3.128786,-0.029540,-0.173967,-0.001086,-0.013068,-0.003000,-0.013426,0.006446,0.016632,-1.527668,-0.166298,-2.325710,-0.790996,-0.491443,-0.059833,-0.387016,-0.282836,0.392518,-2.725580,0.188825,2.486048,0.803687
38.826894,-0.000000,0.000000,0.000000,0.000000,-0.000000,-0.000000,1.000000,0.397382,-0.008296,0.159576,0.996291,-0.084537,0.015843,0.002589,0.397789,-0.006504,0.162694,0.996083,-0.086951,0.015291,-0.004993,-3.128980,-0.029599,-0.174332,0.000792,-0.012971,-0.000649,0.005551,-0.003145,-0.033278,-1.570934,0.054888,-2.147316,-0.873549,-0.533561,0.034813,-0.388058,-0.282518,0.392045,-2.725584,0.188232,2.486372,0.803016
38.877634,-0.000000,0.000000,0.000000,0.000000,-0.000000,-0.000000,1.000000,0.397382,-0.008296,0.159576,0.996291,-0.084537,0.015843,0.002589,0.397791,-0.006822,0.162635,0.996094,-0.086836,0.015278,-0.004856,-3.129259,-0.029597,-0.174097,0.000019,-0.002904,-0.001208,-0.011910,-0.000075,0.016579,-1.530560,-0.466883,-2.059937,-0.719622,-0.529072,-0.154984,-0.388455,-0.282278,0.391708,-2.725587,0.187581,2.486569,0.802569
38.927244,-0.000000,0.000000,0.000000,0.000000,-0.000000,-0.000000,1.000000,0.397382,-0.008296,0.159576,0.996291,-0.084537,0.015843,0.002589,0.397795,-0.007021,0.162606,0.996094,-0.086843,0.015281,-0.004738,-3.129494,-0.029623,-0.174107,-0.000229,-0.002290,-0.000573,-0.003978,0.000597,-0.000040,-1.557465,-0.304876,-2.036950,-0.791578,-0.530665,-0.088592,-0.388680,-0.282148,0.391501,-2.725592,0.187074,2.486705,0.802553
38.977063,-0.000000,0.000000,0.000000,0.000000,-0.000000,-0.000000,1.000000,0.397382,-0.008296,0.159576,0.996291,-0.084537,0.015843,0.002589,0.397800,-0.007101,0.162602,0.996104,-0.086728,0.015290,-0.004610,-3.129750,-0.029665,-0.173873,0.000100,-0.001386,-0.000357,-0.003868,0.000845,0.003111,-1.446008,-0.440657,-2.077271,-0.769310,-0.456635,-0.147115,-0.388746,-0.282117,0.391448,-2.725590,0.186635,2.486763,0.802550
39.027084,-0.000000,0.000000,0.000000,0.000000,-0.000000,-0.000000,1.000000,0.397382,-0.008296,0.159576,0.996291,-0.084537,0.015843,0.002589,0.397804,-0.007139,0.162599,0.996112,-0.086640,0.015302,-0.004525,-3.129921,-0.029705,-0.173692,0.000137,-0.000569,-0.000004,-0.002674,-0.001669,0.002379,-1.595253,-0.453031,-1.997660,-0.776461,-0.534223,-0.150611,-0.388777,-0.282102,0.391446,-2.725598,0.186360,2.486819,0.802552
39.076925,-0.000000,0.000000,-0.287384,0.000000,-0.000000,-0.000000,1.000000,0.397382,-0.008296,0.158426,0.996291,-0.084537,0.015843,0.002589,0.397807,-0.007173,0.162594,0.996120,-0.086547,0.015307,-0.004442,-3.130088,-0.029732,-0.173504,0.000111,-0.000711,0.000329,-0.002842,-0.001410,0.001379,-1.582103,-0.384780,-2.073160,-0.815612,-0.497005,-0.122778,-0.388795,-0.282082,0.391435,-2.725600,0.186083,2.486863,0.802554
39.128041,-0.000000,0.000000,-0.996033,0.000000,-0.000000,-0.000000,1.000000,0.397382,-0.008296,0.154442,0.996291,-0.084537,0.015843,0.002589,0.397793,-0.007186,0.162551,0.996128,-0.086464,0.015266,-0.004391,-3.130199,-0.029660,-0.173335,-0.000999,-0.000113,-0.002326,-0.000560,0.005595,0.003216,-1.586944,-0.441846,-2.132261,-0.799856,-0.482789,-0.140579,-0.388799,-0.281960,0.391437,-2.725609,0.185867,2.486914,0.802552
39.177321,-0.000000,0.000000,-0.996033,0.000000,-0.000000,-0.000000,1.000000,0.397382,-0.008296,0.150458,0.996291,-0.084537,0.015843,0.002589,0.397662,-0.007193,0.162207,0.996141,-0.086362,0.015019,-0.004380,-3.130268,-0.029170,-0.173127,-0.004325,-0.000786,-0.012108,0.002245,0.017435,0.003048,-1.512759,-0.383119,-2.343257,-0.848178,-0.423192,-0.119975,-0.388804,-0.281187,0.391440,-2.725877,0.185552,2.487436,0.802555
39.227974,-0.000000,0.000000,-0.999969,0.000000,-0.000000,-0.000000,1.000000,0.397382,-0.008296,0.146458,0.996291,-0.084537,0.015843,0.002589,0.397431,-0.007200,0.161286,0.996153,-0.086280,0.014672,-0.004475,-3.130140,-0.028463,-0.172959,-0.003233,-0.001386,-0.024413,0.007511,0.007694,0.000426,-1.881967,-0.249661,-2.365483,-0.937587,-0.603359,-0.078057,-0.388798,-0.279073,0.391449,-2.726753,0.185201,2.489648,0.802552
39.278034,-0.000000,0.000000,-0.999969,0.000000,-0.000000,-0.000000,1.000000,0.397382,-0.008296,0.142458,0.996291,-0.084537,0.015843,0.002589,0.397258,-0.007212,0.159623,0.996170,-0.086117,0.014408,-0.004677,-3.129788,-0.027903,-0.172632,0.001266,-0.001204,-0.037767,0.006990,-0.012309,0.009259,-1.903884,-0.363481,-2.602200,-0.952525,-0.519292,-0.126380,-0.388786,-0.274832,0.391468,-2.728177,0.184547,2.494618,0.802552
39.329936,-0.000000,0.000000,-0.984222,0.000000,-0.000000,-0.000000,1.000000,0.397382,-0.008296,0.138522,0.996291,-0.084537,0.015843,0.002589,0.397087,-0.007255,0.157215,0.996198,-0.085829,0.014076,-0.004952,-3.129304,-0.027198,-0.172055,-0.007860,-0.002075,-0.054750,0.015197,0.039103,0.014290,-1.676697,-0.418754,-2.345915,-1.005682,-0.533989,-0.153687,-0.388815,-0.268427,0.391453,-2.730040,0.183379,2.501975,0.802556
39.379324,-0.000000,0.000000,-0.901550,0.000000,-0.000000,-0.000000,1.000000,0.397382,-0.008296,0.134915,0.996291,-0.084537,0.015843,0.002589,0.396974,-0.007306,0.154408,0.996234,-0.085440,0.013786,-0.005271,-3.128730,-0.026571,-0.171277,0.005408,-0.003288,-0.056266,0.013583,-0.019725,0.010779,-1.968398,-0.316147,-2.451355,-1.054460,-0.596366,-0.124238,-0.388877,-0.260698,0.391425,-2.732044,0.181862,2.510832,0.802564
39.429319,-0.000000,0.000000,-0.763763,0.000000,-0.000000,-0.000000,1.000000,0.397382,-0.008296,0.131860,0.996291,-0.084537,0.015843,0.002589,0.396956,-0.007373,0.151353,0.996264,-0.085065,0.013816,-0.005625,-3.128030,-0.026574,-0.170535,-0.001448,0.000063,-0.062333,0.012868,0.000745,0.024843,-1.926095,-0.517826,-3.270376,-1.013453,-0.246448,-0.201644,-0.389005,-0.252210,0.391462,-2.734384,0.180318,2.521394,0.802577
39.479258,-0.000000,0.000000,-0.586594,0.000000,-0.000000,-0.000000,1.000000,0.397382,-0.008296,0.129514,0.996291,-0.084537,0.015843,0.002589,0.396669,-0.007428,0.147846,0.996292,-0.084760,0.013413,-0.006114,-3.127132,-0.025694,-0.169927,-0.030930,-0.001958,-0.085802,0.047108,0.158724,0.007843,-1.214415,-0.900118,-1.829535,-0.953480,-0.522588,-0.343491,-0.389243,-0.242723,0.391482,-2.737056,0.178778,2.532371,0.802563
39.529813,-0.000000,0.000000,0.000000,0.000000,-0.000000,-0.000000,1.000000,0.397382,-0.008296,0.129514,0.996291,-0.084537,0.015843,0.002589,0.397166,-0.007656,0.146215,0.996305,-0.084514,0.013925,-0.006297,-3.126686,-0.026687,-0.169449,-0.027161,-0.003333,-0.048327,0.039007,0.155529,-0.004904,1.527345,-0.950436,-16.456800,-0.657835,6.085960,-0.328960,-0.389596,-0.236948,0.391201,-2.737482,0.177196,2.539372,0.802585
39.579060,-0.000000,0.000000,0.000000,0.000000,-0.000000,-0.000000,1.000000,0.397382,-0.008296,0.129514,0.996291,-0.084537,0.015843,0.002589,0.397253,-0.007815,0.144738,0.996309,-0.084347,0.014596,-0.006336,-3.126498,-0.028019,-0.169128,-0.020939,-0.001771,-0.040588,0.010530,0.066277,0.012209,0.293152,-1.032466,-16.640549,-0.683858,5.817338,-0.369835,-0.389639,-0.233046,0.391097,-2.739275,0.176305,2.546252,0.802577
39.629915,-0.000000,0.000000,0.000000,0.000000,-0.000000,-0.000000,1.000000,0.397382,-0.008296,0.129514,0.996291,-0.084537,0.015843,0.002589,0.397205,-0.007846,0.143498,0.996318,-0.084123,0.015315,-0.006290,-3.126475,-0.029463,-0.168690,-0.011416,-0.000575,-0.025601,-0.000637,0.026795,0.018767,-0.318688,-1.297895,-16.181084,-0.583975,5.511209,-0.483765,-0.389520,-0.230306,0.391281,-2.741389,0.175777,2.552447,0.802591
39.678990,-0.000000,0.000000,0.000000,0.000000,-0.000000,-0.000000,1.000000,0.397382,-0.008296,0.129514,0.996291,-0.084537,0.015843,0.002589,0.397069,-0.007866,0.142404,0.996325,-0.083896,0.016102,-0.006169,-3.126591,-0.031056,-0.168248,-0.001915,0.001396,-0.018612,-0.010936,-0.019743,0.029098,-1.357996,-1.319406,-15.717637,-0.537700,5.048695,-0.503233,-0.389307,-0.228305,0.391499,-2.743769,0.175378,2.558336,0.802610
39.729853,-0.000000,0.000000,0.000000,0.000000,-0.000000,-0.000000,1.000000,0.397382,-0.008296,0.129514,0.996291,-0.084537,0.015843,0.002589,0.396931,-0.007924,0.141420,0.996319,-0.083762,0.017231,-0.005989,-3.126764,-0.033338,-0.167996,0.004492,0.001903,-0.012167,-0.017095,-0.071010,0.016942,-1.756440,-1.312078,-15.754525,-0.502854,4.954827,-0.506870,-0.389007,-0.226932,0.391690,-2.746625,0.175222,2.564773,0.802640
39.779205,-0.000000,0.000000,0.000000,0.000000,-0.000000,-0.000000,1.000000,0.397382,-0.008296,0.129514,0.996291,-0.084537,0.015843,0.002589,0.396702,-0.007920,0.140471,0.996322,-0.083552,0.018113,-0.005815,-3.126969,-0.035127,-0.167587,0.002988,0.002685,-0.010217,-0.011946,-0.035627,0.024260,-2.663366,-1.259773,-14.331079,-0.522339,4.162254,-0.496476,-0.388685,-0.225693,0.391962,-2.749329,0.175076,2.570443,0.802633
39.829248,-0.000000,0.000000,0.000000,0.000000,-0.000000,-0.000000,1.000000,0.397382,-0.008296,0.129514,0.996291,-0.084537,0.015843,0.002589,0.396775,-0.007903,0.139804,0.996319,-0.083387,0.019018,-0.005736,-3.126980,-0.036947,-0.167271,0.014376,0.000846,-0.003542,-0.017370,-0.086806,0.018626,-2.118829,-1.194346,-15.158146,-0.539747,4.699464,-0.467664,-0.388481,-0.224351,0.392185,-2.750973,0.174939,2.575198,0.802644
39.881584,-0.000000,0.000000,0.000000,0.000000,-0.000000,-0.000000,1.000000,0.397382,-0.008296,0.129514,0.996291,-0.084537,0.015843,0.002589,0.396848,-0.007937,0.139128,0.996311,-0.083314,0.019774,-0.005711,-3.126907,-0.038459,-0.167138,0.022600,-0.000762,0.001484,-0.017297,-0.115580,0.007913,-3.261483,-0.938899,-14.196510,-0.641980,3.998418,-0.388909,-0.388418,-0.222818,0.392321,-2.752372,0.174786,2.579586,0.802650
39.930268,-0.000000,0.000000,0.000000,0.000000,-0.000000,-0.000000,1.000000,0.397382,-0.008296,0.129514,0.996291,-0.084537,0.015843,0.002589,0.396954,-0.007963,0.138539,0.996305,-0.083240,0.020383,-0.005716,-3.126797,-0.039673,-0.167003,0.028921,0.000963,0.005471,-0.021395,-0.147698,0.008700,-3.064898,-0.817338,-14.173422,-0.670241,4.083379,-0.341036,-0.388394,-0.221290,0.392421,-2.753378,0.174595,2.583282,0.802654
39.980171,-0.000000,0.000000,0.000000,0.000000,-0.000000,-0.000000,1.000000,0.397382,-0.008296,0.129514,0.996291,-0.084537,0.015843,0.002589,0.396973,-0.007993,0.137965,0.996304,-0.083165,0.020710,-0.005736,-3.126706,-0.040325,-0.166862,0.034491,0.001385,0.011535,-0.031687,-0.189285,0.008142,-3.177395,-0.505231,-13.648510,-0.744108,3.861416,-0.221233,-0.388401,-0.219802,0.392458,-2.754181,0.174327,2.586171,0.802652
40.030190,-0.000000,0.000000,0.000000,0.000000,-0.000000,-0.000000,1.000000,0.397382,-0.008296,0.129514,0.996291,-0.084537,0.015843,0.002589,0.396800,-0.008083,0.137450,0.996302,-0.083139,0.020927,-0.005672,-3.126797,-0.040767,-0.166810,0.037417,-0.000484,0.016562,-0.043873,-0.232512,0.006938,-3.432111,0.020723,-12.662582,-0.861306,3.387238,-0.019690,-0.388415,-0.218967,0.392439,-2.755349,0.174090,2.588571,0.802636
40.080194,-0.000000,0.000000,0.000000,0.000000,-0.000000,-0.000000,1.000000,0.397382,-0.008296,0.129514,0.996291,-0.084537,0.015843,0.002589,0.396478,-0.008175,0.136926,0.996303,-0.083129,0.020941,-0.005591,-3.126957,-0.040809,-0.166788,0.030495,-0.001215,0.010617,-0.029557,-0.173732,0.007210,-3.000419,0.592768,-10.099324,-0.987006,2.554267,0.198221,-0.388455,-0.218371,0.392441,-2.756642,0.173884,2.590462,0.802619
40.130879,-0.000000,0.000000,0.000000,0.000000,-0.000000,-0.000000,1.000000,0.397382,-0.008296,0.129514,0.996291,-0.084537,0.015843,0.002589,0.396311,-0.008210,0.136463,0.996305,-0.083128,0.020828,-0.005625,-3.126909,-0.040577,-0.166786,0.015613,0.001157,0.000910,-0.005973,-0.074593,0.000034,-1.380206,0.980997,-8.009886,-1.069581,2.282570,0.367298,-0.388545,-0.217370,0.392450,-2.757228,0.173707,2.591780,0.802614
40.180172,-0.000000,0.000000,0.000000,0.000000,-0.000000,-0.000000,1.000000,0.397382,-0.008296,0.129514,0.996291,-0.084537,0.015843,0.002589,0.396266,-0.008221,0.136079,0.996315,-0.083107,0.020399,-0.005767,-3.126699,-0.039701,-0.166740,0.003074,-0.001266,-0.003518,0.013870,0.011289,-0.015638,-0.763204,1.185939,-4.854527,-1.188397,1.359357,0.453085,-0.388731,-0.215934,0.392369,-2.756892,0.173384,2.591962,0.802589
40.230293,-0.000000,0.000000,0.000000,0.000000,-0.000000,-0.000000,1.000000,0.397382,-0.008296,0.129514,0.996291,-0.084537,0.015843,0.002589,0.396280,-0.008251,0.135617,0.996318,-0.083084,0.020335,-0.005876,-3.126493,-0.039555,-0.166695,-0.034685,-0.002790,-0.029259,0.027965,0.150401,-0.011524,1.182218,0.777387,-3.766335,-1.106657,1.593300,0.318072,-0.388792,-0.214409,0.392238,-2.757007,0.173089,2.593405,0.802562
40.281307,-0.000000,0.000000,0.000000,0.000000,-0.000000,-0.000000,1.000000,0.397382,-0.008296,0.129514,0.996291,-0.084537,0.015843,0.002589,0.396471,-0.008276,0.135292,0.996311,-0.083027,0.020869,-0.005887,-3.126383,-0.040618,-0.166594,-0.045406,-0.001494,-0.038260,0.036903,0.213300,-0.005741,0.883731,0.254943,-5.774128,-0.950893,2.226140,0.136710,-0.388736,-0.213311,0.392219,-2.757466,0.172893,2.595985,0.802582
40.331353,-0.000000,0.000000,0.000000,0.000000,-0.000000,-0.000000,1.000000,0.397382,-0.008296,0.129514,0.996291,-0.084537,0.015843,0.002589,0.396764,-0.008319,0.135152,0.996301,-0.082955,0.021654,-0.005830,-3.126369,-0.042194,-0.166464,-0.020137,-0.001494,-0.019947,0.009994,0.091161,0.007753,0.076934,-0.219624,-8.336804,-0.802131,2.970336,-0.050667,-0.388667,-0.212693,0.392233,-2.757911,0.172722,2.598600,0.802604
40.381050,-0.000000,0.000000,0.000000,0.000000,-0.000000,-0.000000,1.000000,0.397382,-0.008296,0.129514,0.996291,-0.084537,0.015843,0.002589,0.397124,-0.008271,0.134984,0.996297,-0.082891,0.022054,-0.005940,-3.126086,-0.042973,-0.166348,0.012161,-0.002299,0.001254,-0.008634,-0.037788,0.014978,-1.988023,-0.493077,-9.415587,-0.722074,2.733177,-0.186684,-0.388643,-0.211440,0.392248,-2.757555,0.172579,2.600250,0.802638
40.433286,-0.360782,0.000000,0.000000,0.000000,-0.000000,-0.000000,1.000000,0.395939,-0.008296,0.129514,0.996291,-0.084537,0.015843,0.002589,0.397174,-0.008291,0.134666,0.996292,-0.082885,0.022273,-0.005978,-3.125974,-0.043404,-0.166343,0.031191,0.000363,0.014193,-0.027816,-0.158828,0.011002,-3.338231,-0.270578,-10.042340,-0.768364,2.515437,-0.128631,-0.388610,-0.210502,0.392188,-2.757930,0.172436,2.601960,0.802667
40.481096,-0.407097,0.000000,0.000000,0.000000,-0.000000,-0.000000,1.000000,0.394311,-0.008296,0.129514,0.996291,-0.084537,0.015843,0.002589,0.396899,-0.008336,0.134231,0.996295,-0.082868,0.022232,-0.005939,-3.126058,-0.043328,-0.166307,0.033651,0.000952,0.016578,-0.040256,-0.209911,0.010585,-3.691439,0.366339,-9.614145,-0.906118,2.166948,0.098665,-0.388581,-0.209963,0.392169,-2.758934,0.172309,2.603394,0.802648
40.532193,-0.972175,0.147734,0.000000,0.000000,-0.000000,-0.000000,1.000000,0.390422,-0.007705,0.129514,0.996291,-0.084537,0.015843,0.002589,0.396304,-0.008422,0.133763,0.996302,-0.082829,0.022121,-0.005740,-3.126477,-0.043142,-0.166217,0.021054,0.000003,0.010876,-0.034796,-0.160532,0.011153,-2.886863,0.543155,-8.552348,-0.936217,2.010269,0.171735,-0.388501,-0.210235,0.392212,-2.760811,0.172177,2.604787,0.802638
40.583918,-0.999964,0.156997,0.000000,0.000000,-0.000000,-0.000000,1.000000,0.386422,-0.007078,0.129514,0.996291,-0.084537,0.015843,0.002589,0.395362,-0.008460,0.133294,0.996321,-0.082785,0.021450,-0.005511,-3.127047,-0.041842,-0.166105,-0.005292,0.001465,-0.000268,-0.015519,-0.047386,-0.003126,-2.550399,1.019648,-5.575540,-1.077949,0.993550,0.351765,-0.388405,-0.211071,0.392335,-2.762847,0.172120,2.604681,0.802655
40.632330,-0.851756,0.129208,0.000000,0.000000,-0.000000,-0.000000,1.000000,0.383015,-0.006561,0.129514,0.996291,-0.084537,0.015843,0.002589,0.393979,-0.008459,0.132848,0.996353,-0.082628,0.020693,-0.005049,-3.128101,-0.040412,-0.165755,-0.020864,0.002540,-0.004486,-0.011135,0.000905,-0.013091,-2.167305,1.015593,-4.791665,-1.047524,0.908459,0.347961,-0.388027,-0.213260,0.392606,-2.766072,0.172134,2.604301,0.802723
40.682264,-0.000000,0.000000,0.000000,0.000000,-0.000000,-0.000000,1.000000,0.383015,-0.006561,0.129514,0.996291,-0.084537,0.015843,0.002589,0.392245,-0.008390,0.132497,0.996392,-0.082398,0.019874,-0.004344,-3.129652,-0.038899,-0.165249,-0.042525,0.004833,-0.009075,-0.016553,0.062443,-0.002191,-2.596815,1.211465,-4.014380,-1.086918,0.564294,0.383453,-0.387443,-0.216790,0.393167,-2.770214,0.172162,2.603449,0.803060
40.732277,-0.000000,0.000000,0.000000,0.000000,-0.000000,-0.000000,1.000000,0.383015,-0.006561,0.129514,0.996291,-0.084537,0.015843,0.002589,0.390350,-0.008293,0.132168,0.996429,-0.082087,0.019470,-0.003408,-3.131597,-0.038252,-0.164582,-0.064002,0.002954,-0.019460,-0.010111,0.151887,-0.009308,-2.364826,1.069621,-3.420377,-0.989361,0.435840,0.298337,-0.386632,-0.221291,0.393991,-2.775494,0.172261,2.603651,0.803560
40.783125,-0.000000,0.000000,0.000000,0.000000,-0.000000,-0.000000,1.000000,0.383015,-0.006561,0.129514,0.996291,-0.084537,0.015843,0.002589,0.388758,-0.008137,0.131949,0.996463,-0.081731,0.019391,-0.002506,-3.133422,-0.038244,-0.163831,-0.072882,0.004740,-0.030330,-0.003069,0.219915,0.011618,-1.526358,0.686804,-3.071625,-0.822200,0.521797,0.142496,-0.385785,-0.225520,0.394926,-2.780313,0.172365,2.604308,0.804134
40.832245,-0.000000,0.000000,0.000000,0.000000,-0.000000,-0.000000,1.000000,0.383015,-0.006561,0.129514,0.996291,-0.084537,0.015843,0.002589,0.387486,-0.008027,0.131910,0.996482,-0.081516,0.019366,-0.001722,-3.134998,-0.038325,-0.163370,-0.070567,0.002248,-0.029872,0.001994,0.231346,0.003983,-2.788168,0.835464,-2.607649,-0.888412,-0.071693,0.165684,-0.385237,-0.229390,0.395856,-2.784143,0.172513,2.604431,0.804730
40.883241,-0.000000,0.000000,0.000000,0.000000,-0.000000,-0.000000,1.000000,0.383015,-0.006561,0.129514,0.996291,-0.084537,0.015843,0.002589,0.386655,-0.007932,0.131928,0.996502,-0.081244,0.019563,-0.001105,-3.136208,-0.038820,-0.162803,-0.053823,0.001175,-0.029598,0.009013,0.184667,-0.009231,-2.163908,0.642502,-3.357211,-0.810618,0.422052,0.090554,-0.384884,-0.232279,0.396705,-2.786961,0.172614,2.604924,0.805054
40.933010,-0.000000,0.000000,0.000000,0.000000,-0.000000,-0.000000,1.000000,0.383015,-0.006561,0.129514,0.996291,-0.084537,0.015843,0.002589,0.386072,-0.007860,0.131945,0.996518,-0.080999,0.019751,-0.000642,-3.137111,-0.039270,-0.162295,-0.036776,0.001098,-0.019221,-0.004604,0.122214,0.016317,-3.131145,0.440253,-4.860450,-0.741775,0.671899,0.001161,-0.384672,-0.234375,0.397404,-2.789014,0.172682,2.605383,0.805230
40.982950,-0.000000,0.000000,0.000000,0.000000,-0.000000,-0.000000,1.000000,0.383015,-0.006561,0.129514,0.996291,-0.084537,0.015843,0.002589,0.385686,-0.007823,0.131941,0.996523,-0.080839,0.020147,-0.000252,-3.137830,-0.040125,-0.161963,-0.012514,0.001086,-0.000271,-0.018481,0.025315,0.020777,-3.906870,0.498644,-6.298533,-0.772494,0.952295,0.006314,-0.384544,-0.235979,0.398027,-2.790812,0.172759,2.606473,0.805431
41.032902,-0.000000,0.000000,0.000000,0.000000,-0.000000,-0.000000,1.000000,0.383015,-0.006561,0.129514,0.996291,-0.084537,0.015843,0.002589,0.385267,-0.007802,0.131920,0.996532,-0.080676,0.020393,0.000110,-3.138518,-0.040673,-0.161624,-0.005296,0.001685,0.002228,-0.015622,0.001926,0.017379,-3.869687,0.382312,-6.420385,-0.739516,0.986771,-0.038920,-0.384481,-0.237488,0.398612,-2.792476,0.172819,2.607217,0.805548
41.083046,-0.000000,0.000000,0.000000,0.000000,-0.000000,-0.000000,1.000000,0.383015,-0.006561,0.129514,0.996291,-0.084537,0.015843,0.002589,0.384912,-0.007755,0.131891,0.996537,-0.080527,0.020699,0.000446,-3.139145,-0.041338,-0.161314,0.008515,0.003826,0.009260,-0.022750,-0.056802,0.021759,-4.490283,0.410108,-6.529072,-0.754320,0.817328,-0.052225,-0.384397,-0.238835,0.399225,-2.794049,0.172902,2.608146,0.805727
41.136036,-0.000000,0.000000,0.000000,0.000000,-0.000000,-0.000000,1.000000,0.383015,-0.006561,0.129514,0.996291,-0.084537,0.015843,0.002589,0.384483,-0.007745,0.131877,0.996541,-0.080407,0.020980,0.000811,-3.139834,-0.041958,-0.161059,0.014883,0.003968,0.017600,-0.032217,-0.100140,0.022982,-4.613643,0.609004,-6.840878,-0.762632,0.872516,0.016472,-0.384321,-0.240434,0.399797,-2.795797,0.173017,2.608955,0.805873
41.182298,-0.000000,0.000000,0.000000,0.000000,-0.000000,-0.000000,1.000000,0.383015,-0.006561,0.129514,0.996291,-0.084537,0.015843,0.002589,0.384051,-0.007738,0.131841,0.996543,-0.080311,0.021255,0.001164,-3.140497,-0.042563,-0.160855,0.018747,0.003869,0.017523,-0.034575,-0.135781,0.018068,-5.118036,0.795017,-6.128127,-0.770882,0.446858,0.077090,-0.384229,-0.241964,0.400335,-2.797554,0.173141,2.609825,0.806044
41.233038,-0.000000,0.000000,0.000000,0.000000,-0.000000,-0.000000,1.000000,0.383015,-0.006561,0.129514,0.996291,-0.084537,0.015843,0.002589,0.383622,-0.007750,0.131784,0.996542,-0.080246,0.021501,0.001486,-3.141104,-0.043106,-0.160712,0.023250,0.004345,0.016479,-0.035703,-0.166639,0.011631,-5.522348,1.089538,-6.089490,-0.806168,0.287888,0.181455,-0.384127,-0.243380,0.400776,-2.799264,0.173267,2.610690,0.806192
41.283055,-0.000000,0.000000,0.000000,0.000000,-0.000000,-0.000000,1.000000,0.383015,-0.006561,0.129514,0.996291,-0.084537,0.015843,0.002589,0.383368,-0.007763,0.131765,0.996539,-0.080206,0.021788,0.001731,-3.141547,-0.043717,-0.160623,0.028182,0.003958,0.016700,-0.032841,-0.173541,0.012326,-5.575693,1.265673,-5.609960,-0.813489,0.096791,0.254018,-0.384112,-0.244407,0.401171,-2.800493,0.173374,2.611528,0.806315
41.332318,0.203348,0.000000,0.000000,0.000000,-0.000000,-0.000000,1.000000,0.383828,-0.006561,0.129514,0.996291,-0.084537,0.015843,0.002589,0.383217,-0.007759,0.131736,0.996538,-0.080155,0.022000,0.001898,3.141336,-0.044167,-0.160515,0.029363,0.002704,0.017549,-0.033839,-0.180725,0.010655,-5.075954,1.137963,-6.095916,-0.755070,0.423247,0.214670,-0.384122,-0.245009,0.401495,-2.801300,0.173417,2.612201,0.806413
41.382997,0.824003,0.000000,0.000000,0.000000,-0.000000,-0.000000,1.000000,0.387124,-0.006561,0.129514,0.996291,-0.084537,0.015843,0.002589,0.383102,-0.007770,0.131682,0.996536,-0.080134,0.022143,0.002014,3.141127,-0.044470,-0.160469,0.028690,0.002626,0.013832,-0.035756,-0.184393,0.017779,-5.154364,1.538096,-5.761476,-0.849036,0.246139,0.362854,-0.384175,-0.245340,0.401729,-2.801898,0.173424,2.612783,0.806488
41.433025,0.999964,0.000000,0.000000,0.000000,-0.000000,-0.000000,1.000000,0.391124,-0.006561,0.129514,0.996291,-0.084537,0.015843,0.002589,0.383307,-0.007746,0.131726,0.996527,-0.080165,0.022421,0.001996,3.141208,-0.045022,-0.160534,0.033459,0.000834,0.015363,-0.023538,-0.163679,0.010829,-4.740047,1.772060,-5.169152,-0.912555,0.133015,0.451736,-0.384257,-0.245106,0.401880,-2.801700,0.173449,2.613377,0.806612
41.483160,0.999964,0.000000,0.000000,0.000000,-0.000000,-0.000000,1.000000,0.395124,-0.006561,0.129514,0.996291,-0.084537,0.015843,0.002589,0.383910,-0.007674,0.131839,0.996516,-0.080189,0.022833,0.001816,-3.141549,-0.045815,-0.160593,0.028021,0.001228,0.005974,-0.006821,-0.114833,0.005792,-3.254211,1.845615,-3.730730,-0.936172,0.002393,0.486857,-0.384466,-0.243971,0.402016,-2.800478,0.173422,2.614084,0.806715
41.533245,0.999964,0.000000,0.000000,0.000000,-0.000000,-0.000000,1.000000,0.399124,-0.006561,0.129514,0.996291,-0.084537,0.015843,0.002589,0.384930,-0.007613,0.131949,0.996488,-0.080278,0.023764,0.001513,-3.140791,-0.047621,-0.160794,0.030083,0.000247,0.003696,0.007618,-0.101851,-0.011861,-2.241797,1.964262,-2.649669,-0.992999,-0.171098,0.539641,-0.384688,-0.241971,0.402032,-2.798825,0.173405,2.616219,0.806844
41.583296,0.999964,0.000000,0.000000,0.000000,-0.000000,-0.000000,1.000000,0.403124,-0.006561,0.129514,0.996291,-0.084537,0.015843,0.002589,0.386454,-0.007464,0.131986,0.996453,-0.080294,0.025155,0.001026,-3.139595,-0.050317,-0.160862,0.043222,0.001972,0.004407,0.014328,-0.124176,-0.010164,-1.706854,1.857880,-0.985443,-1.064776,-0.650653,0.498284,-0.384948,-0.238583,0.402118,-2.796427,0.173370,2.619870,0.806930
41.634037,0.999964,0.000000,0.000000,0.000000,-0.000000,-0.000000,1.000000,0.407124,-0.006561,0.129514,0.996291,-0.084537,0.015843,0.002589,0.388617,-0.007208,0.132030,0.996417,-0.080311,0.026512,0.000171,-3.137670,-0.052886,-0.160955,0.058636,0.001476,0.006451,0.026914,-0.134491,-0.012630,-1.071686,1.712851,-0.792782,-1.089440,-0.512445,0.451241,-0.385455,-0.233204,0.402140,-2.792042,0.173231,2.623378,0.806949
41.684164,0.555377,0.000000,0.000000,0.000000,-0.000000,-0.000000,1.000000,0.409345,-0.006561,0.129514,0.996291,-0.084537,0.015843,0.002589,0.391413,-0.006915,0.132275,0.996384,-0.080381,0.027521,-0.001024,-3.135119,-0.054705,-0.161173,0.078210,0.000593,0.018651,0.020994,-0.167289,0.002082,-0.938314,1.545246,-1.301753,-1.225473,-0.202986,0.393890,-0.386418,-0.226209,0.402037,-2.785081,0.172803,2.625168,0.806939
41.734240,-0.000000,0.000000,0.000000,0.000000,-0.000000,-0.000000,1.000000,0.409345,-0.006561,0.129514,0.996291,-0.084537,0.015843,0.002589,0.394361,-0.006660,0.132318,0.996348,-0.080571,0.028154,-0.002444,-3.132171,-0.055738,-0.161644,0.076543,-0.000534,0.009467,0.025813,-0.163824,-0.001358,-0.808935,1.303740,-1.142713,-1.368594,-0.101591,0.294347,-0.387706,-0.217803,0.401806,-2.777155,0.172186,2.626584,0.806927
41.787188,-0.000000,0.000000,0.000000,0.000000,-0.000000,-0.000000,1.000000,0.409345,-0.006561,0.129514,0.996291,-0.084537,0.015843,0.002589,0.396886,-0.006495,0.132205,0.996322,-0.080815,0.028229,-0.003802,-3.129435,-0.055664,-0.162212,0.052255,-0.001577,-0.001811,0.047990,-0.033875,-0.014470,-0.423370,1.389585,-2.335011,-1.488016,0.507134,0.324398,-0.388963,-0.209745,0.401364,-2.769686,0.171421,2.626988,0.806913
41.836628,-0.000000,0.000000,0.000000,0.000000,-0.000000,-0.000000,1.000000,0.409345,-0.006561,0.129514,0.996291,-0.084537,0.015843,0.002589,0.398987,-0.006439,0.132118,0.996311,-0.080949,0.028080,-0.004889,-3.127282,-0.055190,-0.162536,0.047392,-0.001072,0.004145,0.029874,-0.044941,-0.003215,0.888304,1.009047,-3.152647,-1.402807,1.364099,0.201192,-0.390028,-0.202898,0.400757,-2.763121,0.170329,2.626679,0.806907
41.884609,-0.000000,0.000000,0.000000,0.000000,-0.000000,-0.000000,1.000000,0.409345,-0.006561,0.129514,0.996291,-0.084537,0.015843,0.002589,0.400744,-0.006436,0.132133,0.996313,-0.081005,0.027648,-0.005770,-3.125593,-0.054184,-0.162687,0.027160,-0.002128,-0.005204,0.044928,0.051085,-0.013107,1.650028,1.026809,-1.120558,-1.457658,0.990594,0.219363,-0.391081,-0.197200,0.400221,-2.757086,0.169101,2.625235,0.806908
41.934384,-0.000000,0.000000,0.000000,0.000000,-0.000000,-0.000000,1.000000,0.409345,-0.006561,0.129514,0.996291,-0.084537,0.015843,0.002589,0.402273,-0.006482,0.132102,0.996316,-0.080984,0.027460,-0.006420,-3.124327,-0.053704,-0.162675,0.006398,-0.001492,-0.011332,0.036593,0.106365,0.001040,2.541075,0.757947,-1.395635,-1.401103,1.487857,0.113696,-0.392112,-0.192293,0.399907,-2.752145,0.167795,2.624628,0.806968
41.985107,-0.000000,0.000000,0.000000,0.000000,-0.000000,-0.000000,1.000000,0.409345,-0.006561,0.129514,0.996291,-0.084537,0.015843,0.002589,0.403283,-0.006575,0.132051,0.996324,-0.080926,0.027265,-0.006779,-3.123646,-0.053257,-0.162571,-0.015186,-0.001949,-0.018907,0.029192,0.150499,0.003682,2.294797,0.791969,-1.203279,-1.459038,1.400723,0.105679,-0.392893,-0.188895,0.399652,-2.748778,0.166529,2.624134,0.807118
42.035135,-0.000000,0.000000,0.000000,0.000000,-0.000000,-0.000000,1.000000,0.409345,-0.006561,0.129514,0.996291,-0.084537,0.015843,0.002589,0.403988,-0.006665,0.132003,0.996324,-0.080847,0.027479,-0.006917,-3.123339,-0.053664,-0.162425,-0.030984,-0.000836,-0.029317,0.036603,0.212094,0.002561,2.991399,0.224823,-3.282938,-1.295269,2.407770,-0.103020,-0.393315,-0.186787,0.399481,-2.746990,0.165567,2.624805,0.807295
42.085167,-0.000000,0.000000,0.000000,0.000000,-0.000000,-0.000000,1.000000,0.409345,-0.006561,0.129514,0.996291,-0.084537,0.015843,0.002589,0.404552,-0.006691,0.132004,0.996322,-0.080773,0.027743,-0.006952,-3.123231,-0.054185,-0.162286,-0.026582,-0.001340,-0.021693,0.016383,0.162928,0.002680,1.893721,0.052932,-5.266244,-1.281139,2.832063,-0.194079,-0.393548,-0.185311,0.399442,-2.745693,0.164670,2.625468,0.807717
42.135095,-0.000000,0.000000,0.000000,0.000000,-0.000000,-0.000000,1.000000,0.409345,-0.006561,0.129514,0.996291,-0.084537,0.015843,0.002589,0.405069,-0.006732,0.132017,0.996332,-0.080615,0.027860,-0.006874,-3.123376,-0.054434,-0.161967,0.012730,-0.004225,0.008690,-0.007572,-0.005406,-0.010413,1.048766,-0.162573,-7.125232,-1.229269,3.309618,-0.306838,-0.393757,-0.183886,0.399361,-2.744297,0.163275,2.625700,0.808386
42.185257,-0.000000,0.000000,0.000000,0.000000,-0.000000,-0.000000,1.000000,0.409345,-0.006561,0.129514,0.996291,-0.084537,0.015843,0.002589,0.405419,-0.006796,0.131972,0.996343,-0.080467,0.027942,-0.006685,-3.123748,-0.054632,-0.161663,0.033157,-0.002067,0.017796,-0.013514,-0.102060,-0.013589,-0.590480,0.134868,-6.969281,-1.317448,2.748860,-0.223572,-0.393920,-0.182755,0.399300,-2.743386,0.161711,2.626073,0.809255
42.235258,-0.000000,0.000000,0.000000,0.000000,-0.000000,-0.000000,1.000000,0.409345,-0.006561,0.129514,0.996291,-0.084537,0.015843,0.002589,0.405644,-0.006827,0.131882,0.996370,-0.080243,0.027670,-0.006487,-3.124199,-0.054124,-0.161194,0.040103,0.001655,0.022435,-0.020562,-0.156917,-0.009037,-1.446719,0.337665,-6.330951,-1.330203,2.215144,-0.167445,-0.394158,-0.181569,0.399330,-2.742309,0.159993,2.625628,0.810133
42.286021,-0.000000,0.000000,0.000000,0.000000,-0.000000,-0.000000,1.000000,0.409345,-0.006561,0.129514,0.996291,-0.084537,0.015843,0.002589,0.405778,-0.006862,0.131786,0.996385,-0.080204,0.027270,-0.006357,-3.124525,-0.053347,-0.161098,0.037561,0.000481,0.017207,-0.022594,-0.184000,-0.014760,-2.017582,0.759865,-5.652389,-1.382507,1.780168,-0.010350,-0.394358,-0.180523,0.399277,-2.741310,0.158572,2.624861,0.811082
42.335201,-0.000000,0.000000,0.999969,0.000000,-0.000000,-0.000000,1.000000,0.409345,-0.006561,0.133514,0.996291,-0.084537,0.015843,0.002589,0.405868,-0.006888,0.131653,0.996402,-0.080076,0.027079,-0.006202,-3.124871,-0.052995,-0.160830,0.031000,0.001068,0.013029,-0.035147,-0.172475,0.017674,-1.876471,0.593854,-5.458117,-1.330137,1.725116,-0.076392,-0.394511,-0.179680,0.399312,-2.740797,0.157365,2.624803,0.811766
42.385281,-0.000000,0.000000,0.999969,0.000000,-0.000000,-0.000000,1.000000,0.409345,-0.006561,0.137514,0.996291,-0.084537,0.015843,0.002589,0.405880,-0.006947,0.131663,0.996408,-0.080108,0.026778,-0.006019,-3.125285,-0.052423,-0.160875,0.015725,-0.002142,0.006161,-0.022938,-0.087059,0.009186,-0.964562,0.999783,-4.105126,-1.380441,1.442941,0.092865,-0.394635,-0.179411,0.399259,-2.740274,0.156271,2.623959,0.812629
42.435281,-0.000000,0.000000,0.999969,0.000000,-0.000000,-0.000000,1.000000,0.409345,-0.006561,0.141514,0.996291,-0.084537,0.015843,0.002589,0.406033,-0.006946,0.131924,0.996402,-0.080164,0.026879,-0.005784,-3.125734,-0.052662,-0.160979,0.016127,0.002990,0.013473,-0.029590,-0.088943,0.024449,-0.825167,0.749518,-1.011143,-1.342899,0.245855,-0.010032,-0.394605,-0.179842,0.399337,-2.739842,0.155463,2.623349,0.813584
42.485942,-0.000000,0.000000,0.999969,0.000000,-0.000000,-0.000000,1.000000,0.409345,-0.006561,0.145513,0.996291,-0.084537,0.015843,0.002589,0.406395,-0.007016,0.132814,0.996380,-0.080348,0.027229,-0.005446,-3.126342,-0.053410,-0.161338,0.020367,-0.000177,0.028246,-0.020161,-0.083702,-0.003343,-0.871618,1.132232,0.858734,-1.437745,-0.410443,0.137376,-0.394612,-0.181775,0.399370,-2.738844,0.154903,2.621234,0.814571
42.536120,-0.000000,0.000000,0.999969,0.000000,-0.000000,-0.000000,1.000000,0.409345,-0.006561,0.149513,0.996291,-0.084537,0.015843,0.002589,0.406975,-0.007050,0.134292,0.996365,-0.080407,0.027672,-0.005015,-3.127127,-0.054364,-0.161445,0.023941,0.000577,0.040494,-0.027840,-0.079290,0.004676,-0.698430,0.835387,1.796915,-1.352965,-0.603346,0.027329,-0.394541,-0.184911,0.399431,-2.737018,0.154412,2.617338,0.815446
42.586175,-0.000000,0.000000,0.999969,0.000000,-0.000000,-0.000000,1.000000,0.409345,-0.006561,0.153513,0.996291,-0.084537,0.015843,0.002589,0.407598,-0.007097,0.136356,0.996351,-0.080538,0.027902,-0.004532,-3.128047,-0.054897,-0.161686,0.024640,0.000695,0.053716,-0.036512,-0.080145,0.009619,-1.037679,0.921816,2.533959,-1.361965,-0.914857,0.058798,-0.394526,-0.189466,0.399478,-2.734380,0.154194,2.610846,0.816252
42.636193,-0.000000,0.000000,0.999969,0.000000,-0.000000,-0.000000,1.000000,0.409345,-0.006561,0.157513,0.996291,-0.084537,0.015843,0.002589,0.408137,-0.007204,0.138921,0.996338,-0.080694,0.028007,-0.003899,-3.129284,-0.055207,-0.161969,0.020825,-0.001933,0.063409,-0.036912,-0.068867,-0.004761,-1.164498,1.361677,3.454990,-1.477013,-1.273397,0.220014,-0.394517,-0.195585,0.399458,-2.731470,0.154085,2.602338,0.816996
42.686261,-0.000000,0.000000,0.999969,0.000000,-0.000000,-0.000000,1.000000,0.409345,-0.006561,0.161513,0.996291,-0.084537,0.015843,0.002589,0.408448,-0.007273,0.141767,0.996335,-0.080802,0.027906,-0.003094,-3.130902,-0.055135,-0.162140,0.007199,-0.002143,0.062325,-0.021816,0.000656,-0.028695,-0.486860,1.097281,4.241843,-1.354674,-1.355819,0.118123,-0.394435,-0.202959,0.399575,-2.728696,0.153985,2.592367,0.817847
42.736325,-0.000000,0.000000,0.999969,0.000000,-0.000000,-0.000000,1.000000,0.409345,-0.006561,0.165513,0.996291,-0.084537,0.015843,0.002589,0.408725,-0.007327,0.144890,0.996327,-0.080934,0.027892,-0.002177,-3.132725,-0.055255,-0.162354,0.002103,0.003547,0.065689,-0.029911,0.025985,-0.001826,-0.748409,1.351553,4.692890,-1.377050,-1.632860,0.223533,-0.394204,-0.211211,0.399657,-2.725918,0.153903,2.581726,0.818848
42.786441,-0.000000,0.000000,0.999969,0.000000,-0.000000,-0.000000,1.000000,0.409345,-0.006561,0.169513,0.996291,-0.084537,0.015843,0.002589,0.408849,-0.007434,0.148301,0.996306,-0.081198,0.027916,-0.001120,-3.134817,-0.055472,-0.162827,-0.001110,0.004968,0.068641,-0.027618,0.032050,-0.015664,-0.465678,1.588622,4.393336,-1.363695,-1.463687,0.321338,-0.394019,-0.220662,0.399773,-2.723377,0.153962,2.570254,0.819969
42.837160,-0.000000,0.000000,0.999969,0.000000,-0.000000,-0.000000,1.000000,0.409345,-0.006561,0.173513,0.996291,-0.084537,0.015843,0.002589,0.408826,-0.007500,0.151730,0.996294,-0.081373,0.027858,0.000003,-3.137058,-0.055539,-0.163116,-0.021146,-0.003168,0.058895,-0.010496,0.112599,-0.073865,-0.893178,1.317480,5.982618,-1.254633,-2.235440,0.212960,-0.393724,-0.230408,0.399906,-2.721027,0.153968,2.558528,0.821052
42.886415,-0.000000,0.000000,0.999969,0.000000,-0.000000,-0.000000,1.000000,0.409345,-0.006561,0.177512,0.996291,-0.084537,0.015843,0.002589,0.408734,-0.007500,0.155237,0.996296,-0.081436,0.027589,0.001133,-3.139354,-0.055186,-0.163177,-0.034379,0.004711,0.052345,-0.026009,0.189893,0.015961,-0.032596,0.918945,4.805234,-1.066715,-1.498914,0.093336,-0.393338,-0.240237,0.400017,-2.718372,0.153895,2.545995,0.822052
42.936372,-0.000000,0.000000,0.999969,0.000000,-0.000000,-0.000000,1.000000,0.409345,-0.006561,0.181512,0.996291,-0.084537,0.015843,0.002589,0.408752,-0.007594,0.159034,0.996251,-0.081953,0.027619,0.002217,-3.141483,-0.055423,-0.164156,-0.041631,-0.004527,0.047959,-0.009919,0.220587,-0.055556,0.201214,1.480850,3.732769,-1.177565,-1.012635,0.343950,-0.392976,-0.250621,0.399867,-2.715528,0.154137,2.533315,0.823433
42.987083,-0.000000,0.000000,0.999969,0.000000,-0.000000,-0.000000,1.000000,0.409345,-0.006561,0.185512,0.996291,-0.084537,0.015843,0.002589,0.408909,-0.007470,0.162932,0.996252,-0.081817,0.027870,0.003398,3.139380,-0.056117,-0.163820,-0.025150,0.005078,0.057283,-0.038623,0.144294,0.005458,0.220286,-0.770412,2.709623,-0.367238,-0.616794,-0.490897,-0.392404,-0.260929,0.400070,-2.712419,0.154147,2.520916,0.824256
43.037163,-0.000000,0.000000,0.999969,0.000000,-0.000000,-0.000000,1.000000,0.409345,-0.006561,0.189512,0.996291,-0.084537,0.015843,0.002589,0.409211,-0.007508,0.167116,0.996173,-0.082722,0.027898,0.004291,3.137653,-0.056323,-0.165588,-0.014956,0.006246,0.069191,-0.015846,0.133110,-0.033616,-1.674986,1.826289,2.526334,-1.142427,-1.149162,0.534500,-0.392307,-0.271064,0.399929,-2.708119,0.154612,2.507010,0.826090
43.087255,-0.000000,0.000000,0.999969,0.000000,-0.000000,-0.000000,1.000000,0.409345,-0.006561,0.193512,0.996291,-0.084537,0.015843,0.002589,0.409494,-0.007251,0.171389,0.996200,-0.082356,0.027805,0.005471,3.135263,-0.056330,-0.164786,-0.002505,0.016896,0.082128,-0.068243,0.037415,0.068309,-1.707853,-1.812583,-0.177341,0.136574,-0.153360,-0.866353,-0.391867,-0.281186,0.400253,-2.703448,0.154278,2.492566,0.826821
43.137262,-0.000000,0.000000,0.952728,0.000000,-0.000000,-0.000000,1.000000,0.409345,-0.006561,0.197323,0.996291,-0.084537,0.015843,0.002589,0.409773,-0.007386,0.175583,0.996096,-0.083543,0.027845,0.006234,3.133813,-0.056544,-0.167129,0.028783,-0.004359,0.102872,-0.020381,-0.107723,-0.088913,-1.514439,1.592597,-0.775704,-0.903667,0.203783,0.479247,-0.391972,-0.290941,0.399840,-2.698906,0.154862,2.478776,0.828674
43.188014,-0.000000,0.000000,0.629898,0.000000,-0.000000,-0.000000,1.000000,0.409345,-0.006561,0.199842,0.996291,-0.084537,0.015843,0.002589,0.409632,-0.007222,0.179427,0.996131,-0.083126,0.027532,0.007375,3.131462,-0.056107,-0.166228,0.022970,0.025475,0.090702,-0.091106,-0.099809,0.143527,-4.029792,0.080980,1.487521,-0.362381,-1.572233,-0.109211,-0.391543,-0.300651,0.399925,-2.695216,0.154606,2.465240,0.828871
43.240108,-0.000000,0.000000,0.413361,0.000000,-0.000000,-0.000000,1.000000,0.409345,-0.006561,0.201496,0.996291,-0.084537,0.015843,0.002589,0.409413,-0.007374,0.183211,0.996040,-0.084271,0.027154,0.008077,3.130062,-0.055483,-0.168489,0.029436,-0.013681,0.100678,0.003749,-0.190130,-0.182192,-3.363685,1.706017,0.312699,-0.763731,-0.922095,0.524578,-0.391738,-0.310146,0.399495,-2.691560,0.155383,2.451730,0.830283
43.288308,-0.000000,0.000000,0.000000,0.000000,-0.000000,-0.000000,1.000000,0.409345,-0.006561,0.201496,0.996291,-0.084537,0.015843,0.002589,0.409593,-0.007182,0.186933,0.996062,-0.084014,0.026879,0.008868,3.128422,-0.055065,-0.167931,0.028784,0.019186,0.081152,-0.080690,-0.116832,0.139635,-3.979204,1.842455,1.468744,-0.845496,-1.571118,0.593181,-0.391540,-0.318155,0.399438,-2.686839,0.155301,2.438852,0.830396
43.338305,-0.000000,0.000000,0.000000,0.000000,-0.000000,-0.000000,1.000000,0.409345,-0.006561,0.201496,0.996291,-0.084537,0.015843,0.002589,0.409691,-0.007149,0.190383,0.996014,-0.084708,0.026328,0.009380,3.127347,-0.054061,-0.169300,0.044488,-0.014628,0.091523,0.013127,-0.213303,-0.174481,-3.530949,0.904867,0.138124,-0.465645,-0.899037,0.222772,-0.391891,-0.325279,0.399288,-2.682050,0.155615,2.426173,0.831488
43.388344,-0.000000,0.000000,0.000000,0.000000,-0.000000,-0.000000,1.000000,0.409345,-0.006561,0.201496,0.996291,-0.084537,0.015843,0.002589,0.409686,-0.007012,0.192792,0.996024,-0.084795,0.025515,0.009713,3.126549,-0.052498,-0.169462,0.032714,0.014722,0.057422,-0.059765,-0.137251,0.116505,-4.116757,2.601916,2.019596,-1.144458,-1.858991,0.885039,-0.391951,-0.329890,0.399117,-2.678156,0.155607,2.416271,0.831795
43.440201,-0.000000,0.000000,0.000000,0.000000,-0.000000,-0.000000,1.000000,0.409345,-0.006561,0.201496,0.996291,-0.084537,0.015843,0.002589,0.409676,-0.006934,0.194653,0.996018,-0.084964,0.025074,0.010072,3.125767,-0.051682,-0.169786,0.035078,-0.008395,0.056309,-0.000574,-0.180345,-0.105652,-3.100101,-0.316574,1.066920,-0.053147,-1.212478,-0.247996,-0.392152,-0.333649,0.399203,-2.675431,0.155543,2.409106,0.832304
43.489013,-0.000000,0.000000,0.000000,0.000000,-0.000000,-0.000000,1.000000,0.409345,-0.006561,0.201496,0.996291,-0.084537,0.015843,0.002589,0.409551,-0.006981,0.195892,0.995980,-0.085559,0.024526,0.010117,3.125616,-0.050607,-0.170983,0.020697,-0.001110,0.031265,-0.015833,-0.117650,0.009433,-4.618379,3.310859,1.875544,-1.402595,-2.151087,1.156714,-0.392328,-0.336177,0.398849,-2.673531,0.155849,2.403668,0.832927
43.539937,-0.000000,0.000000,0.000000,0.000000,-0.000000,-0.000000,1.000000,0.409345,-0.006561,0.201496,0.996291,-0.084537,0.015843,0.002589,0.409640,-0.006729,0.196905,0.996020,-0.085156,0.024174,0.010375,3.125021,-0.049943,-0.170164,0.011526,0.010662,0.021263,-0.014790,0.005469,0.044671,-2.255749,-1.058455,1.325796,0.164497,-1.056672,-0.529982,-0.392207,-0.337768,0.399165,-2.671560,0.155486,2.399531,0.832989
43.589513,-0.000000,0.416396,0.000000,0.000000,-0.000000,-0.000000,1.000000,0.409345,-0.004895,0.201496,0.996291,-0.084537,0.015843,0.002589,0.409668,-0.006752,0.197653,0.995974,-0.086021,0.023136,0.010077,3.125481,-0.047838,-0.171925,-0.005104,0.001834,0.009447,0.020109,0.096345,-0.002712,-2.170804,1.983929,2.180759,-0.996760,-1.233311,0.643499,-0.392632,-0.338045,0.398779,-2.668914,0.155727,2.394517,0.834018
43.639374,-0.000000,0.999964,0.000000,0.000000,-0.000000,-0.000000,1.000000,0.409345,-0.000895,0.201496,0.996291,-0.084537,0.015843,0.002589,0.409635,-0.006408,0.198049,0.996049,-0.085437,0.022033,0.010041,3.125338,-0.045623,-0.170762,-0.018292,0.017073,-0.007561,-0.015057,0.156980,0.089476,-1.058579,-1.782089,2.938797,0.311819,-1.200040,-0.812489,-0.392290,-0.337707,0.398823,-2.666732,0.155252,2.390486,0.833784
43.689016,-0.000000,0.999964,0.000000,0.000000,-0.000000,-0.000000,1.000000,0.409345,0.003105,0.201496,0.996291,-0.084537,0.015843,0.002589,0.409798,-0.005947,0.198498,0.996018,-0.086003,0.021418,0.009605,3.126127,-0.044331,-0.171924,0.010312,0.000427,0.013449,0.059241,-0.010295,-0.149880,-1.499563,1.147807,2.549243,-0.607647,-1.256361,0.338304,-0.391863,-0.337439,0.398855,-2.664731,0.155972,2.387491,0.835069
43.740057,-0.000000,0.999964,0.000000,0.000000,-0.000000,-0.000000,1.000000,0.409345,0.007104,0.201496,0.996291,-0.084537,0.015843,0.002589,0.409940,-0.004302,0.198690,0.996091,-0.085354,0.020754,0.009262,3.126670,-0.042940,-0.170639,-0.009108,0.057075,-0.005106,-0.014250,0.100618,0.164070,-1.807612,1.684065,2.473652,-0.806246,-1.248287,0.522898,-0.389899,-0.336825,0.400445,-2.662980,0.156939,2.385093,0.836735
43.789121,-0.000000,0.999964,0.000000,0.000000,-0.000000,-0.000000,1.000000,0.409345,0.011104,0.201496,0.996291,-0.084537,0.015843,0.002589,0.409942,-0.002008,0.198831,0.996179,-0.084606,0.019706,0.008946,3.127091,-0.040787,-0.169158,-0.002966,0.040276,0.003891,0.020719,0.050732,-0.014088,-1.262823,-0.211376,3.653591,0.006836,-1.610509,-0.237490,-0.386922,-0.336139,0.402588,-2.661018,0.157904,2.381819,0.839764
43.838219,-0.000000,0.999964,0.000000,0.000000,-0.000000,-0.000000,1.000000,0.409345,0.015104,0.201496,0.996291,-0.084537,0.015843,0.002589,0.410167,0.000694,0.199181,0.996200,-0.084520,0.019247,0.008494,3.127912,-0.039795,-0.169007,0.016452,0.046587,0.013496,0.036470,-0.075940,-0.092548,-2.291608,3.683994,2.270953,-1.374479,-1.543557,1.292191,-0.383448,-0.335898,0.405203,-2.659087,0.159633,2.379337,0.844534
43.888301,-0.000000,0.999964,0.000000,0.000000,-0.000000,-0.000000,1.000000,0.409345,0.019104,0.201496,0.996291,-0.084537,0.015843,0.002589,0.410392,0.003978,0.199410,0.996284,-0.083576,0.019009,0.008437,3.127948,-0.039297,-0.167115,0.022517,0.082586,0.013682,-0.025038,-0.078111,0.128975,-2.491653,2.573904,0.356011,-1.002149,-0.893946,0.850202,-0.379189,-0.335687,0.408883,-2.657549,0.160751,2.377761,0.849775
43.938917,-0.000000,0.999964,0.000000,0.000000,-0.000000,-0.000000,1.000000,0.409345,0.023104,0.201496,0.996291,-0.084537,0.015843,0.002589,0.410386,0.007627,0.199570,0.996396,-0.082432,0.018058,0.008568,3.127485,-0.037407,-0.164820,-0.007217,0.089037,-0.004104,-0.027301,0.108009,0.169840,-1.749341,-0.159414,1.189718,-0.041341,-0.894491,-0.242557,-0.374555,-0.335141,0.413086,-2.655438,0.161278,2.374563,0.855966
43.989010,-0.000000,0.999964,0.000000,0.000000,-0.000000,-0.000000,1.000000,0.409345,0.027104,0.201496,0.996291,-0.084537,0.015843,0.002589,0.410257,0.011289,0.199665,0.996462,-0.081884,0.016897,0.008530,3.127350,-0.035079,-0.163731,-0.013607,0.060765,-0.003340,0.011596,0.106425,-0.017940,-1.320618,0.493452,3.497713,-0.213379,-1.651920,0.007520,-0.370036,-0.334510,0.417274,-2.653321,0.162254,2.371006,0.862905
44.039052,-0.000000,0.999964,0.000000,0.000000,-0.000000,-0.000000,1.000000,0.409345,0.031104,0.201496,0.996291,-0.084537,0.015843,0.002589,0.410301,0.014994,0.199824,0.996484,-0.081720,0.016489,0.008328,3.127681,-0.034229,-0.163412,0.008773,0.057142,0.007674,0.045285,-0.044191,-0.134503,-1.945691,3.640360,2.938225,-1.297857,-1.717897,1.267041,-0.365060,-0.334234,0.421120,-2.651796,0.163799,2.369160,0.870289
44.089216,-0.000000,0.999964,0.000000,0.000000,-0.000000,-0.000000,1.000000,0.409345,0.035103,0.201496,0.996291,-0.084537,0.015843,0.002589,0.410385,0.018979,0.200002,0.996520,-0.081320,0.016434,0.008120,3.128074,-0.034080,-0.162616,0.022393,0.078880,0.017610,0.000060,-0.132226,0.004234,-2.692304,4.161967,1.355424,-1.486655,-1.458431,1.498241,-0.359492,-0.334182,0.425129,-2.650587,0.165557,2.368134,0.877769
44.139297,0.175559,0.990701,0.000000,0.000000,-0.000000,-0.000000,1.000000,0.410048,0.039066,0.201496,0.996291,-0.084537,0.015843,0.002589,0.410458,0.023051,0.200180,0.996579,-0.080563,0.016568,0.008112,3.128086,-0.034336,-0.161097,0.024500,0.093630,0.017582,-0.042282,-0.143030,0.145125,-2.374172,2.026887,-0.351564,-0.704806,-0.699917,0.658472,-0.354257,-0.334336,0.429900,-2.649558,0.167187,2.367538,0.884999
44.189348,0.472010,0.870282,0.000000,0.000000,-0.000000,-0.000000,1.000000,0.411936,0.042547,0.201496,0.996291,-0.084537,0.015843,0.002589,0.410516,0.027081,0.200360,0.996616,-0.080123,0.016540,0.008006,3.128277,-0.034257,-0.160217,0.020203,0.087189,0.012392,-0.024905,-0.098867,0.101337,-2.236908,0.546425,-0.707730,-0.159318,-0.492452,0.083650,-0.349220,-0.334224,0.434610,-2.648201,0.168903,2.366551,0.892587
44.239401,0.629481,0.749864,0.000000,0.000000,-0.000000,-0.000000,1.000000,0.414453,0.045547,0.201496,0.996291,-0.084537,0.015843,0.002589,0.410635,0.030945,0.200502,0.996604,-0.080306,0.016526,0.007651,3.128989,-0.034174,-0.160597,0.021820,0.070234,0.016147,0.036391,-0.074250,-0.072146,-2.249668,1.410140,-0.037501,-0.458163,-0.732390,0.433925,-0.344714,-0.333792,0.439219,-2.646698,0.171119,2.365767,0.900473
44.289392,0.629481,0.749864,0.000000,0.000000,-0.000000,-0.000000,1.000000,0.416971,0.048546,0.201496,0.996291,-0.084537,0.015843,0.002589,0.410933,0.034667,0.200646,0.996568,-0.080757,0.016778,0.006977,3.130390,-0.034574,-0.161524,0.035624,0.078563,0.023584,0.048713,-0.158324,-0.053733,-2.401667,3.538870,-1.590781,-1.314640,-0.219365,1.284779,-0.340532,-0.333042,0.443538,-2.645114,0.173941,2.365758,0.907892
44.339326,0.629481,0.749864,0.999969,0.000000,-0.000000,-0.000000,1.000000,0.419489,0.051546,0.205496,0.996291,-0.084537,0.015843,0.002589,0.411414,0.038382,0.200702,0.996643,-0.079797,0.017109,0.006576,3.131209,-0.035159,-0.159608,0.026118,0.092409,0.012154,-0.018959,-0.075162,0.180358,-3.648858,1.598938,-0.106546,-0.643145,-1.376528,0.578233,-0.335989,-0.331398,0.447594,-2.643117,0.175439,2.366341,0.913584
44.390201,0.648007,0.740601,0.999969,0.000000,-0.000000,-0.000000,1.000000,0.422081,0.054508,0.209496,0.996291,-0.084537,0.015843,0.002589,0.412265,0.041686,0.201047,0.996671,-0.079405,0.017362,0.006286,3.131813,-0.035614,-0.158831,0.012273,0.072149,0.012087,-0.011530,0.054074,0.083996,-1.677907,0.179626,0.939618,-0.080180,-1.173375,-0.044994,-0.332364,-0.329001,0.451297,-2.639601,0.175877,2.365963,0.920106
44.440077,0.870318,0.481237,0.999969,0.000000,-0.000000,-0.000000,1.000000,0.425563,0.056433,0.213496,0.996291,-0.084537,0.015843,0.002589,0.414058,0.044762,0.202386,0.996635,-0.079685,0.018341,0.005737,3.133075,-0.037481,-0.159409,0.055376,0.046141,0.043761,0.063211,-0.126401,-0.126381,-1.122718,1.571818,0.644619,-0.561698,-0.697237,0.488718,-0.329981,-0.326536,0.454917,-2.633457,0.176389,2.364550,0.926947
44.489511,0.916633,0.416396,0.999969,0.000000,-0.000000,-0.000000,1.000000,0.429229,0.058099,0.217495,0.996291,-0.084537,0.015843,0.002589,0.416321,0.047804,0.204516,0.996600,-0.079890,0.019494,0.005013,3.134710,-0.039667,-0.159847,0.069696,0.067045,0.063287,0.031799,-0.174938,0.000528,-2.450522,3.467199,-1.794466,-1.438734,-0.038565,1.314279,-0.327833,-0.324310,0.458048,-2.625321,0.176878,2.361292,0.933209
44.540328,0.916633,0.416396,0.999969,0.000000,-0.000000,-0.000000,1.000000,0.432896,0.059764,0.221495,0.996291,-0.084537,0.015843,0.002589,0.418514,0.050577,0.206888,0.996644,-0.079117,0.020484,0.004605,3.135649,-0.041571,-0.158310,0.057902,0.066463,0.058704,-0.018092,-0.118657,0.145696,-2.135490,1.129677,0.618098,-0.553830,-0.768343,0.362928,-0.325911,-0.322522,0.460817,-2.616808,0.176512,2.356870,0.937580
44.591376,0.916633,0.416396,0.539352,0.000000,-0.000000,-0.000000,1.000000,0.436562,0.061430,0.223653,0.996291,-0.084537,0.015843,0.002589,0.420938,0.052845,0.209791,0.996604,-0.079421,0.021390,0.003905,3.137203,-0.043268,-0.158951,0.046896,0.040311,0.065342,0.035182,0.005309,-0.020689,-1.555948,1.004541,1.463327,-0.538105,-0.822377,0.280703,-0.324827,-0.320990,0.462638,-2.607063,0.176495,2.350787,0.942284
44.640416,0.916633,0.416396,0.000000,0.000000,-0.000000,-0.000000,1.000000,0.440229,0.063095,0.223653,0.996291,-0.084537,0.015843,0.002589,0.423635,0.054893,0.213083,0.996561,-0.079738,0.022309,0.003057,3.139054,-0.044967,-0.159629,0.027123,0.038972,0.042080,0.030380,0.113864,-0.002004,-1.028712,1.436041,2.166612,-0.768348,-0.882340,0.415606,-0.324104,-0.319267,0.463881,-2.596137,0.176391,2.343734,0.946320
44.691073,0.916633,0.416396,0.000000,0.000000,-0.000000,-0.000000,1.000000,0.443895,0.064761,0.223653,0.996291,-0.084537,0.015843,0.002589,0.426212,0.056703,0.215855,0.996535,-0.079845,0.023210,0.002178,3.140958,-0.046623,-0.159889,0.032080,0.031591,0.040167,0.027462,0.073477,0.003725,0.233921,1.279809,1.878254,-0.743677,-0.285934,0.292986,-0.323629,-0.316839,0.465001,-2.586207,0.176210,2.338295,0.949497
44.741049,0.870318,0.471974,0.000000,0.000000,-0.000000,-0.000000,1.000000,0.447377,0.066649,0.223653,0.996291,-0.084537,0.015843,0.002589,0.428870,0.058504,0.218052,0.996495,-0.080177,0.023847,0.001004,-3.139768,-0.047705,-0.160616,0.028295,0.031823,0.021901,0.054284,0.133532,-0.030615,-0.126413,1.383606,1.402039,-0.896674,-0.287322,0.348944,-0.323207,-0.312618,0.465982,-2.576342,0.176039,2.334133,0.952921
44.790520,0.814740,0.555341,0.000000,0.000000,-0.000000,-0.000000,1.000000,0.450636,0.068870,0.223653,0.996291,-0.084537,0.015843,0.002589,0.431761,0.060308,0.219803,0.996465,-0.080363,0.024485,-0.000261,-3.137131,-0.048774,-0.161057,0.032271,0.033449,0.008676,0.044484,0.100165,-0.004473,0.242614,1.513338,1.681540,-1.027598,-0.324627,0.378392,-0.323072,-0.306739,0.467218,-2.566336,0.175445,2.331452,0.956297
44.841208,0.805477,0.564604,0.000000,0.000000,-0.000000,-0.000000,1.000000,0.453857,0.071129,0.223653,0.996291,-0.084537,0.015843,0.002589,0.434472,0.062091,0.220680,0.996458,-0.080297,0.024916,-0.001603,-3.134387,-0.049419,-0.160995,0.033811,0.035576,0.001073,0.036838,0.109402,0.043491,0.860335,1.048020,1.283356,-0.910382,-0.037497,0.154638,-0.322880,-0.299529,0.468606,-2.557597,0.174753,2.330894,0.959248
44.890523,0.805477,0.564604,0.000000,0.000000,-0.000000,-0.000000,1.000000,0.457079,0.073387,0.223653,0.996291,-0.084537,0.015843,0.002589,0.437482,0.064024,0.221609,0.996421,-0.080583,0.025325,-0.003208,-3.131105,-0.049973,-0.161656,0.034482,0.031141,0.000497,0.085469,0.145769,-0.083917,0.502549,1.108701,1.280782,-1.000581,-0.234863,0.200331,-0.322908,-0.291407,0.470196,-2.547861,0.174219,2.330243,0.962874
44.943542,0.805477,0.564604,0.000000,0.000000,-0.000000,-0.000000,1.000000,0.460301,0.075646,0.223653,0.996291,-0.084537,0.015843,0.002589,0.440615,0.066077,0.222361,0.996390,-0.080793,0.025642,-0.004660,-3.128146,-0.050367,-0.162156,0.041402,0.043207,-0.002809,0.060527,0.099399,-0.012488,0.556011,1.868859,0.488090,-1.444193,0.134366,0.517338,-0.322764,-0.282346,0.471963,-2.537702,0.172784,2.329867,0.967309
44.996718,0.805477,0.564604,0.000000,0.000000,-0.000000,-0.000000,1.000000,0.463523,0.077904,0.223653,0.996291,-0.084537,0.015843,0.002589,0.443594,0.068224,0.222649,0.996416,-0.080362,0.025744,-0.005851,-3.125774,-0.050384,-0.161353,0.048204,0.054603,-0.000360,0.015985,0.057397,0.119676,1.009744,0.091626,-0.113966,-0.824004,0.534945,-0.248988,-0.322673,-0.272608,0.474314,-2.528041,0.170614,2.330187,0.971357
45.042434,0.805477,0.564604,0.000000,0.000000,-0.000000,-0.000000,1.000000,0.466745,0.080162,0.223653,0.996291,-0.084537,0.015843,0.002589,0.446673,0.070256,0.223006,0.996412,-0.080312,0.025750,-0.007029,-3.123424,-0.050207,-0.161310,0.053183,0.037320,0.003547,0.066099,0.048506,-0.050167,0.275757,0.384747,-0.539199,-1.009082,0.399840,-0.085510,-0.322835,-0.262600,0.476569,-2.517846,0.168115,2.330023,0.976073
45.095349,0.805477,0.564604,0.000000,0.000000,-0.000000,-0.000000,1.000000,0.469967,0.082421,0.223653,0.996291,-0.084537,0.015843,0.002589,0.449744,0.072382,0.223088,0.996391,-0.080474,0.025735,-0.008135,-3.121213,-0.049995,-0.161690,0.060010,0.046375,0.002282,0.072953,0.016712,-0.054850,0.699504,2.027579,-0.670240,-1.717878,0.596104,0.581178,-0.322794,-0.252035,0.478966,-2.507870,0.165122,2.330544,0.981816
45.143279,0.805477,0.564604,0.000000,0.000000,-0.000000,-0.000000,1.000000,0.473189,0.084679,0.223653,0.996291,-0.084537,0.015843,0.002589,0.452787,0.074511,0.223137,0.996415,-0.080086,0.025830,-0.008703,-3.120083,-0.050101,-0.160943,0.065639,0.058217,0.011569,0.017513,-0.035551,0.068377,-0.783452,0.764921,-2.187515,-1.347631,0.565851,0.135193,-0.322478,-0.241511,0.481507,-2.497974,0.160626,2.331190,0.987831
45.192410,0.805477,0.564604,0.000000,0.000000,-0.000000,-0.000000,1.000000,0.476411,0.086938,0.223653,0.996291,-0.084537,0.015843,0.002589,0.456012,0.076703,0.223417,0.996422,-0.079941,0.025830,-0.009298,-3.118903,-0.050009,-0.160680,0.071972,0.041484,0.016909,0.048453,-0.033164,-0.047951,0.790132,0.600652,-1.259973,-1.154596,0.831992,-0.020102,-0.322437,-0.230701,0.484251,-2.487009,0.155894,2.330857,0.994495
45.242508,0.879581,0.471974,0.000000,0.000000,-0.000000,-0.000000,1.000000,0.479929,0.088826,0.223653,0.996291,-0.084537,0.015843,0.002589,0.459043,0.078845,0.223420,0.996403,-0.080079,0.025825,-0.010066,-3.117365,-0.049873,-0.160995,0.081411,0.051427,0.020103,0.086764,-0.083097,-0.094227,-0.421583,2.098359,-1.576095,-1.719960,0.480684,0.739939,-0.322351,-0.220076,0.486884,-2.476993,0.151732,2.331288,1.001137
45.293412,0.925896,0.379308,0.000000,0.000000,-0.000000,-0.000000,1.000000,0.483633,0.090343,0.223653,0.996291,-0.084537,0.015843,0.002589,0.462327,0.081100,0.223703,0.996420,-0.079851,0.025705,-0.010501,-3.116528,-0.049569,-0.160556,0.093404,0.063016,0.027964,0.057003,-0.124309,-0.028995,-1.669492,1.635945,-2.740358,-1.602879,0.500718,0.631985,-0.322419,-0.208880,0.489896,-2.465431,0.146218,2.330400,1.008287
45.344283,0.953685,0.305205,0.000000,0.000000,-0.000000,-0.000000,1.000000,0.487447,0.091564,0.223653,0.996291,-0.084537,0.015843,0.002589,0.465531,0.083070,0.223693,0.996442,-0.079591,0.025691,-0.010397,-3.116750,-0.049564,-0.160027,0.090688,0.044650,0.017531,0.026603,-0.163067,-0.017237,-0.746182,1.323643,-0.372514,-1.315962,-0.097364,0.424544,-0.322436,-0.197516,0.492765,-2.454528,0.139081,2.330313,1.016241
45.394516,0.990737,0.110682,0.000000,0.000000,-0.000000,-0.000000,1.000000,0.491410,0.092006,0.223653,0.996291,-0.084537,0.015843,0.002589,0.468789,0.084878,0.223733,0.996441,-0.079518,0.025824,-0.010764,-3.116001,-0.049772,-0.159903,0.100402,0.037200,0.028141,0.066072,-0.185263,-0.073732,-2.387991,1.629881,-2.703959,-1.586033,0.131112,0.696285,-0.322404,-0.186416,0.494935,-2.443862,0.133108,2.330541,1.023086
45.444378,0.879581,0.000000,0.000000,0.000000,-0.000000,-0.000000,1.000000,0.494929,0.092006,0.223653,0.996291,-0.084537,0.015843,0.002589,0.471949,0.086332,0.223724,0.996447,-0.079475,0.025593,-0.011047,-3.115474,-0.049268,-0.159823,0.086219,0.026936,0.007384,0.024843,-0.146145,-0.037017,-0.805775,2.420516,-0.958100,-1.748191,0.042176,0.916715,-0.322600,-0.175242,0.496611,-2.433027,0.126880,2.329842,1.029415
45.494492,0.490536,0.000000,0.000000,0.000000,-0.000000,-0.000000,1.000000,0.496891,0.092006,0.223653,0.996291,-0.084537,0.015843,0.002589,0.475335,0.087383,0.223637,0.996459,-0.079319,0.025674,-0.010935,-3.115693,-0.049452,-0.159508,0.098025,0.020561,0.019582,-0.011505,-0.154341,0.019482,-1.726020,1.803610,-0.563210,-1.484009,-0.589269,0.711941,-0.322672,-0.163651,0.497629,-2.422137,0.119062,2.329859,1.035993
45.542993,-0.000000,0.000000,0.000000,0.000000,-0.000000,-0.000000,1.000000,0.496891,0.092006,0.223653,0.996291,-0.084537,0.015843,0.002589,0.478734,0.088186,0.223712,0.996475,-0.079281,0.025190,-0.010824,-3.115993,-0.048505,-0.159409,0.082176,0.006113,0.002673,-0.024420,-0.070997,0.033636,0.521942,1.808402,0.308215,-1.408449,0.020466,0.546598,-0.322880,-0.151746,0.498118,-2.410098,0.111128,2.327821,1.042258
45.595220,-0.000000,0.000000,0.000000,0.000000,-0.000000,-0.000000,1.000000,0.496891,0.092006,0.223653,0.996291,-0.084537,0.015843,0.002589,0.481751,0.088582,0.223323,0.996495,-0.079233,0.024744,-0.010402,-3.116911,-0.047684,-0.159278,0.070211,-0.001361,-0.006322,-0.048499,-0.056118,0.037571,-0.071626,1.662560,1.599270,-1.267012,-0.766891,0.538066,-0.323019,-0.140435,0.498212,-2.399902,0.102814,2.326964,1.048233
45.643449,-0.000000,0.000000,0.000000,0.000000,-0.000000,-0.000000,1.000000,0.496891,0.092006,0.223653,0.996291,-0.084537,0.015843,0.002589,0.484460,0.088960,0.223132,0.996508,-0.079356,0.023995,-0.009927,-3.117972,-0.046264,-0.159479,0.058763,0.001392,0.005249,-0.028789,-0.008076,0.015513,-0.166876,1.981019,1.823445,-1.405539,-0.882117,0.698119,-0.323036,-0.130118,0.498221,-2.389841,0.095078,2.324682,1.054160
45.693554,-0.000000,0.000000,0.000000,0.000000,-0.000000,-0.000000,1.000000,0.496891,0.092006,0.223653,0.996291,-0.084537,0.015843,0.002589,0.486531,0.089279,0.222960,0.996523,-0.079477,0.023107,-0.009558,-3.118845,-0.044549,-0.159678,0.033667,0.000833,-0.005470,-0.045212,0.017412,0.048080,1.549613,1.786205,2.253031,-1.333779,-0.304304,0.465685,-0.323040,-0.121797,0.498245,-2.381558,0.089034,2.322097,1.058853
45.744337,-0.000000,0.000000,0.000000,0.000000,-0.000000,-0.000000,1.000000,0.496891,0.092006,0.223653,0.996291,-0.084537,0.015843,0.002589,0.488148,0.089411,0.222608,0.996545,-0.079445,0.022513,-0.008916,-3.120224,-0.043468,-0.159568,0.030815,-0.001082,-0.007163,-0.076895,0.009526,0.075740,0.413068,1.223450,1.940760,-1.128013,-0.668688,0.292968,-0.322935,-0.115011,0.498233,-2.375412,0.083187,2.320697,1.063039
45.793697,-0.000000,0.000000,0.000000,0.000000,-0.000000,-0.000000,1.000000,0.496891,0.092006,0.223653,0.996291,-0.084537,0.015843,0.002589,0.489562,0.089540,0.222667,0.996557,-0.079555,0.021921,-0.008053,-3.122035,-0.042421,-0.159738,0.034852,-0.000847,0.012779,-0.059713,-0.047997,0.042900,1.855771,1.413047,0.836178,-1.284702,0.516515,0.272099,-0.322765,-0.109538,0.498305,-2.369327,0.077534,2.318076,1.067528
45.844363,-0.000000,0.000000,0.000000,0.000000,-0.000000,-0.000000,1.000000,0.496891,0.092006,0.223653,0.996291,-0.084537,0.015843,0.002589,0.490645,0.089745,0.222860,0.996561,-0.079812,0.020994,-0.007420,-3.123436,-0.040671,-0.160203,0.029251,-0.001811,0.012211,-0.048556,-0.015739,0.028696,0.394698,1.624060,1.621051,-1.283110,-0.450153,0.508599,-0.322698,-0.104981,0.498509,-2.363589,0.073277,2.314405,1.071386
45.896282,-0.000000,0.000000,0.000000,0.000000,-0.000000,-0.000000,1.000000,0.496891,0.092006,0.223653,0.996291,-0.084537,0.015843,0.002589,0.491522,0.089872,0.222969,0.996566,-0.080042,0.020119,-0.006736,-3.124933,-0.039031,-0.160617,0.023538,-0.001542,0.010239,-0.057528,-0.033968,0.040898,1.876432,1.756277,1.357559,-1.402538,0.305981,0.432580,-0.322643,-0.101022,0.498703,-2.358708,0.069292,2.311115,1.074933
45.945285,-0.000000,0.000000,0.000000,0.000000,-0.000000,-0.000000,1.000000,0.496891,0.092006,0.223653,0.996291,-0.084537,0.015843,0.002589,0.491986,0.089863,0.222777,0.996560,-0.080332,0.019458,-0.005997,-3.126503,-0.037828,-0.161156,0.013652,-0.002749,0.003077,-0.056215,-0.021568,0.032977,0.794939,1.568857,1.553741,-1.314933,-0.315826,0.441790,-0.322510,-0.098178,0.498813,-2.355930,0.065839,2.309307,1.078136
45.995188,-0.000000,0.000000,0.000000,0.000000,-0.000000,-0.000000,1.000000,0.496891,0.092006,0.223653,0.996291,-0.084537,0.015843,0.002589,0.492378,0.089837,0.222721,0.996559,-0.080554,0.018810,-0.005177,-3.128234,-0.036665,-0.161559,0.007134,-0.002689,0.002985,-0.058657,0.000467,0.034829,0.682705,1.691990,1.313528,-1.414075,-0.281963,0.511049,-0.322409,-0.095798,0.498978,-2.353220,0.062468,2.307132,1.081168
46.044576,-0.000000,0.000000,0.000000,0.000000,-0.000000,-0.000000,1.000000,0.496891,0.092006,0.223653,0.996291,-0.084537,0.015843,0.002589,0.492649,0.089864,0.222692,0.996542,-0.080875,0.018498,-0.004541,-3.129542,-0.036141,-0.162174,0.009694,0.000513,-0.003148,-0.025249,-0.023010,0.005374,0.390317,1.577820,0.753905,-1.385921,-0.163536,0.481413,-0.322264,-0.094289,0.499183,-2.351515,0.059969,2.305910,1.083865
46.094572,0.000000,0.000000,0.000000,0.000000,0.000000,0.000000,0.000000,0.496891,0.092006,0.223653,0.996291,-0.084537,0.015843,0.002589,0.492934,0.089925,0.222638,0.996532,-0.081124,0.018045,-0.004171,-3.130344,-0.035295,-0.162654,0.016083,0.001551,0.003291,-0.012901,-0.047090,0.004357,0.062242,1.602857,0.727569,-1.405136,-0.303754,0.525127,-0.322224,-0.092584,0.499355,-2.349639,0.058139,2.304528,1.085846
46.145294,0.000000,0.000000,0.000000,0.000000,0.000000,0.000000,0.000000,0.496891,0.092006,0.223653,0.996291,-0.084537,0.015843,0.002589,0.493188,0.090003,0.222677,0.996524,-0.081367,0.017451,-0.003914,-3.130945,-0.034150,-0.163122,0.009741,0.003085,0.002136,-0.007631,-0.011418,0.004226,0.210298,1.565886,0.611054,-1.410895,-0.175452,0.479118,-0.322219,-0.090988,0.499490,-2.347544,0.056746,2.302601,1.087461
46.195354,0.000000,0.000000,0.000000,0.000000,0.000000,0.000000,0.000000,0.496891,0.092006,0.223653,0.996291,-0.084537,0.015843,0.002589,0.493481,0.090084,0.222729,0.996511,-0.081652,0.016843,-0.003766,-3.131331,-0.032959,-0.163679,0.012833,0.003807,0.003997,-0.005062,-0.023818,0.009486,-0.182187,1.584068,1.061541,-1.404840,-0.536873,0.514161,-0.322215,-0.089301,0.499546,-2.345328,0.055585,2.300648,1.088931
46.245292,0.000000,0.000000,0.000000,0.000000,0.000000,0.000000,0.000000,0.496891,0.092006,0.223653,0.996291,-0.084537,0.015843,0.002589,0.493693,0.090149,0.222782,0.996499,-0.081913,0.016308,-0.003699,-3.131544,-0.031902,-0.164193,0.012446,0.005794,0.006798,0.005092,-0.036792,0.001142,0.486711,1.684136,1.153213,-1.424160,-0.300296,0.504369,-0.322202,-0.087994,0.499543,-2.343548,0.054843,2.298968,1.090014
46.296286,0.000000,0.000000,0.000000,0.000000,0.000000,0.000000,0.000000,0.496891,0.092006,0.223653,0.996291,-0.084537,0.015843,0.002589,0.493911,0.090216,0.222946,0.996495,-0.082071,0.015798,-0.003657,-3.131706,-0.030890,-0.164502,0.014657,0.007014,0.011838,0.006820,-0.045768,0.001700,0.407152,1.615254,1.113123,-1.400698,-0.324643,0.475512,-0.322205,-0.086892,0.499529,-2.341674,0.054280,2.297068,1.090750
46.346137,0.000000,0.000000,0.000000,0.000000,0.000000,0.000000,0.000000,0.496891,0.092006,0.223653,0.996291,-0.084537,0.015843,0.002589,0.494044,0.090255,0.223100,0.996493,-0.082224,0.015132,-0.003578,-3.131970,-0.029573,-0.164797,0.005976,0.005906,0.006555,0.000233,-0.003584,0.003215,0.446880,1.730598,1.725880,-1.397233,-0.591552,0.527635,-0.322210,-0.085853,0.499485,-2.339805,0.053749,2.294795,1.091421
46.395558,0.000000,0.000000,0.000000,0.000000,0.000000,0.000000,0.000000,0.496891,0.092006,0.223653,0.996291,-0.084537,0.015843,0.002589,0.494136,0.090273,0.223237,0.996490,-0.082345,0.014644,-0.003469,-3.132263,-0.028618,-0.165029,0.007324,0.004094,0.007600,0.002790,-0.018079,-0.003849,0.177886,1.570949,1.366088,-1.356127,-0.547303,0.466534,-0.322215,-0.085136,0.499465,-2.338409,0.053255,2.293041,1.092010
46.445695,0.000000,0.000000,0.000000,0.000000,0.000000,0.000000,0.000000,0.496891,0.092006,0.223653,0.996291,-0.084537,0.015843,0.002589,0.494164,0.090260,0.223307,0.996491,-0.082426,0.014195,-0.003302,-3.132667,-0.027749,-0.165181,0.006838,0.004905,0.010523,-0.003546,-0.020414,0.002319,0.703242,1.898845,1.923240,-1.461938,-0.627358,0.575202,-0.322228,-0.084558,0.499467,-2.337358,0.052693,2.291559,1.092565
46.496457,0.000000,0.000000,0.000000,0.000000,0.000000,0.000000,0.000000,0.496891,0.092006,0.223653,0.996291,-0.084537,0.015843,0.002589,0.494235,0.090262,0.223513,0.996488,-0.082525,0.013812,-0.003123,-3.133086,-0.027016,-0.165369,0.000958,0.002615,0.009032,-0.009077,-0.012616,-0.000683,1.088268,1.907196,2.130848,-1.471058,-0.561964,0.547522,-0.322233,-0.084145,0.499479,-2.336116,0.052148,2.289862,1.093168
46.546452,0.000000,0.000000,0.000000,0.000000,0.000000,0.000000,0.000000,0.496891,0.092006,0.223653,0.996291,-0.084537,0.015843,0.002589,0.494152,0.090189,0.223411,0.996482,-0.082634,0.013634,-0.002919,-3.133520,-0.026694,-0.165580,-0.009931,0.000200,-0.001611,-0.015580,0.028786,0.003338,0.819327,2.080454,2.603020,-1.500640,-0.968375,0.654618,-0.322247,-0.083990,0.499494,-2.336130,0.051630,2.289578,1.093721
46.597254,0.000000,0.000000,0.000000,0.000000,0.000000,0.000000,0.000000,0.496891,0.092006,0.223653,0.996291,-0.084537,0.015843,0.002589,0.494051,0.090130,0.223346,0.996477,-0.082728,0.013517,-0.002685,-3.134002,-0.026497,-0.165762,-0.014448,0.000455,-0.000888,-0.020493,0.056199,0.007615,1.083823,2.112588,2.503682,-1.507286,-0.874218,0.650062,-0.322250,-0.084016,0.499556,-2.336249,0.051117,2.289342,1.094298
46.646501,0.000000,0.000000,0.000000,0.000000,0.000000,0.000000,0.000000,0.496891,0.092006,0.223653,0.996291,-0.084537,0.015843,0.002589,0.494092,0.090157,0.223473,0.996470,-0.082837,0.013374,-0.002519,-3.134353,-0.026239,-0.165975,-0.013432,0.001929,-0.002118,-0.016357,0.058816,0.007304,0.696428,2.025958,2.558847,-1.479370,-1.045623,0.630607,-0.322221,-0.083855,0.499637,-2.335620,0.050650,2.288508,1.094952
46.696533,0.000000,0.000000,0.000000,0.000000,0.000000,0.000000,0.000000,0.496891,0.092006,0.223653,0.996291,-0.084537,0.015843,0.002589,0.494079,0.090144,0.223454,0.996465,-0.082941,0.013110,-0.002330,-3.134772,-0.025744,-0.166176,-0.013773,0.000349,-0.003801,-0.019770,0.077778,0.006790,0.631943,2.117124,2.848799,-1.504142,-1.204993,0.682564,-0.322212,-0.083477,0.499691,-2.335126,0.050071,2.287754,1.095615
46.747390,0.000000,0.000000,0.000000,0.000000,0.000000,0.000000,0.000000,0.496891,0.092006,0.223653,0.996291,-0.084537,0.015843,0.002589,0.494240,0.090173,0.223515,0.996462,-0.083021,0.012881,-0.002197,-3.135074,-0.025308,-0.166331,-0.015034,-0.002094,-0.006911,-0.021380,0.083313,0.009474,1.208695,2.108998,2.507967,-1.572571,-0.771387,0.628685,-0.322217,-0.082724,0.499752,-2.334041,0.049368,2.286838,1.096323
46.796679,0.000000,0.000000,0.000000,0.000000,0.000000,0.000000,0.000000,0.496891,0.092006,0.223653,0.996291,-0.084537,0.015843,0.002589,0.494285,0.090161,0.223385,0.996460,-0.083077,0.012681,-0.002086,-3.135327,-0.024928,-0.166437,-0.016146,-0.002204,-0.009953,-0.021415,0.087653,0.010522,0.716980,2.072735,2.979957,-1.494653,-1.229799,0.662953,-0.322220,-0.082083,0.499781,-2.333637,0.048802,2.286569,1.096838
46.849234,0.000000,0.000000,0.000000,0.000000,0.000000,0.000000,0.000000,0.496891,0.092006,0.223653,0.996291,-0.084537,0.015843,0.002589,0.494307,0.090136,0.223273,0.996458,-0.083126,0.012544,-0.001968,-3.135584,-0.024675,-0.166532,-0.024541,-0.002753,-0.013398,-0.024842,0.112727,0.006291,1.502459,2.193595,2.448166,-1.592436,-0.666755,0.651632,-0.322214,-0.081627,0.499794,-2.333405,0.048296,2.286424,1.097288
46.901036,0.000000,0.000000,0.000000,0.000000,0.000000,0.000000,0.000000,0.496891,0.092006,0.223653,0.996291,-0.084537,0.015843,0.002589,0.494316,0.090120,0.223149,0.996458,-0.083138,0.012459,-0.001858,-3.135817,-0.024524,-0.166553,-0.019898,-0.003377,-0.012256,-0.023888,0.110320,0.010462,1.239187,2.144808,2.624363,-1.542601,-0.892715,0.653170,-0.322205,-0.081258,0.499831,-2.333325,0.047841,2.286459,1.097654
46.950954,0.000000,0.000000,0.000000,0.000000,0.000000,0.000000,0.000000,0.496891,0.092006,0.223653,0.996291,-0.084537,0.015843,0.002589,0.494482,0.090126,0.223113,0.996453,-0.083193,0.012515,-0.001829,-3.135864,-0.024640,-0.166662,-0.033605,-0.012113,-0.028153,-0.033276,0.194946,0.001941,1.554411,2.055499,1.310562,-1.675411,-0.117590,0.584252,-0.322229,-0.080729,0.499859,-2.332911,0.047399,2.286615,1.098065
46.999612,0.000000,0.000000,0.000000,0.000000,0.000000,0.000000,0.000000,0.496891,0.092006,0.223653,0.996291,-0.084537,0.015843,0.002589,0.494433,0.090098,0.222944,0.996457,-0.083181,0.012299,-0.001673,-3.136211,-0.024235,-0.166632,-0.024194,-0.003454,-0.015243,-0.024112,0.121772,0.010313,1.151976,2.148189,2.403396,-1.575078,-0.848050,0.657238,-0.322227,-0.080291,0.499908,-2.332815,0.046866,2.286419,1.098438
47.050522,0.000000,0.000000,0.000000,0.000000,0.000000,0.000000,0.000000,0.496891,0.092006,0.223653,0.996291,-0.084537,0.015843,0.002589,0.494535,0.090121,0.222876,0.996459,-0.083184,0.012122,-0.001591,-3.136403,-0.023896,-0.166636,-0.020267,-0.001807,-0.011436,-0.025240,0.122831,0.012322,1.361048,2.109026,2.256970,-1.581434,-0.692318,0.614534,-0.322200,-0.079595,0.499934,-2.332192,0.046320,2.286038,1.098871
47.102234,0.000000,0.000000,0.000000,0.000000,0.000000,0.000000,0.000000,0.496891,0.092006,0.223653,0.996291,-0.084537,0.015843,0.002589,0.494607,0.090093,0.222784,0.996461,-0.083179,0.012062,-0.001441,-3.136712,-0.023802,-0.166620,-0.012732,-0.002631,-0.007987,-0.018829,0.069284,0.005877,1.136322,2.168637,2.228378,-1.636893,-0.760210,0.660875,-0.322197,-0.079101,0.499963,-2.331902,0.045665,2.286004,1.099323
47.152770,0.000000,0.000000,0.000000,0.000000,0.000000,0.000000,0.000000,0.496891,0.092006,0.223653,0.996291,-0.084537,0.015843,0.002589,0.494595,0.090042,0.222602,0.996461,-0.083182,0.012017,-0.001259,-3.137083,-0.023741,-0.166622,-0.017140,-0.001695,-0.011765,-0.020928,0.082356,0.009634,1.029609,2.146172,2.368749,-1.622897,-0.900413,0.661299,-0.322202,-0.078747,0.500013,-2.332012,0.045017,2.286258,1.099788
47.201327,0.000000,0.000000,0.000000,0.000000,0.000000,0.000000,0.000000,0.496891,0.092006,0.223653,0.996291,-0.084537,0.015843,0.002589,0.494590,0.090016,0.222581,0.996462,-0.083190,0.011938,-0.001057,-3.137498,-0.023618,-0.166634,-0.022148,-0.002857,-0.010411,-0.026033,0.113880,0.007032,1.271111,2.214694,2.374200,-1.635625,-0.812036,0.674443,-0.322198,-0.078579,0.500086,-2.331832,0.044441,2.285985,1.100260
47.251392,0.999964,0.000000,0.000000,0.000000,-0.000000,-0.000000,1.000000,0.500891,0.092006,0.223653,0.996291,-0.084537,0.015843,0.002589,0.494580,0.089998,0.222495,0.996461,-0.083207,0.011877,-0.000877,-3.137867,-0.023526,-0.166663,-0.021216,-0.003820,-0.011959,-0.024064,0.113803,0.006699,1.373967,2.169854,2.055133,-1.660852,-0.612615,0.640027,-0.322182,-0.078340,0.500162,-2.331777,0.043871,2.285944,1.100754
47.301483,0.999964,0.000000,0.000000,0.000000,-0.000000,-0.000000,1.000000,0.504891,0.092006,0.223653,0.996291,-0.084537,0.015843,0.002589,0.494895,0.090001,0.222520,0.996452,-0.083249,0.012342,-0.000861,-3.137821,-0.024455,-0.166750,-0.017357,-0.003923,-0.011358,-0.022651,0.102718,0.006558,1.315059,2.272591,2.068810,-1.694747,-0.678960,0.696446,-0.322186,-0.077958,0.500177,-2.331556,0.043308,2.286961,1.101223
47.351538,0.999964,0.000000,0.000000,0.000000,-0.000000,-0.000000,1.000000,0.508890,0.092006,0.223653,0.996291,-0.084537,0.015843,0.002589,0.495717,0.090064,0.222767,0.996443,-0.083247,0.013040,-0.001029,-3.137370,-0.025819,-0.166756,-0.004919,-0.003720,-0.005797,-0.017390,0.091819,0.013971,1.349507,2.108466,1.643568,-1.692684,-0.541022,0.617137,-0.322214,-0.076651,0.500084,-2.329898,0.042460,2.287904,1.101703
47.405370,0.999964,0.000000,0.000000,0.000000,-0.000000,-0.000000,1.000000,0.512890,0.092006,0.223653,0.996291,-0.084537,0.015843,0.002589,0.497109,0.090186,0.223196,0.996434,-0.083224,0.013834,-0.001412,-3.136473,-0.027338,-0.166728,0.016760,0.001502,0.000497,0.001900,0.032634,0.017785,1.854340,1.853166,0.744235,-1.712152,0.069416,0.449878,-0.322305,-0.073990,0.499867,-2.326410,0.041224,2.288503,1.102260
47.451351,0.999964,0.000000,0.000000,0.000000,-0.000000,-0.000000,1.000000,0.516890,0.092006,0.223653,0.996291,-0.084537,0.015843,0.002589,0.499150,0.090296,0.223731,0.996421,-0.083199,0.014779,-0.002061,-3.135023,-0.029113,-0.166704,0.046116,0.001618,0.010328,0.013599,-0.084610,0.022827,1.467722,1.523829,-0.130062,-1.686670,0.332469,0.320537,-0.322573,-0.069722,0.499478,-2.321079,0.039543,2.289106,1.102795
47.500765,0.999964,0.000000,0.000000,0.000000,-0.000000,-0.000000,1.000000,0.520890,0.092006,0.223653,0.996291,-0.084537,0.015843,0.002589,0.501620,0.090371,0.224210,0.996411,-0.083140,0.015670,-0.002826,-3.133350,-0.030762,-0.166620,0.066825,0.002018,0.019429,0.016768,-0.138591,0.031747,0.841525,1.293648,-0.759287,-1.656300,0.369418,0.268522,-0.322883,-0.063981,0.498897,-2.314367,0.037258,2.289581,1.103437
47.551581,0.999964,0.000000,0.000000,0.000000,-0.000000,-0.000000,1.000000,0.524890,0.092006,0.223653,0.996291,-0.084537,0.015843,0.002589,0.504333,0.090421,0.224498,0.996405,-0.083076,0.016157,-0.003656,-3.131617,-0.031595,-0.166525,0.064360,0.000053,0.011616,0.010435,-0.094704,0.033509,0.955419,1.245312,0.248060,-1.508228,-0.051312,0.245962,-0.323246,-0.056688,0.498213,-2.306357,0.034418,2.289378,1.104272
47.607631,0.740636,0.000000,0.000000,0.000000,-0.000000,-0.000000,1.000000,0.527852,0.092006,0.223653,0.996291,-0.084537,0.015843,0.002589,0.507176,0.090357,0.224435,0.996399,-0.082992,0.016800,-0.004457,-3.129917,-0.032745,-0.166392,0.058739,-0.003164,-0.010131,0.011579,-0.053374,0.035217,0.626846,1.079135,0.321826,-1.415783,-0.247108,0.196536,-0.323622,-0.048664,0.497413,-2.298625,0.030983,2.290385,1.105278
47.651743,0.119981,0.000000,0.000000,0.000000,-0.000000,-0.000000,1.000000,0.528332,0.092006,0.223653,0.996291,-0.084537,0.015843,0.002589,0.510184,0.090221,0.224330,0.996407,-0.082759,0.017309,-0.004911,-3.128933,-0.033687,-0.165949,0.069698,-0.000800,0.001207,-0.009634,-0.075290,0.059995,0.445351,0.990089,0.602531,-1.347715,-0.506233,0.171325,-0.323937,-0.039829,0.496626,-2.289988,0.026238,2.290780,1.106885
47.701490,0.000000,0.000000,0.000000,0.000000,0.000000,0.000000,0.000000,0.528332,0.092006,0.223653,0.996291,-0.084537,0.015843,0.002589,0.513295,0.090173,0.224342,0.996413,-0.082662,0.017400,-0.005020,-3.128704,-0.033851,-0.165758,0.059590,-0.000508,-0.002489,-0.024564,-0.029719,0.058710,1.057941,0.811125,0.754150,-1.245153,-0.252096,0.044067,-0.324146,-0.030208,0.496092,-2.279837,0.020355,2.289379,1.109830
47.751265,0.000000,0.000000,0.000000,0.000000,0.000000,0.000000,0.000000,0.528332,0.092006,0.223653,0.996291,-0.084537,0.015843,0.002589,0.515806,0.090197,0.223911,0.996405,-0.082744,0.017377,-0.005319,-3.128109,-0.033754,-0.165933,0.043771,-0.000239,-0.017337,-0.008558,0.004808,0.045701,1.843296,0.889683,0.526826,-1.298881,0.249996,0.034764,-0.324286,-0.021657,0.495685,-2.271985,0.015742,2.289188,1.112444
47.804872,0.000000,0.000000,0.000000,0.000000,0.000000,0.000000,0.000000,0.528332,0.092006,0.223653,0.996291,-0.084537,0.015843,0.002589,0.517974,0.090199,0.223540,0.996400,-0.082797,0.017335,-0.005601,-3.127552,-0.033625,-0.166047,0.048607,0.001031,-0.000213,-0.011422,-0.071378,0.043076,0.939738,0.964875,0.762584,-1.323873,-0.200636,0.156061,-0.324393,-0.014280,0.495288,-2.265153,0.011847,2.288930,1.114552
47.853390,0.000000,0.000000,0.000000,0.000000,0.000000,0.000000,0.000000,0.528332,0.092006,0.223653,0.996291,-0.084537,0.015843,0.002589,0.519664,0.090236,0.223373,0.996407,-0.082787,0.016995,-0.005553,-3.127705,-0.032954,-0.166018,0.036009,0.003589,0.004439,-0.037399,-0.025905,0.060650,1.336909,1.071100,1.297455,-1.316509,-0.258135,0.179150,-0.324390,-0.008257,0.495108,-2.258946,0.008147,2.287356,1.116720
47.903361,0.000000,0.000000,0.000000,0.000000,0.000000,0.000000,0.000000,0.528332,0.092006,0.223653,0.996291,-0.084537,0.015843,0.002589,0.521102,0.090234,0.223426,0.996411,-0.082796,0.016859,-0.005077,-3.128677,-0.032762,-0.166019,0.031467,0.001013,0.002307,-0.046127,-0.050086,0.051271,1.884613,0.797510,0.845606,-1.237373,0.308846,-0.003878,-0.324283,-0.003518,0.495085,-2.253528,0.004020,2.285617,1.119452
47.956729,0.000000,0.000000,0.000000,0.000000,0.000000,0.000000,0.000000,0.528332,0.092006,0.223653,0.996291,-0.084537,0.015843,0.002589,0.522025,0.090292,0.223171,0.996399,-0.082984,0.016752,-0.004617,-3.129605,-0.032623,-0.166379,0.022653,0.001916,-0.005630,-0.035438,-0.041352,0.038860,1.191110,0.724730,0.829472,-1.204883,0.027617,0.021936,-0.324082,0.000094,0.495189,-2.250215,0.000618,2.285049,1.122291
48.003517,0.000000,0.000000,0.000000,0.000000,0.000000,0.000000,0.000000,0.528332,0.092006,0.223653,0.996291,-0.084537,0.015843,0.002589,0.522784,0.090357,0.222942,0.996384,-0.083186,0.016727,-0.004340,-3.130154,-0.032617,-0.166777,0.024245,0.004542,-0.002534,-0.001438,-0.070715,0.005550,1.167408,0.837099,-0.062263,-1.300860,0.474699,0.088896,-0.323916,0.002990,0.495249,-2.247666,-0.001913,2.284860,1.124523
48.053705,0.000000,0.000000,0.000000,0.000000,0.000000,0.000000,0.000000,0.528332,0.092006,0.223653,0.996291,-0.084537,0.015843,0.002589,0.523535,0.090460,0.222956,0.996373,-0.083336,0.016684,-0.004238,-3.130361,-0.032547,-0.167074,0.031733,0.007970,0.005670,0.015714,-0.101899,-0.003377,0.557518,0.712072,-0.388581,-1.291661,0.420446,0.072156,-0.323814,0.005456,0.495308,-2.244899,-0.003710,2.284125,1.126112
48.104493,0.000000,0.000000,0.000000,0.000000,0.000000,0.000000,0.000000,0.528332,0.092006,0.223653,0.996291,-0.084537,0.015843,0.002589,0.524230,0.090535,0.223150,0.996357,-0.083552,0.016524,-0.004259,-3.130339,-0.032221,-0.167506,0.026398,0.003867,0.009168,0.025235,-0.047577,-0.030295,0.080682,0.710447,-0.566242,-1.371073,0.400317,0.104594,-0.323805,0.007553,0.495308,-2.241973,-0.004870,2.282742,1.127271
48.153764,0.000000,0.000000,0.000000,0.000000,0.000000,0.000000,0.000000,0.528332,0.092006,0.223653,0.996291,-0.084537,0.015843,0.002589,0.524502,0.090518,0.223235,0.996358,-0.083681,0.015854,-0.004120,-3.130724,-0.030907,-0.167749,-0.005981,-0.003886,-0.003134,-0.011201,0.100460,-0.013450,0.768517,1.081570,0.531912,-1.507774,0.165712,0.231831,-0.323831,0.009127,0.495296,-2.239636,-0.005758,2.280421,1.128036
48.204452,0.000000,0.000000,0.000000,0.000000,0.000000,0.000000,0.000000,0.528332,0.092006,0.223653,0.996291,-0.084537,0.015843,0.002589,0.524716,0.090496,0.223337,0.996363,-0.083726,0.015365,-0.003929,-3.131186,-0.029965,-0.167826,-0.000219,-0.001256,0.000754,-0.016491,0.034209,0.009857,1.853740,1.507776,1.276973,-1.645637,0.208867,0.338084,-0.323826,0.010289,0.495301,-2.237789,-0.006640,2.278550,1.128680
48.254494,0.000000,0.000000,0.000000,0.000000,0.000000,0.000000,0.000000,0.528332,0.092006,0.223653,0.996291,-0.084537,0.015843,0.002589,0.525247,0.090553,0.223639,0.996360,-0.083734,0.015521,-0.003888,-3.131241,-0.030282,-0.167843,0.028653,0.007607,0.015206,0.014004,-0.111080,0.004209,1.130038,0.978610,-0.329479,-1.587805,0.734668,0.119730,-0.323798,0.011320,0.495332,-2.235876,-0.007490,2.277824,1.129280
48.304662,0.000000,0.000000,0.000000,0.000000,0.000000,0.000000,0.000000,0.528332,0.092006,0.223653,0.996291,-0.084537,0.015843,0.002589,0.525606,0.090575,0.223737,0.996358,-0.083811,0.015207,-0.003834,-3.131399,-0.029664,-0.167990,0.017385,0.000905,0.005227,0.014500,-0.018637,-0.018010,0.547633,0.727074,-0.779593,-1.561147,0.732316,0.044261,-0.323798,0.012705,0.495334,-2.233907,-0.008276,2.276433,1.129912
48.355197,0.000000,0.000000,0.000000,0.000000,0.000000,0.000000,0.000000,0.528332,0.092006,0.223653,0.996291,-0.084537,0.015843,0.002589,0.525752,0.090537,0.223719,0.996366,-0.083874,0.014386,-0.003620,-3.131962,-0.028065,-0.168098,-0.011062,-0.004834,-0.011901,-0.006832,0.128337,-0.022554,1.009949,1.257277,0.516405,-1.680292,0.256884,0.287038,-0.323807,0.014254,0.495333,-2.231796,-0.009227,2.273986,1.130607
48.410773,0.000000,0.000000,0.000000,0.000000,0.000000,0.000000,0.000000,0.528332,0.092006,0.223653,0.996291,-0.084537,0.015843,0.002589,0.525836,0.090498,0.223626,0.996373,-0.083899,0.013782,-0.003370,-3.132562,-0.026902,-0.168133,-0.024802,-0.009381,-0.022624,-0.028766,0.179428,-0.002452,1.238399,1.516895,1.250919,-1.693086,-0.085977,0.401764,-0.323794,0.015474,0.495365,-2.230370,-0.010210,2.272332,1.131306
48.455753,0.000000,0.000000,0.000000,0.000000,0.000000,0.000000,0.000000,0.528332,0.092006,0.223653,0.996291,-0.084537,0.015843,0.002589,0.525877,0.090473,0.223495,0.996384,-0.083889,0.013144,-0.003066,-3.133275,-0.025681,-0.168097,-0.031470,-0.010070,-0.023517,-0.047784,0.191734,0.012384,1.538727,1.657008,2.256808,-1.615048,-0.523316,0.449668,-0.323729,0.016688,0.495414,-2.229033,-0.011301,2.270669,1.132071
48.505727,0.000000,0.000000,0.000000,0.000000,0.000000,0.000000,0.000000,0.528332,0.092006,0.223653,0.996291,-0.084537,0.015843,0.002589,0.525856,0.090405,0.223329,0.996386,-0.083909,0.012915,-0.002702,-3.134038,-0.025285,-0.168125,-0.033736,-0.010505,-0.026044,-0.052284,0.186057,0.017382,1.440880,1.637504,2.232795,-1.589513,-0.617668,0.446533,-0.323657,0.017249,0.495457,-2.228721,-0.012418,2.270216,1.132928
48.558555,0.000000,0.000000,0.000000,0.000000,0.000000,0.000000,0.000000,0.528332,0.092006,0.223653,0.996291,-0.084537,0.015843,0.002589,0.525836,0.090348,0.223180,0.996382,-0.083987,0.012805,-0.002298,-3.134860,-0.025133,-0.168272,-0.035584,-0.011032,-0.027601,-0.054570,0.193434,0.012500,1.668996,1.869928,1.877609,-1.715482,-0.388909,0.540406,-0.323561,0.017661,0.495534,-2.228577,-0.013632,2.270009,1.134022
48.606452,0.000000,0.000000,0.000000,0.000000,0.000000,0.000000,0.000000,0.528332,0.092006,0.223653,0.996291,-0.084537,0.015843,0.002589,0.525855,0.090356,0.223162,0.996378,-0.084060,0.012692,-0.001819,-3.135832,-0.024988,-0.168404,-0.035553,-0.007706,-0.025123,-0.056982,0.198627,0.019305,1.462759,1.784159,1.463032,-1.703335,-0.277642,0.515991,-0.323364,0.018051,0.495667,-2.228076,-0.015018,2.269377,1.135368
48.656552,0.000000,0.000000,0.000000,0.000000,0.000000,0.000000,0.000000,0.528332,0.092006,0.223653,0.996291,-0.084537,0.015843,0.002589,0.525850,0.090358,0.223102,0.996380,-0.084065,0.012586,-0.001380,-3.136725,-0.024851,-0.168402,-0.034697,-0.009818,-0.026663,-0.051374,0.178917,0.018974,1.271992,1.866007,1.471478,-1.728642,-0.348934,0.583380,-0.323197,0.018410,0.495798,-2.227737,-0.016287,2.268915,1.136473
48.707249,0.000000,0.000000,0.000000,0.000000,0.000000,0.000000,0.000000,0.528332,0.092006,0.223653,0.996291,-0.084537,0.015843,0.002589,0.525793,0.090334,0.223058,0.996381,-0.084072,0.012447,-0.001052,-3.137403,-0.024629,-0.168407,-0.033820,-0.009293,-0.023232,-0.045136,0.182553,0.014305,1.518247,1.900189,1.930375,-1.649904,-0.503353,0.578214,-0.323102,0.018572,0.495880,-2.227569,-0.017125,2.268446,1.137192
48.756671,0.000000,0.000000,0.000000,0.000000,0.000000,0.000000,0.000000,0.528332,0.092006,0.223653,0.996291,-0.084537,0.015843,0.002589,0.525804,0.090327,0.223060,0.996383,-0.084073,0.012341,-0.000856,-3.137811,-0.024452,-0.168404,-0.037625,-0.009817,-0.025808,-0.045243,0.189125,0.011449,1.428382,1.857105,2.064377,-1.599216,-0.604542,0.558502,-0.323064,0.018795,0.495952,-2.227236,-0.017686,2.267999,1.137653
48.807392,0.000000,0.000000,0.000000,0.000000,0.000000,0.000000,0.000000,0.528332,0.092006,0.223653,0.996291,-0.084537,0.015843,0.002589,0.525759,0.090301,0.223016,0.996384,-0.084066,0.012287,-0.000692,-3.138146,-0.024370,-0.168384,-0.034015,-0.009251,-0.023376,-0.042811,0.173210,0.012915,1.114463,1.861218,2.020269,-1.556456,-0.737436,0.597828,-0.323038,0.018832,0.495991,-2.227271,-0.018087,2.267875,1.137956
48.857434,0.000000,0.000000,0.000000,0.000000,0.000000,0.000000,0.000000,0.528332,0.092006,0.223653,0.996291,-0.084537,0.015843,0.002589,0.525746,0.090286,0.222952,0.996383,-0.084070,0.012381,-0.000592,-3.138330,-0.024576,-0.168391,-0.035093,-0.009943,-0.024940,-0.041855,0.170835,0.007244,1.681697,1.920113,1.531965,-1.594502,-0.285876,0.586272,-0.323014,0.018799,0.496021,-2.227524,-0.018390,2.268227,1.138214
48.908392,0.000000,0.000000,0.000000,0.000000,0.000000,0.000000,0.000000,0.528332,0.092006,0.223653,0.996291,-0.084537,0.015843,0.002589,0.525715,0.090285,0.222908,0.996385,-0.084051,0.012368,-0.000482,-3.138552,-0.024568,-0.168351,-0.034949,-0.008715,-0.021054,-0.041453,0.177722,0.011226,1.122114,1.823370,1.990773,-1.494187,-0.779559,0.581162,-0.322979,0.018826,0.496064,-2.227597,-0.018678,2.268239,1.138438
48.958701,0.000000,0.000000,0.000000,0.000000,0.000000,0.000000,0.000000,0.528332,0.092006,0.223653,0.996291,-0.084537,0.015843,0.002589,0.525687,0.090276,0.222867,0.996383,-0.084071,0.012354,-0.000380,-3.138756,-0.024558,-0.168389,-0.034418,-0.009675,-0.022300,-0.039180,0.180440,0.003446,1.456092,1.892737,1.641628,-1.561262,-0.474968,0.583649,-0.322941,0.018848,0.496082,-2.227668,-0.018942,2.268248,1.138703
49.010524,0.000000,0.000000,0.000000,0.000000,0.000000,0.000000,0.000000,0.528332,0.092006,0.223653,0.996291,-0.084537,0.015843,0.002589,0.525752,0.090289,0.222903,0.996384,-0.084064,0.012306,-0.000313,-3.138898,-0.024473,-0.168372,-0.036079,-0.010020,-0.021470,-0.042884,0.189764,0.010891,1.417767,1.952161,1.738751,-1.578844,-0.514949,0.620385,-0.322908,0.019082,0.496106,-2.227273,-0.019222,2.267930,1.138916
49.058608,0.000000,0.000000,0.000000,0.000000,0.000000,0.000000,0.000000,0.528332,0.092006,0.223653,0.996291,-0.084537,0.015843,0.002589,0.525712,0.090279,0.222874,0.996385,-0.084079,0.012161,-0.000204,-3.139139,-0.024203,-0.168399,-0.033177,-0.006218,-0.018345,-0.037269,0.169301,0.010283,1.005357,1.913717,2.321729,-1.503486,-0.972541,0.632616,-0.322890,0.019217,0.496140,-2.227119,-0.019481,2.267556,1.139158
49.108723,0.000000,0.000000,0.000000,0.000000,0.000000,0.000000,0.000000,0.528332,0.092006,0.223653,0.996291,-0.084537,0.015843,0.002589,0.525675,0.090257,0.222771,0.996384,-0.084085,0.012223,-0.000133,-3.139271,-0.024337,-0.168409,-0.036855,-0.008826,-0.024037,-0.040377,0.173126,0.007918,1.448452,1.917330,2.013375,-1.503728,-0.644977,0.606014,-0.322883,0.019197,0.496156,-2.227455,-0.019697,2.267954,1.139333
49.158730,0.000000,0.000000,0.000000,0.000000,0.000000,0.000000,0.000000,0.528332,0.092006,0.223653,0.996291,-0.084537,0.015843,0.002589,0.525621,0.090241,0.222714,0.996380,-0.084123,0.012280,-0.000060,-3.139406,-0.024463,-0.168485,-0.032830,-0.009348,-0.020059,-0.037394,0.172209,0.003154,1.157294,1.849655,1.697697,-1.479893,-0.655008,0.593010,-0.322866,0.019066,0.496172,-2.227783,-0.019844,2.268237,1.139544
49.208835,0.000000,0.000000,0.000000,0.000000,0.000000,0.000000,0.000000,0.528332,0.092006,0.223653,0.996291,-0.084537,0.015843,0.002589,0.525679,0.090247,0.222778,0.996379,-0.084134,0.012268,0.000001,-3.139530,-0.024451,-0.168505,-0.034101,-0.009507,-0.020063,-0.040983,0.174399,0.009262,1.371210,1.916087,1.593003,-1.554748,-0.503451,0.599625,-0.322866,0.019185,0.496214,-2.227457,-0.020064,2.267960,1.139741
49.259609,0.000000,0.000000,0.000000,0.000000,0.000000,0.000000,0.000000,0.528332,0.092006,0.223653,0.996291,-0.084537,0.015843,0.002589,0.525737,0.090253,0.222840,0.996376,-0.084173,0.012272,0.000044,-3.139614,-0.024466,-0.168583,-0.035343,-0.010132,-0.021513,-0.038860,0.187922,0.002646,1.059373,1.889641,1.721870,-1.516506,-0.673116,0.618892,-0.322864,0.019278,0.496243,-2.227172,-0.020231,2.267741,1.139951
49.309524,0.000000,0.000000,0.000000,0.000000,0.000000,0.000000,0.000000,0.528332,0.092006,0.223653,0.996291,-0.084537,0.015843,0.002589,0.525784,0.090263,0.222868,0.996374,-0.084183,0.012309,0.000078,-3.139676,-0.024544,-0.168602,-0.036373,-0.010342,-0.021956,-0.039650,0.179604,0.003302,1.472181,1.851955,1.813973,-1.480904,-0.526907,0.564301,-0.322854,0.019355,0.496270,-2.227024,-0.020391,2.267710,1.140107
49.359441,0.000000,0.000000,0.000000,0.000000,0.000000,0.000000,0.000000,0.528332,0.092006,0.223653,0.996291,-0.084537,0.015843,0.002589,0.525687,0.090244,0.222804,0.996372,-0.084207,0.012315,0.000172,-3.139861,-0.024573,-0.168647,-0.032958,-0.007076,-0.018736,-0.035072,0.153471,0.007367,0.944788,1.747450,2.458610,-1.348354,-1.105687,0.553012,-0.322839,0.019163,0.496298,-2.227406,-0.020518,2.267887,1.140286
49.409634,0.000000,0.000000,0.000000,0.000000,0.000000,0.000000,0.000000,0.528332,0.092006,0.223653,0.996291,-0.084537,0.015843,0.002589,0.525694,0.090252,0.222805,0.996369,-0.084240,0.012376,0.000219,-3.139944,-0.024702,-0.168713,-0.031764,-0.005530,-0.016806,-0.035722,0.158029,0.010182,0.992207,1.732475,2.293188,-1.358449,-1.027682,0.536493,-0.322829,0.019129,0.496341,-2.227467,-0.020663,2.268009,1.140497
49.460586,0.000000,0.000000,0.000000,0.000000,0.000000,0.000000,0.000000,0.528332,0.092006,0.223653,0.996291,-0.084537,0.015843,0.002589,0.525725,0.090272,0.222849,0.996366,-0.084271,0.012382,0.000241,-3.139986,-0.024716,-0.168774,-0.034776,-0.007119,-0.019614,-0.035339,0.175070,0.004629,0.981265,1.776227,2.530655,-1.329545,-1.131989,0.569203,-0.322822,0.019169,0.496381,-2.227298,-0.020748,2.267873,1.140656
49.516246,0.000000,0.000000,0.000000,0.000000,0.000000,0.000000,0.000000,0.528332,0.092006,0.223653,0.996291,-0.084537,0.015843,0.002589,0.525658,0.090259,0.222752,0.996364,-0.084291,0.012436,0.000297,-3.140087,-0.024835,-0.168815,-0.031439,-0.007245,-0.018833,-0.034375,0.151047,0.005491,0.921975,1.744834,2.193381,-1.341455,-1.007770,0.561155,-0.322815,0.019058,0.496404,-2.227719,-0.020865,2.268272,1.140810
49.560406,0.000000,0.000000,0.000000,0.000000,0.000000,0.000000,0.000000,0.528332,0.092006,0.223653,0.996291,-0.084537,0.015843,0.002589,0.525704,0.090279,0.222851,0.996362,-0.084316,0.012348,0.000339,-3.140186,-0.024667,-0.168863,-0.021493,-0.003972,-0.005453,-0.026085,0.113300,0.002609,1.058834,1.835137,2.132627,-1.383797,-0.921911,0.586423,-0.322806,0.019179,0.496445,-2.227252,-0.020982,2.267718,1.140975
49.610554,0.000000,0.000000,0.000000,0.000000,0.000000,0.000000,0.000000,0.528332,0.092006,0.223653,0.996291,-0.084537,0.015843,0.002589,0.525719,0.090301,0.222853,0.996359,-0.084355,0.012387,0.000353,-3.140206,-0.024746,-0.168941,-0.025607,-0.003515,-0.013304,-0.025393,0.116753,0.006118,1.172310,1.836947,1.998798,-1.394887,-0.782869,0.576344,-0.322796,0.019191,0.496487,-2.227251,-0.021055,2.267793,1.141152
49.660042,0.000000,0.000000,0.000000,0.000000,0.000000,0.000000,0.000000,0.528332,0.092006,0.223653,0.996291,-0.084537,0.015843,0.002589,0.525734,0.090305,0.222821,0.996355,-0.084397,0.012404,0.000354,-3.140203,-0.024780,-0.169025,-0.028065,-0.004844,-0.012689,-0.027553,0.135734,0.002832,0.907249,1.853582,2.388880,-1.341264,-1.101221,0.608570,-0.322794,0.019271,0.496495,-2.227262,-0.021121,2.267907,1.141289
49.710538,0.000000,0.000000,0.000000,0.000000,0.000000,0.000000,0.000000,0.528332,0.092006,0.223653,0.996291,-0.084537,0.015843,0.002589,0.525692,0.090309,0.222802,0.996352,-0.084421,0.012443,0.000399,-3.140287,-0.024865,-0.169072,-0.025050,-0.003408,-0.010569,-0.024616,0.122870,0.005733,1.052489,1.792029,2.057650,-1.340338,-0.894464,0.560725,-0.322765,0.019139,0.496514,-2.227476,-0.021185,2.268054,1.141429
49.760603,0.000000,0.000000,0.000000,0.000000,0.000000,0.000000,0.000000,0.528332,0.092006,0.223653,0.996291,-0.084537,0.015843,0.002589,0.525751,0.090330,0.222847,0.996351,-0.084447,0.012415,0.000401,-3.140294,-0.024810,-0.169124,-0.026595,-0.003744,-0.009999,-0.026892,0.130021,0.004895,0.865632,1.801819,2.419941,-1.320279,-1.141302,0.581026,-0.322759,0.019299,0.496536,-2.227157,-0.021267,2.267820,1.141555
49.810596,0.000000,0.000000,0.000000,0.000000,0.000000,0.000000,0.000000,0.528332,0.092006,0.223653,0.996291,-0.084537,0.015843,0.002589,0.525753,0.090342,0.222821,0.996348,-0.084469,0.012445,0.000417,-3.140321,-0.024871,-0.169169,-0.025719,-0.002816,-0.010964,-0.024248,0.126285,0.003833,0.931409,1.825537,2.398171,-1.335697,-1.099831,0.587902,-0.322737,0.019323,0.496552,-2.227219,-0.021348,2.267951,1.141691
49.860614,0.000000,0.000000,0.000000,0.000000,0.000000,0.000000,0.000000,0.528332,0.092006,0.223653,0.996291,-0.084537,0.015843,0.002589,0.525822,0.090359,0.222888,0.996347,-0.084497,0.012386,0.000420,-3.140336,-0.024755,-0.169224,-0.024322,-0.003694,-0.008497,-0.023643,0.121270,-0.001234,1.274154,1.779687,1.990110,-1.361648,-0.732527,0.539548,-0.322728,0.019515,0.496561,-2.226786,-0.021430,2.267570,1.141809
49.911446,0.000000,0.000000,0.000000,0.000000,0.000000,0.000000,0.000000,0.528332,0.092006,0.223653,0.996291,-0.084537,0.015843,0.002589,0.525872,0.090360,0.222927,0.996342,-0.084545,0.012399,0.000425,-3.140343,-0.024783,-0.169321,-0.026411,-0.005418,-0.012837,-0.026565,0.131043,0.002387,1.277920,1.856827,2.180953,-1.380433,-0.797014,0.578141,-0.322728,0.019596,0.496559,-2.226593,-0.021501,2.267470,1.141945
49.960645,0.000000,0.000000,0.000000,0.000000,0.000000,0.000000,0.000000,0.528332,0.092006,0.223653,0.996291,-0.084537,0.015843,0.002589,0.525824,0.090337,0.222835,0.996337,-0.084602,0.012471,0.000445,-3.140369,-0.024929,-0.169435,-0.022172,-0.001795,-0.009767,-0.018409,0.097125,0.000778,1.078752,1.886799,2.128700,-1.373922,-0.881850,0.608067,-0.322726,0.019497,0.496546,-2.226998,-0.021547,2.267917,1.142085
50.010732,0.000000,0.000000,0.000000,0.000000,0.000000,0.000000,0.000000,0.528332,0.092006,0.223653,0.996291,-0.084537,0.015843,0.002589,0.525801,0.090340,0.222826,0.996333,-0.084629,0.012539,0.000471,-3.140408,-0.025068,-0.169490,-0.018275,-0.000215,-0.004993,-0.017931,0.083080,0.005212,1.157853,1.736057,1.801863,-1.313485,-0.724793,0.521597,-0.322715,0.019366,0.496567,-2.227197,-0.021583,2.268118,1.142198
50.060707,0.000000,0.000000,0.000000,0.000000,0.000000,0.000000,0.000000,0.528332,0.092006,0.223653,0.996291,-0.084537,0.015843,0.002589,0.525871,0.090356,0.222938,0.996330,-0.084660,0.012597,0.000471,-3.140398,-0.025184,-0.169551,-0.018763,-0.000923,-0.003412,-0.017028,0.088047,0.000278,0.560981,1.682286,2.047558,-1.252554,-1.094156,0.555477,-0.322709,0.019346,0.496579,-2.226932,-0.021607,2.267946,1.142289
50.111549,0.000000,0.000000,0.000000,0.000000,0.000000,0.000000,0.000000,0.528332,0.092006,0.223653,0.996291,-0.084537,0.015843,0.002589,0.525852,0.090356,0.222894,0.996328,-0.084692,0.012581,0.000483,-3.140423,-0.025155,-0.169616,-0.020871,-0.000388,-0.007576,-0.015044,0.097593,-0.000613,0.595894,1.706729,2.121371,-1.256926,-1.114745,0.563073,-0.322698,0.019378,0.496581,-2.227012,-0.021650,2.268018,1.142395
50.161447,0.000000,0.000000,0.000000,0.000000,0.000000,0.000000,0.000000,0.528332,0.092006,0.223653,0.996291,-0.084537,0.015843,0.002589,0.525820,0.090358,0.222840,0.996326,-0.084718,0.012556,0.000501,-3.140463,-0.025107,-0.169667,-0.018526,0.000871,-0.003778,-0.013333,0.083534,-0.001629,0.810292,1.606971,2.030220,-1.224256,-0.988571,0.492785,-0.322686,0.019403,0.496591,-2.227122,-0.021696,2.268089,1.142500
50.211639,0.000000,0.000000,0.000000,0.000000,0.000000,0.000000,0.000000,0.528332,0.092006,0.223653,0.996291,-0.084537,0.015843,0.002589,0.525785,0.090347,0.222835,0.996324,-0.084750,0.012511,0.000541,-3.140550,-0.025025,-0.169729,-0.015984,0.000781,-0.003016,-0.013379,0.076036,0.003375,0.388824,1.705081,2.300411,-1.240449,-1.306679,0.581801,-0.322684,0.019363,0.496596,-2.227152,-0.021744,2.267978,1.142601
50.261714,0.000000,0.000000,0.000000,0.000000,0.000000,0.000000,0.000000,0.528332,0.092006,0.223653,0.996291,-0.084537,0.015843,0.002589,0.525829,0.090348,0.222899,0.996320,-0.084791,0.012498,0.000551,-3.140571,-0.025000,-0.169812,-0.016243,-0.002168,-0.003593,-0.016519,0.080039,0.000143,1.071394,1.879473,1.877286,-1.354965,-0.788490,0.614956,-0.322688,0.019423,0.496598,-2.226897,-0.021794,2.267743,1.142709
50.314910,0.000000,0.000000,0.000000,0.000000,0.000000,0.000000,0.000000,0.528332,0.092006,0.223653,0.996291,-0.084537,0.015843,0.002589,0.525862,0.090360,0.222938,0.996319,-0.084808,0.012516,0.000564,-3.140594,-0.025038,-0.169845,-0.016793,0.000602,-0.003700,-0.015709,0.077220,0.005662,0.881736,1.787801,1.922299,-1.331370,-0.870831,0.583436,-0.322687,0.019452,0.496623,-2.226761,-0.021858,2.267659,1.142807
50.363656,0.000000,0.000000,0.000000,0.000000,0.000000,0.000000,0.000000,0.528332,0.092006,0.223653,0.996291,-0.084537,0.015843,0.002589,0.525921,0.090372,0.222939,0.996317,-0.084825,0.012561,0.000548,-3.140552,-0.025125,-0.169880,-0.019416,-0.000739,-0.005407,-0.017881,0.093753,0.003776,1.043216,1.880153,2.011104,-1.366915,-0.850127,0.623323,-0.322693,0.019580,0.496639,-2.226641,-0.021928,2.267747,1.142893
50.411768,0.000000,0.000000,0.000000,0.000000,0.000000,0.000000,0.000000,0.528332,0.092006,0.223653,0.996291,-0.084537,0.015843,0.002589,0.525928,0.090378,0.222937,0.996313,-0.084861,0.012614,0.000555,-3.140558,-0.025232,-0.169954,-0.017537,0.001585,-0.003235,-0.014143,0.066827,0.001844,0.936883,1.739810,1.765077,-1.315920,-0.777145,0.549422,-0.322682,0.019546,0.496648,-2.226712,-0.021965,2.267886,1.143013
50.463702,0.000000,0.000000,0.000000,0.000000,0.000000,0.000000,0.000000,0.528332,0.092006,0.223653,0.996291,-0.084537,0.015843,0.002589,0.525884,0.090365,0.222878,0.996310,-0.084875,0.012731,0.000587,-3.140600,-0.025470,-0.169981,-0.014843,0.001125,-0.002680,-0.011798,0.059910,0.002383,0.656412,1.715357,1.841822,-1.277144,-0.974914,0.570091,-0.322680,0.019358,0.496660,-2.227143,-0.022016,2.268360,1.143094
50.514417,0.000000,0.000000,0.000000,0.000000,0.000000,0.000000,0.000000,0.528332,0.092006,0.223653,0.996291,-0.084537,0.015843,0.002589,0.525820,0.090349,0.222848,0.996308,-0.084891,0.012767,0.000635,-3.140690,-0.025550,-0.170012,-0.018684,0.000477,-0.005902,-0.012552,0.077588,-0.000521,0.682200,1.716859,1.803420,-1.263992,-0.968136,0.574346,-0.322680,0.019168,0.496675,-2.227450,-0.022048,2.268544,1.143166
50.563512,0.000000,0.000000,0.000000,0.000000,0.000000,0.000000,0.000000,0.528332,0.092006,0.223653,0.996291,-0.084537,0.015843,0.002589,0.525840,0.090361,0.222891,0.996309,-0.084891,0.012719,0.000661,-3.140750,-0.025459,-0.170012,-0.014936,0.000329,-0.001444,-0.014351,0.075971,0.000364,0.277713,1.655140,1.974015,-1.240058,-1.228920,0.579112,-0.322668,0.019240,0.496695,-2.227220,-0.022124,2.268271,1.143243
50.613572,0.000000,0.000000,0.000000,0.000000,0.000000,0.000000,0.000000,0.528332,0.092006,0.223653,0.996291,-0.084537,0.015843,0.002589,0.525866,0.090351,0.222938,0.996307,-0.084918,0.012705,0.000676,-3.140782,-0.025435,-0.170065,-0.013699,0.001010,-0.003019,-0.011726,0.061641,0.005098,0.801444,1.750110,1.909633,-1.293114,-0.933279,0.585634,-0.322682,0.019262,0.496693,-2.227052,-0.022163,2.268088,1.143302
50.664566,0.000000,0.000000,0.000000,0.000000,0.000000,0.000000,0.000000,0.528332,0.092006,0.223653,0.996291,-0.084537,0.015843,0.002589,0.525893,0.090374,0.222935,0.996305,-0.084935,0.012765,0.000657,-3.140734,-0.025551,-0.170099,-0.008541,0.004837,0.001470,-0.005320,0.028754,0.005501,0.715734,1.626934,1.378261,-1.271515,-0.694573,0.525218,-0.322672,0.019285,0.496715,-2.227070,-0.022175,2.268250,1.143376
50.713769,0.000000,0.000000,0.000000,0.000000,0.000000,0.000000,0.000000,0.528332,0.092006,0.223653,0.996291,-0.084537,0.015843,0.002589,0.525870,0.090357,0.222920,0.996302,-0.084959,0.012767,0.000682,-3.140782,-0.025557,-0.170147,-0.008345,0.003286,0.002085,-0.004907,0.028574,0.002356,0.397692,1.642312,1.584990,-1.247052,-0.945586,0.562993,-0.322679,0.019234,0.496711,-2.227166,-0.022208,2.268290,1.143437
50.763801,0.000000,0.000000,0.000000,0.000000,0.000000,0.000000,0.000000,0.528332,0.092006,0.223653,0.996291,-0.084537,0.015843,0.002589,0.525848,0.090369,0.222912,0.996302,-0.084968,0.012751,0.000701,-3.140822,-0.025530,-0.170166,-0.011203,0.003365,-0.001658,-0.006191,0.046429,0.001029,0.374429,1.624091,1.680735,-1.229917,-1.008365,0.555264,-0.322669,0.019208,0.496738,-2.227206,-0.022230,2.268268,1.143506
50.813885,0.000000,0.000000,0.000000,0.000000,0.000000,0.000000,0.000000,0.528332,0.092006,0.223653,0.996291,-0.084537,0.015843,0.002589,0.525914,0.090384,0.222970,0.996301,-0.084980,0.012749,0.000693,-3.140806,-0.025524,-0.170189,-0.006768,0.002968,0.002526,-0.006220,0.029794,0.002597,0.546318,1.658460,1.613893,-1.258410,-0.886673,0.554214,-0.322666,0.019334,0.496746,-2.226903,-0.022284,2.268074,1.143570
50.863645,0.000000,0.000000,0.000000,0.000000,0.000000,0.000000,0.000000,0.528332,0.092006,0.223653,0.996291,-0.084537,0.015843,0.002589,0.525953,0.090397,0.223022,0.996300,-0.084991,0.012761,0.000695,-3.140807,-0.025548,-0.170212,-0.009025,0.004277,0.000805,-0.004536,0.034446,0.003775,0.322661,1.667557,1.717664,-1.271244,-1.015088,0.577812,-0.322664,0.019367,0.496763,-2.226726,-0.022315,2.267947,1.143629
50.913622,0.000000,0.000000,0.000000,0.000000,0.000000,0.000000,0.000000,0.528332,0.092006,0.223653,0.996291,-0.084537,0.015843,0.002589,0.525943,0.090386,0.222961,0.996297,-0.085009,0.012850,0.000697,-3.140796,-0.025725,-0.170247,-0.010667,0.003357,-0.001395,-0.005780,0.032383,0.002221,0.863044,1.666261,1.359425,-1.300076,-0.621122,0.532807,-0.322670,0.019314,0.496762,-2.227002,-0.022355,2.268347,1.143688
50.964793,0.000000,0.000000,0.000000,0.000000,0.000000,0.000000,0.000000,0.528332,0.092006,0.223653,0.996291,-0.084537,0.015843,0.002589,0.525937,0.090392,0.222957,0.996294,-0.085031,0.012913,0.000698,-3.140787,-0.025853,-0.170292,-0.003038,0.005913,0.004202,0.004391,0.006600,-0.001942,-0.096035,1.461584,1.139631,-1.191760,-0.943415,0.511973,-0.322657,0.019225,0.496767,-2.227144,-0.022350,2.268533,1.143750
51.015580,0.000000,0.000000,0.000000,0.000000,0.000000,0.000000,0.000000,0.528332,0.092006,0.223653,0.996291,-0.084537,0.015843,0.002589,0.525965,0.090402,0.223062,0.996294,-0.085036,0.012895,0.000725,-3.140844,-0.025820,-0.170302,-0.000143,0.006706,0.004044,0.009801,-0.004802,-0.002574,-0.115071,1.452352,1.285173,-1.189846,-0.996875,0.511256,-0.322650,0.019188,0.496786,-2.226874,-0.022378,2.268180,1.143799
51.066471,0.000000,0.000000,0.000000,0.000000,0.000000,0.000000,0.000000,0.528332,0.092006,0.223653,0.996291,-0.084537,0.015843,0.002589,0.525943,0.090391,0.223047,0.996292,-0.085043,0.012988,0.000746,-3.140870,-0.026010,-0.170316,-0.001214,0.006233,0.002994,0.007723,-0.007209,-0.001988,0.108065,1.408373,1.072653,-1.179473,-0.799774,0.476452,-0.322651,0.019026,0.496791,-2.227141,-0.022399,2.268473,1.143836
51.114851,0.000000,0.000000,0.000000,0.000000,0.000000,0.000000,0.000000,0.528332,0.092006,0.223653,0.996291,-0.084537,0.015843,0.002589,0.525988,0.090403,0.223058,0.996290,-0.085061,0.013085,0.000720,-3.140800,-0.026199,-0.170353,0.006769,0.007238,0.005763,0.017741,-0.037572,-0.004879,-0.213189,1.258701,0.534960,-1.149095,-0.672472,0.427739,-0.322652,0.019026,0.496797,-2.227164,-0.022403,2.268698,1.143881
51.166577,0.000000,0.000000,0.000000,0.000000,0.000000,0.000000,0.000000,0.528332,0.092006,0.223653,0.996291,-0.084537,0.015843,0.002589,0.526002,0.090410,0.223078,0.996290,-0.085063,0.013011,0.000732,-3.140837,-0.026053,-0.170357,0.005361,0.007562,0.005724,0.013542,-0.031050,-0.001274,-0.426992,1.329370,0.735161,-1.172430,-0.861018,0.485380,-0.322648,0.019138,0.496806,-2.226943,-0.022448,2.268425,1.143921
51.216582,0.000000,0.000000,0.000000,0.000000,0.000000,0.000000,0.000000,0.528332,0.092006,0.223653,0.996291,-0.084537,0.015843,0.002589,0.526066,0.090420,0.223116,0.996289,-0.085071,0.013030,0.000713,-3.140796,-0.026087,-0.170372,0.004552,0.007155,0.004921,0.013775,-0.030120,-0.003141,-0.345863,1.295856,0.870733,-1.155826,-0.870574,0.460509,-0.322645,0.019255,0.496802,-2.226718,-0.022485,2.268349,1.143956
51.267821,0.000000,0.000000,0.000000,0.000000,0.000000,0.000000,0.000000,0.528332,0.092006,0.223653,0.996291,-0.084537,0.015843,0.002589,0.526084,0.090428,0.223160,0.996290,-0.085070,0.012997,0.000728,-3.140831,-0.026025,-0.170370,0.002997,0.007431,0.003705,0.013118,-0.023611,-0.002972,-0.217975,1.303972,0.950030,-1.154342,-0.837852,0.453837,-0.322640,0.019293,0.496814,-2.226533,-0.022520,2.268126,1.143990
51.317529,0.000000,0.000000,0.000000,0.000000,0.000000,0.000000,0.000000,0.528332,0.092006,0.223653,0.996291,-0.084537,0.015843,0.002589,0.526093,0.090435,0.223116,0.996289,-0.085077,0.013034,0.000717,-3.140804,-0.026096,-0.170384,0.000013,0.005759,0.001097,0.011363,-0.015693,-0.005741,0.055030,1.279372,0.880487,-1.155429,-0.689673,0.412019,-0.322639,0.019344,0.496823,-2.226622,-0.022555,2.268335,1.144038
51.368261,0.000000,0.000000,0.000000,0.000000,0.000000,0.000000,0.000000,0.528332,0.092006,0.223653,0.996291,-0.084537,0.015843,0.002589,0.526108,0.090445,0.223090,0.996285,-0.085091,0.013214,0.000697,-3.140732,-0.026451,-0.170414,0.008706,0.008326,0.006660,0.019636,-0.058091,-0.005143,-0.503609,1.009361,0.279481,-1.071643,-0.657604,0.320602,-0.322626,0.019209,0.496829,-2.226939,-0.022551,2.268891,1.144090
51.417568,0.000000,0.000000,0.000000,0.000000,0.000000,0.000000,0.000000,0.528332,0.092006,0.223653,0.996291,-0.084537,0.015843,0.002589,0.526148,0.090460,0.223137,0.996286,-0.085092,0.013189,0.000695,-3.140733,-0.026402,-0.170417,0.010411,0.006244,0.013246,0.013296,-0.070722,-0.005111,-0.266642,1.044740,0.063672,-1.104912,-0.447998,0.317147,-0.322624,0.019298,0.496846,-2.226697,-0.022584,2.268681,1.144128
51.466601,0.000000,0.000000,0.000000,0.000000,0.000000,0.000000,0.000000,0.528332,0.092006,0.223653,0.996291,-0.084537,0.015843,0.002589,0.526189,0.090471,0.223132,0.996284,-0.085107,0.013242,0.000672,-3.140677,-0.026503,-0.170447,0.009179,0.006804,0.004597,0.020440,-0.056129,-0.007332,-0.573309,1.013966,0.230384,-1.087096,-0.649440,0.328116,-0.322628,0.019367,0.496855,-2.226666,-0.022606,2.268823,1.144176
51.518478,0.000000,0.000000,0.000000,0.000000,0.000000,0.000000,0.000000,0.528332,0.092006,0.223653,0.996291,-0.084537,0.015843,0.002589,0.526235,0.090475,0.223160,0.996283,-0.085116,0.013230,0.000660,-3.140656,-0.026476,-0.170465,0.009567,0.006919,0.006401,0.019127,-0.061091,-0.007287,-0.388247,1.076813,0.178262,-1.110564,-0.544437,0.351997,-0.322628,0.019479,0.496847,-2.226457,-0.022636,2.268694,1.144202
51.567469,0.000000,0.000000,0.000000,0.000000,0.000000,0.000000,0.000000,0.528332,0.092006,0.223653,0.996291,-0.084537,0.015843,0.002589,0.526238,0.090489,0.223203,0.996285,-0.085111,0.013145,0.000680,-3.140709,-0.026311,-0.170454,0.004112,0.006664,0.001014,0.016598,-0.035001,-0.006846,-0.272452,1.019833,0.308419,-1.083175,-0.536911,0.316141,-0.322617,0.019540,0.496864,-2.226220,-0.022661,2.268338,1.144231
51.619675,0.000000,0.000000,0.000000,0.000000,0.000000,0.000000,0.000000,0.528332,0.092006,0.223653,0.996291,-0.084537,0.015843,0.002589,0.526150,0.090442,0.223098,0.996281,-0.085126,0.013321,0.000718,-3.140756,-0.026669,-0.170485,0.009057,0.005814,0.005254,0.020593,-0.067203,-0.010090,-0.571261,1.167639,0.647271,-1.098296,-0.871883,0.422863,-0.322626,0.019200,0.496842,-2.226980,-0.022678,2.269119,1.144256
51.666794,0.000000,0.000000,0.000000,0.000000,0.000000,0.000000,0.000000,0.528332,0.092006,0.223653,0.996291,-0.084537,0.015843,0.002589,0.526095,0.090437,0.223098,0.996282,-0.085116,0.013312,0.000767,-3.140854,-0.026659,-0.170464,0.004846,0.006042,0.006119,0.014307,-0.043796,-0.005823,-0.494872,1.134518,0.266799,-1.101878,-0.677780,0.397634,-0.322628,0.019052,0.496872,-2.227131,-0.022704,2.269098,1.144284
51.717379,0.000000,0.000000,0.000000,0.000000,0.000000,0.000000,0.000000,0.528332,0.092006,0.223653,0.996291,-0.084537,0.015843,0.002589,0.526092,0.090452,0.223073,0.996281,-0.085104,0.013439,0.000762,-3.140823,-0.026912,-0.170441,0.013205,0.007421,0.003261,0.026581,-0.069251,-0.006792,-1.473117,0.774867,0.032903,-0.965251,-0.987227,0.303362,-0.322607,0.018931,0.496888,-2.227402,-0.022710,2.269510,1.144306
51.767691,0.000000,0.000000,0.000000,0.000000,0.000000,0.000000,0.000000,0.528332,0.092006,0.223653,0.996291,-0.084537,0.015843,0.002589,0.526119,0.090450,0.223100,0.996281,-0.085101,0.013441,0.000766,-3.140831,-0.026915,-0.170435,0.016080,0.006466,0.008796,0.024154,-0.085629,-0.006027,-1.085139,0.911218,-0.035819,-1.035239,-0.778838,0.347495,-0.322622,0.018972,0.496897,-2.227281,-0.022746,2.269425,1.144314
51.819569,0.000000,0.000000,0.000000,0.000000,0.000000,0.000000,0.000000,0.528332,0.092006,0.223653,0.996291,-0.084537,0.015843,0.002589,0.526129,0.090470,0.223158,0.996284,-0.085088,0.013329,0.000783,-3.140885,-0.026694,-0.170407,0.010740,0.008098,0.006333,0.020298,-0.058060,-0.002613,-0.956484,0.934965,0.119885,-1.036725,-0.770761,0.347696,-0.322605,0.019066,0.496916,-2.226952,-0.022765,2.268953,1.144329
51.867737,0.000000,0.000000,0.000000,0.000000,0.000000,0.000000,0.000000,0.528332,0.092006,0.223653,0.996291,-0.084537,0.015843,0.002589,0.526140,0.090483,0.223156,0.996285,-0.085097,0.013223,0.000772,-3.140881,-0.026482,-0.170424,0.002319,0.005691,0.000732,0.014994,-0.024998,-0.007394,-1.009762,0.882478,0.190432,-1.006821,-0.805592,0.322574,-0.322597,0.019239,0.496916,-2.226714,-0.022769,2.268667,1.144352
51.918580,0.000000,0.000000,0.000000,0.000000,0.000000,0.000000,0.000000,0.528332,0.092006,0.223653,0.996291,-0.084537,0.015843,0.002589,0.526168,0.090498,0.223117,0.996282,-0.085087,0.013508,0.000743,-3.140774,-0.027046,-0.170406,0.018804,0.009575,0.008825,0.027915,-0.108913,-0.003115,-1.266222,0.717675,-0.281391,-0.966612,-0.695639,0.260565,-0.322574,0.019031,0.496924,-2.227206,-0.022774,2.269543,1.144377
51.968584,0.000000,0.000000,0.000000,0.000000,0.000000,0.000000,0.000000,0.528332,0.092006,0.223653,0.996291,-0.084537,0.015843,0.002589,0.526228,0.090508,0.223169,0.996280,-0.085102,0.013514,0.000721,-3.140729,-0.027054,-0.170438,0.020241,0.005759,0.009980,0.028321,-0.109939,-0.009625,-1.085571,0.858951,-0.534450,-1.053028,-0.486704,0.310481,-0.322585,0.019129,0.496929,-2.226956,-0.022782,2.269403,1.144404
52.019636,0.000000,0.000000,0.000000,0.000000,0.000000,0.000000,0.000000,0.528332,0.092006,0.223653,0.996291,-0.084537,0.015843,0.002589,0.526162,0.090491,0.223110,0.996280,-0.085112,0.013467,0.000750,-3.140793,-0.026965,-0.170457,0.011426,0.005829,0.003923,0.023609,-0.075985,-0.009399,-1.370801,0.887419,-0.285718,-1.039878,-0.743568,0.348213,-0.322586,0.019073,0.496924,-2.227157,-0.022788,2.269448,1.144424
52.069628,0.000000,0.000000,0.000000,0.000000,0.000000,0.000000,0.000000,0.528332,0.092006,0.223653,0.996291,-0.084537,0.015843,0.002589,0.526179,0.090494,0.223099,0.996277,-0.085110,0.013689,0.000738,-3.140733,-0.027405,-0.170454,0.019458,0.007879,0.009372,0.025859,-0.115471,-0.002908,-1.793568,0.700569,-0.960305,-1.002352,-0.611769,0.294919,-0.322570,0.018869,0.496923,-2.227531,-0.022794,2.270078,1.144447
52.119370,0.000000,0.000000,0.000000,0.000000,0.000000,0.000000,0.000000,0.528332,0.092006,0.223653,0.996291,-0.084537,0.015843,0.002589,0.526249,0.090529,0.223221,0.996278,-0.085098,0.013675,0.000733,-3.140725,-0.027376,-0.170430,0.018822,0.009168,0.008191,0.025048,-0.110340,0.000283,-1.722360,0.516724,-1.328888,-0.969721,-0.373452,0.187631,-0.322555,0.018927,0.496950,-2.227112,-0.022800,2.269684,1.144462
52.170577,0.000000,0.000000,0.000000,0.000000,0.000000,0.000000,0.000000,0.528332,0.092006,0.223653,0.996291,-0.084537,0.015843,0.002589,0.526266,0.090524,0.223243,0.996278,-0.085109,0.013640,0.000733,-3.140732,-0.027307,-0.170453,0.015447,0.005613,0.004582,0.022486,-0.099109,-0.003427,-2.366429,0.613285,-0.744192,-0.966979,-0.907685,0.298803,-0.322561,0.018988,0.496942,-2.226966,-0.022813,2.269524,1.144476
52.219865,0.000000,0.000000,0.000000,0.000000,0.000000,0.000000,0.000000,0.528332,0.092006,0.223653,0.996291,-0.084537,0.015843,0.002589,0.526219,0.090511,0.223181,0.996277,-0.085117,0.013688,0.000748,-3.140753,-0.027405,-0.170467,0.017545,0.007923,0.006861,0.025552,-0.110439,-0.004985,-1.803052,0.676139,-0.757442,-0.986638,-0.677472,0.280877,-0.322556,0.018877,0.496935,-2.227288,-0.022820,2.269833,1.144499
52.271469,0.000000,0.000000,0.000000,0.000000,0.000000,0.000000,0.000000,0.528332,0.092006,0.223653,0.996291,-0.084537,0.015843,0.002589,0.526245,0.090525,0.223181,0.996276,-0.085104,0.013800,0.000734,-3.140707,-0.027626,-0.170442,0.022419,0.007085,0.007694,0.030221,-0.119990,-0.004831,-1.936583,0.660512,-0.998246,-0.987478,-0.635365,0.294562,-0.322552,0.018823,0.496954,-2.227406,-0.022832,2.270127,1.144507
52.320562,0.000000,0.000000,0.000000,0.000000,0.000000,0.000000,0.000000,0.528332,0.092006,0.223653,0.996291,-0.084537,0.015843,0.002589,0.526389,0.090558,0.223278,0.996275,-0.085112,0.013829,0.000671,-3.140575,-0.027672,-0.170461,0.023617,0.007728,0.012877,0.024997,-0.137629,-0.001238,-1.975313,0.559783,-1.562783,-1.009700,-0.338253,0.243586,-0.322554,0.019081,0.496955,-2.226871,-0.022848,2.269907,1.144523
52.370776,0.000000,0.000000,0.000000,0.000000,0.000000,0.000000,0.000000,0.528332,0.092006,0.223653,0.996291,-0.084537,0.015843,0.002589,0.526403,0.090560,0.223267,0.996276,-0.085118,0.013741,0.000661,-3.140570,-0.027495,-0.170472,0.020912,0.008299,0.006282,0.025835,-0.127532,0.002312,-2.102979,0.539694,-1.321293,-0.990309,-0.479288,0.245375,-0.322551,0.019248,0.496943,-2.226671,-0.022863,2.269689,1.144531
52.421519,0.000000,0.000000,0.000000,0.000000,0.000000,0.000000,0.000000,0.528332,0.092006,0.223653,0.996291,-0.084537,0.015843,0.002589,0.526364,0.090544,0.223172,0.996274,-0.085120,0.013844,0.000661,-3.140552,-0.027702,-0.170476,0.020313,0.008770,0.005728,0.028248,-0.133343,0.001413,-2.199005,0.556334,-1.164593,-0.978847,-0.630103,0.264625,-0.322556,0.019140,0.496935,-2.227117,-0.022876,2.270240,1.144539
52.470767,0.000000,0.000000,0.000000,0.000000,0.000000,0.000000,0.000000,0.528332,0.092006,0.223653,0.996291,-0.084537,0.015843,0.002589,0.526317,0.090529,0.223164,0.996272,-0.085118,0.013996,0.000695,-3.140595,-0.028009,-0.170474,0.022484,0.008601,0.009087,0.029157,-0.134116,-0.001866,-2.279447,0.588646,-1.386247,-0.993374,-0.600495,0.289547,-0.322552,0.018820,0.496944,-2.227565,-0.022873,2.270681,1.144557
52.521717,0.000000,0.000000,0.000000,0.000000,0.000000,0.000000,0.000000,0.528332,0.092006,0.223653,0.996291,-0.084537,0.015843,0.002589,0.526435,0.090566,0.223286,0.996271,-0.085108,0.014121,0.000658,-3.140500,-0.028253,-0.170455,0.028564,0.010358,0.011913,0.035412,-0.157794,-0.000835,-2.498499,0.383249,-1.812365,-0.964479,-0.452108,0.202852,-0.322542,0.018849,0.496965,-2.227257,-0.022883,2.270660,1.144570
52.570778,0.000000,0.000000,0.000000,0.000000,0.000000,0.000000,0.000000,0.528332,0.092006,0.223653,0.996291,-0.084537,0.015843,0.002589,0.526431,0.090561,0.223269,0.996273,-0.085103,0.014027,0.000668,-3.140536,-0.028067,-0.170444,0.027612,0.009958,0.008982,0.035033,-0.148473,0.000401,-2.512525,0.467573,-1.726749,-1.008254,-0.468268,0.249465,-0.322541,0.018982,0.496957,-2.227109,-0.022923,2.270443,1.144574
52.621449,0.000000,0.000000,0.000000,0.000000,0.000000,0.000000,0.000000,0.528332,0.092006,0.223653,0.996291,-0.084537,0.015843,0.002589,0.526454,0.090565,0.223267,0.996274,-0.085106,0.013928,0.000660,-3.140536,-0.027868,-0.170449,0.026999,0.010972,0.009290,0.034635,-0.151751,0.001654,-2.366881,0.499261,-1.595223,-1.026182,-0.448987,0.250527,-0.322548,0.019180,0.496955,-2.226846,-0.022953,2.270165,1.144584
52.671563,0.000000,0.000000,0.000000,0.000000,0.000000,0.000000,0.000000,0.528332,0.092006,0.223653,0.996291,-0.084537,0.015843,0.002589,0.526493,0.090575,0.223300,0.996275,-0.085094,0.013955,0.000652,-3.140516,-0.027921,-0.170427,0.028102,0.011599,0.011952,0.033887,-0.158899,0.003975,-2.151802,0.479735,-1.561157,-1.015433,-0.362104,0.226109,-0.322537,0.019218,0.496955,-2.226726,-0.022974,2.270135,1.144584
52.721737,0.000000,0.000000,0.000000,0.000000,0.000000,0.000000,0.000000,0.528332,0.092006,0.223653,0.996291,-0.084537,0.015843,0.002589,0.526549,0.090582,0.223348,0.996274,-0.085101,0.013961,0.000636,-3.140483,-0.027930,-0.170440,0.027340,0.010332,0.009073,0.035112,-0.153508,0.000328,-1.908505,0.560918,-1.791740,-1.069979,-0.125995,0.243735,-0.322542,0.019308,0.496953,-2.226496,-0.022991,2.270004,1.144597
52.773386,0.000000,0.000000,0.000000,0.000000,0.000000,0.000000,0.000000,0.528332,0.092006,0.223653,0.996291,-0.084537,0.015843,0.002589,0.526493,0.090566,0.223320,0.996274,-0.085100,0.014016,0.000667,-3.140535,-0.028044,-0.170438,0.024787,0.010238,0.008747,0.033105,-0.157483,0.001299,-2.278757,0.401368,-1.723636,-0.987058,-0.325164,0.197389,-0.322542,0.019112,0.496955,-2.226816,-0.022989,2.270241,1.144601
52.821757,0.000000,0.000000,0.000000,0.000000,0.000000,0.000000,0.000000,0.528332,0.092006,0.223653,0.996291,-0.084537,0.015843,0.002589,0.526419,0.090548,0.223276,0.996274,-0.085096,0.014015,0.000711,-3.140624,-0.028051,-0.170428,0.023292,0.009557,0.009013,0.030031,-0.147322,-0.001058,-2.601529,0.490579,-1.601393,-0.990880,-0.562500,0.271144,-0.322544,0.018954,0.496962,-2.227108,-0.023005,2.270371,1.144614
52.871653,0.000000,0.000000,0.000000,0.000000,0.000000,0.000000,0.000000,0.528332,0.092006,0.223653,0.996291,-0.084537,0.015843,0.002589,0.526306,0.090547,0.223191,0.996276,-0.085067,0.014059,0.000757,-3.140709,-0.028147,-0.170370,0.023352,0.012130,0.011899,0.028092,-0.150687,0.005014,-2.751241,0.291468,-1.934909,-0.922677,-0.523827,0.180509,-0.322519,0.018696,0.496991,-2.227651,-0.022999,2.270748,1.144616
52.921685,0.000000,0.000000,0.000000,0.000000,0.000000,0.000000,0.000000,0.528332,0.092006,0.223653,0.996291,-0.084537,0.015843,0.002589,0.526220,0.090545,0.223293,0.996280,-0.085045,0.013912,0.000856,-3.140932,-0.027869,-0.170321,0.023133,0.009124,0.012037,0.026477,-0.140794,0.000524,-1.202205,0.438963,-2.478841,-1.012659,0.218582,0.114075,-0.322507,0.018481,0.497032,-2.227508,-0.023005,2.270079,1.144623
52.972368,0.000000,0.000000,0.000000,0.000000,0.000000,0.000000,0.000000,0.528332,0.092006,0.223653,0.996291,-0.084537,0.015843,0.002589,0.526054,0.090467,0.223471,0.996276,-0.085062,0.014021,0.001041,-3.141282,-0.028118,-0.170351,0.025826,0.014316,0.016812,0.026649,-0.173376,0.011020,-0.592839,0.680663,-2.868421,-1.109733,0.643535,0.203061,-0.322517,0.017563,0.497030,-2.228041,-0.022971,2.269922,1.144633
53.022491,0.000000,0.000000,0.000000,0.000000,0.000000,0.000000,0.000000,0.528332,0.092006,0.223653,0.996291,-0.084537,0.015843,0.002589,0.526038,0.090522,0.223591,0.996279,-0.085003,0.014173,0.001094,-3.141362,-0.028430,-0.170231,0.031951,0.012386,0.013378,0.037451,-0.174924,0.003082,-1.778371,0.355722,-2.052788,-0.972222,-0.158588,0.142816,-0.322479,0.017185,0.497135,-2.228189,-0.022976,2.270002,1.144663
53.072617,0.000000,0.000000,0.000000,0.000000,0.000000,0.000000,0.000000,0.528332,0.092006,0.223653,0.996291,-0.084537,0.015843,0.002589,0.526142,0.090598,0.223598,0.996281,-0.084974,0.014201,0.001017,-3.141206,-0.028473,-0.170177,0.033935,0.011821,0.011501,0.042684,-0.169605,0.000151,-2.225337,0.168767,-1.957503,-0.940775,-0.247591,0.087705,-0.322477,0.017483,0.497216,-2.227869,-0.022992,2.270037,1.144696
53.122480,0.000000,0.000000,0.000000,0.000000,0.000000,0.000000,0.000000,0.528332,0.092006,0.223653,0.996291,-0.084537,0.015843,0.002589,0.526256,0.090656,0.223562,0.996284,-0.084971,0.014063,0.000921,-3.141037,-0.028182,-0.170172,0.027885,0.010670,0.007758,0.038561,-0.144650,0.000485,-2.591854,0.171998,-2.137528,-0.993056,-0.297834,0.107974,-0.322487,0.018066,0.497251,-2.227271,-0.023014,2.269732,1.144716
53.172582,0.000000,0.000000,0.000000,0.000000,0.000000,0.000000,0.000000,0.528332,0.092006,0.223653,0.996291,-0.084537,0.015843,0.002589,0.526324,0.090661,0.223528,0.996281,-0.084989,0.014150,0.000862,-3.140906,-0.028346,-0.170211,0.025819,0.012399,0.011043,0.029802,-0.154425,0.007529,-2.114700,0.223321,-2.278057,-0.983419,0.038102,0.097858,-0.322494,0.018207,0.497231,-2.227265,-0.023020,2.270050,1.144731
53.222860,0.000000,0.000000,0.000000,0.000000,0.000000,0.000000,0.000000,0.528332,0.092006,0.223653,0.996291,-0.084537,0.015843,0.002589,0.526134,0.090698,0.223359,0.996291,-0.084903,0.013966,0.000950,-3.141113,-0.027993,-0.170034,0.022859,0.011518,0.006462,0.028513,-0.141881,0.007002,-1.840897,-0.158047,-1.152656,-0.671728,-0.619522,-0.126582,-0.322445,0.018156,0.497330,-2.227695,-0.023088,2.270032,1.144754
53.274953,0.000000,0.000000,0.000000,0.000000,0.000000,0.000000,0.000000,0.528332,0.092006,0.223653,0.996291,-0.084537,0.015843,0.002589,0.526099,0.090753,0.223426,0.996295,-0.084874,0.013832,0.000985,-3.141207,-0.027731,-0.169974,0.023113,0.011556,0.008618,0.030583,-0.138555,0.003570,-0.823398,-0.061529,-1.444133,-0.789951,-0.114584,-0.172641,-0.322422,0.018153,0.497424,-2.227433,-0.023079,2.269488,1.144800
53.325368,0.000000,0.000000,0.000000,0.000000,0.000000,0.000000,0.000000,0.528332,0.092006,0.223653,0.996291,-0.084537,0.015843,0.002589,0.526051,0.090878,0.223308,0.996302,-0.084789,0.013830,0.000958,-3.141156,-0.027724,-0.169805,0.023522,0.012306,0.005117,0.031985,-0.132309,0.005007,-1.560444,-0.635860,-0.328683,-0.551913,-0.926374,-0.404489,-0.322358,0.018252,0.497595,-2.227665,-0.023087,2.269815,1.144874
53.374010,0.000000,0.000000,0.000000,0.000000,0.000000,0.000000,0.000000,0.528332,0.092006,0.223653,0.996291,-0.084537,0.015843,0.002589,0.526112,0.091046,0.223244,0.996309,-0.084709,0.013852,0.000907,-3.141052,-0.027758,-0.169644,0.026333,0.009432,0.009746,0.028383,-0.146163,0.002346,-1.946570,-0.785548,-1.042659,-0.567224,-0.721769,-0.484725,-0.322296,0.018595,0.497817,-2.227489,-0.023202,2.270003,1.145067
53.424986,0.000000,0.000000,0.000000,0.000000,0.000000,0.000000,0.000000,0.528332,0.092006,0.223653,0.996291,-0.084537,0.015843,0.002589,0.526017,0.090918,0.223248,0.996306,-0.084757,0.013759,0.001043,-3.141339,-0.027597,-0.169737,0.017578,0.005260,0.009770,0.016562,-0.131768,0.000877,-1.599719,0.206297,-1.986680,-0.915937,-0.178301,0.012992,-0.322370,0.018381,0.497743,-2.227647,-0.023341,2.269725,1.145105
53.474542,0.000000,0.000000,0.000000,0.000000,0.000000,0.000000,0.000000,0.528332,0.092006,0.223653,0.996291,-0.084537,0.015843,0.002589,0.525906,0.090669,0.223333,0.996294,-0.084894,0.013779,0.001229,3.141484,-0.027668,-0.170008,0.021848,0.006340,0.013131,0.019289,-0.138348,0.000028,-1.218304,1.059784,-2.119113,-1.069480,-0.064771,0.449060,-0.322434,0.017797,0.497467,-2.228030,-0.023441,2.269541,1.145110
53.524509,0.000000,0.000000,0.000000,0.000000,0.000000,0.000000,0.000000,0.528332,0.092006,0.223653,0.996291,-0.084537,0.015843,0.002589,0.525796,0.090769,0.223389,0.996305,-0.084785,0.013622,0.001318,3.141276,-0.027370,-0.169786,0.018663,0.012487,0.010446,0.016056,-0.113818,0.013887,-0.696722,-0.317097,-1.099172,-0.590724,-0.317889,-0.316453,-0.322305,0.017645,0.497584,-2.227944,-0.023463,2.268968,1.145146
53.576143,0.000000,0.000000,0.000000,0.000000,0.000000,0.000000,0.000000,0.528332,0.092006,0.223653,0.996291,-0.084537,0.015843,0.002589,0.525619,0.090761,0.223456,0.996309,-0.084803,0.013228,0.001491,3.140866,-0.026614,-0.169816,0.008086,0.008957,0.006831,0.011491,-0.037117,0.004525,-0.241230,0.391489,-0.915282,-0.811887,-0.341402,-0.005227,-0.322339,0.017531,0.497706,-2.227652,-0.023544,2.267722,1.145313
53.625030,0.000000,0.000000,0.000000,0.000000,0.000000,0.000000,0.000000,0.528332,0.092006,0.223653,0.996291,-0.084537,0.015843,0.002589,0.525425,0.090712,0.223794,0.996311,-0.084803,0.013062,0.001743,3.140334,-0.026326,-0.169809,-0.007062,0.009352,0.006272,-0.011785,0.002335,0.017659,2.267515,0.998068,-1.723696,-1.204250,1.057412,0.086965,-0.322334,0.016656,0.497761,-2.227534,-0.023502,2.266384,1.145338
53.675037,0.000000,0.000000,0.000000,0.000000,0.000000,0.000000,0.000000,0.528332,0.092006,0.223653,0.996291,-0.084537,0.015843,0.002589,0.525299,0.090638,0.223939,0.996304,-0.084868,0.013157,0.001895,3.140050,-0.026542,-0.169935,-0.010523,0.007702,-0.000785,-0.009336,0.030211,0.012290,1.526536,1.404022,-0.923547,-1.203786,0.361370,0.388617,-0.322379,0.015926,0.497776,-2.227953,-0.023492,2.266268,1.145439
53.724897,0.000000,0.000000,0.000000,0.000000,0.000000,0.000000,0.000000,0.528332,0.092006,0.223653,0.996291,-0.084537,0.015843,0.002589,0.525175,0.090723,0.224005,0.996310,-0.084821,0.012982,0.001984,3.139840,-0.026207,-0.169838,-0.020672,0.006597,-0.006131,-0.020593,0.088027,0.018641,1.872159,0.989466,-0.603186,-1.141165,0.322007,0.121607,-0.322289,0.015731,0.497906,-2.227876,-0.023475,2.265632,1.145549
53.775449,0.000000,0.000000,0.000000,0.000000,0.000000,0.000000,0.000000,0.528332,0.092006,0.223653,0.996291,-0.084537,0.015843,0.002589,0.525169,0.090754,0.224334,0.996312,-0.084817,0.012845,0.002096,3.139595,-0.025954,-0.169826,-0.031387,-0.001644,-0.008656,-0.034390,0.166604,0.011378,3.333250,1.767476,-1.323890,-1.537381,1.258750,0.369676,-0.322318,0.015423,0.498034,-2.227196,-0.023453,2.264358,1.145608
53.825494,0.000000,0.000000,0.000000,0.000000,0.000000,0.000000,0.000000,0.528332,0.092006,0.223653,0.996291,-0.084537,0.015843,0.002589,0.525259,0.090869,0.224613,0.996312,-0.084787,0.012986,0.002101,3.139607,-0.026235,-0.169767,-0.041785,-0.007322,-0.028395,-0.038474,0.211994,0.010931,3.317341,1.458009,-2.025088,-1.583918,1.755285,0.224546,-0.322286,0.015159,0.498200,-2.226769,-0.023397,2.263965,1.145705
53.875621,0.000000,0.000000,0.000000,0.000000,0.000000,0.000000,0.000000,0.528332,0.092006,0.223653,0.996291,-0.084537,0.015843,0.002589,0.525353,0.090684,0.224730,0.996289,-0.084993,0.013393,0.002124,3.139637,-0.027052,-0.170181,-0.032870,-0.016433,-0.027375,-0.032397,0.158421,-0.008077,2.718558,2.385905,-3.592680,-1.920027,2.452435,0.822171,-0.322420,0.014665,0.498010,-2.227184,-0.023428,2.264724,1.145826
53.926592,0.000000,0.000000,0.000000,0.000000,0.000000,0.000000,0.000000,0.528332,0.092006,0.223653,0.996291,-0.084537,0.015843,0.002589,0.525570,0.090628,0.225001,0.996262,-0.085204,0.014104,0.002034,3.139943,-0.028453,-0.170609,-0.005583,-0.011443,0.004641,-0.015392,0.030287,-0.021867,0.991768,1.299430,-6.032153,-1.736020,3.080723,0.498447,-0.322414,0.013973,0.497843,-2.227553,-0.023270,2.265907,1.146002
53.976745,0.000000,0.000000,0.000000,0.000000,0.000000,0.000000,0.000000,0.528332,0.092006,0.223653,0.996291,-0.084537,0.015843,0.002589,0.525513,0.091085,0.225392,0.996245,-0.085394,0.014135,0.002039,3.139943,-0.028517,-0.170990,0.022870,0.000755,0.030964,0.016338,-0.107975,-0.068917,1.819456,-1.324744,-7.793038,-1.150785,4.096818,-0.949834,-0.322079,0.013404,0.498361,-2.227085,-0.022977,2.264986,1.147041
54.026428,0.000000,0.000000,0.000000,0.000000,0.000000,0.000000,0.000000,0.528332,0.092006,0.223653,0.996291,-0.084537,0.015843,0.002589,0.525372,0.091411,0.225586,0.996235,-0.085522,0.014034,0.002189,3.139631,-0.028341,-0.171242,0.031625,0.005078,0.030915,0.029942,-0.162989,-0.035829,-0.232405,-0.942781,-7.772849,-1.310959,3.400489,-0.571678,-0.321910,0.013021,0.498907,-2.226881,-0.023069,2.264159,1.148063
54.076010,0.000000,0.000000,0.000000,0.000000,0.000000,0.000000,0.000000,0.528332,0.092006,0.223653,0.996291,-0.084537,0.015843,0.002589,0.525090,0.091456,0.225586,0.996240,-0.085550,0.013495,0.002383,3.139152,-0.027299,-0.171293,0.027944,0.012513,0.020669,0.026023,-0.164325,-0.002832,-0.664097,-1.360840,-6.289031,-1.006712,2.203514,-0.796259,-0.321884,0.012904,0.499090,-2.226705,-0.023102,2.262733,1.148339
54.127537,0.000000,0.000000,0.000000,0.000000,0.000000,0.000000,0.000000,0.528332,0.092006,0.223653,0.996291,-0.084537,0.015843,0.002589,0.524865,0.091453,0.225674,0.996237,-0.085639,0.013062,0.002583,3.138682,-0.026471,-0.171465,0.016320,0.009099,0.010108,0.009660,-0.089838,0.008937,0.766181,-1.029785,-5.580335,-0.996962,2.363301,-0.760992,-0.321881,0.012672,0.499204,-2.226460,-0.023149,2.261340,1.148652
54.176861,0.000000,0.000000,0.000000,0.000000,0.000000,0.000000,0.000000,0.528332,0.092006,0.223653,0.996291,-0.084537,0.015843,0.002589,0.524725,0.091471,0.225858,0.996239,-0.085680,0.012600,0.002735,3.138302,-0.025577,-0.171542,-0.003450,0.011645,0.002432,-0.004073,0.002089,0.016639,1.597620,-0.658321,-4.485417,-0.979807,2.116988,-0.665028,-0.321865,0.012587,0.499290,-2.225774,-0.023138,2.259607,1.148809
54.226747,0.000000,0.000000,0.000000,0.000000,0.000000,0.000000,0.000000,0.528332,0.092006,0.223653,0.996291,-0.084537,0.015843,0.002589,0.524621,0.091466,0.225717,0.996237,-0.085727,0.012434,0.002746,3.138252,-0.025249,-0.171637,-0.023796,0.006769,-0.014170,-0.021951,0.101092,0.021146,2.687350,0.148723,-2.714048,-1.195686,1.615610,-0.353218,-0.321883,0.012692,0.499318,-2.225972,-0.023120,2.259570,1.148905
54.277816,0.000000,0.000000,0.000000,0.000000,0.000000,0.000000,0.000000,0.528332,0.092006,0.223653,0.996291,-0.084537,0.015843,0.002589,0.524640,0.091435,0.225574,0.996227,-0.085830,0.012579,0.002698,3.138376,-0.025530,-0.171845,-0.039467,-0.006531,-0.033005,-0.032711,0.205883,0.011394,2.955335,0.652606,-2.930969,-1.408343,1.933798,-0.086541,-0.321921,0.012759,0.499287,-2.226385,-0.023154,2.260346,1.149073
54.327858,0.000000,0.000000,0.000000,0.000000,0.000000,0.000000,0.000000,0.528332,0.092006,0.223653,0.996291,-0.084537,0.015843,0.002589,0.524975,0.091428,0.225603,0.996211,-0.085934,0.013118,0.002482,3.138901,-0.026566,-0.172061,-0.026268,-0.013675,-0.025867,-0.023123,0.149767,-0.002592,2.299936,0.903753,-5.014283,-1.658863,2.918264,0.102776,-0.321981,0.013010,0.499187,-2.226332,-0.023155,2.261668,1.149131
54.377027,0.000000,0.000000,0.000000,0.000000,0.000000,0.000000,0.000000,0.528332,0.092006,0.223653,0.996291,-0.084537,0.015843,0.002589,0.525195,0.091402,0.225655,0.996204,-0.085983,0.013372,0.002379,3.139152,-0.027055,-0.172162,0.004426,-0.010992,0.003148,-0.003745,-0.004350,-0.007016,2.414659,0.530372,-6.343187,-1.657227,3.613932,-0.124252,-0.322020,0.013251,0.499098,-2.226067,-0.023223,2.262160,1.149144
54.427497,0.000000,0.000000,0.000000,0.000000,0.000000,0.000000,0.000000,0.528332,0.092006,0.223653,0.996291,-0.084537,0.015843,0.002589,0.525182,0.091394,0.225621,0.996207,-0.085975,0.013196,0.002423,3.139033,-0.026711,-0.172144,0.034437,-0.001060,0.029455,0.027175,-0.148321,-0.019341,1.012834,-0.408372,-6.628145,-1.299748,3.131895,-0.506415,-0.322031,0.013495,0.499115,-2.225798,-0.023358,2.261739,1.149214
54.477717,0.000000,0.000000,0.000000,0.000000,0.000000,0.000000,0.000000,0.528332,0.092006,0.223653,0.996291,-0.084537,0.015843,0.002589,0.525069,0.091244,0.225501,0.996208,-0.086030,0.012735,0.002543,3.138716,-0.025813,-0.172250,0.032212,0.008992,0.021737,0.026448,-0.169736,-0.000139,-0.651909,-0.290932,-5.680280,-1.153142,1.971170,-0.269698,-0.322128,0.013863,0.498997,-2.225481,-0.023553,2.260794,1.149220
54.527734,0.000000,0.000000,0.000000,0.000000,0.000000,0.000000,0.000000,0.528332,0.092006,0.223653,0.996291,-0.084537,0.015843,0.002589,0.525038,0.091126,0.225590,0.996208,-0.086112,0.012141,0.002635,3.138433,-0.024647,-0.172411,0.016766,0.006280,0.008834,0.007883,-0.096398,0.010234,0.593164,0.110639,-5.417295,-1.320555,2.332488,-0.182623,-0.322196,0.014335,0.498857,-2.224393,-0.023633,2.258927,1.149199
54.577759,0.000000,0.000000,0.000000,0.000000,0.000000,0.000000,0.000000,0.528332,0.092006,0.223653,0.996291,-0.084537,0.015843,0.002589,0.525097,0.091033,0.225870,0.996201,-0.086237,0.011854,0.002679,3.138299,-0.024082,-0.172662,-0.003997,0.007450,-0.000132,-0.003855,0.026344,0.012829,0.989203,0.898864,-4.523238,-1.580411,2.192880,0.194976,-0.322293,0.014411,0.498756,-2.223365,-0.023562,2.257390,1.149187
54.627822,0.000000,0.000000,0.000000,0.000000,0.000000,0.000000,0.000000,0.528332,0.092006,0.223653,0.996291,-0.084537,0.015843,0.002589,0.525017,0.090943,0.226037,0.996196,-0.086309,0.011700,0.002793,3.138046,-0.023796,-0.172804,-0.021576,0.005218,-0.007493,-0.020827,0.083048,0.015102,2.502747,1.356141,-4.360518,-1.749077,2.680047,0.333824,-0.322349,0.014080,0.498701,-2.223160,-0.023523,2.256540,1.149189
54.678834,0.000000,0.000000,0.000000,0.000000,0.000000,0.000000,0.000000,0.528332,0.092006,0.223653,0.996291,-0.084537,0.015843,0.002589,0.525155,0.090998,0.226329,0.996191,-0.086299,0.012141,0.002772,3.138164,-0.024671,-0.172784,-0.039009,-0.000426,-0.020194,-0.038642,0.213060,0.020782,2.047788,1.124080,-5.428158,-1.802039,3.108133,0.269688,-0.322316,0.013531,0.498751,-2.223164,-0.023437,2.256924,1.149201
54.728052,0.000000,0.000000,0.000000,0.000000,0.000000,0.000000,0.000000,0.528332,0.092006,0.223653,0.996291,-0.084537,0.015843,0.002589,0.525370,0.091041,0.226707,0.996189,-0.086283,0.012418,0.002775,3.138205,-0.025223,-0.172751,-0.031656,-0.009209,-0.019565,-0.031568,0.180859,0.005511,1.809820,1.461072,-7.347871,-2.062580,4.098874,0.415180,-0.322307,0.013297,0.498793,-2.222492,-0.023481,2.256579,1.149235
54.777755,0.000000,0.000000,0.000000,0.000000,0.000000,0.000000,0.000000,0.528332,0.092006,0.223653,0.996291,-0.084537,0.015843,0.002589,0.525687,0.091058,0.227391,0.996184,-0.086284,0.012833,0.002819,3.138189,-0.026058,-0.172754,-0.017132,-0.011010,-0.002431,-0.024794,0.102373,-0.002299,1.497919,1.242351,-10.655032,-2.224040,5.787180,0.329343,-0.322310,0.012740,0.498796,-2.221373,-0.023509,2.255750,1.149240
54.828547,0.000000,0.000000,0.000000,0.000000,0.000000,0.000000,0.000000,0.528332,0.092006,0.223653,0.996291,-0.084537,0.015843,0.002589,0.525894,0.091017,0.228277,0.996179,-0.086253,0.013322,0.003065,3.137783,-0.027073,-0.172686,0.003781,-0.011976,0.025577,-0.014574,-0.002022,-0.018896,1.003060,1.023664,-13.718153,-2.258651,7.161707,0.234737,-0.322318,0.011474,0.498829,-2.220472,-0.023645,2.254551,1.149270
54.878661,0.000000,0.000000,0.000000,0.000000,0.000000,0.000000,0.000000,0.528332,0.092006,0.223653,0.996291,-0.084537,0.015843,0.002589,0.526025,0.091106,0.228899,0.996181,-0.086182,0.013618,0.003191,3.137580,-0.027686,-0.172540,0.018852,-0.006550,0.030422,0.009403,-0.068922,-0.027648,-1.075177,0.024388,-12.960985,-1.792833,6.028632,-0.074889,-0.322233,0.010650,0.498953,-2.219752,-0.023637,2.253612,1.149317
54.928941,0.000000,0.000000,0.000000,0.000000,0.000000,0.000000,0.000000,0.528332,0.092006,0.223653,0.996291,-0.084537,0.015843,0.002589,0.526082,0.091228,0.229024,0.996186,-0.086073,0.013925,0.003189,3.137636,-0.028297,-0.172321,0.025965,-0.002024,0.023815,0.026277,-0.119544,-0.027037,-1.803150,-0.448870,-11.704624,-1.550426,5.047781,-0.249485,-0.322151,0.010321,0.499105,-2.219919,-0.023648,2.254081,1.149344
54.978908,0.000000,0.000000,0.000000,0.000000,0.000000,0.000000,0.000000,0.528332,0.092006,0.223653,0.996291,-0.084537,0.015843,0.002589,0.525894,0.091248,0.228762,0.996196,-0.085962,0.013917,0.003280,3.137449,-0.028296,-0.172095,0.026901,0.001747,0.017259,0.028509,-0.146135,-0.018741,-2.268219,-0.927695,-10.433930,-1.192218,4.026837,-0.447039,-0.322076,0.010181,0.499173,-2.220794,-0.023799,2.254768,1.149373
55.028838,0.000000,0.000000,0.000000,0.000000,0.000000,0.000000,0.000000,0.528332,0.092006,0.223653,0.996291,-0.084537,0.015843,0.002589,0.525742,0.091239,0.228580,0.996205,-0.085872,0.013767,0.003381,3.137218,-0.028014,-0.171912,0.026583,0.008328,0.014557,0.026547,-0.151704,-0.003058,-2.037321,-0.946002,-9.972083,-1.091786,3.699302,-0.504806,-0.322054,0.010203,0.499222,-2.221192,-0.023966,2.254841,1.149373
55.078885,0.000000,0.000000,0.000000,0.000000,0.000000,0.000000,0.000000,0.528332,0.092006,0.223653,0.996291,-0.084537,0.015843,0.002589,0.525560,0.091196,0.228397,0.996215,-0.085819,0.013369,0.003495,3.136921,-0.027240,-0.171801,0.020044,0.007286,0.004962,0.016172,-0.132719,0.010609,-1.514678,-0.782539,-8.932704,-1.060256,3.248364,-0.484743,-0.322064,0.010428,0.499234,-2.221244,-0.024110,2.254261,1.149353
55.129016,0.000000,0.000000,0.000000,0.000000,0.000000,0.000000,0.000000,0.528332,0.092006,0.223653,0.996291,-0.084537,0.015843,0.002589,0.525344,0.091229,0.228131,0.996225,-0.085750,0.013030,0.003549,3.136754,-0.026574,-0.171662,0.009376,0.011308,-0.007124,0.014637,-0.067129,0.018829,-0.769314,-0.858992,-7.961301,-1.036182,3.032554,-0.597518,-0.322025,0.010621,0.499316,-2.221604,-0.024136,2.254107,1.149354
55.179699,0.000000,0.000000,0.000000,0.000000,0.000000,0.000000,0.000000,0.528332,0.092006,0.223653,0.996291,-0.084537,0.015843,0.002589,0.525058,0.091355,0.227842,0.996241,-0.085621,0.012671,0.003599,3.136590,-0.025866,-0.171402,-0.004091,0.010381,-0.010634,0.009468,-0.007034,0.012112,0.740930,-0.915771,-7.062120,-1.025481,3.058889,-0.770521,-0.321930,0.010708,0.499525,-2.222136,-0.024077,2.253992,1.149368
55.229756,0.000000,0.000000,0.000000,0.000000,0.000000,0.000000,0.000000,0.528332,0.092006,0.223653,0.996291,-0.084537,0.015843,0.002589,0.525053,0.091368,0.227649,0.996244,-0.085579,0.012670,0.003564,3.136659,-0.025857,-0.171320,0.000375,0.002448,-0.003008,0.005753,-0.009143,-0.002427,0.271102,-0.184968,-6.100765,-1.198047,2.498004,-0.358866,-0.321953,0.010984,0.499564,-2.222384,-0.024169,2.254499,1.149364
55.280826,0.000000,0.000000,0.000000,0.000000,0.000000,0.000000,0.000000,0.528332,0.092006,0.223653,0.996291,-0.084537,0.015843,0.002589,0.525127,0.091073,0.227467,0.996230,-0.085732,0.012769,0.003581,3.136646,-0.026059,-0.171626,-0.007882,-0.001007,-0.003563,-0.004933,0.048542,-0.004968,-0.373059,1.552352,-5.009635,-1.642624,1.852966,0.613731,-0.322169,0.011213,0.499247,-2.222696,-0.024418,2.255198,1.149302
55.331033,0.000000,0.000000,0.000000,0.000000,0.000000,0.000000,0.000000,0.528332,0.092006,0.223653,0.996291,-0.084537,0.015843,0.002589,0.525337,0.090873,0.227464,0.996218,-0.085857,0.012858,0.003526,3.136774,-0.026227,-0.171879,-0.033741,-0.003603,-0.022304,-0.026542,0.174194,0.006120,0.333317,2.052607,-5.577345,-1.880153,2.585780,0.808812,-0.322302,0.011635,0.498947,-2.222298,-0.024592,2.255374,1.149226
55.381762,0.000000,0.000000,0.000000,0.000000,0.000000,0.000000,0.000000,0.528332,0.092006,0.223653,0.996291,-0.084537,0.015843,0.002589,0.525478,0.090806,0.227464,0.996211,-0.085906,0.013112,0.003469,3.136933,-0.026724,-0.171978,-0.038725,-0.010133,-0.032826,-0.032568,0.205034,0.005884,0.336362,1.987886,-7.382525,-2.014268,3.605886,0.790853,-0.322359,0.011698,0.498842,-2.222364,-0.024667,2.256018,1.149215
55.430935,0.000000,0.000000,0.000000,0.000000,0.000000,0.000000,0.000000,0.528332,0.092006,0.223653,0.996291,-0.084537,0.015843,0.002589,0.525682,0.090958,0.227533,0.996212,-0.085831,0.013519,0.003326,3.137285,-0.027510,-0.171831,-0.025134,-0.009119,-0.020117,-0.026142,0.142026,0.005883,0.583574,1.056513,-8.710840,-1.886229,4.323901,0.283247,-0.322274,0.011760,0.498950,-2.222332,-0.024644,2.256898,1.149249
55.481097,0.000000,0.000000,0.000000,0.000000,0.000000,0.000000,0.000000,0.528332,0.092006,0.223653,0.996291,-0.084537,0.015843,0.002589,0.525843,0.091056,0.227771,0.996218,-0.085756,0.013564,0.003310,3.137323,-0.027596,-0.171680,-0.011791,-0.009221,-0.003897,-0.016145,0.094435,-0.001888,0.659465,1.000821,-9.920603,-1.985099,4.919426,0.231200,-0.322241,0.011892,0.499058,-2.221538,-0.024707,2.256313,1.149264
55.532068,0.000000,0.000000,0.000000,0.000000,0.000000,0.000000,0.000000,0.528332,0.092006,0.223653,0.996291,-0.084537,0.015843,0.002589,0.526060,0.091428,0.228066,0.996242,-0.085494,0.013463,0.003232,3.137454,-0.027381,-0.171156,0.023682,-0.004062,0.021496,0.018214,-0.063777,-0.019067,0.879102,-0.814331,-11.067314,-1.526235,5.589061,-0.752742,-0.321993,0.012427,0.499407,-2.220079,-0.024768,2.255163,1.149347
55.580957,0.000000,0.000000,0.000000,0.000000,0.000000,0.000000,0.000000,0.528332,0.092006,0.223653,0.996291,-0.084537,0.015843,0.002589,0.526045,0.091545,0.228265,0.996261,-0.085327,0.013081,0.003364,3.137121,-0.026641,-0.170818,0.032321,0.001433,0.032452,0.023553,-0.153087,-0.018932,-0.240755,-0.879441,-10.778882,-1.423136,4.980527,-0.697143,-0.321926,0.012669,0.499609,-2.219041,-0.024963,2.253525,1.149377
55.631028,0.000000,0.000000,0.000000,0.000000,0.000000,0.000000,0.000000,0.528332,0.092006,0.223653,0.996291,-0.084537,0.015843,0.002589,0.526025,0.091591,0.228269,0.996271,-0.085240,0.012947,0.003400,3.137024,-0.026381,-0.170642,0.031574,0.007003,0.019222,0.029968,-0.181110,-0.004853,-0.828896,-1.115771,-9.978066,-1.241729,4.278915,-0.749815,-0.321901,0.012805,0.499689,-2.218808,-0.025040,2.253133,1.149349
55.681803,0.000000,0.000000,0.000000,0.000000,0.000000,0.000000,0.000000,0.528332,0.092006,0.223653,0.996291,-0.084537,0.015843,0.002589,0.525715,0.091533,0.228099,0.996280,-0.085173,0.012637,0.003595,3.136581,-0.025796,-0.170504,0.020188,0.008506,0.005828,0.013551,-0.140404,0.015394,-0.485479,-1.029234,-8.978758,-1.121911,3.783350,-0.737754,-0.321892,0.012518,0.499727,-2.219418,-0.025134,2.252790,1.149325
55.731140,0.000000,0.000000,0.000000,0.000000,0.000000,0.000000,0.000000,0.528332,0.092006,0.223653,0.996291,-0.084537,0.015843,0.002589,0.525337,0.091380,0.227988,0.996282,-0.085188,0.012231,0.003859,3.135985,-0.025031,-0.170526,-0.004322,0.007692,-0.002582,-0.011742,-0.021001,0.024086,0.112390,-0.140571,-7.754774,-1.271754,3.255367,-0.332678,-0.321948,0.012021,0.499693,-2.220033,-0.025195,2.252047,1.149305
55.783738,0.000000,0.000000,0.000000,0.000000,0.000000,0.000000,0.000000,0.528332,0.092006,0.223653,0.996291,-0.084537,0.015843,0.002589,0.525146,0.091353,0.227818,0.996286,-0.085163,0.012061,0.003944,3.135787,-0.024707,-0.170474,-0.027525,0.004998,-0.016979,-0.019496,0.143691,0.014422,1.294793,0.452164,-5.575901,-1.373976,2.670650,-0.111275,-0.321958,0.011907,0.499732,-2.220540,-0.025223,2.252081,1.149307
55.831920,0.000000,0.000000,0.000000,0.000000,0.000000,0.000000,0.000000,0.528332,0.092006,0.223653,0.996291,-0.084537,0.015843,0.002589,0.525193,0.091295,0.227923,0.996289,-0.085154,0.011893,0.004015,3.135615,-0.024384,-0.170455,-0.038719,-0.003582,-0.028426,-0.029417,0.213748,0.009101,3.621395,1.422153,-7.154687,-1.944440,4.389722,0.185972,-0.321986,0.012099,0.499673,-2.219938,-0.025387,2.251285,1.149290
55.882796,0.000000,0.000000,0.000000,0.000000,0.000000,0.000000,0.000000,0.528332,0.092006,0.223653,0.996291,-0.084537,0.015843,0.002589,0.525299,0.091414,0.227829,0.996296,-0.085043,0.012069,0.003923,3.135826,-0.024719,-0.170235,-0.035521,-0.009418,-0.028693,-0.027487,0.185405,0.002254,3.175198,0.898695,-7.785450,-1.875548,4.645721,-0.056665,-0.321920,0.012389,0.499780,-2.219990,-0.025473,2.251977,1.149300
55.932742,0.000000,0.000000,0.000000,0.000000,0.000000,0.000000,0.000000,0.528332,0.092006,0.223653,0.996291,-0.084537,0.015843,0.002589,0.525448,0.091427,0.227712,0.996294,-0.085020,0.012488,0.003822,3.136099,-0.025536,-0.170189,-0.003549,-0.013126,-0.001986,-0.008303,0.033341,-0.012903,2.369340,0.556497,-8.710974,-1.809413,4.741715,-0.158537,-0.321918,0.012478,0.499756,-2.220448,-0.025583,2.253376,1.149317
55.982680,0.000000,0.000000,0.000000,0.000000,0.000000,0.000000,0.000000,0.528332,0.092006,0.223653,0.996291,-0.084537,0.015843,0.002589,0.525383,0.091576,0.227253,0.996305,-0.084908,0.012350,0.003695,3.136326,-0.025238,-0.169969,0.021344,-0.005227,0.011449,0.018966,-0.082525,-0.016991,1.499330,-0.695873,-6.573540,-1.183590,3.180117,-0.713935,-0.321795,0.013199,0.499865,-2.220904,-0.025642,2.254259,1.149374
56.031996,0.000000,0.000000,0.000000,0.000000,0.000000,0.000000,0.000000,0.528332,0.092006,0.223653,0.996291,-0.084537,0.015843,0.002589,0.525231,0.091673,0.226538,0.996317,-0.084840,0.011938,0.003529,3.136585,-0.024389,-0.169836,0.031083,0.004329,0.009392,0.038500,-0.142279,-0.010826,0.488882,-1.385893,-4.589487,-0.768876,1.502201,-0.949732,-0.321734,0.014339,0.499924,-2.221489,-0.025678,2.255135,1.149393
56.083058,0.000000,0.000000,0.000000,0.000000,0.000000,0.000000,0.000000,0.528332,0.092006,0.223653,0.996291,-0.084537,0.015843,0.002589,0.525359,0.091619,0.225969,0.996310,-0.084922,0.012032,0.003267,3.137126,-0.024533,-0.170006,0.031407,0.003910,0.003986,0.043817,-0.160523,-0.018497,-0.582730,-0.774095,-3.732989,-0.864656,0.742891,-0.524694,-0.321829,0.015385,0.499778,-2.222038,-0.025765,2.256923,1.149391
56.133934,0.000000,0.000000,0.000000,0.000000,0.000000,0.000000,0.000000,0.528332,0.092006,0.223653,0.996291,-0.084537,0.015843,0.002589,0.525647,0.091479,0.225414,0.996293,-0.085054,0.012526,0.002958,3.137829,-0.025465,-0.170279,0.029402,0.003721,0.000446,0.043947,-0.124826,-0.016380,-2.581641,-0.106367,-3.014093,-1.007273,-0.180305,0.018916,-0.321945,0.016346,0.499468,-2.222849,-0.025965,2.259695,1.149384
56.183899,0.000000,0.000000,0.000000,0.000000,0.000000,0.000000,0.000000,0.528332,0.092006,0.223653,0.996291,-0.084537,0.015843,0.002589,0.526040,0.091397,0.225060,0.996284,-0.085140,0.012742,0.002661,3.138459,-0.025846,-0.170460,0.021018,-0.002278,0.003061,0.021967,-0.048191,-0.010445,-2.376657,0.406952,-1.661626,-1.079874,-0.687839,0.275482,-0.322038,0.017711,0.499206,-2.222503,-0.026232,2.261121,1.149373
56.232970,0.000000,0.000000,0.000000,0.000000,0.000000,0.000000,0.000000,0.528332,0.092006,0.223653,0.996291,-0.084537,0.015843,0.002589,0.526237,0.091307,0.224780,0.996287,-0.085161,0.012418,0.002548,3.138629,-0.025181,-0.170506,-0.007518,-0.007650,-0.004097,-0.024330,0.070433,0.010768,-0.677479,1.013724,-0.500508,-1.282578,-0.546478,0.436568,-0.322089,0.019078,0.498989,-2.221640,-0.026563,2.260891,1.149342
56.287033,0.000000,0.000000,0.000000,0.000000,0.000000,0.000000,0.000000,0.528332,0.092006,0.223653,0.996291,-0.084537,0.015843,0.002589,0.526566,0.091301,0.224726,0.996281,-0.085222,0.012504,0.002341,3.139059,-0.025316,-0.170632,0.004122,-0.001664,-0.002949,0.009917,-0.003474,-0.007580,-0.014045,0.978398,-0.825153,-1.274859,-0.092252,0.353607,-0.322126,0.020011,0.498850,-2.220838,-0.026679,2.261184,1.149349
56.333933,0.000000,0.000000,0.000000,0.000000,0.000000,0.000000,0.000000,0.528332,0.092006,0.223653,0.996291,-0.084537,0.015843,0.002589,0.526653,0.091271,0.224738,0.996276,-0.085273,0.012563,0.002288,3.139176,-0.025425,-0.170737,0.000645,-0.001840,0.000492,-0.000036,-0.002528,-0.003349,-0.217608,0.818410,-0.858794,-1.204191,-0.181770,0.284010,-0.322134,0.020156,0.498760,-2.220681,-0.026675,2.261296,1.149351
56.383950,0.000000,0.000000,0.000000,0.000000,0.000000,0.000000,0.000000,0.528332,0.092006,0.223653,0.996291,-0.084537,0.015843,0.002589,0.526661,0.091263,0.224734,0.996275,-0.085285,0.012576,0.002281,3.139192,-0.025449,-0.170760,0.000082,-0.000263,0.000645,-0.001054,-0.001224,-0.000550,-0.349624,0.818984,-0.860745,-1.208662,-0.288178,0.290607,-0.322134,0.020167,0.498741,-2.220690,-0.026673,2.261343,1.149354
56.434750,0.000000,0.000000,0.000000,0.000000,0.000000,0.000000,0.000000,0.528332,0.092006,0.223653,0.996291,-0.084537,0.015843,0.002589,0.526685,0.091257,0.224755,0.996274,-0.085291,0.012618,0.002273,3.139215,-0.025533,-0.170774,-0.000174,-0.000523,0.000360,0.000197,-0.000067,-0.000428,-0.282905,0.783328,-1.018266,-1.214712,-0.198460,0.267522,-0.322141,0.020151,0.498729,-2.220671,-0.026672,2.261396,1.149348
56.484967,0.000000,0.000000,0.000000,0.000000,0.000000,0.000000,0.000000,0.528332,0.092006,0.223653,0.996291,-0.084537,0.015843,0.002589,0.526695,0.091247,0.224752,0.996273,-0.085300,0.012631,0.002269,3.139225,-0.025558,-0.170791,0.000451,-0.001678,-0.000366,0.000251,0.000376,-0.002535,-0.393795,0.880636,-1.038289,-1.263555,-0.258309,0.322564,-0.322145,0.020160,0.498712,-2.220675,-0.026678,2.261436,1.149348
56.535715,0.000000,0.000000,0.000000,0.000000,0.000000,0.000000,0.000000,0.528332,0.092006,0.223653,0.996291,-0.084537,0.015843,0.002589,0.526705,0.091251,0.224763,0.996272,-0.085304,0.012653,0.002264,3.139239,-0.025600,-0.170801,-0.000003,-0.000340,-0.000155,0.000107,0.000459,-0.001536,-0.342184,0.870546,-1.037053,-1.256042,-0.241871,0.318403,-0.322143,0.020148,0.498713,-2.220667,-0.026672,2.261462,1.149356
56.585776,0.000000,0.000000,0.000000,0.000000,0.000000,0.000000,0.000000,0.528332,0.092006,0.223653,0.996291,-0.084537,0.015843,0.002589,0.526712,0.091255,0.224766,0.996272,-0.085299,0.012668,0.002259,3.139251,-0.025631,-0.170790,-0.000720,-0.000143,-0.001475,0.000354,0.002899,0.000191,-0.258598,0.794505,-1.106015,-1.235133,-0.176809,0.272508,-0.322143,0.020148,0.498720,-2.220668,-0.026672,2.261496,1.149352
56.635635,0.000000,0.000000,0.000000,0.000000,0.000000,0.000000,0.000000,0.528332,0.092006,0.223653,0.996291,-0.084537,0.015843,0.002589,0.526725,0.091254,0.224773,0.996272,-0.085302,0.012690,0.002254,3.139265,-0.025673,-0.170796,0.000301,-0.000471,-0.000282,0.000754,-0.000713,-0.002092,-0.294141,0.833488,-1.064824,-1.252895,-0.213927,0.294434,-0.322142,0.020148,0.498712,-2.220662,-0.026674,2.261534,1.149352
56.685834,0.000000,0.000000,0.000000,0.000000,0.000000,0.000000,0.000000,0.528332,0.092006,0.223653,0.996291,-0.084537,0.015843,0.002589,0.526733,0.091251,0.224769,0.996272,-0.085304,0.012697,0.002248,3.139279,-0.025686,-0.170800,0.000674,0.000188,0.000538,-0.000184,-0.002317,0.002043,-0.521854,0.848145,-0.912614,-1.243984,-0.389498,0.321715,-0.322146,0.020167,0.498706,-2.220656,-0.026675,2.261561,1.149348
56.735862,0.000000,0.000000,0.000000,0.000000,0.000000,0.000000,0.000000,0.528332,0.092006,0.223653,0.996291,-0.084537,0.015843,0.002589,0.526736,0.091255,0.224780,0.996271,-0.085303,0.012713,0.002249,3.139280,-0.025718,-0.170799,0.000121,-0.000095,0.000658,0.000008,-0.001593,-0.001672,-0.387612,0.824345,-1.008445,-1.243299,-0.281886,0.295399,-0.322142,0.020141,0.498709,-2.220662,-0.026672,2.261575,1.149351
56.785652,0.000000,0.000000,0.000000,0.000000,0.000000,0.000000,0.000000,0.528332,0.092006,0.223653,0.996291,-0.084537,0.015843,0.002589,0.526743,0.091241,0.224776,0.996270,-0.085319,0.012715,0.002244,3.139290,-0.025720,-0.170830,0.000249,-0.000470,0.000394,-0.000012,-0.000821,-0.001598,-0.405230,0.837440,-1.064298,-1.258298,-0.263876,0.303088,-0.322154,0.020157,0.498692,-2.220656,-0.026672,2.261590,1.149353
56.836063,0.000000,0.000000,0.000000,0.000000,0.000000,0.000000,0.000000,0.528332,0.092006,0.223653,0.996291,-0.084537,0.015843,0.002589,0.526753,0.091250,0.224786,0.996271,-0.085309,0.012739,0.002241,3.139301,-0.025769,-0.170809,0.000791,-0.000199,0.001311,-0.000668,-0.004320,0.001768,-0.480313,0.834490,-0.946375,-1.247809,-0.363235,0.313586,-0.322145,0.020145,0.498698,-2.220653,-0.026673,2.261626,1.149348
56.885912,0.000000,0.000000,0.000000,0.000000,0.000000,0.000000,0.000000,0.528332,0.092006,0.223653,0.996291,-0.084537,0.015843,0.002589,0.526762,0.091248,0.224789,0.996270,-0.085315,0.012755,0.002235,3.139314,-0.025798,-0.170823,0.000059,-0.000200,-0.000375,0.000572,0.000083,-0.001590,-0.324528,0.890886,-1.087878,-1.285485,-0.226434,0.326133,-0.322151,0.020148,0.498697,-2.220652,-0.026672,2.261658,1.149354
56.936914,0.000000,0.000000,0.000000,0.000000,0.000000,0.000000,0.000000,0.528332,0.092006,0.223653,0.996291,-0.084537,0.015843,0.002589,0.526767,0.091246,0.224789,0.996270,-0.085315,0.012763,0.002233,3.139320,-0.025815,-0.170823,-0.000741,-0.000249,-0.001278,-0.000727,0.003337,0.000529,-0.499098,0.858759,-0.994313,-1.260516,-0.349767,0.328505,-0.322152,0.020152,0.498692,-2.220651,-0.026675,2.261679,1.149350
56.985881,0.000000,0.000000,0.000000,0.000000,0.000000,0.000000,0.000000,0.528332,0.092006,0.223653,0.996291,-0.084537,0.015843,0.002589,0.526780,0.091252,0.224799,0.996270,-0.085314,0.012787,0.002227,3.139337,-0.025862,-0.170821,0.000093,-0.000192,0.000146,0.000281,-0.000575,-0.001307,-0.387385,0.766208,-1.019928,-1.227204,-0.288957,0.271324,-0.322149,0.020145,0.498695,-2.220644,-0.026671,2.261716,1.149352
57.035851,0.000000,0.000000,0.000000,0.000000,0.000000,0.000000,0.000000,0.528332,0.092006,0.223653,0.996291,-0.084537,0.015843,0.002589,0.526781,0.091249,0.224794,0.996269,-0.085317,0.012787,0.002224,3.139343,-0.025861,-0.170828,-0.000067,0.000412,0.000181,0.000513,-0.001078,-0.000774,-0.379558,0.885031,-1.030456,-1.286626,-0.276461,0.329940,-0.322150,0.020156,0.498689,-2.220646,-0.026671,2.261729,1.149351
57.085905,0.000000,0.000000,0.000000,0.000000,0.000000,0.000000,0.000000,0.528332,0.092006,0.223653,0.996291,-0.084537,0.015843,0.002589,0.526789,0.091251,0.224805,0.996269,-0.085317,0.012803,0.002223,3.139348,-0.025893,-0.170826,0.000956,-0.000401,0.001446,-0.000063,-0.004045,-0.001732,-0.376990,0.810838,-1.012213,-1.254508,-0.282121,0.294286,-0.322149,0.020143,0.498690,-2.220638,-0.026672,2.261741,1.149352
57.135977,0.000000,0.000000,0.000000,0.000000,0.000000,0.000000,0.000000,0.528332,0.092006,0.223653,0.996291,-0.084537,0.015843,0.002589,0.526790,0.091249,0.224802,0.996269,-0.085318,0.012804,0.002221,3.139351,-0.025894,-0.170829,0.000231,0.000143,0.000429,0.000713,-0.001446,-0.001566,-0.393692,0.838215,-0.934304,-1.262163,-0.325892,0.310298,-0.322150,0.020148,0.498687,-2.220640,-0.026671,2.261751,1.149351
57.186044,0.000000,0.000000,0.000000,0.000000,0.000000,0.000000,0.000000,0.528332,0.092006,0.223653,0.996291,-0.084537,0.015843,0.002589,0.526796,0.091253,0.224811,0.996269,-0.085315,0.012818,0.002220,3.139356,-0.025922,-0.170823,0.000316,0.000001,0.000604,-0.000375,-0.001414,0.000665,-0.342000,0.819938,-1.039244,-1.268525,-0.253687,0.301604,-0.322148,0.020138,0.498690,-2.220634,-0.026671,2.261763,1.149350
57.237548,0.000000,0.000000,0.000000,0.000000,0.000000,0.000000,0.000000,0.528332,0.092006,0.223653,0.996291,-0.084537,0.015843,0.002589,0.526797,0.091252,0.224806,0.996269,-0.085314,0.012817,0.002219,3.139357,-0.025921,-0.170822,0.000739,-0.001104,0.000676,-0.001344,-0.001703,-0.000716,-0.374329,0.814216,-1.073729,-1.270571,-0.250335,0.304813,-0.322152,0.020149,0.498693,-2.220635,-0.026678,2.261772,1.149352
57.286979,0.000000,0.000000,0.000000,0.000000,0.000000,0.000000,0.000000,0.528332,0.092006,0.223653,0.996291,-0.084537,0.015843,0.002589,0.526801,0.091246,0.224808,0.996268,-0.085322,0.012823,0.002218,3.139361,-0.025931,-0.170837,0.000318,-0.000199,0.000518,0.000052,-0.001329,-0.001341,-0.434762,0.869846,-0.953762,-1.285952,-0.335026,0.336015,-0.322152,0.020148,0.498680,-2.220635,-0.026676,2.261783,1.149352
57.336789,0.000000,0.000000,0.000000,0.000000,0.000000,0.000000,0.000000,0.528332,0.092006,0.223653,0.996291,-0.084537,0.015843,0.002589,0.526803,0.091259,0.224814,0.996269,-0.085311,0.012833,0.002215,3.139369,-0.025952,-0.170815,-0.000377,0.000320,-0.000178,0.001339,0.001194,-0.000230,-0.310143,0.829189,-1.031616,-1.280232,-0.245023,0.302401,-0.322148,0.020138,0.498699,-2.220634,-0.026670,2.261795,1.149351
57.386890,0.000000,0.000000,0.000000,0.000000,0.000000,0.000000,0.000000,0.528332,0.092006,0.223653,0.996291,-0.084537,0.015843,0.002589,0.526826,0.091256,0.224816,0.996268,-0.085315,0.012873,0.002203,3.139400,-0.026028,-0.170824,0.000998,-0.000165,0.000314,0.000104,-0.003441,0.001182,-0.342562,0.807680,-1.082529,-1.274975,-0.247641,0.297690,-0.322149,0.020151,0.498686,-2.220636,-0.026676,2.261891,1.149350
57.436838,0.000000,0.000000,0.000000,0.000000,0.000000,0.000000,0.000000,0.528332,0.092006,0.223653,0.996291,-0.084537,0.015843,0.002589,0.526836,0.091256,0.224820,0.996268,-0.085319,0.012893,0.002196,3.139417,-0.026068,-0.170832,0.000694,-0.000263,0.000348,0.000890,-0.001994,-0.000361,-0.379791,0.811725,-1.084882,-1.270625,-0.272964,0.305159,-0.322155,0.020149,0.498687,-2.220638,-0.026673,2.261934,1.149350
57.486865,0.000000,0.000000,0.000000,0.000000,0.000000,0.000000,0.000000,0.528332,0.092006,0.223653,0.996291,-0.084537,0.015843,0.002589,0.526844,0.091268,0.224824,0.996269,-0.085308,0.012914,0.002191,3.139429,-0.026108,-0.170811,-0.000529,0.000173,-0.001534,-0.000297,0.002413,0.001957,-0.279295,0.818903,-1.172697,-1.287767,-0.187281,0.296618,-0.322147,0.020148,0.498699,-2.220640,-0.026676,2.261977,1.149352
57.537735,0.000000,0.000000,0.000000,0.000000,0.000000,0.000000,0.000000,0.528332,0.092006,0.223653,0.996291,-0.084537,0.015843,0.002589,0.526859,0.091256,0.224829,0.996267,-0.085326,0.012935,0.002183,3.139449,-0.026149,-0.170846,0.000259,-0.000415,-0.000043,0.001668,-0.000233,-0.002073,-0.392028,0.822120,-1.053305,-1.273437,-0.296124,0.312182,-0.322154,0.020150,0.498678,-2.220636,-0.026671,2.262020,1.149355
57.587612,0.000000,0.000000,0.000000,0.000000,0.000000,0.000000,0.000000,0.528332,0.092006,0.223653,0.996291,-0.084537,0.015843,0.002589,0.526870,0.091265,0.224839,0.996267,-0.085315,0.012959,0.002179,3.139461,-0.026197,-0.170825,0.000678,-0.000725,0.000302,-0.000180,-0.001313,-0.001220,-0.390445,0.870372,-1.058754,-1.297938,-0.290042,0.336833,-0.322151,0.020143,0.498689,-2.220629,-0.026674,2.262057,1.149350
57.637802,0.000000,0.000000,0.000000,0.000000,0.000000,0.000000,0.000000,0.528332,0.092006,0.223653,0.996291,-0.084537,0.015843,0.002589,0.526875,0.091263,0.224837,0.996267,-0.085321,0.012967,0.002175,3.139471,-0.026212,-0.170837,0.000087,-0.000520,-0.000602,0.001340,0.000778,-0.002894,-0.313879,0.825535,-1.131493,-1.288917,-0.220688,0.309870,-0.322154,0.020147,0.498685,-2.220634,-0.026672,2.262082,1.149354
57.687773,0.000000,0.000000,0.000000,0.000000,0.000000,0.000000,0.000000,0.528332,0.092006,0.223653,0.996291,-0.084537,0.015843,0.002589,0.526879,0.091264,0.224840,0.996267,-0.085320,0.012979,0.002175,3.139473,-0.026236,-0.170835,-0.000116,-0.000281,0.000609,-0.000796,-0.000933,-0.002005,-0.301294,0.808855,-1.084021,-1.281144,-0.238690,0.300872,-0.322153,0.020142,0.498686,-2.220637,-0.026678,2.262104,1.149358
57.738738,0.000000,0.000000,0.000000,0.000000,0.000000,0.000000,0.000000,0.528332,0.092006,0.223653,0.996291,-0.084537,0.015843,0.002589,0.526889,0.091268,0.224845,0.996267,-0.085313,0.012999,0.002169,3.139487,-0.026274,-0.170820,-0.000538,0.000344,-0.000203,-0.000764,0.000261,0.002594,-0.365777,0.737989,-1.030546,-1.242435,-0.294649,0.274320,-0.322149,0.020142,0.498686,-2.220633,-0.026677,2.262141,1.149347
57.788699,0.000000,0.000000,0.000000,0.000000,0.000000,0.000000,0.000000,0.528332,0.092006,0.223653,0.996291,-0.084537,0.015843,0.002589,0.526906,0.091266,0.224851,0.996266,-0.085319,0.013030,0.002160,3.139511,-0.026335,-0.170833,0.000272,-0.000522,0.000544,0.000134,-0.002106,-0.000457,-0.377754,0.827497,-1.118947,-1.288656,-0.262403,0.318271,-0.322152,0.020142,0.498679,-2.220634,-0.026677,2.262208,1.149350
57.838805,0.000000,0.000000,0.000000,0.000000,0.000000,0.000000,0.000000,0.528332,0.092006,0.223653,0.996291,-0.084537,0.015843,0.002589,0.526915,0.091275,0.224852,0.996266,-0.085314,0.013049,0.002153,3.139528,-0.026371,-0.170824,0.000327,0.000830,-0.000112,0.000701,-0.001119,0.000644,-0.317715,0.785935,-1.093544,-1.272973,-0.251417,0.292186,-0.322147,0.020149,0.498688,-2.220635,-0.026677,2.262255,1.149353
57.888761,0.000000,0.000000,0.000000,0.000000,0.000000,0.000000,0.000000,0.528332,0.092006,0.223653,0.996291,-0.084537,0.015843,0.002589,0.526936,0.091275,0.224864,0.996266,-0.085318,0.013086,0.002144,3.139553,-0.026444,-0.170831,0.000546,-0.000145,0.000822,-0.000646,-0.002369,-0.000580,-0.368691,0.785991,-1.136798,-1.266655,-0.257343,0.301417,-0.322150,0.020144,0.498683,-2.220626,-0.026678,2.262318,1.149354
57.938840,0.000000,0.000000,0.000000,0.000000,0.000000,0.000000,0.000000,0.528332,0.092006,0.223653,0.996291,-0.084537,0.015843,0.002589,0.526950,0.091281,0.224870,0.996266,-0.085312,0.013117,0.002136,3.139575,-0.026503,-0.170821,0.000361,0.000479,0.001078,-0.000066,-0.001489,0.001708,-0.412222,0.839702,-1.188279,-1.298214,-0.258702,0.330867,-0.322148,0.020141,0.498687,-2.220630,-0.026676,2.262383,1.149349
57.988720,0.000000,0.000000,0.000000,0.000000,0.000000,0.000000,0.000000,0.528332,0.092006,0.223653,0.996291,-0.084537,0.015843,0.002589,0.526960,0.091278,0.224868,0.996265,-0.085314,0.013136,0.002131,3.139588,-0.026540,-0.170824,0.000634,-0.000766,0.000607,-0.000959,-0.002499,0.000439,-0.384434,0.803965,-1.152985,-1.276515,-0.261337,0.309990,-0.322151,0.020148,0.498682,-2.220637,-0.026682,2.262436,1.149349
58.039879,0.000000,0.000000,0.000000,0.000000,0.000000,0.000000,0.000000,0.528332,0.092006,0.223653,0.996291,-0.084537,0.015843,0.002589,0.526972,0.091286,0.224879,0.996265,-0.085309,0.013161,0.002126,3.139601,-0.026589,-0.170815,0.000625,0.000815,0.000882,0.000117,-0.002775,0.000699,-0.352668,0.812631,-1.092402,-1.279910,-0.268557,0.312290,-0.322148,0.020141,0.498690,-2.220628,-0.026684,2.262470,1.149350
58.089679,0.000000,0.000000,0.000000,0.000000,0.000000,0.000000,0.000000,0.528332,0.092006,0.223653,0.996291,-0.084537,0.015843,0.002589,0.526977,0.091279,0.224874,0.996265,-0.085318,0.013167,0.002119,3.139616,-0.026600,-0.170832,-0.000226,-0.000909,-0.000392,0.000874,0.001154,-0.001875,-0.387251,0.796772,-1.093112,-1.276956,-0.286015,0.306066,-0.322156,0.020150,0.498681,-2.220637,-0.026677,2.262503,1.149348
58.139848,0.000000,0.000000,0.000000,0.000000,0.000000,0.000000,0.000000,0.528332,0.092006,0.223653,0.996291,-0.084537,0.015843,0.002589,0.526982,0.091289,0.224879,0.996265,-0.085311,0.013181,0.002117,3.139623,-0.026628,-0.170818,0.000267,0.000979,-0.000064,0.001581,-0.000453,0.001488,-0.417451,0.831562,-1.113964,-1.294343,-0.287367,0.330005,-0.322148,0.020146,0.498689,-2.220634,-0.026679,2.262525,1.149350
58.189710,0.000000,0.000000,0.000000,0.000000,0.000000,0.000000,0.000000,0.528332,0.092006,0.223653,0.996291,-0.084537,0.015843,0.002589,0.526992,0.091286,0.224883,0.996265,-0.085313,0.013197,0.002112,3.139635,-0.026659,-0.170824,0.000208,-0.000290,0.000408,0.000002,-0.001355,0.000824,-0.386087,0.813776,-1.107293,-1.283533,-0.278113,0.321481,-0.322152,0.020146,0.498685,-2.220631,-0.026678,2.262555,1.149348
58.239885,0.000000,0.000000,0.000000,0.000000,0.000000,0.000000,0.000000,0.528332,0.092006,0.223653,0.996291,-0.084537,0.015843,0.002589,0.527005,0.091290,0.224886,0.996264,-0.085313,0.013227,0.002104,3.139657,-0.026717,-0.170824,-0.000545,0.000153,-0.000809,0.000928,0.000315,-0.000243,-0.402523,0.747537,-1.092258,-1.258437,-0.302685,0.286298,-0.322150,0.020145,0.498685,-2.220641,-0.026678,2.262626,1.149350
58.289990,0.000000,0.000000,0.000000,0.000000,0.000000,0.000000,0.000000,0.528332,0.092006,0.223653,0.996291,-0.084537,0.015843,0.002589,0.527016,0.091292,0.224889,0.996264,-0.085316,0.013248,0.002097,3.139674,-0.026758,-0.170829,0.000206,0.000180,0.000253,0.000747,-0.001129,-0.001588,-0.412858,0.793144,-1.130018,-1.279034,-0.287784,0.311482,-0.322152,0.020148,0.498686,-2.220639,-0.026679,2.262672,1.149355
58.340082,0.000000,0.000000,0.000000,0.000000,0.000000,0.000000,0.000000,0.528332,0.092006,0.223653,0.996291,-0.084537,0.015843,0.002589,0.527026,0.091295,0.224896,0.996264,-0.085308,0.013268,0.002095,3.139681,-0.026797,-0.170814,0.000048,0.000683,-0.000372,-0.000447,-0.000394,0.001972,-0.365593,0.803839,-1.120880,-1.284740,-0.270625,0.309824,-0.322150,0.020146,0.498689,-2.220634,-0.026687,2.262703,1.149350
58.389943,0.000000,0.000000,0.000000,0.000000,0.000000,0.000000,0.000000,0.528332,0.092006,0.223653,0.996291,-0.084537,0.015843,0.002589,0.527034,0.091296,0.224895,0.996264,-0.085310,0.013281,0.002090,3.139694,-0.026823,-0.170817,0.000814,-0.000523,0.000502,-0.000091,-0.002967,-0.001623,-0.356449,0.778239,-1.170068,-1.272271,-0.240297,0.298458,-0.322148,0.020152,0.498685,-2.220636,-0.026687,2.262739,1.149351
58.440936,0.000000,0.000000,0.000000,0.000000,0.000000,0.000000,0.000000,0.528332,0.092006,0.223653,0.996291,-0.084537,0.015843,0.002589,0.527041,0.091296,0.224901,0.996263,-0.085312,0.013295,0.002086,3.139704,-0.026850,-0.170823,0.000093,0.000180,-0.000009,0.000512,-0.000110,-0.000112,-0.455804,0.800682,-1.050747,-1.264456,-0.340278,0.321327,-0.322151,0.020147,0.498684,-2.220634,-0.026683,2.262762,1.149351
58.490922,0.000000,0.000000,0.000000,0.000000,0.000000,0.000000,0.000000,0.528332,0.092006,0.223653,0.996291,-0.084537,0.015843,0.002589,0.527051,0.091299,0.224905,0.996263,-0.085310,0.013315,0.002081,3.139716,-0.026890,-0.170818,0.000726,0.000299,0.000290,0.000394,-0.001675,-0.000747,-0.388025,0.753516,-1.092507,-1.257504,-0.293637,0.292538,-0.322150,0.020147,0.498687,-2.220632,-0.026687,2.262801,1.149351
58.541680,0.000000,0.000000,0.000000,0.000000,0.000000,0.000000,0.000000,0.528332,0.092006,0.223653,0.996291,-0.084537,0.015843,0.002589,0.527057,0.091299,0.224905,0.996263,-0.085309,0.013328,0.002078,3.139726,-0.026913,-0.170817,0.000022,-0.000802,-0.000455,-0.000013,0.000287,-0.000894,-0.417818,0.790830,-1.125177,-1.278235,-0.289459,0.318424,-0.322152,0.020149,0.498687,-2.220637,-0.026687,2.262833,1.149349
58.591034,0.000000,0.000000,0.000000,0.000000,0.000000,0.000000,0.000000,0.528332,0.092006,0.223653,0.996291,-0.084537,0.015843,0.002589,0.527068,0.091300,0.224913,0.996263,-0.085312,0.013350,0.002073,3.139739,-0.026958,-0.170822,0.000438,0.000385,0.000871,0.000005,-0.002307,0.000249,-0.460087,0.809760,-1.119240,-1.290773,-0.315679,0.328541,-0.322152,0.020143,0.498685,-2.220635,-0.026688,2.262873,1.149353
58.641043,0.000000,0.000000,0.000000,0.000000,0.000000,0.000000,0.000000,0.528332,0.092006,0.223653,0.996291,-0.084537,0.015843,0.002589,0.527074,0.091304,0.224912,0.996263,-0.085309,0.013361,0.002068,3.139750,-0.026978,-0.170816,0.000483,-0.001142,0.000613,-0.000873,-0.000993,-0.001993,-0.453098,0.777796,-1.116532,-1.275478,-0.317839,0.309434,-0.322150,0.020148,0.498687,-2.220637,-0.026688,2.262902,1.149351
58.691071,0.000000,0.000000,0.000000,0.000000,0.000000,0.000000,0.000000,0.528332,0.092006,0.223653,0.996291,-0.084537,0.015843,0.002589,0.527086,0.091302,0.224919,0.996262,-0.085314,0.013384,0.002063,3.139765,-0.027023,-0.170827,0.000138,-0.000965,-0.000223,0.000506,0.000562,-0.003883,-0.409589,0.843360,-1.114131,-1.296437,-0.297788,0.347956,-0.322155,0.020145,0.498684,-2.220635,-0.026688,2.262944,1.149354
58.740313,0.000000,0.000000,0.000000,0.000000,0.000000,0.000000,0.000000,0.528332,0.092006,0.223653,0.996291,-0.084537,0.015843,0.002589,0.527093,0.091308,0.224918,0.996262,-0.085309,0.013399,0.002059,3.139776,-0.027053,-0.170817,0.000056,-0.000177,-0.000276,-0.000035,-0.000004,-0.001057,-0.347108,0.749835,-1.125029,-1.262713,-0.267022,0.292232,-0.322148,0.020150,0.498686,-2.220639,-0.026692,2.262984,1.149355
58.790732,0.000000,0.000000,0.000000,0.000000,0.000000,0.000000,0.000000,0.528332,0.092006,0.223653,0.996291,-0.084537,0.015843,0.002589,0.527103,0.091309,0.224925,0.996262,-0.085306,0.013420,0.002054,3.139789,-0.027094,-0.170811,-0.000020,0.000356,-0.000503,-0.000152,-0.001063,0.002238,-0.413645,0.827267,-1.137197,-1.293578,-0.289991,0.338294,-0.322150,0.020144,0.498687,-2.220638,-0.026692,2.263021,1.149349
58.841819,0.000000,0.000000,0.000000,0.000000,0.000000,0.000000,0.000000,0.528332,0.092006,0.223653,0.996291,-0.084537,0.015843,0.002589,0.527115,0.091309,0.224930,0.996262,-0.085311,0.013441,0.002048,3.139805,-0.027134,-0.170821,-0.000006,-0.000016,0.000357,-0.000949,-0.001140,-0.000952,-0.407164,0.830553,-1.152831,-1.298193,-0.284413,0.339742,-0.322150,0.020145,0.498682,-2.220635,-0.026692,2.263062,1.149354
58.891862,0.000000,0.000000,0.000000,0.000000,0.000000,0.000000,0.000000,0.528332,0.092006,0.223653,0.996291,-0.084537,0.015843,0.002589,0.527125,0.091314,0.224933,0.996262,-0.085306,0.013464,0.002041,3.139822,-0.027180,-0.170812,-0.000269,0.000066,0.000064,-0.000973,-0.000497,0.000732,-0.421628,0.738228,-1.203497,-1.259712,-0.270821,0.304330,-0.322150,0.020144,0.498689,-2.220639,-0.026692,2.263114,1.149351
58.941892,0.000000,0.000000,0.000000,0.000000,0.000000,0.000000,0.000000,0.528332,0.092006,0.223653,0.996291,-0.084537,0.015843,0.002589,0.527137,0.091317,0.224937,0.996262,-0.085305,0.013486,0.002035,3.139838,-0.027221,-0.170810,-0.000027,0.000193,-0.000185,0.000624,-0.000891,0.000151,-0.417059,0.751908,-1.153697,-1.258395,-0.294850,0.310481,-0.322146,0.020148,0.498686,-2.220637,-0.026693,2.263161,1.149351
58.991998,0.000000,0.000000,0.000000,0.000000,0.000000,0.000000,0.000000,0.528332,0.092006,0.223653,0.996291,-0.084537,0.015843,0.002589,0.527146,0.091316,0.224940,0.996261,-0.085308,0.013502,0.002030,3.139850,-0.027253,-0.170816,-0.000075,0.000093,-0.000352,-0.000202,-0.000277,0.000312,-0.425048,0.750390,-1.170526,-1.261790,-0.288732,0.313489,-0.322151,0.020148,0.498685,-2.220637,-0.026693,2.263195,1.149352
59.041991,0.000000,0.000000,0.000000,0.000000,0.000000,0.000000,0.000000,0.528332,0.092006,0.223653,0.996291,-0.084537,0.015843,0.002589,0.527149,0.091321,0.224939,0.996261,-0.085302,0.013511,0.002027,3.139858,-0.027270,-0.170805,-0.000396,0.000870,-0.001231,0.001450,0.002197,0.002807,-0.466166,0.790548,-1.148183,-1.280711,-0.315130,0.336838,-0.322148,0.020151,0.498690,-2.220641,-0.026693,2.263220,1.149349
59.093763,0.000000,0.000000,0.000000,0.000000,0.000000,0.000000,0.000000,0.528332,0.092006,0.223653,0.996291,-0.084537,0.015843,0.002589,0.527166,0.091322,0.224949,0.996261,-0.085306,0.013543,0.002019,3.139880,-0.027333,-0.170811,0.000757,-0.000252,0.000886,0.000891,-0.003360,-0.001329,-0.466493,0.790358,-1.161226,-1.281567,-0.313591,0.334100,-0.322150,0.020147,0.498688,-2.220634,-0.026693,2.263276,1.149351
59.142959,0.000000,0.000000,0.000000,0.000000,0.000000,0.000000,0.000000,0.528332,0.092006,0.223653,0.996291,-0.084537,0.015843,0.002589,0.527185,0.091329,0.224955,0.996260,-0.085303,0.013583,0.002009,3.139907,-0.027410,-0.170807,0.000202,0.000407,-0.000099,-0.000303,-0.002020,-0.000317,-0.421679,0.820097,-1.178426,-1.293309,-0.291933,0.345171,-0.322147,0.020147,0.498692,-2.220639,-0.026696,2.263362,1.149356
59.193116,0.000000,0.000000,0.000000,0.000000,0.000000,0.000000,0.000000,0.528332,0.092006,0.223653,0.996291,-0.084537,0.015843,0.002589,0.527195,0.091329,0.224955,0.996260,-0.085303,0.013603,0.002003,3.139922,-0.027450,-0.170806,-0.000715,0.000345,-0.000687,-0.001393,0.001599,0.000131,-0.410637,0.707162,-1.211603,-1.248888,-0.274398,0.286273,-0.322148,0.020151,0.498690,-2.220646,-0.026700,2.263416,1.149355
59.244183,0.000000,0.000000,0.000000,0.000000,0.000000,0.000000,0.000000,0.528332,0.092006,0.223653,0.996291,-0.084537,0.015843,0.002589,0.527210,0.091331,0.224968,0.996260,-0.085301,0.013631,0.001998,3.139936,-0.027505,-0.170804,0.000678,0.000694,0.001174,0.000587,-0.004445,0.000054,-0.424563,0.763926,-1.201775,-1.265660,-0.273059,0.319330,-0.322146,0.020141,0.498688,-2.220636,-0.026701,2.263453,1.149352
59.293074,0.000000,0.000000,0.000000,0.000000,0.000000,0.000000,0.000000,0.528332,0.092006,0.223653,0.996291,-0.084537,0.015843,0.002589,0.527216,0.091331,0.224964,0.996260,-0.085301,0.013641,0.001994,3.139946,-0.027523,-0.170804,0.000842,0.000810,0.000683,0.000285,-0.002356,0.001029,-0.472794,0.735777,-1.137791,-1.235524,-0.320778,0.309976,-0.322148,0.020153,0.498688,-2.220639,-0.026705,2.263487,1.149354
59.341959,0.000000,0.000000,0.000000,0.000000,0.000000,0.000000,0.000000,0.528332,0.092006,0.223653,0.996291,-0.084537,0.015843,0.002589,0.527222,0.091330,0.224968,0.996260,-0.085301,0.013655,0.001993,3.139951,-0.027551,-0.170804,-0.000072,-0.000415,-0.000454,-0.000524,0.000633,-0.000088,-0.453062,0.755912,-1.086089,-1.246731,-0.339941,0.314185,-0.322153,0.020147,0.498688,-2.220642,-0.026707,2.263513,1.149350
59.392961,0.000000,0.000000,0.000000,0.000000,0.000000,0.000000,0.000000,0.528332,0.092006,0.223653,0.996291,-0.084537,0.015843,0.002589,0.527231,0.091331,0.224973,0.996259,-0.085301,0.013671,0.001989,3.139961,-0.027582,-0.170804,0.000141,-0.000326,0.000056,-0.000252,-0.000386,-0.000984,-0.440808,0.759839,-1.207205,-1.261602,-0.272417,0.320428,-0.322154,0.020148,0.498690,-2.220637,-0.026711,2.263541,1.149354
59.443201,0.000000,0.000000,0.000000,0.000000,0.000000,0.000000,0.000000,0.528332,0.092006,0.223653,0.996291,-0.084537,0.015843,0.002589,0.527235,0.091337,0.224975,0.996260,-0.085296,0.013684,0.001986,3.139970,-0.027607,-0.170794,0.000039,0.000519,0.000971,-0.001088,-0.001964,0.000594,-0.451448,0.750705,-1.139039,-1.250692,-0.312480,0.318388,-0.322149,0.020145,0.498695,-2.220641,-0.026709,2.263569,1.149352
59.493008,0.000000,0.000000,0.000000,0.000000,0.000000,0.000000,0.000000,0.528332,0.092006,0.223653,0.996291,-0.084537,0.015843,0.002589,0.527247,0.091339,0.224976,0.996259,-0.085298,0.013704,0.001977,3.139991,-0.027646,-0.170798,-0.000313,0.000710,-0.000638,0.001777,0.000899,0.001229,-0.476503,0.739590,-1.129800,-1.250506,-0.333305,0.320493,-0.322148,0.020150,0.498690,-2.220643,-0.026706,2.263620,1.149351
59.542933,0.000000,0.000000,0.000000,0.000000,0.000000,0.000000,0.000000,0.528332,0.092006,0.223653,0.996291,-0.084537,0.015843,0.002589,0.527261,0.091341,0.224984,0.996259,-0.085294,0.013732,0.001973,3.140004,-0.027702,-0.170790,0.000623,0.001179,0.000995,0.000906,-0.002726,0.002146,-0.479829,0.761010,-1.134282,-1.260633,-0.339948,0.330230,-0.322147,0.020146,0.498691,-2.220640,-0.026713,2.263670,1.149349
59.593925,0.000000,0.000000,0.000000,0.000000,0.000000,0.000000,0.000000,0.528332,0.092006,0.223653,0.996291,-0.084537,0.015843,0.002589,0.527268,0.091339,0.224984,0.996259,-0.085297,0.013745,0.001968,3.140016,-0.027725,-0.170797,0.000452,-0.001077,-0.000154,-0.001223,-0.000367,-0.000761,-0.470256,0.773127,-1.132135,-1.267007,-0.332322,0.335310,-0.322154,0.020151,0.498690,-2.220643,-0.026712,2.263703,1.149348
59.643269,0.000000,0.000000,0.000000,0.000000,0.000000,0.000000,0.000000,0.528332,0.092006,0.223653,0.996291,-0.084537,0.015843,0.002589,0.527283,0.091345,0.224993,0.996258,-0.085297,0.013777,0.001959,3.140039,-0.027788,-0.170796,0.000523,0.000626,0.000058,0.000190,-0.001620,0.001682,-0.489757,0.758872,-1.135954,-1.258487,-0.344814,0.330519,-0.322150,0.020146,0.498692,-2.220641,-0.026710,2.263764,1.149351
59.693937,0.000000,0.000000,0.000000,0.000000,0.000000,0.000000,0.000000,0.528332,0.092006,0.223653,0.996291,-0.084537,0.015843,0.002589,0.527292,0.091346,0.224995,0.996258,-0.085296,0.013794,0.001956,3.140047,-0.027823,-0.170795,0.000191,0.000385,0.000669,0.000185,-0.001445,-0.000963,-0.458778,0.734453,-1.138522,-1.247454,-0.331528,0.319553,-0.322148,0.020146,0.498690,-2.220644,-0.026716,2.263803,1.149355
59.744831,0.000000,0.000000,0.000000,0.000000,0.000000,0.000000,0.000000,0.528332,0.092006,0.223653,0.996291,-0.084537,0.015843,0.002589,0.527300,0.091345,0.224997,0.996258,-0.085301,0.013807,0.001951,3.140061,-0.027848,-0.170804,0.000714,-0.000511,0.000317,0.000569,-0.001090,-0.001717,-0.436436,0.746290,-1.211383,-1.263698,-0.280290,0.321503,-0.322150,0.020149,0.498686,-2.220642,-0.026713,2.263832,1.149356
59.794621,0.000000,0.000000,0.000000,0.000000,0.000000,0.000000,0.000000,0.528332,0.092006,0.223653,0.996291,-0.084537,0.015843,0.002589,0.527304,0.091348,0.225001,0.996258,-0.085298,0.013820,0.001949,3.140067,-0.027873,-0.170798,0.000062,-0.000260,0.000659,-0.000660,-0.001867,-0.001556,-0.435246,0.769286,-1.132046,-1.267197,-0.318563,0.335102,-0.322151,0.020142,0.498691,-2.220646,-0.026713,2.263855,1.149354
59.844060,0.000000,0.000000,0.000000,0.000000,0.000000,0.000000,0.000000,0.528332,0.092006,0.223653,0.996291,-0.084537,0.015843,0.002589,0.527309,0.091351,0.225000,0.996258,-0.085294,0.013828,0.001946,3.140074,-0.027888,-0.170791,0.000266,0.001032,0.000041,-0.000938,-0.001664,0.003410,-0.461593,0.716059,-1.122896,-1.242473,-0.328740,0.313512,-0.322147,0.020150,0.498691,-2.220644,-0.026717,2.263876,1.149353
59.894225,0.000000,0.000000,0.000000,0.000000,0.000000,0.000000,0.000000,0.528332,0.092006,0.223653,0.996291,-0.084537,0.015843,0.002589,0.527317,0.091352,0.225005,0.996258,-0.085295,0.013842,0.001941,3.140087,-0.027915,-0.170794,-0.000292,0.000711,-0.000861,0.000442,0.001577,0.001749,-0.468353,0.729731,-1.154134,-1.250241,-0.317188,0.320229,-0.322146,0.020148,0.498690,-2.220640,-0.026712,2.263901,1.149352
59.944192,0.000000,0.000000,0.000000,0.000000,0.000000,0.000000,0.000000,0.528332,0.092006,0.223653,0.996291,-0.084537,0.015843,0.002589,0.527322,0.091355,0.225006,0.996258,-0.085290,0.013853,0.001940,3.140089,-0.027936,-0.170782,0.000420,0.000461,0.000437,-0.000211,-0.001039,0.000665,-0.458082,0.776900,-1.187892,-1.274703,-0.296415,0.348204,-0.322147,0.020149,0.498694,-2.220642,-0.026720,2.263924,1.149349
59.994042,0.000000,0.000000,0.000000,0.000000,0.000000,0.000000,0.000000,0.528332,0.092006,0.223653,0.996291,-0.084537,0.015843,0.002589,0.527326,0.091352,0.225007,0.996257,-0.085295,0.013861,0.001937,3.140097,-0.027953,-0.170793,0.000250,-0.000440,-0.000538,-0.000148,-0.000479,-0.002055,-0.453819,0.739877,-1.135651,-1.257033,-0.314817,0.328930,-0.322152,0.020149,0.498693,-2.220644,-0.026718,2.263944,1.149353
60.044212,0.000000,0.000000,0.000000,0.000000,0.000000,0.000000,0.000000,0.528332,0.092006,0.223653,0.996291,-0.084537,0.015843,0.002589,0.527332,0.091351,0.225010,0.996257,-0.085293,0.013872,0.001937,3.140099,-0.027974,-0.170789,0.000234,-0.000558,-0.000008,-0.000997,-0.000827,0.000669,-0.412086,0.724729,-1.175619,-1.251396,-0.279366,0.317512,-0.322153,0.020147,0.498691,-2.220642,-0.026723,2.263961,1.149348
60.094178,0.000000,0.000000,0.000000,0.000000,0.000000,0.000000,0.000000,0.528332,0.092006,0.223653,0.996291,-0.084537,0.015843,0.002589,0.527331,0.091356,0.225008,0.996258,-0.085291,0.013874,0.001933,3.140106,-0.027977,-0.170786,-0.000272,0.000431,-0.000297,0.000007,0.001005,0.001561,-0.416273,0.738999,-1.145336,-1.257938,-0.292963,0.323420,-0.322147,0.020148,0.498693,-2.220648,-0.026717,2.263974,1.149350
60.144152,0.000000,0.000000,0.000000,0.000000,0.000000,0.000000,0.000000,0.528332,0.092006,0.223653,0.996291,-0.084537,0.015843,0.002589,0.527339,0.091356,0.225012,0.996257,-0.085292,0.013889,0.001931,3.140114,-0.028007,-0.170787,-0.000234,-0.000424,-0.000547,0.000365,0.000879,-0.002784,-0.400058,0.730211,-1.168060,-1.254159,-0.273115,0.320934,-0.322149,0.020146,0.498694,-2.220648,-0.026720,2.264002,1.149352
60.196110,0.000000,0.000000,0.000000,0.000000,0.000000,0.000000,0.000000,0.528332,0.092006,0.223653,0.996291,-0.084537,0.015843,0.002589,0.527344,0.091357,0.225014,0.996257,-0.085289,0.013898,0.001928,3.140122,-0.028025,-0.170783,0.000480,-0.000364,-0.000088,0.000984,-0.000998,-0.000612,-0.447807,0.715213,-1.095875,-1.242243,-0.331263,0.317933,-0.322149,0.020148,0.498692,-2.220645,-0.026720,2.264021,1.149346
60.245962,0.000000,0.000000,0.000000,0.000000,0.000000,0.000000,0.000000,0.528332,0.092006,0.223653,0.996291,-0.084537,0.015843,0.002589,0.527348,0.091357,0.225016,0.996257,-0.085293,0.013906,0.001924,3.140131,-0.028039,-0.170790,-0.000218,-0.000292,-0.000142,0.000916,0.000419,-0.001204,-0.432759,0.727612,-1.174554,-1.256025,-0.288150,0.322489,-0.322147,0.020148,0.498689,-2.220646,-0.026716,2.264038,1.149350
60.296017,0.000000,0.000000,0.000000,0.000000,0.000000,0.000000,0.000000,0.528332,0.092006,0.223653,0.996291,-0.084537,0.015843,0.002589,0.527362,0.091358,0.225023,0.996257,-0.085294,0.013932,0.001919,3.140145,-0.028090,-0.170793,0.000706,-0.000594,0.001216,0.000107,-0.003343,-0.002796,-0.423929,0.738904,-1.184060,-1.265412,-0.286403,0.322917,-0.322152,0.020144,0.498691,-2.220643,-0.026719,2.264085,1.149352
60.345883,0.000000,0.000000,0.000000,0.000000,0.000000,0.000000,0.000000,0.528332,0.092006,0.223653,0.996291,-0.084537,0.015843,0.002589,0.527366,0.091358,0.225022,0.996257,-0.085292,0.013941,0.001917,3.140151,-0.028107,-0.170789,0.000338,-0.000822,-0.000215,-0.000225,0.000314,-0.001281,-0.499686,0.782222,-1.133721,-1.271140,-0.345228,0.354347,-0.322152,0.020149,0.498690,-2.220645,-0.026723,2.264109,1.149350
60.395980,0.000000,0.000000,0.000000,0.000000,0.000000,0.000000,0.000000,0.528332,0.092006,0.223653,0.996291,-0.084537,0.015843,0.002589,0.527371,0.091363,0.225026,0.996257,-0.085290,0.013953,0.001915,3.140156,-0.028132,-0.170784,0.000051,-0.000320,0.000337,-0.000497,-0.001410,-0.001660,-0.423016,0.682238,-1.190476,-1.236564,-0.284222,0.299038,-0.322149,0.020143,0.498696,-2.220646,-0.026725,2.264130,1.149355
60.446144,0.000000,0.000000,0.000000,0.000000,0.000000,0.000000,0.000000,0.528332,0.092006,0.223653,0.996291,-0.084537,0.015843,0.002589,0.527380,0.091364,0.225026,0.996256,-0.085290,0.013968,0.001908,3.140174,-0.028160,-0.170785,0.000820,-0.000528,0.000198,0.000426,-0.002318,-0.000154,-0.478675,0.702475,-1.110700,-1.236194,-0.344817,0.317884,-0.322149,0.020150,0.498693,-2.220648,-0.026721,2.264170,1.149349
60.496088,0.000000,0.000000,0.000000,0.000000,0.000000,0.000000,0.000000,0.528332,0.092006,0.223653,0.996291,-0.084537,0.015843,0.002589,0.527394,0.091366,0.225034,0.996256,-0.085293,0.013996,0.001902,3.140191,-0.028215,-0.170790,0.000514,-0.000623,0.000473,0.000514,-0.002574,-0.004231,-0.490285,0.767035,-1.193913,-1.271749,-0.315929,0.351640,-0.322150,0.020145,0.498693,-2.220646,-0.026722,2.264221,1.149355
60.546142,0.000000,0.000000,0.000000,0.000000,0.000000,0.000000,0.000000,0.528332,0.092006,0.223653,0.996291,-0.084537,0.015843,0.002589,0.527401,0.091369,0.225035,0.996256,-0.085285,0.014013,0.001898,3.140200,-0.028248,-0.170775,0.000139,0.000532,-0.000123,-0.000313,-0.001323,0.002524,-0.461721,0.704440,-1.207065,-1.242679,-0.298107,0.319850,-0.322149,0.020147,0.498696,-2.220650,-0.026727,2.264261,1.149348
60.596287,0.000000,0.000000,0.000000,0.000000,0.000000,0.000000,0.000000,0.528332,0.092006,0.223653,0.996291,-0.084537,0.015843,0.002589,0.527410,0.091374,0.225042,0.996256,-0.085286,0.014028,0.001892,3.140215,-0.028278,-0.170778,0.001385,0.000381,0.001737,0.000750,-0.003843,-0.000247,-0.465056,0.695809,-1.150686,-1.234767,-0.325350,0.316296,-0.322145,0.020147,0.498696,-2.220641,-0.026724,2.264285,1.149352
60.646064,0.000000,0.000000,0.000000,0.000000,0.000000,0.000000,0.000000,0.528332,0.092006,0.223653,0.996291,-0.084537,0.015843,0.002589,0.527416,0.091373,0.225041,0.996256,-0.085286,0.014040,0.001890,3.140222,-0.028301,-0.170777,-0.000445,0.000271,-0.000984,0.000441,0.001616,0.000593,-0.466641,0.702434,-1.169400,-1.242356,-0.318196,0.318330,-0.322149,0.020149,0.498697,-2.220648,-0.026727,2.264318,1.149350
60.696194,0.000000,0.000000,0.000000,0.000000,0.000000,0.000000,0.000000,0.528332,0.092006,0.223653,0.996291,-0.084537,0.015843,0.002589,0.527423,0.091376,0.225043,0.996256,-0.085284,0.014057,0.001885,3.140234,-0.028333,-0.170774,-0.000300,0.000766,0.000346,-0.000175,-0.000932,0.000882,-0.478132,0.703871,-1.192506,-1.239772,-0.310429,0.323346,-0.322147,0.020146,0.498697,-2.220653,-0.026725,2.264354,1.149348
60.746241,0.000000,0.000000,0.000000,0.000000,0.000000,0.000000,0.000000,0.528332,0.092006,0.223653,0.996291,-0.084537,0.015843,0.002589,0.527429,0.091375,0.225045,0.996256,-0.085284,0.014066,0.001884,3.140238,-0.028352,-0.170773,-0.000055,0.000206,0.000076,0.000346,-0.000133,0.000547,-0.465221,0.730737,-1.129046,-1.247617,-0.330683,0.334148,-0.322149,0.020148,0.498697,-2.220649,-0.026731,2.264372,1.149348
60.796268,0.000000,0.000000,0.000000,0.000000,0.000000,0.000000,0.000000,0.528332,0.092006,0.223653,0.996291,-0.084537,0.015843,0.002589,0.527438,0.091375,0.225051,0.996255,-0.085286,0.014086,0.001880,3.140249,-0.028391,-0.170777,-0.000086,-0.000952,0.000056,-0.000675,0.000513,-0.000864,-0.444115,0.746318,-1.215980,-1.269267,-0.282866,0.338608,-0.322149,0.020142,0.498694,-2.220652,-0.026731,2.264410,1.149351
60.846993,0.000000,0.000000,0.000000,0.000000,0.000000,0.000000,0.000000,0.528332,0.092006,0.223653,0.996291,-0.084537,0.015843,0.002589,0.527447,0.091379,0.225054,0.996255,-0.085280,0.014104,0.001874,3.140265,-0.028426,-0.170766,0.000163,0.000114,0.000330,-0.000101,-0.001285,0.002332,-0.482431,0.754260,-1.196163,-1.270826,-0.312183,0.347392,-0.322149,0.020144,0.498698,-2.220651,-0.026729,2.264449,1.149342
60.897006,0.000000,0.000000,0.000000,0.000000,0.000000,0.000000,0.000000,0.528332,0.092006,0.223653,0.996291,-0.084537,0.015843,0.002589,0.527452,0.091379,0.225054,0.996255,-0.085282,0.014113,0.001871,3.140271,-0.028444,-0.170770,0.000281,0.000079,0.000552,0.000172,-0.001814,0.000623,-0.454067,0.702673,-1.242149,-1.247294,-0.271557,0.320777,-0.322150,0.020146,0.498697,-2.220653,-0.026730,2.264471,1.149344
60.947088,0.000000,0.000000,0.000000,0.000000,0.000000,0.000000,0.000000,0.528332,0.092006,0.223653,0.996291,-0.084537,0.015843,0.002589,0.527458,0.091380,0.225058,0.996255,-0.085282,0.014128,0.001869,3.140279,-0.028472,-0.170769,0.000140,0.000308,0.001068,0.000433,-0.002835,-0.000814,-0.474740,0.748091,-1.172407,-1.260242,-0.317326,0.345289,-0.322150,0.020142,0.498697,-2.220655,-0.026733,2.264499,1.149346
60.997101,0.000000,0.000000,0.000000,0.000000,0.000000,0.000000,0.000000,0.528332,0.092006,0.223653,0.996291,-0.084537,0.015843,0.002589,0.527465,0.091384,0.225058,0.996255,-0.085277,0.014143,0.001864,3.140290,-0.028502,-0.170761,-0.000444,0.000828,-0.000283,-0.000535,-0.000440,0.002933,-0.490782,0.703879,-1.151210,-1.234386,-0.337921,0.328267,-0.322147,0.020146,0.498699,-2.220657,-0.026735,2.264537,1.149344
61.048390,0.000000,0.000000,0.000000,0.000000,0.000000,0.000000,0.000000,0.528332,0.092006,0.223653,0.996291,-0.084537,0.015843,0.002589,0.527474,0.091385,0.225061,0.996255,-0.085278,0.014159,0.001860,3.140300,-0.028533,-0.170761,0.000257,0.000409,0.000040,-0.000182,-0.001139,0.000725,-0.487891,0.699055,-1.200824,-1.235252,-0.309934,0.324771,-0.322150,0.020148,0.498702,-2.220656,-0.026738,2.264571,1.149346
61.099070,0.000000,0.000000,0.000000,0.000000,0.000000,0.000000,0.000000,0.528332,0.092006,0.223653,0.996291,-0.084537,0.015843,0.002589,0.527487,0.091383,0.225068,0.996254,-0.085281,0.014184,0.001854,3.140317,-0.028581,-0.170769,0.000325,-0.000047,0.000619,-0.000478,-0.002213,-0.000482,-0.492054,0.745157,-1.220606,-1.258575,-0.304965,0.346345,-0.322149,0.020145,0.498693,-2.220654,-0.026738,2.264616,1.149347
61.149894,0.000000,0.000000,0.000000,0.000000,0.000000,0.000000,0.000000,0.528332,0.092006,0.223653,0.996291,-0.084537,0.015843,0.002589,0.527493,0.091385,0.225068,0.996254,-0.085277,0.014195,0.001849,3.140328,-0.028604,-0.170762,0.000098,-0.000876,-0.000441,0.001292,0.000205,-0.003445,-0.503485,0.753417,-1.211649,-1.264973,-0.317921,0.353577,-0.322150,0.020148,0.498696,-2.220658,-0.026737,2.264648,1.149339
61.199117,0.000000,0.000000,0.000000,0.000000,0.000000,0.000000,0.000000,0.528332,0.092006,0.223653,0.996291,-0.084537,0.015843,0.002589,0.527499,0.091388,0.225072,0.996254,-0.085280,0.014208,0.001846,3.140338,-0.028627,-0.170767,-0.000169,-0.000195,-0.000393,0.001216,0.001086,-0.002189,-0.472730,0.697563,-1.246905,-1.241887,-0.279827,0.326781,-0.322151,0.020146,0.498700,-2.220655,-0.026735,2.264669,1.149346
61.252207,0.000000,0.000000,0.000000,0.000000,0.000000,0.000000,0.000000,0.528332,0.092006,0.223653,0.996291,-0.084537,0.015843,0.002589,0.527501,0.091385,0.225069,0.996254,-0.085277,0.014211,0.001847,3.140335,-0.028635,-0.170760,-0.000194,-0.001295,-0.000699,-0.001097,0.001651,-0.000088,-0.459945,0.732418,-1.167529,-1.250560,-0.308823,0.341722,-0.322149,0.020150,0.498692,-2.220660,-0.026744,2.264684,1.149340
61.299186,0.000000,0.000000,0.000000,0.000000,0.000000,0.000000,0.000000,0.528332,0.092006,0.223653,0.996291,-0.084537,0.015843,0.002589,0.527506,0.091390,0.225073,0.996254,-0.085275,0.014224,0.001844,3.140345,-0.028659,-0.170758,0.000263,-0.000308,0.000431,0.000250,-0.001215,-0.000538,-0.526487,0.743243,-1.169152,-1.255895,-0.334348,0.349768,-0.322150,0.020146,0.498700,-2.220659,-0.026742,2.264706,1.149342
61.349289,0.000000,0.000000,0.000000,0.000000,0.000000,0.000000,0.000000,0.528332,0.092006,0.223653,0.996291,-0.084537,0.015843,0.002589,0.527511,0.091396,0.225076,0.996254,-0.085272,0.014235,0.001837,3.140359,-0.028680,-0.170752,-0.000368,0.002249,0.000306,0.000971,-0.000903,0.003868,-0.482286,0.728522,-1.154006,-1.249024,-0.323441,0.341503,-0.322148,0.020146,0.498706,-2.220659,-0.026734,2.264730,1.149341
61.400098,0.000000,0.000000,0.000000,0.000000,0.000000,0.000000,0.000000,0.528332,0.092006,0.223653,0.996291,-0.084537,0.015843,0.002589,0.527517,0.091395,0.225077,0.996254,-0.085272,0.014244,0.001838,3.140360,-0.028699,-0.170751,0.000521,0.000490,0.000173,0.001135,-0.001729,-0.000445,-0.493590,0.708748,-1.232985,-1.244689,-0.284477,0.333844,-0.322147,0.020148,0.498702,-2.220658,-0.026742,2.264748,1.149343
61.450224,0.000000,0.000000,0.000000,0.000000,0.000000,0.000000,0.000000,0.528332,0.092006,0.223653,0.996291,-0.084537,0.015843,0.002589,0.527520,0.091395,0.225078,0.996254,-0.085271,0.014252,0.001837,3.140363,-0.028714,-0.170750,-0.000094,0.000520,-0.000068,-0.000447,-0.000325,0.000721,-0.460785,0.670413,-1.181038,-1.223122,-0.296571,0.312326,-0.322147,0.020148,0.498701,-2.220658,-0.026745,2.264765,1.149342
61.500126,0.000000,0.000000,0.000000,0.000000,0.000000,0.000000,0.000000,0.528332,0.092006,0.223653,0.996291,-0.084537,0.015843,0.002589,0.527525,0.091393,0.225078,0.996254,-0.085271,0.014260,0.001834,3.140370,-0.028729,-0.170750,-0.000792,0.000486,-0.001299,0.000442,0.002301,0.000515,-0.505644,0.738212,-1.154895,-1.255605,-0.331303,0.349858,-0.322149,0.020150,0.498699,-2.220661,-0.026745,2.264786,1.149338
61.551108,0.000000,0.000000,0.000000,0.000000,0.000000,0.000000,0.000000,0.528332,0.092006,0.223653,0.996291,-0.084537,0.015843,0.002589,0.527528,0.091396,0.225079,0.996254,-0.085269,0.014266,0.001832,3.140375,-0.028742,-0.170746,-0.000393,-0.000306,-0.001291,0.000539,0.003210,-0.001524,-0.477687,0.704564,-1.216262,-1.251058,-0.287857,0.325542,-0.322146,0.020151,0.498701,-2.220662,-0.026745,2.264801,1.149338
61.600984,0.000000,0.000000,0.000000,0.000000,0.000000,0.000000,0.000000,0.528332,0.092006,0.223653,0.996291,-0.084537,0.015843,0.002589,0.527530,0.091395,0.225082,0.996254,-0.085270,0.014273,0.001833,3.140374,-0.028755,-0.170747,-0.000264,-0.000166,-0.000093,-0.001382,0.000802,0.001327,-0.462402,0.700056,-1.168354,-1.248675,-0.299579,0.326527,-0.322149,0.020146,0.498701,-2.220662,-0.026750,2.264810,1.149340
61.651939,0.000000,0.000000,0.000000,0.000000,0.000000,0.000000,0.000000,0.528332,0.092006,0.223653,0.996291,-0.084537,0.015843,0.002589,0.527538,0.091395,0.225087,0.996254,-0.085270,0.014285,0.001828,3.140386,-0.028778,-0.170747,0.000450,-0.000835,0.000693,-0.000043,-0.000503,-0.000019,-0.430932,0.738696,-1.174345,-1.261787,-0.282255,0.343704,-0.322150,0.020146,0.498700,-2.220655,-0.026745,2.264827,1.149334
61.701140,0.000000,0.000000,0.000000,0.000000,0.000000,0.000000,0.000000,0.528332,0.092006,0.223653,0.996291,-0.084537,0.015843,0.002589,0.527540,0.091397,0.225086,0.996254,-0.085270,0.014291,0.001826,3.140392,-0.028790,-0.170748,0.000653,-0.000434,0.000650,0.000896,-0.001712,-0.001780,-0.436964,0.686516,-1.160819,-1.237481,-0.289809,0.314893,-0.322149,0.020147,0.498701,-2.220659,-0.026745,2.264845,1.149337
61.750989,0.000000,0.000000,0.000000,0.000000,0.000000,0.000000,0.000000,0.528332,0.092006,0.223653,0.996291,-0.084537,0.015843,0.002589,0.527545,0.091394,0.225087,0.996253,-0.085273,0.014299,0.001825,3.140394,-0.028806,-0.170753,-0.000321,-0.001314,-0.001001,0.000241,0.002460,-0.003899,-0.429052,0.751976,-1.201098,-1.268631,-0.268845,0.345152,-0.322152,0.020147,0.498697,-2.220660,-0.026750,2.264863,1.149339
61.800213,0.000000,0.000000,0.000000,0.000000,0.000000,0.000000,0.000000,0.528332,0.092006,0.223653,0.996291,-0.084537,0.015843,0.002589,0.527552,0.091402,0.225090,0.996254,-0.085266,0.014316,0.001820,3.140408,-0.028840,-0.170740,0.000097,-0.000196,-0.000181,-0.000286,-0.000772,-0.000485,-0.464745,0.751307,-1.186844,-1.263234,-0.296313,0.351427,-0.322147,0.020146,0.498704,-2.220662,-0.026748,2.264900,1.149337
61.851090,0.000000,0.000000,0.000000,0.000000,0.000000,0.000000,0.000000,0.528332,0.092006,0.223653,0.996291,-0.084537,0.015843,0.002589,0.527559,0.091407,0.225094,0.996254,-0.085262,0.014331,0.001815,3.140420,-0.028869,-0.170733,0.000152,0.000488,0.000033,0.000923,-0.001722,0.000177,-0.445687,0.679142,-1.187589,-1.231678,-0.291980,0.312730,-0.322145,0.020145,0.498708,-2.220662,-0.026746,2.264931,1.149334
61.901095,0.000000,0.000000,0.000000,0.000000,0.000000,0.000000,0.000000,0.528332,0.092006,0.223653,0.996291,-0.084537,0.015843,0.002589,0.527570,0.091404,0.225098,0.996253,-0.085266,0.014349,0.001811,3.140432,-0.028904,-0.170741,0.000236,-0.000274,0.000165,0.000592,0.000636,-0.001733,-0.476568,0.743033,-1.219452,-1.259947,-0.291664,0.350558,-0.322149,0.020146,0.498704,-2.220659,-0.026749,2.264965,1.149335
61.951193,0.000000,0.000000,0.000000,0.000000,0.000000,0.000000,0.000000,0.528332,0.092006,0.223653,0.996291,-0.084537,0.015843,0.002589,0.527572,0.091406,0.225098,0.996253,-0.085262,0.014358,0.001810,3.140435,-0.028920,-0.170733,0.000253,0.000175,0.001029,-0.000898,-0.002259,0.001904,-0.467823,0.735783,-1.247621,-1.264296,-0.274433,0.348292,-0.322148,0.020145,0.498707,-2.220665,-0.026752,2.264986,1.149334
62.000956,0.000000,0.000000,0.000000,0.000000,0.000000,0.000000,0.000000,0.528332,0.092006,0.223653,0.996291,-0.084537,0.015843,0.002589,0.527582,0.091409,0.225103,0.996253,-0.085259,0.014377,0.001806,3.140445,-0.028957,-0.170727,0.000392,0.000031,0.000666,-0.000170,-0.002086,-0.000170,-0.504411,0.704858,-1.183182,-1.246105,-0.322872,0.337934,-0.322146,0.020145,0.498707,-2.220661,-0.026756,2.265020,1.149333
62.051125,0.000000,0.000000,0.000000,0.000000,0.000000,0.000000,0.000000,0.528332,0.092006,0.223653,0.996291,-0.084537,0.015843,0.002589,0.527585,0.091411,0.225104,0.996253,-0.085258,0.014383,0.001804,3.140450,-0.028971,-0.170724,0.000389,0.000748,0.000705,-0.000062,-0.001471,0.000519,-0.486830,0.667475,-1.144340,-1.230557,-0.334045,0.314734,-0.322147,0.020145,0.498709,-2.220661,-0.026757,2.265035,1.149332
62.101202,0.000000,0.000000,0.000000,0.000000,0.000000,0.000000,0.000000,0.528332,0.092006,0.223653,0.996291,-0.084537,0.015843,0.002589,0.527591,0.091409,0.225105,0.996253,-0.085261,0.014394,0.001800,3.140461,-0.028991,-0.170730,0.001161,-0.000243,0.001411,-0.000436,-0.005994,0.000179,-0.507781,0.748029,-1.213255,-1.272959,-0.304818,0.357336,-0.322150,0.020145,0.498707,-2.220665,-0.026753,2.265062,1.149329
62.152337,0.000000,0.000000,0.000000,0.000000,0.000000,0.000000,0.000000,0.528332,0.092006,0.223653,0.996291,-0.084537,0.015843,0.002589,0.527596,0.091410,0.225109,0.996253,-0.085256,0.014403,0.001801,3.140460,-0.029008,-0.170721,0.000728,-0.000552,0.000776,-0.001701,-0.002432,0.001450,-0.465875,0.719581,-1.213450,-1.261034,-0.282433,0.340864,-0.322146,0.020144,0.498705,-2.220659,-0.026760,2.265071,1.149327
62.203138,0.000000,0.000000,0.000000,0.000000,0.000000,0.000000,0.000000,0.528332,0.092006,0.223653,0.996291,-0.084537,0.015843,0.002589,0.527599,0.091412,0.225109,0.996253,-0.085258,0.014411,0.001797,3.140470,-0.029023,-0.170725,0.000114,0.000322,0.000765,-0.000196,-0.001389,0.000336,-0.494947,0.710705,-1.220892,-1.255056,-0.294508,0.342393,-0.322149,0.020143,0.498710,-2.220665,-0.026756,2.265093,1.149331
62.251977,0.000000,0.000000,0.000000,0.000000,0.000000,0.000000,0.000000,0.528332,0.092006,0.223653,0.996291,-0.084537,0.015843,0.002589,0.527604,0.091411,0.225109,0.996253,-0.085257,0.014420,0.001793,3.140478,-0.029041,-0.170724,-0.000016,-0.000701,-0.000174,0.000738,-0.000334,-0.002188,-0.518344,0.754543,-1.188042,-1.272703,-0.324174,0.364360,-0.322145,0.020146,0.498701,-2.220666,-0.026756,2.265117,1.149325
62.302129,0.000000,0.000000,0.000000,0.000000,0.000000,0.000000,0.000000,0.528332,0.092006,0.223653,0.996291,-0.084537,0.015843,0.002589,0.527609,0.091418,0.225111,0.996253,-0.085252,0.014432,0.001789,3.140488,-0.029064,-0.170714,0.000086,0.000403,-0.000472,0.001945,0.000209,-0.000837,-0.486604,0.730772,-1.192884,-1.264679,-0.307659,0.349538,-0.322145,0.020148,0.498713,-2.220665,-0.026756,2.265143,1.149326
62.352161,0.000000,0.000000,0.000000,0.000000,0.000000,0.000000,0.000000,0.528332,0.092006,0.223653,0.996291,-0.084537,0.015843,0.002589,0.527616,0.091416,0.225113,0.996253,-0.085255,0.014443,0.001787,3.140494,-0.029087,-0.170720,-0.000216,-0.000878,-0.000860,0.000244,0.001220,-0.001750,-0.470762,0.708714,-1.165489,-1.248502,-0.312620,0.336650,-0.322149,0.020150,0.498710,-2.220666,-0.026759,2.265169,1.149329
62.402950,0.000000,0.000000,0.000000,0.000000,0.000000,0.000000,0.000000,0.528332,0.092006,0.223653,0.996291,-0.084537,0.015843,0.002589,0.527620,0.091418,0.225117,0.996253,-0.085250,0.014455,0.001786,3.140499,-0.029110,-0.170709,-0.000265,0.000498,0.000415,-0.000878,-0.000551,0.003926,-0.443314,0.741553,-1.263004,-1.270907,-0.253458,0.350848,-0.322146,0.020143,0.498710,-2.220668,-0.026760,2.265188,1.149322
62.455293,0.000000,0.000000,0.000000,0.000000,0.000000,0.000000,0.000000,0.528332,0.092006,0.223653,0.996291,-0.084537,0.015843,0.002589,0.527622,0.091421,0.225117,0.996253,-0.085249,0.014460,0.001784,3.140504,-0.029121,-0.170707,0.000302,-0.000321,0.000792,0.000008,-0.002770,0.000229,-0.524401,0.712770,-1.253966,-1.253277,-0.287688,0.348283,-0.322147,0.020143,0.498716,-2.220671,-0.026759,2.265203,1.149323
62.502178,0.000000,0.000000,0.000000,0.000000,0.000000,0.000000,0.000000,0.528332,0.092006,0.223653,0.996291,-0.084537,0.015843,0.002589,0.527628,0.091418,0.225118,0.996253,-0.085250,0.014469,0.001782,3.140509,-0.029136,-0.170710,0.000427,0.000565,0.000473,0.000577,-0.001854,0.001866,-0.455438,0.672344,-1.191813,-1.233071,-0.286230,0.320045,-0.322146,0.020146,0.498708,-2.220668,-0.026761,2.265219,1.149321
62.552232,-0.000000,0.000000,0.000000,0.000000,-0.000000,-0.000000,1.000000,0.528332,0.092006,0.223653,0.996291,-0.084537,0.015843,0.002589,0.527630,0.091422,0.225116,0.996253,-0.085248,0.014475,0.001778,3.140518,-0.029149,-0.170705,-0.000449,0.000908,-0.000365,-0.000039,0.001341,0.003395,-0.492827,0.718795,-1.209442,-1.255986,-0.299729,0.348901,-0.322147,0.020149,0.498715,-2.220675,-0.026759,2.265243,1.149320
62.602278,-0.000000,0.000000,0.000000,0.000000,-0.000000,-0.000000,1.000000,0.528332,0.092006,0.223653,0.996291,-0.084537,0.015843,0.002589,0.527643,0.091420,0.225123,0.996252,-0.085254,0.014498,0.001772,3.140533,-0.029193,-0.170718,0.000883,-0.000060,0.000041,0.002183,-0.001810,-0.001105,-0.520213,0.690170,-1.203016,-1.243599,-0.318675,0.334628,-0.322151,0.020148,0.498710,-2.220670,-0.026761,2.265284,1.149326
62.652998,-0.000000,0.000000,0.000000,0.000000,-0.000000,-0.000000,1.000000,0.528332,0.092006,0.223653,0.996291,-0.084537,0.015843,0.002589,0.527650,0.091424,0.225128,0.996252,-0.085248,0.014515,0.001771,3.140539,-0.029228,-0.170707,0.000204,0.000064,0.000321,-0.000872,-0.001643,0.000496,-0.489539,0.708161,-1.215347,-1.254932,-0.301880,0.339601,-0.322147,0.020143,0.498712,-2.220670,-0.026766,2.265316,1.149324
62.703031,-0.000000,0.000000,0.000000,0.000000,-0.000000,-0.000000,1.000000,0.528332,0.092006,0.223653,0.996291,-0.084537,0.015843,0.002589,0.527655,0.091425,0.225128,0.996252,-0.085248,0.014527,0.001767,3.140549,-0.029250,-0.170706,0.000225,0.000965,0.000562,-0.000674,-0.001835,0.003043,-0.465034,0.710055,-1.283749,-1.259030,-0.260019,0.334427,-0.322147,0.020145,0.498714,-2.220675,-0.026765,2.265345,1.149324
62.753948,-0.000000,0.000000,0.000000,0.000000,-0.000000,-0.000000,1.000000,0.528332,0.092006,0.223653,0.996291,-0.084537,0.015843,0.002589,0.527662,0.091426,0.225130,0.996252,-0.085249,0.014538,0.001763,3.140558,-0.029273,-0.170708,0.000046,0.000104,0.000051,0.000072,-0.000307,0.000583,-0.497599,0.717746,-1.271084,-1.258400,-0.278244,0.343832,-0.322147,0.020145,0.498713,-2.220675,-0.026765,2.265369,1.149324
62.803237,-0.000000,0.000000,0.000000,0.000000,-0.000000,-0.000000,1.000000,0.528332,0.092006,0.223653,0.996291,-0.084537,0.015843,0.002589,0.527663,0.091426,0.225128,0.996252,-0.085247,0.014541,0.001762,3.140561,-0.029278,-0.170704,-0.000763,-0.000070,-0.001090,0.000646,0.003956,0.001415,-0.517931,0.710250,-1.240414,-1.253221,-0.298162,0.343970,-0.322147,0.020148,0.498711,-2.220679,-0.026765,2.265382,1.149320
62.853201,-0.000000,0.000000,0.000000,0.000000,-0.000000,-0.000000,1.000000,0.528332,0.092006,0.223653,0.996291,-0.084537,0.015843,0.002589,0.527671,0.091426,0.225132,0.996252,-0.085247,0.014556,0.001757,3.140572,-0.029308,-0.170705,0.000717,-0.000880,0.000326,0.001312,-0.001472,-0.001963,-0.535080,0.761955,-1.132080,-1.268042,-0.356454,0.369175,-0.322149,0.020147,0.498711,-2.220676,-0.026765,2.265411,1.149318
62.904037,-0.000000,0.000000,0.000000,0.000000,-0.000000,-0.000000,1.000000,0.528332,0.092006,0.223653,0.996291,-0.084537,0.015843,0.002589,0.527677,0.091429,0.225135,0.996252,-0.085243,0.014570,0.001756,3.140578,-0.029335,-0.170696,0.000084,-0.000256,-0.000005,-0.000092,-0.000094,0.001229,-0.526468,0.704896,-1.213035,-1.250111,-0.314577,0.344135,-0.322149,0.020145,0.498716,-2.220677,-0.026769,2.265437,1.149317
62.953176,-0.000000,-0.722111,0.000000,0.000000,-0.000000,-0.000000,1.000000,0.528332,0.089118,0.223653,0.996291,-0.084537,0.015843,0.002589,0.527680,0.091430,0.225137,0.996252,-0.085246,0.014577,0.001753,3.140585,-0.029348,-0.170704,0.000510,0.000202,0.001170,0.000103,-0.001937,-0.000055,-0.493311,0.719605,-1.258497,-1.256101,-0.277411,0.350982,-0.322147,0.020144,0.498714,-2.220678,-0.026766,2.265451,1.149322
63.003258,-0.000000,-0.999964,0.000000,0.000000,-0.000000,-0.000000,1.000000,0.528332,0.085118,0.223653,0.996291,-0.084537,0.015843,0.002589,0.527722,0.091176,0.225136,0.996252,-0.085229,0.014638,0.001976,3.140150,-0.029506,-0.170663,0.001715,-0.010523,0.000509,-0.016917,-0.003139,-0.004104,-0.487929,0.501614,-1.167547,-1.236417,-0.318639,0.238314,-0.322186,0.020133,0.498421,-2.220693,-0.027341,2.265457,1.149318
63.053986,-0.000000,-0.999964,0.000000,0.000000,-0.000000,-0.000000,1.000000,0.528332,0.081118,0.223653,0.996291,-0.084537,0.015843,0.002589,0.527837,0.090125,0.225070,0.996228,-0.085474,0.014726,0.002630,3.138869,-0.029794,-0.171135,0.001754,-0.027168,-0.004418,-0.033863,0.004188,-0.013696,-0.519553,0.409532,-1.124263,-1.288306,-0.332017,0.194675,-0.322611,0.020116,0.497295,-2.220845,-0.028963,2.265433,1.149283
63.104227,-0.000000,-0.999964,0.000000,0.000000,-0.000000,-0.000000,1.000000,0.528332,0.077118,0.223653,0.996291,-0.084537,0.015843,0.002589,0.528041,0.088189,0.224942,0.996191,-0.085848,0.014818,0.003617,3.136929,-0.030149,-0.171858,0.005170,-0.042305,-0.003333,-0.044422,-0.000924,-0.011068,-0.710110,0.192022,-0.976047,-1.167004,-0.443233,0.135673,-0.323346,0.020100,0.495022,-2.221125,-0.031353,2.265395,1.148539
63.154156,-0.000000,-0.999964,0.000000,0.000000,-0.000000,-0.000000,1.000000,0.528332,0.073118,0.223653,0.996291,-0.084537,0.015843,0.002589,0.528311,0.085543,0.224765,0.996148,-0.086265,0.014921,0.004897,3.134407,-0.030577,-0.172656,0.005055,-0.052641,-0.004693,-0.056305,0.002991,-0.004705,-0.811192,-0.388614,-0.941056,-0.861326,-0.482841,-0.100926,-0.324508,0.020081,0.492027,-2.221515,-0.034435,2.265358,1.147169
63.204174,-0.000000,-0.999964,0.000000,0.000000,-0.000000,-0.000000,1.000000,0.528332,0.069119,0.223653,0.996291,-0.084537,0.015843,0.002589,0.528619,0.082486,0.224585,0.996098,-0.086770,0.014957,0.006050,3.132131,-0.030852,-0.173634,0.006798,-0.060836,-0.003344,-0.036502,0.003104,-0.020044,-1.059266,-0.488599,-0.788425,-0.754680,-0.626559,-0.089302,-0.326421,0.020050,0.488909,-2.221917,-0.037118,2.265294,1.144851
63.254188,-0.000000,-0.999964,0.000000,0.000000,-0.000000,-0.000000,1.000000,0.528332,0.065119,0.223653,0.996291,-0.084537,0.015843,0.002589,0.528943,0.079126,0.224416,0.996035,-0.087431,0.014892,0.006943,3.130360,-0.030885,-0.174936,0.007245,-0.068528,-0.003660,-0.030595,0.006650,-0.038699,-1.379672,-0.736219,-0.631790,-0.599051,-0.803203,-0.155985,-0.328629,0.019984,0.485326,-2.222312,-0.039033,2.265169,1.141605
63.305098,-0.000000,-0.999964,0.000000,0.000000,-0.000000,-0.000000,1.000000,0.528332,0.061119,0.223653,0.996291,-0.084537,0.015843,0.002589,0.529275,0.075495,0.224243,0.995987,-0.087943,0.014773,0.007649,3.128948,-0.030777,-0.175943,0.006450,-0.070364,-0.004708,-0.020915,0.011672,-0.011015,-1.618357,-0.866582,-0.572689,-0.545072,-0.906597,-0.185107,-0.331128,0.019880,0.481389,-2.222760,-0.040393,2.265092,1.137063
63.354383,-0.000000,-0.999964,0.000000,0.000000,-0.000000,-0.000000,1.000000,0.528332,0.057119,0.223653,0.996291,-0.084537,0.015843,0.002589,0.529596,0.071766,0.224090,0.995935,-0.088516,0.014593,0.008078,3.128080,-0.030502,-0.177082,0.006449,-0.073711,-0.003000,-0.010894,0.007721,-0.025685,-1.534106,-1.009733,-0.667034,-0.492974,-0.800610,-0.267966,-0.334144,0.019728,0.477594,-2.223212,-0.040987,2.265020,1.131787
63.406106,-0.000000,-0.981474,0.000000,0.000000,-0.000000,-0.000000,1.000000,0.528332,0.053193,0.223653,0.996291,-0.084537,0.015843,0.002589,0.529883,0.067913,0.223951,0.995887,-0.089064,0.014369,0.008432,3.127351,-0.030126,-0.178176,0.005716,-0.077085,-0.002823,-0.013478,0.010137,-0.017255,-2.054065,-0.915106,-0.456874,-0.501186,-1.103852,-0.182278,-0.337208,0.019503,0.473558,-2.223697,-0.041314,2.264886,1.126005
63.454616,-0.000000,-0.907370,0.000000,0.000000,-0.000000,-0.000000,1.000000,0.528332,0.049564,0.223653,0.996291,-0.084537,0.015843,0.002589,0.530172,0.064032,0.223843,0.995844,-0.089542,0.014169,0.008724,3.126748,-0.029787,-0.179128,0.005604,-0.077688,-0.003105,-0.010387,0.009891,-0.013762,-1.964221,-1.021720,-0.388443,-0.436572,-1.064646,-0.240009,-0.339755,0.019252,0.468909,-2.224137,-0.041474,2.264776,1.119878
63.505312,-0.000000,-0.907370,0.000000,0.000000,-0.000000,-0.000000,1.000000,0.528332,0.045934,0.223653,0.996291,-0.084537,0.015843,0.002589,0.530436,0.060149,0.223719,0.995809,-0.089942,0.013946,0.008958,3.126253,-0.029391,-0.179926,0.005096,-0.075828,-0.002995,-0.008055,0.009983,-0.008711,-2.326720,-0.837371,-0.333922,-0.468424,-1.221007,-0.127722,-0.342106,0.019046,0.464024,-2.224568,-0.041503,2.264688,1.113472
63.555283,-0.000000,-0.999964,0.000000,0.000000,-0.000000,-0.000000,1.000000,0.528332,0.041934,0.223653,0.996291,-0.084537,0.015843,0.002589,0.530657,0.056342,0.223596,0.995773,-0.090342,0.013752,0.009191,3.125766,-0.029052,-0.180726,0.003386,-0.074350,-0.004225,-0.006276,0.013949,-0.012238,-2.394076,-0.875663,-0.176816,-0.416451,-1.330450,-0.152028,-0.343980,0.018778,0.458808,-2.225080,-0.041518,2.264684,1.107207
63.605245,-0.000000,-0.999964,0.000000,0.000000,-0.000000,-0.000000,1.000000,0.528332,0.037934,0.223653,0.996291,-0.084537,0.015843,0.002589,0.530852,0.052516,0.223496,0.995751,-0.090591,0.013571,0.009433,3.125259,-0.028740,-0.181221,0.003498,-0.072775,-0.003258,-0.007884,0.008302,-0.004080,-2.493681,-0.984462,-0.233506,-0.341262,-1.339739,-0.208657,-0.345643,0.018456,0.453351,-2.225598,-0.041532,2.264669,1.100606
63.655158,-0.000000,-0.999964,0.000000,0.000000,-0.000000,-0.000000,1.000000,0.528332,0.033935,0.223653,0.996291,-0.084537,0.015843,0.002589,0.531024,0.048708,0.223404,0.995733,-0.090787,0.013388,0.009669,3.124761,-0.028422,-0.181610,0.003596,-0.075099,-0.001671,-0.007853,0.008245,-0.002652,-2.768245,-1.061700,-0.072902,-0.279564,-1.530077,-0.252068,-0.347182,0.018138,0.447799,-2.226086,-0.041538,2.264630,1.093923
63.705295,-0.000000,-0.999964,0.000000,0.000000,-0.000000,-0.000000,1.000000,0.528332,0.029935,0.223653,0.996291,-0.084537,0.015843,0.002589,0.531191,0.044797,0.223333,0.995714,-0.090994,0.013239,0.009906,3.124267,-0.028172,-0.182021,0.002763,-0.077280,-0.002944,-0.008431,0.009332,-0.001977,-2.831849,-0.986268,-0.001744,-0.279972,-1.584898,-0.221946,-0.348598,0.017786,0.441932,-2.226577,-0.041544,2.264637,1.087069
63.755342,-0.000000,-0.999964,0.000000,0.000000,-0.000000,-0.000000,1.000000,0.528332,0.025935,0.223653,0.996291,-0.084537,0.015843,0.002589,0.531351,0.040890,0.223266,0.995705,-0.091098,0.013079,0.010130,3.123795,-0.027895,-0.182225,0.003068,-0.076580,-0.001315,-0.009246,0.007528,0.000989,-2.872762,-0.900521,-0.142822,-0.307430,-1.523958,-0.184057,-0.349752,0.017499,0.435802,-2.226979,-0.041547,2.264605,1.080004
63.806145,-0.194049,-0.712848,0.000000,0.000000,-0.000000,-0.000000,1.000000,0.527556,0.023083,0.223653,0.996291,-0.084537,0.015843,0.002589,0.531507,0.037001,0.223201,0.995690,-0.091253,0.012937,0.010336,3.123363,-0.027652,-0.182533,0.002052,-0.077277,-0.003581,-0.006602,0.012181,-0.000989,-3.080082,-1.087726,0.078693,-0.227055,-1.722561,-0.283620,-0.350574,0.017263,0.429364,-2.227330,-0.041546,2.264612,1.073063
63.856122,-0.481237,-0.323766,0.000000,0.000000,-0.000000,-0.000000,1.000000,0.525631,0.021788,0.223653,0.996291,-0.084537,0.015843,0.002589,0.531628,0.033150,0.223123,0.995684,-0.091324,0.012764,0.010536,3.122935,-0.027347,-0.182673,0.001998,-0.075001,-0.001995,-0.007499,0.008025,0.000457,-3.117015,-0.865237,0.045324,-0.290034,-1.703460,-0.173548,-0.351444,0.017069,0.423043,-2.227657,-0.041549,2.264577,1.066025
63.906250,-0.814704,-0.323766,0.000000,0.000000,-0.000000,-0.000000,1.000000,0.522372,0.020493,0.223653,0.996291,-0.084537,0.015843,0.002589,0.531570,0.029734,0.222974,0.995686,-0.091323,0.012386,0.010756,3.122428,-0.026634,-0.182670,-0.000767,-0.061715,-0.002181,-0.006285,0.014364,0.006905,-3.370975,-0.856590,0.360767,-0.200973,-1.917944,-0.173564,-0.351862,0.016866,0.417105,-2.228089,-0.041540,2.264208,1.059665
63.956217,-0.962912,-0.342292,0.000000,0.000000,-0.000000,-0.000000,1.000000,0.518521,0.019124,0.223653,0.996291,-0.084537,0.015843,0.002589,0.531195,0.027005,0.222790,0.995697,-0.091250,0.011741,0.011070,3.121682,-0.025404,-0.182526,-0.008657,-0.048931,-0.003747,-0.011515,0.024427,-0.000756,-3.524583,-0.956650,0.477929,-0.085931,-1.940884,-0.232734,-0.351977,0.016298,0.412216,-2.228895,-0.041530,2.263283,1.054509
64.006231,-0.944386,-0.360818,0.000000,0.000000,-0.000000,-0.000000,1.000000,0.514743,0.017681,0.223653,0.996291,-0.084537,0.015843,0.002589,0.530317,0.024778,0.222520,0.995710,-0.091163,0.010774,0.011580,3.120488,-0.023569,-0.182354,-0.021423,-0.038293,-0.005341,-0.022565,0.046517,0.005475,-3.490479,-0.949318,0.938128,-0.047751,-2.032635,-0.243408,-0.351994,0.014900,0.408284,-2.230723,-0.041522,2.261891,1.050385
64.057183,-0.944386,-0.370081,0.000000,0.000000,-0.000000,-0.000000,1.000000,0.510966,0.016201,0.223653,0.996291,-0.084537,0.015843,0.002589,0.528946,0.022961,0.222258,0.995724,-0.091039,0.009728,0.012320,3.118823,-0.021618,-0.182108,-0.029056,-0.032985,-0.005425,-0.030858,0.034636,0.010264,-3.534665,-0.978205,1.235724,0.006727,-2.097258,-0.266117,-0.352028,0.012238,0.405266,-2.233934,-0.041494,2.260474,1.047085
64.106540,-0.666497,-0.712848,0.000000,0.000000,-0.000000,-0.000000,1.000000,0.508300,0.013349,0.223653,0.996291,-0.084537,0.015843,0.002589,0.527064,0.021288,0.222079,0.995722,-0.091007,0.008830,0.013329,3.116648,-0.020012,-0.182041,-0.040179,-0.029998,-0.001245,-0.043832,0.031211,-0.001314,-3.874688,-0.894298,1.231120,0.086702,-2.173060,-0.206743,-0.352068,0.007820,0.402670,-2.238986,-0.041386,2.259484,1.044350
64.157152,-0.573867,-0.851792,0.000000,0.000000,-0.000000,-0.000000,1.000000,0.506004,0.009942,0.223653,0.996291,-0.084537,0.015843,0.002589,0.524727,0.019589,0.221962,0.995705,-0.091057,0.008143,0.014636,3.113921,-0.018882,-0.182131,-0.047033,-0.033050,-0.001718,-0.052713,0.025829,0.001336,-4.127965,-0.907627,1.164589,0.159174,-2.231099,-0.196750,-0.352115,0.001740,0.400201,-2.245857,-0.041345,2.259109,1.041952
64.207227,-0.564604,-0.851792,0.000000,0.000000,-0.000000,-0.000000,1.000000,0.503746,0.006535,0.223653,0.996291,-0.084537,0.015843,0.002589,0.522118,0.017548,0.221950,0.995680,-0.091125,0.007635,0.016107,3.110899,-0.018141,-0.182254,-0.053398,-0.040951,0.001651,-0.056402,0.021467,-0.005547,-3.280330,-0.982825,0.915713,0.264376,-1.779607,-0.248770,-0.352403,-0.005546,0.397402,-2.253882,-0.041238,2.259107,1.038970
64.257275,-0.564604,-0.851792,0.000000,0.000000,-0.000000,-0.000000,1.000000,0.501487,0.003128,0.223653,0.996291,-0.084537,0.015843,0.002589,0.519565,0.015104,0.222074,0.995653,-0.091188,0.007256,0.017503,3.108050,-0.017641,-0.182366,-0.049924,-0.050561,0.002452,-0.053254,0.022378,-0.002660,-3.879119,-0.954349,1.349582,0.360339,-2.292422,-0.216882,-0.352794,-0.013072,0.393870,-2.261860,-0.040923,2.259145,1.034981
64.308241,-0.471974,-0.898107,0.000000,0.000000,-0.000000,-0.000000,1.000000,0.499599,-0.000465,0.223653,0.996291,-0.084537,0.015843,0.002589,0.517029,0.012297,0.222280,0.995623,-0.091275,0.006940,0.018847,3.105317,-0.017260,-0.182528,-0.049347,-0.057188,0.003190,-0.055190,0.017986,0.001978,-4.298180,-1.081390,1.237971,0.480738,-2.425924,-0.273255,-0.353127,-0.020766,0.389524,-2.269832,-0.040498,2.259186,1.030192
64.357176,-0.397834,-0.935159,0.000000,0.000000,-0.000000,-0.000000,1.000000,0.498008,-0.004205,0.223653,0.996291,-0.084537,0.015843,0.002589,0.514546,0.009181,0.222426,0.995603,-0.091267,0.006600,0.020050,3.102858,-0.016803,-0.182504,-0.047854,-0.061719,0.002614,-0.045651,0.012498,-0.006448,-3.814462,-1.015849,0.913953,0.519669,-2.109386,-0.251857,-0.353591,-0.028186,0.384597,-2.277670,-0.039945,2.259362,1.024403
64.408008,-0.203312,-0.999964,0.000000,0.000000,-0.000000,-0.000000,1.000000,0.497195,-0.008205,0.223653,0.996291,-0.084537,0.015843,0.002589,0.512151,0.005898,0.222572,0.995577,-0.091310,0.006343,0.021169,3.100583,-0.016496,-0.182581,-0.042826,-0.064729,0.004414,-0.034628,0.011089,-0.005244,-3.744411,-1.010688,1.360362,0.581741,-2.397251,-0.262420,-0.354243,-0.035407,0.379455,-2.285335,-0.039407,2.259744,1.018308
64.457580,-0.036578,-0.999964,0.000000,0.000000,-0.000000,-0.000000,1.000000,0.497049,-0.012205,0.223653,0.996291,-0.084537,0.015843,0.002589,0.510088,0.002446,0.222806,0.995565,-0.091268,0.006101,0.022004,3.098875,-0.016166,-0.182492,-0.039300,-0.068284,0.004371,-0.031370,0.009271,0.005004,-3.912536,-1.124520,0.578986,0.644403,-2.146261,-0.334536,-0.355172,-0.041775,0.374052,-2.291817,-0.038645,2.259860,1.011344
64.507585,-0.000000,-0.999964,0.000000,0.000000,-0.000000,-0.000000,1.000000,0.497049,-0.016205,0.223653,0.996291,-0.084537,0.015843,0.002589,0.508287,-0.001253,0.223035,0.995553,-0.091235,0.006040,0.022665,3.097546,-0.016162,-0.182418,-0.033324,-0.074345,0.002931,-0.029229,0.006812,0.015235,-4.595007,-1.102252,0.574995,0.670819,-2.528329,-0.331749,-0.356584,-0.047527,0.368511,-2.297736,-0.037880,2.260401,1.003782
64.558157,-0.000000,-0.999964,0.000000,0.000000,-0.000000,-0.000000,1.000000,0.497049,-0.020205,0.223653,0.996291,-0.084537,0.015843,0.002589,0.506828,-0.005117,0.223157,0.995547,-0.091186,0.006009,0.023144,3.096586,-0.016186,-0.182313,-0.028100,-0.078128,-0.000778,-0.018494,0.011477,0.002499,-3.976406,-1.177028,0.389189,0.748139,-2.277173,-0.385874,-0.358470,-0.052065,0.362994,-2.302633,-0.037288,2.261169,0.995863
64.608385,-0.000000,-0.999964,0.000000,0.000000,-0.000000,-0.000000,1.000000,0.497049,-0.024205,0.223653,0.996291,-0.084537,0.015843,0.002589,0.505731,-0.009041,0.223253,0.995545,-0.091130,0.006080,0.023439,3.096010,-0.016378,-0.182193,-0.020230,-0.077218,-0.000022,-0.006585,0.000062,0.007494,-4.225677,-0.962956,0.336145,0.700013,-2.446318,-0.280437,-0.360507,-0.055528,0.357388,-2.306470,-0.036803,2.262122,0.987775
64.658391,-0.000000,-0.999964,0.000000,0.000000,-0.000000,-0.000000,1.000000,0.497049,-0.028205,0.223653,0.996291,-0.084537,0.015843,0.002589,0.504908,-0.013005,0.223411,0.995551,-0.091016,0.006101,0.023585,3.095721,-0.016442,-0.181961,-0.013591,-0.078559,0.003384,-0.001842,-0.000518,0.003824,-4.288391,-0.978868,0.218418,0.723294,-2.482620,-0.307522,-0.362833,-0.058122,0.351888,-2.309144,-0.036330,2.262662,0.979395
64.708306,-0.000000,-0.999964,0.000000,0.000000,-0.000000,-0.000000,1.000000,0.497049,-0.032204,0.223653,0.996291,-0.084537,0.015843,0.002589,0.504334,-0.017074,0.223576,0.995558,-0.090949,0.006022,0.023605,3.095665,-0.016284,-0.181830,-0.008307,-0.079634,0.002040,0.003169,0.002708,-0.003541,-4.351062,-0.772141,0.068468,0.647912,-2.454116,-0.224685,-0.365004,-0.059754,0.345950,-2.310694,-0.035983,2.262795,0.970913
64.761679,-0.000000,-0.925896,0.000000,0.000000,-0.000000,-0.000000,1.000000,0.497049,-0.035908,0.223653,0.996291,-0.084537,0.015843,0.002589,0.504000,-0.021105,0.223653,0.995576,-0.090780,0.005872,0.023522,3.095800,-0.015963,-0.181498,-0.005803,-0.077950,-0.000439,0.005892,0.010293,0.015931,-4.558100,-0.649945,0.121226,0.583972,-2.562067,-0.182267,-0.367050,-0.060356,0.339919,-2.311311,-0.035830,2.262833,0.962396
64.810745,-0.000000,-0.610955,0.000000,0.000000,0.295977,0.333029,1.000000,0.497049,-0.038352,0.223653,0.995982,-0.088693,0.012169,0.002195,0.503783,-0.025043,0.223674,0.995602,-0.090571,0.005722,0.023247,3.096318,-0.015606,-0.181089,-0.003577,-0.078499,0.000506,0.005342,0.002354,0.013854,-4.392030,-0.967592,0.041107,0.736074,-2.463327,-0.348149,-0.368889,-0.060447,0.333750,-2.311518,-0.035421,2.262962,0.953715
64.860633,-0.000000,-0.444221,0.000000,0.000000,0.814740,0.564640,1.000000,0.497049,-0.040129,0.223653,0.995404,-0.095737,0.002047,0.001134,0.503345,-0.028761,0.223501,0.995562,-0.091283,0.005133,0.022315,3.098079,-0.014296,-0.182557,-0.009151,-0.068400,-0.003112,0.039931,0.027816,-0.007754,-4.109632,-0.966861,0.182338,0.767096,-2.306768,-0.360244,-0.371136,-0.060336,0.327942,-2.311796,-0.033308,2.262525,0.945743
64.910311,-0.000000,-0.444221,0.000000,0.000000,0.814740,0.564640,1.000000,0.497049,-0.041906,0.223653,0.994673,-0.102766,-0.008076,0.000073,0.502733,-0.031981,0.223260,0.995498,-0.092373,0.004137,0.020831,3.100868,-0.012085,-0.184806,-0.012266,-0.062324,-0.005147,0.066732,0.043010,-0.032925,-3.783568,-1.015986,0.397349,0.828040,-2.076516,-0.393099,-0.372967,-0.060151,0.322288,-2.311946,-0.029743,2.261214,0.938160
64.960453,-0.000000,-0.370081,0.000000,0.000000,0.824003,0.509062,1.000000,0.497049,-0.043386,0.223653,0.993863,-0.109089,-0.018313,-0.001000,0.501955,-0.034761,0.222952,0.995389,-0.093984,0.002715,0.018971,3.104326,-0.008972,-0.188114,-0.014594,-0.056064,-0.007179,0.089372,0.048538,-0.100752,-3.412884,-0.732232,1.065209,0.735646,-1.994340,-0.268781,-0.374706,-0.059844,0.317121,-2.311899,-0.025199,2.258937,0.931568
65.010385,-0.000000,-0.221874,0.000000,0.000000,0.824003,0.509062,1.000000,0.497049,-0.044273,0.223653,0.992907,-0.115395,-0.028547,-0.002072,0.500999,-0.037131,0.222615,0.995245,-0.095909,0.000875,0.016953,3.108009,-0.004993,-0.192057,-0.015280,-0.048345,-0.005564,0.092596,0.062717,-0.122154,-3.176632,-0.438730,1.571812,0.611338,-1.952492,-0.135437,-0.376004,-0.059510,0.312177,-2.311677,-0.020243,2.255610,0.926000
65.061286,-0.000000,-0.203348,0.000000,0.000000,0.824003,0.509062,1.000000,0.497049,-0.045087,0.223653,0.991806,-0.121685,-0.038777,-0.003144,0.499943,-0.039127,0.222289,0.995066,-0.098019,-0.001538,0.015273,3.110892,0.000066,-0.196378,-0.017419,-0.037385,-0.006046,0.073660,0.105154,-0.090444,-2.483575,-0.505044,1.810792,0.581249,-1.669239,-0.154795,-0.376995,-0.058783,0.307879,-2.310677,-0.016256,2.250641,0.922371
65.110651,-0.000000,-0.203348,0.000000,0.000000,0.824003,0.509062,1.000000,0.497049,-0.045900,0.223653,0.990559,-0.127957,-0.049002,-0.004215,0.498900,-0.040714,0.221983,0.994847,-0.100331,-0.004566,0.013837,3.113140,0.006309,-0.201112,-0.017597,-0.028600,-0.006000,0.064553,0.138282,-0.076851,-2.033408,-0.922403,2.182376,0.728214,-1.598026,-0.345511,-0.377620,-0.057313,0.304196,-2.308470,-0.013128,2.243875,0.920678
65.160565,-0.000000,-0.203348,0.000000,0.000000,0.583166,0.314503,1.000000,0.497049,-0.046714,0.223653,0.989665,-0.131818,-0.056233,-0.004983,0.497994,-0.041909,0.221821,0.994561,-0.103131,-0.008109,0.012119,3.115809,0.013630,-0.206827,0.000287,-0.024737,-0.001752,0.093208,0.084728,-0.128805,-2.643232,-0.964758,1.876858,0.772410,-1.648488,-0.404999,-0.378059,-0.055068,0.300907,-2.304730,-0.009528,2.235274,0.920269
65.211288,-0.000000,-0.351555,0.000000,0.000000,-0.000000,-0.000000,1.000000,0.497049,-0.048120,0.223653,0.989665,-0.131818,-0.056233,-0.004983,0.497190,-0.042983,0.221627,0.994253,-0.105860,-0.012079,0.010404,3.118339,0.021817,-0.212398,-0.002049,-0.026121,0.003980,0.087001,0.124550,-0.118045,-2.068700,-0.586753,2.063896,0.549130,-1.433776,-0.238812,-0.378673,-0.051931,0.298047,-2.299886,-0.006249,2.225561,0.920216
65.260536,-0.000000,-0.759162,0.000000,0.000000,-0.000000,-0.000000,1.000000,0.497049,-0.051156,0.223653,0.989665,-0.131818,-0.056233,-0.004983,0.496532,-0.044027,0.221393,0.993924,-0.108494,-0.016393,0.008633,3.120864,0.030719,-0.217772,-0.014860,-0.026009,-0.005270,0.087494,0.234487,-0.099069,-1.376449,-0.455042,2.303129,0.429910,-1.259335,-0.159746,-0.379398,-0.047828,0.295346,-2.293932,-0.003190,2.214971,0.920208
65.311402,-0.000000,-0.990737,0.000000,0.000000,-0.000000,-0.000000,1.000000,0.497049,-0.055119,0.223653,0.989665,-0.131818,-0.056233,-0.004983,0.496092,-0.045461,0.221305,0.993590,-0.110919,-0.020587,0.007286,3.122532,0.039303,-0.222723,-0.030223,-0.036189,-0.016862,0.072885,0.312456,-0.093103,-0.965535,-0.351708,2.687434,0.347460,-1.286235,-0.111438,-0.380264,-0.043290,0.292370,-2.287159,-0.001432,2.204204,0.920206
65.361219,-0.000000,-0.999964,0.000000,0.000000,-0.000000,-0.000000,1.000000,0.497049,-0.059119,0.223653,0.989665,-0.131818,-0.056233,-0.004983,0.495789,-0.047503,0.221283,0.993234,-0.113367,-0.024349,0.006383,3.123371,0.046939,-0.227723,-0.032186,-0.050054,-0.020708,0.050536,0.315288,-0.090477,-0.321341,-0.259558,3.799526,0.214039,-1.599842,-0.039621,-0.381486,-0.038763,0.288918,-2.280436,-0.000880,2.194320,0.920181
65.411304,-0.000000,-0.999964,0.000000,0.000000,-0.000000,-0.000000,1.000000,0.497049,-0.063119,0.223653,0.989665,-0.131818,-0.056233,-0.004983,0.495598,-0.050111,0.221214,0.992853,-0.115992,-0.027503,0.005630,3.124008,0.053332,-0.233068,-0.023195,-0.055462,-0.012785,0.043479,0.236158,-0.082171,0.826590,-0.860635,2.813575,0.460237,-0.679490,-0.238006,-0.383497,-0.034399,0.285289,-2.274310,-0.000738,2.186095,0.919805
65.462083,-0.000000,-0.999964,0.000000,0.000000,-0.000000,-0.000000,1.000000,0.497049,-0.067119,0.223653,0.989665,-0.131818,-0.056233,-0.004983,0.495535,-0.053177,0.221286,0.992465,-0.118635,-0.030237,0.004872,3.124717,0.058896,-0.238440,0.000277,-0.063599,0.000436,0.053374,0.109231,-0.128955,0.252136,-1.158728,2.404389,0.620016,-0.739547,-0.368853,-0.386472,-0.030216,0.281764,-2.268169,-0.000608,2.178530,0.918619
65.511503,-0.027315,-0.999964,0.000000,0.000000,-0.000000,-0.000000,1.000000,0.496939,-0.071119,0.223653,0.989665,-0.131818,-0.056233,-0.004983,0.495828,-0.056589,0.221658,0.992101,-0.121156,-0.032252,0.004102,3.125607,0.063043,-0.243543,0.031965,-0.071088,0.013517,0.035844,-0.033059,-0.121895,-1.021771,-0.907283,0.498790,0.634937,-0.293891,-0.298622,-0.390272,-0.026179,0.278482,-2.261639,-0.000481,2.171876,0.916608
65.562324,-0.175523,-0.731374,0.000000,0.000000,-0.000000,-0.000000,1.000000,0.496237,-0.074044,0.223653,0.989665,-0.131818,-0.056233,-0.004983,0.496025,-0.060297,0.221804,0.991742,-0.123408,-0.034753,0.003262,3.126510,0.068180,-0.248114,0.015983,-0.076803,0.004112,0.032778,0.058596,-0.066741,-1.296026,-1.036440,0.539105,0.643732,-0.405103,-0.372954,-0.394146,-0.021278,0.274702,-2.254536,-0.000559,2.164508,0.913622
65.611522,-0.286679,-0.258925,0.000000,0.000000,-0.000000,-0.000000,1.000000,0.495090,-0.075080,0.223653,0.989665,-0.131818,-0.056233,-0.004983,0.495781,-0.064031,0.221672,0.991391,-0.125413,-0.037548,0.002463,3.127251,0.073898,-0.252197,-0.012151,-0.074105,-0.000684,0.031865,0.158499,-0.045773,-0.615347,-0.817826,2.399040,0.396862,-1.068284,-0.218011,-0.397780,-0.016772,0.270589,-2.248559,-0.000669,2.157291,0.910061
65.662234,-0.286679,0.000000,0.000000,0.000000,-0.000000,-0.000000,1.000000,0.493944,-0.075080,0.223653,0.989665,-0.131818,-0.056233,-0.004983,0.495508,-0.067381,0.221630,0.991059,-0.127297,-0.039933,0.001706,3.128002,0.078800,-0.256028,-0.006026,-0.062765,-0.003295,0.049298,0.104074,-0.100771,0.362960,-1.176112,2.242707,0.561622,-0.572664,-0.351716,-0.400923,-0.013073,0.266747,-2.243424,-0.000585,2.150949,0.906895
65.712334,-0.295942,0.000000,0.000000,0.000000,-0.000000,-0.000000,1.000000,0.492760,-0.075080,0.223653,0.989665,-0.131818,-0.056233,-0.004983,0.495360,-0.069931,0.221628,0.990744,-0.129204,-0.041615,0.000955,3.128904,0.082305,-0.259881,0.009451,-0.048375,0.000427,0.043539,0.006092,-0.117228,-1.010445,-0.266749,1.325912,0.317042,-0.674744,-0.011182,-0.403004,-0.010243,0.263395,-2.239463,-0.000092,2.146343,0.905077
65.762324,-0.907334,0.425659,0.000000,0.000000,-0.000000,-0.000000,1.000000,0.489131,-0.073377,0.223653,0.989665,-0.131818,-0.056233,-0.004983,0.494751,-0.071542,0.221509,0.990487,-0.130396,-0.043962,0.000429,3.129231,0.087086,-0.262329,-0.023187,-0.024446,-0.004424,0.014103,0.158101,-0.008341,-0.522807,-0.771939,2.185666,0.420550,-0.902081,-0.247999,-0.404009,-0.008051,0.260822,-2.236334,0.000156,2.140620,0.903812
65.814288,-0.907334,0.425659,0.000000,0.000000,-0.000000,-0.000000,1.000000,0.485501,-0.071675,0.223653,0.989665,-0.131818,-0.056233,-0.004983,0.494002,-0.072436,0.221596,0.990229,-0.131555,-0.046251,-0.000056,3.129483,0.091742,-0.264716,-0.005259,-0.013035,0.004884,0.025911,0.038264,-0.049039,0.151236,-1.066070,2.004425,0.591271,-0.582036,-0.389266,-0.404618,-0.006906,0.259175,-2.233891,0.000755,2.134687,0.903594
65.862630,-0.916597,0.407097,0.000000,0.000000,-0.555341,-0.000000,1.000000,0.481835,-0.070046,0.223653,0.990032,-0.131849,-0.049362,-0.004068,0.493103,-0.072624,0.221653,0.990022,-0.132330,-0.048432,-0.000564,3.129836,0.096195,-0.266319,-0.010880,-0.000976,0.001649,0.035595,0.059981,-0.034522,-1.671095,-0.402463,1.283557,0.391739,-1.006151,-0.224225,-0.404981,-0.006576,0.258546,-2.232555,0.001753,2.129288,0.903628
65.912769,-0.972175,0.305205,0.000000,0.000000,-0.999964,-0.000000,1.000000,0.477946,-0.068825,0.223653,0.990571,-0.131890,-0.036984,-0.002420,0.491661,-0.072338,0.221644,0.989892,-0.132392,-0.050844,-0.000623,3.129301,0.100996,-0.266530,-0.045975,0.009301,-0.006034,0.009553,0.179408,0.016552,-1.593318,-0.239634,2.238979,0.180429,-1.533135,-0.143849,-0.404945,-0.007610,0.258583,-2.232953,0.002137,2.123856,0.903625
65.962629,-0.981438,0.268153,0.000000,0.000000,-0.999964,-0.000000,1.000000,0.474020,-0.067753,0.223653,0.990956,-0.131909,-0.024599,-0.000771,0.490134,-0.071870,0.221788,0.989840,-0.132273,-0.052157,-0.000416,3.128549,0.103549,-0.266363,-0.028595,0.011961,0.007456,-0.009157,0.011085,0.002002,-1.862237,-0.171650,2.322807,0.141326,-1.860931,-0.143616,-0.404824,-0.010654,0.258979,-2.235691,0.002568,2.121027,0.903627
66.012708,-0.999964,0.119945,0.000000,0.000000,-0.999964,-0.000000,1.000000,0.470021,-0.067273,0.223653,0.991186,-0.131909,-0.012211,0.000878,0.488756,-0.071367,0.222131,0.989861,-0.132187,-0.051983,-0.000012,3.127800,0.103098,-0.266223,-0.011959,0.009208,0.013022,-0.027133,-0.125249,-0.013782,-3.629676,0.300469,0.178519,0.093811,-1.669930,-0.054367,-0.404664,-0.015567,0.259514,-2.240583,0.003177,2.121530,0.903718
66.064426,-0.999964,0.045841,0.000000,0.000000,-0.999964,-0.000000,1.000000,0.466021,-0.067090,0.223653,0.991261,-0.131888,0.000179,0.002526,0.486814,-0.070828,0.222420,0.989912,-0.132038,-0.051379,0.000740,3.126481,0.101700,-0.265972,-0.033027,0.008231,0.014347,-0.047430,-0.072603,0.005664,-5.051405,0.745518,-0.043085,-0.137144,-2.352628,0.057117,-0.404457,-0.022642,0.260104,-2.248293,0.003645,2.123631,0.903811
66.114332,-0.999964,0.027315,0.000000,0.000000,-0.898071,0.110718,1.000000,0.462021,-0.066980,0.223653,0.991013,-0.133223,0.011308,0.004022,0.484378,-0.070357,0.222631,0.989990,-0.131863,-0.050278,0.001871,3.124544,0.099219,-0.265681,-0.073893,0.011663,-0.003568,-0.051689,0.065192,0.026443,-3.406543,0.612416,0.604924,-0.222254,-2.264748,0.106349,-0.404008,-0.031697,0.260421,-2.258667,0.003826,2.127485,0.903925
66.163491,-0.999964,0.000000,0.000000,0.000000,-0.416396,0.138507,1.000000,0.458021,-0.066980,0.223653,0.990709,-0.134915,0.016471,0.004705,0.481612,-0.069981,0.223086,0.990101,-0.131826,-0.048066,0.003277,3.122344,0.094457,-0.265642,-0.088542,0.010293,-0.002662,-0.069136,0.049469,0.024002,-3.490246,0.881902,0.420311,-0.385849,-2.434143,0.229951,-0.403520,-0.043521,0.260551,-2.271889,0.004222,2.133738,0.903962
66.213591,-0.999964,0.000000,0.000000,0.000000,-0.000000,-0.000000,1.000000,0.454021,-0.066980,0.223653,0.990709,-0.134915,0.016471,0.004705,0.478400,-0.069692,0.223243,0.990207,-0.132038,-0.045097,0.004779,3.120134,0.088162,-0.266070,-0.104546,0.011998,-0.011988,-0.077208,0.017092,0.012828,-1.890015,0.927882,3.244337,-0.546548,-3.186911,0.356918,-0.403222,-0.057220,0.260623,-2.288277,0.004981,2.142861,0.903966
66.263591,-0.999964,0.000000,0.000000,0.000000,-0.000000,-0.000000,1.000000,0.450021,-0.066980,0.223653,0.990709,-0.134915,0.016471,0.004705,0.474891,-0.069409,0.223605,0.990299,-0.132469,-0.041460,0.006340,3.117973,0.080523,-0.266905,-0.122056,0.013151,-0.019309,-0.072412,0.055603,0.006265,-1.424848,0.603867,0.597041,-0.234377,-1.720102,0.236121,-0.402984,-0.072978,0.260686,-2.306542,0.006267,2.153200,0.903948
66.314302,-0.999964,0.000000,0.000000,0.000000,-0.000000,-0.000000,1.000000,0.446021,-0.066980,0.223653,0.990709,-0.134915,0.016471,0.004705,0.471103,-0.069081,0.223591,0.990351,-0.133140,-0.037661,0.007716,3.116212,0.072604,-0.268194,-0.119936,0.009655,-0.016197,-0.070219,0.047510,0.000810,-3.591198,1.090821,1.033805,-0.447528,-2.831766,0.336960,-0.402761,-0.089258,0.260692,-2.326349,0.008186,2.164886,0.903909
66.364390,-0.999964,0.000000,0.000000,0.000000,-0.000000,-0.000000,1.000000,0.442022,-0.066980,0.223653,0.990709,-0.134915,0.016471,0.004705,0.467050,-0.068761,0.223559,0.990354,-0.134011,-0.034060,0.008962,3.114653,0.065107,-0.269875,-0.115817,0.005573,-0.018792,-0.063731,0.027643,-0.007253,-2.107475,0.972163,2.436068,-0.414111,-2.795225,0.399516,-0.402645,-0.106040,0.260673,-2.346503,0.010582,2.176023,0.903781
66.414321,-0.999964,0.000000,0.000000,0.000000,-0.000000,-0.000000,1.000000,0.438022,-0.066980,0.223653,0.990709,-0.134915,0.016471,0.004705,0.462953,-0.068437,0.223658,0.990333,-0.134904,-0.030660,0.010054,3.113355,0.058048,-0.271594,-0.128155,0.006637,-0.033802,-0.041366,0.055522,-0.023890,-1.402398,0.605036,1.559500,-0.162026,-2.049850,0.330770,-0.402545,-0.122914,0.260616,-2.366106,0.013378,2.186102,0.903341
66.465317,-0.999964,-0.166296,0.000000,0.000000,-0.000000,-0.000000,1.000000,0.434022,-0.067646,0.223653,0.990709,-0.134915,0.016471,0.004705,0.458841,-0.068113,0.223615,0.990297,-0.135823,-0.027306,0.010910,3.112525,0.051141,-0.273350,-0.122892,0.008889,-0.020911,-0.038354,0.048218,0.003128,-2.566496,0.446203,-1.354897,0.086195,-1.206539,0.229375,-0.402459,-0.139601,0.260467,-2.385690,0.016697,2.196232,0.902471
66.514552,-0.796178,-0.240400,0.000000,0.000000,-0.000000,-0.000000,1.000000,0.430837,-0.068607,0.223653,0.990709,-0.134915,0.016471,0.004705,0.454860,-0.067973,0.223549,0.990258,-0.136705,-0.023679,0.011823,3.111671,0.043678,-0.275019,-0.099359,0.002617,-0.001089,-0.050030,-0.034563,-0.000416,-5.102037,0.880365,-1.331932,-0.098640,-2.272492,0.285296,-0.402458,-0.156187,0.260186,-2.405160,0.019841,2.206884,0.901354
66.564463,-0.453448,-0.082929,0.000000,0.000000,-0.000000,-0.000000,1.000000,0.429023,-0.068939,0.223653,0.990709,-0.134915,0.016471,0.004705,0.450589,-0.068016,0.223322,0.990208,-0.137519,-0.020268,0.012880,3.110485,0.036604,-0.276562,-0.084715,-0.005517,0.004458,-0.071780,-0.114065,-0.009628,-3.920862,0.217134,-1.082539,0.201975,-1.854879,0.072025,-0.402480,-0.173066,0.259653,-2.425132,0.022665,2.217315,0.899942
66.614440,-0.000000,0.000000,0.000000,0.000000,-0.000000,-0.000000,1.000000,0.429023,-0.068939,0.223653,0.990709,-0.134915,0.016471,0.004705,0.446835,-0.068234,0.223383,0.990152,-0.138247,-0.017115,0.013890,3.109334,0.030056,-0.277935,-0.083470,-0.004903,-0.004676,-0.063108,-0.089788,0.007511,-3.962476,0.218386,-1.285569,0.235196,-1.763746,0.077762,-0.402492,-0.188471,0.258884,-2.442456,0.025049,2.225997,0.898435
66.665303,-0.000000,0.000000,0.000000,0.000000,-0.000000,-0.000000,1.000000,0.429023,-0.068939,0.223653,0.990709,-0.134915,0.016471,0.004705,0.443604,-0.068382,0.223536,0.990095,-0.138940,-0.013905,0.014602,3.108799,0.023480,-0.279224,-0.058280,-0.004345,0.019464,-0.038448,-0.114780,-0.006995,-5.401197,0.242611,-2.647667,0.341581,-1.786669,-0.001319,-0.402533,-0.202596,0.258240,-2.458050,0.027814,2.234287,0.896747
66.716378,-0.000000,0.000000,0.000000,0.000000,-0.000000,-0.000000,1.000000,0.429023,-0.068939,0.223653,0.990709,-0.134915,0.016471,0.004705,0.440983,-0.068421,0.223568,0.990046,-0.139535,-0.010934,0.014838,3.109151,0.017511,-0.280316,-0.039735,-0.004494,0.008568,-0.035581,-0.169934,-0.003253,-4.365136,-0.214796,-2.864156,0.567014,-1.254283,-0.125055,-0.402547,-0.214450,0.257650,-2.471428,0.031082,2.242057,0.894697
66.765584,-0.000000,0.000000,0.000000,0.000000,-0.000000,-0.000000,1.000000,0.429023,-0.068939,0.223653,0.990709,-0.134915,0.016471,0.004705,0.439040,-0.068437,0.223744,0.989987,-0.140151,-0.007839,0.014887,3.109912,0.011348,-0.281448,-0.026587,-0.003321,0.017994,-0.017726,-0.157675,-0.013103,-5.306974,0.114016,-2.709390,0.412794,-1.741193,-0.035762,-0.402598,-0.224668,0.257205,-2.482704,0.034371,2.249549,0.892857
66.816317,-0.000000,0.000000,0.000000,0.000000,-0.000000,-0.000000,1.000000,0.429023,-0.068939,0.223653,0.990709,-0.134915,0.016471,0.004705,0.437465,-0.068452,0.223726,0.989952,-0.140539,-0.005201,0.014722,3.110977,0.006160,-0.282140,-0.020637,-0.003934,0.006815,-0.019771,-0.142352,0.012965,-5.939600,0.417060,-1.378204,0.201180,-2.597452,0.062369,-0.402637,-0.232856,0.256718,-2.492232,0.037544,2.256335,0.890668
66.866394,-0.000000,0.000000,0.000000,0.000000,-0.000000,-0.000000,1.000000,0.429023,-0.068939,0.223653,0.990709,-0.134915,0.016471,0.004705,0.436341,-0.068548,0.223744,0.989939,-0.140703,-0.002778,0.014664,3.111774,0.001373,-0.282396,-0.017751,-0.005274,0.005275,-0.029390,-0.100206,0.033478,-4.908562,-0.091408,-1.950710,0.447215,-1.915845,-0.092090,-0.402687,-0.239412,0.256281,-2.499906,0.039929,2.262442,0.888650
66.916281,-0.000000,0.000000,0.000000,0.000000,-0.000000,-0.000000,1.000000,0.429023,-0.068939,0.223653,0.990709,-0.134915,0.016471,0.004705,0.435492,-0.068620,0.223816,0.989904,-0.140983,-0.000680,0.014631,3.112430,-0.002779,-0.282899,-0.014659,-0.001771,0.005935,-0.020123,-0.060869,0.028068,-5.912806,0.351649,-0.891677,0.196386,-2.794092,0.028932,-0.402695,-0.244798,0.255942,-2.506082,0.041880,2.267535,0.887339
66.966356,-0.000000,0.000000,0.000000,0.000000,-0.000000,-0.000000,1.000000,0.429023,-0.068939,0.223653,0.990709,-0.134915,0.016471,0.004705,0.434632,-0.068678,0.223658,0.989874,-0.141184,0.000891,0.014666,3.112805,-0.005906,-0.283260,-0.031249,0.001250,-0.006627,-0.011646,0.027769,0.028476,-4.807408,0.225123,-0.256347,0.191344,-2.605792,0.046715,-0.402669,-0.249171,0.255666,-2.511650,0.043319,2.271962,0.886318
67.020847,-0.000000,0.000000,0.000000,0.000000,-0.000000,-0.000000,1.000000,0.429023,-0.068939,0.223653,0.990709,-0.134915,0.016471,0.004705,0.434004,-0.068702,0.223548,0.989854,-0.141306,0.002151,0.014710,3.113073,-0.008416,-0.283472,-0.037660,0.001384,-0.014634,-0.001361,0.089141,0.025275,-4.703579,0.280253,1.397308,0.087436,-3.289629,0.078006,-0.402643,-0.252528,0.255524,-2.515912,0.044412,2.275457,0.885547
67.066451,-0.000000,0.000000,0.000000,0.000000,-0.000000,-0.000000,1.000000,0.429023,-0.068939,0.223653,0.990709,-0.134915,0.016471,0.004705,0.433702,-0.068732,0.223637,0.989826,-0.141481,0.003361,0.014682,3.113473,-0.010808,-0.283795,-0.024930,0.000472,-0.005717,0.001925,0.033667,0.000407,-4.503113,0.382473,2.387839,0.014746,-3.624310,0.130190,-0.402647,-0.255139,0.255401,-2.518832,0.045436,2.278234,0.884979
67.117175,-0.000000,-0.666533,0.000000,0.000000,-0.000000,-0.000000,1.000000,0.429023,-0.071605,0.223653,0.990709,-0.134915,0.016471,0.004705,0.433549,-0.068728,0.223730,0.989799,-0.141656,0.004559,0.014508,3.114158,-0.013136,-0.284121,-0.009355,0.001699,0.001272,0.012803,-0.040170,-0.026394,-4.124576,0.173977,1.688867,0.213839,-3.152869,0.078938,-0.402623,-0.257292,0.255254,-2.521284,0.046690,2.280951,0.884293
67.167272,-0.000000,-0.851792,0.000000,0.000000,-0.000000,-0.000000,1.000000,0.429023,-0.075012,0.223653,0.990709,-0.134915,0.016471,0.004705,0.433594,-0.068999,0.223861,0.989765,-0.141855,0.006025,0.014356,3.114877,-0.016001,-0.284491,0.013289,-0.013878,0.012710,-0.013950,-0.163923,-0.041280,-4.378450,0.210439,-0.002488,0.318444,-2.509384,0.083435,-0.402723,-0.259076,0.254692,-2.523441,0.047676,2.284261,0.883329
67.217344,-0.000000,-0.824003,0.000000,0.000000,-0.000000,-0.000000,1.000000,0.429023,-0.078308,0.223653,0.990709,-0.134915,0.016471,0.004705,0.433596,-0.069902,0.223860,0.989732,-0.142019,0.007458,0.014325,3.115348,-0.018833,-0.284791,0.020490,-0.023291,0.010874,-0.029765,-0.192361,0.000903,-4.764478,0.110393,-1.558097,0.396477,-1.991245,0.034860,-0.403253,-0.260376,0.253233,-2.525573,0.047939,2.287950,0.881477
67.266510,-0.000000,-0.305240,0.000000,0.000000,-0.000000,-0.000000,1.000000,0.429023,-0.079529,0.223653,0.990709,-0.134915,0.016471,0.004705,0.433383,-0.071481,0.223727,0.989730,-0.141992,0.008417,0.014215,3.115837,-0.020699,-0.284719,0.001882,-0.033584,0.001523,-0.012028,-0.050326,0.054698,-4.905805,-0.737083,-1.281538,0.618954,-2.138561,-0.339435,-0.404368,-0.261124,0.250694,-2.527387,0.047871,2.290897,0.877833
67.317267,-0.000000,0.000000,0.000000,0.000000,-0.000000,-0.000000,1.000000,0.429023,-0.079529,0.223653,0.990709,-0.134915,0.016471,0.004705,0.432953,-0.073516,0.223528,0.989718,-0.142096,0.008663,0.013877,3.116578,-0.021094,-0.284931,-0.023301,-0.043071,-0.010382,0.027645,0.069496,-0.010486,-4.259104,-0.917055,0.770183,0.481245,-2.752921,-0.403776,-0.405838,-0.261228,0.247201,-2.528444,0.047820,2.292250,0.873186
67.367251,-0.000000,0.000000,0.000000,0.000000,-0.000000,-0.000000,1.000000,0.429023,-0.079529,0.223653,0.990709,-0.134915,0.016471,0.004705,0.433009,-0.075440,0.223600,0.989678,-0.142376,0.009628,0.013203,3.118192,-0.022819,-0.285495,0.010717,-0.044526,0.005938,0.054031,-0.109926,-0.123922,-4.003517,0.330985,-0.213517,0.097816,-2.255155,0.107178,-0.406894,-0.261182,0.243419,-2.528947,0.048612,2.294560,0.868519
67.417503,-0.000000,0.000000,0.000000,0.000000,-0.000000,-0.000000,1.000000,0.429023,-0.079529,0.223653,0.990709,-0.134915,0.016471,0.004705,0.432924,-0.076716,0.223519,0.989694,-0.142315,0.009932,0.012388,3.119891,-0.023187,-0.285384,-0.012836,-0.010364,-0.007725,0.022357,0.064683,0.082165,-4.017678,0.449637,-0.389545,-0.000093,-2.155242,0.129653,-0.407606,-0.260848,0.240592,-2.529181,0.049899,2.295565,0.864100
67.467512,-0.000000,0.000000,0.000000,0.000000,-0.000000,-0.000000,1.000000,0.429023,-0.079529,0.223653,0.990709,-0.134915,0.016471,0.004705,0.432734,-0.077621,0.223353,0.989773,-0.141823,0.009985,0.011702,3.121253,-0.023086,-0.284404,-0.021504,-0.018274,-0.011903,0.020971,0.076140,0.044099,-3.398044,-1.529427,1.592895,0.647468,-2.735621,-0.672679,-0.408132,-0.260613,0.238487,-2.529576,0.051071,2.296167,0.859759
67.521198,-0.000000,0.000000,0.000000,0.000000,-0.000000,-0.000000,1.000000,0.429023,-0.079529,0.223653,0.990709,-0.134915,0.016471,0.004705,0.432804,-0.078366,0.223373,0.989740,-0.142070,0.010708,0.010788,3.123274,-0.024265,-0.284915,0.002011,-0.019435,0.003039,0.055084,-0.081055,-0.104919,-3.272161,0.701967,0.776221,-0.111398,-2.323869,0.262242,-0.408569,-0.260801,0.236561,-2.530170,0.053131,2.297840,0.856588
67.567438,-0.000000,0.000000,-0.791321,0.000000,-0.000000,-0.000000,1.000000,0.429023,-0.079529,0.220487,0.990709,-0.134915,0.016471,0.004705,0.433057,-0.078726,0.223456,0.989796,-0.141659,0.011625,0.010095,3.124896,-0.025875,-0.284092,0.014189,-0.000328,0.004632,0.007693,-0.071736,0.060361,-4.090694,0.129436,-1.060424,0.228283,-1.837951,-0.051451,-0.408659,-0.261023,0.235393,-2.530683,0.054900,2.299834,0.853368
67.618429,-0.000000,0.000000,-0.980286,0.000000,-0.000000,-0.000000,1.000000,0.429023,-0.079529,0.216566,0.990709,-0.134915,0.016471,0.004705,0.432753,-0.078928,0.223081,0.989903,-0.140969,0.011318,0.009574,3.125824,-0.025110,-0.282713,-0.017153,-0.000967,-0.016842,0.002056,0.073919,0.101354,-3.539433,-1.044805,0.297646,0.548263,-2.215520,-0.493832,-0.408790,-0.260776,0.234584,-2.531392,0.055982,2.300083,0.850311
67.668548,-0.000000,0.000000,-0.992096,0.000000,-0.000000,-0.000000,1.000000,0.429023,-0.079529,0.212598,0.990709,-0.134915,0.016471,0.004705,0.432656,-0.079165,0.222342,0.989922,-0.140859,0.011577,0.008877,3.127274,-0.025424,-0.282507,0.004445,-0.015831,-0.016694,0.054439,-0.073337,-0.104028,-3.524808,-0.065773,-0.566634,0.246720,-1.945134,-0.095914,-0.409034,-0.259940,0.233817,-2.532874,0.057539,2.302774,0.848028
67.718692,-0.000000,0.000000,-0.999969,0.000000,-0.000000,-0.000000,1.000000,0.429023,-0.079529,0.208598,0.990709,-0.134915,0.016471,0.004705,0.432379,-0.079180,0.220837,0.989991,-0.140413,0.011555,0.008243,3.128512,-0.025195,-0.281621,-0.011204,0.011135,-0.036660,0.006820,0.048113,0.107024,-3.660107,0.681750,-1.441558,-0.125035,-1.703235,0.193916,-0.409105,-0.258131,0.233458,-2.535462,0.058824,2.306983,0.845765
67.768689,-0.000000,0.000000,-0.921234,0.000000,-0.000000,-0.000000,1.000000,0.429023,-0.079529,0.204913,0.990709,-0.134915,0.016471,0.004705,0.431777,-0.079188,0.218656,0.990094,-0.139748,0.011115,0.007792,3.129267,-0.024191,-0.280291,-0.018291,-0.008653,-0.048588,0.024849,0.027383,-0.020394,-2.597376,-1.521123,-0.434053,0.646438,-1.765043,-0.659027,-0.409228,-0.255627,0.233275,-2.539122,0.059479,2.312153,0.843545
67.823859,-0.000000,0.000000,0.000000,0.000000,-0.000000,-0.000000,1.000000,0.429023,-0.079529,0.204913,0.990709,-0.134915,0.016471,0.004705,0.431621,-0.079328,0.216362,0.990080,-0.139834,0.011705,0.007119,3.130765,-0.025171,-0.280478,0.016307,-0.005080,-0.037701,0.018474,-0.141639,-0.024028,-2.820728,1.513683,-2.375302,-0.368061,-1.055542,0.583901,-0.409390,-0.252661,0.232868,-2.543239,0.060794,2.320228,0.842135
67.869483,-0.000000,0.000000,0.000000,0.000000,-0.000000,-0.000000,1.000000,0.429023,-0.079529,0.204913,0.990709,-0.134915,0.016471,0.004705,0.431459,-0.079237,0.213697,0.990230,-0.138775,0.011792,0.006880,3.131236,-0.025265,-0.278344,-0.003892,0.004208,-0.052721,-0.010855,0.020763,0.090589,-3.486100,-1.485185,-2.401631,0.693931,-1.288613,-0.722281,-0.409229,-0.248556,0.233011,-2.547059,0.060721,2.328224,0.840214
67.919548,-0.000000,0.000000,0.000000,0.000000,-0.000000,-0.000000,1.000000,0.429023,-0.079529,0.204913,0.990709,-0.134915,0.016471,0.004705,0.431158,-0.079410,0.211416,0.990240,-0.138759,0.011404,0.006391,3.132098,-0.024362,-0.278325,-0.012153,-0.002760,-0.042521,0.036901,0.057299,-0.005673,-2.499376,1.187666,-1.313515,-0.385120,-1.390718,0.472297,-0.409489,-0.244735,0.232663,-2.549798,0.061069,2.333851,0.839252
67.969532,0.490536,-0.203348,0.000000,0.000000,-0.000000,-0.000000,1.000000,0.430986,-0.080343,0.204913,0.990709,-0.134915,0.016471,0.004705,0.431286,-0.079440,0.209908,0.990336,-0.138050,0.011728,0.006229,3.132490,-0.024952,-0.276896,0.015071,-0.015961,-0.015442,0.006452,-0.121294,-0.067751,-2.943943,-0.948039,-1.445061,0.461561,-1.504056,-0.453349,-0.409424,-0.241950,0.232639,-2.551678,0.061006,2.339088,0.837846
68.019599,0.888844,-0.425695,0.000000,0.000000,-0.000000,-0.000000,1.000000,0.434541,-0.082045,0.204913,0.990709,-0.134915,0.016471,0.004705,0.431601,-0.079576,0.208830,0.990367,-0.137752,0.012717,0.005995,3.133218,-0.026844,-0.276297,0.024248,0.008778,-0.014938,-0.036375,-0.134945,0.096057,-3.437145,0.961140,-2.858225,-0.149527,-0.986056,0.299709,-0.409447,-0.240089,0.232446,-2.553578,0.061486,2.344740,0.836646
68.070412,0.888844,-0.425695,0.000000,0.000000,-0.000000,-0.000000,1.000000,0.438096,-0.083748,0.204913,0.990709,-0.134915,0.016471,0.004705,0.431880,-0.079859,0.207966,0.990433,-0.137218,0.013380,0.005972,3.133431,-0.028147,-0.275219,0.001705,-0.019164,-0.010344,0.017414,-0.009792,-0.056918,-2.615294,-1.325223,-1.435642,0.585135,-1.239500,-0.584684,-0.409709,-0.238259,0.232262,-2.554712,0.061287,2.348989,0.835234
68.120414,0.879581,-0.425695,0.000000,0.000000,-0.000000,-0.000000,1.000000,0.441615,-0.085451,0.204913,0.990709,-0.134915,0.016471,0.004705,0.432728,-0.080417,0.207657,0.990460,-0.136924,0.014420,0.005815,3.134019,-0.030161,-0.274630,0.010042,0.001837,-0.014918,-0.018720,0.026575,0.123236,-1.537687,0.341974,-1.706792,-0.072004,-0.752694,0.206880,-0.410203,-0.235992,0.231718,-2.553986,0.061235,2.352526,0.833713
68.170403,0.333029,-0.184822,0.000000,0.000000,-0.000000,-0.000000,1.000000,0.442947,-0.086190,0.204913,0.990709,-0.134915,0.016471,0.004705,0.434112,-0.081293,0.207397,0.990469,-0.136707,0.015814,0.005665,3.134691,-0.032881,-0.274198,0.031909,-0.034686,-0.000331,0.024997,-0.112646,-0.118345,-1.880463,-1.305782,-0.324589,0.461777,-1.395489,-0.528324,-0.410976,-0.232413,0.230926,-2.552019,0.060789,2.356814,0.832162
68.221544,-0.000000,0.000000,0.000000,0.000000,-0.000000,-0.000000,1.000000,0.442947,-0.086190,0.204913,0.990709,-0.134915,0.016471,0.004705,0.436094,-0.082385,0.207278,0.990448,-0.136641,0.017730,0.005259,3.136016,-0.036567,-0.274086,0.050408,-0.009455,0.001139,-0.025657,-0.129643,0.089264,-1.958186,0.653040,-2.245166,-0.174325,-0.471890,0.282434,-0.412095,-0.227751,0.230011,-2.548830,0.060841,2.361936,0.830163
68.270668,-0.000000,0.000000,0.000000,0.000000,-0.000000,-0.000000,1.000000,0.442947,-0.086190,0.204913,0.990709,-0.134915,0.016471,0.004705,0.437469,-0.083266,0.206773,0.990507,-0.136168,0.018203,0.004861,3.136916,-0.037393,-0.273146,0.019786,-0.025185,-0.012383,0.031993,0.005145,-0.043945,-1.435979,-1.931930,-0.256645,0.588303,-1.076920,-0.766697,-0.413268,-0.222655,0.229423,-2.545492,0.060505,2.364474,0.827859
68.320547,-0.000000,0.000000,0.000000,0.000000,-0.000000,-0.000000,1.000000,0.442947,-0.086190,0.204913,0.990709,-0.134915,0.016471,0.004705,0.438912,-0.084109,0.206462,0.990470,-0.136347,0.018987,0.004278,3.138294,-0.038788,-0.273534,0.019390,-0.009522,-0.009956,0.015571,0.006171,0.035418,-1.235938,1.270837,-1.289411,-0.524233,-0.603571,0.599401,-0.414466,-0.218096,0.228841,-2.542261,0.060904,2.367169,0.826330
68.371380,-0.000000,0.000000,0.000000,0.000000,-0.000000,-0.000000,1.000000,0.442947,-0.086190,0.204913,0.990709,-0.134915,0.016471,0.004705,0.439845,-0.084494,0.206023,0.990581,-0.135507,0.019261,0.004105,3.138678,-0.039281,-0.271846,0.014970,-0.008301,-0.009265,-0.012786,-0.021505,0.044085,-1.393076,-2.297915,0.189356,0.670325,-1.281544,-0.941951,-0.414904,-0.214551,0.228651,-2.540137,0.060447,2.369046,0.824428
68.420686,-0.000000,0.000000,0.000000,0.000000,-0.000000,-0.000000,1.000000,0.442947,-0.086190,0.204913,0.990709,-0.134915,0.016471,0.004705,0.440813,-0.085033,0.205908,0.990513,-0.135887,0.020130,0.003640,3.139850,-0.040878,-0.272639,0.020455,-0.008427,0.001323,0.021787,-0.048186,-0.015962,-1.423184,1.325927,-1.452806,-0.466729,-0.503548,0.584687,-0.415353,-0.212057,0.227930,-2.538455,0.061094,2.371437,0.823664
68.471320,-0.000000,0.000000,0.000000,0.000000,-0.000000,-0.000000,1.000000,0.442947,-0.086190,0.204913,0.990709,-0.134915,0.016471,0.004705,0.441274,-0.085079,0.205558,0.990653,-0.134888,0.019977,0.003634,3.139780,-0.040573,-0.270620,0.003262,0.004020,-0.010674,-0.024330,0.039794,0.096678,-1.278148,-2.054592,0.137137,0.591137,-1.106943,-0.851337,-0.415278,-0.209821,0.227919,-2.537136,0.060460,2.372016,0.822213
68.521595,-0.000000,0.000000,0.000000,0.000000,-0.000000,-0.000000,1.000000,0.442947,-0.086190,0.204913,0.990709,-0.134915,0.016471,0.004705,0.441978,-0.085454,0.205499,0.990569,-0.135426,0.020570,0.003250,3.140725,-0.041645,-0.271729,0.016276,-0.016968,0.003448,0.048218,-0.055388,-0.115008,-1.468514,1.077831,-0.818275,-0.409128,-0.763903,0.458716,-0.415607,-0.208019,0.227406,-2.535819,0.061045,2.373561,0.822114
68.571430,-0.000000,0.000000,0.000000,0.000000,-0.000000,-0.000000,1.000000,0.442947,-0.086190,0.204913,0.990709,-0.134915,0.016471,0.004705,0.442298,-0.085387,0.205275,0.990698,-0.134492,0.020436,0.003293,3.140564,-0.041390,-0.269838,0.004844,0.012544,-0.007217,-0.044451,0.029465,0.153434,-1.302594,-1.259808,-0.363218,0.313154,-0.908858,-0.526278,-0.415410,-0.206540,0.227504,-2.534895,0.060510,2.373841,0.820934
68.621564,0.444221,0.000000,0.000000,0.000000,-0.000000,-0.000000,1.000000,0.444724,-0.086190,0.204913,0.990709,-0.134915,0.016471,0.004705,0.442642,-0.085651,0.205289,0.990629,-0.134962,0.020756,0.003039,3.141173,-0.041956,-0.270801,0.006889,-0.018414,0.005511,0.048951,-0.037982,-0.141234,-1.339852,0.521194,-0.596309,-0.237934,-0.824191,0.232221,-0.415654,-0.205714,0.227109,-2.534198,0.060965,2.374529,0.820961
68.671500,0.999964,0.000000,0.000000,0.000000,-0.000000,-0.000000,1.000000,0.448724,-0.086190,0.204913,0.990709,-0.134915,0.016471,0.004705,0.442920,-0.085520,0.205274,0.990748,-0.134067,0.020842,0.003158,3.140922,-0.042157,-0.268989,0.006513,0.017296,-0.003448,-0.050268,0.015482,0.166021,-1.369838,-0.911722,-0.319310,0.173456,-0.967094,-0.385887,-0.415387,-0.205050,0.227310,-2.533611,0.060525,2.374799,0.819954
68.722411,0.999964,0.000000,0.000000,0.000000,-0.000000,-0.000000,1.000000,0.452723,-0.086190,0.204913,0.990709,-0.134915,0.016471,0.004705,0.443625,-0.085673,0.205521,0.990682,-0.134431,0.021669,0.002970,3.141534,-0.043746,-0.269743,0.019123,-0.017110,0.011955,0.043811,-0.070583,-0.149830,-1.333242,0.326033,-0.610262,-0.181636,-0.851022,0.145175,-0.415482,-0.204239,0.227180,-2.532521,0.060978,2.376112,0.820199
68.771637,0.842529,0.000000,0.000000,0.000000,-0.000000,-0.000000,1.000000,0.456093,-0.086190,0.204913,0.990709,-0.134915,0.016471,0.004705,0.444738,-0.085435,0.205755,0.990791,-0.133494,0.022445,0.003024,-3.141591,-0.045300,-0.267856,0.021417,0.021732,-0.002462,-0.049250,0.012954,0.185797,-1.062406,-0.457197,-0.600311,0.001431,-0.775617,-0.175536,-0.415040,-0.202400,0.227679,-2.530369,0.060578,2.377348,0.819616
68.821530,0.175559,0.000000,0.000000,0.000000,-0.000000,-0.000000,1.000000,0.456796,-0.086190,0.204913,0.990709,-0.134915,0.016471,0.004705,0.446522,-0.085505,0.206137,0.990726,-0.133738,0.023862,0.002692,-3.140544,-0.048019,-0.268382,0.044265,-0.019895,0.015768,0.048625,-0.119867,-0.161612,-1.616048,0.550289,-0.773175,-0.285949,-0.913130,0.192398,-0.414999,-0.199344,0.227875,-2.526891,0.060943,2.379643,0.820234
68.871639,-0.000000,0.000000,0.000000,0.000000,-0.000000,-0.000000,1.000000,0.456796,-0.086190,0.204913,0.990709,-0.134915,0.016471,0.004705,0.448340,-0.085295,0.206086,0.990837,-0.132814,0.024420,0.002443,-3.139946,-0.049062,-0.266536,0.020390,0.021977,-0.016540,-0.016343,0.106948,0.190102,-1.278029,0.050143,-0.642016,-0.234582,-0.738919,-0.003381,-0.414655,-0.194601,0.228448,-2.522434,0.060456,2.380941,0.819798
68.922295,-0.000000,0.000000,0.000000,0.000000,-0.000000,-0.000000,1.000000,0.456796,-0.086190,0.204913,0.990709,-0.134915,0.016471,0.004705,0.450091,-0.085445,0.205860,0.990827,-0.132878,0.024510,0.001876,-3.138793,-0.049088,-0.266695,0.021208,-0.019755,-0.008360,0.076602,0.040676,-0.141819,-0.541257,-0.103384,1.445278,-0.276596,-1.266472,-0.012958,-0.414871,-0.188973,0.228552,-2.517287,0.060343,2.381407,0.820087
68.971713,-0.000000,0.000000,0.000000,0.000000,-0.000000,-0.000000,1.000000,0.456796,-0.086190,0.204913,0.990709,-0.134915,0.016471,0.004705,0.451874,-0.085492,0.205727,0.990882,-0.132395,0.024941,0.001412,-3.137783,-0.049821,-0.265748,0.031431,0.015610,-0.010453,-0.013768,0.000830,0.141455,-1.570513,1.000300,0.242377,-0.654992,-1.104870,0.380584,-0.414785,-0.183882,0.228661,-2.512602,0.060214,2.382507,0.819567
69.022513,-0.000000,0.000000,0.000000,0.000000,-0.000000,-0.000000,1.000000,0.456796,-0.086190,0.204913,0.990709,-0.134915,0.016471,0.004705,0.453026,-0.085659,0.205413,0.990889,-0.132357,0.024876,0.000955,-3.136895,-0.049571,-0.265692,0.020600,-0.020690,-0.002645,0.053972,-0.030212,-0.141461,-1.339512,-0.557700,0.160400,-0.045386,-1.074842,-0.266292,-0.414900,-0.179697,0.228508,-2.509104,0.060170,2.382905,0.819374
69.073180,-0.000000,0.000000,0.000000,0.000000,-0.000000,-0.000000,1.000000,0.456796,-0.086190,0.204913,0.990709,-0.134915,0.016471,0.004705,0.453854,-0.085696,0.205200,0.990930,-0.132075,0.024775,0.000648,-3.136327,-0.049291,-0.265136,0.012137,0.014667,-0.008067,-0.025144,0.041411,0.144609,-0.888336,0.929646,-0.634263,-0.591420,-0.567176,0.427787,-0.414853,-0.176711,0.228458,-2.506531,0.060084,2.383009,0.818949
69.122615,-0.138471,0.000000,0.000000,0.000000,-0.000000,-0.000000,1.000000,0.456242,-0.086190,0.204913,0.990709,-0.134915,0.016471,0.004705,0.454533,-0.085774,0.205167,0.990945,-0.131947,0.024842,0.000484,-3.135989,-0.049382,-0.264885,0.015954,-0.017231,0.005160,0.033763,-0.051593,-0.122897,-1.348823,-0.951437,0.028232,0.117448,-0.995240,-0.435050,-0.414921,-0.174675,0.228478,-2.504516,0.059930,2.383101,0.818819
69.172621,-0.999964,0.000000,0.000000,0.000000,-0.000000,-0.000000,1.000000,0.452242,-0.086190,0.204913,0.990709,-0.134915,0.016471,0.004705,0.454967,-0.085793,0.205129,0.990952,-0.131921,0.024737,0.000270,-3.135594,-0.049117,-0.264842,0.001443,0.014403,-0.006431,-0.015999,0.057983,0.117606,-1.280027,1.322234,-0.280255,-0.745245,-0.744343,0.565746,-0.414918,-0.173183,0.228432,-2.502987,0.060020,2.382787,0.818713
69.223384,-0.999964,-0.018088,0.000000,0.000000,-0.000000,-0.000000,1.000000,0.448242,-0.086263,0.204913,0.990709,-0.134915,0.016471,0.004705,0.454969,-0.085828,0.204918,0.991000,-0.131647,0.024251,0.000292,-3.135780,-0.048162,-0.264280,0.000423,-0.015050,-0.002338,0.013463,-0.026810,-0.088691,-1.204623,-1.411380,0.544226,0.241473,-1.027260,-0.637518,-0.414972,-0.172233,0.228426,-2.502326,0.059545,2.382098,0.818456
69.272551,-0.999964,-0.018088,0.000000,0.000000,-0.000000,-0.000000,1.000000,0.444242,-0.086335,0.204913,0.990709,-0.134915,0.016471,0.004705,0.454566,-0.085987,0.204646,0.990979,-0.131901,0.023720,0.000168,-3.135661,-0.047074,-0.264787,-0.010646,0.008836,-0.008067,-0.015880,0.048774,0.089506,-2.196590,1.337095,-0.284344,-0.724194,-0.908800,0.492661,-0.415150,-0.172216,0.228043,-2.502815,0.059706,2.381508,0.818274
69.323358,-0.999964,-0.018088,0.000000,0.000000,-0.000000,-0.000000,1.000000,0.440242,-0.086407,0.204913,0.990709,-0.134915,0.016471,0.004705,0.453251,-0.086110,0.204191,0.991036,-0.131736,0.022196,0.000332,-3.136397,-0.044095,-0.264420,-0.034451,-0.014904,-0.007905,0.012491,0.075779,-0.066679,-1.843266,-1.323810,1.458125,0.156112,-1.446665,-0.631804,-0.415426,-0.173472,0.227704,-2.504622,0.059206,2.379061,0.817616
69.372737,-0.999964,-0.018088,0.000000,0.000000,-0.000000,-0.000000,1.000000,0.436243,-0.086480,0.204913,0.990709,-0.134915,0.016471,0.004705,0.451822,-0.086388,0.204025,0.990982,-0.132290,0.021291,0.000335,-3.136619,-0.042300,-0.265523,-0.030699,-0.000487,-0.003066,0.000936,0.044829,0.013130,-3.034915,1.861161,0.881855,-0.903265,-1.493428,0.667534,-0.415861,-0.176173,0.227033,-2.507461,0.059688,2.377416,0.817194
69.422900,-0.999964,-0.018088,0.000000,0.000000,-0.000000,-0.000000,1.000000,0.432243,-0.086552,0.204913,0.990709,-0.134915,0.016471,0.004705,0.449761,-0.086450,0.203599,0.991061,-0.131922,0.019847,0.000762,-3.137863,-0.039551,-0.264742,-0.042769,-0.003661,-0.009222,-0.013536,0.054212,-0.005021,-3.022681,-1.589163,1.814210,0.303550,-1.804451,-0.825566,-0.416069,-0.179809,0.226680,-2.511749,0.059222,2.375318,0.816065
69.473499,-0.999964,-0.008825,0.000000,0.000000,-0.000000,-0.000000,1.000000,0.428243,-0.086587,0.204913,0.990709,-0.134915,0.016471,0.004705,0.447488,-0.086763,0.203334,0.990975,-0.132734,0.018698,0.000905,-3.138420,-0.037307,-0.266360,-0.046634,-0.004275,-0.002815,0.011257,0.055603,-0.032363,-3.238398,1.709451,1.072654,-0.778076,-1.530426,0.596245,-0.416535,-0.184515,0.225760,-2.516852,0.059804,2.373495,0.815728
69.523452,-0.638708,-0.008825,0.000000,0.000000,-0.000000,-0.000000,1.000000,0.425688,-0.086623,0.204913,0.990709,-0.134915,0.016471,0.004705,0.444547,-0.086738,0.202952,0.991059,-0.132364,0.016701,0.001478,-3.140100,-0.033501,-0.265570,-0.077038,0.003288,-0.015692,-0.018858,0.163460,0.046951,-3.232296,-1.518857,3.306823,0.180665,-2.553976,-0.799816,-0.416569,-0.190262,0.225193,-2.522892,0.059327,2.369995,0.814489
69.573724,-0.000000,0.000000,0.000000,0.000000,-0.000000,-0.000000,1.000000,0.425688,-0.086623,0.204913,0.990709,-0.134915,0.016471,0.004705,0.441737,-0.087041,0.203021,0.990951,-0.133240,0.016098,0.001895,-3.141059,-0.032415,-0.267319,-0.049859,-0.009863,0.007265,-0.007876,-0.035072,-0.079900,-3.545368,1.689219,1.835268,-0.813760,-2.179806,0.558048,-0.416862,-0.197833,0.224101,-2.530264,0.060067,2.368753,0.814076
69.624707,-0.000000,0.000000,0.000000,0.000000,-0.000000,-0.000000,1.000000,0.425688,-0.086623,0.204913,0.990709,-0.134915,0.016471,0.004705,0.439097,-0.086957,0.203150,0.991026,-0.132712,0.015748,0.002731,3.140360,-0.031944,-0.266224,-0.052806,0.009571,-0.002132,-0.046597,0.028030,0.063827,-4.696680,-1.032067,1.727052,0.215142,-2.535087,-0.693711,-0.416528,-0.205612,0.223593,-2.537763,0.059903,2.368045,0.812652
69.673592,-0.000000,0.000000,0.000000,0.000000,-0.000000,-0.000000,1.000000,0.425688,-0.086623,0.204913,0.990709,-0.134915,0.016471,0.004705,0.436838,-0.087118,0.203293,0.990924,-0.133469,0.015693,0.003114,3.139608,-0.031939,-0.267739,-0.041235,-0.007939,0.006186,0.018781,0.004980,-0.097425,-3.627216,1.644345,1.413473,-0.621336,-1.972234,0.538989,-0.416586,-0.212453,0.222754,-2.544366,0.060682,2.367845,0.812469
69.723641,-0.000000,0.000000,0.000000,0.000000,-0.000000,-0.000000,1.000000,0.425688,-0.086623,0.204913,0.990709,-0.134915,0.016471,0.004705,0.435006,-0.086917,0.203415,0.991011,-0.132832,0.015441,0.003800,3.138162,-0.031619,-0.266432,-0.028137,0.009745,0.001171,-0.055584,-0.002178,0.086528,-4.340234,-1.349136,2.251789,0.353960,-2.655218,-0.799388,-0.416207,-0.218043,0.222655,-2.549593,0.060364,2.367201,0.811460
69.773778,-0.000000,0.000000,0.000000,0.000000,-0.000000,-0.000000,1.000000,0.425688,-0.086623,0.204913,0.990709,-0.134915,0.016471,0.004705,0.433843,-0.087136,0.203723,0.990880,-0.133739,0.015954,0.003967,3.137996,-0.032684,-0.268260,-0.003579,-0.013811,0.018143,0.007154,-0.134621,-0.120041,-4.755540,1.856975,-0.164673,-0.546627,-1.866897,0.507191,-0.416339,-0.222556,0.221993,-2.553579,0.061208,2.367766,0.811742
69.825462,-0.000000,0.000000,-0.807068,0.000000,-0.000000,-0.000000,1.000000,0.425688,-0.086623,0.201685,0.990709,-0.134915,0.016471,0.004705,0.432725,-0.086943,0.203703,0.990968,-0.133086,0.015850,0.004405,3.137078,-0.032592,-0.266927,-0.014822,0.013801,0.003170,-0.055946,0.014883,0.141864,-5.525921,-0.507380,0.215329,0.197558,-2.390252,-0.549754,-0.415996,-0.225909,0.222006,-2.556993,0.060993,2.367760,0.810775
69.874534,-0.000000,0.000000,-0.996033,0.000000,-0.000000,-0.000000,1.000000,0.425688,-0.086623,0.197701,0.990709,-0.134915,0.016471,0.004705,0.431700,-0.087070,0.203647,0.990894,-0.133665,0.015590,0.004476,3.136888,-0.032097,-0.268092,-0.015749,-0.018880,0.001085,0.038768,-0.018537,-0.155423,-4.504745,1.019077,1.032879,-0.367504,-2.390599,0.177026,-0.416159,-0.228492,0.221567,-2.559639,0.061378,2.367337,0.810957
69.924734,-0.000000,0.000000,-0.999969,0.000000,-0.000000,-0.000000,1.000000,0.425688,-0.086623,0.193701,0.990709,-0.134915,0.016471,0.004705,0.430832,-0.086825,0.202902,0.990976,-0.133118,0.014986,0.004611,3.136441,-0.030935,-0.266982,-0.018309,0.021000,-0.026260,-0.044825,0.058340,0.169955,-4.368582,0.273201,0.911752,-0.188907,-2.379855,-0.128080,-0.415903,-0.229147,0.221712,-2.562191,0.061181,2.368076,0.810271
69.974617,-0.000000,0.000000,-0.999969,0.000000,-0.000000,-0.000000,1.000000,0.425688,-0.086623,0.189701,0.990709,-0.134915,0.016471,0.004705,0.430140,-0.086872,0.201611,0.990916,-0.133609,0.014635,0.004425,3.136732,-0.030191,-0.267979,-0.004424,-0.020047,-0.022728,0.050301,-0.058294,-0.184648,-4.338487,0.339814,0.027272,-0.100317,-2.206051,-0.111640,-0.416094,-0.228289,0.221534,-2.565004,0.061505,2.370982,0.810545
70.025323,-0.000000,0.000000,-0.999969,0.000000,-0.000000,-0.000000,1.000000,0.425688,-0.086623,0.185701,0.990709,-0.134915,0.016471,0.004705,0.429332,-0.086692,0.199590,0.990961,-0.133350,0.013983,0.004280,3.136837,-0.028858,-0.267458,-0.027438,0.022139,-0.057489,-0.010404,0.135505,0.156134,-3.996401,1.058887,-0.814249,-0.434479,-1.835889,0.228394,-0.416013,-0.226149,0.221649,-2.568552,0.061449,2.375308,0.810102
70.075436,-0.000000,0.000000,-0.488159,0.000000,-0.000000,-0.000000,1.000000,0.425688,-0.086623,0.183748,0.990709,-0.134915,0.016471,0.004705,0.428580,-0.086608,0.196988,0.990976,-0.133329,0.013162,0.004035,3.137103,-0.027165,-0.267418,-0.032809,-0.009249,-0.064535,0.063416,0.122832,-0.104385,-2.745829,-0.966880,0.786068,0.191720,-2.101102,-0.509478,-0.416080,-0.222387,0.221681,-2.572140,0.061199,2.380910,0.810049
70.125395,-0.000000,0.000000,0.000000,0.000000,-0.000000,-0.000000,1.000000,0.425688,-0.086623,0.183748,0.990709,-0.134915,0.016471,0.004705,0.428359,-0.086588,0.194281,0.990967,-0.133423,0.013040,0.003615,3.137907,-0.026813,-0.267620,0.006789,0.011886,-0.051066,-0.018080,-0.037542,0.105717,-3.225457,1.748610,-1.182633,-0.679783,-1.576428,0.571804,-0.416092,-0.217494,0.221596,-2.575317,0.061330,2.388565,0.809925
70.175450,-0.277416,0.000000,0.000000,0.000000,-0.000000,-0.000000,1.000000,0.424578,-0.086623,0.183748,0.990709,-0.134915,0.016471,0.004705,0.428195,-0.086580,0.191917,0.990987,-0.133310,0.012759,0.003276,3.138501,-0.026165,-0.267399,0.005458,-0.017824,-0.032818,0.028719,-0.053408,-0.112764,-4.170941,-0.536342,-1.957719,0.193018,-1.671504,-0.456320,-0.416165,-0.212876,0.221576,-2.577652,0.061219,2.394813,0.809592
70.224855,-0.740601,-0.064403,0.000000,0.000000,-0.000000,-0.000000,1.000000,0.421616,-0.086880,0.183748,0.990709,-0.134915,0.016471,0.004705,0.427925,-0.086588,0.189864,0.991001,-0.133256,0.012318,0.002967,3.138994,-0.025208,-0.267297,-0.017874,0.018483,-0.050259,-0.002694,0.120863,0.141721,-3.052711,1.196485,-2.009924,-0.476846,-1.145992,0.365695,-0.416193,-0.208963,0.221421,-2.579682,0.061084,2.399743,0.809316
70.275593,-0.999964,-0.073666,0.000000,0.000000,-0.000000,-0.000000,1.000000,0.417616,-0.087175,0.183748,0.990709,-0.134915,0.016471,0.004705,0.427406,-0.086675,0.188034,0.991010,-0.133252,0.011667,0.002807,3.139137,-0.023874,-0.267289,-0.029459,-0.015603,-0.039251,0.042715,0.096939,-0.100901,-2.636529,-1.219130,-0.153049,0.248834,-1.696248,-0.613722,-0.416387,-0.205932,0.221236,-2.581831,0.060672,2.403540,0.809143
70.324895,-0.999964,-0.073666,0.000000,0.000000,-0.000000,-0.000000,1.000000,0.413616,-0.087470,0.183748,0.990709,-0.134915,0.016471,0.004705,0.426693,-0.086946,0.186846,0.990949,-0.133740,0.011257,0.002597,3.139457,-0.023008,-0.268278,-0.020563,0.003011,-0.024680,0.007500,0.054561,0.040694,-3.248730,2.025495,-1.346895,-0.815282,-1.440026,0.679611,-0.416772,-0.204923,0.220674,-2.584239,0.060913,2.406058,0.808914
70.375594,-0.314467,-0.073666,0.000000,0.000000,-0.000000,-0.000000,1.000000,0.412358,-0.087764,0.183748,0.990709,-0.134915,0.016471,0.004705,0.425310,-0.087104,0.185891,0.990980,-0.133591,0.010217,0.002750,3.138872,-0.020986,-0.267970,-0.029079,-0.010628,-0.016920,0.000587,0.020954,-0.050475,-3.291580,-1.692216,-0.890450,0.429647,-1.627160,-0.857782,-0.417001,-0.205758,0.220192,-2.587490,0.060430,2.406432,0.808125
70.425682,-0.000000,0.000000,0.000000,0.000000,-0.000000,-0.000000,1.000000,0.412358,-0.087764,0.183748,0.990709,-0.134915,0.016471,0.004705,0.423672,-0.087524,0.185148,0.990876,-0.134426,0.009375,0.002675,3.138811,-0.019300,-0.269655,-0.035809,-0.005113,-0.015374,0.007396,0.057009,-0.002085,-3.322036,1.896801,-1.435652,-0.762476,-1.390359,0.635095,-0.417537,-0.207804,0.219149,-2.591460,0.060863,2.406655,0.807762
70.477942,-0.000000,0.000000,0.000000,0.000000,-0.000000,-0.000000,1.000000,0.412358,-0.087764,0.183748,0.990709,-0.134915,0.016471,0.004705,0.422108,-0.087664,0.184496,0.990924,-0.134100,0.008799,0.003038,3.137931,-0.018255,-0.268990,-0.023665,-0.003272,-0.008644,-0.031174,-0.013875,0.020717,-3.665930,-1.637646,-0.014418,0.333798,-2.105333,-0.848163,-0.417690,-0.210345,0.218711,-2.595808,0.060419,2.407416,0.806662
70.525687,-0.000000,0.000000,0.000000,0.000000,-0.000000,-0.000000,1.000000,0.412358,-0.087764,0.183748,0.990709,-0.134915,0.016471,0.004705,0.421013,-0.088019,0.184309,0.990809,-0.134922,0.009197,0.003124,3.137882,-0.019070,-0.270646,-0.009882,-0.002625,0.003356,-0.012204,-0.054485,-0.005975,-4.073660,1.880070,-2.070404,-0.649370,-1.334890,0.558158,-0.418051,-0.213398,0.217955,-2.599785,0.061107,2.409161,0.806542
70.576873,-0.000000,0.000000,0.000000,0.000000,-0.000000,-0.000000,1.000000,0.412358,-0.087764,0.183748,0.990709,-0.134915,0.016471,0.004705,0.419728,-0.087910,0.184018,0.990881,-0.134389,0.009007,0.003561,3.136956,-0.018809,-0.269563,-0.035023,0.006340,-0.010673,-0.011674,0.081433,0.041706,-4.778415,-1.642675,-0.481223,0.432639,-2.195540,-0.947281,-0.417895,-0.216485,0.217931,-2.603766,0.060794,2.409814,0.805658
70.626659,-0.000000,0.000000,0.000000,0.000000,-0.000000,-0.000000,1.000000,0.412358,-0.087764,0.183748,0.990709,-0.134915,0.016471,0.004705,0.418745,-0.088108,0.183988,0.990788,-0.135055,0.009296,0.003713,3.136745,-0.019425,-0.270905,-0.017455,-0.008157,0.000709,0.010327,-0.009010,-0.060481,-4.004327,1.913133,-0.333818,-0.761133,-2.055592,0.561708,-0.418085,-0.219539,0.217440,-2.607167,0.061278,2.410788,0.805826
70.676516,-0.000000,0.000000,0.000000,0.000000,-0.000000,-0.000000,1.000000,0.412358,-0.087764,0.183748,0.990709,-0.134915,0.016471,0.004705,0.418143,-0.087939,0.183945,0.990880,-0.134368,0.009265,0.004073,3.136009,-0.019456,-0.269511,-0.009358,0.009457,-0.004416,-0.037310,0.005569,0.088532,-4.595114,-1.175114,0.052399,0.214622,-2.493236,-0.747895,-0.417825,-0.221352,0.217629,-2.609141,0.060852,2.411000,0.805110
70.726500,-0.000000,0.000000,0.000000,0.000000,-0.000000,-0.000000,1.000000,0.412358,-0.087764,0.183748,0.990709,-0.134915,0.016471,0.004705,0.417811,-0.088163,0.183949,0.990769,-0.135173,0.009418,0.003967,3.136276,-0.019736,-0.271138,-0.006779,-0.013999,0.002921,0.032937,-0.008390,-0.110264,-4.597336,1.951574,-0.427342,-0.766836,-2.288220,0.512014,-0.418118,-0.222351,0.217211,-2.610243,0.061406,2.411379,0.805576
70.776578,-0.000000,0.000000,-0.814941,0.000000,-0.000000,-0.000000,1.000000,0.412358,-0.087764,0.180489,0.990709,-0.134915,0.016471,0.004705,0.417504,-0.088019,0.183794,0.990873,-0.134410,0.009273,0.004214,3.135733,-0.019510,-0.269594,-0.004664,0.013337,-0.006094,-0.042970,0.014734,0.126741,-4.510388,-0.881147,0.031454,0.114063,-2.448732,-0.630012,-0.417881,-0.222893,0.217386,-2.611201,0.060890,2.411577,0.804784
70.826584,-0.000000,0.000000,-0.999969,0.000000,-0.000000,-0.000000,1.000000,0.412358,-0.087764,0.176489,0.990709,-0.134915,0.016471,0.004705,0.417259,-0.088231,0.183615,0.990766,-0.135197,0.009372,0.004038,3.136124,-0.019664,-0.271186,-0.002820,-0.017079,-0.000761,0.041159,-0.030113,-0.140964,-4.554259,1.617240,-0.475461,-0.638306,-2.268462,0.377805,-0.418161,-0.223183,0.216970,-2.612118,0.061443,2.412348,0.805238
70.876775,-0.000000,0.000000,-0.999969,0.000000,-0.000000,-0.000000,1.000000,0.412358,-0.087764,0.172489,0.990709,-0.134915,0.016471,0.004705,0.416762,-0.087981,0.182759,0.990868,-0.134478,0.008936,0.004148,3.135775,-0.018826,-0.269731,-0.013551,0.019663,-0.027980,-0.037210,0.050730,0.155625,-4.185340,-0.389757,-0.381204,-0.054477,-2.232531,-0.405804,-0.417902,-0.222519,0.217248,-2.613856,0.061016,2.413909,0.804561
70.926860,-0.064367,0.000000,-0.999969,0.000000,-0.000000,-0.000000,1.000000,0.412101,-0.087764,0.168489,0.990709,-0.134915,0.016471,0.004705,0.416411,-0.088076,0.181400,0.990780,-0.135108,0.009221,0.003949,3.136258,-0.019341,-0.271007,0.003223,-0.020692,-0.026174,0.038127,-0.104220,-0.182329,-4.261390,0.886844,-1.340344,-0.335051,-1.936639,0.094237,-0.418110,-0.220858,0.217079,-2.616574,0.061418,2.418771,0.805059
70.978598,-0.101419,0.000000,-0.031479,0.000000,-0.000000,-0.000000,1.000000,0.411695,-0.087764,0.168363,0.990709,-0.134915,0.016471,0.004705,0.415850,-0.087823,0.179132,0.990868,-0.134460,0.009273,0.003966,3.136226,-0.019445,-0.269698,-0.022195,0.023829,-0.058553,-0.029239,0.089836,0.179444,-3.951967,-0.195038,-1.439931,-0.073841,-1.727820,-0.308235,-0.417859,-0.217808,0.217405,-2.620600,0.061006,2.425916,0.804476
71.027908,-0.000000,0.000000,0.000000,0.000000,-0.000000,-0.000000,1.000000,0.411695,-0.087764,0.168363,0.990709,-0.134915,0.016471,0.004705,0.415155,-0.087840,0.176729,0.990808,-0.134915,0.009119,0.003683,3.136753,-0.019066,-0.270623,-0.023478,-0.018901,-0.044577,0.058781,0.032775,-0.169179,-3.030022,-0.120856,0.254788,-0.155336,-2.083239,-0.205648,-0.418083,-0.214346,0.217294,-2.624538,0.061169,2.432886,0.804793
71.077657,-0.000000,0.000000,0.000000,0.000000,-0.000000,-0.000000,1.000000,0.411695,-0.087764,0.168363,0.990709,-0.134915,0.016471,0.004705,0.415066,-0.087804,0.175030,0.990840,-0.134643,0.009690,0.003591,3.137085,-0.020170,-0.270075,0.007754,0.016549,-0.031780,-0.029803,-0.049066,0.129156,-3.464124,1.192638,-1.977953,-0.451287,-1.386105,0.296553,-0.417982,-0.211451,0.217314,-2.627280,0.061123,2.439591,0.804303
71.129486,-0.000000,0.000000,0.000000,0.000000,-0.000000,-0.000000,1.000000,0.411695,-0.087764,0.168363,0.990709,-0.134915,0.016471,0.004705,0.414864,-0.087859,0.173623,0.990827,-0.134733,0.009850,0.003431,3.137447,-0.020446,-0.270259,-0.001713,-0.021200,-0.019131,0.029880,-0.044325,-0.142524,-3.230856,-0.506689,-2.021393,0.148198,-1.322616,-0.359866,-0.418105,-0.208997,0.217211,-2.629320,0.061160,2.444325,0.804159
71.178420,-0.000000,0.000000,0.000000,0.000000,-0.000000,-0.000000,1.000000,0.411695,-0.087764,0.168363,0.990709,-0.134915,0.016471,0.004705,0.414655,-0.087807,0.172457,0.990866,-0.134451,0.009785,0.003355,3.137574,-0.020294,-0.269692,-0.017746,0.020864,-0.033974,-0.025338,0.092726,0.168513,-2.840076,0.868631,-1.512201,-0.417275,-1.347739,0.231976,-0.418032,-0.206922,0.217194,-2.630861,0.060950,2.447763,0.803750
71.228450,-0.666497,0.000000,0.000000,0.000000,-0.000000,-0.000000,1.000000,0.409029,-0.087764,0.168363,0.990709,-0.134915,0.016471,0.004705,0.414526,-0.087874,0.171531,0.990832,-0.134675,0.010177,0.003298,3.137798,-0.021057,-0.270146,-0.000599,-0.018655,-0.010567,0.030763,-0.071773,-0.163843,-2.993700,-0.515725,-0.064785,0.027652,-1.899250,-0.353387,-0.418151,-0.205562,0.217141,-2.632648,0.061031,2.451652,0.803906
71.279581,-0.990701,0.000000,0.000000,0.000000,-0.000000,-0.000000,1.000000,0.405066,-0.087764,0.168363,0.990709,-0.134915,0.016471,0.004705,0.414468,-0.087929,0.170913,0.990829,-0.134636,0.010931,0.003375,3.137848,-0.022572,-0.270068,-0.000122,0.014639,-0.013991,-0.031792,-0.020833,0.118661,-3.142028,1.570305,-1.866230,-0.546115,-1.136906,0.471962,-0.418137,-0.205095,0.217108,-2.634601,0.061081,2.455576,0.803700
71.328409,-0.879545,0.000000,0.000000,0.000000,-0.000000,-0.000000,1.000000,0.401548,-0.087764,0.168363,0.990709,-0.134915,0.016471,0.004705,0.413678,-0.087915,0.170268,0.990843,-0.134571,0.010453,0.003443,3.137582,-0.021643,-0.269934,-0.015373,-0.013626,-0.007815,0.022116,-0.010913,-0.113457,-3.466102,-1.545146,-1.013104,0.411476,-1.624717,-0.815743,-0.418241,-0.205434,0.217029,-2.636743,0.060923,2.456445,0.803420
71.379461,-0.000000,0.000000,0.000000,0.000000,-0.000000,-0.000000,1.000000,0.401548,-0.087764,0.168363,0.990709,-0.134915,0.016471,0.004705,0.412448,-0.088051,0.169659,0.990813,-0.134845,0.009734,0.003472,3.137337,-0.020226,-0.270486,-0.027646,0.013936,-0.017385,-0.029496,0.062272,0.128061,-3.283427,1.557295,-1.285519,-0.618280,-1.435144,0.464608,-0.418495,-0.206770,0.216546,-2.639676,0.060995,2.456618,0.803067
71.429464,-0.000000,0.000000,0.000000,0.000000,-0.000000,-0.000000,1.000000,0.401548,-0.087764,0.168363,0.990709,-0.134915,0.016471,0.004705,0.411190,-0.088131,0.169129,0.990801,-0.134955,0.009359,0.003665,3.136855,-0.019537,-0.270703,-0.020335,-0.016000,-0.004027,0.018708,-0.028914,-0.135911,-4.197323,-1.142978,-0.303127,0.249923,-2.151045,-0.693377,-0.418640,-0.208792,0.216212,-2.643275,0.060947,2.457508,0.802705
71.478722,-0.000000,0.000000,0.000000,0.000000,-0.000000,-0.000000,1.000000,0.401548,-0.087764,0.168363,0.990709,-0.134915,0.016471,0.004705,0.410016,-0.088229,0.168754,0.990757,-0.135281,0.009271,0.003811,3.136549,-0.019403,-0.271359,-0.028958,0.013611,-0.013767,-0.015409,0.057848,0.087375,-3.730989,1.924424,-1.123032,-0.717492,-1.652547,0.580113,-0.418737,-0.211214,0.215788,-2.646951,0.061229,2.458634,0.802480
71.528758,-0.000000,0.000000,0.000000,0.000000,-0.000000,-0.000000,1.000000,0.401548,-0.087764,0.168363,0.990709,-0.134915,0.016471,0.004705,0.408899,-0.088111,0.168450,0.990800,-0.134961,0.009134,0.004184,3.135767,-0.019230,-0.270707,-0.025638,-0.005075,-0.003487,-0.003639,0.002250,-0.058227,-3.950140,-1.473270,1.258220,0.252855,-2.653663,-0.800751,-0.418589,-0.213761,0.215815,-2.650488,0.060944,2.459469,0.802081
71.578680,-0.000000,0.000000,0.000000,0.000000,-0.000000,-0.000000,1.000000,0.401548,-0.087764,0.168363,0.990709,-0.134915,0.016471,0.004705,0.408306,-0.088276,0.168577,0.990725,-0.135432,0.010151,0.004456,3.135511,-0.021322,-0.271651,0.004954,0.003937,0.007756,-0.051535,-0.127391,0.055092,-4.152603,2.364878,-0.971309,-0.784778,-1.775544,0.702024,-0.418649,-0.216804,0.215527,-2.653832,0.061408,2.461878,0.802197
71.628668,-0.000000,0.000000,0.000000,0.000000,-0.000000,-0.000000,1.000000,0.401548,-0.087764,0.168363,0.990709,-0.134915,0.016471,0.004705,0.407519,-0.088066,0.168444,0.990796,-0.134894,0.010177,0.004834,3.134757,-0.021472,-0.270557,-0.015921,0.003054,-0.001325,-0.013539,0.011606,0.002256,-4.533532,-1.475426,0.086538,0.361458,-2.328661,-0.854256,-0.418371,-0.219025,0.215771,-2.656561,0.061090,2.462561,0.801755
71.679874,-0.000000,0.000000,0.000000,0.000000,-0.000000,-0.000000,1.000000,0.401548,-0.087764,0.168363,0.990709,-0.134915,0.016471,0.004705,0.407063,-0.088221,0.168448,0.990706,-0.135533,0.010444,0.004859,3.134795,-0.022012,-0.271846,-0.013367,-0.003427,-0.003806,0.010805,0.019524,-0.019042,-4.081803,2.486826,-0.653266,-0.871148,-1.956960,0.750454,-0.418550,-0.220560,0.215455,-2.658288,0.061531,2.463294,0.802144
71.729518,-0.000000,0.000000,0.000000,0.000000,-0.000000,-0.000000,1.000000,0.401548,-0.087764,0.168363,0.990709,-0.134915,0.016471,0.004705,0.406704,-0.088031,0.168283,0.990802,-0.134806,0.010546,0.005162,3.134204,-0.022291,-0.270372,-0.003786,0.006206,-0.003139,-0.027986,-0.021425,0.050403,-4.749078,-1.314273,0.386066,0.272284,-2.621556,-0.810162,-0.418280,-0.221502,0.215757,-2.659851,0.061082,2.464212,0.801525
71.779543,-0.101419,0.000000,0.000000,0.000000,-0.000000,-0.000000,1.000000,0.401143,-0.087764,0.168363,0.990709,-0.134915,0.016471,0.004705,0.406516,-0.088273,0.168260,0.990686,-0.135621,0.011049,0.005079,3.134524,-0.023272,-0.272019,-0.002820,-0.012909,0.004033,0.018721,-0.032614,-0.086034,-4.573494,2.333739,-0.523624,-0.789836,-2.157315,0.645773,-0.418566,-0.222364,0.215368,-2.661115,0.061717,2.465587,0.801964
71.829748,-0.759127,0.000000,0.000000,0.000000,-0.000000,-0.000000,1.000000,0.398106,-0.087764,0.168363,0.990709,-0.134915,0.016471,0.004705,0.406067,-0.088039,0.168015,0.990798,-0.134811,0.010809,0.005329,3.133945,-0.022859,-0.270378,-0.016867,0.016801,-0.010335,-0.026899,0.072892,0.123174,-4.077612,-1.041404,0.835329,0.167319,-2.487443,-0.640885,-0.418286,-0.223047,0.215677,-2.662462,0.061229,2.465855,0.801230
71.879837,-0.907334,0.000000,0.000000,0.000000,-0.000000,-0.000000,1.000000,0.394477,-0.087764,0.168363,0.990709,-0.134915,0.016471,0.004705,0.405776,-0.088310,0.168017,0.990674,-0.135684,0.011296,0.005288,3.134178,-0.023820,-0.272141,0.001859,-0.023432,0.007302,0.011702,-0.117772,-0.156023,-4.122416,1.684467,-0.003420,-0.538173,-2.122350,0.420560,-0.418633,-0.224239,0.215272,-2.663974,0.061825,2.467129,0.801728
71.929705,-0.000000,0.000000,0.000000,0.000000,-0.000000,-0.000000,1.000000,0.394477,-0.087764,0.168363,0.990709,-0.134915,0.016471,0.004705,0.404822,-0.088177,0.167744,0.990758,-0.135106,0.010720,0.005547,3.133495,-0.022744,-0.270969,-0.026827,0.020679,-0.010428,-0.041101,0.081386,0.172769,-4.895827,0.120660,0.644514,-0.169329,-2.561815,-0.250526,-0.418480,-0.225921,0.215277,-2.666236,0.061408,2.466650,0.800937
71.979877,-0.000000,0.000000,0.000000,0.000000,-0.000000,-0.000000,1.000000,0.394477,-0.087764,0.168363,0.990709,-0.134915,0.016471,0.004705,0.403707,-0.088410,0.167651,0.990653,-0.135866,0.010737,0.005654,3.133306,-0.022811,-0.272500,-0.016388,-0.023364,0.007007,0.026657,-0.058996,-0.181825,-4.935048,1.047397,0.678755,-0.360070,-2.575792,0.113557,-0.418749,-0.228862,0.214679,-2.669563,0.061884,2.467104,0.801100
72.029721,-0.000000,0.000000,0.000000,0.000000,-0.000000,-0.000000,1.000000,0.394477,-0.087764,0.168363,0.990709,-0.134915,0.016471,0.004705,0.402490,-0.088255,0.167480,0.990719,-0.135390,0.010433,0.005975,3.132575,-0.022292,-0.271533,-0.035376,0.025544,-0.012520,-0.031915,0.114546,0.179628,-4.732641,0.589962,0.891924,-0.310360,-2.624315,-0.032091,-0.418455,-0.231882,0.214565,-2.673012,0.061760,2.467039,0.800259
72.080478,-0.000000,0.000000,0.000000,0.000000,-0.000000,-0.000000,1.000000,0.394477,-0.087764,0.168363,0.990709,-0.134915,0.016471,0.004705,0.401565,-0.088327,0.167524,0.990657,-0.135839,0.010458,0.006136,3.132274,-0.022390,-0.272436,-0.018602,-0.020476,0.005536,0.031837,-0.034586,-0.186418,-4.242716,-0.008401,1.951542,-0.098375,-2.877671,-0.233756,-0.418549,-0.234732,0.214285,-2.675777,0.062100,2.467063,0.800405
72.130493,-0.000000,0.000000,0.000000,0.000000,-0.000000,-0.000000,1.000000,0.394477,-0.087764,0.168363,0.990709,-0.134915,0.016471,0.004705,0.401171,-0.088328,0.167767,0.990669,-0.135680,0.011148,0.006439,3.131856,-0.023838,-0.272107,0.008058,0.015578,0.008195,-0.060220,-0.086146,0.131325,-4.407010,1.768242,-0.444492,-0.525622,-1.976274,0.445283,-0.418398,-0.237263,0.214254,-2.677970,0.062214,2.468197,0.800021
72.180557,-0.000000,0.000000,0.000000,0.000000,-0.000000,-0.000000,1.000000,0.394477,-0.087764,0.168363,0.990709,-0.134915,0.016471,0.004705,0.400498,-0.088246,0.167740,0.990691,-0.135523,0.010984,0.006616,3.131458,-0.023560,-0.271785,-0.013088,-0.012171,0.002191,0.013723,-0.007188,-0.102420,-4.677053,-0.996572,0.668978,0.316433,-2.499472,-0.645881,-0.418287,-0.239104,0.214234,-2.679820,0.062201,2.467943,0.799716
72.230697,-0.000000,0.000000,0.000000,0.000000,-0.000000,-0.000000,1.000000,0.394477,-0.087764,0.168363,0.990709,-0.134915,0.016471,0.004705,0.400086,-0.088316,0.167830,0.990668,-0.135689,0.011025,0.006661,3.131383,-0.023654,-0.272119,-0.012943,0.012873,-0.004852,-0.013540,0.043527,0.093151,-4.196134,2.163959,0.164682,-0.701130,-2.150476,0.624165,-0.418336,-0.240548,0.214000,-2.681012,0.062451,2.467793,0.799522
72.280857,-0.000000,0.000000,-0.200760,0.000000,-0.000000,-0.000000,1.000000,0.394477,-0.087764,0.167560,0.990709,-0.134915,0.016471,0.004705,0.399796,-0.088258,0.167916,0.990704,-0.135389,0.011305,0.006873,3.131032,-0.024264,-0.271509,0.004506,-0.010499,0.007597,-0.004342,-0.086541,-0.088651,-5.171941,-1.143066,0.674629,0.362843,-2.732499,-0.749424,-0.418215,-0.241994,0.214093,-2.682356,0.062400,2.468318,0.799107
72.331793,-0.000000,0.000000,-0.976349,0.000000,-0.000000,-0.000000,1.000000,0.394477,-0.087764,0.163655,0.990709,-0.134915,0.016471,0.004705,0.399475,-0.088336,0.167976,0.990662,-0.135658,0.011729,0.006920,3.131061,-0.025120,-0.272049,-0.007704,0.012904,-0.002994,-0.023644,0.024919,0.107190,-4.863460,2.160616,-0.462315,-0.678242,-2.137444,0.557771,-0.418251,-0.243500,0.213887,-2.683937,0.062846,2.469254,0.798998
72.381750,-0.000000,0.000000,-0.999969,0.000000,-0.000000,-0.000000,1.000000,0.394477,-0.087764,0.159655,0.990709,-0.134915,0.016471,0.004705,0.398772,-0.088127,0.167539,0.990708,-0.135326,0.011562,0.007076,3.130697,-0.024826,-0.271375,-0.031803,-0.000228,-0.019772,0.032070,0.101309,-0.054148,-4.794380,-1.415597,1.044881,0.370158,-2.710773,-0.822347,-0.418093,-0.244542,0.214137,-2.686286,0.062828,2.470285,0.798639
72.431839,-0.000000,0.000000,-0.744064,0.000000,-0.000000,-0.000000,1.000000,0.394477,-0.087764,0.156678,0.990709,-0.134915,0.016471,0.004705,0.398280,-0.088147,0.166772,0.990657,-0.135700,0.011628,0.006979,3.130917,-0.024936,-0.272132,-0.010836,0.003647,-0.023321,0.011552,0.015650,0.014524,-3.835584,2.360677,-0.316477,-0.764720,-1.993391,0.708437,-0.418198,-0.244203,0.214004,-2.688475,0.063194,2.472906,0.798792
72.482609,-0.000000,0.000000,0.000000,0.000000,-0.000000,-0.000000,1.000000,0.394477,-0.087764,0.156678,0.990709,-0.134915,0.016471,0.004705,0.397730,-0.087843,0.165450,0.990753,-0.135028,0.011234,0.006995,3.130762,-0.024152,-0.270776,-0.009337,0.006179,-0.031084,-0.007760,-0.002916,0.022878,-4.235846,-1.441462,-0.122866,0.395182,-2.358276,-0.790905,-0.417960,-0.242429,0.214384,-2.690748,0.062862,2.476163,0.798221
72.533912,-0.000000,0.000000,0.000000,0.000000,-0.000000,-0.000000,1.000000,0.394477,-0.087764,0.156678,0.990709,-0.134915,0.016471,0.004705,0.397466,-0.088023,0.163925,0.990645,-0.135782,0.011854,0.006735,3.131464,-0.025318,-0.272302,0.000582,-0.012361,-0.025760,0.018237,-0.069925,-0.081482,-3.824683,2.460338,-1.972139,-0.704760,-1.535236,0.741431,-0.418260,-0.239972,0.214073,-2.693644,0.063421,2.482631,0.798619
72.582653,-0.000000,0.000000,0.000000,0.000000,-0.000000,-0.000000,1.000000,0.394477,-0.087764,0.156678,0.990709,-0.134915,0.016471,0.004705,0.396953,-0.087733,0.162267,0.990766,-0.134914,0.011598,0.006795,3.131255,-0.024818,-0.270550,-0.019135,0.019443,-0.038436,-0.017014,0.086860,0.136346,-3.171013,-1.163936,-0.732104,0.305561,-1.753081,-0.588940,-0.417959,-0.237335,0.214413,-2.696271,0.062795,2.487379,0.797907
72.632675,-0.000000,0.000000,0.000000,0.000000,-0.000000,-0.000000,1.000000,0.394477,-0.087764,0.156678,0.990709,-0.134915,0.016471,0.004705,0.396968,-0.087972,0.161198,0.990651,-0.135706,0.012319,0.006559,3.131938,-0.026192,-0.272153,0.012267,-0.026034,-0.008499,0.018704,-0.131873,-0.165072,-2.754862,1.288010,-1.876957,-0.294958,-1.130362,0.377375,-0.418263,-0.235182,0.214048,-2.698067,0.063298,2.492656,0.798407
72.683659,-0.000000,0.000000,0.000000,0.000000,-0.000000,-0.000000,1.000000,0.394477,-0.087764,0.156678,0.990709,-0.134915,0.016471,0.004705,0.396931,-0.087806,0.160185,0.990745,-0.135009,0.012399,0.006578,3.131903,-0.026347,-0.270744,-0.007749,0.024784,-0.025734,-0.027494,0.078861,0.188844,-3.008343,0.073428,-1.561443,-0.011539,-1.246262,-0.101702,-0.418043,-0.232950,0.214279,-2.699205,0.062874,2.496168,0.797755
72.732585,-0.000000,0.000000,0.000000,0.000000,-0.000000,-0.000000,1.000000,0.394477,-0.087764,0.156678,0.990709,-0.134915,0.016471,0.004705,0.396924,-0.087973,0.159499,0.990663,-0.135589,0.012723,0.006395,3.132369,-0.026945,-0.271920,0.006516,-0.026123,-0.002787,0.027978,-0.091015,-0.185704,-2.487771,0.396526,-1.013690,-0.063901,-1.281006,0.060109,-0.418299,-0.231438,0.214032,-2.700146,0.063194,2.499188,0.798153
72.781772,-0.000000,0.000000,0.000000,0.000000,-0.000000,-0.000000,1.000000,0.394477,-0.087764,0.156678,0.990709,-0.134915,0.016471,0.004705,0.396931,-0.087868,0.158934,0.990727,-0.135099,0.012914,0.006438,3.132322,-0.027332,-0.270928,-0.009663,0.024056,-0.019670,-0.026903,0.079323,0.182152,-2.806760,0.815798,-1.243585,-0.275308,-1.278053,0.199527,-0.418111,-0.230264,0.214165,-2.700949,0.062943,2.501546,0.797662
72.831766,-0.000000,0.314467,0.000000,0.000000,-0.000000,-0.000000,1.000000,0.394477,-0.086506,0.156678,0.990709,-0.134915,0.016471,0.004705,0.396898,-0.087916,0.158538,0.990699,-0.135277,0.013182,0.006400,3.132475,-0.027855,-0.271289,0.005968,-0.020141,0.000563,0.022272,-0.085270,-0.159906,-2.515155,-0.806676,-0.350492,0.263167,-1.500312,-0.411781,-0.418187,-0.229594,0.214118,-2.701755,0.063051,2.503533,0.797791
72.883901,-0.000000,0.481237,0.000000,0.000000,-0.000000,-0.000000,1.000000,0.394477,-0.084581,0.156678,0.990709,-0.134915,0.016471,0.004705,0.397142,-0.087894,0.158347,0.990694,-0.135229,0.014040,0.006437,3.132631,-0.029564,-0.271189,0.019504,0.016662,0.000492,-0.047916,-0.099164,0.119945,-2.826990,2.000316,-2.323328,-0.470196,-0.771942,0.649550,-0.418014,-0.229289,0.214180,-2.702615,0.063287,2.506404,0.797718
72.933590,-0.000000,0.000000,0.000000,0.000000,-0.000000,-0.000000,1.000000,0.394477,-0.084581,0.156678,0.990709,-0.134915,0.016471,0.004705,0.396906,-0.087364,0.157958,0.990763,-0.134758,0.013730,0.006407,3.132594,-0.028936,-0.270238,-0.012802,0.001858,-0.007540,0.029769,0.041025,-0.078103,-2.873398,-1.289838,-0.274426,0.442770,-1.536702,-0.630864,-0.417362,-0.229042,0.214750,-2.703432,0.063444,2.506854,0.797819
72.982820,-0.000000,0.000000,0.000000,0.000000,-0.000000,-0.000000,1.000000,0.394477,-0.084581,0.156678,0.990709,-0.134915,0.016471,0.004705,0.396981,-0.086851,0.157882,0.990764,-0.134742,0.013877,0.006276,3.132893,-0.029194,-0.270211,-0.000412,0.017228,-0.004542,0.001332,0.026424,0.064671,-2.615460,2.738968,-0.906017,-0.789391,-1.280635,0.919311,-0.416389,-0.229108,0.215010,-2.703814,0.064034,2.507429,0.798530
73.033505,-0.000000,0.000000,0.000000,0.000000,-0.000000,-0.000000,1.000000,0.394477,-0.084581,0.156678,0.990709,-0.134915,0.016471,0.004705,0.397073,-0.086184,0.157816,0.990889,-0.133811,0.013889,0.006365,3.132691,-0.029233,-0.268329,0.004675,0.009478,0.000765,-0.006664,-0.028197,0.005241,-3.147675,-1.229501,-0.633847,0.425596,-1.570709,-0.673021,-0.415349,-0.229146,0.215738,-2.704048,0.064005,2.507689,0.798417
73.083545,-0.000000,0.000000,0.000000,0.000000,-0.000000,-0.000000,1.000000,0.394477,-0.084581,0.156678,0.990709,-0.134915,0.016471,0.004705,0.397056,-0.086062,0.157775,0.990829,-0.134258,0.013939,0.006158,3.133129,-0.029280,-0.269238,-0.005536,-0.001304,-0.002886,0.020326,0.020471,-0.028190,-2.626231,2.963762,-1.124838,-0.860571,-1.182524,0.978410,-0.415110,-0.229196,0.215662,-2.704252,0.064693,2.507884,0.798928
73.133572,-0.000000,0.000000,0.000000,0.000000,-0.000000,-0.000000,1.000000,0.394477,-0.084581,0.156678,0.990709,-0.134915,0.016471,0.004705,0.397015,-0.085630,0.157650,0.990963,-0.133274,0.013846,0.006279,3.132835,-0.029119,-0.267247,0.004109,0.016241,-0.002514,-0.027129,-0.016310,0.092248,-2.884902,-0.846669,-0.133440,0.252100,-1.650519,-0.501272,-0.414496,-0.229215,0.216201,-2.704610,0.064482,2.508084,0.798236
73.183767,-0.000000,0.000000,0.000000,0.000000,-0.000000,-0.000000,1.000000,0.394477,-0.084581,0.156678,0.990709,-0.134915,0.016471,0.004705,0.397180,-0.085750,0.157721,0.990851,-0.134037,0.014533,0.006106,3.133385,-0.030442,-0.268792,0.016026,-0.016426,0.011462,0.011647,-0.112340,-0.120292,-2.974929,2.603309,-1.885294,-0.630921,-0.952168,0.823388,-0.414627,-0.229508,0.216025,-2.705097,0.065375,2.509593,0.798747
73.233849,-0.000000,0.000000,0.000000,0.000000,-0.000000,-0.000000,1.000000,0.394477,-0.084581,0.156678,0.990709,-0.134915,0.016471,0.004705,0.397115,-0.085432,0.157556,0.990967,-0.133171,0.014498,0.006240,3.133083,-0.030401,-0.267040,-0.000404,0.025940,-0.005499,-0.030193,0.043182,0.166499,-3.337196,-0.295983,-1.431256,0.183825,-1.158791,-0.302190,-0.414231,-0.229481,0.216505,-2.705585,0.065129,2.510087,0.798043
73.283751,-0.000000,0.000000,0.000000,0.000000,-0.000000,-0.000000,1.000000,0.394477,-0.084581,0.156678,0.990709,-0.134915,0.016471,0.004705,0.396863,-0.085542,0.157405,0.990874,-0.133888,0.014359,0.006056,3.133432,-0.030083,-0.268493,-0.008535,-0.022490,0.000618,0.036489,-0.005436,-0.161362,-2.376352,1.629476,0.492636,-0.492066,-1.594218,0.517813,-0.414492,-0.229606,0.216285,-2.706119,0.065674,2.510167,0.798553
73.333734,-0.000000,0.000000,-0.897614,0.000000,-0.000000,-0.000000,1.000000,0.394477,-0.084581,0.153088,0.990709,-0.134915,0.016471,0.004705,0.396926,-0.085337,0.157377,0.990956,-0.133262,0.014493,0.006136,3.133290,-0.030364,-0.267226,0.002827,0.025821,-0.004063,-0.037598,0.022290,0.184716,-3.047538,0.939372,-0.038901,-0.302978,-1.698995,0.205648,-0.414182,-0.229634,0.216576,-2.706319,0.065600,2.510635,0.797938
73.384621,-0.000000,0.000000,-0.999969,0.000000,-0.000000,-0.000000,1.000000,0.394477,-0.084581,0.149088,0.990709,-0.134915,0.016471,0.004705,0.396848,-0.085409,0.157232,0.990883,-0.133805,0.014532,0.005952,3.133682,-0.030397,-0.268328,-0.003367,-0.022303,-0.002505,0.043202,-0.024833,-0.184355,-2.925547,0.593860,-0.795652,-0.084381,-1.404531,0.075106,-0.414366,-0.229465,0.216439,-2.706646,0.066155,2.511155,0.798261
73.435780,-0.000000,0.000000,-0.610214,0.000000,-0.000000,-0.000000,1.000000,0.394477,-0.084581,0.146647,0.990709,-0.134915,0.016471,0.004705,0.396506,-0.085204,0.156507,0.990927,-0.133536,0.014051,0.005787,3.133873,-0.029396,-0.267790,-0.009219,0.025089,-0.025237,-0.017951,0.060581,0.166530,-2.526095,1.681607,-0.968872,-0.493956,-1.302052,0.538412,-0.414267,-0.228249,0.216616,-2.707510,0.066333,2.512228,0.797813
73.485696,-0.000000,0.000000,0.000000,0.000000,-0.000000,-0.000000,1.000000,0.394477,-0.084581,0.146647,0.990709,-0.134915,0.016471,0.004705,0.396311,-0.085117,0.155405,0.990896,-0.133776,0.014122,0.005540,3.134389,-0.029474,-0.268281,0.005859,-0.017943,-0.018217,0.029430,-0.087192,-0.158829,-3.329252,-0.299472,-1.418856,0.206478,-1.482206,-0.292338,-0.414331,-0.226092,0.216709,-2.709028,0.066778,2.515954,0.797919
73.535937,-0.000000,0.000000,0.000000,0.000000,-0.000000,-0.000000,1.000000,0.394477,-0.084581,0.146647,0.990709,-0.134915,0.016471,0.004705,0.396087,-0.085053,0.153806,0.990868,-0.133974,0.014278,0.005226,3.135058,-0.029699,-0.268691,-0.010237,0.015410,-0.039104,-0.000016,0.058303,0.108156,-3.185372,2.536745,-2.141355,-0.684956,-1.148258,0.820335,-0.414372,-0.222764,0.216674,-2.711089,0.067184,2.521528,0.797855
73.585734,-0.000000,0.000000,0.000000,0.000000,-0.000000,-0.000000,1.000000,0.394477,-0.084581,0.146647,0.990709,-0.134915,0.016471,0.004705,0.395831,-0.084870,0.152106,0.990912,-0.133684,0.014061,0.004992,3.135456,-0.029205,-0.268112,-0.018428,-0.003688,-0.036311,0.041926,0.078396,-0.065391,-2.951407,-1.229953,-0.286193,0.367967,-1.749753,-0.599754,-0.414319,-0.218950,0.216853,-2.712766,0.067086,2.526486,0.797522
73.635824,-0.000000,0.000000,0.000000,0.000000,-0.000000,-0.000000,1.000000,0.394477,-0.084581,0.146647,0.990709,-0.134915,0.016471,0.004705,0.395966,-0.085021,0.151091,0.990845,-0.134160,0.014352,0.004670,3.136187,-0.029698,-0.269081,0.002025,0.006779,-0.018800,-0.000002,0.003402,0.058400,-2.866801,2.908701,-1.488932,-0.796178,-1.326892,0.996440,-0.414523,-0.216028,0.216533,-2.713389,0.067465,2.530482,0.797646
73.685483,-0.000000,0.000000,0.000000,0.000000,-0.000000,-0.000000,1.000000,0.394477,-0.084581,0.146647,0.990709,-0.134915,0.016471,0.004705,0.395985,-0.084849,0.150371,0.990906,-0.133728,0.014180,0.004574,3.136317,-0.029330,-0.268212,0.002349,-0.000446,-0.011194,0.003247,-0.016638,-0.021455,-3.157077,-1.283574,-1.051024,0.450179,-1.629228,-0.634519,-0.414400,-0.214006,0.216773,-2.713628,0.067284,2.532363,0.797276
73.734905,-0.000000,0.000000,0.000000,0.000000,-0.000000,-0.000000,1.000000,0.394477,-0.084581,0.146647,0.990709,-0.134915,0.016471,0.004705,0.396142,-0.085088,0.150234,0.990813,-0.134385,0.014510,0.004379,3.136813,-0.029935,-0.269544,0.002177,-0.004767,0.003492,0.004673,-0.008856,-0.007300,-2.097867,2.384016,-5.447906,-0.269159,0.454730,0.859875,-0.414690,-0.213326,0.216408,-2.713607,0.067781,2.533607,0.797556
73.784828,-0.000000,0.000000,0.000000,0.000000,-0.000000,-0.000000,1.000000,0.394477,-0.084581,0.146647,0.990709,-0.134915,0.016471,0.004705,0.396178,-0.084950,0.150201,0.990887,-0.133829,0.014569,0.004465,3.136641,-0.030072,-0.268420,-0.000338,0.003242,-0.001195,-0.004579,-0.008283,0.003315,-2.612188,-1.059390,-4.584985,0.722334,0.040869,-0.498262,-0.414491,-0.213297,0.216629,-2.713723,0.067598,2.533899,0.796995
73.835586,-0.000000,0.000000,0.000000,0.000000,-0.000000,-0.000000,1.000000,0.394477,-0.084581,0.146647,0.990709,-0.134915,0.016471,0.004705,0.396196,-0.085095,0.150232,0.990806,-0.134425,0.014686,0.004303,3.137013,-0.030263,-0.269630,0.001207,-0.001679,0.001198,0.006617,-0.001045,-0.005430,-2.318629,2.529788,-4.692878,-0.357505,0.175476,0.900248,-0.414693,-0.213325,0.216378,-2.713719,0.068120,2.534050,0.797326
73.885543,-0.000000,0.000000,0.000000,0.000000,-0.000000,-0.000000,1.000000,0.394477,-0.084581,0.146647,0.990709,-0.134915,0.016471,0.004705,0.396245,-0.084904,0.150210,0.990883,-0.133848,0.014731,0.004399,3.136816,-0.030375,-0.268461,0.000972,0.004550,-0.000298,-0.006185,-0.007053,0.011475,-2.703836,-1.027278,-4.315421,0.693880,-0.081611,-0.493666,-0.414452,-0.213308,0.216701,-2.713800,0.067926,2.534271,0.796874
73.935729,-0.000000,0.000000,0.000000,0.000000,-0.000000,-0.000000,1.000000,0.394477,-0.084581,0.146647,0.990709,-0.134915,0.016471,0.004705,0.396241,-0.085068,0.150233,0.990797,-0.134479,0.014794,0.004222,3.137202,-0.030456,-0.269740,-0.000234,-0.003349,-0.000059,0.009790,0.002793,-0.011422,-2.319002,2.614754,-4.459260,-0.403679,0.107078,0.929734,-0.414675,-0.213313,0.216401,-2.713766,0.068450,2.534304,0.797206
73.986103,-0.000000,0.000000,0.000000,0.000000,-0.000000,-0.000000,1.000000,0.394477,-0.084581,0.146647,0.990709,-0.134915,0.016471,0.004705,0.396293,-0.084889,0.150214,0.990876,-0.133887,0.014845,0.004329,3.136987,-0.030583,-0.268543,0.000833,0.005576,-0.000426,-0.006886,-0.004821,0.018683,-2.653013,-1.005531,-4.138000,0.672921,-0.114952,-0.483253,-0.414439,-0.213292,0.216707,-2.713838,0.068218,2.534534,0.796735
74.038837,-0.000000,-0.360818,0.000000,0.000000,-0.000000,-0.000000,1.000000,0.394477,-0.086025,0.146647,0.990709,-0.134915,0.016471,0.004705,0.396289,-0.085055,0.150237,0.990793,-0.134500,0.014901,0.004164,3.137347,-0.030654,-0.269785,-0.000370,-0.003563,-0.000035,0.007568,0.003333,-0.005705,-2.426690,2.590546,-4.283456,-0.407908,0.014879,0.912959,-0.414666,-0.213290,0.216412,-2.713795,0.068697,2.534555,0.797068
74.085912,-0.000000,-0.388607,0.000000,0.000000,-0.000000,-0.000000,1.000000,0.394477,-0.087579,0.146647,0.990709,-0.134915,0.016471,0.004705,0.396328,-0.084987,0.150224,0.990862,-0.133980,0.014971,0.004299,3.137082,-0.030826,-0.268732,0.000654,-0.000837,0.000578,-0.006992,-0.011774,-0.000171,-2.716891,-1.150827,-3.940629,0.692562,-0.207643,-0.541728,-0.414588,-0.213275,0.216611,-2.713869,0.068346,2.534823,0.796576
74.136958,-0.000000,0.000000,0.000000,0.000000,-0.000000,-0.000000,1.000000,0.394477,-0.087579,0.146647,0.990709,-0.134915,0.016471,0.004705,0.396284,-0.085520,0.150247,0.990765,-0.134684,0.015090,0.004215,3.137303,-0.031043,-0.270155,-0.002088,-0.006368,-0.001978,-0.005773,0.008740,0.034642,-2.457666,2.273663,-4.245312,-0.374840,-0.011160,0.800872,-0.415311,-0.213209,0.215927,-2.713829,0.068456,2.535044,0.796514
74.186981,-0.000000,0.000000,0.000000,0.000000,-0.000000,-0.000000,1.000000,0.394477,-0.087579,0.146647,0.990709,-0.134915,0.016471,0.004705,0.396262,-0.085936,0.150240,0.990782,-0.134540,0.015223,0.004288,3.137190,-0.031325,-0.269864,-0.002758,-0.013979,0.000915,0.006084,-0.011686,-0.055056,-2.773556,-1.445258,-4.086199,0.712236,-0.170905,-0.628928,-0.415900,-0.213116,0.215512,-2.713868,0.068148,2.535450,0.795479
74.237050,-0.000000,0.000000,0.000000,0.000000,-0.000000,-0.000000,1.000000,0.394477,-0.087579,0.146647,0.990709,-0.134915,0.016471,0.004705,0.396205,-0.086481,0.150265,0.990710,-0.135063,0.015323,0.004182,3.137444,-0.031496,-0.270923,-0.000711,-0.001988,-0.002018,-0.010114,0.007707,0.050423,-2.476034,1.753608,-4.492557,-0.242089,0.076568,0.624402,-0.416625,-0.213060,0.214774,-2.713819,0.068321,2.535606,0.794947
74.287635,-0.000000,0.000000,0.000000,0.000000,-0.000000,-0.000000,1.000000,0.394477,-0.087579,0.146647,0.990709,-0.134915,0.016471,0.004705,0.396204,-0.086653,0.150265,0.990741,-0.134819,0.015419,0.004225,3.137376,-0.031698,-0.270429,-0.001859,-0.011284,0.001786,0.013712,-0.013938,-0.077553,-2.606664,-1.730680,-4.293586,0.828076,-0.033433,-0.725272,-0.416775,-0.213043,0.214517,-2.713879,0.068156,2.535880,0.794185
74.337982,-0.000000,0.000000,0.000000,0.000000,-0.000000,-0.000000,1.000000,0.394477,-0.087579,0.146647,0.990709,-0.134915,0.016471,0.004705,0.396187,-0.086950,0.150275,0.990684,-0.135233,0.015488,0.004123,3.137611,-0.031809,-0.271270,0.000096,0.003333,-0.002854,-0.011116,0.011271,0.062383,-2.445829,1.770511,-4.468029,-0.235079,0.083850,0.620719,-0.417089,-0.212967,0.214007,-2.713829,0.068352,2.536001,0.794051
74.387673,-0.000000,0.000000,0.000000,0.000000,-0.000000,-0.000000,1.000000,0.394477,-0.087579,0.146647,0.990709,-0.134915,0.016471,0.004705,0.396215,-0.086985,0.150274,0.990726,-0.134914,0.015579,0.004192,3.137489,-0.032006,-0.270623,-0.001028,-0.006512,0.001692,0.009199,-0.012346,-0.059351,-2.661366,-1.566184,-4.124971,0.785650,-0.100627,-0.679887,-0.417091,-0.212952,0.213980,-2.713886,0.068165,2.536271,0.793529
74.438042,-0.000000,0.000000,0.000000,0.000000,-0.000000,-0.000000,1.000000,0.394477,-0.087579,0.146647,0.990709,-0.134915,0.016471,0.004705,0.396209,-0.087160,0.150281,0.990682,-0.135232,0.015623,0.004093,3.137706,-0.032068,-0.271269,0.000793,0.005924,-0.001885,-0.011825,0.009426,0.069195,-2.427132,1.656619,-4.562592,-0.198204,0.125513,0.563986,-0.417288,-0.212897,0.213667,-2.713840,0.068404,2.536333,0.793475
74.487693,-0.000000,0.000000,0.000000,0.000000,-0.000000,-0.000000,1.000000,0.394477,-0.087579,0.146647,0.990709,-0.134915,0.016471,0.004705,0.396247,-0.087098,0.150271,0.990736,-0.134825,0.015683,0.004177,3.137542,-0.032208,-0.270445,-0.000582,-0.004398,0.001366,0.009816,-0.009479,-0.053111,-2.560187,-1.601847,-4.318615,0.791182,-0.000418,-0.700240,-0.417179,-0.212873,0.213787,-2.713888,0.068190,2.536550,0.793053
74.536822,-0.462711,0.000000,0.000000,0.000000,-0.000000,-0.000000,1.000000,0.392626,-0.087579,0.146647,0.990709,-0.134915,0.016471,0.004705,0.396252,-0.087220,0.150278,0.990706,-0.135046,0.015722,0.004106,3.137701,-0.032266,-0.270893,0.001188,0.010002,-0.003051,-0.020078,0.011544,0.100093,-2.467352,1.447397,-4.608873,-0.142147,0.145471,0.467561,-0.417336,-0.212821,0.213593,-2.713840,0.068372,2.536605,0.793005
74.586784,-0.564604,0.008789,0.000000,0.000000,-0.000000,-0.000000,1.000000,0.390367,-0.087544,0.146647,0.990709,-0.134915,0.016471,0.004705,0.396214,-0.087234,0.150257,0.990731,-0.134860,0.015713,0.004156,3.137595,-0.032262,-0.270516,-0.002619,-0.010819,0.001920,0.021780,-0.006658,-0.097669,-2.675051,-1.436888,-4.682327,0.788500,0.159238,-0.652412,-0.417410,-0.212866,0.213652,-2.713956,0.068253,2.536675,0.792707
74.637644,-0.036578,0.000000,0.000000,0.000000,-0.000000,-0.000000,1.000000,0.390221,-0.087544,0.146647,0.990709,-0.134915,0.016471,0.004705,0.395985,-0.087435,0.150233,0.990715,-0.135001,0.015540,0.004133,3.137596,-0.031913,-0.270799,-0.004529,0.006301,-0.002554,-0.020136,0.021680,0.095281,-2.923521,1.400472,-6.077321,0.051197,0.749257,0.417957,-0.417774,-0.213163,0.213407,-2.714239,0.068297,2.536309,0.792337
74.687009,-0.000000,0.000000,0.000000,0.000000,-0.000000,-0.000000,1.000000,0.390221,-0.087544,0.146647,0.990709,-0.134915,0.016471,0.004705,0.395684,-0.087605,0.150230,0.990719,-0.134978,0.015442,0.004178,3.137481,-0.031730,-0.270752,-0.006944,-0.017246,0.003764,0.028228,-0.010619,-0.130992,-3.672988,-0.547568,-5.838580,0.729521,0.600241,-0.378201,-0.418122,-0.213830,0.213252,-2.714883,0.068313,2.536106,0.791749
74.738183,-0.000000,0.000000,0.000000,0.000000,-0.000000,-0.000000,1.000000,0.390221,-0.087544,0.146647,0.990709,-0.134915,0.016471,0.004705,0.395358,-0.087703,0.150217,0.990755,-0.134729,0.015342,0.004262,3.137280,-0.031555,-0.270246,-0.002341,0.014896,-0.002116,-0.036105,0.008079,0.148716,-3.851308,0.845394,-5.930917,0.282021,0.607388,0.135007,-0.418269,-0.214592,0.213092,-2.715661,0.068228,2.535951,0.790979
74.787804,-0.000000,0.000000,0.000000,0.000000,-0.000000,-0.000000,1.000000,0.390221,-0.087544,0.146647,0.990709,-0.134915,0.016471,0.004705,0.395094,-0.087830,0.150237,0.990712,-0.135037,0.015371,0.004219,3.137383,-0.031602,-0.270869,-0.009116,-0.016850,0.000852,0.032358,-0.001392,-0.132660,-4.305816,0.560753,-5.497023,0.375897,0.350157,-0.021793,-0.418438,-0.215350,0.212828,-2.716400,0.068576,2.535977,0.790859
74.838853,-0.000000,0.000000,0.000000,0.000000,-0.000000,-0.000000,1.000000,0.390221,-0.087544,0.146647,0.990709,-0.134915,0.016471,0.004705,0.394910,-0.087725,0.150228,0.990797,-0.134417,0.015339,0.004352,3.137089,-0.031572,-0.269614,-0.003111,0.016419,-0.003669,-0.031831,0.016842,0.137333,-4.460054,-0.217169,-5.718832,0.620319,0.355858,-0.325742,-0.418256,-0.215918,0.212934,-2.717000,0.068366,2.535991,0.790040
74.888721,-0.000000,0.000000,0.000000,0.000000,-0.000000,-0.000000,1.000000,0.390221,-0.087544,0.146647,0.990709,-0.134915,0.016471,0.004705,0.394720,-0.087924,0.150262,0.990717,-0.134998,0.015416,0.004270,3.137292,-0.031703,-0.270789,-0.003390,-0.018711,0.005168,0.028873,-0.015062,-0.130468,-3.913760,1.115263,-6.151264,0.306523,0.654018,0.222897,-0.418513,-0.216491,0.212580,-2.717530,0.068763,2.536071,0.790263
74.939898,-0.000000,0.000000,0.000000,0.000000,-0.000000,-0.000000,1.000000,0.390221,-0.087544,0.146647,0.990709,-0.134915,0.016471,0.004705,0.394549,-0.087787,0.150225,0.990812,-0.134300,0.015362,0.004430,3.136939,-0.031637,-0.269374,-0.001426,0.015183,-0.003372,-0.031423,0.005306,0.123012,-4.452696,-0.333623,-5.550201,0.654574,0.209728,-0.375740,-0.418270,-0.216952,0.212725,-2.718104,0.068434,2.536130,0.789483
74.989588,-0.000000,0.082893,0.000000,0.000000,-0.000000,-0.000000,1.000000,0.390221,-0.087212,0.146647,0.990709,-0.134915,0.016471,0.004705,0.394428,-0.087960,0.150278,0.990729,-0.134905,0.015439,0.004326,3.137185,-0.031764,-0.270600,-0.003342,-0.013443,0.003758,0.025041,-0.005379,-0.098446,-4.278961,1.551796,-5.922939,0.136430,0.447110,0.350504,-0.418494,-0.217387,0.212412,-2.718424,0.068858,2.536133,0.789815
75.039746,-0.000000,0.675760,0.000000,0.000000,-0.000000,-0.000000,1.000000,0.390221,-0.084509,0.146647,0.990709,-0.134915,0.016471,0.004705,0.394383,-0.087757,0.150248,0.990832,-0.134140,0.015414,0.004471,3.136865,-0.031750,-0.269051,0.000628,0.011435,-0.001245,-0.024754,0.003072,0.090616,-4.816091,-0.801186,-5.616764,0.793159,0.153084,-0.591676,-0.418182,-0.217571,0.212690,-2.718699,0.068529,2.536224,0.789113
75.089894,-0.000000,0.685023,0.000000,0.000000,-0.000000,-0.000000,1.000000,0.390221,-0.081769,0.146647,0.990709,-0.134915,0.016471,0.004705,0.394336,-0.087674,0.150256,0.990759,-0.134692,0.015398,0.004254,3.137309,-0.031663,-0.270171,-0.001139,-0.000495,0.001120,0.024083,0.000210,-0.061624,-4.188144,1.992997,-6.041893,0.023544,0.520758,0.518064,-0.418087,-0.217745,0.212650,-2.718821,0.069288,2.536082,0.789658
75.139794,-0.000000,0.000000,0.000000,0.000000,-0.000000,-0.000000,1.000000,0.390221,-0.081769,0.146647,0.990709,-0.134915,0.016471,0.004705,0.394396,-0.086741,0.150213,0.990909,-0.133594,0.015294,0.004263,3.137229,-0.031453,-0.267955,0.003967,0.027430,-0.001082,-0.013559,-0.001510,0.084738,-4.453624,-0.400926,-6.190850,0.793815,0.491444,-0.428522,-0.416706,-0.218001,0.213654,-2.719112,0.069615,2.535941,0.789529
75.189731,-0.000000,0.000000,0.000000,0.000000,-0.000000,-0.000000,1.000000,0.390221,-0.081769,0.146647,0.990709,-0.134915,0.016471,0.004705,0.394347,-0.085803,0.150132,0.990890,-0.133761,0.015160,0.003973,3.137772,-0.031111,-0.268300,-0.003201,0.007909,-0.000019,0.033746,0.002323,-0.091271,-3.664882,2.492262,-5.675833,-0.149022,0.532541,0.693962,-0.415311,-0.218402,0.214432,-2.719645,0.070888,2.535752,0.790964
75.238983,-0.000000,0.000000,0.000000,0.000000,-0.000000,-0.000000,1.000000,0.390221,-0.081769,0.146647,0.990709,-0.134915,0.016471,0.004705,0.394040,-0.084623,0.149595,0.991071,-0.132463,0.014669,0.004013,3.137522,-0.030144,-0.265676,-0.004119,0.031008,-0.015766,-0.022577,0.020798,0.130753,-3.960438,-0.075015,-1.401317,0.151414,-1.399755,-0.335871,-0.413864,-0.218201,0.215893,-2.720879,0.071067,2.536261,0.791021
75.289083,-0.000000,0.000000,0.000000,0.000000,-0.000000,-0.000000,1.000000,0.390221,-0.081769,0.146647,0.990709,-0.134915,0.016471,0.004705,0.393766,-0.084318,0.149156,0.991013,-0.132927,0.014489,0.003816,3.137880,-0.029736,-0.266618,-0.005876,-0.002673,-0.006249,0.021910,0.008771,-0.064429,-3.322443,3.528726,-1.554784,-0.849189,-1.349650,1.085718,-0.413866,-0.217852,0.216476,-2.721854,0.071847,2.537186,0.791852
75.339174,-0.000000,0.000000,0.000000,0.000000,-0.000000,-0.000000,1.000000,0.390221,-0.081769,0.146647,0.990709,-0.134915,0.016471,0.004705,0.393587,-0.084206,0.148980,0.991101,-0.132283,0.014330,0.003925,3.137601,-0.029447,-0.265314,-0.003873,-0.002881,-0.002522,0.005978,0.002948,-0.021230,-3.366672,2.159935,-2.150828,-0.159289,-1.166798,0.598416,-0.413922,-0.217845,0.216830,-2.722338,0.071593,2.537400,0.791028
75.390783,-0.000000,0.000000,0.000000,0.000000,-0.000000,-0.000000,1.000000,0.390221,-0.081769,0.146647,0.990709,-0.134915,0.016471,0.004705,0.393407,-0.084287,0.148848,0.991074,-0.132501,0.014176,0.003787,3.137841,-0.029106,-0.265758,-0.001136,0.010670,-0.004931,-0.018977,0.013420,0.105296,-3.252727,4.603733,-1.910272,-0.889329,-1.194440,1.560827,-0.414076,-0.217798,0.216619,-2.722640,0.071954,2.537401,0.790800
75.440868,-0.000000,0.000000,0.000000,0.000000,-0.000000,-0.000000,1.000000,0.390221,-0.081769,0.146647,0.990709,-0.134915,0.016471,0.004705,0.393305,-0.084302,0.148717,0.991060,-0.132618,0.014131,0.003709,3.137988,-0.028997,-0.265996,-0.002296,-0.015341,0.001148,0.034225,-0.013493,-0.145911,-3.575057,3.249743,-1.278042,-0.439387,-1.508349,1.036826,-0.414176,-0.217684,0.216598,-2.722936,0.072201,2.537700,0.790701
75.490686,-0.000000,0.000000,0.000000,0.000000,-0.000000,-0.000000,1.000000,0.390221,-0.081769,0.146647,0.990709,-0.134915,0.016471,0.004705,0.393242,-0.084188,0.148574,0.991119,-0.132181,0.014073,0.003733,3.137912,-0.028886,-0.265113,0.002528,0.013220,-0.003421,-0.031345,0.002302,0.133171,-4.018397,3.146739,-1.049614,-0.442737,-1.717252,0.968924,-0.414042,-0.217509,0.216745,-2.723203,0.072134,2.538035,0.790141
75.540918,-0.000000,0.000000,0.000000,0.000000,-0.000000,-0.000000,1.000000,0.390221,-0.081769,0.146647,0.990709,-0.134915,0.016471,0.004705,0.393182,-0.084301,0.148480,0.991035,-0.132806,0.014106,0.003537,3.138327,-0.028903,-0.266380,-0.001481,-0.002645,-0.001765,0.013583,0.004190,-0.027845,-3.926383,5.017323,-1.079818,-0.991336,-1.642106,1.687402,-0.414254,-0.217370,0.216530,-2.723394,0.072724,2.538372,0.790490
75.590925,-0.000000,0.000000,0.000000,0.000000,-0.000000,-0.000000,1.000000,0.390221,-0.081769,0.146647,0.990709,-0.134915,0.016471,0.004705,0.393178,-0.084199,0.148390,0.991085,-0.132426,0.014150,0.003593,3.138218,-0.029003,-0.265611,-0.001103,-0.006589,0.000114,0.013948,-0.013251,-0.070990,-3.979193,2.400541,-0.987839,-0.168568,-1.698601,0.694228,-0.414127,-0.217257,0.216704,-2.723613,0.072613,2.538808,0.790102
75.640941,-0.000000,0.000000,0.000000,0.000000,-0.000000,-0.000000,1.000000,0.390221,-0.081769,0.146647,0.990709,-0.134915,0.016471,0.004705,0.393140,-0.084203,0.148321,0.991071,-0.132535,0.014148,0.003521,3.138363,-0.028980,-0.265835,0.001598,0.014979,-0.003814,-0.029028,0.009434,0.130855,-3.998977,4.314377,-1.067713,-0.775723,-1.656920,1.421693,-0.414152,-0.217172,0.216663,-2.723755,0.072839,2.539010,0.790068
75.693527,-0.000000,0.000000,0.000000,0.000000,-0.000000,-0.000000,1.000000,0.390221,-0.081769,0.146647,0.990709,-0.134915,0.016471,0.004705,0.393122,-0.084277,0.148278,0.991019,-0.132916,0.014234,0.003419,3.138598,-0.029125,-0.266606,-0.002240,-0.015409,0.001275,0.036390,-0.012923,-0.148338,-3.828243,3.859194,-0.994449,-0.590800,-1.619251,1.264776,-0.414284,-0.217133,0.216544,-2.723914,0.073188,2.539347,0.790297
75.742865,-0.000000,0.000000,-0.342499,0.000000,-0.000000,-0.000000,1.000000,0.390221,-0.081769,0.145277,0.990709,-0.134915,0.016471,0.004705,0.393124,-0.084134,0.148202,0.991090,-0.132387,0.014255,0.003485,3.138459,-0.029182,-0.265536,0.000603,0.007473,-0.002136,-0.017104,-0.002886,0.062175,-4.103348,2.414439,-0.831293,-0.179324,-1.788604,0.697538,-0.414084,-0.217048,0.216755,-2.724097,0.073051,2.539679,0.789740
75.793860,-0.000000,0.000000,-0.999969,0.000000,-0.000000,-0.000000,1.000000,0.390221,-0.081769,0.141277,0.990709,-0.134915,0.016471,0.004705,0.393057,-0.084214,0.148121,0.991028,-0.132853,0.014252,0.003338,3.138762,-0.029140,-0.266481,-0.001269,0.009072,-0.004653,-0.013523,0.015246,0.081542,-3.872187,4.804471,-1.126163,-0.897765,-1.591435,1.623117,-0.414238,-0.216953,0.216594,-2.724272,0.073486,2.539899,0.790005
75.842900,-0.000000,0.000000,-0.999969,0.000000,-0.000000,-0.000000,1.000000,0.390221,-0.081769,0.137278,0.990709,-0.134915,0.016471,0.004705,0.392917,-0.084178,0.147736,0.991014,-0.132959,0.014204,0.003256,3.138914,-0.029023,-0.266697,-0.003431,-0.014740,-0.008674,0.033580,-0.024809,-0.145804,-4.271380,3.302734,-1.226659,-0.402405,-1.671710,1.017683,-0.414287,-0.216293,0.216639,-2.724871,0.073650,2.541034,0.790056
75.892116,-0.000000,0.000000,-0.999969,0.000000,-0.000000,-0.000000,1.000000,0.390221,-0.081769,0.133278,0.990709,-0.134915,0.016471,0.004705,0.392657,-0.084011,0.146755,0.991068,-0.132586,0.013944,0.003172,3.139001,-0.028483,-0.265946,-0.010627,0.015814,-0.030094,-0.015776,0.053886,0.135399,-4.426673,3.335062,-1.454204,-0.418124,-1.584183,1.019798,-0.414201,-0.214255,0.216829,-2.725957,0.073473,2.543600,0.789675
75.944745,-0.000000,0.000000,-0.999969,0.000000,-0.000000,-0.000000,1.000000,0.390221,-0.081769,0.129278,0.990709,-0.134915,0.016471,0.004705,0.392590,-0.084089,0.145277,0.990977,-0.133250,0.014200,0.002814,3.139800,-0.028898,-0.267298,0.011837,-0.007519,-0.027951,0.010963,-0.081229,-0.061749,-5.181570,5.274991,-2.397226,-0.892202,-1.342601,1.684959,-0.414433,-0.210585,0.216639,-2.727411,0.073941,2.549088,0.790152
75.992944,-0.000000,0.000000,-0.933044,0.000000,-0.000000,-0.000000,1.000000,0.390221,-0.081769,0.125546,0.990709,-0.134915,0.016471,0.004705,0.392311,-0.083899,0.142948,0.991039,-0.132844,0.013687,0.002492,3.140289,-0.027794,-0.266483,-0.021246,-0.003320,-0.058733,0.059671,0.101063,-0.071398,-5.078573,2.734448,-1.479772,-0.185229,-1.522291,0.741448,-0.414452,-0.204612,0.216784,-2.728920,0.073457,2.555401,0.789785
76.043051,-0.000000,0.000000,-0.417297,0.000000,-0.000000,-0.000000,1.000000,0.390221,-0.081769,0.123876,0.990709,-0.134915,0.016471,0.004705,0.392157,-0.083896,0.140196,0.991025,-0.132983,0.013448,0.001971,3.141262,-0.027182,-0.266777,-0.013483,0.014515,-0.068850,0.007791,0.067518,0.127915,-5.411554,5.372664,0.384701,-1.149001,-2.268116,1.712458,-0.414726,-0.197155,0.216623,-2.730549,0.073305,2.563784,0.789682
76.093003,-0.000000,0.000000,0.000000,0.000000,-0.000000,-0.000000,1.000000,0.390221,-0.081769,0.123876,0.990709,-0.134915,0.016471,0.004705,0.392157,-0.083968,0.137177,0.990982,-0.133291,0.013628,0.001421,-3.140775,-0.027392,-0.267413,-0.016944,-0.005336,-0.066206,0.063322,0.052037,-0.085751,-4.924163,4.975334,0.995087,-1.003589,-2.206250,1.604994,-0.415062,-0.188752,0.216377,-2.732415,0.073197,2.574158,0.789722
76.143776,-0.000000,0.000000,0.000000,0.000000,-0.000000,-0.000000,1.000000,0.390221,-0.081769,0.123876,0.990709,-0.134915,0.016471,0.004705,0.392211,-0.083891,0.134290,0.991013,-0.133024,0.014047,0.001066,-3.139967,-0.028129,-0.266889,-0.017222,0.006544,-0.062712,0.036075,0.063062,-0.002842,-4.802871,3.750948,0.422879,-0.646163,-1.958547,1.162176,-0.415110,-0.180806,0.216364,-2.734482,0.072714,2.584813,0.789423
76.193983,-0.000000,0.000000,0.000000,0.000000,-0.000000,-0.000000,1.000000,0.390221,-0.081769,0.123876,0.990709,-0.134915,0.016471,0.004705,0.392371,-0.083960,0.131985,0.990978,-0.133237,0.014485,0.000645,-3.139011,-0.028885,-0.267334,-0.004198,0.005866,-0.043123,0.015811,0.014845,0.020326,-3.993983,4.599739,-0.350913,-0.751756,-1.409696,1.569531,-0.415337,-0.174052,0.216157,-2.735777,0.072664,2.593535,0.789384
76.243801,-0.000000,0.000000,0.000000,0.000000,-0.000000,-0.000000,1.000000,0.390221,-0.081769,0.123876,0.990709,-0.134915,0.016471,0.004705,0.392549,-0.084021,0.130251,0.990948,-0.133385,0.015147,0.000395,-3.138332,-0.030130,-0.267648,0.004820,0.004785,-0.030049,-0.005759,-0.052673,0.016834,-4.486031,4.666049,-0.587208,-0.790466,-1.536667,1.548628,-0.415489,-0.169058,0.216047,-2.737086,0.072623,2.601022,0.789382
76.293131,-0.000000,0.000000,0.000000,0.000000,-0.000000,-0.000000,1.000000,0.390221,-0.081769,0.123876,0.990709,-0.134915,0.016471,0.004705,0.392850,-0.084083,0.129067,0.990924,-0.133467,0.016030,0.000274,-3.137856,-0.031847,-0.267826,0.023789,0.001903,-0.009007,-0.036596,-0.142820,0.022298,-4.471889,4.310676,-2.437355,-0.526435,-0.845102,1.424225,-0.415573,-0.165484,0.216026,-2.738108,0.072599,2.607293,0.789404
76.344012,-0.000000,0.000000,0.000000,0.000000,-0.000000,-0.000000,1.000000,0.390221,-0.081769,0.123876,0.990709,-0.134915,0.016471,0.004705,0.393040,-0.084107,0.128262,0.990905,-0.133542,0.016514,0.000162,-3.137502,-0.032777,-0.267989,0.013679,-0.000092,-0.008763,-0.009616,-0.056498,0.004117,-5.008245,3.816161,-3.142240,-0.318053,-0.703476,1.192922,-0.415641,-0.162993,0.216032,-2.738658,0.072611,2.611235,0.789449
76.393900,-0.000000,0.000000,-0.751953,0.000000,-0.000000,-0.000000,1.000000,0.390221,-0.081769,0.120869,0.990709,-0.134915,0.016471,0.004705,0.392842,-0.084102,0.127515,0.990897,-0.133632,0.016298,0.000017,-3.137267,-0.032308,-0.268172,-0.012644,-0.000186,-0.016144,0.014376,0.047410,-0.002099,-4.031504,4.165462,-1.651957,-0.568617,-0.979585,1.400171,-0.415782,-0.161162,0.215980,-2.739228,0.072587,2.613145,0.789426
76.443994,-0.000000,0.000000,-0.999969,0.000000,-0.000000,-0.000000,1.000000,0.390221,-0.081769,0.116869,0.990709,-0.134915,0.016471,0.004705,0.392810,-0.084068,0.126958,0.990892,-0.133649,0.016448,-0.000056,-3.137082,-0.032588,-0.268210,-0.002812,0.001692,-0.014753,0.008050,0.004868,-0.001377,-4.278627,4.224543,-1.894881,-0.559114,-1.010687,1.399791,-0.415775,-0.159757,0.215993,-2.739830,0.072606,2.615414,0.789430
76.494999,-0.000000,0.000000,-0.999969,0.000000,-0.000000,-0.000000,1.000000,0.390221,-0.081769,0.112869,0.990709,-0.134915,0.016471,0.004705,0.392802,-0.084029,0.126166,0.990887,-0.133682,0.016470,-0.000214,-3.136763,-0.032589,-0.268282,0.002595,-0.000024,-0.019093,0.003845,-0.017034,-0.000437,-5.523367,4.587706,-2.509833,-0.590426,-1.101608,1.436293,-0.415803,-0.157474,0.215983,-2.740238,0.072602,2.618080,0.789432
76.544990,-0.000000,0.000000,0.000000,0.000000,-0.000000,-0.000000,1.000000,0.390221,-0.081769,0.112869,0.990709,-0.134915,0.016471,0.004705,0.392812,-0.084010,0.124758,0.990871,-0.133812,0.016420,-0.000525,-3.136155,-0.032404,-0.268553,0.001589,-0.000943,-0.031769,0.011990,-0.010060,-0.007569,-5.937529,4.921804,-3.164721,-0.577604,-0.878494,1.541434,-0.416012,-0.153225,0.215968,-2.740694,0.072587,2.622554,0.789435
76.593925,-0.000000,0.000000,0.000000,0.000000,-0.000000,-0.000000,1.000000,0.390221,-0.081769,0.112869,0.990709,-0.134915,0.016471,0.004705,0.392877,-0.084038,0.123057,0.990845,-0.134014,0.016320,-0.000921,-3.135390,-0.032100,-0.268972,0.003257,-0.001946,-0.032345,0.013681,-0.004487,-0.008364,-6.506318,5.185391,-2.799359,-0.658118,-1.102089,1.618078,-0.416402,-0.147861,0.215953,-2.740958,0.072528,2.627818,0.789436
76.645008,-0.000000,0.000000,0.000000,0.000000,-0.000000,-0.000000,1.000000,0.390221,-0.081769,0.112869,0.990709,-0.134915,0.016471,0.004705,0.392979,-0.084069,0.121468,0.990821,-0.134208,0.016155,-0.001324,-3.134628,-0.031663,-0.269375,0.001069,-0.001111,-0.030619,0.019446,0.014931,-0.007176,-5.980768,5.045240,-2.885249,-0.622725,-0.931383,1.624113,-0.416750,-0.142647,0.215884,-2.740928,0.072458,2.632507,0.789429
76.695879,-0.000000,0.000000,0.000000,0.000000,-0.000000,-0.000000,1.000000,0.390221,-0.081769,0.112869,0.990709,-0.134915,0.016471,0.004705,0.393021,-0.084110,0.120100,0.990805,-0.134334,0.016023,-0.001626,-3.134062,-0.031320,-0.269637,-0.007387,-0.000416,-0.028487,0.020742,0.042536,-0.004618,-5.094820,5.005127,-2.841207,-0.676778,-0.739741,1.662583,-0.417042,-0.138267,0.215789,-2.741037,0.072262,2.636600,0.789423
76.745896,-0.000000,0.000000,0.000000,0.000000,-0.000000,-0.000000,1.000000,0.390221,-0.081769,0.112869,0.990709,-0.134915,0.016471,0.004705,0.393072,-0.084114,0.119065,0.990795,-0.134390,0.016156,-0.001809,-3.133662,-0.031533,-0.269756,-0.002074,0.001040,-0.020950,0.007577,0.001190,-0.000100,-5.008739,4.888776,-2.399415,-0.740858,-0.911170,1.607053,-0.417170,-0.135099,0.215748,-2.741447,0.072145,2.640355,0.789421
76.795994,-0.000000,0.000000,0.000000,0.000000,-0.000000,-0.000000,1.000000,0.390221,-0.081769,0.112869,0.990709,-0.134915,0.016471,0.004705,0.393172,-0.084116,0.118331,0.990788,-0.134407,0.016446,-0.001909,-3.133385,-0.032081,-0.269800,0.004292,0.000661,-0.011982,-0.001098,-0.026145,-0.000607,-5.649152,4.755114,-2.993053,-0.663019,-0.823963,1.495465,-0.417206,-0.132832,0.215720,-2.741859,0.072054,2.643555,0.789434
76.845788,-0.000000,0.000000,0.000000,0.000000,-0.000000,-0.000000,1.000000,0.390221,-0.081769,0.112869,0.990709,-0.134915,0.016471,0.004705,0.393252,-0.084138,0.117766,0.990779,-0.134456,0.016539,-0.002022,-3.133134,-0.032236,-0.269903,0.005609,-0.001365,-0.006991,-0.001609,-0.022311,-0.002247,-5.504044,4.735238,-3.221313,-0.651902,-0.649204,1.496894,-0.417296,-0.130956,0.215674,-2.741936,0.071985,2.645640,0.789432
76.895857,-0.000000,0.000000,-0.980286,0.000000,-0.000000,-0.000000,1.000000,0.390221,-0.081769,0.108948,0.990709,-0.134915,0.016471,0.004705,0.393285,-0.084159,0.117300,0.990772,-0.134513,0.016523,-0.002130,-3.132922,-0.032174,-0.270022,0.002369,-0.001985,-0.005829,0.002558,-0.006306,-0.006087,-5.141013,4.702424,-3.337462,-0.621071,-0.510703,1.522047,-0.417392,-0.129417,0.215620,-2.741940,0.071932,2.647105,0.789429
76.946064,-0.000000,0.000000,-0.999969,0.000000,-0.000000,-0.000000,1.000000,0.390221,-0.081769,0.104948,0.990709,-0.134915,0.016471,0.004705,0.393232,-0.084151,0.116800,0.990766,-0.134571,0.016380,-0.002255,-3.132712,-0.031855,-0.270140,-0.002268,-0.000718,-0.013401,0.009480,0.012335,-0.004032,-5.294051,4.781257,-3.315717,-0.662385,-0.524431,1.530535,-0.417498,-0.127923,0.215603,-2.742029,0.071911,2.648351,0.789423
76.995925,-0.000000,0.000000,-0.999969,0.000000,-0.000000,-0.000000,1.000000,0.390221,-0.081769,0.100948,0.990709,-0.134915,0.016471,0.004705,0.393212,-0.084142,0.115902,0.990756,-0.134646,0.016316,-0.002443,-3.132352,-0.031678,-0.270295,0.000565,0.000209,-0.021748,0.009127,-0.000931,-0.001126,-6.499646,5.197639,-3.247966,-0.778971,-0.764943,1.589845,-0.417669,-0.125185,0.215598,-2.742266,0.071830,2.651119,0.789429
77.046224,-0.000000,0.000000,0.000000,0.000000,-0.000000,-0.000000,1.000000,0.390221,-0.081769,0.100948,0.990709,-0.134915,0.016471,0.004705,0.393246,-0.084150,0.114449,0.990754,-0.134655,0.016336,-0.002681,-3.131876,-0.031652,-0.270322,0.002608,-0.000341,-0.033983,0.007627,-0.016470,-0.000023,-7.773896,5.378614,-3.042616,-0.896232,-1.017740,1.550064,-0.417949,-0.120642,0.215595,-2.742625,0.071450,2.655940,0.789433
77.096996,-0.000000,0.000000,0.000000,0.000000,-0.000000,-0.000000,1.000000,0.390221,-0.081769,0.100948,0.990709,-0.134915,0.016471,0.004705,0.393356,-0.084197,0.112472,0.990748,-0.134680,0.016441,-0.003002,-3.131210,-0.031774,-0.270384,0.002851,-0.002178,-0.039075,0.010606,-0.009482,-0.001369,-7.228619,5.364625,-3.535758,-0.865576,-0.639779,1.593197,-0.418385,-0.114302,0.215573,-2.742989,0.070890,2.662690,0.789427
77.147053,-0.000000,0.000000,0.000000,0.000000,-0.000000,-0.000000,1.000000,0.390221,-0.081769,0.100948,0.990709,-0.134915,0.016471,0.004705,0.393434,-0.084229,0.110649,0.990750,-0.134677,0.016296,-0.003337,-3.130586,-0.031398,-0.270386,-0.000040,-0.001940,-0.033863,0.019213,0.016878,-0.007973,-6.768723,5.286517,-3.466873,-0.893077,-0.598836,1.601460,-0.418710,-0.108306,0.215430,-2.742970,0.070266,2.668216,0.789430
77.197092,-0.000000,0.000000,0.000000,0.000000,-0.000000,-0.000000,1.000000,0.390221,-0.081769,0.100948,0.990709,-0.134915,0.016471,0.004705,0.393496,-0.084256,0.109184,0.990751,-0.134680,0.016163,-0.003617,-3.130067,-0.031058,-0.270396,-0.002446,-0.000604,-0.029510,0.015996,0.023089,-0.001106,-5.898661,5.109017,-3.743748,-0.863503,-0.314817,1.605456,-0.418849,-0.103457,0.215169,-2.742907,0.069751,2.672598,0.789431
77.246914,-0.000000,0.000000,0.000000,0.000000,-0.000000,-0.000000,1.000000,0.390221,-0.081769,0.100948,0.990709,-0.134915,0.016471,0.004705,0.393724,-0.084295,0.108154,0.990752,-0.134631,0.016472,-0.003762,-3.129698,-0.031631,-0.270310,0.019458,-0.003083,-0.005063,-0.017987,-0.080184,0.008996,-6.101541,4.852729,-4.264755,-0.793699,-0.172974,1.482130,-0.418979,-0.099843,0.215091,-2.742922,0.069351,2.676756,0.789427
77.297031,-0.000000,0.000000,0.000000,0.000000,-0.000000,-0.000000,1.000000,0.390221,-0.081769,0.100948,0.990709,-0.134915,0.016471,0.004705,0.393931,-0.084566,0.108103,0.990717,-0.134823,0.016969,-0.003697,-3.129684,-0.032633,-0.270706,-0.000240,-0.006677,0.001990,0.001320,0.003676,-0.018692,-4.674572,4.668484,-11.999029,-0.280508,3.193353,1.540592,-0.419200,-0.099349,0.214756,-2.742930,0.069144,2.678246,0.789433
77.346959,-0.000000,0.000000,0.000000,0.000000,-0.000000,-0.000000,1.000000,0.390221,-0.081769,0.100948,0.990709,-0.134915,0.016471,0.004705,0.393728,-0.084545,0.108018,0.990719,-0.134800,0.017059,-0.003627,-3.129800,-0.032829,-0.270659,-0.009339,0.003134,-0.006165,0.004990,0.022132,0.003408,-4.202168,4.754179,-10.152666,-0.483599,2.701617,1.607291,-0.419176,-0.099694,0.214766,-2.743741,0.069115,2.678910,0.789426
77.397055,-0.000000,0.000000,0.000000,0.000000,-0.000000,-0.000000,1.000000,0.390221,-0.081769,0.100948,0.990709,-0.134915,0.016471,0.004705,0.393822,-0.084531,0.108090,0.990722,-0.134717,0.017564,-0.003514,-3.129890,-0.033862,-0.270497,0.000169,0.002344,-0.000053,-0.005688,-0.014516,0.008836,-5.654837,4.358022,-10.108656,-0.395007,2.280673,1.339427,-0.419070,-0.100058,0.214849,-2.744270,0.069116,2.680113,0.789429
77.447167,-0.000000,0.000000,0.000000,0.000000,-0.000000,-0.000000,1.000000,0.390221,-0.081769,0.100948,0.990709,-0.134915,0.016471,0.004705,0.393823,-0.084546,0.108097,0.990719,-0.134733,0.017615,-0.003503,-3.129898,-0.033965,-0.270530,-0.000359,0.000201,-0.000316,-0.000126,-0.000549,0.001240,-5.628579,4.446700,-10.181180,-0.450754,2.294932,1.379326,-0.419082,-0.100102,0.214836,-2.744335,0.069118,2.680237,0.789431
77.497176,-0.000000,0.000000,0.000000,0.000000,-0.000000,-0.000000,1.000000,0.390221,-0.081769,0.100948,0.990709,-0.134915,0.016471,0.004705,0.393837,-0.084544,0.108099,0.990720,-0.134727,0.017632,-0.003501,-3.129898,-0.034000,-0.270518,0.000342,-0.000627,-0.000090,0.000308,-0.000454,-0.002186,-5.591146,4.315119,-10.032930,-0.431935,2.240961,1.338657,-0.419078,-0.100087,0.214843,-2.744322,0.069114,2.680274,0.789435
77.549406,-0.000000,0.000000,0.000000,0.000000,-0.000000,-0.000000,1.000000,0.390221,-0.081769,0.100948,0.990709,-0.134915,0.016471,0.004705,0.393843,-0.084548,0.108105,0.990719,-0.134731,0.017648,-0.003499,-3.129898,-0.034033,-0.270526,0.001841,-0.000682,0.001787,-0.001403,-0.005346,-0.001512,-5.483103,4.316833,-10.109045,-0.449779,2.294742,1.338667,-0.419077,-0.100100,0.214837,-2.744324,0.069117,2.680296,0.789435
77.597594,-0.000000,0.000000,0.000000,0.000000,-0.000000,-0.000000,1.000000,0.390221,-0.081769,0.100948,0.990709,-0.134915,0.016471,0.004705,0.393848,-0.084544,0.108105,0.990721,-0.134717,0.017655,-0.003496,-3.129902,-0.034048,-0.270498,0.001456,-0.000787,0.001223,-0.001521,-0.003685,0.000643,-5.441005,4.261991,-10.096152,-0.441031,2.287851,1.321936,-0.419073,-0.100095,0.214848,-2.744325,0.069109,2.680316,0.789429
77.647164,-0.000000,0.000000,0.000000,0.000000,-0.000000,-0.000000,1.000000,0.390221,-0.081769,0.100948,0.990709,-0.134915,0.016471,0.004705,0.393845,-0.084546,0.108101,0.990719,-0.134726,0.017656,-0.003497,-3.129899,-0.034049,-0.270517,-0.000379,-0.000423,-0.000663,0.001338,0.000559,-0.003155,-5.397439,4.272770,-10.133984,-0.456329,2.301810,1.331172,-0.419077,-0.100090,0.214846,-2.744335,0.069115,2.680333,0.789435
77.697791,-0.000000,0.000000,0.000000,0.000000,-0.000000,-0.000000,1.000000,0.390221,-0.081769,0.100948,0.990709,-0.134915,0.016471,0.004705,0.393848,-0.084544,0.108103,0.990720,-0.134718,0.017661,-0.003495,-3.129902,-0.034060,-0.270501,0.000438,0.000037,0.000248,0.000101,-0.001365,-0.000330,-5.407197,4.241801,-10.098899,-0.456772,2.291571,1.317683,-0.419073,-0.100092,0.214849,-2.744334,0.069109,2.680341,0.789432
77.747745,-0.000000,0.000000,0.000000,0.000000,-0.000000,-0.000000,1.000000,0.390221,-0.081769,0.100948,0.990709,-0.134915,0.016471,0.004705,0.393849,-0.084545,0.108104,0.990720,-0.134719,0.017665,-0.003493,-3.129904,-0.034067,-0.270502,-0.000071,-0.000105,-0.000010,-0.000776,0.000168,0.000977,-5.383574,4.245962,-10.049233,-0.464803,2.285222,1.320908,-0.419072,-0.100095,0.214846,-2.744337,0.069105,2.680347,0.789434
77.797804,-0.000000,0.000000,0.000000,0.000000,-0.000000,-0.000000,1.000000,0.390221,-0.081769,0.100948,0.990709,-0.134915,0.016471,0.004705,0.393851,-0.084545,0.108104,0.990720,-0.134717,0.017667,-0.003493,-3.129905,-0.034071,-0.270500,0.000711,0.000009,0.000339,-0.000483,-0.001433,-0.000593,-5.387946,4.249953,-10.149741,-0.470900,2.324988,1.317953,-0.419074,-0.100090,0.214849,-2.744334,0.069102,2.680354,0.789436
77.847983,-0.000000,0.000000,0.000000,0.000000,-0.000000,-0.000000,1.000000,0.390221,-0.081769,0.100948,0.990709,-0.134915,0.016471,0.004705,0.393850,-0.084544,0.108103,0.990721,-0.134712,0.017666,-0.003492,-3.129907,-0.034071,-0.270489,0.000032,0.000470,-0.000044,-0.000771,0.000580,0.003651,-5.395540,4.239522,-10.102089,-0.469701,2.311966,1.317033,-0.419074,-0.100093,0.214853,-2.744339,0.069099,2.680355,0.789431
77.898911,-0.000000,0.000000,0.000000,0.000000,-0.000000,-0.000000,1.000000,0.390221,-0.081769,0.100948,0.990709,-0.134915,0.016471,0.004705,0.393848,-0.084547,0.108102,0.990720,-0.134718,0.017668,-0.003491,-3.129908,-0.034074,-0.270501,-0.000610,-0.000053,-0.000818,0.000765,0.001595,-0.001845,-5.388686,4.203579,-10.072992,-0.473826,2.311419,1.303228,-0.419079,-0.100093,0.214849,-2.744344,0.069097,2.680364,0.789437
77.947991,-0.000000,0.000000,0.000000,0.000000,-0.000000,-0.000000,1.000000,0.390221,-0.081769,0.100948,0.990709,-0.134915,0.016471,0.004705,0.393853,-0.084547,0.108106,0.990721,-0.134716,0.017675,-0.003490,-3.129908,-0.034088,-0.270496,0.000532,-0.000040,0.000364,0.000693,-0.000481,-0.000664,-5.372150,4.246569,-10.045830,-0.486095,2.304420,1.323821,-0.419074,-0.100096,0.214847,-2.744338,0.069097,2.680368,0.789434
77.997997,-0.000000,0.000000,0.000000,0.000000,-0.000000,-0.000000,1.000000,0.390221,-0.081769,0.100948,0.990709,-0.134915,0.016471,0.004705,0.393854,-0.084546,0.108106,0.990721,-0.134709,0.017677,-0.003488,-3.129912,-0.034093,-0.270482,0.001153,0.000567,0.000911,-0.001539,-0.003882,0.003672,-5.386080,4.248029,-10.057520,-0.504278,2.302531,1.317898,-0.419073,-0.100097,0.214852,-2.744341,0.069091,2.680376,0.789430
78.047928,-0.000000,0.000000,0.000000,0.000000,-0.000000,-0.000000,1.000000,0.390221,-0.081769,0.100948,0.990709,-0.134915,0.016471,0.004705,0.393851,-0.084546,0.108102,0.990721,-0.134711,0.017673,-0.003488,-3.129912,-0.034084,-0.270488,0.000549,0.000276,0.000019,0.000165,-0.000161,0.000113,-5.385244,4.233022,-10.047395,-0.513920,2.306751,1.308952,-0.419074,-0.100089,0.214849,-2.744343,0.069087,2.680377,0.789437
78.098096,-0.000000,0.000000,0.000000,0.000000,-0.000000,-0.000000,1.000000,0.390221,-0.081769,0.100948,0.990709,-0.134915,0.016471,0.004705,0.393855,-0.084549,0.108105,0.990721,-0.134708,0.017680,-0.003486,-3.129915,-0.034099,-0.270481,0.000409,-0.000561,0.000399,-0.000094,-0.001499,-0.000966,-5.399822,4.242680,-10.067110,-0.519327,2.300360,1.312831,-0.419078,-0.100093,0.214850,-2.744342,0.069082,2.680387,0.789432
78.148106,-0.000000,0.000000,0.000000,0.000000,-0.000000,-0.000000,1.000000,0.390221,-0.081769,0.100948,0.990709,-0.134915,0.016471,0.004705,0.393851,-0.084545,0.108103,0.990722,-0.134705,0.017677,-0.003485,-3.129918,-0.034093,-0.270475,-0.000594,0.000412,-0.000515,0.000488,0.002070,0.000402,-5.342224,4.224371,-10.092961,-0.512181,2.334871,1.309424,-0.419074,-0.100094,0.214854,-2.744350,0.069079,2.680387,0.789435
78.199792,-0.000000,0.000000,0.000000,0.000000,-0.000000,-0.000000,1.000000,0.390221,-0.081769,0.100948,0.990709,-0.134915,0.016471,0.004705,0.393853,-0.084547,0.108103,0.990722,-0.134705,0.017679,-0.003484,-3.129919,-0.034098,-0.270475,0.000894,-0.000481,0.000372,-0.000086,-0.001834,-0.001692,-5.360165,4.282890,-10.049417,-0.531850,2.324124,1.330794,-0.419074,-0.100090,0.214849,-2.744346,0.069074,2.680392,0.789435
78.248932,-0.000000,0.000000,0.000000,0.000000,-0.000000,-0.000000,1.000000,0.390221,-0.081769,0.100948,0.990709,-0.134915,0.016471,0.004705,0.393850,-0.084545,0.108101,0.990723,-0.134701,0.017676,-0.003483,-3.129922,-0.034093,-0.270466,-0.000647,0.000508,-0.000368,0.000428,0.001545,0.000016,-5.373233,4.270365,-10.118028,-0.524806,2.351248,1.323643,-0.419071,-0.100093,0.214851,-2.744355,0.069070,2.680393,0.789435
78.299836,-0.000000,0.000000,0.000000,0.000000,-0.000000,-0.000000,1.000000,0.390221,-0.081769,0.100948,0.990709,-0.134915,0.016471,0.004705,0.393853,-0.084546,0.108104,0.990723,-0.134699,0.017682,-0.003481,-3.129925,-0.034104,-0.270463,0.000166,0.000416,0.000074,-0.000556,-0.000819,0.001138,-5.342843,4.211321,-10.108089,-0.510826,2.355802,1.304278,-0.419073,-0.100096,0.214852,-2.744352,0.069065,2.680399,0.789436
78.349052,-0.000000,0.000000,0.000000,0.000000,-0.000000,-0.000000,1.000000,0.390221,-0.081769,0.100948,0.990709,-0.134915,0.016471,0.004705,0.393852,-0.084547,0.108102,0.990723,-0.134694,0.017680,-0.003480,-3.129927,-0.034102,-0.270453,-0.000743,-0.000427,-0.000568,-0.000190,0.002178,0.001316,-5.381628,4.270736,-10.041387,-0.535457,2.318394,1.323818,-0.419075,-0.100094,0.214852,-2.744354,0.069059,2.680400,0.789428
78.399000,-0.000000,0.000000,0.000000,0.000000,-0.000000,-0.000000,1.000000,0.390221,-0.081769,0.100948,0.990709,-0.134915,0.016471,0.004705,0.393852,-0.084546,0.108103,0.990723,-0.134694,0.017682,-0.003479,-3.129929,-0.034106,-0.270452,-0.000125,-0.000351,-0.000111,-0.000488,-0.000484,-0.000324,-5.362827,4.281093,-10.024653,-0.536385,2.325424,1.326729,-0.419076,-0.100096,0.214856,-2.744357,0.069058,2.680404,0.789431
78.449008,-0.000000,0.000000,0.000000,0.000000,-0.000000,-0.000000,1.000000,0.390221,-0.081769,0.100948,0.990709,-0.134915,0.016471,0.004705,0.393852,-0.084547,0.108104,0.990723,-0.134696,0.017683,-0.003478,-3.129930,-0.034107,-0.270456,-0.000034,0.000100,0.000162,-0.000353,-0.000468,-0.001513,-5.377168,4.260874,-10.069587,-0.540585,2.337613,1.316642,-0.419079,-0.100098,0.214856,-2.744356,0.069055,2.680403,0.789436
78.499626,-0.000000,0.000000,0.000000,0.000000,-0.000000,-0.000000,1.000000,0.390221,-0.081769,0.100948,0.990709,-0.134915,0.016471,0.004705,0.393853,-0.084547,0.108104,0.990724,-0.134690,0.017684,-0.003477,-3.129932,-0.034110,-0.270444,-0.000432,-0.000210,0.000059,0.000415,0.000875,0.000831,-5.332778,4.191534,-10.110346,-0.515311,2.357309,1.297801,-0.419075,-0.100100,0.214854,-2.744357,0.069053,2.680405,0.789426
78.549135,-0.000000,0.000000,0.000000,0.000000,-0.000000,-0.000000,1.000000,0.390221,-0.081769,0.100948,0.990709,-0.134915,0.016471,0.004705,0.393854,-0.084547,0.108104,0.990724,-0.134688,0.017685,-0.003476,-3.129934,-0.034112,-0.270441,0.000128,-0.000177,0.000144,0.000073,-0.000851,0.001231,-5.251358,4.216844,-10.119496,-0.523899,2.390723,1.312120,-0.419076,-0.100098,0.214857,-2.744356,0.069048,2.680408,0.789430
78.599222,-0.000000,0.000000,0.000000,0.000000,-0.000000,-0.000000,1.000000,0.390221,-0.081769,0.100948,0.990709,-0.134915,0.016471,0.004705,0.393853,-0.084546,0.108104,0.990724,-0.134688,0.017685,-0.003475,-3.129936,-0.034113,-0.270440,0.000278,-0.000409,0.000629,-0.000680,-0.001617,-0.001311,-5.330492,4.250296,-10.082085,-0.535573,2.353226,1.319147,-0.419076,-0.100100,0.214859,-2.744359,0.069044,2.680409,0.789434
78.649996,-0.000000,0.000000,0.000000,0.000000,-0.000000,-0.000000,1.000000,0.390221,-0.081769,0.100948,0.990709,-0.134915,0.016471,0.004705,0.393852,-0.084546,0.108102,0.990725,-0.134685,0.017685,-0.003474,-3.129939,-0.034112,-0.270434,-0.000801,0.000346,-0.000676,0.000198,0.001624,-0.000324,-5.262185,4.224288,-10.117094,-0.521831,2.385607,1.316756,-0.419078,-0.100095,0.214860,-2.744360,0.069038,2.680415,0.789434
78.700204,-0.000000,0.000000,0.000000,0.000000,-0.000000,-0.000000,1.000000,0.390221,-0.081769,0.100948,0.990709,-0.134915,0.016471,0.004705,0.393855,-0.084545,0.108104,0.990725,-0.134681,0.017688,-0.003472,-3.129942,-0.034119,-0.270426,0.000236,0.000184,-0.000008,-0.001130,-0.000737,0.000481,-5.301579,4.259005,-10.072193,-0.540918,2.358786,1.321463,-0.419074,-0.100098,0.214861,-2.744359,0.069032,2.680417,0.789435
78.750080,-0.000000,0.000000,0.000000,0.000000,-0.000000,-0.000000,1.000000,0.390221,-0.081769,0.100948,0.990709,-0.134915,0.016471,0.004705,0.393853,-0.084546,0.108103,0.990725,-0.134682,0.017686,-0.003472,-3.129942,-0.034115,-0.270429,-0.001000,0.000653,-0.000999,0.000829,0.002623,-0.000876,-5.294857,4.217834,-10.116575,-0.529471,2.381605,1.303296,-0.419077,-0.100096,0.214861,-2.744360,0.069032,2.680417,0.789436
78.800777,-0.000000,0.000000,0.000000,0.000000,-0.000000,-0.000000,1.000000,0.390221,-0.081769,0.100948,0.990709,-0.134915,0.016471,0.004705,0.393857,-0.084545,0.108106,0.990726,-0.134675,0.017691,-0.003470,-3.129945,-0.034126,-0.270415,0.001083,-0.000260,0.001065,-0.001728,-0.002936,0.001926,-5.312324,4.257367,-10.137662,-0.541331,2.386567,1.318529,-0.419071,-0.100100,0.214862,-2.744356,0.069025,2.680420,0.789434
78.849997,-0.000000,0.000000,0.692886,0.000000,-0.000000,-0.000000,1.000000,0.390221,-0.081769,0.103720,0.990709,-0.134915,0.016471,0.004705,0.393856,-0.084544,0.108105,0.990726,-0.134675,0.017690,-0.003470,-3.129945,-0.034124,-0.270414,0.000280,0.000590,0.000343,-0.000298,-0.001583,0.000242,-5.344331,4.223139,-10.021079,-0.535956,2.336116,1.308235,-0.419070,-0.100102,0.214862,-2.744360,0.069028,2.680420,0.789432
78.901178,-0.000000,0.000000,0.999969,0.000000,-0.000000,-0.000000,1.000000,0.390221,-0.081769,0.107719,0.990709,-0.134915,0.016471,0.004705,0.393850,-0.084548,0.108136,0.990726,-0.134668,0.017720,-0.003452,-3.129972,-0.034188,-0.270399,-0.000525,-0.000067,0.000739,-0.001875,-0.001717,0.002320,-5.475555,4.216853,-9.109632,-0.617729,1.951959,1.289337,-0.419070,-0.100234,0.214867,-2.744418,0.069020,2.680411,0.789429
78.950748,-0.000000,0.000000,0.999969,0.000000,-0.000000,-0.000000,1.000000,0.390221,-0.081769,0.111719,0.990709,-0.134915,0.016471,0.004705,0.393861,-0.084546,0.108207,0.990728,-0.134644,0.017800,-0.003417,-3.130022,-0.034356,-0.270351,-0.000569,0.000218,0.001383,-0.002604,-0.002540,0.002030,-5.619213,4.069420,-5.733552,-0.841086,0.563789,1.218908,-0.419052,-0.100488,0.214894,-2.744501,0.069012,2.680412,0.789432
79.000184,-0.000000,0.000000,0.999969,0.000000,-0.000000,-0.000000,1.000000,0.390221,-0.081769,0.115719,0.990709,-0.134915,0.016471,0.004705,0.393902,-0.084476,0.108350,0.990745,-0.134505,0.017943,-0.003345,-3.130131,-0.034661,-0.270071,0.001772,0.001395,0.005577,-0.006556,-0.009742,0.009050,-5.292834,3.478383,-1.191725,-1.045732,-1.181673,1.004639,-0.418988,-0.100981,0.215091,-2.744626,0.068996,2.680356,0.789428
79.050789,-0.000000,0.000000,0.999969,0.000000,-0.000000,-0.000000,1.000000,0.390221,-0.081769,0.119719,0.990709,-0.134915,0.016471,0.004705,0.394036,-0.084513,0.108798,0.990747,-0.134433,0.018365,-0.003176,-3.130355,-0.035544,-0.269929,0.002294,-0.001037,0.013151,-0.012075,-0.018734,0.003177,-4.102583,3.402521,0.772996,-1.159160,-1.750773,1.056034,-0.418966,-0.102324,0.215205,-2.744776,0.068991,2.680062,0.789433
79.101013,-0.000000,0.000000,0.999969,0.000000,-0.000000,-0.000000,1.000000,0.390221,-0.081769,0.123719,0.990709,-0.134915,0.016471,0.004705,0.394165,-0.084617,0.109716,0.990747,-0.134367,0.018910,-0.002874,-3.130809,-0.036707,-0.269796,0.001373,-0.000891,0.023405,-0.018523,-0.022179,0.004567,-2.774016,3.238149,1.483697,-1.127878,-1.710862,1.109665,-0.418894,-0.105210,0.215234,-2.744994,0.068987,2.678589,0.789433
79.151043,-0.000000,0.000000,0.999969,0.000000,-0.000000,-0.000000,1.000000,0.390221,-0.081769,0.127719,0.990709,-0.134915,0.016471,0.004705,0.394241,-0.084698,0.111226,0.990760,-0.134187,0.019576,-0.002384,-3.131608,-0.038159,-0.269429,-0.000133,0.000211,0.036635,-0.028923,-0.026743,0.013470,-1.848518,2.746441,2.194272,-1.076915,-1.638188,0.972712,-0.418748,-0.110186,0.215412,-2.745435,0.068992,2.675564,0.789435
79.201109,-0.000000,0.000000,0.999969,0.000000,-0.000000,-0.000000,1.000000,0.390221,-0.081769,0.131719,0.990709,-0.134915,0.016471,0.004705,0.394220,-0.084693,0.113306,0.990792,-0.133842,0.020386,-0.001690,-3.132780,-0.039955,-0.268722,-0.000358,-0.001012,0.047354,-0.035632,-0.034909,0.007599,-1.400197,2.344402,2.653865,-1.069802,-1.530292,0.814445,-0.418369,-0.117340,0.215732,-2.746306,0.069000,2.671159,0.789484
79.251783,-0.000000,0.000000,0.999969,0.000000,-0.000000,-0.000000,1.000000,0.390221,-0.081769,0.135719,0.990709,-0.134915,0.016471,0.004705,0.394094,-0.084654,0.115844,0.990823,-0.133488,0.021204,-0.000841,-3.134259,-0.041806,-0.267990,-0.006790,0.001409,0.053894,-0.035521,-0.009174,-0.000474,-1.585760,2.052825,3.491567,-1.109632,-1.752384,0.663989,-0.418047,-0.126209,0.216302,-2.747370,0.069002,2.665313,0.789716
79.300976,-0.000000,0.000000,0.999969,0.000000,-0.000000,-0.000000,1.000000,0.390221,-0.081769,0.139718,0.990709,-0.134915,0.016471,0.004705,0.393945,-0.084637,0.118828,0.990853,-0.133118,0.022131,0.000127,-3.135948,-0.043905,-0.267219,-0.011005,0.003682,0.058652,-0.037338,-0.004514,0.017232,-0.920324,2.234497,3.025621,-1.144711,-1.379923,0.757818,-0.417523,-0.136547,0.216713,-2.748467,0.069015,2.658295,0.789951
79.350971,-0.000000,0.000000,0.999969,0.000000,-0.000000,-0.000000,1.000000,0.390221,-0.081769,0.143718,0.990709,-0.134915,0.016471,0.004705,0.393780,-0.084534,0.122115,0.990882,-0.132728,0.023139,0.001164,-3.137752,-0.046181,-0.266403,-0.006391,0.004997,0.066776,-0.042262,-0.020471,0.016980,-1.786174,2.157338,3.174379,-1.175649,-1.686699,0.622984,-0.416496,-0.147910,0.216881,-2.749611,0.069042,2.650483,0.790387
79.401999,-0.000000,0.000000,0.999969,0.000000,-0.000000,-0.000000,1.000000,0.390221,-0.081769,0.147718,0.990709,-0.134915,0.016471,0.004705,0.393688,-0.084460,0.125676,0.990909,-0.132323,0.024198,0.002244,-3.139633,-0.048568,-0.265551,0.006156,0.003538,0.078206,-0.064152,-0.086026,0.021354,-1.902758,1.930107,2.463432,-1.060841,-1.499313,0.507475,-0.415518,-0.159858,0.217075,-2.750382,0.069070,2.641832,0.790768
79.451979,-0.000000,0.000000,0.999969,0.000000,-0.000000,-0.000000,1.000000,0.390221,-0.081769,0.151718,0.990709,-0.134915,0.016471,0.004705,0.393440,-0.084371,0.129346,0.990930,-0.131988,0.025021,0.003336,3.141587,-0.050489,-0.264834,-0.007294,0.001975,0.075237,-0.041265,0.001004,0.007147,-1.436057,1.613784,1.938760,-0.947746,-1.139800,0.413552,-0.414639,-0.172309,0.217337,-2.751089,0.069100,2.632152,0.791243
79.502751,-0.000000,0.000000,0.999969,0.000000,-0.000000,-0.000000,1.000000,0.390221,-0.081769,0.155718,0.990709,-0.134915,0.016471,0.004705,0.393125,-0.084283,0.133111,0.990950,-0.131749,0.025322,0.004343,3.139655,-0.051352,-0.264304,-0.032898,0.004540,0.057868,0.002458,0.141081,-0.011183,-0.650198,1.682266,3.309466,-1.090241,-1.359283,0.495847,-0.414049,-0.184698,0.217749,-2.750960,0.069150,2.620647,0.791756
79.552168,-0.000000,0.000000,0.999969,0.000000,-0.000000,-0.000000,1.000000,0.390221,-0.081769,0.159718,0.990709,-0.134915,0.016471,0.004705,0.392906,-0.084153,0.137022,0.990972,-0.131429,0.025929,0.005403,3.137694,-0.052835,-0.263612,-0.034644,0.009577,0.058154,-0.004993,0.144054,0.017122,-0.423222,1.093927,2.387953,-0.846049,-0.954370,0.292943,-0.413595,-0.197428,0.218495,-2.750851,0.069384,2.609453,0.792125
79.603171,-0.000000,0.000000,0.999969,0.000000,-0.000000,-0.000000,1.000000,0.390221,-0.081769,0.163718,0.990709,-0.134915,0.016471,0.004705,0.392684,-0.084079,0.140916,0.990972,-0.131236,0.026635,0.006435,3.135821,-0.054504,-0.263173,-0.021093,0.006959,0.068568,-0.026408,0.062918,0.014389,-1.180693,1.273275,1.760860,-0.803296,-0.955619,0.284589,-0.413191,-0.210042,0.219111,-2.750729,0.069713,2.598545,0.792469
79.652028,-0.000000,0.000000,0.999969,0.000000,-0.000000,-0.000000,1.000000,0.390221,-0.081769,0.167718,0.990709,-0.134915,0.016471,0.004705,0.392437,-0.083957,0.144920,0.990980,-0.131030,0.027106,0.007415,3.133988,-0.055694,-0.262709,-0.018531,0.005318,0.071417,-0.017670,0.072941,0.002478,-1.412383,1.077827,1.744996,-0.681146,-0.995217,0.185469,-0.412653,-0.222724,0.219610,-2.750105,0.070054,2.586586,0.792795
79.702112,-0.000000,0.000000,0.999969,0.000000,-0.000000,-0.000000,1.000000,0.390221,-0.081769,0.171717,0.990709,-0.134915,0.016471,0.004705,0.392376,-0.083901,0.148896,0.990966,-0.130918,0.027888,0.008345,3.132339,-0.057488,-0.262436,-0.006109,0.003764,0.076696,-0.032584,0.017301,0.011772,-2.685083,1.580486,2.264003,-0.823497,-1.582712,0.271266,-0.412072,-0.234869,0.219903,-2.749242,0.070467,2.575516,0.793092
79.752744,-0.000000,0.000000,0.385803,0.000000,-0.000000,-0.000000,1.000000,0.390221,-0.081769,0.173261,0.990709,-0.134915,0.016471,0.004705,0.392225,-0.083859,0.152865,0.990956,-0.130811,0.028445,0.009238,3.130706,-0.058826,-0.262171,0.005499,-0.002541,0.089052,-0.051320,-0.050997,0.001166,-2.806151,1.360811,1.057956,-0.572493,-1.151129,0.180614,-0.411666,-0.246894,0.220230,-2.748116,0.070875,2.563848,0.793251
79.802760,-0.000000,0.000000,0.000000,0.000000,-0.000000,-0.000000,1.000000,0.390221,-0.081769,0.173261,0.990709,-0.134915,0.016471,0.004705,0.392059,-0.083798,0.156703,0.990942,-0.130760,0.028886,0.010033,3.129241,-0.059908,-0.262024,0.016251,-0.001464,0.091699,-0.059217,-0.084673,0.014689,-3.205656,1.499553,0.942686,-0.549616,-1.211155,0.197667,-0.411236,-0.258354,0.220458,-2.746784,0.071357,2.552274,0.793389
79.852953,-0.000000,0.000000,0.000000,0.000000,-0.000000,-0.000000,1.000000,0.390221,-0.081769,0.173261,0.990709,-0.134915,0.016471,0.004705,0.391809,-0.083707,0.160029,0.990933,-0.130738,0.029088,0.010678,3.128010,-0.060477,-0.261943,0.016750,-0.000811,0.082228,-0.059246,-0.111977,0.011359,-3.343065,1.538130,0.554699,-0.487497,-1.100589,0.204706,-0.410822,-0.268331,0.220608,-2.745548,0.071820,2.541747,0.793503
79.903909,-0.000000,0.000000,0.000000,0.000000,-0.000000,-0.000000,1.000000,0.390221,-0.081769,0.173261,0.990709,-0.134915,0.016471,0.004705,0.391412,-0.083562,0.162550,0.990912,-0.130812,0.029273,0.011150,3.127127,-0.060968,-0.262064,0.016313,-0.000352,0.063760,-0.043425,-0.104567,-0.000078,-4.173007,1.826580,1.273174,-0.599161,-1.683762,0.249131,-0.410428,-0.276541,0.220757,-2.745250,0.072480,2.533819,0.793599
79.953101,-0.000000,0.000000,0.000000,0.000000,-0.000000,-0.000000,1.000000,0.390221,-0.081769,0.173261,0.990709,-0.134915,0.016471,0.004705,0.391111,-0.083453,0.164588,0.990898,-0.130906,0.029220,0.011450,3.126522,-0.060943,-0.262236,0.009439,-0.000418,0.049706,-0.024602,-0.041432,0.001794,-3.915691,1.913607,1.997606,-0.656691,-1.872627,0.318203,-0.410214,-0.282858,0.220877,-2.744550,0.073068,2.526848,0.793613
80.003135,-0.000000,0.000000,0.000000,0.000000,-0.000000,-0.000000,1.000000,0.390221,-0.081769,0.173261,0.990709,-0.134915,0.016471,0.004705,0.391010,-0.083380,0.166166,0.990896,-0.130956,0.029009,0.011614,3.126145,-0.060570,-0.262328,-0.005426,0.002650,0.026421,0.009426,0.077291,0.010609,-3.485387,1.874160,2.914983,-0.734316,-2.069961,0.337664,-0.410158,-0.287122,0.221014,-2.743288,0.073472,2.521002,0.793587
80.053268,-0.000000,0.000000,0.000000,0.000000,-0.000000,-0.000000,1.000000,0.390221,-0.081769,0.173261,0.990709,-0.134915,0.016471,0.004705,0.391042,-0.083338,0.167404,0.990909,-0.130990,0.028398,0.011620,3.125976,-0.059359,-0.262395,-0.004766,0.001499,0.018216,0.010737,0.062937,0.003608,-2.116691,1.656823,3.553624,-0.689863,-1.790359,0.362523,-0.410161,-0.289609,0.221010,-2.741185,0.073638,2.515236,0.793567
80.103879,-0.000000,0.000000,0.000000,0.000000,-0.000000,-0.000000,1.000000,0.390221,-0.081769,0.173261,0.990709,-0.134915,0.016471,0.004705,0.391309,-0.083321,0.168306,0.990905,-0.131086,0.028127,0.011536,3.126077,-0.058800,-0.262594,0.006783,0.000349,0.014096,0.003298,-0.001053,-0.003090,-3.097295,1.968770,3.601264,-0.766763,-2.065685,0.395706,-0.410173,-0.290804,0.220999,-2.739183,0.073906,2.511498,0.793596
80.153380,-0.000000,0.000000,0.000000,0.000000,-0.000000,-0.000000,1.000000,0.390221,-0.081769,0.173261,0.990709,-0.134915,0.016471,0.004705,0.391462,-0.083310,0.168842,0.990912,-0.131080,0.027892,0.011509,3.126069,-0.058328,-0.262585,0.005216,0.000774,0.009369,-0.003739,-0.009578,0.003829,-2.807782,1.922305,3.520384,-0.723662,-1.894469,0.389396,-0.410175,-0.291449,0.220997,-2.737891,0.073938,2.509100,0.793602
80.203357,-0.000000,0.000000,0.000000,0.000000,-0.000000,-0.000000,1.000000,0.390221,-0.081769,0.173261,0.990709,-0.134915,0.016471,0.004705,0.391487,-0.083295,0.169151,0.990919,-0.131075,0.027671,0.011495,3.126038,-0.057885,-0.262576,0.001784,-0.000280,0.005385,-0.001545,-0.002382,-0.000784,-2.919221,1.830876,3.701512,-0.701467,-1.994028,0.339239,-0.410179,-0.291933,0.220993,-2.737195,0.073947,2.507484,0.793597
80.254020,-0.000000,0.000000,0.999969,0.000000,-0.000000,-0.000000,1.000000,0.390221,-0.081769,0.177261,0.990709,-0.134915,0.016471,0.004705,0.391483,-0.083288,0.169327,0.990922,-0.131082,0.027550,0.011491,3.126015,-0.057644,-0.262590,0.000767,0.000081,0.002954,-0.000725,-0.002396,0.000743,-2.731175,1.884936,3.634275,-0.709645,-1.908892,0.359234,-0.410180,-0.292269,0.220985,-2.736861,0.073962,2.506577,0.793599
80.304005,-0.000000,0.000000,0.999969,0.000000,-0.000000,-0.000000,1.000000,0.390221,-0.081769,0.181260,0.990709,-0.134915,0.016471,0.004705,0.391608,-0.083305,0.169688,0.990920,-0.131085,0.027611,0.011522,3.125970,-0.057773,-0.262593,0.004674,-0.000492,0.012403,-0.005238,-0.009870,0.000428,-2.888973,1.883387,3.764880,-0.705321,-2.014538,0.342831,-0.410185,-0.292847,0.220987,-2.736276,0.073978,2.505552,0.793610
80.354233,-0.000000,0.000000,0.999969,0.000000,-0.000000,-0.000000,1.000000,0.390221,-0.081769,0.185260,0.990709,-0.134915,0.016471,0.004705,0.391860,-0.083362,0.170659,0.990912,-0.131096,0.027774,0.011632,3.125794,-0.058127,-0.262610,0.005294,-0.000081,0.024767,-0.007380,-0.002181,0.002633,-2.943181,1.875412,3.774027,-0.700757,-2.021687,0.338855,-0.410190,-0.294653,0.220949,-2.734951,0.074000,2.502797,0.793619
80.405260,-0.000000,0.000000,0.999969,0.000000,-0.000000,-0.000000,1.000000,0.390221,-0.081769,0.189260,0.990709,-0.134915,0.016471,0.004705,0.392118,-0.083418,0.172296,0.990910,-0.131103,0.027748,0.011805,3.125445,-0.058119,-0.262615,0.000246,0.002015,0.035136,-0.000146,0.036952,0.003730,-2.648992,1.742119,3.944185,-0.652803,-1.983456,0.320688,-0.410196,-0.297899,0.220893,-2.732713,0.074014,2.497346,0.793628
80.455195,-0.000000,0.000000,0.999969,0.000000,-0.000000,-0.000000,1.000000,0.390221,-0.081769,0.193260,0.990709,-0.134915,0.016471,0.004705,0.392496,-0.083490,0.174653,0.990902,-0.131155,0.027694,0.012021,3.125005,-0.058069,-0.262707,0.017516,-0.002611,0.058743,-0.014007,-0.038894,-0.010085,-3.013180,1.872485,3.709741,-0.687665,-2.032330,0.345432,-0.410204,-0.302466,0.220802,-2.729403,0.074091,2.489477,0.793675
80.505200,-0.000000,0.000000,0.999969,0.000000,-0.000000,-0.000000,1.000000,0.390221,-0.081769,0.197260,0.990709,-0.134915,0.016471,0.004705,0.392973,-0.083549,0.177583,0.990872,-0.131325,0.027875,0.012228,3.124651,-0.058485,-0.263038,0.018631,-0.001873,0.068155,-0.018299,-0.039219,-0.003486,-3.026294,1.652892,2.410698,-0.456965,-1.555566,0.286480,-0.410204,-0.308298,0.220728,-2.725615,0.074557,2.480342,0.793694
80.557015,-0.000000,0.000000,0.999969,0.000000,-0.000000,-0.000000,1.000000,0.390221,-0.081769,0.201260,0.990709,-0.134915,0.016471,0.004705,0.393100,-0.083526,0.180801,0.990846,-0.131576,0.027530,0.012387,3.124260,-0.057849,-0.263536,0.019788,-0.003309,0.082942,-0.028895,-0.051104,0.003045,-2.726159,1.456832,1.949361,-0.341762,-1.284380,0.249218,-0.410211,-0.315283,0.220636,-2.721677,0.075220,2.468863,0.793688
80.605214,-0.000000,0.000000,0.767700,0.000000,-0.000000,-0.000000,1.000000,0.390221,-0.081769,0.204331,0.990709,-0.134915,0.016471,0.004705,0.392971,-0.083471,0.184141,0.990807,-0.131916,0.027227,0.012584,3.123809,-0.057304,-0.264214,0.015758,-0.002057,0.084572,-0.035474,-0.077525,-0.003380,-3.176882,1.624733,1.514774,-0.366098,-1.320560,0.282819,-0.410202,-0.323293,0.220528,-2.718361,0.076053,2.457079,0.793697
80.655251,-0.000000,0.000000,0.000000,0.000000,-0.000000,-0.000000,1.000000,0.390221,-0.081769,0.204331,0.990709,-0.134915,0.016471,0.004705,0.392867,-0.083401,0.187693,0.990759,-0.132244,0.027248,0.012853,3.123300,-0.057423,-0.264860,0.017128,-0.000677,0.088337,-0.038467,-0.076007,0.005134,-3.115393,1.515044,1.491408,-0.331494,-1.304807,0.262453,-0.410186,-0.331965,0.220495,-2.715216,0.076973,2.445475,0.793688
80.706026,-0.000000,0.000000,0.000000,0.000000,-0.000000,-0.000000,1.000000,0.390221,-0.081769,0.204331,0.990709,-0.134915,0.016471,0.004705,0.392614,-0.083305,0.191087,0.990718,-0.132578,0.027031,0.013079,3.122814,-0.057059,-0.265524,0.010377,0.000992,0.076465,-0.029209,-0.052972,0.001831,-3.685362,1.672009,1.152540,-0.372761,-1.400908,0.278150,-0.410192,-0.340338,0.220432,-2.712162,0.077837,2.433772,0.793686
80.756415,-0.000000,0.000000,0.000000,0.000000,-0.000000,-0.000000,1.000000,0.390221,-0.081769,0.204331,0.990709,-0.134915,0.016471,0.004705,0.392403,-0.083207,0.193960,0.990678,-0.132854,0.027019,0.013295,3.122397,-0.057098,-0.266069,0.008712,0.000321,0.062389,-0.027399,-0.053717,-0.000158,-3.752034,1.612549,0.934334,-0.353428,-1.387323,0.249348,-0.410196,-0.347524,0.220435,-2.709782,0.078608,2.424322,0.793692
80.806035,-0.000000,0.000000,0.000000,0.000000,-0.000000,-0.000000,1.000000,0.390221,-0.081769,0.204331,0.990709,-0.134915,0.016471,0.004705,0.392109,-0.083085,0.196165,0.990649,-0.133104,0.026792,0.013402,3.122138,-0.056681,-0.266570,0.010937,-0.000913,0.049857,-0.024486,-0.055200,0.000711,-3.832403,1.581335,0.655993,-0.334395,-1.379525,0.231285,-0.410190,-0.353171,0.220423,-2.707940,0.079301,2.416476,0.793693
80.856938,-0.000000,0.000000,0.000000,0.000000,-0.000000,-0.000000,1.000000,0.390221,-0.081769,0.204331,0.990709,-0.134915,0.016471,0.004705,0.391881,-0.082993,0.197782,0.990624,-0.133330,0.026587,0.013442,3.122018,-0.056289,-0.267025,0.012380,-0.002754,0.040710,-0.023281,-0.066818,-0.005159,-4.155437,1.725809,0.640198,-0.412980,-1.567848,0.257325,-0.410206,-0.357263,0.220394,-2.706523,0.079878,2.410615,0.793693
80.906297,-0.000000,0.000000,0.000000,0.000000,-0.000000,-0.000000,1.000000,0.390221,-0.081769,0.204331,0.990709,-0.134915,0.016471,0.004705,0.391610,-0.082925,0.198918,0.990595,-0.133552,0.026530,0.013479,3.121941,-0.056191,-0.267472,0.008377,0.000034,0.030698,-0.023728,-0.056381,0.003747,-4.268779,1.779448,0.543484,-0.459130,-1.647617,0.266733,-0.410201,-0.360590,0.220343,-2.705983,0.080404,2.406678,0.793693
80.958312,-0.000000,0.000000,0.000000,0.000000,-0.000000,-0.000000,1.000000,0.390221,-0.081769,0.204331,0.990709,-0.134915,0.016471,0.004705,0.391358,-0.082871,0.199769,0.990573,-0.133738,0.026403,0.013491,3.121894,-0.055945,-0.267846,0.006561,-0.001589,0.021754,-0.016011,-0.028663,0.007229,-3.753805,1.551219,0.173662,-0.369289,-1.373067,0.222872,-0.410215,-0.363128,0.220289,-2.705570,0.080813,2.403502,0.793687
81.008482,-0.000000,0.000000,0.000000,0.000000,-0.000000,-0.000000,1.000000,0.390221,-0.081769,0.204331,0.990709,-0.134915,0.016471,0.004705,0.391168,-0.082789,0.200423,0.990576,-0.133856,0.025751,0.013370,3.121969,-0.054622,-0.268096,-0.006182,0.001683,0.005852,0.009676,0.075313,0.015251,-3.439257,1.452306,1.361368,-0.450063,-1.696430,0.217199,-0.410255,-0.364403,0.220221,-2.704307,0.081064,2.399655,0.793675
81.060050,-0.000000,0.000000,0.000000,0.000000,-0.000000,-0.000000,1.000000,0.390221,-0.081769,0.204331,0.990709,-0.134915,0.016471,0.004705,0.391134,-0.082758,0.200904,0.990574,-0.133997,0.025157,0.013197,3.122161,-0.053402,-0.268392,-0.009640,0.003092,-0.000419,0.018367,0.092351,0.010309,-2.931526,1.289905,1.250203,-0.389933,-1.460325,0.194239,-0.410352,-0.364820,0.220118,-2.702850,0.081265,2.396565,0.793679
81.111156,-0.000000,0.000000,0.000000,0.000000,-0.000000,-0.000000,1.000000,0.390221,-0.081769,0.204331,0.990709,-0.134915,0.016471,0.004705,0.391146,-0.082718,0.201239,0.990581,-0.134115,0.024407,0.012949,3.122458,-0.051851,-0.268648,-0.010381,0.004066,-0.002936,0.026470,0.115659,0.016628,-2.730182,1.187077,1.461285,-0.375080,-1.465813,0.172944,-0.410413,-0.364568,0.219959,-2.701153,0.081431,2.393564,0.793666
81.160231,-0.000000,0.000000,0.000000,0.000000,-0.000000,-0.000000,1.000000,0.390221,-0.081769,0.204331,0.990709,-0.134915,0.016471,0.004705,0.391179,-0.082696,0.201514,0.990584,-0.134235,0.023731,0.012710,3.122757,-0.050449,-0.268906,-0.011620,0.003549,-0.004617,0.023330,0.108987,0.016298,-2.014205,0.917476,1.352283,-0.274504,-1.155325,0.132900,-0.410456,-0.364198,0.219766,-2.699580,0.081566,2.390953,0.793664
81.210223,-0.000000,0.000000,0.000000,0.000000,-0.000000,-0.000000,1.000000,0.390221,-0.081769,0.204331,0.990709,-0.134915,0.016471,0.004705,0.391122,-0.082678,0.201614,0.990586,-0.134347,0.023093,0.012509,3.122991,-0.049132,-0.269145,-0.023421,0.004412,-0.015609,0.031028,0.150957,0.016033,-1.984389,0.948041,2.074472,-0.357359,-1.447928,0.145775,-0.410534,-0.363797,0.219631,-2.698537,0.081674,2.388987,0.793655
81.259271,-0.000000,0.000000,0.000000,0.000000,-0.000000,-0.000000,1.000000,0.390221,-0.081769,0.204331,0.990709,-0.134915,0.016471,0.004705,0.390821,-0.082634,0.201534,0.990586,-0.134472,0.022441,0.012351,3.123137,-0.047800,-0.269408,-0.038383,0.006015,-0.024758,0.045794,0.199634,0.007619,-1.673123,0.975438,3.158739,-0.448626,-1.796597,0.182457,-0.410558,-0.363819,0.219492,-2.698403,0.081817,2.387491,0.793640
81.309300,-0.000000,0.000000,0.000000,0.000000,-0.000000,-0.000000,1.000000,0.390221,-0.081769,0.204331,0.990709,-0.134915,0.016471,0.004705,0.390635,-0.082602,0.201507,0.990581,-0.134572,0.022122,0.012257,3.123241,-0.047143,-0.269617,-0.037304,0.005511,-0.023597,0.048218,0.194368,0.001628,-1.580259,1.029103,3.567012,-0.506169,-1.959139,0.209957,-0.410564,-0.363988,0.219416,-2.698439,0.081969,2.386698,0.793643
81.359392,-0.000000,0.000000,0.000000,0.000000,-0.000000,-0.000000,1.000000,0.390221,-0.081769,0.204331,0.990709,-0.134915,0.016471,0.004705,0.390510,-0.082579,0.201516,0.990575,-0.134660,0.021901,0.012177,3.123346,-0.046685,-0.269799,-0.037454,0.006061,-0.025151,0.049553,0.196197,0.001995,-1.504524,0.984682,3.520414,-0.497580,-1.942531,0.199132,-0.410561,-0.364146,0.219341,-2.698419,0.082114,2.386059,0.793643
81.410087,-0.000000,0.638708,0.000000,0.000000,-0.000000,-0.000000,1.000000,0.390221,-0.079214,0.204331,0.990709,-0.134915,0.016471,0.004705,0.390382,-0.082556,0.201470,0.990567,-0.134759,0.021709,0.012087,3.123478,-0.046283,-0.270006,-0.038072,0.005910,-0.025833,0.048906,0.196037,0.000648,-1.620955,0.987445,3.577364,-0.502168,-2.036920,0.196732,-0.410555,-0.364233,0.219266,-2.698517,0.082290,2.385664,0.793642
81.461020,0.194085,0.972175,0.000000,0.000000,-0.000000,-0.000000,1.000000,0.390997,-0.075326,0.204331,0.990709,-0.134915,0.016471,0.004705,0.390283,-0.082380,0.201416,0.990570,-0.134788,0.021478,0.011919,3.123749,-0.045779,-0.270072,-0.038689,0.011304,-0.027522,0.050963,0.208971,0.013329,-1.454571,1.102184,3.571388,-0.514162,-1.988466,0.254321,-0.410369,-0.364266,0.219350,-2.698550,0.082721,2.385159,0.793647
81.510912,0.194085,0.972175,0.000000,0.000000,-0.000000,-0.000000,1.000000,0.391774,-0.071437,0.204331,0.990709,-0.134915,0.016471,0.004705,0.390345,-0.081592,0.201371,0.990611,-0.134564,0.021246,0.011428,3.124651,-0.045185,-0.269643,-0.034449,0.024618,-0.026577,0.058314,0.211446,0.035891,-1.821468,1.172125,3.699936,-0.478215,-2.192717,0.240338,-0.409405,-0.364214,0.220008,-2.698401,0.084280,2.384490,0.793673
81.560255,0.194085,0.972175,0.000000,0.000000,-0.000000,-0.000000,1.000000,0.392550,-0.067548,0.204331,0.990709,-0.134915,0.016471,0.004705,0.390569,-0.079967,0.201314,0.990653,-0.134381,0.020897,0.010543,3.126304,-0.044251,-0.269313,-0.030888,0.036552,-0.024551,0.081247,0.191153,-0.009911,-1.765851,1.398913,3.870497,-0.557833,-2.215225,0.276013,-0.407270,-0.364016,0.221367,-2.697995,0.087115,2.383383,0.794719
81.610353,0.194085,0.972175,0.000000,0.000000,-0.000000,-0.000000,1.000000,0.393327,-0.063660,0.204331,0.990709,-0.134915,0.016471,0.004705,0.390892,-0.077582,0.201262,0.990684,-0.134273,0.020704,0.009355,3.128605,-0.043549,-0.269146,-0.023208,0.050855,-0.018717,0.093189,0.158420,-0.025243,-1.726335,2.616792,3.631406,-1.011959,-2.114222,0.697711,-0.403694,-0.364161,0.223017,-2.697917,0.091022,2.382496,0.796849
81.660286,0.194085,0.972175,0.000000,0.000000,-0.000000,-0.000000,1.000000,0.394103,-0.059771,0.204331,0.990709,-0.134915,0.016471,0.004705,0.391298,-0.074429,0.201210,0.990822,-0.133387,0.020317,0.008238,3.130679,-0.042472,-0.267404,-0.024697,0.077282,-0.023860,0.028533,0.199420,0.168056,-1.650624,1.173244,4.313028,-0.587333,-2.314780,0.152546,-0.398769,-0.364285,0.225344,-2.697664,0.094910,2.381125,0.799420
81.710964,0.194085,0.972175,0.000000,0.000000,-0.000000,-0.000000,1.000000,0.394879,-0.055882,0.204331,0.990709,-0.134915,0.016471,0.004705,0.391785,-0.071159,0.201165,0.990917,-0.132736,0.020260,0.007379,3.132338,-0.042123,-0.266125,-0.023128,0.056437,-0.020281,0.057006,0.156278,-0.006317,-1.063996,0.414365,3.641013,-0.269240,-1.834612,-0.058515,-0.393912,-0.364628,0.228333,-2.697748,0.098545,2.380632,0.803189
81.760370,0.194085,0.972175,0.000000,0.000000,-0.000000,-0.000000,1.000000,0.395656,-0.051994,0.204331,0.990709,-0.134915,0.016471,0.004705,0.392457,-0.067740,0.201232,0.990941,-0.132593,0.020269,0.006695,3.133692,-0.041959,-0.265865,-0.011188,0.058930,-0.008525,0.077190,0.106526,-0.119487,-1.790985,3.657507,3.802805,-1.443857,-2.205845,1.107451,-0.388632,-0.364702,0.231470,-2.697301,0.101601,2.380065,0.808996
81.811007,0.157033,0.564604,0.000000,0.000000,-0.000000,-0.000000,1.000000,0.396284,-0.049735,0.204331,0.990709,-0.134915,0.016471,0.004705,0.393262,-0.064011,0.201453,0.991027,-0.131976,0.020182,0.006388,3.134252,-0.041700,-0.264631,0.006705,0.083383,-0.001489,0.008175,0.061967,0.074603,-2.067016,3.313886,3.303631,-1.272634,-2.082257,0.963932,-0.382594,-0.364658,0.234929,-2.696228,0.103579,2.378908,0.815721
81.861052,-0.000000,0.000000,0.000000,0.000000,-0.000000,-0.000000,1.000000,0.396284,-0.049735,0.204331,0.990709,-0.134915,0.016471,0.004705,0.394071,-0.060289,0.201657,0.991184,-0.130855,0.019802,0.006324,3.134232,-0.040921,-0.262369,0.010991,0.080023,0.000263,-0.026943,0.029955,0.136856,-2.590794,0.345125,3.062952,-0.164949,-2.148572,-0.184700,-0.376934,-0.364138,0.238903,-2.694588,0.104899,2.377161,0.822043
81.911065,-0.000000,0.000000,0.000000,0.000000,-0.000000,-0.000000,1.000000,0.396284,-0.049735,0.204331,0.990709,-0.134915,0.016471,0.004705,0.394605,-0.057338,0.201731,0.991215,-0.130669,0.019522,0.006068,3.134658,-0.040297,-0.262003,0.003310,0.034614,0.002656,0.050571,0.010043,-0.132212,-2.260975,1.439828,3.848244,-0.594488,-2.324633,0.268510,-0.372905,-0.363851,0.242344,-2.693634,0.106729,2.376014,0.827712
81.961095,-0.000000,0.000000,0.000000,0.000000,-0.000000,-0.000000,1.000000,0.396284,-0.049735,0.204331,0.990709,-0.134915,0.016471,0.004705,0.395080,-0.055207,0.201839,0.991185,-0.130846,0.019908,0.006018,3.134867,-0.041052,-0.262363,0.015398,0.028515,0.007942,0.019621,-0.080763,-0.111448,-2.125494,3.890736,1.574399,-1.439462,-1.468302,1.222138,-0.369987,-0.364175,0.245034,-2.693581,0.108075,2.376502,0.832578
82.011071,-0.000000,0.000000,0.000000,0.000000,-0.000000,-0.000000,1.000000,0.396284,-0.049735,0.204331,0.990709,-0.134915,0.016471,0.004705,0.395577,-0.053545,0.202124,0.991251,-0.130343,0.019850,0.006202,3.134466,-0.040981,-0.261341,0.005491,0.042403,0.000158,-0.043145,0.035562,0.148204,-2.274156,1.338545,1.401135,-0.547268,-1.317111,0.264718,-0.367704,-0.363963,0.247217,-2.692322,0.108227,2.375460,0.835892
82.061361,-0.000000,0.000000,0.000000,0.000000,-0.000000,-0.000000,1.000000,0.396284,-0.049735,0.204331,0.990709,-0.134915,0.016471,0.004705,0.395962,-0.052697,0.202333,0.991174,-0.130909,0.020016,0.006085,3.134764,-0.041283,-0.262489,0.012447,-0.004791,0.010451,0.046239,-0.056776,-0.173156,-2.404110,1.272047,2.023496,-0.451219,-1.488249,0.251591,-0.366427,-0.363762,0.248084,-2.691528,0.108748,2.375204,0.838825
82.112150,-0.000000,0.000000,0.000000,0.000000,-0.000000,-0.000000,1.000000,0.396284,-0.049735,0.204331,0.990709,-0.134915,0.016471,0.004705,0.396167,-0.052011,0.202451,0.991148,-0.131148,0.019753,0.005936,3.135002,-0.040724,-0.262976,-0.007990,0.028773,-0.005560,-0.010616,0.114105,0.122500,-1.781932,3.041212,1.448245,-1.146284,-1.019548,0.981063,-0.365422,-0.363336,0.248685,-2.690580,0.109115,2.374154,0.840690
82.163689,-0.000000,0.000000,0.000000,0.000000,-0.000000,-0.000000,1.000000,0.396284,-0.049735,0.204331,0.990709,-0.134915,0.016471,0.004705,0.396203,-0.051440,0.202499,0.991183,-0.130945,0.019329,0.005961,3.134833,-0.039889,-0.262564,-0.022123,0.015538,-0.015068,-0.001963,0.149301,0.047766,-1.355991,-0.894018,2.440312,0.238442,-1.332551,-0.471879,-0.364656,-0.363081,0.249336,-2.689907,0.109079,2.372921,0.841733
82.213246,-0.000000,0.000000,0.000000,0.000000,-0.000000,-0.000000,1.000000,0.396284,-0.049735,0.204331,0.990709,-0.134915,0.016471,0.004705,0.396526,-0.051335,0.202799,0.991031,-0.132070,0.019590,0.005607,3.135648,-0.040321,-0.264850,0.014480,-0.012094,0.011847,0.041660,-0.072633,-0.151170,-1.597321,2.871339,1.270529,-1.027632,-1.009786,0.949441,-0.364363,-0.362974,0.249052,-2.689068,0.109820,2.372635,0.843575
82.262001,-0.000000,0.000000,0.000000,0.000000,-0.000000,-0.000000,1.000000,0.396284,-0.049735,0.204331,0.990709,-0.134915,0.016471,0.004705,0.396512,-0.050938,0.202838,0.991098,-0.131654,0.018999,0.005642,3.135407,-0.039156,-0.264005,-0.015691,0.028598,-0.011713,-0.041097,0.133121,0.186224,-1.669192,0.992288,2.167830,-0.444795,-1.288270,0.244011,-0.363767,-0.362557,0.249387,-2.688210,0.109545,2.371035,0.843900
82.312183,-0.000000,0.444185,0.000000,0.000000,-0.000000,-0.000000,1.000000,0.396284,-0.047958,0.204331,0.990709,-0.134915,0.016471,0.004705,0.396604,-0.050889,0.202975,0.991024,-0.132266,0.018658,0.005428,3.135765,-0.038427,-0.265248,-0.003872,-0.016352,0.003204,0.057876,0.013895,-0.167221,-1.551249,0.265543,3.343837,-0.160375,-1.775586,-0.034488,-0.363768,-0.362113,0.249267,-2.687208,0.109784,2.369754,0.844928
82.362162,-0.000000,0.999964,0.000000,0.000000,-0.000000,-0.000000,1.000000,0.396284,-0.043959,0.204331,0.990709,-0.134915,0.016471,0.004705,0.396951,-0.050762,0.203249,0.990945,-0.132813,0.019042,0.005172,3.136397,-0.039123,-0.266364,0.018721,0.008564,0.008863,-0.000065,-0.076172,0.004897,-1.618218,3.286394,0.589222,-1.156132,-0.760444,1.121205,-0.363468,-0.362052,0.249135,-2.686553,0.110404,2.369878,0.845828
82.412892,-0.000000,0.999964,0.000000,0.000000,-0.000000,-0.000000,1.000000,0.396284,-0.039959,0.204331,0.990709,-0.134915,0.016471,0.004705,0.396862,-0.049775,0.203121,0.991038,-0.132227,0.018257,0.005064,3.136379,-0.037535,-0.265181,-0.009601,0.035748,-0.009564,-0.024188,0.077789,0.116012,-1.662847,-0.244351,2.147141,0.056791,-1.326482,-0.240568,-0.362073,-0.361577,0.250058,-2.685974,0.110747,2.368229,0.846706
82.463212,-0.000000,0.999964,0.000000,0.000000,-0.000000,-0.000000,1.000000,0.396284,-0.035959,0.204331,0.990709,-0.134915,0.016471,0.004705,0.397079,-0.048311,0.203204,0.990983,-0.132670,0.018225,0.004486,3.137534,-0.037320,-0.266096,0.014814,0.016961,0.011017,0.046891,-0.095841,-0.148545,-1.860368,1.716550,1.822659,-0.504080,-1.348301,0.476176,-0.360164,-0.361687,0.251447,-2.685651,0.112880,2.367706,0.849344
82.512421,-0.000000,0.999964,0.000000,0.000000,-0.000000,-0.000000,1.000000,0.396284,-0.031959,0.204331,0.990709,-0.134915,0.016471,0.004705,0.397327,-0.045875,0.203211,0.990995,-0.132567,0.018398,0.003961,3.138618,-0.037524,-0.265909,0.025915,0.060471,0.009395,-0.010052,-0.131360,0.046527,-2.784683,3.412170,-0.158099,-1.052032,-0.997991,1.062237,-0.356979,-0.362260,0.254163,-2.685964,0.115638,2.367846,0.852917
82.563226,-0.000000,0.999964,0.000000,0.000000,-0.000000,-0.000000,1.000000,0.396284,-0.027959,0.204331,0.990709,-0.134915,0.016471,0.004705,0.397452,-0.042810,0.203117,0.991124,-0.131648,0.018066,0.003891,3.138635,-0.036844,-0.264053,0.008860,0.080375,0.000122,-0.031504,0.026351,0.175746,-2.712096,0.677072,-0.052974,-0.076249,-1.021996,0.011537,-0.352993,-0.362667,0.257996,-2.686063,0.117450,2.367049,0.857372
82.613060,-0.000000,0.666497,0.000000,0.000000,-0.000000,-0.000000,1.000000,0.396284,-0.025293,0.204331,0.990709,-0.134915,0.016471,0.004705,0.397345,-0.039479,0.202897,0.991221,-0.131053,0.017066,0.003933,3.138267,-0.034870,-0.262844,-0.019544,0.067266,-0.014571,-0.000070,0.145114,0.067871,-2.593060,-0.179953,2.690368,0.143775,-2.014801,-0.308565,-0.348688,-0.362778,0.262174,-2.685860,0.118871,2.364939,0.863419
82.663071,-0.000000,0.129208,0.000000,0.000000,-0.000000,-0.000000,1.000000,0.396284,-0.024776,0.204331,0.990709,-0.134915,0.016471,0.004705,0.397483,-0.036171,0.202807,0.991235,-0.130977,0.016786,0.003968,3.138121,-0.034324,-0.262688,0.003109,0.044954,0.002258,0.030212,-0.023831,-0.138108,-2.413618,2.103360,2.897002,-0.668214,-2.048021,0.571434,-0.344358,-0.363156,0.266402,-2.685904,0.120536,2.364251,0.870400
82.713075,-0.000000,0.064367,0.000000,0.000000,-0.000000,-0.000000,1.000000,0.396284,-0.024519,0.204331,0.990709,-0.134915,0.016471,0.004705,0.397762,-0.033108,0.202847,0.991223,-0.131025,0.017055,0.004230,3.137673,-0.034926,-0.262778,0.023678,0.048051,0.012867,-0.002650,-0.136503,-0.097746,-3.012601,4.414871,0.875758,-1.506071,-1.516495,1.456799,-0.340211,-0.363851,0.270464,-2.686168,0.121660,2.364575,0.877657
82.763106,-0.000000,0.000000,0.000000,0.000000,-0.000000,-0.000000,1.000000,0.396284,-0.024519,0.204331,0.990709,-0.134915,0.016471,0.004705,0.397967,-0.030549,0.202896,0.991298,-0.130431,0.017125,0.004731,3.136678,-0.035194,-0.261563,0.017498,0.059048,0.005614,-0.057266,-0.045903,0.137198,-3.151895,2.455155,-0.202314,-0.844627,-1.119087,0.724754,-0.336652,-0.364293,0.273947,-2.686125,0.121781,2.364437,0.883214
82.813951,-0.000000,0.000000,0.000000,0.000000,-0.000000,-0.000000,1.000000,0.396284,-0.024519,0.204331,0.990709,-0.134915,0.016471,0.004705,0.397815,-0.028745,0.202754,0.991334,-0.130243,0.016375,0.005114,3.135715,-0.033806,-0.261168,-0.017497,0.033768,-0.012791,-0.012617,0.128830,0.044207,-2.886115,-0.478673,2.094177,0.115320,-1.868812,-0.379302,-0.334304,-0.364183,0.276454,-2.685786,0.121589,2.362848,0.887696
82.863369,-0.000000,0.000000,-0.775574,0.000000,-0.000000,-0.000000,1.000000,0.396284,-0.024519,0.201228,0.990709,-0.134915,0.016471,0.004705,0.398021,-0.027856,0.202847,0.991181,-0.131374,0.016563,0.005150,3.135733,-0.034194,-0.263449,0.018398,-0.000623,0.010144,0.027960,-0.102503,-0.170164,-2.801909,3.174609,1.539149,-1.151959,-1.616005,1.033712,-0.333399,-0.364248,0.277918,-2.685525,0.122057,2.362962,0.891957
82.913279,-0.000000,0.000000,-0.999969,0.000000,-0.000000,-0.000000,1.000000,0.396284,-0.024519,0.197228,0.990709,-0.134915,0.016471,0.004705,0.397987,-0.027003,0.202628,0.991207,-0.131207,0.016207,0.005455,3.135027,-0.033567,-0.263102,-0.011987,0.034483,-0.017300,-0.051811,0.098435,0.171024,-2.712000,1.924229,0.925383,-0.755993,-1.306147,0.577650,-0.332660,-0.363769,0.279624,-2.685400,0.121774,2.362697,0.894171
82.963924,-0.000000,0.064367,-0.999969,0.000000,-0.000000,-0.000000,1.000000,0.396284,-0.024261,0.193229,0.990709,-0.134915,0.016471,0.004705,0.397510,-0.026498,0.201749,0.991174,-0.131551,0.015387,0.005624,3.134489,-0.031987,-0.263788,-0.027254,0.000528,-0.030671,0.024620,0.129675,-0.074382,-1.873280,-0.565174,2.562849,0.130671,-1.782986,-0.353590,-0.332601,-0.362705,0.281066,-2.686504,0.121748,2.363281,0.896199
83.014044,-0.000000,0.379308,-0.999969,0.000000,-0.000000,-0.000000,1.000000,0.396284,-0.022744,0.189229,0.990709,-0.134915,0.016471,0.004705,0.397377,-0.026250,0.200661,0.991038,-0.132594,0.015204,0.005552,3.134617,-0.031614,-0.265895,0.005699,-0.001175,-0.021438,0.014261,-0.051261,-0.084765,-1.590787,3.156239,0.036315,-1.207489,-0.964436,1.073902,-0.332939,-0.360771,0.282228,-2.687871,0.122117,2.366226,0.898695
83.064248,-0.000000,0.481237,-0.999969,0.000000,-0.000000,-0.000000,1.000000,0.396284,-0.020819,0.185229,0.990709,-0.134915,0.016471,0.004705,0.396890,-0.025567,0.198898,0.991090,-0.132330,0.014068,0.005676,3.134061,-0.029391,-0.265358,-0.014200,0.029252,-0.043788,-0.033607,0.090975,0.126656,-2.015452,0.102427,-0.553247,-0.170986,-1.172619,-0.103410,-0.332533,-0.357481,0.283854,-2.689506,0.121789,2.368902,0.900199
83.115277,-0.000000,0.305205,-0.999969,0.000000,-0.000000,-0.000000,1.000000,0.396284,-0.019598,0.181229,0.990709,-0.134915,0.016471,0.004705,0.396743,-0.024999,0.196859,0.990999,-0.133095,0.013405,0.005280,3.134693,-0.027977,-0.266914,0.018831,-0.008076,-0.033733,0.052836,-0.113726,-0.186093,-2.223280,1.560697,-1.923369,-0.555820,-0.848921,0.449257,-0.332262,-0.352986,0.285035,-2.691232,0.122436,2.373748,0.902547
83.165283,-0.000000,0.000000,-0.999969,0.000000,-0.000000,-0.000000,1.000000,0.396284,-0.019598,0.177229,0.990709,-0.134915,0.016471,0.004705,0.396594,-0.023977,0.194155,0.991030,-0.132940,0.012685,0.004986,3.135081,-0.026472,-0.266608,0.010657,0.034739,-0.054788,-0.020817,-0.035205,0.122187,-3.025244,2.887539,-2.819772,-1.036657,-0.804867,0.946936,-0.331268,-0.347055,0.286863,-2.693636,0.122794,2.380606,0.904525
83.214309,-0.000000,0.000000,-0.936981,0.000000,-0.000000,-0.000000,1.000000,0.396284,-0.019598,0.173481,0.990709,-0.134915,0.016471,0.004705,0.396194,-0.022849,0.190898,0.991086,-0.132651,0.011352,0.004899,3.134891,-0.023803,-0.266027,-0.020095,0.025158,-0.073533,0.012598,0.148445,0.035746,-1.881411,-0.844631,-1.143252,0.212244,-1.023749,-0.461851,-0.330540,-0.339931,0.289377,-2.696277,0.122543,2.387689,0.907037
83.266130,-0.000000,0.000000,0.000000,0.000000,-0.000000,-0.000000,1.000000,0.396284,-0.019598,0.173481,0.990709,-0.134915,0.016471,0.004705,0.396098,-0.022271,0.187624,0.990963,-0.133641,0.010587,0.004470,3.135561,-0.022179,-0.268036,0.012039,-0.002969,-0.055663,0.036370,-0.053609,-0.124910,-2.345219,3.088317,-1.182062,-1.165263,-1.226876,1.020995,-0.330925,-0.332221,0.291415,-2.698839,0.122901,2.396371,0.910153
83.314438,-0.175523,0.370045,0.000000,0.000000,-0.000000,-0.000000,1.000000,0.395582,-0.018118,0.173481,0.990709,-0.134915,0.016471,0.004705,0.396485,-0.021568,0.184525,0.991001,-0.133377,0.010445,0.004248,3.135958,-0.021838,-0.267506,0.024762,0.025817,-0.053858,-0.033451,-0.079594,0.127626,-3.053424,0.905221,-2.659998,-0.441749,-0.888952,0.178095,-0.330970,-0.323981,0.293641,-2.700747,0.122507,2.406191,0.911867
83.365198,-0.388571,0.657234,0.000000,0.000000,-0.000000,-0.000000,1.000000,0.394027,-0.015489,0.173481,0.990709,-0.134915,0.016471,0.004705,0.396592,-0.021199,0.181827,0.990897,-0.134220,0.009676,0.003752,3.136754,-0.020185,-0.269219,0.003513,-0.005113,-0.043863,0.052519,0.038581,-0.130517,-2.293022,1.278444,-2.530242,-0.592009,-0.547355,0.337740,-0.331319,-0.316612,0.294837,-2.701926,0.122555,2.413110,0.914263
83.415177,-0.509026,0.731338,0.000000,0.000000,-0.000000,-0.000000,1.000000,0.391991,-0.012564,0.173481,0.990709,-0.134915,0.016471,0.004705,0.396748,-0.020324,0.179622,0.990943,-0.133939,0.009005,0.003472,3.137123,-0.018778,-0.268656,0.006975,0.039711,-0.039045,-0.050832,0.004628,0.190809,-1.974521,0.478216,-3.683277,-0.337549,0.090942,0.042472,-0.330687,-0.310398,0.296439,-2.702637,0.122379,2.418651,0.915954
83.465100,-0.499763,0.731338,0.000000,0.000000,-0.000000,-0.000000,1.000000,0.389992,-0.009639,0.173481,0.990709,-0.134915,0.016471,0.004705,0.396439,-0.019261,0.177659,0.990912,-0.134207,0.008452,0.003344,3.137232,-0.017649,-0.269200,-0.020243,0.016827,-0.041860,0.040182,0.108322,-0.097426,-2.997168,0.208152,-0.735241,-0.211889,-1.360198,-0.075647,-0.329802,-0.306409,0.298457,-2.704663,0.122712,2.423567,0.918910
83.515345,-0.175523,0.370045,0.000000,0.000000,-0.000000,-0.000000,1.000000,0.389290,-0.008158,0.173481,0.990709,-0.134915,0.016471,0.004705,0.395980,-0.017600,0.176316,0.990876,-0.134498,0.008040,0.003325,3.137166,-0.016828,-0.269786,-0.029194,0.049796,-0.035461,0.004990,0.133840,0.045752,-2.467336,2.548043,-0.494306,-0.943894,-1.213445,0.823202,-0.327753,-0.304626,0.300906,-2.706807,0.123532,2.426731,0.923104
83.565287,-0.000000,0.000000,0.000000,0.000000,-0.000000,-0.000000,1.000000,0.389290,-0.008158,0.173481,0.990709,-0.134915,0.016471,0.004705,0.395218,-0.015465,0.175326,0.990999,-0.133596,0.007667,0.003781,3.136147,-0.016207,-0.267959,-0.032868,0.056587,-0.029250,-0.044955,0.101946,0.140162,-2.654130,-0.520324,-1.514723,0.183006,-0.871679,-0.344890,-0.324859,-0.304769,0.304139,-2.709565,0.123912,2.428730,0.926758
83.615220,-0.000000,0.000000,0.000000,0.000000,-0.000000,-0.000000,1.000000,0.389290,-0.008158,0.173481,0.990709,-0.134915,0.016471,0.004705,0.394335,-0.013718,0.174614,0.990949,-0.133952,0.007633,0.004223,3.135267,-0.016261,-0.268670,-0.035532,0.020710,-0.018345,0.024582,0.128187,-0.138991,-3.530658,0.931393,0.520094,-0.310525,-1.958572,0.196862,-0.322233,-0.306233,0.306718,-2.712908,0.124519,2.430645,0.931829
83.665279,-0.000000,0.000000,0.000000,0.000000,-0.000000,-0.000000,1.000000,0.389290,-0.008158,0.173481,0.990709,-0.134915,0.016471,0.004705,0.393552,-0.012305,0.174308,0.990913,-0.134216,0.007462,0.004712,3.134256,-0.016054,-0.269195,-0.036750,0.032529,-0.017460,-0.022413,0.132980,0.054229,-2.883355,2.820259,1.336587,-0.958746,-2.021593,0.918925,-0.320260,-0.308116,0.309017,-2.715286,0.124889,2.430902,0.936044
83.715328,-0.000000,0.000000,-0.539352,0.000000,-0.000000,-0.000000,1.000000,0.389290,-0.008158,0.171324,0.990709,-0.134915,0.016471,0.004705,0.392944,-0.011240,0.173976,0.990925,-0.134098,0.007573,0.005209,3.133298,-0.016406,-0.268950,-0.040229,0.007460,-0.022696,0.010614,0.137364,-0.070496,-2.742943,-0.225044,3.315258,0.060948,-2.712593,-0.233581,-0.318918,-0.309633,0.311115,-2.717595,0.125046,2.432006,0.938835
83.765300,-0.000000,0.000000,-0.999969,0.000000,-0.000000,-0.000000,1.000000,0.389290,-0.008158,0.167324,0.990709,-0.134915,0.016471,0.004705,0.392498,-0.010730,0.173637,0.990810,-0.134899,0.008227,0.005410,3.133091,-0.017763,-0.270561,-0.009880,0.005616,-0.006516,0.002179,-0.016509,-0.069652,-2.898217,3.290663,1.037130,-1.117263,-1.946184,1.126373,-0.318023,-0.311126,0.312101,-2.720323,0.125642,2.434582,0.941610
83.815673,-0.000000,0.000000,-0.999969,0.000000,-0.000000,-0.000000,1.000000,0.389290,-0.008158,0.163324,0.990709,-0.134915,0.016471,0.004705,0.392131,-0.010098,0.173054,0.990831,-0.134734,0.008279,0.005689,3.132548,-0.017940,-0.270223,-0.008617,0.013572,-0.017277,-0.017229,0.005547,0.027215,-3.365709,0.263736,-0.018369,-0.055640,-1.765924,-0.030653,-0.317308,-0.311078,0.313489,-2.722034,0.125608,2.436484,0.943204
83.866249,-0.000000,0.000000,-0.999969,0.000000,-0.000000,-0.000000,1.000000,0.389290,-0.008158,0.159324,0.990709,-0.134915,0.016471,0.004705,0.391802,-0.009937,0.171974,0.990696,-0.135735,0.008158,0.005552,3.132805,-0.017672,-0.272246,-0.004756,-0.000802,-0.025691,0.019405,-0.000774,-0.061727,-4.140007,3.335316,-1.006724,-1.098163,-1.757288,1.134874,-0.317458,-0.309404,0.314200,-2.723823,0.126069,2.439687,0.945273
83.917223,-0.000000,0.000000,-0.999969,0.000000,-0.000000,-0.000000,1.000000,0.389290,-0.008158,0.155324,0.990709,-0.134915,0.016471,0.004705,0.391191,-0.009499,0.169963,0.990773,-0.135185,0.007785,0.005686,3.132428,-0.016965,-0.271136,-0.037976,0.022295,-0.063990,-0.009793,0.158519,0.094706,-2.851840,-0.559753,0.384671,0.125908,-1.803104,-0.305628,-0.317222,-0.306051,0.315590,-2.726862,0.125685,2.445308,0.945799
83.967155,-0.000000,0.000000,-0.999969,0.000000,-0.000000,-0.000000,1.000000,0.389290,-0.008158,0.151324,0.990709,-0.134915,0.016471,0.004705,0.390603,-0.009475,0.167490,0.990655,-0.136078,0.007521,0.005394,3.132951,-0.016370,-0.272944,-0.035812,-0.014893,-0.066066,0.056478,0.143779,-0.157530,-3.171210,1.716222,1.706235,-0.630957,-2.392274,0.553412,-0.317679,-0.301466,0.316344,-2.730412,0.126003,2.452837,0.947376
84.017283,-0.000000,0.000000,-0.999969,0.000000,-0.000000,-0.000000,1.000000,0.389290,-0.008158,0.147324,0.990709,-0.134915,0.016471,0.004705,0.390155,-0.009142,0.164537,0.990704,-0.135734,0.007315,0.005225,3.133224,-0.015913,-0.272254,-0.044698,0.014541,-0.084088,-0.002936,0.193004,0.094658,-2.270797,-0.118190,2.868461,-0.074279,-2.526958,-0.139762,-0.317575,-0.295195,0.317454,-2.734003,0.125551,2.462191,0.947967
84.067350,0.101455,0.000000,-0.999969,0.000000,-0.000000,-0.000000,1.000000,0.389696,-0.008158,0.143325,0.990709,-0.134915,0.016471,0.004705,0.389848,-0.009181,0.161439,0.990593,-0.136555,0.007483,0.004687,3.134349,-0.016105,-0.273919,-0.033726,-0.018898,-0.077022,0.055276,0.110828,-0.159890,-1.411934,1.361495,0.963094,-0.542266,-1.508417,0.438921,-0.318103,-0.288355,0.318011,-2.737859,0.125835,2.473097,0.949167
84.116517,0.712848,0.212575,-0.999969,0.000000,-0.000000,-0.000000,1.000000,0.392547,-0.007308,0.139325,0.990709,-0.134915,0.016471,0.004705,0.389517,-0.008910,0.157977,0.990645,-0.136181,0.007653,0.004345,3.135067,-0.016348,-0.273169,-0.050632,0.017996,-0.100490,-0.006006,0.213615,0.140419,-2.488107,0.237941,2.284688,-0.300866,-2.406547,-0.005700,-0.318012,-0.280506,0.318911,-2.741988,0.125341,2.485279,0.949496
84.168002,0.768425,0.295942,-0.499985,0.000000,-0.000000,-0.000000,1.000000,0.395621,-0.006124,0.137325,0.990709,-0.134915,0.016471,0.004705,0.389439,-0.008879,0.154424,0.990554,-0.136819,0.008410,0.003684,3.136594,-0.017671,-0.274466,-0.038722,-0.016412,-0.094145,0.066064,0.153356,-0.152972,-1.213238,0.482323,0.556512,-0.384045,-1.309621,0.111671,-0.318263,-0.272044,0.319365,-2.746297,0.125442,2.499401,0.950626
84.217158,0.221874,0.064367,0.000000,0.000000,-0.000000,-0.000000,1.000000,0.396508,-0.005867,0.137325,0.990709,-0.134915,0.016471,0.004705,0.389824,-0.008391,0.150892,0.990597,-0.136416,0.009891,0.003107,3.138135,-0.020446,-0.273665,-0.001711,0.031732,-0.078586,-0.031571,0.000923,0.199732,-1.118019,0.031269,-1.757606,-0.318117,-0.435608,-0.060418,-0.317800,-0.262814,0.320415,-2.750270,0.125107,2.515414,0.951324
84.267459,-0.000000,0.000000,0.000000,0.000000,-0.000000,-0.000000,1.000000,0.396508,-0.005867,0.137325,0.990709,-0.134915,0.016471,0.004705,0.391334,-0.007972,0.149338,0.990552,-0.136687,0.010815,0.002375,3.139844,-0.022077,-0.274229,0.024058,-0.009182,0.006524,0.048921,0.057761,-0.129793,-1.200561,0.122850,-18.079348,-0.112902,5.583585,-0.034992,-0.318102,-0.254829,0.321226,-2.748415,0.124658,2.523312,0.952891
84.316921,-0.000000,0.000000,0.000000,0.000000,-0.000000,-0.000000,1.000000,0.396508,-0.005867,0.137325,0.990709,-0.134915,0.016471,0.004705,0.391889,-0.007779,0.149377,0.990581,-0.136456,0.011129,0.002284,3.140105,-0.022673,-0.273767,0.067105,0.003733,0.016801,-0.011067,-0.246606,-0.012789,0.034271,-0.526674,-19.911512,0.051343,6.702210,-0.286560,-0.318015,-0.253559,0.321501,-2.747235,0.124385,2.524030,0.953093
84.366666,-0.000000,0.000000,0.000000,0.000000,-0.000000,-0.000000,1.000000,0.396508,-0.005867,0.137325,0.990709,-0.134915,0.016471,0.004705,0.391889,-0.007779,0.149377,0.990581,-0.136456,0.011129,0.002284,3.140105,-0.022673,-0.273767,0.067105,0.003733,0.016801,-0.011067,-0.246606,-0.012789,0.034271,-0.526674,-19.911512,0.051343,6.702210,-0.286560,-0.318015,-0.253559,0.321501,-2.747235,0.124385,2.524030,0.953093
84.416838,-0.000000,0.000000,0.000000,0.000000,-0.000000,-0.000000,1.000000,0.396508,-0.005867,0.137325,0.990709,-0.134915,0.016471,0.004705,0.391889,-0.007779,0.149377,0.990581,-0.136456,0.011129,0.002284,3.140105,-0.022673,-0.273767,0.067105,0.003733,0.016801,-0.011067,-0.246606,-0.012789,0.034271,-0.526674,-19.911512,0.051343,6.702210,-0.286560,-0.318015,-0.253559,0.321501,-2.747235,0.124385,2.524030,0.953093
84.466764,-0.000000,0.000000,0.000000,0.000000,-0.000000,-0.000000,1.000000,0.396508,-0.005867,0.137325,0.990709,-0.134915,0.016471,0.004705,0.391889,-0.007779,0.149377,0.990581,-0.136456,0.011129,0.002284,3.140105,-0.022673,-0.273767,0.067105,0.003733,0.016801,-0.011067,-0.246606,-0.012789,0.034271,-0.526674,-19.911512,0.051343,6.702210,-0.286560,-0.318015,-0.253559,0.321501,-2.747235,0.124385,2.524030,0.953093
84.516815,-0.000000,0.000000,0.000000,0.000000,-0.000000,-0.000000,1.000000,0.396508,-0.005867,0.137325,0.990709,-0.134915,0.016471,0.004705,0.391889,-0.007779,0.149377,0.990581,-0.136456,0.011129,0.002284,3.140105,-0.022673,-0.273767,0.067105,0.003733,0.016801,-0.011067,-0.246606,-0.012789,0.034271,-0.526674,-19.911512,0.051343,6.702210,-0.286560,-0.318015,-0.253559,0.321501,-2.747235,0.124385,2.524030,0.953093
84.566866,-0.000000,0.000000,0.000000,0.000000,-0.000000,-0.000000,1.000000,0.396508,-0.005867,0.137325,0.990709,-0.134915,0.016471,0.004705,0.391889,-0.007779,0.149377,0.990581,-0.136456,0.011129,0.002284,3.140105,-0.022673,-0.273767,0.067105,0.003733,0.016801,-0.011067,-0.246606,-0.012789,0.034271,-0.526674,-19.911512,0.051343,6.702210,-0.286560,-0.318015,-0.253559,0.321501,-2.747235,0.124385,2.524030,0.953093
84.616963,-0.000000,0.000000,0.000000,0.000000,-0.000000,-0.000000,1.000000,0.396508,-0.005867,0.137325,0.990709,-0.134915,0.016471,0.004705,0.391889,-0.007779,0.149377,0.990581,-0.136456,0.011129,0.002284,3.140105,-0.022673,-0.273767,0.067105,0.003733,0.016801,-0.011067,-0.246606,-0.012789,0.034271,-0.526674,-19.911512,0.051343,6.702210,-0.286560,-0.318015,-0.253559,0.321501,-2.747235,0.124385,2.524030,0.953093
84.667777,-0.000000,0.000000,0.000000,0.000000,-0.000000,-0.000000,1.000000,0.396508,-0.005867,0.137325,0.990709,-0.134915,0.016471,0.004705,0.391889,-0.007779,0.149377,0.990581,-0.136456,0.011129,0.002284,3.140105,-0.022673,-0.273767,0.067105,0.003733,0.016801,-0.011067,-0.246606,-0.012789,0.034271,-0.526674,-19.911512,0.051343,6.702210,-0.286560,-0.318015,-0.253559,0.321501,-2.747235,0.124385,2.524030,0.953093
84.717990,0.008825,0.082893,0.000000,0.000000,-0.000000,-0.000000,1.000000,0.396544,-0.005535,0.137325,0.990709,-0.134915,0.016471,0.004705,0.391889,-0.007779,0.149377,0.990581,-0.136456,0.011129,0.002284,3.140105,-0.022673,-0.273767,0.067105,0.003733,0.016801,-0.011067,-0.246606,-0.012789,0.034271,-0.526674,-19.911512,0.051343,6.702210,-0.286560,-0.318015,-0.253559,0.321501,-2.747235,0.124385,2.524030,0.953093
84.767890,0.018088,0.249627,0.000000,0.000000,-0.000000,-0.000000,1.000000,0.396616,-0.004537,0.137325,0.990709,-0.134915,0.016471,0.004705,0.391889,-0.007779,0.149377,0.990581,-0.136456,0.011129,0.002284,3.140105,-0.022673,-0.273767,0.067105,0.003733,0.016801,-0.011067,-0.246606,-0.012789,0.034271,-0.526674,-19.911512,0.051343,6.702210,-0.286560,-0.318015,-0.253559,0.321501,-2.747235,0.124385,2.524030,0.953093
84.818512,0.008825,0.249627,0.000000,0.000000,-0.000000,-0.000000,1.000000,0.396651,-0.003538,0.137325,0.990709,-0.134915,0.016471,0.004705,0.391889,-0.007779,0.149377,0.990581,-0.136456,0.011129,0.002284,3.140105,-0.022673,-0.273767,0.067105,0.003733,0.016801,-0.011067,-0.246606,-0.012789,0.034271,-0.526674,-19.911512,0.051343,6.702210,-0.286560,-0.318015,-0.253559,0.321501,-2.747235,0.124385,2.524030,0.953093
84.867839,-0.000000,0.000000,0.000000,0.000000,-0.000000,-0.000000,1.000000,0.396651,-0.003538,0.137325,0.990709,-0.134915,0.016471,0.004705,0.391889,-0.007779,0.149377,0.990581,-0.136456,0.011129,0.002284,3.140105,-0.022673,-0.273767,0.067105,0.003733,0.016801,-0.011067,-0.246606,-0.012789,0.034271,-0.526674,-19.911512,0.051343,6.702210,-0.286560,-0.318015,-0.253559,0.321501,-2.747235,0.124385,2.524030,0.953093
84.918441,-0.000000,0.000000,0.000000,0.000000,-0.000000,-0.000000,1.000000,0.396651,-0.003538,0.137325,0.990709,-0.134915,0.016471,0.004705,0.391889,-0.007779,0.149377,0.990581,-0.136456,0.011129,0.002284,3.140105,-0.022673,-0.273767,0.067105,0.003733,0.016801,-0.011067,-0.246606,-0.012789,0.034271,-0.526674,-19.911512,0.051343,6.702210,-0.286560,-0.318015,-0.253559,0.321501,-2.747235,0.124385,2.524030,0.953093
84.968544,-0.000000,0.000000,0.000000,0.000000,-0.000000,-0.000000,1.000000,0.396651,-0.003538,0.137325,0.990709,-0.134915,0.016471,0.004705,0.391889,-0.007779,0.149377,0.990581,-0.136456,0.011129,0.002284,3.140105,-0.022673,-0.273767,0.067105,0.003733,0.016801,-0.011067,-0.246606,-0.012789,0.034271,-0.526674,-19.911512,0.051343,6.702210,-0.286560,-0.318015,-0.253559,0.321501,-2.747235,0.124385,2.524030,0.953093
85.018549,-0.000000,0.000000,0.000000,0.000000,-0.000000,-0.000000,1.000000,0.396651,-0.003538,0.137325,0.990709,-0.134915,0.016471,0.004705,0.391889,-0.007779,0.149377,0.990581,-0.136456,0.011129,0.002284,3.140105,-0.022673,-0.273767,0.067105,0.003733,0.016801,-0.011067,-0.246606,-0.012789,0.034271,-0.526674,-19.911512,0.051343,6.702210,-0.286560,-0.318015,-0.253559,0.321501,-2.747235,0.124385,2.524030,0.953093
85.068645,-0.000000,0.000000,0.000000,0.000000,-0.000000,-0.000000,1.000000,0.396651,-0.003538,0.137325,0.990709,-0.134915,0.016471,0.004705,0.391889,-0.007779,0.149377,0.990581,-0.136456,0.011129,0.002284,3.140105,-0.022673,-0.273767,0.067105,0.003733,0.016801,-0.011067,-0.246606,-0.012789,0.034271,-0.526674,-19.911512,0.051343,6.702210,-0.286560,-0.318015,-0.253559,0.321501,-2.747235,0.124385,2.524030,0.953093
85.119550,-0.000000,0.000000,0.000000,0.000000,-0.000000,-0.000000,1.000000,0.396651,-0.003538,0.137325,0.990709,-0.134915,0.016471,0.004705,0.391889,-0.007779,0.149377,0.990581,-0.136456,0.011129,0.002284,3.140105,-0.022673,-0.273767,0.067105,0.003733,0.016801,-0.011067,-0.246606,-0.012789,0.034271,-0.526674,-19.911512,0.051343,6.702210,-0.286560,-0.318015,-0.253559,0.321501,-2.747235,0.124385,2.524030,0.953093
85.169610,-0.000000,0.000000,0.000000,0.000000,-0.000000,-0.000000,1.000000,0.396651,-0.003538,0.137325,0.990709,-0.134915,0.016471,0.004705,0.391889,-0.007779,0.149377,0.990581,-0.136456,0.011129,0.002284,3.140105,-0.022673,-0.273767,0.067105,0.003733,0.016801,-0.011067,-0.246606,-0.012789,0.034271,-0.526674,-19.911512,0.051343,6.702210,-0.286560,-0.318015,-0.253559,0.321501,-2.747235,0.124385,2.524030,0.953093
85.218719,-0.000000,0.000000,0.000000,0.000000,-0.000000,-0.000000,1.000000,0.396651,-0.003538,0.137325,0.990709,-0.134915,0.016471,0.004705,0.391889,-0.007779,0.149377,0.990581,-0.136456,0.011129,0.002284,3.140105,-0.022673,-0.273767,0.067105,0.003733,0.016801,-0.011067,-0.246606,-0.012789,0.034271,-0.526674,-19.911512,0.051343,6.702210,-0.286560,-0.318015,-0.253559,0.321501,-2.747235,0.124385,2.524030,0.953093
85.268775,-0.000000,0.110682,0.000000,0.000000,-0.000000,-0.000000,1.000000,0.396651,-0.003095,0.137325,0.990709,-0.134915,0.016471,0.004705,0.391889,-0.007779,0.149377,0.990581,-0.136456,0.011129,0.002284,3.140105,-0.022673,-0.273767,0.067105,0.003733,0.016801,-0.011067,-0.246606,-0.012789,0.034271,-0.526674,-19.911512,0.051343,6.702210,-0.286560,-0.318015,-0.253559,0.321501,-2.747235,0.124385,2.524030,0.953093
85.320580,-0.000000,0.027315,0.000000,0.000000,-0.000000,-0.000000,1.000000,0.396651,-0.002986,0.137325,0.990709,-0.134915,0.016471,0.004705,0.391889,-0.007779,0.149377,0.990581,-0.136456,0.011129,0.002284,3.140105,-0.022673,-0.273767,0.067105,0.003733,0.016801,-0.011067,-0.246606,-0.012789,0.034271,-0.526674,-19.911512,0.051343,6.702210,-0.286560,-0.318015,-0.253559,0.321501,-2.747235,0.124385,2.524030,0.953093
85.369632,-0.000000,0.000000,0.000000,0.000000,-0.000000,-0.000000,1.000000,0.396651,-0.002986,0.137325,0.990709,-0.134915,0.016471,0.004705,0.391889,-0.007779,0.149377,0.990581,-0.136456,0.011129,0.002284,3.140105,-0.022673,-0.273767,0.067105,0.003733,0.016801,-0.011067,-0.246606,-0.012789,0.034271,-0.526674,-19.911512,0.051343,6.702210,-0.286560,-0.318015,-0.253559,0.321501,-2.747235,0.124385,2.524030,0.953093
85.419687,-0.000000,0.000000,0.000000,0.000000,-0.000000,-0.000000,1.000000,0.396651,-0.002986,0.137325,0.990709,-0.134915,0.016471,0.004705,0.391889,-0.007779,0.149377,0.990581,-0.136456,0.011129,0.002284,3.140105,-0.022673,-0.273767,0.067105,0.003733,0.016801,-0.011067,-0.246606,-0.012789,0.034271,-0.526674,-19.911512,0.051343,6.702210,-0.286560,-0.318015,-0.253559,0.321501,-2.747235,0.124385,2.524030,0.953093
85.469699,-0.000000,0.000000,0.000000,0.000000,-0.000000,-0.000000,1.000000,0.396651,-0.002986,0.137325,0.990709,-0.134915,0.016471,0.004705,0.391889,-0.007779,0.149377,0.990581,-0.136456,0.011129,0.002284,3.140105,-0.022673,-0.273767,0.067105,0.003733,0.016801,-0.011067,-0.246606,-0.012789,0.034271,-0.526674,-19.911512,0.051343,6.702210,-0.286560,-0.318015,-0.253559,0.321501,-2.747235,0.124385,2.524030,0.953093
85.519756,-0.000000,0.000000,0.000000,0.000000,-0.000000,-0.000000,1.000000,0.396651,-0.002986,0.137325,0.990709,-0.134915,0.016471,0.004705,0.391889,-0.007779,0.149377,0.990581,-0.136456,0.011129,0.002284,3.140105,-0.022673,-0.273767,0.067105,0.003733,0.016801,-0.011067,-0.246606,-0.012789,0.034271,-0.526674,-19.911512,0.051343,6.702210,-0.286560,-0.318015,-0.253559,0.321501,-2.747235,0.124385,2.524030,0.953093
85.569820,-0.000000,0.000000,0.000000,0.000000,-0.000000,-0.000000,1.000000,0.396651,-0.002986,0.137325,0.990709,-0.134915,0.016471,0.004705,0.391889,-0.007779,0.149377,0.990581,-0.136456,0.011129,0.002284,3.140105,-0.022673,-0.273767,0.067105,0.003733,0.016801,-0.011067,-0.246606,-0.012789,0.034271,-0.526674,-19.911512,0.051343,6.702210,-0.286560,-0.318015,-0.253559,0.321501,-2.747235,0.124385,2.524030,0.953093
85.620611,-0.000000,0.000000,0.000000,0.000000,-0.000000,-0.000000,1.000000,0.396651,-0.002986,0.137325,0.990709,-0.134915,0.016471,0.004705,0.391889,-0.007779,0.149377,0.990581,-0.136456,0.011129,0.002284,3.140105,-0.022673,-0.273767,0.067105,0.003733,0.016801,-0.011067,-0.246606,-0.012789,0.034271,-0.526674,-19.911512,0.051343,6.702210,-0.286560,-0.318015,-0.253559,0.321501,-2.747235,0.124385,2.524030,0.953093
85.670769,-0.000000,0.000000,0.000000,0.000000,-0.000000,-0.000000,1.000000,0.396651,-0.002986,0.137325,0.990709,-0.134915,0.016471,0.004705,0.391889,-0.007779,0.149377,0.990581,-0.136456,0.011129,0.002284,3.140105,-0.022673,-0.273767,0.067105,0.003733,0.016801,-0.011067,-0.246606,-0.012789,0.034271,-0.526674,-19.911512,0.051343,6.702210,-0.286560,-0.318015,-0.253559,0.321501,-2.747235,0.124385,2.524030,0.953093
85.720544,-0.000000,0.000000,0.000000,0.000000,-0.000000,-0.000000,1.000000,0.396651,-0.002986,0.137325,0.990709,-0.134915,0.016471,0.004705,0.391889,-0.007779,0.149377,0.990581,-0.136456,0.011129,0.002284,3.140105,-0.022673,-0.273767,0.067105,0.003733,0.016801,-0.011067,-0.246606,-0.012789,0.034271,-0.526674,-19.911512,0.051343,6.702210,-0.286560,-0.318015,-0.253559,0.321501,-2.747235,0.124385,2.524030,0.953093
85.770616,-0.000000,0.000000,0.000000,0.000000,-0.000000,-0.000000,1.000000,0.396651,-0.002986,0.137325,0.990709,-0.134915,0.016471,0.004705,0.391889,-0.007779,0.149377,0.990581,-0.136456,0.011129,0.002284,3.140105,-0.022673,-0.273767,0.067105,0.003733,0.016801,-0.011067,-0.246606,-0.012789,0.034271,-0.526674,-19.911512,0.051343,6.702210,-0.286560,-0.318015,-0.253559,0.321501,-2.747235,0.124385,2.524030,0.953093
85.820658,-0.000000,0.000000,0.000000,0.000000,-0.000000,-0.000000,1.000000,0.396651,-0.002986,0.137325,0.990709,-0.134915,0.016471,0.004705,0.391889,-0.007779,0.149377,0.990581,-0.136456,0.011129,0.002284,3.140105,-0.022673,-0.273767,0.067105,0.003733,0.016801,-0.011067,-0.246606,-0.012789,0.034271,-0.526674,-19.911512,0.051343,6.702210,-0.286560,-0.318015,-0.253559,0.321501,-2.747235,0.124385,2.524030,0.953093
85.870694,0.000000,0.000000,0.000000,0.000000,0.000000,0.000000,0.000000,0.396651,-0.002986,0.137325,0.990709,-0.134915,0.016471,0.004705,0.391889,-0.007779,0.149377,0.990581,-0.136456,0.011129,0.002284,3.140105,-0.022673,-0.273767,0.067105,0.003733,0.016801,-0.011067,-0.246606,-0.012789,0.034271,-0.526674,-19.911512,0.051343,6.702210,-0.286560,-0.318015,-0.253559,0.321501,-2.747235,0.124385,2.524030,0.953093
85.921615,0.000000,0.000000,0.000000,0.000000,0.000000,0.000000,0.000000,0.396651,-0.002986,0.137325,0.990709,-0.134915,0.016471,0.004705,0.391889,-0.007779,0.149377,0.990581,-0.136456,0.011129,0.002284,3.140105,-0.022673,-0.273767,0.067105,0.003733,0.016801,-0.011067,-0.246606,-0.012789,0.034271,-0.526674,-19.911512,0.051343,6.702210,-0.286560,-0.318015,-0.253559,0.321501,-2.747235,0.124385,2.524030,0.953093
85.970725,0.000000,0.000000,0.000000,0.000000,0.000000,0.000000,0.000000,0.396651,-0.002986,0.137325,0.990709,-0.134915,0.016471,0.004705,0.391889,-0.007779,0.149377,0.990581,-0.136456,0.011129,0.002284,3.140105,-0.022673,-0.273767,0.067105,0.003733,0.016801,-0.011067,-0.246606,-0.012789,0.034271,-0.526674,-19.911512,0.051343,6.702210,-0.286560,-0.318015,-0.253559,0.321501,-2.747235,0.124385,2.524030,0.953093
86.021499,0.000000,0.000000,0.000000,0.000000,0.000000,0.000000,0.000000,0.396651,-0.002986,0.137325,0.990709,-0.134915,0.016471,0.004705,0.391889,-0.007779,0.149377,0.990581,-0.136456,0.011129,0.002284,3.140105,-0.022673,-0.273767,0.067105,0.003733,0.016801,-0.011067,-0.246606,-0.012789,0.034271,-0.526674,-19.911512,0.051343,6.702210,-0.286560,-0.318015,-0.253559,0.321501,-2.747235,0.124385,2.524030,0.953093
86.071468,0.000000,0.000000,0.000000,0.000000,0.000000,0.000000,0.000000,0.396651,-0.002986,0.137325,0.990709,-0.134915,0.016471,0.004705,0.391889,-0.007779,0.149377,0.990581,-0.136456,0.011129,0.002284,3.140105,-0.022673,-0.273767,0.067105,0.003733,0.016801,-0.011067,-0.246606,-0.012789,0.034271,-0.526674,-19.911512,0.051343,6.702210,-0.286560,-0.318015,-0.253559,0.321501,-2.747235,0.124385,2.524030,0.953093
86.121486,0.000000,0.000000,0.000000,0.000000,0.000000,0.000000,0.000000,0.396651,-0.002986,0.137325,0.990709,-0.134915,0.016471,0.004705,0.391889,-0.007779,0.149377,0.990581,-0.136456,0.011129,0.002284,3.140105,-0.022673,-0.273767,0.067105,0.003733,0.016801,-0.011067,-0.246606,-0.012789,0.034271,-0.526674,-19.911512,0.051343,6.702210,-0.286560,-0.318015,-0.253559,0.321501,-2.747235,0.124385,2.524030,0.953093
86.171588,0.000000,0.000000,0.000000,0.000000,0.000000,0.000000,0.000000,0.396651,-0.002986,0.137325,0.990709,-0.134915,0.016471,0.004705,0.391889,-0.007779,0.149377,0.990581,-0.136456,0.011129,0.002284,3.140105,-0.022673,-0.273767,0.067105,0.003733,0.016801,-0.011067,-0.246606,-0.012789,0.034271,-0.526674,-19.911512,0.051343,6.702210,-0.286560,-0.318015,-0.253559,0.321501,-2.747235,0.124385,2.524030,0.953093
86.221655,0.000000,0.000000,0.000000,0.000000,0.000000,0.000000,0.000000,0.396651,-0.002986,0.137325,0.990709,-0.134915,0.016471,0.004705,0.391889,-0.007779,0.149377,0.990581,-0.136456,0.011129,0.002284,3.140105,-0.022673,-0.273767,0.067105,0.003733,0.016801,-0.011067,-0.246606,-0.012789,0.034271,-0.526674,-19.911512,0.051343,6.702210,-0.286560,-0.318015,-0.253559,0.321501,-2.747235,0.124385,2.524030,0.953093
86.271684,0.000000,0.000000,0.000000,0.000000,0.000000,0.000000,0.000000,0.396651,-0.002986,0.137325,0.990709,-0.134915,0.016471,0.004705,0.391889,-0.007779,0.149377,0.990581,-0.136456,0.011129,0.002284,3.140105,-0.022673,-0.273767,0.067105,0.003733,0.016801,-0.011067,-0.246606,-0.012789,0.034271,-0.526674,-19.911512,0.051343,6.702210,-0.286560,-0.318015,-0.253559,0.321501,-2.747235,0.124385,2.524030,0.953093
86.322478,0.000000,0.000000,0.000000,0.000000,0.000000,0.000000,0.000000,0.396651,-0.002986,0.137325,0.990709,-0.134915,0.016471,0.004705,0.391889,-0.007779,0.149377,0.990581,-0.136456,0.011129,0.002284,3.140105,-0.022673,-0.273767,0.067105,0.003733,0.016801,-0.011067,-0.246606,-0.012789,0.034271,-0.526674,-19.911512,0.051343,6.702210,-0.286560,-0.318015,-0.253559,0.321501,-2.747235,0.124385,2.524030,0.953093
86.371764,0.000000,0.000000,0.000000,0.000000,0.000000,0.000000,0.000000,0.396651,-0.002986,0.137325,0.990709,-0.134915,0.016471,0.004705,0.391889,-0.007779,0.149377,0.990581,-0.136456,0.011129,0.002284,3.140105,-0.022673,-0.273767,0.067105,0.003733,0.016801,-0.011067,-0.246606,-0.012789,0.034271,-0.526674,-19.911512,0.051343,6.702210,-0.286560,-0.318015,-0.253559,0.321501,-2.747235,0.124385,2.524030,0.953093
86.421775,0.000000,0.000000,0.000000,0.000000,0.000000,0.000000,0.000000,0.396651,-0.002986,0.137325,0.990709,-0.134915,0.016471,0.004705,0.391889,-0.007779,0.149377,0.990581,-0.136456,0.011129,0.002284,3.140105,-0.022673,-0.273767,0.067105,0.003733,0.016801,-0.011067,-0.246606,-0.012789,0.034271,-0.526674,-19.911512,0.051343,6.702210,-0.286560,-0.318015,-0.253559,0.321501,-2.747235,0.124385,2.524030,0.953093
86.472543,0.000000,0.000000,0.000000,0.000000,0.000000,0.000000,0.000000,0.396651,-0.002986,0.137325,0.990709,-0.134915,0.016471,0.004705,0.391889,-0.007779,0.149377,0.990581,-0.136456,0.011129,0.002284,3.140105,-0.022673,-0.273767,0.067105,0.003733,0.016801,-0.011067,-0.246606,-0.012789,0.034271,-0.526674,-19.911512,0.051343,6.702210,-0.286560,-0.318015,-0.253559,0.321501,-2.747235,0.124385,2.524030,0.953093
86.522503,0.000000,0.000000,0.000000,0.000000,0.000000,0.000000,0.000000,0.396651,-0.002986,0.137325,0.990709,-0.134915,0.016471,0.004705,0.391889,-0.007779,0.149377,0.990581,-0.136456,0.011129,0.002284,3.140105,-0.022673,-0.273767,0.067105,0.003733,0.016801,-0.011067,-0.246606,-0.012789,0.034271,-0.526674,-19.911512,0.051343,6.702210,-0.286560,-0.318015,-0.253559,0.321501,-2.747235,0.124385,2.524030,0.953093
86.572524,0.000000,0.000000,0.000000,0.000000,0.000000,0.000000,0.000000,0.396651,-0.002986,0.137325,0.990709,-0.134915,0.016471,0.004705,0.391889,-0.007779,0.149377,0.990581,-0.136456,0.011129,0.002284,3.140105,-0.022673,-0.273767,0.067105,0.003733,0.016801,-0.011067,-0.246606,-0.012789,0.034271,-0.526674,-19.911512,0.051343,6.702210,-0.286560,-0.318015,-0.253559,0.321501,-2.747235,0.124385,2.524030,0.953093
86.622519,0.000000,0.000000,0.000000,0.000000,0.000000,0.000000,0.000000,0.396651,-0.002986,0.137325,0.990709,-0.134915,0.016471,0.004705,0.391889,-0.007779,0.149377,0.990581,-0.136456,0.011129,0.002284,3.140105,-0.022673,-0.273767,0.067105,0.003733,0.016801,-0.011067,-0.246606,-0.012789,0.034271,-0.526674,-19.911512,0.051343,6.702210,-0.286560,-0.318015,-0.253559,0.321501,-2.747235,0.124385,2.524030,0.953093
86.672602,0.000000,0.000000,0.000000,0.000000,0.000000,0.000000,0.000000,0.396651,-0.002986,0.137325,0.990709,-0.134915,0.016471,0.004705,0.391889,-0.007779,0.149377,0.990581,-0.136456,0.011129,0.002284,3.140105,-0.022673,-0.273767,0.067105,0.003733,0.016801,-0.011067,-0.246606,-0.012789,0.034271,-0.526674,-19.911512,0.051343,6.702210,-0.286560,-0.318015,-0.253559,0.321501,-2.747235,0.124385,2.524030,0.953093
86.722730,0.000000,0.000000,0.000000,0.000000,0.000000,0.000000,0.000000,0.396651,-0.002986,0.137325,0.990709,-0.134915,0.016471,0.004705,0.391889,-0.007779,0.149377,0.990581,-0.136456,0.011129,0.002284,3.140105,-0.022673,-0.273767,0.067105,0.003733,0.016801,-0.011067,-0.246606,-0.012789,0.034271,-0.526674,-19.911512,0.051343,6.702210,-0.286560,-0.318015,-0.253559,0.321501,-2.747235,0.124385,2.524030,0.953093
86.772817,0.000000,0.000000,0.000000,0.000000,0.000000,0.000000,0.000000,0.396651,-0.002986,0.137325,0.990709,-0.134915,0.016471,0.004705,0.391889,-0.007779,0.149377,0.990581,-0.136456,0.011129,0.002284,3.140105,-0.022673,-0.273767,0.067105,0.003733,0.016801,-0.011067,-0.246606,-0.012789,0.034271,-0.526674,-19.911512,0.051343,6.702210,-0.286560,-0.318015,-0.253559,0.321501,-2.747235,0.124385,2.524030,0.953093
86.823553,0.000000,0.000000,0.000000,0.000000,0.000000,0.000000,0.000000,0.396651,-0.002986,0.137325,0.990709,-0.134915,0.016471,0.004705,0.391889,-0.007779,0.149377,0.990581,-0.136456,0.011129,0.002284,3.140105,-0.022673,-0.273767,0.067105,0.003733,0.016801,-0.011067,-0.246606,-0.012789,0.034271,-0.526674,-19.911512,0.051343,6.702210,-0.286560,-0.318015,-0.253559,0.321501,-2.747235,0.124385,2.524030,0.953093
86.872743,0.000000,0.000000,0.000000,0.000000,0.000000,0.000000,0.000000,0.396651,-0.002986,0.137325,0.990709,-0.134915,0.016471,0.004705,0.391889,-0.007779,0.149377,0.990581,-0.136456,0.011129,0.002284,3.140105,-0.022673,-0.273767,0.067105,0.003733,0.016801,-0.011067,-0.246606,-0.012789,0.034271,-0.526674,-19.911512,0.051343,6.702210,-0.286560,-0.318015,-0.253559,0.321501,-2.747235,0.124385,2.524030,0.953093
86.923526,0.000000,0.000000,0.000000,0.000000,0.000000,0.000000,0.000000,0.396651,-0.002986,0.137325,0.990709,-0.134915,0.016471,0.004705,0.391889,-0.007779,0.149377,0.990581,-0.136456,0.011129,0.002284,3.140105,-0.022673,-0.273767,0.067105,0.003733,0.016801,-0.011067,-0.246606,-0.012789,0.034271,-0.526674,-19.911512,0.051343,6.702210,-0.286560,-0.318015,-0.253559,0.321501,-2.747235,0.124385,2.524030,0.953093
86.973516,0.000000,0.000000,0.000000,0.000000,0.000000,0.000000,0.000000,0.396651,-0.002986,0.137325,0.990709,-0.134915,0.016471,0.004705,0.391889,-0.007779,0.149377,0.990581,-0.136456,0.011129,0.002284,3.140105,-0.022673,-0.273767,0.067105,0.003733,0.016801,-0.011067,-0.246606,-0.012789,0.034271,-0.526674,-19.911512,0.051343,6.702210,-0.286560,-0.318015,-0.253559,0.321501,-2.747235,0.124385,2.524030,0.953093
87.023514,0.000000,0.000000,0.000000,0.000000,0.000000,0.000000,0.000000,0.396651,-0.002986,0.137325,0.990709,-0.134915,0.016471,0.004705,0.391889,-0.007779,0.149377,0.990581,-0.136456,0.011129,0.002284,3.140105,-0.022673,-0.273767,0.067105,0.003733,0.016801,-0.011067,-0.246606,-0.012789,0.034271,-0.526674,-19.911512,0.051343,6.702210,-0.286560,-0.318015,-0.253559,0.321501,-2.747235,0.124385,2.524030,0.953093
87.073701,0.000000,0.000000,0.000000,0.000000,0.000000,0.000000,0.000000,0.396651,-0.002986,0.137325,0.990709,-0.134915,0.016471,0.004705,0.391889,-0.007779,0.149377,0.990581,-0.136456,0.011129,0.002284,3.140105,-0.022673,-0.273767,0.067105,0.003733,0.016801,-0.011067,-0.246606,-0.012789,0.034271,-0.526674,-19.911512,0.051343,6.702210,-0.286560,-0.318015,-0.253559,0.321501,-2.747235,0.124385,2.524030,0.953093
87.123688,0.000000,0.000000,0.000000,0.000000,0.000000,0.000000,0.000000,0.396651,-0.002986,0.137325,0.990709,-0.134915,0.016471,0.004705,0.391889,-0.007779,0.149377,0.990581,-0.136456,0.011129,0.002284,3.140105,-0.022673,-0.273767,0.067105,0.003733,0.016801,-0.011067,-0.246606,-0.012789,0.034271,-0.526674,-19.911512,0.051343,6.702210,-0.286560,-0.318015,-0.253559,0.321501,-2.747235,0.124385,2.524030,0.953093
87.173659,0.000000,0.000000,0.000000,0.000000,0.000000,0.000000,0.000000,0.396651,-0.002986,0.137325,0.990709,-0.134915,0.016471,0.004705,0.391889,-0.007779,0.149377,0.990581,-0.136456,0.011129,0.002284,3.140105,-0.022673,-0.273767,0.067105,0.003733,0.016801,-0.011067,-0.246606,-0.012789,0.034271,-0.526674,-19.911512,0.051343,6.702210,-0.286560,-0.318015,-0.253559,0.321501,-2.747235,0.124385,2.524030,0.953093
87.228003,0.000000,0.000000,0.000000,0.000000,0.000000,0.000000,0.000000,0.396651,-0.002986,0.137325,0.990709,-0.134915,0.016471,0.004705,0.391889,-0.007779,0.149377,0.990581,-0.136456,0.011129,0.002284,3.140105,-0.022673,-0.273767,0.067105,0.003733,0.016801,-0.011067,-0.246606,-0.012789,0.034271,-0.526674,-19.911512,0.051343,6.702210,-0.286560,-0.318015,-0.253559,0.321501,-2.747235,0.124385,2.524030,0.953093
87.274604,0.000000,0.000000,0.000000,0.000000,0.000000,0.000000,0.000000,0.396651,-0.002986,0.137325,0.990709,-0.134915,0.016471,0.004705,0.391889,-0.007779,0.149377,0.990581,-0.136456,0.011129,0.002284,3.140105,-0.022673,-0.273767,0.067105,0.003733,0.016801,-0.011067,-0.246606,-0.012789,0.034271,-0.526674,-19.911512,0.051343,6.702210,-0.286560,-0.318015,-0.253559,0.321501,-2.747235,0.124385,2.524030,0.953093
87.323793,0.000000,0.000000,0.000000,0.000000,0.000000,0.000000,0.000000,0.396651,-0.002986,0.137325,0.990709,-0.134915,0.016471,0.004705,0.391889,-0.007779,0.149377,0.990581,-0.136456,0.011129,0.002284,3.140105,-0.022673,-0.273767,0.067105,0.003733,0.016801,-0.011067,-0.246606,-0.012789,0.034271,-0.526674,-19.911512,0.051343,6.702210,-0.286560,-0.318015,-0.253559,0.321501,-2.747235,0.124385,2.524030,0.953093
87.374412,0.000000,0.000000,0.000000,0.000000,0.000000,0.000000,0.000000,0.396651,-0.002986,0.137325,0.990709,-0.134915,0.016471,0.004705,0.391889,-0.007779,0.149377,0.990581,-0.136456,0.011129,0.002284,3.140105,-0.022673,-0.273767,0.067105,0.003733,0.016801,-0.011067,-0.246606,-0.012789,0.034271,-0.526674,-19.911512,0.051343,6.702210,-0.286560,-0.318015,-0.253559,0.321501,-2.747235,0.124385,2.524030,0.953093
87.424488,0.000000,0.000000,0.000000,0.000000,0.000000,0.000000,0.000000,0.396651,-0.002986,0.137325,0.990709,-0.134915,0.016471,0.004705,0.391889,-0.007779,0.149377,0.990581,-0.136456,0.011129,0.002284,3.140105,-0.022673,-0.273767,0.067105,0.003733,0.016801,-0.011067,-0.246606,-0.012789,0.034271,-0.526674,-19.911512,0.051343,6.702210,-0.286560,-0.318015,-0.253559,0.321501,-2.747235,0.124385,2.524030,0.953093
87.473869,0.000000,0.000000,0.000000,0.000000,0.000000,0.000000,0.000000,0.396651,-0.002986,0.137325,0.990709,-0.134915,0.016471,0.004705,0.391889,-0.007779,0.149377,0.990581,-0.136456,0.011129,0.002284,3.140105,-0.022673,-0.273767,0.067105,0.003733,0.016801,-0.011067,-0.246606,-0.012789,0.034271,-0.526674,-19.911512,0.051343,6.702210,-0.286560,-0.318015,-0.253559,0.321501,-2.747235,0.124385,2.524030,0.953093
87.524516,0.000000,0.000000,0.000000,0.000000,0.000000,0.000000,0.000000,0.396651,-0.002986,0.137325,0.990709,-0.134915,0.016471,0.004705,0.391889,-0.007779,0.149377,0.990581,-0.136456,0.011129,0.002284,3.140105,-0.022673,-0.273767,0.067105,0.003733,0.016801,-0.011067,-0.246606,-0.012789,0.034271,-0.526674,-19.911512,0.051343,6.702210,-0.286560,-0.318015,-0.253559,0.321501,-2.747235,0.124385,2.524030,0.953093
87.574760,0.000000,0.000000,0.000000,0.000000,0.000000,0.000000,0.000000,0.396651,-0.002986,0.137325,0.990709,-0.134915,0.016471,0.004705,0.391889,-0.007779,0.149377,0.990581,-0.136456,0.011129,0.002284,3.140105,-0.022673,-0.273767,0.067105,0.003733,0.016801,-0.011067,-0.246606,-0.012789,0.034271,-0.526674,-19.911512,0.051343,6.702210,-0.286560,-0.318015,-0.253559,0.321501,-2.747235,0.124385,2.524030,0.953093
87.625456,0.000000,0.000000,0.000000,0.000000,0.000000,0.000000,0.000000,0.396651,-0.002986,0.137325,0.990709,-0.134915,0.016471,0.004705,0.391889,-0.007779,0.149377,0.990581,-0.136456,0.011129,0.002284,3.140105,-0.022673,-0.273767,0.067105,0.003733,0.016801,-0.011067,-0.246606,-0.012789,0.034271,-0.526674,-19.911512,0.051343,6.702210,-0.286560,-0.318015,-0.253559,0.321501,-2.747235,0.124385,2.524030,0.953093
87.675645,0.000000,0.000000,0.000000,0.000000,0.000000,0.000000,0.000000,0.396651,-0.002986,0.137325,0.990709,-0.134915,0.016471,0.004705,0.391889,-0.007779,0.149377,0.990581,-0.136456,0.011129,0.002284,3.140105,-0.022673,-0.273767,0.067105,0.003733,0.016801,-0.011067,-0.246606,-0.012789,0.034271,-0.526674,-19.911512,0.051343,6.702210,-0.286560,-0.318015,-0.253559,0.321501,-2.747235,0.124385,2.524030,0.953093
87.725527,0.000000,0.000000,0.000000,0.000000,0.000000,0.000000,0.000000,0.396651,-0.002986,0.137325,0.990709,-0.134915,0.016471,0.004705,0.391889,-0.007779,0.149377,0.990581,-0.136456,0.011129,0.002284,3.140105,-0.022673,-0.273767,0.067105,0.003733,0.016801,-0.011067,-0.246606,-0.012789,0.034271,-0.526674,-19.911512,0.051343,6.702210,-0.286560,-0.318015,-0.253559,0.321501,-2.747235,0.124385,2.524030,0.953093
87.775463,0.000000,0.000000,0.000000,0.000000,0.000000,0.000000,0.000000,0.396651,-0.002986,0.137325,0.990709,-0.134915,0.016471,0.004705,0.391889,-0.007779,0.149377,0.990581,-0.136456,0.011129,0.002284,3.140105,-0.022673,-0.273767,0.067105,0.003733,0.016801,-0.011067,-0.246606,-0.012789,0.034271,-0.526674,-19.911512,0.051343,6.702210,-0.286560,-0.318015,-0.253559,0.321501,-2.747235,0.124385,2.524030,0.953093
87.824954,0.000000,0.000000,0.000000,0.000000,0.000000,0.000000,0.000000,0.396651,-0.002986,0.137325,0.990709,-0.134915,0.016471,0.004705,0.391889,-0.007779,0.149377,0.990581,-0.136456,0.011129,0.002284,3.140105,-0.022673,-0.273767,0.067105,0.003733,0.016801,-0.011067,-0.246606,-0.012789,0.034271,-0.526674,-19.911512,0.051343,6.702210,-0.286560,-0.318015,-0.253559,0.321501,-2.747235,0.124385,2.524030,0.953093
87.874821,0.000000,0.000000,0.000000,0.000000,0.000000,0.000000,0.000000,0.396651,-0.002986,0.137325,0.990709,-0.134915,0.016471,0.004705,0.391889,-0.007779,0.149377,0.990581,-0.136456,0.011129,0.002284,3.140105,-0.022673,-0.273767,0.067105,0.003733,0.016801,-0.011067,-0.246606,-0.012789,0.034271,-0.526674,-19.911512,0.051343,6.702210,-0.286560,-0.318015,-0.253559,0.321501,-2.747235,0.124385,2.524030,0.953093
87.925450,0.000000,0.000000,0.000000,0.000000,0.000000,0.000000,0.000000,0.396651,-0.002986,0.137325,0.990709,-0.134915,0.016471,0.004705,0.391889,-0.007779,0.149377,0.990581,-0.136456,0.011129,0.002284,3.140105,-0.022673,-0.273767,0.067105,0.003733,0.016801,-0.011067,-0.246606,-0.012789,0.034271,-0.526674,-19.911512,0.051343,6.702210,-0.286560,-0.318015,-0.253559,0.321501,-2.747235,0.124385,2.524030,0.953093
87.975505,0.000000,0.000000,0.000000,0.000000,0.000000,0.000000,0.000000,0.396651,-0.002986,0.137325,0.990709,-0.134915,0.016471,0.004705,0.391889,-0.007779,0.149377,0.990581,-0.136456,0.011129,0.002284,3.140105,-0.022673,-0.273767,0.067105,0.003733,0.016801,-0.011067,-0.246606,-0.012789,0.034271,-0.526674,-19.911512,0.051343,6.702210,-0.286560,-0.318015,-0.253559,0.321501,-2.747235,0.124385,2.524030,0.953093
88.025588,0.000000,0.000000,0.000000,0.000000,0.000000,0.000000,0.000000,0.396651,-0.002986,0.137325,0.990709,-0.134915,0.016471,0.004705,0.391889,-0.007779,0.149377,0.990581,-0.136456,0.011129,0.002284,3.140105,-0.022673,-0.273767,0.067105,0.003733,0.016801,-0.011067,-0.246606,-0.012789,0.034271,-0.526674,-19.911512,0.051343,6.702210,-0.286560,-0.318015,-0.253559,0.321501,-2.747235,0.124385,2.524030,0.953093
88.075707,0.000000,0.000000,0.000000,0.000000,0.000000,0.000000,0.000000,0.396651,-0.002986,0.137325,0.990709,-0.134915,0.016471,0.004705,0.391889,-0.007779,0.149377,0.990581,-0.136456,0.011129,0.002284,3.140105,-0.022673,-0.273767,0.067105,0.003733,0.016801,-0.011067,-0.246606,-0.012789,0.034271,-0.526674,-19.911512,0.051343,6.702210,-0.286560,-0.318015,-0.253559,0.321501,-2.747235,0.124385,2.524030,0.953093
88.125782,0.000000,0.000000,0.000000,0.000000,0.000000,0.000000,0.000000,0.396651,-0.002986,0.137325,0.990709,-0.134915,0.016471,0.004705,0.391889,-0.007779,0.149377,0.990581,-0.136456,0.011129,0.002284,3.140105,-0.022673,-0.273767,0.067105,0.003733,0.016801,-0.011067,-0.246606,-0.012789,0.034271,-0.526674,-19.911512,0.051343,6.702210,-0.286560,-0.318015,-0.253559,0.321501,-2.747235,0.124385,2.524030,0.953093
88.177390,0.000000,0.000000,0.000000,0.000000,0.000000,0.000000,0.000000,0.396651,-0.002986,0.137325,0.990709,-0.134915,0.016471,0.004705,0.391889,-0.007779,0.149377,0.990581,-0.136456,0.011129,0.002284,3.140105,-0.022673,-0.273767,0.067105,0.003733,0.016801,-0.011067,-0.246606,-0.012789,0.034271,-0.526674,-19.911512,0.051343,6.702210,-0.286560,-0.318015,-0.253559,0.321501,-2.747235,0.124385,2.524030,0.953093
88.226551,0.000000,0.000000,0.000000,0.000000,0.000000,0.000000,0.000000,0.396651,-0.002986,0.137325,0.990709,-0.134915,0.016471,0.004705,0.391889,-0.007779,0.149377,0.990581,-0.136456,0.011129,0.002284,3.140105,-0.022673,-0.273767,0.067105,0.003733,0.016801,-0.011067,-0.246606,-0.012789,0.034271,-0.526674,-19.911512,0.051343,6.702210,-0.286560,-0.318015,-0.253559,0.321501,-2.747235,0.124385,2.524030,0.953093
88.275721,0.000000,0.000000,0.000000,0.000000,0.000000,0.000000,0.000000,0.396651,-0.002986,0.137325,0.990709,-0.134915,0.016471,0.004705,0.391889,-0.007779,0.149377,0.990581,-0.136456,0.011129,0.002284,3.140105,-0.022673,-0.273767,0.067105,0.003733,0.016801,-0.011067,-0.246606,-0.012789,0.034271,-0.526674,-19.911512,0.051343,6.702210,-0.286560,-0.318015,-0.253559,0.321501,-2.747235,0.124385,2.524030,0.953093
88.325850,0.000000,0.000000,0.000000,0.000000,0.000000,0.000000,0.000000,0.396651,-0.002986,0.137325,0.990709,-0.134915,0.016471,0.004705,0.391889,-0.007779,0.149377,0.990581,-0.136456,0.011129,0.002284,3.140105,-0.022673,-0.273767,0.067105,0.003733,0.016801,-0.011067,-0.246606,-0.012789,0.034271,-0.526674,-19.911512,0.051343,6.702210,-0.286560,-0.318015,-0.253559,0.321501,-2.747235,0.124385,2.524030,0.953093
88.376641,0.000000,0.000000,0.000000,0.000000,0.000000,0.000000,0.000000,0.396651,-0.002986,0.137325,0.990709,-0.134915,0.016471,0.004705,0.391889,-0.007779,0.149377,0.990581,-0.136456,0.011129,0.002284,3.140105,-0.022673,-0.273767,0.067105,0.003733,0.016801,-0.011067,-0.246606,-0.012789,0.034271,-0.526674,-19.911512,0.051343,6.702210,-0.286560,-0.318015,-0.253559,0.321501,-2.747235,0.124385,2.524030,0.953093
88.426471,0.000000,0.000000,0.000000,0.000000,0.000000,0.000000,0.000000,0.396651,-0.002986,0.137325,0.990709,-0.134915,0.016471,0.004705,0.391889,-0.007779,0.149377,0.990581,-0.136456,0.011129,0.002284,3.140105,-0.022673,-0.273767,0.067105,0.003733,0.016801,-0.011067,-0.246606,-0.012789,0.034271,-0.526674,-19.911512,0.051343,6.702210,-0.286560,-0.318015,-0.253559,0.321501,-2.747235,0.124385,2.524030,0.953093
88.477625,0.000000,0.000000,0.000000,0.000000,0.000000,0.000000,0.000000,0.396651,-0.002986,0.137325,0.990709,-0.134915,0.016471,0.004705,0.391889,-0.007779,0.149377,0.990581,-0.136456,0.011129,0.002284,3.140105,-0.022673,-0.273767,0.067105,0.003733,0.016801,-0.011067,-0.246606,-0.012789,0.034271,-0.526674,-19.911512,0.051343,6.702210,-0.286560,-0.318015,-0.253559,0.321501,-2.747235,0.124385,2.524030,0.953093
88.526621,0.000000,0.000000,0.000000,0.000000,0.000000,0.000000,0.000000,0.396651,-0.002986,0.137325,0.990709,-0.134915,0.016471,0.004705,0.391889,-0.007779,0.149377,0.990581,-0.136456,0.011129,0.002284,3.140105,-0.022673,-0.273767,0.067105,0.003733,0.016801,-0.011067,-0.246606,-0.012789,0.034271,-0.526674,-19.911512,0.051343,6.702210,-0.286560,-0.318015,-0.253559,0.321501,-2.747235,0.124385,2.524030,0.953093
