t,act_x,act_y,act_z,act_r,act_p,act_yaw,r1,tgt_x,tgt_y,tgt_z,tgt_qx,tgt_qy,tgt_qz,tgt_qw,mes_x,mes_y,mes_z,mes_qx,mes_qy,mes_qz,mes_qw,mes_roll,mes_pitch,mes_yaw,vel_x,vel_y,vel_z,vel_r,vel_p,vel_yaw,fx,fy,fz,tx,ty,tz,q0,q1,q2,q3,q4,q5,q6
0.001949,0.000000,0.000000,0.000000,0.000000,0.000000,0.000000,0.000000,0.391889,-0.007779,0.149377,0.990581,-0.136456,0.011129,0.002284,0.391889,-0.007779,0.149377,0.990581,-0.136456,0.011129,0.002284,3.140105,-0.022673,-0.273767,0.067105,0.003733,0.016801,-0.011067,-0.246606,-0.012789,0.034271,-0.526674,-19.911512,0.051343,6.702210,-0.286560,-0.318015,-0.253559,0.321501,-2.747235,0.124385,2.524030,0.953093
0.050742,0.000000,0.000000,0.000000,0.000000,0.000000,0.000000,0.000000,0.391889,-0.007779,0.149377,0.990581,-0.136456,0.011129,0.002284,0.391889,-0.007779,0.149377,0.990581,-0.136456,0.011129,0.002284,3.140105,-0.022673,-0.273767,0.067105,0.003733,0.016801,-0.011067,-0.246606,-0.012789,0.034271,-0.526674,-19.911512,0.051343,6.702210,-0.286560,-0.318015,-0.253559,0.321501,-2.747235,0.124385,2.524030,0.953093
0.101683,0.000000,0.000000,0.000000,0.000000,0.000000,0.000000,0.000000,0.391889,-0.007779,0.149377,0.990581,-0.136456,0.011129,0.002284,0.391889,-0.007779,0.149377,0.990581,-0.136456,0.011129,0.002284,3.140105,-0.022673,-0.273767,0.067105,0.003733,0.016801,-0.011067,-0.246606,-0.012789,0.034271,-0.526674,-19.911512,0.051343,6.702210,-0.286560,-0.318015,-0.253559,0.321501,-2.747235,0.124385,2.524030,0.953093
0.152553,0.000000,0.000000,0.000000,0.000000,0.000000,0.000000,0.000000,0.391889,-0.007779,0.149377,0.990581,-0.136456,0.011129,0.002284,0.391889,-0.007779,0.149377,0.990581,-0.136456,0.011129,0.002284,3.140105,-0.022673,-0.273767,0.067105,0.003733,0.016801,-0.011067,-0.246606,-0.012789,0.034271,-0.526674,-19.911512,0.051343,6.702210,-0.286560,-0.318015,-0.253559,0.321501,-2.747235,0.124385,2.524030,0.953093
0.202409,0.000000,0.000000,0.000000,0.000000,0.000000,0.000000,0.000000,0.391889,-0.007779,0.149377,0.990581,-0.136456,0.011129,0.002284,0.391889,-0.007779,0.149377,0.990581,-0.136456,0.011129,0.002284,3.140105,-0.022673,-0.273767,0.067105,0.003733,0.016801,-0.011067,-0.246606,-0.012789,0.034271,-0.526674,-19.911512,0.051343,6.702210,-0.286560,-0.318015,-0.253559,0.321501,-2.747235,0.124385,2.524030,0.953093
0.251712,0.000000,0.000000,0.000000,0.000000,0.000000,0.000000,0.000000,0.391889,-0.007779,0.149377,0.990581,-0.136456,0.011129,0.002284,0.391889,-0.007779,0.149377,0.990581,-0.136456,0.011129,0.002284,3.140105,-0.022673,-0.273767,0.067105,0.003733,0.016801,-0.011067,-0.246606,-0.012789,0.034271,-0.526674,-19.911512,0.051343,6.702210,-0.286560,-0.318015,-0.253559,0.321501,-2.747235,0.124385,2.524030,0.953093
0.302410,0.000000,0.000000,0.000000,0.000000,0.000000,0.000000,0.000000,0.391889,-0.007779,0.149377,0.990581,-0.136456,0.011129,0.002284,0.391889,-0.007779,0.149377,0.990581,-0.136456,0.011129,0.002284,3.140105,-0.022673,-0.273767,0.067105,0.003733,0.016801,-0.011067,-0.246606,-0.012789,0.034271,-0.526674,-19.911512,0.051343,6.702210,-0.286560,-0.318015,-0.253559,0.321501,-2.747235,0.124385,2.524030,0.953093
0.352394,0.000000,0.000000,0.000000,0.000000,0.000000,0.000000,0.000000,0.391889,-0.007779,0.149377,0.990581,-0.136456,0.011129,0.002284,0.391889,-0.007779,0.149377,0.990581,-0.136456,0.011129,0.002284,3.140105,-0.022673,-0.273767,0.067105,0.003733,0.016801,-0.011067,-0.246606,-0.012789,0.034271,-0.526674,-19.911512,0.051343,6.702210,-0.286560,-0.318015,-0.253559,0.321501,-2.747235,0.124385,2.524030,0.953093
0.402414,0.000000,0.000000,0.000000,0.000000,0.000000,0.000000,0.000000,0.391889,-0.007779,0.149377,0.990581,-0.136456,0.011129,0.002284,0.391889,-0.007779,0.149377,0.990581,-0.136456,0.011129,0.002284,3.140105,-0.022673,-0.273767,0.067105,0.003733,0.016801,-0.011067,-0.246606,-0.012789,0.034271,-0.526674,-19.911512,0.051343,6.702210,-0.286560,-0.318015,-0.253559,0.321501,-2.747235,0.124385,2.524030,0.953093
0.453499,0.000000,0.000000,0.000000,0.000000,0.000000,0.000000,0.000000,0.391889,-0.007779,0.149377,0.990581,-0.136456,0.011129,0.002284,0.391889,-0.007779,0.149377,0.990581,-0.136456,0.011129,0.002284,3.140105,-0.022673,-0.273767,0.067105,0.003733,0.016801,-0.011067,-0.246606,-0.012789,0.034271,-0.526674,-19.911512,0.051343,6.702210,-0.286560,-0.318015,-0.253559,0.321501,-2.747235,0.124385,2.524030,0.953093
0.502763,0.000000,0.000000,0.000000,0.000000,0.000000,0.000000,0.000000,0.391889,-0.007779,0.149377,0.990581,-0.136456,0.011129,0.002284,0.391889,-0.007779,0.149377,0.990581,-0.136456,0.011129,0.002284,3.140105,-0.022673,-0.273767,0.067105,0.003733,0.016801,-0.011067,-0.246606,-0.012789,0.034271,-0.526674,-19.911512,0.051343,6.702210,-0.286560,-0.318015,-0.253559,0.321501,-2.747235,0.124385,2.524030,0.953093
0.552678,0.000000,0.000000,0.000000,0.000000,0.000000,0.000000,0.000000,0.391889,-0.007779,0.149377,0.990581,-0.136456,0.011129,0.002284,0.391889,-0.007779,0.149377,0.990581,-0.136456,0.011129,0.002284,3.140105,-0.022673,-0.273767,0.067105,0.003733,0.016801,-0.011067,-0.246606,-0.012789,0.034271,-0.526674,-19.911512,0.051343,6.702210,-0.286560,-0.318015,-0.253559,0.321501,-2.747235,0.124385,2.524030,0.953093
0.602707,0.000000,0.000000,0.000000,0.000000,0.000000,0.000000,0.000000,0.391889,-0.007779,0.149377,0.990581,-0.136456,0.011129,0.002284,0.391889,-0.007779,0.149377,0.990581,-0.136456,0.011129,0.002284,3.140105,-0.022673,-0.273767,0.067105,0.003733,0.016801,-0.011067,-0.246606,-0.012789,0.034271,-0.526674,-19.911512,0.051343,6.702210,-0.286560,-0.318015,-0.253559,0.321501,-2.747235,0.124385,2.524030,0.953093
0.652626,0.000000,0.000000,0.000000,0.000000,0.000000,0.000000,0.000000,0.391889,-0.007779,0.149377,0.990581,-0.136456,0.011129,0.002284,0.391889,-0.007779,0.149377,0.990581,-0.136456,0.011129,0.002284,3.140105,-0.022673,-0.273767,0.067105,0.003733,0.016801,-0.011067,-0.246606,-0.012789,0.034271,-0.526674,-19.911512,0.051343,6.702210,-0.286560,-0.318015,-0.253559,0.321501,-2.747235,0.124385,2.524030,0.953093
0.702663,0.000000,0.000000,0.000000,0.000000,0.000000,0.000000,0.000000,0.391889,-0.007779,0.149377,0.990581,-0.136456,0.011129,0.002284,0.391889,-0.007779,0.149377,0.990581,-0.136456,0.011129,0.002284,3.140105,-0.022673,-0.273767,0.067105,0.003733,0.016801,-0.011067,-0.246606,-0.012789,0.034271,-0.526674,-19.911512,0.051343,6.702210,-0.286560,-0.318015,-0.253559,0.321501,-2.747235,0.124385,2.524030,0.953093
0.753301,0.000000,0.000000,0.000000,0.000000,0.000000,0.000000,0.000000,0.391889,-0.007779,0.149377,0.990581,-0.136456,0.011129,0.002284,0.391889,-0.007779,0.149377,0.990581,-0.136456,0.011129,0.002284,3.140105,-0.022673,-0.273767,0.067105,0.003733,0.016801,-0.011067,-0.246606,-0.012789,0.034271,-0.526674,-19.911512,0.051343,6.702210,-0.286560,-0.318015,-0.253559,0.321501,-2.747235,0.124385,2.524030,0.953093
0.803439,0.000000,0.000000,0.000000,0.000000,0.000000,0.000000,0.000000,0.391889,-0.007779,0.149377,0.990581,-0.136456,0.011129,0.002284,0.391889,-0.007779,0.149377,0.990581,-0.136456,0.011129,0.002284,3.140105,-0.022673,-0.273767,0.067105,0.003733,0.016801,-0.011067,-0.246606,-0.012789,0.034271,-0.526674,-19.911512,0.051343,6.702210,-0.286560,-0.318015,-0.253559,0.321501,-2.747235,0.124385,2.524030,0.953093
0.853515,0.000000,0.000000,0.000000,0.000000,0.000000,0.000000,0.000000,0.391889,-0.007779,0.149377,0.990581,-0.136456,0.011129,0.002284,0.391889,-0.007779,0.149377,0.990581,-0.136456,0.011129,0.002284,3.140105,-0.022673,-0.273767,0.067105,0.003733,0.016801,-0.011067,-0.246606,-0.012789,0.034271,-0.526674,-19.911512,0.051343,6.702210,-0.286560,-0.318015,-0.253559,0.321501,-2.747235,0.124385,2.524030,0.953093
0.903510,0.000000,0.000000,0.000000,0.000000,0.000000,0.000000,0.000000,0.391889,-0.007779,0.149377,0.990581,-0.136456,0.011129,0.002284,0.391889,-0.007779,0.149377,0.990581,-0.136456,0.011129,0.002284,3.140105,-0.022673,-0.273767,0.067105,0.003733,0.016801,-0.011067,-0.246606,-0.012789,0.034271,-0.526674,-19.911512,0.051343,6.702210,-0.286560,-0.318015,-0.253559,0.321501,-2.747235,0.124385,2.524030,0.953093
0.953656,0.000000,0.000000,0.000000,0.000000,0.000000,0.000000,0.000000,0.391889,-0.007779,0.149377,0.990581,-0.136456,0.011129,0.002284,0.391889,-0.007779,0.149377,0.990581,-0.136456,0.011129,0.002284,3.140105,-0.022673,-0.273767,0.067105,0.003733,0.016801,-0.011067,-0.246606,-0.012789,0.034271,-0.526674,-19.911512,0.051343,6.702210,-0.286560,-0.318015,-0.253559,0.321501,-2.747235,0.124385,2.524030,0.953093
1.003673,0.000000,0.000000,0.000000,0.000000,0.000000,0.000000,0.000000,0.391889,-0.007779,0.149377,0.990581,-0.136456,0.011129,0.002284,0.391889,-0.007779,0.149377,0.990581,-0.136456,0.011129,0.002284,3.140105,-0.022673,-0.273767,0.067105,0.003733,0.016801,-0.011067,-0.246606,-0.012789,0.034271,-0.526674,-19.911512,0.051343,6.702210,-0.286560,-0.318015,-0.253559,0.321501,-2.747235,0.124385,2.524030,0.953093
1.054633,0.000000,0.000000,0.000000,0.000000,0.000000,0.000000,0.000000,0.391889,-0.007779,0.149377,0.990581,-0.136456,0.011129,0.002284,0.391889,-0.007779,0.149377,0.990581,-0.136456,0.011129,0.002284,3.140105,-0.022673,-0.273767,0.067105,0.003733,0.016801,-0.011067,-0.246606,-0.012789,0.034271,-0.526674,-19.911512,0.051343,6.702210,-0.286560,-0.318015,-0.253559,0.321501,-2.747235,0.124385,2.524030,0.953093
1.103703,0.000000,0.000000,0.000000,0.000000,0.000000,0.000000,0.000000,0.391889,-0.007779,0.149377,0.990581,-0.136456,0.011129,0.002284,0.391889,-0.007779,0.149377,0.990581,-0.136456,0.011129,0.002284,3.140105,-0.022673,-0.273767,0.067105,0.003733,0.016801,-0.011067,-0.246606,-0.012789,0.034271,-0.526674,-19.911512,0.051343,6.702210,-0.286560,-0.318015,-0.253559,0.321501,-2.747235,0.124385,2.524030,0.953093
1.153662,0.000000,0.000000,0.000000,0.000000,0.000000,0.000000,0.000000,0.391889,-0.007779,0.149377,0.990581,-0.136456,0.011129,0.002284,0.391889,-0.007779,0.149377,0.990581,-0.136456,0.011129,0.002284,3.140105,-0.022673,-0.273767,0.067105,0.003733,0.016801,-0.011067,-0.246606,-0.012789,0.034271,-0.526674,-19.911512,0.051343,6.702210,-0.286560,-0.318015,-0.253559,0.321501,-2.747235,0.124385,2.524030,0.953093
1.204359,0.000000,0.000000,0.000000,0.000000,0.000000,0.000000,0.000000,0.391889,-0.007779,0.149377,0.990581,-0.136456,0.011129,0.002284,0.391889,-0.007779,0.149377,0.990581,-0.136456,0.011129,0.002284,3.140105,-0.022673,-0.273767,0.067105,0.003733,0.016801,-0.011067,-0.246606,-0.012789,0.034271,-0.526674,-19.911512,0.051343,6.702210,-0.286560,-0.318015,-0.253559,0.321501,-2.747235,0.124385,2.524030,0.953093
1.254364,0.000000,0.000000,0.000000,0.000000,0.000000,0.000000,0.000000,0.391889,-0.007779,0.149377,0.990581,-0.136456,0.011129,0.002284,0.391889,-0.007779,0.149377,0.990581,-0.136456,0.011129,0.002284,3.140105,-0.022673,-0.273767,0.067105,0.003733,0.016801,-0.011067,-0.246606,-0.012789,0.034271,-0.526674,-19.911512,0.051343,6.702210,-0.286560,-0.318015,-0.253559,0.321501,-2.747235,0.124385,2.524030,0.953093
1.304441,0.000000,0.000000,0.000000,0.000000,0.000000,0.000000,0.000000,0.391889,-0.007779,0.149377,0.990581,-0.136456,0.011129,0.002284,0.391889,-0.007779,0.149377,0.990581,-0.136456,0.011129,0.002284,3.140105,-0.022673,-0.273767,0.067105,0.003733,0.016801,-0.011067,-0.246606,-0.012789,0.034271,-0.526674,-19.911512,0.051343,6.702210,-0.286560,-0.318015,-0.253559,0.321501,-2.747235,0.124385,2.524030,0.953093
1.354499,0.000000,0.000000,0.000000,0.000000,0.000000,0.000000,0.000000,0.391889,-0.007779,0.149377,0.990581,-0.136456,0.011129,0.002284,0.391889,-0.007779,0.149377,0.990581,-0.136456,0.011129,0.002284,3.140105,-0.022673,-0.273767,0.067105,0.003733,0.016801,-0.011067,-0.246606,-0.012789,0.034271,-0.526674,-19.911512,0.051343,6.702210,-0.286560,-0.318015,-0.253559,0.321501,-2.747235,0.124385,2.524030,0.953093
1.404563,0.000000,0.000000,0.000000,0.000000,0.000000,0.000000,0.000000,0.391889,-0.007779,0.149377,0.990581,-0.136456,0.011129,0.002284,0.391889,-0.007779,0.149377,0.990581,-0.136456,0.011129,0.002284,3.140105,-0.022673,-0.273767,0.067105,0.003733,0.016801,-0.011067,-0.246606,-0.012789,0.034271,-0.526674,-19.911512,0.051343,6.702210,-0.286560,-0.318015,-0.253559,0.321501,-2.747235,0.124385,2.524030,0.953093
1.454609,0.000000,0.000000,0.000000,0.000000,0.000000,0.000000,0.000000,0.391889,-0.007779,0.149377,0.990581,-0.136456,0.011129,0.002284,0.391889,-0.007779,0.149377,0.990581,-0.136456,0.011129,0.002284,3.140105,-0.022673,-0.273767,0.067105,0.003733,0.016801,-0.011067,-0.246606,-0.012789,0.034271,-0.526674,-19.911512,0.051343,6.702210,-0.286560,-0.318015,-0.253559,0.321501,-2.747235,0.124385,2.524030,0.953093
1.504656,0.000000,0.000000,0.000000,0.000000,0.000000,0.000000,0.000000,0.391889,-0.007779,0.149377,0.990581,-0.136456,0.011129,0.002284,0.391889,-0.007779,0.149377,0.990581,-0.136456,0.011129,0.002284,3.140105,-0.022673,-0.273767,0.067105,0.003733,0.016801,-0.011067,-0.246606,-0.012789,0.034271,-0.526674,-19.911512,0.051343,6.702210,-0.286560,-0.318015,-0.253559,0.321501,-2.747235,0.124385,2.524030,0.953093
1.554688,0.000000,0.000000,0.000000,0.000000,0.000000,0.000000,0.000000,0.391889,-0.007779,0.149377,0.990581,-0.136456,0.011129,0.002284,0.391889,-0.007779,0.149377,0.990581,-0.136456,0.011129,0.002284,3.140105,-0.022673,-0.273767,0.067105,0.003733,0.016801,-0.011067,-0.246606,-0.012789,0.034271,-0.526674,-19.911512,0.051343,6.702210,-0.286560,-0.318015,-0.253559,0.321501,-2.747235,0.124385,2.524030,0.953093
1.604691,0.000000,0.000000,0.000000,0.000000,0.000000,0.000000,0.000000,0.391889,-0.007779,0.149377,0.990581,-0.136456,0.011129,0.002284,0.391889,-0.007779,0.149377,0.990581,-0.136456,0.011129,0.002284,3.140105,-0.022673,-0.273767,0.067105,0.003733,0.016801,-0.011067,-0.246606,-0.012789,0.034271,-0.526674,-19.911512,0.051343,6.702210,-0.286560,-0.318015,-0.253559,0.321501,-2.747235,0.124385,2.524030,0.953093
1.654660,0.000000,0.000000,0.000000,0.000000,0.000000,0.000000,0.000000,0.391889,-0.007779,0.149377,0.990581,-0.136456,0.011129,0.002284,0.391889,-0.007779,0.149377,0.990581,-0.136456,0.011129,0.002284,3.140105,-0.022673,-0.273767,0.067105,0.003733,0.016801,-0.011067,-0.246606,-0.012789,0.034271,-0.526674,-19.911512,0.051343,6.702210,-0.286560,-0.318015,-0.253559,0.321501,-2.747235,0.124385,2.524030,0.953093
1.704792,0.000000,0.000000,0.000000,0.000000,0.000000,0.000000,0.000000,0.391889,-0.007779,0.149377,0.990581,-0.136456,0.011129,0.002284,0.391889,-0.007779,0.149377,0.990581,-0.136456,0.011129,0.002284,3.140105,-0.022673,-0.273767,0.067105,0.003733,0.016801,-0.011067,-0.246606,-0.012789,0.034271,-0.526674,-19.911512,0.051343,6.702210,-0.286560,-0.318015,-0.253559,0.321501,-2.747235,0.124385,2.524030,0.953093
1.755493,0.000000,0.000000,0.000000,0.000000,0.000000,0.000000,0.000000,0.391889,-0.007779,0.149377,0.990581,-0.136456,0.011129,0.002284,0.391889,-0.007779,0.149377,0.990581,-0.136456,0.011129,0.002284,3.140105,-0.022673,-0.273767,0.067105,0.003733,0.016801,-0.011067,-0.246606,-0.012789,0.034271,-0.526674,-19.911512,0.051343,6.702210,-0.286560,-0.318015,-0.253559,0.321501,-2.747235,0.124385,2.524030,0.953093
1.805383,0.000000,0.000000,0.000000,0.000000,0.000000,0.000000,0.000000,0.391889,-0.007779,0.149377,0.990581,-0.136456,0.011129,0.002284,0.391889,-0.007779,0.149377,0.990581,-0.136456,0.011129,0.002284,3.140105,-0.022673,-0.273767,0.067105,0.003733,0.016801,-0.011067,-0.246606,-0.012789,0.034271,-0.526674,-19.911512,0.051343,6.702210,-0.286560,-0.318015,-0.253559,0.321501,-2.747235,0.124385,2.524030,0.953093
1.855584,0.000000,0.000000,0.000000,0.000000,0.000000,0.000000,0.000000,0.391889,-0.007779,0.149377,0.990581,-0.136456,0.011129,0.002284,0.391889,-0.007779,0.149377,0.990581,-0.136456,0.011129,0.002284,3.140105,-0.022673,-0.273767,0.067105,0.003733,0.016801,-0.011067,-0.246606,-0.012789,0.034271,-0.526674,-19.911512,0.051343,6.702210,-0.286560,-0.318015,-0.253559,0.321501,-2.747235,0.124385,2.524030,0.953093
1.905803,0.000000,0.000000,0.000000,0.000000,0.000000,0.000000,0.000000,0.391889,-0.007779,0.149377,0.990581,-0.136456,0.011129,0.002284,0.391889,-0.007779,0.149377,0.990581,-0.136456,0.011129,0.002284,3.140105,-0.022673,-0.273767,0.067105,0.003733,0.016801,-0.011067,-0.246606,-0.012789,0.034271,-0.526674,-19.911512,0.051343,6.702210,-0.286560,-0.318015,-0.253559,0.321501,-2.747235,0.124385,2.524030,0.953093
1.956249,0.000000,0.000000,0.000000,0.000000,0.000000,0.000000,0.000000,0.391889,-0.007779,0.149377,0.990581,-0.136456,0.011129,0.002284,0.391889,-0.007779,0.149377,0.990581,-0.136456,0.011129,0.002284,3.140105,-0.022673,-0.273767,0.067105,0.003733,0.016801,-0.011067,-0.246606,-0.012789,0.034271,-0.526674,-19.911512,0.051343,6.702210,-0.286560,-0.318015,-0.253559,0.321501,-2.747235,0.124385,2.524030,0.953093
2.005616,0.000000,0.000000,0.000000,0.000000,0.000000,0.000000,0.000000,0.391889,-0.007779,0.149377,0.990581,-0.136456,0.011129,0.002284,0.391889,-0.007779,0.149377,0.990581,-0.136456,0.011129,0.002284,3.140105,-0.022673,-0.273767,0.067105,0.003733,0.016801,-0.011067,-0.246606,-0.012789,0.034271,-0.526674,-19.911512,0.051343,6.702210,-0.286560,-0.318015,-0.253559,0.321501,-2.747235,0.124385,2.524030,0.953093
2.056548,0.000000,0.000000,0.000000,0.000000,0.000000,0.000000,0.000000,0.391889,-0.007779,0.149377,0.990581,-0.136456,0.011129,0.002284,0.391889,-0.007779,0.149377,0.990581,-0.136456,0.011129,0.002284,3.140105,-0.022673,-0.273767,0.067105,0.003733,0.016801,-0.011067,-0.246606,-0.012789,0.034271,-0.526674,-19.911512,0.051343,6.702210,-0.286560,-0.318015,-0.253559,0.321501,-2.747235,0.124385,2.524030,0.953093
2.106452,0.000000,0.000000,0.000000,0.000000,0.000000,0.000000,0.000000,0.391889,-0.007779,0.149377,0.990581,-0.136456,0.011129,0.002284,0.391889,-0.007779,0.149377,0.990581,-0.136456,0.011129,0.002284,3.140105,-0.022673,-0.273767,0.067105,0.003733,0.016801,-0.011067,-0.246606,-0.012789,0.034271,-0.526674,-19.911512,0.051343,6.702210,-0.286560,-0.318015,-0.253559,0.321501,-2.747235,0.124385,2.524030,0.953093
2.156638,0.000000,0.000000,0.000000,0.000000,0.000000,0.000000,0.000000,0.391889,-0.007779,0.149377,0.990581,-0.136456,0.011129,0.002284,0.391889,-0.007779,0.149377,0.990581,-0.136456,0.011129,0.002284,3.140105,-0.022673,-0.273767,0.067105,0.003733,0.016801,-0.011067,-0.246606,-0.012789,0.034271,-0.526674,-19.911512,0.051343,6.702210,-0.286560,-0.318015,-0.253559,0.321501,-2.747235,0.124385,2.524030,0.953093
2.206451,0.000000,0.000000,0.000000,0.000000,0.000000,0.000000,0.000000,0.391889,-0.007779,0.149377,0.990581,-0.136456,0.011129,0.002284,0.391889,-0.007779,0.149377,0.990581,-0.136456,0.011129,0.002284,3.140105,-0.022673,-0.273767,0.067105,0.003733,0.016801,-0.011067,-0.246606,-0.012789,0.034271,-0.526674,-19.911512,0.051343,6.702210,-0.286560,-0.318015,-0.253559,0.321501,-2.747235,0.124385,2.524030,0.953093
2.256555,0.000000,0.000000,0.000000,0.000000,0.000000,0.000000,0.000000,0.391889,-0.007779,0.149377,0.990581,-0.136456,0.011129,0.002284,0.391889,-0.007779,0.149377,0.990581,-0.136456,0.011129,0.002284,3.140105,-0.022673,-0.273767,0.067105,0.003733,0.016801,-0.011067,-0.246606,-0.012789,0.034271,-0.526674,-19.911512,0.051343,6.702210,-0.286560,-0.318015,-0.253559,0.321501,-2.747235,0.124385,2.524030,0.953093
2.307412,0.000000,0.000000,0.000000,0.000000,0.000000,0.000000,0.000000,0.391889,-0.007779,0.149377,0.990581,-0.136456,0.011129,0.002284,0.391889,-0.007779,0.149377,0.990581,-0.136456,0.011129,0.002284,3.140105,-0.022673,-0.273767,0.067105,0.003733,0.016801,-0.011067,-0.246606,-0.012789,0.034271,-0.526674,-19.911512,0.051343,6.702210,-0.286560,-0.318015,-0.253559,0.321501,-2.747235,0.124385,2.524030,0.953093
2.356692,0.000000,0.000000,0.000000,0.000000,0.000000,0.000000,0.000000,0.391889,-0.007779,0.149377,0.990581,-0.136456,0.011129,0.002284,0.391889,-0.007779,0.149377,0.990581,-0.136456,0.011129,0.002284,3.140105,-0.022673,-0.273767,0.067105,0.003733,0.016801,-0.011067,-0.246606,-0.012789,0.034271,-0.526674,-19.911512,0.051343,6.702210,-0.286560,-0.318015,-0.253559,0.321501,-2.747235,0.124385,2.524030,0.953093
2.407280,0.000000,0.000000,0.000000,0.000000,0.000000,0.000000,0.000000,0.391889,-0.007779,0.149377,0.990581,-0.136456,0.011129,0.002284,0.391889,-0.007779,0.149377,0.990581,-0.136456,0.011129,0.002284,3.140105,-0.022673,-0.273767,0.067105,0.003733,0.016801,-0.011067,-0.246606,-0.012789,0.034271,-0.526674,-19.911512,0.051343,6.702210,-0.286560,-0.318015,-0.253559,0.321501,-2.747235,0.124385,2.524030,0.953093
2.456654,0.000000,0.000000,0.000000,0.000000,0.000000,0.000000,0.000000,0.391889,-0.007779,0.149377,0.990581,-0.136456,0.011129,0.002284,0.391889,-0.007779,0.149377,0.990581,-0.136456,0.011129,0.002284,3.140105,-0.022673,-0.273767,0.067105,0.003733,0.016801,-0.011067,-0.246606,-0.012789,0.034271,-0.526674,-19.911512,0.051343,6.702210,-0.286560,-0.318015,-0.253559,0.321501,-2.747235,0.124385,2.524030,0.953093
2.506720,0.000000,0.000000,0.000000,0.000000,0.000000,0.000000,0.000000,0.391889,-0.007779,0.149377,0.990581,-0.136456,0.011129,0.002284,0.391889,-0.007779,0.149377,0.990581,-0.136456,0.011129,0.002284,3.140105,-0.022673,-0.273767,0.067105,0.003733,0.016801,-0.011067,-0.246606,-0.012789,0.034271,-0.526674,-19.911512,0.051343,6.702210,-0.286560,-0.318015,-0.253559,0.321501,-2.747235,0.124385,2.524030,0.953093
2.557493,0.000000,0.000000,0.000000,0.000000,0.000000,0.000000,0.000000,0.391889,-0.007779,0.149377,0.990581,-0.136456,0.011129,0.002284,0.391889,-0.007779,0.149377,0.990581,-0.136456,0.011129,0.002284,3.140105,-0.022673,-0.273767,0.067105,0.003733,0.016801,-0.011067,-0.246606,-0.012789,0.034271,-0.526674,-19.911512,0.051343,6.702210,-0.286560,-0.318015,-0.253559,0.321501,-2.747235,0.124385,2.524030,0.953093
2.607513,0.000000,0.000000,0.000000,0.000000,0.000000,0.000000,0.000000,0.391889,-0.007779,0.149377,0.990581,-0.136456,0.011129,0.002284,0.391889,-0.007779,0.149377,0.990581,-0.136456,0.011129,0.002284,3.140105,-0.022673,-0.273767,0.067105,0.003733,0.016801,-0.011067,-0.246606,-0.012789,0.034271,-0.526674,-19.911512,0.051343,6.702210,-0.286560,-0.318015,-0.253559,0.321501,-2.747235,0.124385,2.524030,0.953093
2.657680,0.000000,0.000000,0.000000,0.000000,0.000000,0.000000,0.000000,0.391889,-0.007779,0.149377,0.990581,-0.136456,0.011129,0.002284,0.391889,-0.007779,0.149377,0.990581,-0.136456,0.011129,0.002284,3.140105,-0.022673,-0.273767,0.067105,0.003733,0.016801,-0.011067,-0.246606,-0.012789,0.034271,-0.526674,-19.911512,0.051343,6.702210,-0.286560,-0.318015,-0.253559,0.321501,-2.747235,0.124385,2.524030,0.953093
2.707611,0.000000,0.000000,0.000000,0.000000,0.000000,0.000000,0.000000,0.391889,-0.007779,0.149377,0.990581,-0.136456,0.011129,0.002284,0.391889,-0.007779,0.149377,0.990581,-0.136456,0.011129,0.002284,3.140105,-0.022673,-0.273767,0.067105,0.003733,0.016801,-0.011067,-0.246606,-0.012789,0.034271,-0.526674,-19.911512,0.051343,6.702210,-0.286560,-0.318015,-0.253559,0.321501,-2.747235,0.124385,2.524030,0.953093
2.758483,0.000000,0.000000,0.000000,0.000000,0.000000,0.000000,0.000000,0.391889,-0.007779,0.149377,0.990581,-0.136456,0.011129,0.002284,0.391889,-0.007779,0.149377,0.990581,-0.136456,0.011129,0.002284,3.140105,-0.022673,-0.273767,0.067105,0.003733,0.016801,-0.011067,-0.246606,-0.012789,0.034271,-0.526674,-19.911512,0.051343,6.702210,-0.286560,-0.318015,-0.253559,0.321501,-2.747235,0.124385,2.524030,0.953093
2.807669,0.000000,0.000000,0.000000,0.000000,0.000000,0.000000,0.000000,0.391889,-0.007779,0.149377,0.990581,-0.136456,0.011129,0.002284,0.391889,-0.007779,0.149377,0.990581,-0.136456,0.011129,0.002284,3.140105,-0.022673,-0.273767,0.067105,0.003733,0.016801,-0.011067,-0.246606,-0.012789,0.034271,-0.526674,-19.911512,0.051343,6.702210,-0.286560,-0.318015,-0.253559,0.321501,-2.747235,0.124385,2.524030,0.953093
2.857855,0.000000,0.000000,0.000000,0.000000,0.000000,0.000000,0.000000,0.391889,-0.007779,0.149377,0.990581,-0.136456,0.011129,0.002284,0.391889,-0.007779,0.149377,0.990581,-0.136456,0.011129,0.002284,3.140105,-0.022673,-0.273767,0.067105,0.003733,0.016801,-0.011067,-0.246606,-0.012789,0.034271,-0.526674,-19.911512,0.051343,6.702210,-0.286560,-0.318015,-0.253559,0.321501,-2.747235,0.124385,2.524030,0.953093
2.908413,0.000000,0.000000,0.000000,0.000000,0.000000,0.000000,0.000000,0.391889,-0.007779,0.149377,0.990581,-0.136456,0.011129,0.002284,0.391889,-0.007779,0.149377,0.990581,-0.136456,0.011129,0.002284,3.140105,-0.022673,-0.273767,0.067105,0.003733,0.016801,-0.011067,-0.246606,-0.012789,0.034271,-0.526674,-19.911512,0.051343,6.702210,-0.286560,-0.318015,-0.253559,0.321501,-2.747235,0.124385,2.524030,0.953093
2.958380,0.000000,0.000000,0.000000,0.000000,0.000000,0.000000,0.000000,0.391889,-0.007779,0.149377,0.990581,-0.136456,0.011129,0.002284,0.391889,-0.007779,0.149377,0.990581,-0.136456,0.011129,0.002284,3.140105,-0.022673,-0.273767,0.067105,0.003733,0.016801,-0.011067,-0.246606,-0.012789,0.034271,-0.526674,-19.911512,0.051343,6.702210,-0.286560,-0.318015,-0.253559,0.321501,-2.747235,0.124385,2.524030,0.953093
3.008547,0.000000,0.000000,0.000000,0.000000,0.000000,0.000000,0.000000,0.391889,-0.007779,0.149377,0.990581,-0.136456,0.011129,0.002284,0.391889,-0.007779,0.149377,0.990581,-0.136456,0.011129,0.002284,3.140105,-0.022673,-0.273767,0.067105,0.003733,0.016801,-0.011067,-0.246606,-0.012789,0.034271,-0.526674,-19.911512,0.051343,6.702210,-0.286560,-0.318015,-0.253559,0.321501,-2.747235,0.124385,2.524030,0.953093
3.058512,0.000000,0.000000,0.000000,0.000000,0.000000,0.000000,0.000000,0.391889,-0.007779,0.149377,0.990581,-0.136456,0.011129,0.002284,0.391889,-0.007779,0.149377,0.990581,-0.136456,0.011129,0.002284,3.140105,-0.022673,-0.273767,0.067105,0.003733,0.016801,-0.011067,-0.246606,-0.012789,0.034271,-0.526674,-19.911512,0.051343,6.702210,-0.286560,-0.318015,-0.253559,0.321501,-2.747235,0.124385,2.524030,0.953093
3.108654,0.000000,0.000000,0.000000,0.000000,0.000000,0.000000,0.000000,0.391889,-0.007779,0.149377,0.990581,-0.136456,0.011129,0.002284,0.391889,-0.007779,0.149377,0.990581,-0.136456,0.011129,0.002284,3.140105,-0.022673,-0.273767,0.067105,0.003733,0.016801,-0.011067,-0.246606,-0.012789,0.034271,-0.526674,-19.911512,0.051343,6.702210,-0.286560,-0.318015,-0.253559,0.321501,-2.747235,0.124385,2.524030,0.953093
3.159365,0.000000,0.000000,0.000000,0.000000,0.000000,0.000000,0.000000,0.391889,-0.007779,0.149377,0.990581,-0.136456,0.011129,0.002284,0.391889,-0.007779,0.149377,0.990581,-0.136456,0.011129,0.002284,3.140105,-0.022673,-0.273767,0.067105,0.003733,0.016801,-0.011067,-0.246606,-0.012789,0.034271,-0.526674,-19.911512,0.051343,6.702210,-0.286560,-0.318015,-0.253559,0.321501,-2.747235,0.124385,2.524030,0.953093
3.208684,0.000000,0.000000,0.000000,0.000000,0.000000,0.000000,0.000000,0.391889,-0.007779,0.149377,0.990581,-0.136456,0.011129,0.002284,0.391889,-0.007779,0.149377,0.990581,-0.136456,0.011129,0.002284,3.140105,-0.022673,-0.273767,0.067105,0.003733,0.016801,-0.011067,-0.246606,-0.012789,0.034271,-0.526674,-19.911512,0.051343,6.702210,-0.286560,-0.318015,-0.253559,0.321501,-2.747235,0.124385,2.524030,0.953093
3.259432,0.000000,0.000000,0.000000,0.000000,0.000000,0.000000,0.000000,0.391889,-0.007779,0.149377,0.990581,-0.136456,0.011129,0.002284,0.391889,-0.007779,0.149377,0.990581,-0.136456,0.011129,0.002284,3.140105,-0.022673,-0.273767,0.067105,0.003733,0.016801,-0.011067,-0.246606,-0.012789,0.034271,-0.526674,-19.911512,0.051343,6.702210,-0.286560,-0.318015,-0.253559,0.321501,-2.747235,0.124385,2.524030,0.953093
3.308688,0.000000,0.000000,0.000000,0.000000,0.000000,0.000000,0.000000,0.391889,-0.007779,0.149377,0.990581,-0.136456,0.011129,0.002284,0.391889,-0.007779,0.149377,0.990581,-0.136456,0.011129,0.002284,3.140105,-0.022673,-0.273767,0.067105,0.003733,0.016801,-0.011067,-0.246606,-0.012789,0.034271,-0.526674,-19.911512,0.051343,6.702210,-0.286560,-0.318015,-0.253559,0.321501,-2.747235,0.124385,2.524030,0.953093
3.359387,0.000000,0.000000,0.000000,0.000000,0.000000,0.000000,0.000000,0.391889,-0.007779,0.149377,0.990581,-0.136456,0.011129,0.002284,0.391889,-0.007779,0.149377,0.990581,-0.136456,0.011129,0.002284,3.140105,-0.022673,-0.273767,0.067105,0.003733,0.016801,-0.011067,-0.246606,-0.012789,0.034271,-0.526674,-19.911512,0.051343,6.702210,-0.286560,-0.318015,-0.253559,0.321501,-2.747235,0.124385,2.524030,0.953093
3.409586,0.000000,0.000000,0.000000,0.000000,0.000000,0.000000,0.000000,0.391889,-0.007779,0.149377,0.990581,-0.136456,0.011129,0.002284,0.391889,-0.007779,0.149377,0.990581,-0.136456,0.011129,0.002284,3.140105,-0.022673,-0.273767,0.067105,0.003733,0.016801,-0.011067,-0.246606,-0.012789,0.034271,-0.526674,-19.911512,0.051343,6.702210,-0.286560,-0.318015,-0.253559,0.321501,-2.747235,0.124385,2.524030,0.953093
3.459670,0.000000,0.000000,0.000000,0.000000,0.000000,0.000000,0.000000,0.391889,-0.007779,0.149377,0.990581,-0.136456,0.011129,0.002284,0.391889,-0.007779,0.149377,0.990581,-0.136456,0.011129,0.002284,3.140105,-0.022673,-0.273767,0.067105,0.003733,0.016801,-0.011067,-0.246606,-0.012789,0.034271,-0.526674,-19.911512,0.051343,6.702210,-0.286560,-0.318015,-0.253559,0.321501,-2.747235,0.124385,2.524030,0.953093
3.509589,0.000000,0.000000,0.000000,0.000000,0.000000,0.000000,0.000000,0.391889,-0.007779,0.149377,0.990581,-0.136456,0.011129,0.002284,0.391889,-0.007779,0.149377,0.990581,-0.136456,0.011129,0.002284,3.140105,-0.022673,-0.273767,0.067105,0.003733,0.016801,-0.011067,-0.246606,-0.012789,0.034271,-0.526674,-19.911512,0.051343,6.702210,-0.286560,-0.318015,-0.253559,0.321501,-2.747235,0.124385,2.524030,0.953093
3.561456,0.000000,0.000000,0.000000,0.000000,0.000000,0.000000,0.000000,0.391889,-0.007779,0.149377,0.990581,-0.136456,0.011129,0.002284,0.391889,-0.007779,0.149377,0.990581,-0.136456,0.011129,0.002284,3.140105,-0.022673,-0.273767,0.067105,0.003733,0.016801,-0.011067,-0.246606,-0.012789,0.034271,-0.526674,-19.911512,0.051343,6.702210,-0.286560,-0.318015,-0.253559,0.321501,-2.747235,0.124385,2.524030,0.953093
3.610526,0.000000,0.000000,0.000000,0.000000,0.000000,0.000000,0.000000,0.391889,-0.007779,0.149377,0.990581,-0.136456,0.011129,0.002284,0.391889,-0.007779,0.149377,0.990581,-0.136456,0.011129,0.002284,3.140105,-0.022673,-0.273767,0.067105,0.003733,0.016801,-0.011067,-0.246606,-0.012789,0.034271,-0.526674,-19.911512,0.051343,6.702210,-0.286560,-0.318015,-0.253559,0.321501,-2.747235,0.124385,2.524030,0.953093
3.659764,0.000000,0.000000,0.000000,0.000000,0.000000,0.000000,0.000000,0.391889,-0.007779,0.149377,0.990581,-0.136456,0.011129,0.002284,0.391889,-0.007779,0.149377,0.990581,-0.136456,0.011129,0.002284,3.140105,-0.022673,-0.273767,0.067105,0.003733,0.016801,-0.011067,-0.246606,-0.012789,0.034271,-0.526674,-19.911512,0.051343,6.702210,-0.286560,-0.318015,-0.253559,0.321501,-2.747235,0.124385,2.524030,0.953093
3.710505,0.000000,0.000000,0.000000,0.000000,0.000000,0.000000,0.000000,0.391889,-0.007779,0.149377,0.990581,-0.136456,0.011129,0.002284,0.391889,-0.007779,0.149377,0.990581,-0.136456,0.011129,0.002284,3.140105,-0.022673,-0.273767,0.067105,0.003733,0.016801,-0.011067,-0.246606,-0.012789,0.034271,-0.526674,-19.911512,0.051343,6.702210,-0.286560,-0.318015,-0.253559,0.321501,-2.747235,0.124385,2.524030,0.953093
3.760369,0.000000,0.000000,0.000000,0.000000,0.000000,0.000000,0.000000,0.391889,-0.007779,0.149377,0.990581,-0.136456,0.011129,0.002284,0.391889,-0.007779,0.149377,0.990581,-0.136456,0.011129,0.002284,3.140105,-0.022673,-0.273767,0.067105,0.003733,0.016801,-0.011067,-0.246606,-0.012789,0.034271,-0.526674,-19.911512,0.051343,6.702210,-0.286560,-0.318015,-0.253559,0.321501,-2.747235,0.124385,2.524030,0.953093
3.810420,0.000000,0.000000,0.000000,0.000000,0.000000,0.000000,0.000000,0.391889,-0.007779,0.149377,0.990581,-0.136456,0.011129,0.002284,0.391889,-0.007779,0.149377,0.990581,-0.136456,0.011129,0.002284,3.140105,-0.022673,-0.273767,0.067105,0.003733,0.016801,-0.011067,-0.246606,-0.012789,0.034271,-0.526674,-19.911512,0.051343,6.702210,-0.286560,-0.318015,-0.253559,0.321501,-2.747235,0.124385,2.524030,0.953093
3.860571,0.000000,0.000000,0.000000,0.000000,0.000000,0.000000,0.000000,0.391889,-0.007779,0.149377,0.990581,-0.136456,0.011129,0.002284,0.391889,-0.007779,0.149377,0.990581,-0.136456,0.011129,0.002284,3.140105,-0.022673,-0.273767,0.067105,0.003733,0.016801,-0.011067,-0.246606,-0.012789,0.034271,-0.526674,-19.911512,0.051343,6.702210,-0.286560,-0.318015,-0.253559,0.321501,-2.747235,0.124385,2.524030,0.953093
3.910561,0.000000,0.000000,0.000000,0.000000,0.000000,0.000000,0.000000,0.391889,-0.007779,0.149377,0.990581,-0.136456,0.011129,0.002284,0.391889,-0.007779,0.149377,0.990581,-0.136456,0.011129,0.002284,3.140105,-0.022673,-0.273767,0.067105,0.003733,0.016801,-0.011067,-0.246606,-0.012789,0.034271,-0.526674,-19.911512,0.051343,6.702210,-0.286560,-0.318015,-0.253559,0.321501,-2.747235,0.124385,2.524030,0.953093
3.960656,0.000000,0.000000,0.000000,0.000000,0.000000,0.000000,0.000000,0.391889,-0.007779,0.149377,0.990581,-0.136456,0.011129,0.002284,0.391889,-0.007779,0.149377,0.990581,-0.136456,0.011129,0.002284,3.140105,-0.022673,-0.273767,0.067105,0.003733,0.016801,-0.011067,-0.246606,-0.012789,0.034271,-0.526674,-19.911512,0.051343,6.702210,-0.286560,-0.318015,-0.253559,0.321501,-2.747235,0.124385,2.524030,0.953093
4.011328,0.000000,0.000000,0.000000,0.000000,0.000000,0.000000,0.000000,0.391889,-0.007779,0.149377,0.990581,-0.136456,0.011129,0.002284,0.391889,-0.007779,0.149377,0.990581,-0.136456,0.011129,0.002284,3.140105,-0.022673,-0.273767,0.067105,0.003733,0.016801,-0.011067,-0.246606,-0.012789,0.034271,-0.526674,-19.911512,0.051343,6.702210,-0.286560,-0.318015,-0.253559,0.321501,-2.747235,0.124385,2.524030,0.953093
4.061494,0.000000,0.000000,0.000000,0.000000,0.000000,0.000000,0.000000,0.391889,-0.007779,0.149377,0.990581,-0.136456,0.011129,0.002284,0.391889,-0.007779,0.149377,0.990581,-0.136456,0.011129,0.002284,3.140105,-0.022673,-0.273767,0.067105,0.003733,0.016801,-0.011067,-0.246606,-0.012789,0.034271,-0.526674,-19.911512,0.051343,6.702210,-0.286560,-0.318015,-0.253559,0.321501,-2.747235,0.124385,2.524030,0.953093
4.110648,0.000000,0.000000,0.000000,0.000000,0.000000,0.000000,0.000000,0.391889,-0.007779,0.149377,0.990581,-0.136456,0.011129,0.002284,0.391889,-0.007779,0.149377,0.990581,-0.136456,0.011129,0.002284,3.140105,-0.022673,-0.273767,0.067105,0.003733,0.016801,-0.011067,-0.246606,-0.012789,0.034271,-0.526674,-19.911512,0.051343,6.702210,-0.286560,-0.318015,-0.253559,0.321501,-2.747235,0.124385,2.524030,0.953093
4.160706,0.000000,0.000000,0.000000,0.000000,0.000000,0.000000,0.000000,0.391889,-0.007779,0.149377,0.990581,-0.136456,0.011129,0.002284,0.391889,-0.007779,0.149377,0.990581,-0.136456,0.011129,0.002284,3.140105,-0.022673,-0.273767,0.067105,0.003733,0.016801,-0.011067,-0.246606,-0.012789,0.034271,-0.526674,-19.911512,0.051343,6.702210,-0.286560,-0.318015,-0.253559,0.321501,-2.747235,0.124385,2.524030,0.953093
4.211402,0.000000,0.000000,0.000000,0.000000,0.000000,0.000000,0.000000,0.391889,-0.007779,0.149377,0.990581,-0.136456,0.011129,0.002284,0.391889,-0.007779,0.149377,0.990581,-0.136456,0.011129,0.002284,3.140105,-0.022673,-0.273767,0.067105,0.003733,0.016801,-0.011067,-0.246606,-0.012789,0.034271,-0.526674,-19.911512,0.051343,6.702210,-0.286560,-0.318015,-0.253559,0.321501,-2.747235,0.124385,2.524030,0.953093
4.261395,0.000000,0.000000,0.000000,0.000000,0.000000,0.000000,0.000000,0.391889,-0.007779,0.149377,0.990581,-0.136456,0.011129,0.002284,0.391889,-0.007779,0.149377,0.990581,-0.136456,0.011129,0.002284,3.140105,-0.022673,-0.273767,0.067105,0.003733,0.016801,-0.011067,-0.246606,-0.012789,0.034271,-0.526674,-19.911512,0.051343,6.702210,-0.286560,-0.318015,-0.253559,0.321501,-2.747235,0.124385,2.524030,0.953093
4.311442,0.000000,0.000000,0.000000,0.000000,0.000000,0.000000,0.000000,0.391889,-0.007779,0.149377,0.990581,-0.136456,0.011129,0.002284,0.391889,-0.007779,0.149377,0.990581,-0.136456,0.011129,0.002284,3.140105,-0.022673,-0.273767,0.067105,0.003733,0.016801,-0.011067,-0.246606,-0.012789,0.034271,-0.526674,-19.911512,0.051343,6.702210,-0.286560,-0.318015,-0.253559,0.321501,-2.747235,0.124385,2.524030,0.953093
4.360875,0.000000,0.000000,0.000000,0.000000,0.000000,0.000000,0.000000,0.391889,-0.007779,0.149377,0.990581,-0.136456,0.011129,0.002284,0.391889,-0.007779,0.149377,0.990581,-0.136456,0.011129,0.002284,3.140105,-0.022673,-0.273767,0.067105,0.003733,0.016801,-0.011067,-0.246606,-0.012789,0.034271,-0.526674,-19.911512,0.051343,6.702210,-0.286560,-0.318015,-0.253559,0.321501,-2.747235,0.124385,2.524030,0.953093
4.412426,0.000000,0.000000,0.000000,0.000000,0.000000,0.000000,0.000000,0.391889,-0.007779,0.149377,0.990581,-0.136456,0.011129,0.002284,0.391889,-0.007779,0.149377,0.990581,-0.136456,0.011129,0.002284,3.140105,-0.022673,-0.273767,0.067105,0.003733,0.016801,-0.011067,-0.246606,-0.012789,0.034271,-0.526674,-19.911512,0.051343,6.702210,-0.286560,-0.318015,-0.253559,0.321501,-2.747235,0.124385,2.524030,0.953093
4.462563,0.000000,0.000000,0.000000,0.000000,0.000000,0.000000,0.000000,0.391889,-0.007779,0.149377,0.990581,-0.136456,0.011129,0.002284,0.391889,-0.007779,0.149377,0.990581,-0.136456,0.011129,0.002284,3.140105,-0.022673,-0.273767,0.067105,0.003733,0.016801,-0.011067,-0.246606,-0.012789,0.034271,-0.526674,-19.911512,0.051343,6.702210,-0.286560,-0.318015,-0.253559,0.321501,-2.747235,0.124385,2.524030,0.953093
4.512430,0.000000,0.000000,0.000000,0.000000,0.000000,0.000000,0.000000,0.391889,-0.007779,0.149377,0.990581,-0.136456,0.011129,0.002284,0.391889,-0.007779,0.149377,0.990581,-0.136456,0.011129,0.002284,3.140105,-0.022673,-0.273767,0.067105,0.003733,0.016801,-0.011067,-0.246606,-0.012789,0.034271,-0.526674,-19.911512,0.051343,6.702210,-0.286560,-0.318015,-0.253559,0.321501,-2.747235,0.124385,2.524030,0.953093
4.561632,0.000000,0.000000,0.000000,0.000000,0.000000,0.000000,0.000000,0.391889,-0.007779,0.149377,0.990581,-0.136456,0.011129,0.002284,0.391889,-0.007779,0.149377,0.990581,-0.136456,0.011129,0.002284,3.140105,-0.022673,-0.273767,0.067105,0.003733,0.016801,-0.011067,-0.246606,-0.012789,0.034271,-0.526674,-19.911512,0.051343,6.702210,-0.286560,-0.318015,-0.253559,0.321501,-2.747235,0.124385,2.524030,0.953093
4.612591,0.000000,0.000000,0.000000,0.000000,0.000000,0.000000,0.000000,0.391889,-0.007779,0.149377,0.990581,-0.136456,0.011129,0.002284,0.391889,-0.007779,0.149377,0.990581,-0.136456,0.011129,0.002284,3.140105,-0.022673,-0.273767,0.067105,0.003733,0.016801,-0.011067,-0.246606,-0.012789,0.034271,-0.526674,-19.911512,0.051343,6.702210,-0.286560,-0.318015,-0.253559,0.321501,-2.747235,0.124385,2.524030,0.953093
4.662320,0.000000,0.000000,0.000000,0.000000,0.000000,0.000000,0.000000,0.391889,-0.007779,0.149377,0.990581,-0.136456,0.011129,0.002284,0.391889,-0.007779,0.149377,0.990581,-0.136456,0.011129,0.002284,3.140105,-0.022673,-0.273767,0.067105,0.003733,0.016801,-0.011067,-0.246606,-0.012789,0.034271,-0.526674,-19.911512,0.051343,6.702210,-0.286560,-0.318015,-0.253559,0.321501,-2.747235,0.124385,2.524030,0.953093
4.712482,0.000000,0.000000,0.000000,0.000000,0.000000,0.000000,0.000000,0.391889,-0.007779,0.149377,0.990581,-0.136456,0.011129,0.002284,0.391889,-0.007779,0.149377,0.990581,-0.136456,0.011129,0.002284,3.140105,-0.022673,-0.273767,0.067105,0.003733,0.016801,-0.011067,-0.246606,-0.012789,0.034271,-0.526674,-19.911512,0.051343,6.702210,-0.286560,-0.318015,-0.253559,0.321501,-2.747235,0.124385,2.524030,0.953093
4.761792,0.000000,0.000000,0.000000,0.000000,0.000000,0.000000,0.000000,0.391889,-0.007779,0.149377,0.990581,-0.136456,0.011129,0.002284,0.391889,-0.007779,0.149377,0.990581,-0.136456,0.011129,0.002284,3.140105,-0.022673,-0.273767,0.067105,0.003733,0.016801,-0.011067,-0.246606,-0.012789,0.034271,-0.526674,-19.911512,0.051343,6.702210,-0.286560,-0.318015,-0.253559,0.321501,-2.747235,0.124385,2.524030,0.953093
4.812503,0.000000,0.000000,0.000000,0.000000,0.000000,0.000000,0.000000,0.391889,-0.007779,0.149377,0.990581,-0.136456,0.011129,0.002284,0.391889,-0.007779,0.149377,0.990581,-0.136456,0.011129,0.002284,3.140105,-0.022673,-0.273767,0.067105,0.003733,0.016801,-0.011067,-0.246606,-0.012789,0.034271,-0.526674,-19.911512,0.051343,6.702210,-0.286560,-0.318015,-0.253559,0.321501,-2.747235,0.124385,2.524030,0.953093
4.862650,0.000000,0.000000,0.000000,0.000000,0.000000,0.000000,0.000000,0.391889,-0.007779,0.149377,0.990581,-0.136456,0.011129,0.002284,0.391889,-0.007779,0.149377,0.990581,-0.136456,0.011129,0.002284,3.140105,-0.022673,-0.273767,0.067105,0.003733,0.016801,-0.011067,-0.246606,-0.012789,0.034271,-0.526674,-19.911512,0.051343,6.702210,-0.286560,-0.318015,-0.253559,0.321501,-2.747235,0.124385,2.524030,0.953093
4.912725,0.000000,0.000000,0.000000,0.000000,0.000000,0.000000,0.000000,0.391889,-0.007779,0.149377,0.990581,-0.136456,0.011129,0.002284,0.391889,-0.007779,0.149377,0.990581,-0.136456,0.011129,0.002284,3.140105,-0.022673,-0.273767,0.067105,0.003733,0.016801,-0.011067,-0.246606,-0.012789,0.034271,-0.526674,-19.911512,0.051343,6.702210,-0.286560,-0.318015,-0.253559,0.321501,-2.747235,0.124385,2.524030,0.953093
4.962613,0.000000,0.000000,0.000000,0.000000,0.000000,0.000000,0.000000,0.391889,-0.007779,0.149377,0.990581,-0.136456,0.011129,0.002284,0.391889,-0.007779,0.149377,0.990581,-0.136456,0.011129,0.002284,3.140105,-0.022673,-0.273767,0.067105,0.003733,0.016801,-0.011067,-0.246606,-0.012789,0.034271,-0.526674,-19.911512,0.051343,6.702210,-0.286560,-0.318015,-0.253559,0.321501,-2.747235,0.124385,2.524030,0.953093
5.012694,0.000000,0.000000,0.000000,0.000000,0.000000,0.000000,0.000000,0.391889,-0.007779,0.149377,0.990581,-0.136456,0.011129,0.002284,0.391889,-0.007779,0.149377,0.990581,-0.136456,0.011129,0.002284,3.140105,-0.022673,-0.273767,0.067105,0.003733,0.016801,-0.011067,-0.246606,-0.012789,0.034271,-0.526674,-19.911512,0.051343,6.702210,-0.286560,-0.318015,-0.253559,0.321501,-2.747235,0.124385,2.524030,0.953093
5.063780,0.000000,0.000000,0.000000,0.000000,0.000000,0.000000,0.000000,0.391889,-0.007779,0.149377,0.990581,-0.136456,0.011129,0.002284,0.391889,-0.007779,0.149377,0.990581,-0.136456,0.011129,0.002284,3.140105,-0.022673,-0.273767,0.067105,0.003733,0.016801,-0.011067,-0.246606,-0.012789,0.034271,-0.526674,-19.911512,0.051343,6.702210,-0.286560,-0.318015,-0.253559,0.321501,-2.747235,0.124385,2.524030,0.953093
5.113471,0.000000,0.000000,0.000000,0.000000,0.000000,0.000000,0.000000,0.391889,-0.007779,0.149377,0.990581,-0.136456,0.011129,0.002284,0.391889,-0.007779,0.149377,0.990581,-0.136456,0.011129,0.002284,3.140105,-0.022673,-0.273767,0.067105,0.003733,0.016801,-0.011067,-0.246606,-0.012789,0.034271,-0.526674,-19.911512,0.051343,6.702210,-0.286560,-0.318015,-0.253559,0.321501,-2.747235,0.124385,2.524030,0.953093
5.163426,0.000000,0.000000,0.000000,0.000000,0.000000,0.000000,0.000000,0.391889,-0.007779,0.149377,0.990581,-0.136456,0.011129,0.002284,0.391889,-0.007779,0.149377,0.990581,-0.136456,0.011129,0.002284,3.140105,-0.022673,-0.273767,0.067105,0.003733,0.016801,-0.011067,-0.246606,-0.012789,0.034271,-0.526674,-19.911512,0.051343,6.702210,-0.286560,-0.318015,-0.253559,0.321501,-2.747235,0.124385,2.524030,0.953093
5.213381,0.000000,0.000000,0.000000,0.000000,0.000000,0.000000,0.000000,0.391889,-0.007779,0.149377,0.990581,-0.136456,0.011129,0.002284,0.391889,-0.007779,0.149377,0.990581,-0.136456,0.011129,0.002284,3.140105,-0.022673,-0.273767,0.067105,0.003733,0.016801,-0.011067,-0.246606,-0.012789,0.034271,-0.526674,-19.911512,0.051343,6.702210,-0.286560,-0.318015,-0.253559,0.321501,-2.747235,0.124385,2.524030,0.953093
5.263493,0.000000,0.000000,0.000000,0.000000,0.000000,0.000000,0.000000,0.391889,-0.007779,0.149377,0.990581,-0.136456,0.011129,0.002284,0.391889,-0.007779,0.149377,0.990581,-0.136456,0.011129,0.002284,3.140105,-0.022673,-0.273767,0.067105,0.003733,0.016801,-0.011067,-0.246606,-0.012789,0.034271,-0.526674,-19.911512,0.051343,6.702210,-0.286560,-0.318015,-0.253559,0.321501,-2.747235,0.124385,2.524030,0.953093
5.313551,0.000000,0.000000,0.000000,0.000000,0.000000,0.000000,0.000000,0.391889,-0.007779,0.149377,0.990581,-0.136456,0.011129,0.002284,0.391889,-0.007779,0.149377,0.990581,-0.136456,0.011129,0.002284,3.140105,-0.022673,-0.273767,0.067105,0.003733,0.016801,-0.011067,-0.246606,-0.012789,0.034271,-0.526674,-19.911512,0.051343,6.702210,-0.286560,-0.318015,-0.253559,0.321501,-2.747235,0.124385,2.524030,0.953093
5.363550,0.000000,0.000000,0.000000,0.000000,0.000000,0.000000,0.000000,0.391889,-0.007779,0.149377,0.990581,-0.136456,0.011129,0.002284,0.391889,-0.007779,0.149377,0.990581,-0.136456,0.011129,0.002284,3.140105,-0.022673,-0.273767,0.067105,0.003733,0.016801,-0.011067,-0.246606,-0.012789,0.034271,-0.526674,-19.911512,0.051343,6.702210,-0.286560,-0.318015,-0.253559,0.321501,-2.747235,0.124385,2.524030,0.953093
5.413785,0.000000,0.000000,0.000000,0.000000,0.000000,0.000000,0.000000,0.391889,-0.007779,0.149377,0.990581,-0.136456,0.011129,0.002284,0.391889,-0.007779,0.149377,0.990581,-0.136456,0.011129,0.002284,3.140105,-0.022673,-0.273767,0.067105,0.003733,0.016801,-0.011067,-0.246606,-0.012789,0.034271,-0.526674,-19.911512,0.051343,6.702210,-0.286560,-0.318015,-0.253559,0.321501,-2.747235,0.124385,2.524030,0.953093
5.463663,0.000000,0.000000,0.000000,0.000000,0.000000,0.000000,0.000000,0.391889,-0.007779,0.149377,0.990581,-0.136456,0.011129,0.002284,0.391889,-0.007779,0.149377,0.990581,-0.136456,0.011129,0.002284,3.140105,-0.022673,-0.273767,0.067105,0.003733,0.016801,-0.011067,-0.246606,-0.012789,0.034271,-0.526674,-19.911512,0.051343,6.702210,-0.286560,-0.318015,-0.253559,0.321501,-2.747235,0.124385,2.524030,0.953093
5.513688,0.000000,0.000000,0.000000,0.000000,0.000000,0.000000,0.000000,0.391889,-0.007779,0.149377,0.990581,-0.136456,0.011129,0.002284,0.391889,-0.007779,0.149377,0.990581,-0.136456,0.011129,0.002284,3.140105,-0.022673,-0.273767,0.067105,0.003733,0.016801,-0.011067,-0.246606,-0.012789,0.034271,-0.526674,-19.911512,0.051343,6.702210,-0.286560,-0.318015,-0.253559,0.321501,-2.747235,0.124385,2.524030,0.953093
5.563786,0.000000,0.000000,0.000000,0.000000,0.000000,0.000000,0.000000,0.391889,-0.007779,0.149377,0.990581,-0.136456,0.011129,0.002284,0.391889,-0.007779,0.149377,0.990581,-0.136456,0.011129,0.002284,3.140105,-0.022673,-0.273767,0.067105,0.003733,0.016801,-0.011067,-0.246606,-0.012789,0.034271,-0.526674,-19.911512,0.051343,6.702210,-0.286560,-0.318015,-0.253559,0.321501,-2.747235,0.124385,2.524030,0.953093
5.614468,0.000000,0.000000,0.000000,0.000000,0.000000,0.000000,0.000000,0.391889,-0.007779,0.149377,0.990581,-0.136456,0.011129,0.002284,0.391889,-0.007779,0.149377,0.990581,-0.136456,0.011129,0.002284,3.140105,-0.022673,-0.273767,0.067105,0.003733,0.016801,-0.011067,-0.246606,-0.012789,0.034271,-0.526674,-19.911512,0.051343,6.702210,-0.286560,-0.318015,-0.253559,0.321501,-2.747235,0.124385,2.524030,0.953093
5.664590,0.000000,0.000000,0.000000,0.000000,0.000000,0.000000,0.000000,0.391889,-0.007779,0.149377,0.990581,-0.136456,0.011129,0.002284,0.391889,-0.007779,0.149377,0.990581,-0.136456,0.011129,0.002284,3.140105,-0.022673,-0.273767,0.067105,0.003733,0.016801,-0.011067,-0.246606,-0.012789,0.034271,-0.526674,-19.911512,0.051343,6.702210,-0.286560,-0.318015,-0.253559,0.321501,-2.747235,0.124385,2.524030,0.953093
5.714606,0.000000,0.000000,0.000000,0.000000,0.000000,0.000000,0.000000,0.391889,-0.007779,0.149377,0.990581,-0.136456,0.011129,0.002284,0.391889,-0.007779,0.149377,0.990581,-0.136456,0.011129,0.002284,3.140105,-0.022673,-0.273767,0.067105,0.003733,0.016801,-0.011067,-0.246606,-0.012789,0.034271,-0.526674,-19.911512,0.051343,6.702210,-0.286560,-0.318015,-0.253559,0.321501,-2.747235,0.124385,2.524030,0.953093
5.764799,0.000000,0.000000,0.000000,0.000000,0.000000,0.000000,0.000000,0.391889,-0.007779,0.149377,0.990581,-0.136456,0.011129,0.002284,0.391889,-0.007779,0.149377,0.990581,-0.136456,0.011129,0.002284,3.140105,-0.022673,-0.273767,0.067105,0.003733,0.016801,-0.011067,-0.246606,-0.012789,0.034271,-0.526674,-19.911512,0.051343,6.702210,-0.286560,-0.318015,-0.253559,0.321501,-2.747235,0.124385,2.524030,0.953093
5.814846,0.000000,0.000000,0.000000,0.000000,0.000000,0.000000,0.000000,0.391889,-0.007779,0.149377,0.990581,-0.136456,0.011129,0.002284,0.391889,-0.007779,0.149377,0.990581,-0.136456,0.011129,0.002284,3.140105,-0.022673,-0.273767,0.067105,0.003733,0.016801,-0.011067,-0.246606,-0.012789,0.034271,-0.526674,-19.911512,0.051343,6.702210,-0.286560,-0.318015,-0.253559,0.321501,-2.747235,0.124385,2.524030,0.953093
5.865300,0.000000,0.000000,0.000000,0.000000,0.000000,0.000000,0.000000,0.391889,-0.007779,0.149377,0.990581,-0.136456,0.011129,0.002284,0.391889,-0.007779,0.149377,0.990581,-0.136456,0.011129,0.002284,3.140105,-0.022673,-0.273767,0.067105,0.003733,0.016801,-0.011067,-0.246606,-0.012789,0.034271,-0.526674,-19.911512,0.051343,6.702210,-0.286560,-0.318015,-0.253559,0.321501,-2.747235,0.124385,2.524030,0.953093
5.915537,0.000000,0.000000,0.000000,0.000000,0.000000,0.000000,0.000000,0.391889,-0.007779,0.149377,0.990581,-0.136456,0.011129,0.002284,0.391889,-0.007779,0.149377,0.990581,-0.136456,0.011129,0.002284,3.140105,-0.022673,-0.273767,0.067105,0.003733,0.016801,-0.011067,-0.246606,-0.012789,0.034271,-0.526674,-19.911512,0.051343,6.702210,-0.286560,-0.318015,-0.253559,0.321501,-2.747235,0.124385,2.524030,0.953093
5.964785,0.000000,0.000000,0.000000,0.000000,0.000000,0.000000,0.000000,0.391889,-0.007779,0.149377,0.990581,-0.136456,0.011129,0.002284,0.391889,-0.007779,0.149377,0.990581,-0.136456,0.011129,0.002284,3.140105,-0.022673,-0.273767,0.067105,0.003733,0.016801,-0.011067,-0.246606,-0.012789,0.034271,-0.526674,-19.911512,0.051343,6.702210,-0.286560,-0.318015,-0.253559,0.321501,-2.747235,0.124385,2.524030,0.953093
6.015551,0.000000,0.000000,0.000000,0.000000,0.000000,0.000000,0.000000,0.391889,-0.007779,0.149377,0.990581,-0.136456,0.011129,0.002284,0.391889,-0.007779,0.149377,0.990581,-0.136456,0.011129,0.002284,3.140105,-0.022673,-0.273767,0.067105,0.003733,0.016801,-0.011067,-0.246606,-0.012789,0.034271,-0.526674,-19.911512,0.051343,6.702210,-0.286560,-0.318015,-0.253559,0.321501,-2.747235,0.124385,2.524030,0.953093
6.065527,0.000000,0.000000,0.000000,0.000000,0.000000,0.000000,0.000000,0.391889,-0.007779,0.149377,0.990581,-0.136456,0.011129,0.002284,0.391889,-0.007779,0.149377,0.990581,-0.136456,0.011129,0.002284,3.140105,-0.022673,-0.273767,0.067105,0.003733,0.016801,-0.011067,-0.246606,-0.012789,0.034271,-0.526674,-19.911512,0.051343,6.702210,-0.286560,-0.318015,-0.253559,0.321501,-2.747235,0.124385,2.524030,0.953093
6.115632,0.000000,0.000000,0.000000,0.000000,0.000000,0.000000,0.000000,0.391889,-0.007779,0.149377,0.990581,-0.136456,0.011129,0.002284,0.391889,-0.007779,0.149377,0.990581,-0.136456,0.011129,0.002284,3.140105,-0.022673,-0.273767,0.067105,0.003733,0.016801,-0.011067,-0.246606,-0.012789,0.034271,-0.526674,-19.911512,0.051343,6.702210,-0.286560,-0.318015,-0.253559,0.321501,-2.747235,0.124385,2.524030,0.953093
6.168898,0.000000,0.000000,0.000000,0.000000,0.000000,0.000000,0.000000,0.391889,-0.007779,0.149377,0.990581,-0.136456,0.011129,0.002284,0.391889,-0.007779,0.149377,0.990581,-0.136456,0.011129,0.002284,3.140105,-0.022673,-0.273767,0.067105,0.003733,0.016801,-0.011067,-0.246606,-0.012789,0.034271,-0.526674,-19.911512,0.051343,6.702210,-0.286560,-0.318015,-0.253559,0.321501,-2.747235,0.124385,2.524030,0.953093
6.215793,0.000000,0.000000,0.000000,0.000000,0.000000,0.000000,0.000000,0.391889,-0.007779,0.149377,0.990581,-0.136456,0.011129,0.002284,0.391889,-0.007779,0.149377,0.990581,-0.136456,0.011129,0.002284,3.140105,-0.022673,-0.273767,0.067105,0.003733,0.016801,-0.011067,-0.246606,-0.012789,0.034271,-0.526674,-19.911512,0.051343,6.702210,-0.286560,-0.318015,-0.253559,0.321501,-2.747235,0.124385,2.524030,0.953093
6.265811,0.000000,0.000000,0.000000,0.000000,0.000000,0.000000,0.000000,0.391889,-0.007779,0.149377,0.990581,-0.136456,0.011129,0.002284,0.391889,-0.007779,0.149377,0.990581,-0.136456,0.011129,0.002284,3.140105,-0.022673,-0.273767,0.067105,0.003733,0.016801,-0.011067,-0.246606,-0.012789,0.034271,-0.526674,-19.911512,0.051343,6.702210,-0.286560,-0.318015,-0.253559,0.321501,-2.747235,0.124385,2.524030,0.953093
6.315658,0.000000,0.000000,0.000000,0.000000,0.000000,0.000000,0.000000,0.391889,-0.007779,0.149377,0.990581,-0.136456,0.011129,0.002284,0.391889,-0.007779,0.149377,0.990581,-0.136456,0.011129,0.002284,3.140105,-0.022673,-0.273767,0.067105,0.003733,0.016801,-0.011067,-0.246606,-0.012789,0.034271,-0.526674,-19.911512,0.051343,6.702210,-0.286560,-0.318015,-0.253559,0.321501,-2.747235,0.124385,2.524030,0.953093
6.365642,0.000000,0.000000,0.000000,0.000000,0.000000,0.000000,0.000000,0.391889,-0.007779,0.149377,0.990581,-0.136456,0.011129,0.002284,0.391889,-0.007779,0.149377,0.990581,-0.136456,0.011129,0.002284,3.140105,-0.022673,-0.273767,0.067105,0.003733,0.016801,-0.011067,-0.246606,-0.012789,0.034271,-0.526674,-19.911512,0.051343,6.702210,-0.286560,-0.318015,-0.253559,0.321501,-2.747235,0.124385,2.524030,0.953093
6.419705,0.000000,0.000000,0.000000,0.000000,0.000000,0.000000,0.000000,0.391889,-0.007779,0.149377,0.990581,-0.136456,0.011129,0.002284,0.391889,-0.007779,0.149377,0.990581,-0.136456,0.011129,0.002284,3.140105,-0.022673,-0.273767,0.067105,0.003733,0.016801,-0.011067,-0.246606,-0.012789,0.034271,-0.526674,-19.911512,0.051343,6.702210,-0.286560,-0.318015,-0.253559,0.321501,-2.747235,0.124385,2.524030,0.953093
6.466689,0.000000,0.000000,0.000000,0.000000,0.000000,0.000000,0.000000,0.391889,-0.007779,0.149377,0.990581,-0.136456,0.011129,0.002284,0.391889,-0.007779,0.149377,0.990581,-0.136456,0.011129,0.002284,3.140105,-0.022673,-0.273767,0.067105,0.003733,0.016801,-0.011067,-0.246606,-0.012789,0.034271,-0.526674,-19.911512,0.051343,6.702210,-0.286560,-0.318015,-0.253559,0.321501,-2.747235,0.124385,2.524030,0.953093
6.517410,0.000000,0.000000,0.000000,0.000000,0.000000,0.000000,0.000000,0.391889,-0.007779,0.149377,0.990581,-0.136456,0.011129,0.002284,0.391889,-0.007779,0.149377,0.990581,-0.136456,0.011129,0.002284,3.140105,-0.022673,-0.273767,0.067105,0.003733,0.016801,-0.011067,-0.246606,-0.012789,0.034271,-0.526674,-19.911512,0.051343,6.702210,-0.286560,-0.318015,-0.253559,0.321501,-2.747235,0.124385,2.524030,0.953093
6.571365,0.000000,0.000000,0.000000,0.000000,0.000000,0.000000,0.000000,0.391889,-0.007779,0.149377,0.990581,-0.136456,0.011129,0.002284,0.391889,-0.007779,0.149377,0.990581,-0.136456,0.011129,0.002284,3.140105,-0.022673,-0.273767,0.067105,0.003733,0.016801,-0.011067,-0.246606,-0.012789,0.034271,-0.526674,-19.911512,0.051343,6.702210,-0.286560,-0.318015,-0.253559,0.321501,-2.747235,0.124385,2.524030,0.953093
6.617531,0.000000,0.000000,0.000000,0.000000,0.000000,0.000000,0.000000,0.391889,-0.007779,0.149377,0.990581,-0.136456,0.011129,0.002284,0.391889,-0.007779,0.149377,0.990581,-0.136456,0.011129,0.002284,3.140105,-0.022673,-0.273767,0.067105,0.003733,0.016801,-0.011067,-0.246606,-0.012789,0.034271,-0.526674,-19.911512,0.051343,6.702210,-0.286560,-0.318015,-0.253559,0.321501,-2.747235,0.124385,2.524030,0.953093
6.667496,0.000000,0.000000,0.000000,0.000000,0.000000,0.000000,0.000000,0.391889,-0.007779,0.149377,0.990581,-0.136456,0.011129,0.002284,0.391889,-0.007779,0.149377,0.990581,-0.136456,0.011129,0.002284,3.140105,-0.022673,-0.273767,0.067105,0.003733,0.016801,-0.011067,-0.246606,-0.012789,0.034271,-0.526674,-19.911512,0.051343,6.702210,-0.286560,-0.318015,-0.253559,0.321501,-2.747235,0.124385,2.524030,0.953093
6.717490,0.000000,0.000000,0.000000,0.000000,0.000000,0.000000,0.000000,0.391889,-0.007779,0.149377,0.990581,-0.136456,0.011129,0.002284,0.391889,-0.007779,0.149377,0.990581,-0.136456,0.011129,0.002284,3.140105,-0.022673,-0.273767,0.067105,0.003733,0.016801,-0.011067,-0.246606,-0.012789,0.034271,-0.526674,-19.911512,0.051343,6.702210,-0.286560,-0.318015,-0.253559,0.321501,-2.747235,0.124385,2.524030,0.953093
6.767635,0.000000,0.000000,0.000000,0.000000,0.000000,0.000000,0.000000,0.391889,-0.007779,0.149377,0.990581,-0.136456,0.011129,0.002284,0.391889,-0.007779,0.149377,0.990581,-0.136456,0.011129,0.002284,3.140105,-0.022673,-0.273767,0.067105,0.003733,0.016801,-0.011067,-0.246606,-0.012789,0.034271,-0.526674,-19.911512,0.051343,6.702210,-0.286560,-0.318015,-0.253559,0.321501,-2.747235,0.124385,2.524030,0.953093
6.817673,0.000000,0.000000,0.000000,0.000000,0.000000,0.000000,0.000000,0.391889,-0.007779,0.149377,0.990581,-0.136456,0.011129,0.002284,0.391889,-0.007779,0.149377,0.990581,-0.136456,0.011129,0.002284,3.140105,-0.022673,-0.273767,0.067105,0.003733,0.016801,-0.011067,-0.246606,-0.012789,0.034271,-0.526674,-19.911512,0.051343,6.702210,-0.286560,-0.318015,-0.253559,0.321501,-2.747235,0.124385,2.524030,0.953093
6.867686,0.000000,0.000000,0.000000,0.000000,0.000000,0.000000,0.000000,0.391889,-0.007779,0.149377,0.990581,-0.136456,0.011129,0.002284,0.391889,-0.007779,0.149377,0.990581,-0.136456,0.011129,0.002284,3.140105,-0.022673,-0.273767,0.067105,0.003733,0.016801,-0.011067,-0.246606,-0.012789,0.034271,-0.526674,-19.911512,0.051343,6.702210,-0.286560,-0.318015,-0.253559,0.321501,-2.747235,0.124385,2.524030,0.953093
6.918572,0.000000,0.000000,0.000000,0.000000,0.000000,0.000000,0.000000,0.391889,-0.007779,0.149377,0.990581,-0.136456,0.011129,0.002284,0.391889,-0.007779,0.149377,0.990581,-0.136456,0.011129,0.002284,3.140105,-0.022673,-0.273767,0.067105,0.003733,0.016801,-0.011067,-0.246606,-0.012789,0.034271,-0.526674,-19.911512,0.051343,6.702210,-0.286560,-0.318015,-0.253559,0.321501,-2.747235,0.124385,2.524030,0.953093
6.968581,0.000000,0.000000,0.000000,0.000000,0.000000,0.000000,0.000000,0.391889,-0.007779,0.149377,0.990581,-0.136456,0.011129,0.002284,0.391889,-0.007779,0.149377,0.990581,-0.136456,0.011129,0.002284,3.140105,-0.022673,-0.273767,0.067105,0.003733,0.016801,-0.011067,-0.246606,-0.012789,0.034271,-0.526674,-19.911512,0.051343,6.702210,-0.286560,-0.318015,-0.253559,0.321501,-2.747235,0.124385,2.524030,0.953093
7.018466,0.000000,0.000000,0.000000,0.000000,0.000000,0.000000,0.000000,0.391889,-0.007779,0.149377,0.990581,-0.136456,0.011129,0.002284,0.391889,-0.007779,0.149377,0.990581,-0.136456,0.011129,0.002284,3.140105,-0.022673,-0.273767,0.067105,0.003733,0.016801,-0.011067,-0.246606,-0.012789,0.034271,-0.526674,-19.911512,0.051343,6.702210,-0.286560,-0.318015,-0.253559,0.321501,-2.747235,0.124385,2.524030,0.953093
7.068706,0.000000,0.000000,0.000000,0.000000,0.000000,0.000000,0.000000,0.391889,-0.007779,0.149377,0.990581,-0.136456,0.011129,0.002284,0.391889,-0.007779,0.149377,0.990581,-0.136456,0.011129,0.002284,3.140105,-0.022673,-0.273767,0.067105,0.003733,0.016801,-0.011067,-0.246606,-0.012789,0.034271,-0.526674,-19.911512,0.051343,6.702210,-0.286560,-0.318015,-0.253559,0.321501,-2.747235,0.124385,2.524030,0.953093
7.118659,0.000000,0.000000,0.000000,0.000000,0.000000,0.000000,0.000000,0.391889,-0.007779,0.149377,0.990581,-0.136456,0.011129,0.002284,0.391889,-0.007779,0.149377,0.990581,-0.136456,0.011129,0.002284,3.140105,-0.022673,-0.273767,0.067105,0.003733,0.016801,-0.011067,-0.246606,-0.012789,0.034271,-0.526674,-19.911512,0.051343,6.702210,-0.286560,-0.318015,-0.253559,0.321501,-2.747235,0.124385,2.524030,0.953093
7.169479,0.000000,0.000000,0.000000,0.000000,0.000000,0.000000,0.000000,0.391889,-0.007779,0.149377,0.990581,-0.136456,0.011129,0.002284,0.391889,-0.007779,0.149377,0.990581,-0.136456,0.011129,0.002284,3.140105,-0.022673,-0.273767,0.067105,0.003733,0.016801,-0.011067,-0.246606,-0.012789,0.034271,-0.526674,-19.911512,0.051343,6.702210,-0.286560,-0.318015,-0.253559,0.321501,-2.747235,0.124385,2.524030,0.953093
7.218794,0.000000,0.000000,0.000000,0.000000,0.000000,0.000000,0.000000,0.391889,-0.007779,0.149377,0.990581,-0.136456,0.011129,0.002284,0.391889,-0.007779,0.149377,0.990581,-0.136456,0.011129,0.002284,3.140105,-0.022673,-0.273767,0.067105,0.003733,0.016801,-0.011067,-0.246606,-0.012789,0.034271,-0.526674,-19.911512,0.051343,6.702210,-0.286560,-0.318015,-0.253559,0.321501,-2.747235,0.124385,2.524030,0.953093
7.269505,0.000000,0.000000,0.000000,0.000000,0.000000,0.000000,0.000000,0.391889,-0.007779,0.149377,0.990581,-0.136456,0.011129,0.002284,0.391889,-0.007779,0.149377,0.990581,-0.136456,0.011129,0.002284,3.140105,-0.022673,-0.273767,0.067105,0.003733,0.016801,-0.011067,-0.246606,-0.012789,0.034271,-0.526674,-19.911512,0.051343,6.702210,-0.286560,-0.318015,-0.253559,0.321501,-2.747235,0.124385,2.524030,0.953093
7.318667,0.000000,0.000000,0.000000,0.000000,0.000000,0.000000,0.000000,0.391889,-0.007779,0.149377,0.990581,-0.136456,0.011129,0.002284,0.391889,-0.007779,0.149377,0.990581,-0.136456,0.011129,0.002284,3.140105,-0.022673,-0.273767,0.067105,0.003733,0.016801,-0.011067,-0.246606,-0.012789,0.034271,-0.526674,-19.911512,0.051343,6.702210,-0.286560,-0.318015,-0.253559,0.321501,-2.747235,0.124385,2.524030,0.953093
7.369511,0.000000,0.000000,0.000000,0.000000,0.000000,0.000000,0.000000,0.391889,-0.007779,0.149377,0.990581,-0.136456,0.011129,0.002284,0.391889,-0.007779,0.149377,0.990581,-0.136456,0.011129,0.002284,3.140105,-0.022673,-0.273767,0.067105,0.003733,0.016801,-0.011067,-0.246606,-0.012789,0.034271,-0.526674,-19.911512,0.051343,6.702210,-0.286560,-0.318015,-0.253559,0.321501,-2.747235,0.124385,2.524030,0.953093
7.419446,0.000000,0.000000,0.000000,0.000000,0.000000,0.000000,0.000000,0.391889,-0.007779,0.149377,0.990581,-0.136456,0.011129,0.002284,0.391889,-0.007779,0.149377,0.990581,-0.136456,0.011129,0.002284,3.140105,-0.022673,-0.273767,0.067105,0.003733,0.016801,-0.011067,-0.246606,-0.012789,0.034271,-0.526674,-19.911512,0.051343,6.702210,-0.286560,-0.318015,-0.253559,0.321501,-2.747235,0.124385,2.524030,0.953093
7.469501,0.000000,0.000000,0.000000,0.000000,0.000000,0.000000,0.000000,0.391889,-0.007779,0.149377,0.990581,-0.136456,0.011129,0.002284,0.391889,-0.007779,0.149377,0.990581,-0.136456,0.011129,0.002284,3.140105,-0.022673,-0.273767,0.067105,0.003733,0.016801,-0.011067,-0.246606,-0.012789,0.034271,-0.526674,-19.911512,0.051343,6.702210,-0.286560,-0.318015,-0.253559,0.321501,-2.747235,0.124385,2.524030,0.953093
7.519492,0.000000,0.000000,0.000000,0.000000,0.000000,0.000000,0.000000,0.391889,-0.007779,0.149377,0.990581,-0.136456,0.011129,0.002284,0.391889,-0.007779,0.149377,0.990581,-0.136456,0.011129,0.002284,3.140105,-0.022673,-0.273767,0.067105,0.003733,0.016801,-0.011067,-0.246606,-0.012789,0.034271,-0.526674,-19.911512,0.051343,6.702210,-0.286560,-0.318015,-0.253559,0.321501,-2.747235,0.124385,2.524030,0.953093
7.569569,0.000000,0.000000,0.000000,0.000000,0.000000,0.000000,0.000000,0.391889,-0.007779,0.149377,0.990581,-0.136456,0.011129,0.002284,0.391889,-0.007779,0.149377,0.990581,-0.136456,0.011129,0.002284,3.140105,-0.022673,-0.273767,0.067105,0.003733,0.016801,-0.011067,-0.246606,-0.012789,0.034271,-0.526674,-19.911512,0.051343,6.702210,-0.286560,-0.318015,-0.253559,0.321501,-2.747235,0.124385,2.524030,0.953093
7.619639,-0.000000,0.000000,0.000000,0.000000,-0.000000,-0.000000,1.000000,0.391889,-0.007779,0.149377,0.990581,-0.136456,0.011129,0.002284,0.391889,-0.007779,0.149377,0.990581,-0.136456,0.011129,0.002284,3.140105,-0.022673,-0.273767,0.067105,0.003733,0.016801,-0.011067,-0.246606,-0.012789,0.034271,-0.526674,-19.911512,0.051343,6.702210,-0.286560,-0.318015,-0.253559,0.321501,-2.747235,0.124385,2.524030,0.953093
7.669655,-0.000000,0.000000,0.000000,0.000000,-0.000000,-0.000000,1.000000,0.391889,-0.007779,0.149377,0.990581,-0.136456,0.011129,0.002284,0.391889,-0.007779,0.149377,0.990581,-0.136456,0.011129,0.002284,3.140105,-0.022673,-0.273767,0.067105,0.003733,0.016801,-0.011067,-0.246606,-0.012789,0.034271,-0.526674,-19.911512,0.051343,6.702210,-0.286560,-0.318015,-0.253559,0.321501,-2.747235,0.124385,2.524030,0.953093
7.719625,-0.000000,0.000000,0.000000,0.000000,-0.000000,-0.000000,1.000000,0.391889,-0.007779,0.149377,0.990581,-0.136456,0.011129,0.002284,0.391889,-0.007779,0.149377,0.990581,-0.136456,0.011129,0.002284,3.140105,-0.022673,-0.273767,0.067105,0.003733,0.016801,-0.011067,-0.246606,-0.012789,0.034271,-0.526674,-19.911512,0.051343,6.702210,-0.286560,-0.318015,-0.253559,0.321501,-2.747235,0.124385,2.524030,0.953093
7.770535,-0.000000,0.000000,0.000000,0.000000,-0.000000,-0.000000,1.000000,0.391889,-0.007779,0.149377,0.990581,-0.136456,0.011129,0.002284,0.391889,-0.007779,0.149377,0.990581,-0.136456,0.011129,0.002284,3.140105,-0.022673,-0.273767,0.067105,0.003733,0.016801,-0.011067,-0.246606,-0.012789,0.034271,-0.526674,-19.911512,0.051343,6.702210,-0.286560,-0.318015,-0.253559,0.321501,-2.747235,0.124385,2.524030,0.953093
7.820488,-0.000000,0.000000,0.000000,0.000000,-0.000000,-0.000000,1.000000,0.391889,-0.007779,0.149377,0.990581,-0.136456,0.011129,0.002284,0.391889,-0.007779,0.149377,0.990581,-0.136456,0.011129,0.002284,3.140105,-0.022673,-0.273767,0.067105,0.003733,0.016801,-0.011067,-0.246606,-0.012789,0.034271,-0.526674,-19.911512,0.051343,6.702210,-0.286560,-0.318015,-0.253559,0.321501,-2.747235,0.124385,2.524030,0.953093
7.870405,-0.000000,0.000000,0.000000,0.000000,-0.000000,-0.000000,1.000000,0.391889,-0.007779,0.149377,0.990581,-0.136456,0.011129,0.002284,0.391889,-0.007779,0.149377,0.990581,-0.136456,0.011129,0.002284,3.140105,-0.022673,-0.273767,0.067105,0.003733,0.016801,-0.011067,-0.246606,-0.012789,0.034271,-0.526674,-19.911512,0.051343,6.702210,-0.286560,-0.318015,-0.253559,0.321501,-2.747235,0.124385,2.524030,0.953093
7.920565,-0.000000,0.000000,0.000000,0.000000,-0.000000,-0.000000,1.000000,0.391889,-0.007779,0.149377,0.990581,-0.136456,0.011129,0.002284,0.391889,-0.007779,0.149377,0.990581,-0.136456,0.011129,0.002284,3.140105,-0.022673,-0.273767,0.067105,0.003733,0.016801,-0.011067,-0.246606,-0.012789,0.034271,-0.526674,-19.911512,0.051343,6.702210,-0.286560,-0.318015,-0.253559,0.321501,-2.747235,0.124385,2.524030,0.953093
7.970579,-0.000000,0.000000,0.000000,0.000000,-0.000000,-0.000000,1.000000,0.391889,-0.007779,0.149377,0.990581,-0.136456,0.011129,0.002284,0.391889,-0.007779,0.149377,0.990581,-0.136456,0.011129,0.002284,3.140105,-0.022673,-0.273767,0.067105,0.003733,0.016801,-0.011067,-0.246606,-0.012789,0.034271,-0.526674,-19.911512,0.051343,6.702210,-0.286560,-0.318015,-0.253559,0.321501,-2.747235,0.124385,2.524030,0.953093
8.020542,-0.000000,0.000000,0.000000,0.000000,-0.000000,-0.000000,1.000000,0.391889,-0.007779,0.149377,0.990581,-0.136456,0.011129,0.002284,0.391889,-0.007779,0.149377,0.990581,-0.136456,0.011129,0.002284,3.140105,-0.022673,-0.273767,0.067105,0.003733,0.016801,-0.011067,-0.246606,-0.012789,0.034271,-0.526674,-19.911512,0.051343,6.702210,-0.286560,-0.318015,-0.253559,0.321501,-2.747235,0.124385,2.524030,0.953093
8.070614,-0.000000,0.000000,0.000000,0.000000,-0.000000,-0.000000,1.000000,0.391889,-0.007779,0.149377,0.990581,-0.136456,0.011129,0.002284,0.391889,-0.007779,0.149377,0.990581,-0.136456,0.011129,0.002284,3.140105,-0.022673,-0.273767,0.067105,0.003733,0.016801,-0.011067,-0.246606,-0.012789,0.034271,-0.526674,-19.911512,0.051343,6.702210,-0.286560,-0.318015,-0.253559,0.321501,-2.747235,0.124385,2.524030,0.953093
8.121436,-0.000000,0.000000,0.000000,0.000000,-0.000000,-0.000000,1.000000,0.391889,-0.007779,0.149377,0.990581,-0.136456,0.011129,0.002284,0.391889,-0.007779,0.149377,0.990581,-0.136456,0.011129,0.002284,3.140105,-0.022673,-0.273767,0.067105,0.003733,0.016801,-0.011067,-0.246606,-0.012789,0.034271,-0.526674,-19.911512,0.051343,6.702210,-0.286560,-0.318015,-0.253559,0.321501,-2.747235,0.124385,2.524030,0.953093
8.170687,-0.000000,0.000000,0.000000,0.000000,-0.000000,-0.000000,1.000000,0.391889,-0.007779,0.149377,0.990581,-0.136456,0.011129,0.002284,0.391889,-0.007779,0.149377,0.990581,-0.136456,0.011129,0.002284,3.140105,-0.022673,-0.273767,0.067105,0.003733,0.016801,-0.011067,-0.246606,-0.012789,0.034271,-0.526674,-19.911512,0.051343,6.702210,-0.286560,-0.318015,-0.253559,0.321501,-2.747235,0.124385,2.524030,0.953093
8.221565,-0.000000,0.000000,0.000000,0.000000,-0.000000,-0.000000,1.000000,0.391889,-0.007779,0.149377,0.990581,-0.136456,0.011129,0.002284,0.391889,-0.007779,0.149377,0.990581,-0.136456,0.011129,0.002284,3.140105,-0.022673,-0.273767,0.067105,0.003733,0.016801,-0.011067,-0.246606,-0.012789,0.034271,-0.526674,-19.911512,0.051343,6.702210,-0.286560,-0.318015,-0.253559,0.321501,-2.747235,0.124385,2.524030,0.953093
8.272510,-0.000000,0.000000,0.000000,0.000000,-0.000000,-0.000000,1.000000,0.391889,-0.007779,0.149377,0.990581,-0.136456,0.011129,0.002284,0.391889,-0.007779,0.149377,0.990581,-0.136456,0.011129,0.002284,3.140105,-0.022673,-0.273767,0.067105,0.003733,0.016801,-0.011067,-0.246606,-0.012789,0.034271,-0.526674,-19.911512,0.051343,6.702210,-0.286560,-0.318015,-0.253559,0.321501,-2.747235,0.124385,2.524030,0.953093
8.321748,-0.000000,0.000000,0.000000,0.000000,-0.000000,-0.000000,1.000000,0.391889,-0.007779,0.149377,0.990581,-0.136456,0.011129,0.002284,0.391889,-0.007779,0.149377,0.990581,-0.136456,0.011129,0.002284,3.140105,-0.022673,-0.273767,0.067105,0.003733,0.016801,-0.011067,-0.246606,-0.012789,0.034271,-0.526674,-19.911512,0.051343,6.702210,-0.286560,-0.318015,-0.253559,0.321501,-2.747235,0.124385,2.524030,0.953093
8.371703,-0.000000,0.000000,0.000000,0.000000,-0.000000,-0.000000,1.000000,0.391889,-0.007779,0.149377,0.990581,-0.136456,0.011129,0.002284,0.391889,-0.007779,0.149377,0.990581,-0.136456,0.011129,0.002284,3.140105,-0.022673,-0.273767,0.067105,0.003733,0.016801,-0.011067,-0.246606,-0.012789,0.034271,-0.526674,-19.911512,0.051343,6.702210,-0.286560,-0.318015,-0.253559,0.321501,-2.747235,0.124385,2.524030,0.953093
8.421686,-0.000000,0.000000,0.000000,0.000000,-0.000000,-0.000000,1.000000,0.391889,-0.007779,0.149377,0.990581,-0.136456,0.011129,0.002284,0.391889,-0.007779,0.149377,0.990581,-0.136456,0.011129,0.002284,3.140105,-0.022673,-0.273767,0.067105,0.003733,0.016801,-0.011067,-0.246606,-0.012789,0.034271,-0.526674,-19.911512,0.051343,6.702210,-0.286560,-0.318015,-0.253559,0.321501,-2.747235,0.124385,2.524030,0.953093
8.472770,-0.000000,0.000000,0.000000,0.000000,-0.000000,-0.000000,1.000000,0.391889,-0.007779,0.149377,0.990581,-0.136456,0.011129,0.002284,0.391889,-0.007779,0.149377,0.990581,-0.136456,0.011129,0.002284,3.140105,-0.022673,-0.273767,0.067105,0.003733,0.016801,-0.011067,-0.246606,-0.012789,0.034271,-0.526674,-19.911512,0.051343,6.702210,-0.286560,-0.318015,-0.253559,0.321501,-2.747235,0.124385,2.524030,0.953093
8.523443,-0.000000,0.000000,0.000000,0.000000,-0.000000,-0.000000,1.000000,0.391889,-0.007779,0.149377,0.990581,-0.136456,0.011129,0.002284,0.391889,-0.007779,0.149377,0.990581,-0.136456,0.011129,0.002284,3.140105,-0.022673,-0.273767,0.067105,0.003733,0.016801,-0.011067,-0.246606,-0.012789,0.034271,-0.526674,-19.911512,0.051343,6.702210,-0.286560,-0.318015,-0.253559,0.321501,-2.747235,0.124385,2.524030,0.953093
8.572767,-0.000000,0.000000,0.000000,0.000000,-0.000000,-0.000000,1.000000,0.391889,-0.007779,0.149377,0.990581,-0.136456,0.011129,0.002284,0.391889,-0.007779,0.149377,0.990581,-0.136456,0.011129,0.002284,3.140105,-0.022673,-0.273767,0.067105,0.003733,0.016801,-0.011067,-0.246606,-0.012789,0.034271,-0.526674,-19.911512,0.051343,6.702210,-0.286560,-0.318015,-0.253559,0.321501,-2.747235,0.124385,2.524030,0.953093
8.622733,-0.000000,0.000000,0.000000,0.000000,-0.000000,-0.000000,1.000000,0.391889,-0.007779,0.149377,0.990581,-0.136456,0.011129,0.002284,0.391889,-0.007779,0.149377,0.990581,-0.136456,0.011129,0.002284,3.140105,-0.022673,-0.273767,0.067105,0.003733,0.016801,-0.011067,-0.246606,-0.012789,0.034271,-0.526674,-19.911512,0.051343,6.702210,-0.286560,-0.318015,-0.253559,0.321501,-2.747235,0.124385,2.524030,0.953093
8.673528,-0.000000,0.000000,0.000000,0.000000,-0.000000,-0.000000,1.000000,0.391889,-0.007779,0.149377,0.990581,-0.136456,0.011129,0.002284,0.391889,-0.007779,0.149377,0.990581,-0.136456,0.011129,0.002284,3.140105,-0.022673,-0.273767,0.067105,0.003733,0.016801,-0.011067,-0.246606,-0.012789,0.034271,-0.526674,-19.911512,0.051343,6.702210,-0.286560,-0.318015,-0.253559,0.321501,-2.747235,0.124385,2.524030,0.953093
8.722720,-0.000000,0.000000,0.000000,0.000000,-0.000000,-0.000000,1.000000,0.391889,-0.007779,0.149377,0.990581,-0.136456,0.011129,0.002284,0.391889,-0.007779,0.149377,0.990581,-0.136456,0.011129,0.002284,3.140105,-0.022673,-0.273767,0.067105,0.003733,0.016801,-0.011067,-0.246606,-0.012789,0.034271,-0.526674,-19.911512,0.051343,6.702210,-0.286560,-0.318015,-0.253559,0.321501,-2.747235,0.124385,2.524030,0.953093
8.773504,-0.000000,0.000000,0.000000,0.000000,-0.000000,-0.000000,1.000000,0.391889,-0.007779,0.149377,0.990581,-0.136456,0.011129,0.002284,0.391889,-0.007779,0.149377,0.990581,-0.136456,0.011129,0.002284,3.140105,-0.022673,-0.273767,0.067105,0.003733,0.016801,-0.011067,-0.246606,-0.012789,0.034271,-0.526674,-19.911512,0.051343,6.702210,-0.286560,-0.318015,-0.253559,0.321501,-2.747235,0.124385,2.524030,0.953093
8.823516,-0.000000,0.000000,0.000000,0.000000,-0.000000,-0.000000,1.000000,0.391889,-0.007779,0.149377,0.990581,-0.136456,0.011129,0.002284,0.391889,-0.007779,0.149377,0.990581,-0.136456,0.011129,0.002284,3.140105,-0.022673,-0.273767,0.067105,0.003733,0.016801,-0.011067,-0.246606,-0.012789,0.034271,-0.526674,-19.911512,0.051343,6.702210,-0.286560,-0.318015,-0.253559,0.321501,-2.747235,0.124385,2.524030,0.953093
8.873621,-0.000000,0.000000,0.000000,0.000000,-0.000000,-0.000000,1.000000,0.391889,-0.007779,0.149377,0.990581,-0.136456,0.011129,0.002284,0.391889,-0.007779,0.149377,0.990581,-0.136456,0.011129,0.002284,3.140105,-0.022673,-0.273767,0.067105,0.003733,0.016801,-0.011067,-0.246606,-0.012789,0.034271,-0.526674,-19.911512,0.051343,6.702210,-0.286560,-0.318015,-0.253559,0.321501,-2.747235,0.124385,2.524030,0.953093
8.923464,-0.000000,0.000000,0.000000,0.000000,-0.000000,-0.000000,1.000000,0.391889,-0.007779,0.149377,0.990581,-0.136456,0.011129,0.002284,0.391889,-0.007779,0.149377,0.990581,-0.136456,0.011129,0.002284,3.140105,-0.022673,-0.273767,0.067105,0.003733,0.016801,-0.011067,-0.246606,-0.012789,0.034271,-0.526674,-19.911512,0.051343,6.702210,-0.286560,-0.318015,-0.253559,0.321501,-2.747235,0.124385,2.524030,0.953093
8.973558,-0.000000,0.000000,0.000000,0.000000,-0.000000,-0.000000,1.000000,0.391889,-0.007779,0.149377,0.990581,-0.136456,0.011129,0.002284,0.391889,-0.007779,0.149377,0.990581,-0.136456,0.011129,0.002284,3.140105,-0.022673,-0.273767,0.067105,0.003733,0.016801,-0.011067,-0.246606,-0.012789,0.034271,-0.526674,-19.911512,0.051343,6.702210,-0.286560,-0.318015,-0.253559,0.321501,-2.747235,0.124385,2.524030,0.953093
9.023710,-0.000000,0.000000,0.000000,0.000000,-0.000000,-0.000000,1.000000,0.391889,-0.007779,0.149377,0.990581,-0.136456,0.011129,0.002284,0.391889,-0.007779,0.149377,0.990581,-0.136456,0.011129,0.002284,3.140105,-0.022673,-0.273767,0.067105,0.003733,0.016801,-0.011067,-0.246606,-0.012789,0.034271,-0.526674,-19.911512,0.051343,6.702210,-0.286560,-0.318015,-0.253559,0.321501,-2.747235,0.124385,2.524030,0.953093
9.073782,-0.000000,0.000000,0.000000,0.000000,-0.000000,-0.000000,1.000000,0.391889,-0.007779,0.149377,0.990581,-0.136456,0.011129,0.002284,0.391889,-0.007779,0.149377,0.990581,-0.136456,0.011129,0.002284,3.140105,-0.022673,-0.273767,0.067105,0.003733,0.016801,-0.011067,-0.246606,-0.012789,0.034271,-0.526674,-19.911512,0.051343,6.702210,-0.286560,-0.318015,-0.253559,0.321501,-2.747235,0.124385,2.524030,0.953093
9.123670,0.000000,0.000000,0.000000,0.000000,0.000000,0.000000,0.000000,0.391889,-0.007779,0.149377,0.990581,-0.136456,0.011129,0.002284,0.391889,-0.007779,0.149377,0.990581,-0.136456,0.011129,0.002284,3.140105,-0.022673,-0.273767,0.067105,0.003733,0.016801,-0.011067,-0.246606,-0.012789,0.034271,-0.526674,-19.911512,0.051343,6.702210,-0.286560,-0.318015,-0.253559,0.321501,-2.747235,0.124385,2.524030,0.953093
9.173651,0.000000,0.000000,0.000000,0.000000,0.000000,0.000000,0.000000,0.391889,-0.007779,0.149377,0.990581,-0.136456,0.011129,0.002284,0.391889,-0.007779,0.149377,0.990581,-0.136456,0.011129,0.002284,3.140105,-0.022673,-0.273767,0.067105,0.003733,0.016801,-0.011067,-0.246606,-0.012789,0.034271,-0.526674,-19.911512,0.051343,6.702210,-0.286560,-0.318015,-0.253559,0.321501,-2.747235,0.124385,2.524030,0.953093
9.223750,0.000000,0.000000,0.000000,0.000000,0.000000,0.000000,0.000000,0.391889,-0.007779,0.149377,0.990581,-0.136456,0.011129,0.002284,0.391889,-0.007779,0.149377,0.990581,-0.136456,0.011129,0.002284,3.140105,-0.022673,-0.273767,0.067105,0.003733,0.016801,-0.011067,-0.246606,-0.012789,0.034271,-0.526674,-19.911512,0.051343,6.702210,-0.286560,-0.318015,-0.253559,0.321501,-2.747235,0.124385,2.524030,0.953093
9.273785,0.000000,0.000000,0.000000,0.000000,0.000000,0.000000,0.000000,0.391889,-0.007779,0.149377,0.990581,-0.136456,0.011129,0.002284,0.391889,-0.007779,0.149377,0.990581,-0.136456,0.011129,0.002284,3.140105,-0.022673,-0.273767,0.067105,0.003733,0.016801,-0.011067,-0.246606,-0.012789,0.034271,-0.526674,-19.911512,0.051343,6.702210,-0.286560,-0.318015,-0.253559,0.321501,-2.747235,0.124385,2.524030,0.953093
9.324338,0.000000,0.000000,0.000000,0.000000,0.000000,0.000000,0.000000,0.391889,-0.007779,0.149377,0.990581,-0.136456,0.011129,0.002284,0.391889,-0.007779,0.149377,0.990581,-0.136456,0.011129,0.002284,3.140105,-0.022673,-0.273767,0.067105,0.003733,0.016801,-0.011067,-0.246606,-0.012789,0.034271,-0.526674,-19.911512,0.051343,6.702210,-0.286560,-0.318015,-0.253559,0.321501,-2.747235,0.124385,2.524030,0.953093
9.374480,0.000000,0.000000,0.000000,0.000000,0.000000,0.000000,0.000000,0.391889,-0.007779,0.149377,0.990581,-0.136456,0.011129,0.002284,0.391889,-0.007779,0.149377,0.990581,-0.136456,0.011129,0.002284,3.140105,-0.022673,-0.273767,0.067105,0.003733,0.016801,-0.011067,-0.246606,-0.012789,0.034271,-0.526674,-19.911512,0.051343,6.702210,-0.286560,-0.318015,-0.253559,0.321501,-2.747235,0.124385,2.524030,0.953093
9.424571,0.000000,0.000000,0.000000,0.000000,0.000000,0.000000,0.000000,0.391889,-0.007779,0.149377,0.990581,-0.136456,0.011129,0.002284,0.391889,-0.007779,0.149377,0.990581,-0.136456,0.011129,0.002284,3.140105,-0.022673,-0.273767,0.067105,0.003733,0.016801,-0.011067,-0.246606,-0.012789,0.034271,-0.526674,-19.911512,0.051343,6.702210,-0.286560,-0.318015,-0.253559,0.321501,-2.747235,0.124385,2.524030,0.953093
9.474661,0.000000,0.000000,0.000000,0.000000,0.000000,0.000000,0.000000,0.391889,-0.007779,0.149377,0.990581,-0.136456,0.011129,0.002284,0.391889,-0.007779,0.149377,0.990581,-0.136456,0.011129,0.002284,3.140105,-0.022673,-0.273767,0.067105,0.003733,0.016801,-0.011067,-0.246606,-0.012789,0.034271,-0.526674,-19.911512,0.051343,6.702210,-0.286560,-0.318015,-0.253559,0.321501,-2.747235,0.124385,2.524030,0.953093
9.524770,0.000000,0.000000,0.000000,0.000000,0.000000,0.000000,0.000000,0.391889,-0.007779,0.149377,0.990581,-0.136456,0.011129,0.002284,0.391889,-0.007779,0.149377,0.990581,-0.136456,0.011129,0.002284,3.140105,-0.022673,-0.273767,0.067105,0.003733,0.016801,-0.011067,-0.246606,-0.012789,0.034271,-0.526674,-19.911512,0.051343,6.702210,-0.286560,-0.318015,-0.253559,0.321501,-2.747235,0.124385,2.524030,0.953093
9.575403,0.000000,0.000000,0.000000,0.000000,0.000000,0.000000,0.000000,0.391889,-0.007779,0.149377,0.990581,-0.136456,0.011129,0.002284,0.391889,-0.007779,0.149377,0.990581,-0.136456,0.011129,0.002284,3.140105,-0.022673,-0.273767,0.067105,0.003733,0.016801,-0.011067,-0.246606,-0.012789,0.034271,-0.526674,-19.911512,0.051343,6.702210,-0.286560,-0.318015,-0.253559,0.321501,-2.747235,0.124385,2.524030,0.953093
9.624647,0.000000,0.000000,0.000000,0.000000,0.000000,0.000000,0.000000,0.391889,-0.007779,0.149377,0.990581,-0.136456,0.011129,0.002284,0.391889,-0.007779,0.149377,0.990581,-0.136456,0.011129,0.002284,3.140105,-0.022673,-0.273767,0.067105,0.003733,0.016801,-0.011067,-0.246606,-0.012789,0.034271,-0.526674,-19.911512,0.051343,6.702210,-0.286560,-0.318015,-0.253559,0.321501,-2.747235,0.124385,2.524030,0.953093
9.675352,0.000000,0.000000,0.000000,0.000000,0.000000,0.000000,0.000000,0.391889,-0.007779,0.149377,0.990581,-0.136456,0.011129,0.002284,0.391889,-0.007779,0.149377,0.990581,-0.136456,0.011129,0.002284,3.140105,-0.022673,-0.273767,0.067105,0.003733,0.016801,-0.011067,-0.246606,-0.012789,0.034271,-0.526674,-19.911512,0.051343,6.702210,-0.286560,-0.318015,-0.253559,0.321501,-2.747235,0.124385,2.524030,0.953093
9.725543,0.000000,0.000000,0.000000,0.000000,0.000000,0.000000,0.000000,0.391889,-0.007779,0.149377,0.990581,-0.136456,0.011129,0.002284,0.391889,-0.007779,0.149377,0.990581,-0.136456,0.011129,0.002284,3.140105,-0.022673,-0.273767,0.067105,0.003733,0.016801,-0.011067,-0.246606,-0.012789,0.034271,-0.526674,-19.911512,0.051343,6.702210,-0.286560,-0.318015,-0.253559,0.321501,-2.747235,0.124385,2.524030,0.953093
9.775486,0.000000,0.000000,0.000000,0.000000,0.000000,0.000000,0.000000,0.391889,-0.007779,0.149377,0.990581,-0.136456,0.011129,0.002284,0.391889,-0.007779,0.149377,0.990581,-0.136456,0.011129,0.002284,3.140105,-0.022673,-0.273767,0.067105,0.003733,0.016801,-0.011067,-0.246606,-0.012789,0.034271,-0.526674,-19.911512,0.051343,6.702210,-0.286560,-0.318015,-0.253559,0.321501,-2.747235,0.124385,2.524030,0.953093
9.826404,0.000000,0.000000,0.000000,0.000000,0.000000,0.000000,0.000000,0.391889,-0.007779,0.149377,0.990581,-0.136456,0.011129,0.002284,0.391889,-0.007779,0.149377,0.990581,-0.136456,0.011129,0.002284,3.140105,-0.022673,-0.273767,0.067105,0.003733,0.016801,-0.011067,-0.246606,-0.012789,0.034271,-0.526674,-19.911512,0.051343,6.702210,-0.286560,-0.318015,-0.253559,0.321501,-2.747235,0.124385,2.524030,0.953093
9.875578,0.000000,0.000000,0.000000,0.000000,0.000000,0.000000,0.000000,0.391889,-0.007779,0.149377,0.990581,-0.136456,0.011129,0.002284,0.391889,-0.007779,0.149377,0.990581,-0.136456,0.011129,0.002284,3.140105,-0.022673,-0.273767,0.067105,0.003733,0.016801,-0.011067,-0.246606,-0.012789,0.034271,-0.526674,-19.911512,0.051343,6.702210,-0.286560,-0.318015,-0.253559,0.321501,-2.747235,0.124385,2.524030,0.953093
9.926430,0.000000,0.000000,0.000000,0.000000,0.000000,0.000000,0.000000,0.391889,-0.007779,0.149377,0.990581,-0.136456,0.011129,0.002284,0.391889,-0.007779,0.149377,0.990581,-0.136456,0.011129,0.002284,3.140105,-0.022673,-0.273767,0.067105,0.003733,0.016801,-0.011067,-0.246606,-0.012789,0.034271,-0.526674,-19.911512,0.051343,6.702210,-0.286560,-0.318015,-0.253559,0.321501,-2.747235,0.124385,2.524030,0.953093
9.976426,0.000000,0.000000,0.000000,0.000000,0.000000,0.000000,0.000000,0.391889,-0.007779,0.149377,0.990581,-0.136456,0.011129,0.002284,0.391889,-0.007779,0.149377,0.990581,-0.136456,0.011129,0.002284,3.140105,-0.022673,-0.273767,0.067105,0.003733,0.016801,-0.011067,-0.246606,-0.012789,0.034271,-0.526674,-19.911512,0.051343,6.702210,-0.286560,-0.318015,-0.253559,0.321501,-2.747235,0.124385,2.524030,0.953093
10.026625,0.000000,0.000000,0.000000,0.000000,0.000000,0.000000,0.000000,0.391889,-0.007779,0.149377,0.990581,-0.136456,0.011129,0.002284,0.391889,-0.007779,0.149377,0.990581,-0.136456,0.011129,0.002284,3.140105,-0.022673,-0.273767,0.067105,0.003733,0.016801,-0.011067,-0.246606,-0.012789,0.034271,-0.526674,-19.911512,0.051343,6.702210,-0.286560,-0.318015,-0.253559,0.321501,-2.747235,0.124385,2.524030,0.953093
10.076595,0.000000,0.000000,0.000000,0.000000,0.000000,0.000000,0.000000,0.391889,-0.007779,0.149377,0.990581,-0.136456,0.011129,0.002284,0.391889,-0.007779,0.149377,0.990581,-0.136456,0.011129,0.002284,3.140105,-0.022673,-0.273767,0.067105,0.003733,0.016801,-0.011067,-0.246606,-0.012789,0.034271,-0.526674,-19.911512,0.051343,6.702210,-0.286560,-0.318015,-0.253559,0.321501,-2.747235,0.124385,2.524030,0.953093
10.127513,0.000000,0.000000,0.000000,0.000000,0.000000,0.000000,0.000000,0.391889,-0.007779,0.149377,0.990581,-0.136456,0.011129,0.002284,0.391889,-0.007779,0.149377,0.990581,-0.136456,0.011129,0.002284,3.140105,-0.022673,-0.273767,0.067105,0.003733,0.016801,-0.011067,-0.246606,-0.012789,0.034271,-0.526674,-19.911512,0.051343,6.702210,-0.286560,-0.318015,-0.253559,0.321501,-2.747235,0.124385,2.524030,0.953093
10.177374,0.000000,0.000000,0.000000,0.000000,0.000000,0.000000,0.000000,0.391889,-0.007779,0.149377,0.990581,-0.136456,0.011129,0.002284,0.391889,-0.007779,0.149377,0.990581,-0.136456,0.011129,0.002284,3.140105,-0.022673,-0.273767,0.067105,0.003733,0.016801,-0.011067,-0.246606,-0.012789,0.034271,-0.526674,-19.911512,0.051343,6.702210,-0.286560,-0.318015,-0.253559,0.321501,-2.747235,0.124385,2.524030,0.953093
10.227464,0.000000,0.000000,0.000000,0.000000,0.000000,0.000000,0.000000,0.391889,-0.007779,0.149377,0.990581,-0.136456,0.011129,0.002284,0.391889,-0.007779,0.149377,0.990581,-0.136456,0.011129,0.002284,3.140105,-0.022673,-0.273767,0.067105,0.003733,0.016801,-0.011067,-0.246606,-0.012789,0.034271,-0.526674,-19.911512,0.051343,6.702210,-0.286560,-0.318015,-0.253559,0.321501,-2.747235,0.124385,2.524030,0.953093
10.277379,0.000000,0.000000,0.000000,0.000000,0.000000,0.000000,0.000000,0.391889,-0.007779,0.149377,0.990581,-0.136456,0.011129,0.002284,0.391889,-0.007779,0.149377,0.990581,-0.136456,0.011129,0.002284,3.140105,-0.022673,-0.273767,0.067105,0.003733,0.016801,-0.011067,-0.246606,-0.012789,0.034271,-0.526674,-19.911512,0.051343,6.702210,-0.286560,-0.318015,-0.253559,0.321501,-2.747235,0.124385,2.524030,0.953093
10.327576,0.000000,0.000000,0.000000,0.000000,0.000000,0.000000,0.000000,0.391889,-0.007779,0.149377,0.990581,-0.136456,0.011129,0.002284,0.391889,-0.007779,0.149377,0.990581,-0.136456,0.011129,0.002284,3.140105,-0.022673,-0.273767,0.067105,0.003733,0.016801,-0.011067,-0.246606,-0.012789,0.034271,-0.526674,-19.911512,0.051343,6.702210,-0.286560,-0.318015,-0.253559,0.321501,-2.747235,0.124385,2.524030,0.953093
10.377644,0.000000,0.000000,0.000000,0.000000,0.000000,0.000000,0.000000,0.391889,-0.007779,0.149377,0.990581,-0.136456,0.011129,0.002284,0.391889,-0.007779,0.149377,0.990581,-0.136456,0.011129,0.002284,3.140105,-0.022673,-0.273767,0.067105,0.003733,0.016801,-0.011067,-0.246606,-0.012789,0.034271,-0.526674,-19.911512,0.051343,6.702210,-0.286560,-0.318015,-0.253559,0.321501,-2.747235,0.124385,2.524030,0.953093
10.427623,0.000000,0.000000,0.000000,0.000000,0.000000,0.000000,0.000000,0.391889,-0.007779,0.149377,0.990581,-0.136456,0.011129,0.002284,0.391889,-0.007779,0.149377,0.990581,-0.136456,0.011129,0.002284,3.140105,-0.022673,-0.273767,0.067105,0.003733,0.016801,-0.011067,-0.246606,-0.012789,0.034271,-0.526674,-19.911512,0.051343,6.702210,-0.286560,-0.318015,-0.253559,0.321501,-2.747235,0.124385,2.524030,0.953093
10.477639,0.000000,0.000000,0.000000,0.000000,0.000000,0.000000,0.000000,0.391889,-0.007779,0.149377,0.990581,-0.136456,0.011129,0.002284,0.391889,-0.007779,0.149377,0.990581,-0.136456,0.011129,0.002284,3.140105,-0.022673,-0.273767,0.067105,0.003733,0.016801,-0.011067,-0.246606,-0.012789,0.034271,-0.526674,-19.911512,0.051343,6.702210,-0.286560,-0.318015,-0.253559,0.321501,-2.747235,0.124385,2.524030,0.953093
10.528613,0.000000,0.000000,0.000000,0.000000,0.000000,0.000000,0.000000,0.391889,-0.007779,0.149377,0.990581,-0.136456,0.011129,0.002284,0.391889,-0.007779,0.149377,0.990581,-0.136456,0.011129,0.002284,3.140105,-0.022673,-0.273767,0.067105,0.003733,0.016801,-0.011067,-0.246606,-0.012789,0.034271,-0.526674,-19.911512,0.051343,6.702210,-0.286560,-0.318015,-0.253559,0.321501,-2.747235,0.124385,2.524030,0.953093
10.577777,0.000000,0.000000,0.000000,0.000000,0.000000,0.000000,0.000000,0.391889,-0.007779,0.149377,0.990581,-0.136456,0.011129,0.002284,0.391889,-0.007779,0.149377,0.990581,-0.136456,0.011129,0.002284,3.140105,-0.022673,-0.273767,0.067105,0.003733,0.016801,-0.011067,-0.246606,-0.012789,0.034271,-0.526674,-19.911512,0.051343,6.702210,-0.286560,-0.318015,-0.253559,0.321501,-2.747235,0.124385,2.524030,0.953093
10.628346,0.000000,0.000000,0.000000,0.000000,0.000000,0.000000,0.000000,0.391889,-0.007779,0.149377,0.990581,-0.136456,0.011129,0.002284,0.391889,-0.007779,0.149377,0.990581,-0.136456,0.011129,0.002284,3.140105,-0.022673,-0.273767,0.067105,0.003733,0.016801,-0.011067,-0.246606,-0.012789,0.034271,-0.526674,-19.911512,0.051343,6.702210,-0.286560,-0.318015,-0.253559,0.321501,-2.747235,0.124385,2.524030,0.953093
10.678388,0.000000,0.000000,0.000000,0.000000,0.000000,0.000000,0.000000,0.391889,-0.007779,0.149377,0.990581,-0.136456,0.011129,0.002284,0.391889,-0.007779,0.149377,0.990581,-0.136456,0.011129,0.002284,3.140105,-0.022673,-0.273767,0.067105,0.003733,0.016801,-0.011067,-0.246606,-0.012789,0.034271,-0.526674,-19.911512,0.051343,6.702210,-0.286560,-0.318015,-0.253559,0.321501,-2.747235,0.124385,2.524030,0.953093
10.728496,0.000000,0.000000,0.000000,0.000000,0.000000,0.000000,0.000000,0.391889,-0.007779,0.149377,0.990581,-0.136456,0.011129,0.002284,0.391889,-0.007779,0.149377,0.990581,-0.136456,0.011129,0.002284,3.140105,-0.022673,-0.273767,0.067105,0.003733,0.016801,-0.011067,-0.246606,-0.012789,0.034271,-0.526674,-19.911512,0.051343,6.702210,-0.286560,-0.318015,-0.253559,0.321501,-2.747235,0.124385,2.524030,0.953093
10.778481,0.000000,0.000000,0.000000,0.000000,0.000000,0.000000,0.000000,0.391889,-0.007779,0.149377,0.990581,-0.136456,0.011129,0.002284,0.391889,-0.007779,0.149377,0.990581,-0.136456,0.011129,0.002284,3.140105,-0.022673,-0.273767,0.067105,0.003733,0.016801,-0.011067,-0.246606,-0.012789,0.034271,-0.526674,-19.911512,0.051343,6.702210,-0.286560,-0.318015,-0.253559,0.321501,-2.747235,0.124385,2.524030,0.953093
10.828643,0.000000,0.000000,0.000000,0.000000,0.000000,0.000000,0.000000,0.391889,-0.007779,0.149377,0.990581,-0.136456,0.011129,0.002284,0.391889,-0.007779,0.149377,0.990581,-0.136456,0.011129,0.002284,3.140105,-0.022673,-0.273767,0.067105,0.003733,0.016801,-0.011067,-0.246606,-0.012789,0.034271,-0.526674,-19.911512,0.051343,6.702210,-0.286560,-0.318015,-0.253559,0.321501,-2.747235,0.124385,2.524030,0.953093
10.878655,0.000000,0.000000,0.000000,0.000000,0.000000,0.000000,0.000000,0.391889,-0.007779,0.149377,0.990581,-0.136456,0.011129,0.002284,0.391889,-0.007779,0.149377,0.990581,-0.136456,0.011129,0.002284,3.140105,-0.022673,-0.273767,0.067105,0.003733,0.016801,-0.011067,-0.246606,-0.012789,0.034271,-0.526674,-19.911512,0.051343,6.702210,-0.286560,-0.318015,-0.253559,0.321501,-2.747235,0.124385,2.524030,0.953093
10.928680,0.000000,0.000000,0.000000,0.000000,0.000000,0.000000,0.000000,0.391889,-0.007779,0.149377,0.990581,-0.136456,0.011129,0.002284,0.391889,-0.007779,0.149377,0.990581,-0.136456,0.011129,0.002284,3.140105,-0.022673,-0.273767,0.067105,0.003733,0.016801,-0.011067,-0.246606,-0.012789,0.034271,-0.526674,-19.911512,0.051343,6.702210,-0.286560,-0.318015,-0.253559,0.321501,-2.747235,0.124385,2.524030,0.953093
10.978639,0.000000,0.000000,0.000000,0.000000,0.000000,0.000000,0.000000,0.391889,-0.007779,0.149377,0.990581,-0.136456,0.011129,0.002284,0.391889,-0.007779,0.149377,0.990581,-0.136456,0.011129,0.002284,3.140105,-0.022673,-0.273767,0.067105,0.003733,0.016801,-0.011067,-0.246606,-0.012789,0.034271,-0.526674,-19.911512,0.051343,6.702210,-0.286560,-0.318015,-0.253559,0.321501,-2.747235,0.124385,2.524030,0.953093
11.029440,0.000000,0.000000,0.000000,0.000000,0.000000,0.000000,0.000000,0.391889,-0.007779,0.149377,0.990581,-0.136456,0.011129,0.002284,0.391889,-0.007779,0.149377,0.990581,-0.136456,0.011129,0.002284,3.140105,-0.022673,-0.273767,0.067105,0.003733,0.016801,-0.011067,-0.246606,-0.012789,0.034271,-0.526674,-19.911512,0.051343,6.702210,-0.286560,-0.318015,-0.253559,0.321501,-2.747235,0.124385,2.524030,0.953093
11.079492,0.000000,0.000000,0.000000,0.000000,0.000000,0.000000,0.000000,0.391889,-0.007779,0.149377,0.990581,-0.136456,0.011129,0.002284,0.391889,-0.007779,0.149377,0.990581,-0.136456,0.011129,0.002284,3.140105,-0.022673,-0.273767,0.067105,0.003733,0.016801,-0.011067,-0.246606,-0.012789,0.034271,-0.526674,-19.911512,0.051343,6.702210,-0.286560,-0.318015,-0.253559,0.321501,-2.747235,0.124385,2.524030,0.953093
11.128772,0.000000,0.000000,0.000000,0.000000,0.000000,0.000000,0.000000,0.391889,-0.007779,0.149377,0.990581,-0.136456,0.011129,0.002284,0.391889,-0.007779,0.149377,0.990581,-0.136456,0.011129,0.002284,3.140105,-0.022673,-0.273767,0.067105,0.003733,0.016801,-0.011067,-0.246606,-0.012789,0.034271,-0.526674,-19.911512,0.051343,6.702210,-0.286560,-0.318015,-0.253559,0.321501,-2.747235,0.124385,2.524030,0.953093
11.179488,0.000000,0.000000,0.000000,0.000000,0.000000,0.000000,0.000000,0.391889,-0.007779,0.149377,0.990581,-0.136456,0.011129,0.002284,0.391889,-0.007779,0.149377,0.990581,-0.136456,0.011129,0.002284,3.140105,-0.022673,-0.273767,0.067105,0.003733,0.016801,-0.011067,-0.246606,-0.012789,0.034271,-0.526674,-19.911512,0.051343,6.702210,-0.286560,-0.318015,-0.253559,0.321501,-2.747235,0.124385,2.524030,0.953093
11.230439,0.000000,0.000000,0.000000,0.000000,0.000000,0.000000,0.000000,0.391889,-0.007779,0.149377,0.990581,-0.136456,0.011129,0.002284,0.391889,-0.007779,0.149377,0.990581,-0.136456,0.011129,0.002284,3.140105,-0.022673,-0.273767,0.067105,0.003733,0.016801,-0.011067,-0.246606,-0.012789,0.034271,-0.526674,-19.911512,0.051343,6.702210,-0.286560,-0.318015,-0.253559,0.321501,-2.747235,0.124385,2.524030,0.953093
11.279635,0.000000,0.000000,0.000000,0.000000,0.000000,0.000000,0.000000,0.391889,-0.007779,0.149377,0.990581,-0.136456,0.011129,0.002284,0.391889,-0.007779,0.149377,0.990581,-0.136456,0.011129,0.002284,3.140105,-0.022673,-0.273767,0.067105,0.003733,0.016801,-0.011067,-0.246606,-0.012789,0.034271,-0.526674,-19.911512,0.051343,6.702210,-0.286560,-0.318015,-0.253559,0.321501,-2.747235,0.124385,2.524030,0.953093
11.329645,0.000000,0.000000,0.000000,0.000000,0.000000,0.000000,0.000000,0.391889,-0.007779,0.149377,0.990581,-0.136456,0.011129,0.002284,0.391889,-0.007779,0.149377,0.990581,-0.136456,0.011129,0.002284,3.140105,-0.022673,-0.273767,0.067105,0.003733,0.016801,-0.011067,-0.246606,-0.012789,0.034271,-0.526674,-19.911512,0.051343,6.702210,-0.286560,-0.318015,-0.253559,0.321501,-2.747235,0.124385,2.524030,0.953093
11.379798,0.000000,0.000000,0.000000,0.000000,0.000000,0.000000,0.000000,0.391889,-0.007779,0.149377,0.990581,-0.136456,0.011129,0.002284,0.391889,-0.007779,0.149377,0.990581,-0.136456,0.011129,0.002284,3.140105,-0.022673,-0.273767,0.067105,0.003733,0.016801,-0.011067,-0.246606,-0.012789,0.034271,-0.526674,-19.911512,0.051343,6.702210,-0.286560,-0.318015,-0.253559,0.321501,-2.747235,0.124385,2.524030,0.953093
11.430421,0.000000,0.000000,0.000000,0.000000,0.000000,0.000000,0.000000,0.391889,-0.007779,0.149377,0.990581,-0.136456,0.011129,0.002284,0.391889,-0.007779,0.149377,0.990581,-0.136456,0.011129,0.002284,3.140105,-0.022673,-0.273767,0.067105,0.003733,0.016801,-0.011067,-0.246606,-0.012789,0.034271,-0.526674,-19.911512,0.051343,6.702210,-0.286560,-0.318015,-0.253559,0.321501,-2.747235,0.124385,2.524030,0.953093
11.480441,0.000000,0.000000,0.000000,0.000000,0.000000,0.000000,0.000000,0.391889,-0.007779,0.149377,0.990581,-0.136456,0.011129,0.002284,0.391889,-0.007779,0.149377,0.990581,-0.136456,0.011129,0.002284,3.140105,-0.022673,-0.273767,0.067105,0.003733,0.016801,-0.011067,-0.246606,-0.012789,0.034271,-0.526674,-19.911512,0.051343,6.702210,-0.286560,-0.318015,-0.253559,0.321501,-2.747235,0.124385,2.524030,0.953093
11.530423,0.000000,0.000000,0.000000,0.000000,0.000000,0.000000,0.000000,0.391889,-0.007779,0.149377,0.990581,-0.136456,0.011129,0.002284,0.391889,-0.007779,0.149377,0.990581,-0.136456,0.011129,0.002284,3.140105,-0.022673,-0.273767,0.067105,0.003733,0.016801,-0.011067,-0.246606,-0.012789,0.034271,-0.526674,-19.911512,0.051343,6.702210,-0.286560,-0.318015,-0.253559,0.321501,-2.747235,0.124385,2.524030,0.953093
11.580509,0.000000,0.000000,0.000000,0.000000,0.000000,0.000000,0.000000,0.391889,-0.007779,0.149377,0.990581,-0.136456,0.011129,0.002284,0.391889,-0.007779,0.149377,0.990581,-0.136456,0.011129,0.002284,3.140105,-0.022673,-0.273767,0.067105,0.003733,0.016801,-0.011067,-0.246606,-0.012789,0.034271,-0.526674,-19.911512,0.051343,6.702210,-0.286560,-0.318015,-0.253559,0.321501,-2.747235,0.124385,2.524030,0.953093
11.630503,0.000000,0.000000,0.000000,0.000000,0.000000,0.000000,0.000000,0.391889,-0.007779,0.149377,0.990581,-0.136456,0.011129,0.002284,0.391889,-0.007779,0.149377,0.990581,-0.136456,0.011129,0.002284,3.140105,-0.022673,-0.273767,0.067105,0.003733,0.016801,-0.011067,-0.246606,-0.012789,0.034271,-0.526674,-19.911512,0.051343,6.702210,-0.286560,-0.318015,-0.253559,0.321501,-2.747235,0.124385,2.524030,0.953093
11.680668,0.000000,0.000000,0.000000,0.000000,0.000000,0.000000,0.000000,0.391889,-0.007779,0.149377,0.990581,-0.136456,0.011129,0.002284,0.391889,-0.007779,0.149377,0.990581,-0.136456,0.011129,0.002284,3.140105,-0.022673,-0.273767,0.067105,0.003733,0.016801,-0.011067,-0.246606,-0.012789,0.034271,-0.526674,-19.911512,0.051343,6.702210,-0.286560,-0.318015,-0.253559,0.321501,-2.747235,0.124385,2.524030,0.953093
11.730658,0.000000,0.000000,0.000000,0.000000,0.000000,0.000000,0.000000,0.391889,-0.007779,0.149377,0.990581,-0.136456,0.011129,0.002284,0.391889,-0.007779,0.149377,0.990581,-0.136456,0.011129,0.002284,3.140105,-0.022673,-0.273767,0.067105,0.003733,0.016801,-0.011067,-0.246606,-0.012789,0.034271,-0.526674,-19.911512,0.051343,6.702210,-0.286560,-0.318015,-0.253559,0.321501,-2.747235,0.124385,2.524030,0.953093
11.780662,0.000000,0.000000,0.000000,0.000000,0.000000,0.000000,0.000000,0.391889,-0.007779,0.149377,0.990581,-0.136456,0.011129,0.002284,0.391889,-0.007779,0.149377,0.990581,-0.136456,0.011129,0.002284,3.140105,-0.022673,-0.273767,0.067105,0.003733,0.016801,-0.011067,-0.246606,-0.012789,0.034271,-0.526674,-19.911512,0.051343,6.702210,-0.286560,-0.318015,-0.253559,0.321501,-2.747235,0.124385,2.524030,0.953093
11.830705,0.000000,0.000000,0.000000,0.000000,0.000000,0.000000,0.000000,0.391889,-0.007779,0.149377,0.990581,-0.136456,0.011129,0.002284,0.391889,-0.007779,0.149377,0.990581,-0.136456,0.011129,0.002284,3.140105,-0.022673,-0.273767,0.067105,0.003733,0.016801,-0.011067,-0.246606,-0.012789,0.034271,-0.526674,-19.911512,0.051343,6.702210,-0.286560,-0.318015,-0.253559,0.321501,-2.747235,0.124385,2.524030,0.953093
11.881460,0.000000,0.000000,0.000000,0.000000,0.000000,0.000000,0.000000,0.391889,-0.007779,0.149377,0.990581,-0.136456,0.011129,0.002284,0.391889,-0.007779,0.149377,0.990581,-0.136456,0.011129,0.002284,3.140105,-0.022673,-0.273767,0.067105,0.003733,0.016801,-0.011067,-0.246606,-0.012789,0.034271,-0.526674,-19.911512,0.051343,6.702210,-0.286560,-0.318015,-0.253559,0.321501,-2.747235,0.124385,2.524030,0.953093
11.931545,0.000000,0.000000,0.000000,0.000000,0.000000,0.000000,0.000000,0.391889,-0.007779,0.149377,0.990581,-0.136456,0.011129,0.002284,0.391889,-0.007779,0.149377,0.990581,-0.136456,0.011129,0.002284,3.140105,-0.022673,-0.273767,0.067105,0.003733,0.016801,-0.011067,-0.246606,-0.012789,0.034271,-0.526674,-19.911512,0.051343,6.702210,-0.286560,-0.318015,-0.253559,0.321501,-2.747235,0.124385,2.524030,0.953093
11.981687,0.000000,0.000000,0.000000,0.000000,0.000000,0.000000,0.000000,0.391889,-0.007779,0.149377,0.990581,-0.136456,0.011129,0.002284,0.391889,-0.007779,0.149377,0.990581,-0.136456,0.011129,0.002284,3.140105,-0.022673,-0.273767,0.067105,0.003733,0.016801,-0.011067,-0.246606,-0.012789,0.034271,-0.526674,-19.911512,0.051343,6.702210,-0.286560,-0.318015,-0.253559,0.321501,-2.747235,0.124385,2.524030,0.953093
12.031666,0.000000,0.000000,0.000000,0.000000,0.000000,0.000000,0.000000,0.391889,-0.007779,0.149377,0.990581,-0.136456,0.011129,0.002284,0.391889,-0.007779,0.149377,0.990581,-0.136456,0.011129,0.002284,3.140105,-0.022673,-0.273767,0.067105,0.003733,0.016801,-0.011067,-0.246606,-0.012789,0.034271,-0.526674,-19.911512,0.051343,6.702210,-0.286560,-0.318015,-0.253559,0.321501,-2.747235,0.124385,2.524030,0.953093
12.081637,0.000000,0.000000,0.000000,0.000000,0.000000,0.000000,0.000000,0.391889,-0.007779,0.149377,0.990581,-0.136456,0.011129,0.002284,0.391889,-0.007779,0.149377,0.990581,-0.136456,0.011129,0.002284,3.140105,-0.022673,-0.273767,0.067105,0.003733,0.016801,-0.011067,-0.246606,-0.012789,0.034271,-0.526674,-19.911512,0.051343,6.702210,-0.286560,-0.318015,-0.253559,0.321501,-2.747235,0.124385,2.524030,0.953093
12.131721,0.000000,0.000000,0.000000,0.000000,0.000000,0.000000,0.000000,0.391889,-0.007779,0.149377,0.990581,-0.136456,0.011129,0.002284,0.391889,-0.007779,0.149377,0.990581,-0.136456,0.011129,0.002284,3.140105,-0.022673,-0.273767,0.067105,0.003733,0.016801,-0.011067,-0.246606,-0.012789,0.034271,-0.526674,-19.911512,0.051343,6.702210,-0.286560,-0.318015,-0.253559,0.321501,-2.747235,0.124385,2.524030,0.953093
12.182639,0.000000,0.000000,0.000000,0.000000,0.000000,0.000000,0.000000,0.391889,-0.007779,0.149377,0.990581,-0.136456,0.011129,0.002284,0.391889,-0.007779,0.149377,0.990581,-0.136456,0.011129,0.002284,3.140105,-0.022673,-0.273767,0.067105,0.003733,0.016801,-0.011067,-0.246606,-0.012789,0.034271,-0.526674,-19.911512,0.051343,6.702210,-0.286560,-0.318015,-0.253559,0.321501,-2.747235,0.124385,2.524030,0.953093
12.235676,0.000000,0.000000,0.000000,0.000000,0.000000,0.000000,0.000000,0.391889,-0.007779,0.149377,0.990581,-0.136456,0.011129,0.002284,0.391889,-0.007779,0.149377,0.990581,-0.136456,0.011129,0.002284,3.140105,-0.022673,-0.273767,0.067105,0.003733,0.016801,-0.011067,-0.246606,-0.012789,0.034271,-0.526674,-19.911512,0.051343,6.702210,-0.286560,-0.318015,-0.253559,0.321501,-2.747235,0.124385,2.524030,0.953093
12.290649,0.000000,0.000000,0.000000,0.000000,0.000000,0.000000,0.000000,0.391889,-0.007779,0.149377,0.990581,-0.136456,0.011129,0.002284,0.391889,-0.007779,0.149377,0.990581,-0.136456,0.011129,0.002284,3.140105,-0.022673,-0.273767,0.067105,0.003733,0.016801,-0.011067,-0.246606,-0.012789,0.034271,-0.526674,-19.911512,0.051343,6.702210,-0.286560,-0.318015,-0.253559,0.321501,-2.747235,0.124385,2.524030,0.953093
12.332667,0.000000,0.000000,0.000000,0.000000,0.000000,0.000000,0.000000,0.391889,-0.007779,0.149377,0.990581,-0.136456,0.011129,0.002284,0.391889,-0.007779,0.149377,0.990581,-0.136456,0.011129,0.002284,3.140105,-0.022673,-0.273767,0.067105,0.003733,0.016801,-0.011067,-0.246606,-0.012789,0.034271,-0.526674,-19.911512,0.051343,6.702210,-0.286560,-0.318015,-0.253559,0.321501,-2.747235,0.124385,2.524030,0.953093
12.383164,0.000000,0.000000,0.000000,0.000000,0.000000,0.000000,0.000000,0.391889,-0.007779,0.149377,0.990581,-0.136456,0.011129,0.002284,0.391889,-0.007779,0.149377,0.990581,-0.136456,0.011129,0.002284,3.140105,-0.022673,-0.273767,0.067105,0.003733,0.016801,-0.011067,-0.246606,-0.012789,0.034271,-0.526674,-19.911512,0.051343,6.702210,-0.286560,-0.318015,-0.253559,0.321501,-2.747235,0.124385,2.524030,0.953093
12.433086,0.000000,0.000000,0.000000,0.000000,0.000000,0.000000,0.000000,0.391889,-0.007779,0.149377,0.990581,-0.136456,0.011129,0.002284,0.391889,-0.007779,0.149377,0.990581,-0.136456,0.011129,0.002284,3.140105,-0.022673,-0.273767,0.067105,0.003733,0.016801,-0.011067,-0.246606,-0.012789,0.034271,-0.526674,-19.911512,0.051343,6.702210,-0.286560,-0.318015,-0.253559,0.321501,-2.747235,0.124385,2.524030,0.953093
12.483291,0.000000,0.000000,0.000000,0.000000,0.000000,0.000000,0.000000,0.391889,-0.007779,0.149377,0.990581,-0.136456,0.011129,0.002284,0.391889,-0.007779,0.149377,0.990581,-0.136456,0.011129,0.002284,3.140105,-0.022673,-0.273767,0.067105,0.003733,0.016801,-0.011067,-0.246606,-0.012789,0.034271,-0.526674,-19.911512,0.051343,6.702210,-0.286560,-0.318015,-0.253559,0.321501,-2.747235,0.124385,2.524030,0.953093
12.533294,0.000000,0.000000,0.000000,0.000000,0.000000,0.000000,0.000000,0.391889,-0.007779,0.149377,0.990581,-0.136456,0.011129,0.002284,0.391889,-0.007779,0.149377,0.990581,-0.136456,0.011129,0.002284,3.140105,-0.022673,-0.273767,0.067105,0.003733,0.016801,-0.011067,-0.246606,-0.012789,0.034271,-0.526674,-19.911512,0.051343,6.702210,-0.286560,-0.318015,-0.253559,0.321501,-2.747235,0.124385,2.524030,0.953093
12.583591,0.000000,0.000000,0.000000,0.000000,0.000000,0.000000,0.000000,0.391889,-0.007779,0.149377,0.990581,-0.136456,0.011129,0.002284,0.391889,-0.007779,0.149377,0.990581,-0.136456,0.011129,0.002284,3.140105,-0.022673,-0.273767,0.067105,0.003733,0.016801,-0.011067,-0.246606,-0.012789,0.034271,-0.526674,-19.911512,0.051343,6.702210,-0.286560,-0.318015,-0.253559,0.321501,-2.747235,0.124385,2.524030,0.953093
12.633901,0.000000,0.000000,0.000000,0.000000,0.000000,0.000000,0.000000,0.391889,-0.007779,0.149377,0.990581,-0.136456,0.011129,0.002284,0.391889,-0.007779,0.149377,0.990581,-0.136456,0.011129,0.002284,3.140105,-0.022673,-0.273767,0.067105,0.003733,0.016801,-0.011067,-0.246606,-0.012789,0.034271,-0.526674,-19.911512,0.051343,6.702210,-0.286560,-0.318015,-0.253559,0.321501,-2.747235,0.124385,2.524030,0.953093
12.684070,0.000000,0.000000,0.000000,0.000000,0.000000,0.000000,0.000000,0.391889,-0.007779,0.149377,0.990581,-0.136456,0.011129,0.002284,0.391889,-0.007779,0.149377,0.990581,-0.136456,0.011129,0.002284,3.140105,-0.022673,-0.273767,0.067105,0.003733,0.016801,-0.011067,-0.246606,-0.012789,0.034271,-0.526674,-19.911512,0.051343,6.702210,-0.286560,-0.318015,-0.253559,0.321501,-2.747235,0.124385,2.524030,0.953093
12.734357,0.000000,0.000000,0.000000,0.000000,0.000000,0.000000,0.000000,0.391889,-0.007779,0.149377,0.990581,-0.136456,0.011129,0.002284,0.391889,-0.007779,0.149377,0.990581,-0.136456,0.011129,0.002284,3.140105,-0.022673,-0.273767,0.067105,0.003733,0.016801,-0.011067,-0.246606,-0.012789,0.034271,-0.526674,-19.911512,0.051343,6.702210,-0.286560,-0.318015,-0.253559,0.321501,-2.747235,0.124385,2.524030,0.953093
12.784485,0.000000,0.000000,0.000000,0.000000,0.000000,0.000000,0.000000,0.391889,-0.007779,0.149377,0.990581,-0.136456,0.011129,0.002284,0.391889,-0.007779,0.149377,0.990581,-0.136456,0.011129,0.002284,3.140105,-0.022673,-0.273767,0.067105,0.003733,0.016801,-0.011067,-0.246606,-0.012789,0.034271,-0.526674,-19.911512,0.051343,6.702210,-0.286560,-0.318015,-0.253559,0.321501,-2.747235,0.124385,2.524030,0.953093
