step,ep,r1,l1,raw_ly,raw_lx,raw_r2,raw_l2,r2_ready,l2_ready,act0,act1,act2,contact,progress,paused,shielded,cmd_z,meas_x,meas_y,meas_z
0,0,0,0,0.000,0.000,0.000,0.000,0,0,0.000,0.000,0.000,1,0.000,1,1,0.0612,0.2476,-0.0062,0.0605
1,0,0,0,0.000,0.000,0.000,0.000,0,0,0.000,0.000,0.000,1,0.000,1,1,0.0612,0.2473,-0.0071,0.0600
2,0,0,0,0.000,0.000,0.000,0.000,0,0,0.000,0.000,0.000,1,0.000,1,1,0.0612,0.2473,-0.0079,0.0598
3,0,0,0,0.000,0.000,0.000,0.000,0,0,0.000,0.000,0.000,1,0.000,1,1,0.0612,0.2472,-0.0087,0.0599
4,0,0,0,0.000,0.000,0.000,0.000,0,0,0.000,0.000,0.000,1,0.000,1,1,0.0612,0.2470,-0.0094,0.0600
5,0,0,0,0.000,0.000,0.000,0.000,0,0,0.000,0.000,0.000,1,0.000,1,1,0.0612,0.2468,-0.0102,0.0601
6,0,0,0,0.000,0.000,0.000,0.000,0,0,0.000,0.000,0.000,1,0.000,1,1,0.0612,0.2466,-0.0109,0.0601
7,0,0,0,0.000,0.000,0.000,0.000,0,0,0.000,0.000,0.000,1,0.000,1,1,0.0612,0.2464,-0.0116,0.0602
8,0,0,0,0.000,0.000,0.000,0.000,0,0,0.000,0.000,0.000,1,0.000,1,1,0.0612,0.2461,-0.0124,0.0602
9,0,0,0,0.000,0.000,0.000,0.000,0,0,0.000,0.000,0.000,1,0.000,1,1,0.0612,0.2458,-0.0131,0.0602
10,0,0,0,0.000,0.000,0.000,0.000,0,0,0.000,0.000,0.000,1,0.000,1,1,0.0612,0.2456,-0.0138,0.0602
11,0,0,0,0.000,0.000,0.000,0.000,0,0,0.000,0.000,0.000,1,0.000,1,1,0.0612,0.2454,-0.0145,0.0602
12,0,0,0,0.000,0.000,0.000,0.000,0,0,0.000,0.000,0.000,1,0.000,1,1,0.0612,0.2451,-0.0153,0.0602
13,0,0,0,0.000,0.000,0.000,0.000,0,0,0.000,0.000,0.000,1,0.000,1,1,0.0612,0.2449,-0.0161,0.0602
14,0,0,0,0.000,0.000,0.000,0.000,0,0,0.000,0.000,0.000,1,0.000,1,1,0.0612,0.2446,-0.0168,0.0602
15,0,0,0,0.000,0.000,0.000,0.000,0,0,0.000,0.000,0.000,1,0.000,1,1,0.0612,0.2443,-0.0177,0.0602
16,0,0,0,0.000,0.000,0.000,0.000,0,0,0.000,0.000,0.000,1,0.000,1,1,0.0612,0.2440,-0.0185,0.0603
17,0,0,0,0.000,0.000,0.000,0.000,0,0,0.000,0.000,0.000,1,0.000,1,1,0.0612,0.2436,-0.0194,0.0603
18,0,0,0,0.000,0.000,0.000,0.000,0,0,0.000,0.000,0.000,1,0.000,1,1,0.0612,0.2433,-0.0203,0.0603
19,0,0,0,0.000,0.000,0.000,0.000,0,0,0.000,0.000,0.000,1,0.000,1,1,0.0612,0.2430,-0.0212,0.0603
20,0,0,0,0.000,0.000,0.000,0.000,0,0,0.000,0.000,0.000,1,0.000,1,1,0.0612,0.2426,-0.0222,0.0603
21,0,0,0,0.000,0.000,0.000,0.000,0,0,0.000,0.000,0.000,1,0.000,1,1,0.0612,0.2409,-0.0231,0.0601
22,0,0,0,0.000,0.000,0.000,0.000,0,0,0.000,0.000,0.000,1,0.000,1,1,0.0612,0.2392,-0.0241,0.0596
23,0,0,0,0.000,0.000,0.000,0.000,0,0,0.000,0.000,0.000,1,0.000,1,1,0.0612,0.2376,-0.0252,0.0594
24,0,0,0,0.000,0.000,0.000,0.000,0,0,0.000,0.000,0.000,1,0.000,1,1,0.0612,0.2361,-0.0263,0.0594
25,0,0,0,0.000,0.000,0.000,0.000,0,0,0.000,0.000,0.000,1,0.000,1,1,0.0612,0.2344,-0.0273,0.0591
26,0,0,0,0.000,0.000,0.000,0.000,0,0,0.000,0.000,0.000,1,0.000,1,1,0.0612,0.2328,-0.0281,0.0585
27,0,0,0,0.000,0.000,0.000,0.000,0,0,0.000,0.000,0.000,1,0.000,1,1,0.0612,0.2311,-0.0291,0.0578
28,0,0,0,0.000,0.000,0.000,0.000,0,0,0.000,0.000,0.000,1,0.000,1,1,0.0612,0.2295,-0.0300,0.0571
29,0,0,0,0.000,0.000,0.000,0.000,0,0,0.000,0.000,0.000,1,0.000,1,1,0.0612,0.2278,-0.0310,0.0563
30,0,0,0,0.000,0.000,0.000,0.000,0,0,0.000,0.000,0.000,1,0.000,1,1,0.0612,0.2262,-0.0318,0.0556
31,0,0,0,0.000,0.000,0.000,0.000,0,0,0.000,0.000,0.000,1,0.000,1,1,0.0612,0.2245,-0.0327,0.0549
32,0,0,0,0.000,-0.047,0.000,0.000,0,0,0.000,0.000,0.000,1,0.000,1,1,0.0612,0.2228,-0.0337,0.0541
33,0,0,0,0.000,-0.047,0.000,0.000,0,0,0.000,0.000,0.000,1,0.000,1,1,0.0612,0.2212,-0.0345,0.0534
34,0,0,0,0.000,-0.047,0.000,0.000,0,0,0.000,0.000,0.000,1,0.000,1,1,0.0612,0.2195,-0.0355,0.0527
35,0,0,0,0.000,-0.047,0.000,0.000,0,0,0.000,0.000,0.000,1,0.000,1,1,0.0612,0.2179,-0.0364,0.0519
36,0,0,0,0.000,-0.047,0.000,0.000,0,0,0.000,0.000,0.000,1,0.000,1,1,0.0612,0.2161,-0.0373,0.0511
37,0,0,0,0.000,-0.047,0.000,0.000,0,0,0.000,0.000,0.000,1,0.000,1,1,0.0612,0.2146,-0.0382,0.0504
38,0,0,0,0.000,-0.047,0.000,0.000,0,0,0.000,0.000,0.000,1,0.000,1,1,0.0612,0.2129,-0.0391,0.0497
39,0,0,0,0.000,-0.047,0.000,0.000,0,0,0.000,0.000,0.000,1,0.000,1,1,0.0612,0.2117,-0.0400,0.0491
40,0,0,0,0.000,-0.047,0.000,0.000,0,0,0.000,0.000,0.000,1,0.000,1,1,0.0612,0.2112,-0.0408,0.0489
41,0,0,0,0.000,-0.047,0.000,0.000,0,0,0.000,0.000,0.000,1,0.000,1,1,0.0612,0.2108,-0.0415,0.0493
42,0,0,0,0.000,-0.047,0.000,0.000,0,0,0.000,0.000,0.000,1,0.000,1,1,0.0612,0.2100,-0.0420,0.0494
43,0,0,0,0.000,-0.047,0.000,0.000,0,0,0.000,0.000,0.000,1,0.000,1,1,0.0612,0.2094,-0.0422,0.0493
44,0,0,0,0.000,-0.047,0.000,0.000,0,0,0.000,0.000,0.000,1,0.000,1,1,0.0612,0.2088,-0.0426,0.0493
45,0,0,0,0.000,-0.047,0.000,0.000,0,0,0.000,0.000,0.000,1,0.000,1,1,0.0612,0.2082,-0.0433,0.0492
46,0,0,0,0.000,-0.047,0.000,0.000,0,0,0.000,0.000,0.000,1,0.000,1,1,0.0612,0.2078,-0.0439,0.0491
47,0,0,0,0.000,-0.047,0.000,0.000,0,0,0.000,0.000,0.000,1,0.000,1,1,0.0612,0.2073,-0.0445,0.0489
48,0,0,0,0.000,-0.047,0.000,0.000,0,0,0.000,0.000,0.000,1,0.000,1,1,0.0612,0.2068,-0.0452,0.0488
49,0,0,0,0.000,-0.047,0.000,0.000,0,0,0.000,0.000,0.000,1,0.000,1,1,0.0612,0.2064,-0.0458,0.0487
50,0,0,0,0.000,-0.047,0.000,0.000,0,0,0.000,0.000,0.000,1,0.000,1,1,0.0612,0.2059,-0.0464,0.0487
51,0,0,0,0.000,-0.047,0.000,0.000,0,0,0.000,0.000,0.000,1,0.000,1,1,0.0612,0.2055,-0.0470,0.0486
52,0,1,0,0.000,-0.047,0.000,0.000,0,0,-0.000,0.000,0.000,0,0.333,0,0,0.0600,0.2075,-0.0453,0.0488
53,0,1,0,0.000,-0.047,0.000,0.000,0,0,-0.000,0.000,0.000,0,0.667,0,0,0.0588,0.2090,-0.0440,0.0487
54,0,1,0,0.000,0.142,0.000,0.000,0,0,-0.000,0.000,0.000,0,1.000,0,0,0.0576,0.2103,-0.0425,0.0487
55,0,1,0,-0.142,0.992,0.000,0.000,0,0,-0.000,0.989,0.000,0,1.000,0,0,0.0576,0.2111,-0.0416,0.0490
56,0,1,0,-0.228,1.000,0.000,0.000,0,0,-0.000,1.000,0.000,0,1.000,0,0,0.0576,0.2115,-0.0408,0.0494
57,0,1,0,-0.717,0.772,0.000,0.000,0,0,0.622,0.696,0.000,0,1.000,0,0,0.0576,0.2135,-0.0393,0.0497
58,0,1,0,-0.843,0.165,0.000,0.000,0,0,0.790,0.000,0.000,0,1.000,0,0,0.0576,0.2145,-0.0382,0.0495
59,0,1,0,-1.000,-0.039,0.000,0.000,0,0,1.000,0.000,0.000,0,1.000,0,0,0.0576,0.2163,-0.0369,0.0495
60,0,1,0,-1.000,-0.039,0.000,0.000,0,0,1.000,0.000,0.000,0,1.000,0,0,0.0576,0.2175,-0.0360,0.0494
61,0,1,0,-1.000,-0.039,0.000,0.000,0,0,1.000,0.000,0.000,0,1.000,0,0,0.0576,0.2194,-0.0348,0.0493
62,0,1,0,-0.024,-0.032,0.000,0.000,0,0,-0.000,0.000,0.000,0,1.000,0,0,0.0576,0.2208,-0.0339,0.0492
63,0,1,0,0.016,-0.032,0.000,0.000,0,0,-0.000,0.000,0.000,0,1.000,0,0,0.0576,0.2223,-0.0330,0.0491
64,0,1,0,0.016,-0.032,0.000,0.000,0,0,-0.000,0.000,0.000,0,1.000,0,0,0.0576,0.2237,-0.0321,0.0491
65,0,1,0,0.000,-0.032,0.000,0.000,0,0,-0.000,0.000,0.000,0,1.000,0,0,0.0576,0.2250,-0.0315,0.0494
66,0,1,0,-0.008,-0.032,0.000,0.000,0,0,-0.000,0.000,0.000,0,1.000,0,0,0.0576,0.2263,-0.0310,0.0498
67,0,1,0,-0.008,-0.032,0.000,0.000,0,0,-0.000,0.000,0.000,0,1.000,0,0,0.0576,0.2273,-0.0306,0.0502
68,0,1,0,-0.008,-0.032,0.000,0.000,0,0,-0.000,0.000,0.000,0,1.000,0,0,0.0576,0.2285,-0.0302,0.0507
69,0,1,0,0.016,-0.055,0.000,0.000,0,0,-0.000,0.000,0.000,0,1.000,0,0,0.0576,0.2296,-0.0298,0.0513
70,0,1,0,0.024,-0.063,0.000,0.000,0,0,-0.000,0.000,0.000,0,1.000,0,0,0.0576,0.2307,-0.0294,0.0518
71,0,1,0,0.016,-0.063,0.000,0.000,0,0,-0.000,0.000,0.000,0,1.000,0,0,0.0576,0.2316,-0.0291,0.0522
72,0,1,0,0.024,-0.063,0.000,0.000,0,0,-0.000,0.000,0.000,0,1.000,0,0,0.0576,0.2327,-0.0287,0.0528
73,0,1,0,0.016,-0.063,0.000,0.000,0,0,-0.000,0.000,0.000,0,1.000,0,0,0.0576,0.2336,-0.0284,0.0532
74,0,1,0,-0.032,-0.008,0.000,0.000,0,0,-0.000,0.000,0.000,0,1.000,0,0,0.0576,0.2345,-0.0280,0.0537
75,0,1,0,-0.032,-0.008,0.000,0.000,0,0,-0.000,0.000,0.000,0,1.000,0,0,0.0576,0.2352,-0.0277,0.0541
76,0,1,0,-0.024,-0.008,0.000,0.000,0,0,-0.000,0.000,0.000,0,1.000,0,0,0.0576,0.2361,-0.0274,0.0545
77,0,1,0,-0.039,0.008,0.000,0.000,0,0,-0.000,0.000,0.000,0,1.000,0,0,0.0576,0.2369,-0.0270,0.0549
78,0,1,0,-0.032,0.008,0.000,0.000,0,0,-0.000,0.000,0.000,0,1.000,0,0,0.0576,0.2377,-0.0267,0.0553
79,0,1,0,-0.024,-0.016,0.000,0.000,0,0,-0.000,0.000,0.000,0,1.000,0,0,0.0576,0.2383,-0.0264,0.0556
80,0,1,0,-0.032,-0.016,0.000,0.000,0,0,-0.000,0.000,0.000,0,1.000,0,0,0.0576,0.2391,-0.0261,0.0560
81,0,1,0,-0.032,-0.024,0.000,0.000,0,0,-0.000,0.000,0.000,0,1.000,0,0,0.0576,0.2398,-0.0258,0.0563
82,0,1,0,-0.016,-0.032,0.000,0.000,0,0,-0.000,0.000,0.000,0,1.000,0,0,0.0576,0.2405,-0.0255,0.0566
83,0,1,0,-0.016,-0.071,0.000,0.000,0,0,-0.000,0.000,0.000,0,1.000,0,0,0.0576,0.2411,-0.0252,0.0569
84,0,1,0,-0.016,-0.102,0.000,0.000,0,0,-0.000,0.000,0.000,0,1.000,0,0,0.0576,0.2417,-0.0249,0.0572
85,0,1,0,-0.016,-0.102,0.000,0.000,0,0,-0.000,0.000,0.000,0,1.000,0,0,0.0576,0.2423,-0.0246,0.0575
86,0,1,0,-0.016,-0.102,0.000,0.000,0,0,-0.000,0.000,0.000,0,1.000,0,0,0.0576,0.2429,-0.0243,0.0577
87,0,1,0,-0.016,-0.102,0.000,0.000,0,0,-0.000,0.000,0.000,0,1.000,0,0,0.0576,0.2435,-0.0241,0.0580
88,0,1,0,-0.016,-0.102,0.000,0.000,0,0,-0.000,0.000,0.000,0,1.000,0,0,0.0576,0.2441,-0.0235,0.0585
89,0,1,0,0.000,-0.063,0.000,0.000,0,0,-0.000,0.000,0.000,0,1.000,0,0,0.0576,0.2445,-0.0233,0.0585
90,0,0,0,0.000,-0.055,0.000,0.000,0,0,0.000,0.000,0.000,1,1.000,1,1,0.0576,0.2434,-0.0251,0.0585
91,0,0,0,0.008,-0.055,0.000,0.000,0,0,0.000,0.000,0.000,1,1.000,1,1,0.0576,0.2424,-0.0264,0.0583
92,0,0,0,0.016,-0.039,0.000,0.000,0,0,0.000,0.000,0.000,1,1.000,1,1,0.0576,0.2415,-0.0272,0.0573
93,0,0,0,0.024,-0.039,0.000,0.000,0,0,0.000,0.000,0.000,1,1.000,1,1,0.0576,0.2404,-0.0279,0.0566
94,0,0,0,0.008,-0.039,0.000,0.000,0,0,0.000,0.000,0.000,1,1.000,1,1,0.0576,0.2393,-0.0285,0.0558
95,0,0,0,0.008,-0.039,0.000,0.000,0,0,0.000,0.000,0.000,1,1.000,1,1,0.0576,0.2383,-0.0290,0.0552
96,0,0,0,0.016,-0.039,0.000,0.000,0,0,0.000,0.000,0.000,1,1.000,1,1,0.0576,0.2372,-0.0296,0.0545
97,0,0,0,0.016,-0.039,0.000,0.000,0,0,0.000,0.000,0.000,1,1.000,1,1,0.0576,0.2362,-0.0300,0.0539
98,0,0,0,0.000,-0.039,0.000,0.000,0,0,0.000,0.000,0.000,1,1.000,1,1,0.0576,0.2351,-0.0306,0.0534
99,0,0,0,0.000,-0.039,0.000,0.000,0,0,0.000,0.000,0.000,1,1.000,1,1,0.0576,0.2340,-0.0311,0.0528
100,0,0,0,0.000,-0.039,0.000,0.000,0,0,0.000,0.000,0.000,1,1.000,1,1,0.0576,0.2328,-0.0317,0.0522
101,0,0,0,0.000,-0.039,0.000,0.000,0,0,0.000,0.000,0.000,1,1.000,1,1,0.0576,0.2316,-0.0323,0.0517
102,0,0,0,0.000,-0.039,0.000,0.000,0,0,0.000,0.000,0.000,1,1.000,1,1,0.0576,0.2303,-0.0330,0.0512
103,0,0,0,0.000,-0.039,0.000,0.000,0,0,0.000,0.000,0.000,1,1.000,1,1,0.0576,0.2291,-0.0337,0.0507
104,0,0,0,-0.008,-0.039,0.000,0.000,0,0,0.000,0.000,0.000,1,1.000,1,1,0.0576,0.2278,-0.0343,0.0502
105,0,0,0,-0.016,-0.039,0.000,0.000,0,0,0.000,0.000,0.000,1,1.000,1,1,0.0576,0.2265,-0.0350,0.0497
106,0,0,0,-0.032,-0.039,0.000,0.000,0,0,0.000,0.000,0.000,1,1.000,1,1,0.0576,0.2251,-0.0357,0.0493
107,0,1,0,-0.032,-0.039,0.000,0.000,0,0,-0.000,0.000,0.000,0,1.000,0,0,0.0576,0.2270,-0.0339,0.0495
108,0,1,0,-0.032,-0.039,0.000,0.000,0,0,-0.000,0.000,0.000,0,1.000,0,0,0.0576,0.2282,-0.0329,0.0497
109,0,1,0,-0.032,-0.039,0.000,0.000,0,0,-0.000,0.000,0.000,0,1.000,0,0,0.0576,0.2300,-0.0313,0.0500
110,0,1,0,-0.032,-0.039,0.000,0.000,0,0,-0.000,0.000,0.000,0,1.000,0,0,0.0576,0.2313,-0.0304,0.0503
111,0,1,0,-0.024,-0.039,0.000,0.000,0,0,-0.000,0.000,0.000,0,1.000,0,0,0.0576,0.2325,-0.0297,0.0508
112,0,1,0,-0.024,-0.055,0.000,0.000,0,0,-0.000,0.000,0.000,0,1.000,0,0,0.0576,0.2337,-0.0290,0.0515
113,0,1,0,-0.016,-0.063,0.000,0.000,0,0,-0.000,0.000,0.000,0,1.000,0,0,0.0576,0.2349,-0.0283,0.0523
114,0,1,0,-0.008,-0.063,0.000,0.000,0,0,-0.000,0.000,0.000,0,1.000,0,0,0.0576,0.2361,-0.0278,0.0530
115,0,0,0,0.000,-0.063,0.000,0.000,0,0,0.000,0.000,0.000,1,1.000,1,1,0.0576,0.2353,-0.0293,0.0532
116,0,0,0,0.000,-0.063,0.000,0.000,0,0,0.000,0.000,0.000,1,1.000,1,1,0.0576,0.2344,-0.0302,0.0527
117,0,0,0,0.000,-0.063,0.000,0.000,0,0,0.000,0.000,0.000,1,1.000,1,1,0.0576,0.2336,-0.0308,0.0522
118,0,0,0,0.000,-0.063,0.000,0.000,0,0,0.000,0.000,0.000,1,1.000,1,1,0.0576,0.2328,-0.0313,0.0516
119,0,0,0,0.000,-0.063,0.000,0.000,0,0,0.000,0.000,0.000,1,1.000,1,1,0.0576,0.2320,-0.0317,0.0512
120,0,1,0,0.000,-0.063,0.000,0.000,0,0,-0.000,0.000,0.000,0,1.000,0,0,0.0576,0.2340,-0.0296,0.0515
121,0,1,0,0.000,-0.063,0.000,0.000,0,0,-0.000,0.000,0.000,0,1.000,0,0,0.0576,0.2352,-0.0287,0.0520
122,0,1,0,-0.024,-0.063,0.000,0.000,0,0,-0.000,0.000,0.000,0,1.000,0,0,0.0576,0.2368,-0.0279,0.0527
123,0,1,0,-0.740,-0.087,0.000,0.000,0,0,0.654,0.000,0.000,0,1.000,0,0,0.0576,0.2379,-0.0273,0.0536
124,0,1,0,-1.000,-0.102,0.000,0.000,0,0,1.000,0.000,0.000,0,1.000,0,0,0.0576,0.2395,-0.0267,0.0542
125,0,1,0,-1.000,-0.102,0.000,0.000,0,0,1.000,0.000,0.000,0,1.000,0,0,0.0576,0.2408,-0.0262,0.0550
126,0,1,0,-0.984,-0.323,0.000,0.000,0,0,0.979,-0.097,0.000,0,1.000,0,0,0.0576,0.2425,-0.0257,0.0557
127,0,1,0,-0.921,-0.512,0.000,0.000,0,0,0.895,-0.349,0.000,0,1.000,0,0,0.0576,0.2440,-0.0254,0.0562
128,0,1,0,-0.898,-0.528,0.000,0.000,0,0,0.864,-0.370,0.000,0,1.000,0,0,0.0576,0.2458,-0.0250,0.0568
129,0,1,0,-0.898,-0.528,0.000,0.000,0,0,0.864,-0.370,0.000,0,1.000,0,0,0.0576,0.2476,-0.0247,0.0573
130,0,1,0,-0.898,-0.528,0.000,0.000,0,0,0.864,-0.370,0.000,0,1.000,0,0,0.0576,0.2496,-0.0244,0.0578
131,0,1,0,-0.882,-0.535,0.000,0.000,0,0,0.843,-0.381,0.000,0,1.000,0,0,0.0576,0.2515,-0.0242,0.0582
132,0,1,0,-0.882,-0.535,0.000,0.000,0,0,0.843,-0.381,0.000,0,1.000,0,0,0.0576,0.2538,-0.0232,0.0588
133,0,1,0,0.008,-0.079,1.000,0.000,0,0,-0.000,0.000,0.000,0,1.000,0,0,0.0576,0.2560,-0.0219,0.0590
134,0,1,0,0.000,-0.039,1.000,0.000,0,0,-0.000,0.000,0.000,0,1.000,0,0,0.0576,0.2582,-0.0206,0.0590
135,0,1,0,0.000,-0.039,1.000,0.000,0,0,-0.000,0.000,0.000,0,1.000,0,0,0.0576,0.2597,-0.0202,0.0590
136,0,1,0,0.000,-0.039,1.000,0.000,0,0,-0.000,0.000,0.000,0,1.000,0,0,0.0576,0.2614,-0.0198,0.0593
137,0,1,0,0.000,-0.063,1.000,0.000,0,0,-0.000,0.000,0.000,0,1.000,0,0,0.0576,0.2628,-0.0197,0.0595
138,0,1,0,0.000,-0.079,-0.701,0.000,0,0,-0.000,0.000,0.000,0,1.000,0,0,0.0576,0.2642,-0.0194,0.0598
139,0,1,0,0.000,-0.079,-1.000,0.000,1,0,-0.000,0.000,0.000,0,1.000,0,0,0.0576,0.2657,-0.0192,0.0601
140,0,1,0,0.000,-0.079,-1.000,0.000,1,0,-0.000,0.000,0.000,0,1.000,0,0,0.0576,0.2669,-0.0190,0.0604
141,0,1,0,0.000,-0.079,-1.000,0.000,1,0,-0.000,0.000,0.000,0,1.000,0,0,0.0576,0.2683,-0.0187,0.0607
142,0,1,0,0.000,-0.079,-1.000,0.000,1,0,-0.000,0.000,0.000,0,1.000,0,0,0.0576,0.2693,-0.0184,0.0610
143,0,1,0,0.000,-0.079,-1.000,0.000,1,0,-0.000,0.000,0.000,0,1.000,0,0,0.0576,0.2703,-0.0181,0.0612
144,0,1,0,0.008,-0.079,-1.000,0.000,1,0,-0.000,0.000,0.000,0,1.000,0,0,0.0576,0.2710,-0.0178,0.0615
145,0,0,0,0.016,-0.079,-1.000,0.000,1,0,0.000,0.000,0.000,1,1.000,1,1,0.0576,0.2702,-0.0196,0.0621
146,0,0,0,0.000,-0.079,-1.000,0.000,1,0,0.000,0.000,0.000,1,1.000,1,1,0.0576,0.2702,-0.0205,0.0622
147,0,0,0,0.000,-0.079,-1.000,0.000,1,0,0.000,0.000,0.000,1,1.000,1,1,0.0576,0.2701,-0.0210,0.0619
148,0,0,0,0.000,-0.079,-1.000,0.000,1,0,0.000,0.000,0.000,1,1.000,1,1,0.0576,0.2699,-0.0210,0.0614
149,0,0,0,0.000,-0.079,-1.000,0.000,1,0,0.000,0.000,0.000,1,1.000,1,1,0.0576,0.2697,-0.0211,0.0611
150,0,0,0,0.000,-0.079,-1.000,0.000,1,0,0.000,0.000,0.000,1,1.000,1,1,0.0576,0.2695,-0.0212,0.0608
151,0,1,0,0.000,-0.079,-1.000,0.000,1,0,-0.000,0.000,0.000,0,1.000,0,0,0.0576,0.2713,-0.0192,0.0608
152,0,1,0,0.000,-0.079,-1.000,0.000,1,0,-0.000,0.000,0.000,0,1.000,0,0,0.0576,0.2727,-0.0185,0.0611
153,0,1,0,0.000,-0.079,-1.000,0.000,1,0,-0.000,0.000,0.000,0,1.000,0,0,0.0576,0.2736,-0.0175,0.0615
154,0,0,0,0.000,-0.079,-1.000,0.000,1,0,0.000,0.000,0.000,1,1.000,1,1,0.0576,0.2740,-0.0188,0.0624
155,0,0,0,0.000,-0.079,-1.000,0.000,1,0,0.000,0.000,0.000,1,1.000,1,1,0.0576,0.2746,-0.0194,0.0626
156,0,0,0,0.000,-0.079,-1.000,0.000,1,0,0.000,0.000,0.000,1,1.000,1,1,0.0576,0.2750,-0.0194,0.0625
157,0,0,0,0.000,-0.079,-1.000,0.000,1,0,0.000,0.000,0.000,1,1.000,1,1,0.0576,0.2753,-0.0194,0.0624
158,0,0,0,0.000,-0.079,-1.000,0.000,1,0,0.000,0.000,0.000,1,1.000,1,1,0.0576,0.2757,-0.0194,0.0625
159,0,0,0,0.000,-0.079,-1.000,0.000,1,0,0.000,0.000,0.000,1,1.000,1,1,0.0576,0.2760,-0.0194,0.0625
160,0,0,0,0.000,-0.071,-1.000,0.000,1,0,0.000,0.000,0.000,1,1.000,1,1,0.0576,0.2763,-0.0194,0.0625
161,0,0,0,0.000,-0.071,-1.000,0.000,1,0,0.000,0.000,0.000,1,1.000,1,1,0.0576,0.2766,-0.0194,0.0625
162,0,0,0,0.000,-0.071,-1.000,0.000,1,0,0.000,0.000,0.000,1,1.000,1,1,0.0576,0.2769,-0.0194,0.0625
163,0,0,0,0.000,-0.071,-1.000,0.000,1,0,0.000,0.000,0.000,1,1.000,1,1,0.0576,0.2772,-0.0194,0.0626
164,0,0,0,0.000,-0.071,-1.000,0.000,1,0,0.000,0.000,0.000,1,1.000,1,1,0.0576,0.2775,-0.0193,0.0626
165,0,0,0,0.000,-0.071,-1.000,0.000,1,0,0.000,0.000,0.000,1,1.000,1,1,0.0576,0.2778,-0.0193,0.0626
166,0,0,0,0.000,-0.071,-1.000,0.000,1,0,0.000,0.000,0.000,1,1.000,1,1,0.0576,0.2781,-0.0193,0.0627
167,0,0,0,0.000,-0.071,-1.000,0.000,1,0,0.000,0.000,0.000,1,1.000,1,1,0.0576,0.2784,-0.0193,0.0627
168,0,0,0,0.000,-0.071,-1.000,0.000,1,0,0.000,0.000,0.000,1,1.000,1,1,0.0576,0.2787,-0.0193,0.0627
169,0,0,0,0.000,-0.071,-1.000,0.000,1,0,0.000,0.000,0.000,1,1.000,1,1,0.0576,0.2790,-0.0193,0.0627
170,0,0,0,0.000,-0.071,-1.000,0.000,1,0,0.000,0.000,0.000,1,1.000,1,1,0.0576,0.2788,-0.0193,0.0627
171,0,0,0,0.000,-0.071,-1.000,0.000,1,0,0.000,0.000,0.000,1,1.000,1,1,0.0576,0.2790,-0.0194,0.0627
172,0,0,0,0.000,-0.071,-1.000,0.000,1,0,0.000,0.000,0.000,1,1.000,1,1,0.0576,0.2796,-0.0204,0.0636
173,0,0,0,0.000,-0.071,-1.000,0.000,1,0,0.000,0.000,0.000,1,1.000,1,1,0.0576,0.2794,-0.0221,0.0670
174,0,0,0,0.000,-0.071,-1.000,0.000,1,0,0.000,0.000,0.000,1,1.000,1,1,0.0576,0.2765,-0.0243,0.0718
175,0,0,0,0.000,-0.071,-1.000,0.000,1,0,0.000,0.000,0.000,1,1.000,1,1,0.0576,0.2733,-0.0260,0.0768
176,0,0,0,0.000,-0.071,-1.000,0.000,1,0,0.000,0.000,0.000,1,1.000,1,1,0.0576,0.2717,-0.0265,0.0790
177,0,0,0,0.000,-0.071,-1.000,0.000,1,0,0.000,0.000,0.000,1,1.000,1,1,0.0576,0.2716,-0.0266,0.0797
178,0,0,0,0.000,-0.071,-1.000,0.000,1,0,0.000,0.000,0.000,1,1.000,1,1,0.0576,0.2721,-0.0263,0.0796
179,0,0,0,0.000,-0.071,-1.000,0.000,1,0,0.000,0.000,0.000,1,1.000,1,1,0.0576,0.2729,-0.0257,0.0791
180,0,0,0,0.000,-0.071,-1.000,0.000,1,0,0.000,0.000,0.000,1,1.000,1,1,0.0576,0.2737,-0.0253,0.0785
181,0,0,0,0.000,-0.071,-1.000,0.000,1,0,0.000,0.000,0.000,1,1.000,1,1,0.0576,0.2745,-0.0246,0.0777
182,0,0,0,0.000,-0.071,-1.000,0.000,1,0,0.000,0.000,0.000,1,1.000,1,1,0.0576,0.2752,-0.0241,0.0769
183,0,0,0,0.000,-0.071,-1.000,0.000,1,0,0.000,0.000,0.000,1,1.000,1,1,0.0576,0.2753,-0.0238,0.0762
184,0,0,0,0.000,-0.071,-1.000,0.000,1,0,0.000,0.000,0.000,1,1.000,1,1,0.0576,0.2738,-0.0243,0.0755
185,0,0,0,0.000,-0.071,-1.000,0.000,1,0,0.000,0.000,0.000,1,1.000,1,1,0.0576,0.2712,-0.0247,0.0748
186,0,0,0,0.000,-0.071,-1.000,0.000,1,0,0.000,0.000,0.000,1,1.000,1,1,0.0576,0.2679,-0.0256,0.0747
187,0,0,0,0.000,-0.071,-1.000,0.000,1,0,0.000,0.000,0.000,1,1.000,1,1,0.0576,0.2655,-0.0260,0.0749
188,0,0,0,0.000,-0.071,-1.000,0.000,1,0,0.000,0.000,0.000,1,1.000,1,1,0.0576,0.2656,-0.0259,0.0748
189,0,0,0,0.000,-0.071,-1.000,0.000,1,0,0.000,0.000,0.000,1,1.000,1,1,0.0576,0.2665,-0.0255,0.0744
190,0,0,0,0.000,-0.071,-1.000,0.000,1,0,0.000,0.000,0.000,1,1.000,1,1,0.0576,0.2674,-0.0250,0.0739
191,0,0,0,0.000,-0.071,-1.000,0.000,1,0,0.000,0.000,0.000,1,1.000,1,1,0.0576,0.2682,-0.0246,0.0733
192,0,0,0,0.000,-0.071,-1.000,0.000,1,0,0.000,0.000,0.000,1,1.000,1,1,0.0576,0.2690,-0.0240,0.0728
193,0,0,0,0.000,-0.071,-1.000,0.000,1,0,0.000,0.000,0.000,1,1.000,1,1,0.0576,0.2698,-0.0234,0.0723
194,0,0,0,0.000,-0.071,-1.000,0.000,1,0,0.000,0.000,0.000,1,1.000,1,1,0.0576,0.2705,-0.0229,0.0718
195,0,0,0,0.000,-0.071,-1.000,0.000,1,0,0.000,0.000,0.000,1,1.000,1,1,0.0576,0.2712,-0.0224,0.0714
196,0,0,0,0.000,-0.071,-1.000,0.000,1,0,0.000,0.000,0.000,1,1.000,1,1,0.0576,0.2719,-0.0218,0.0710
197,0,0,0,0.000,-0.071,-1.000,0.000,1,0,0.000,0.000,0.000,1,1.000,1,1,0.0576,0.2726,-0.0213,0.0706
198,0,0,0,0.000,-0.071,-1.000,0.000,1,0,0.000,0.000,0.000,1,1.000,1,1,0.0576,0.2732,-0.0208,0.0702
199,0,0,0,0.000,-0.071,-1.000,0.000,1,0,0.000,0.000,0.000,1,1.000,1,1,0.0576,0.2738,-0.0204,0.0699
200,0,0,1,0.000,-0.071,-1.000,0.000,1,0,0.000,0.000,0.000,1,1.000,1,1,0.0576,0.2744,-0.0199,0.0695
201,1,0,0,0.000,-0.071,-1.000,0.000,1,0,0.000,0.000,0.000,1,0.000,1,1,0.0623,0.2515,-0.0029,0.0620
202,1,0,0,0.000,-0.071,-1.000,0.000,1,0,0.000,0.000,0.000,1,0.000,1,1,0.0623,0.2523,-0.0026,0.0613
203,1,0,0,0.000,-0.071,-1.000,0.000,1,0,0.000,0.000,0.000,1,0.000,1,1,0.0623,0.2530,-0.0022,0.0609
204,1,0,0,0.000,-0.071,-1.000,0.000,1,0,0.000,0.000,0.000,1,0.000,1,1,0.0623,0.2536,-0.0018,0.0604
205,1,0,0,0.000,-0.071,-1.000,0.000,1,0,0.000,0.000,0.000,1,0.000,1,1,0.0623,0.2542,-0.0013,0.0600
206,1,0,0,0.000,-0.071,-1.000,0.000,1,0,0.000,0.000,0.000,1,0.000,1,1,0.0623,0.2544,-0.0010,0.0597
207,1,0,0,0.000,-0.071,-1.000,0.000,1,0,0.000,0.000,0.000,1,0.000,1,1,0.0623,0.2546,-0.0007,0.0595
208,1,0,0,0.000,-0.071,-1.000,0.000,1,0,0.000,0.000,0.000,1,0.000,1,1,0.0623,0.2547,-0.0005,0.0594
209,1,0,0,0.000,-0.071,-1.000,0.000,1,0,0.000,0.000,0.000,1,0.000,1,1,0.0623,0.2548,-0.0003,0.0593
210,1,0,0,0.000,-0.071,-1.000,0.000,1,0,0.000,0.000,0.000,1,0.000,1,1,0.0623,0.2548,-0.0001,0.0593
211,1,0,0,0.000,-0.071,-1.000,0.000,1,0,0.000,0.000,0.000,1,0.000,1,1,0.0623,0.2549,-0.0000,0.0593
212,1,0,0,0.000,-0.071,-1.000,0.000,1,0,0.000,0.000,0.000,1,0.000,1,1,0.0623,0.2549,0.0001,0.0592
213,1,0,0,0.000,-0.071,-1.000,0.000,1,0,0.000,0.000,0.000,1,0.000,1,1,0.0623,0.2550,0.0003,0.0592
214,1,0,0,0.000,-0.063,-1.000,0.000,1,0,0.000,0.000,0.000,1,0.000,1,1,0.0623,0.2550,0.0003,0.0592
215,1,0,0,0.000,-0.071,-1.000,0.000,1,0,0.000,0.000,0.000,1,0.000,1,1,0.0623,0.2550,0.0004,0.0592
216,1,0,0,0.000,-0.071,-1.000,0.000,1,0,0.000,0.000,0.000,1,0.000,1,1,0.0623,0.2551,0.0004,0.0591
217,1,0,0,0.000,-0.071,-1.000,0.000,1,0,0.000,0.000,0.000,1,0.000,1,1,0.0623,0.2551,0.0005,0.0591
218,1,0,0,0.000,-0.071,-1.000,0.000,1,0,0.000,0.000,0.000,1,0.000,1,1,0.0623,0.2551,0.0006,0.0591
219,1,0,0,0.000,-0.071,-1.000,0.000,1,0,0.000,0.000,0.000,1,0.000,1,1,0.0623,0.2551,0.0006,0.0591
220,1,0,0,0.000,-0.071,-1.000,0.000,1,0,0.000,0.000,0.000,1,0.000,1,1,0.0623,0.2551,0.0006,0.0591
221,1,0,0,0.000,-0.071,-1.000,0.000,1,0,0.000,0.000,0.000,1,0.000,1,1,0.0623,0.2552,0.0006,0.0591
222,1,0,0,0.000,-0.071,-1.000,0.000,1,0,0.000,0.000,0.000,1,0.000,1,1,0.0623,0.2552,0.0006,0.0591
223,1,0,0,0.000,-0.063,-1.000,0.000,1,0,0.000,0.000,0.000,1,0.000,1,1,0.0623,0.2552,0.0006,0.0591
224,1,0,0,0.000,-0.071,-1.000,0.000,1,0,0.000,0.000,0.000,1,0.000,1,1,0.0623,0.2552,0.0006,0.0590
225,1,0,0,0.000,-0.071,-1.000,0.000,1,0,0.000,0.000,0.000,1,0.000,1,1,0.0623,0.2552,0.0006,0.0590
226,1,1,0,0.000,-0.071,-1.000,0.000,1,0,-0.000,0.000,0.000,0,0.333,0,0,0.0608,0.2534,-0.0009,0.0592
227,1,1,0,0.000,-0.071,-1.000,0.000,1,0,-0.000,0.000,0.000,0,0.667,0,0,0.0592,0.2520,-0.0025,0.0594
228,1,1,0,0.000,-0.071,-1.000,0.000,1,0,-0.000,0.000,0.000,0,1.000,0,0,0.0576,0.2507,-0.0032,0.0585
229,1,1,0,0.000,-0.071,-1.000,0.000,1,0,-0.000,0.000,0.000,0,1.000,0,0,0.0576,0.2505,-0.0034,0.0577
230,1,1,0,0.000,-0.071,-1.000,0.000,1,0,-0.000,0.000,0.000,0,1.000,0,0,0.0576,0.2505,-0.0035,0.0577
231,1,1,0,0.000,-0.071,-1.000,0.000,1,0,-0.000,0.000,0.000,0,1.000,0,0,0.0576,0.2505,-0.0035,0.0578
232,1,1,0,0.000,-0.071,-1.000,0.000,1,0,-0.000,0.000,0.000,0,1.000,0,0,0.0576,0.2505,-0.0035,0.0578
233,1,1,0,0.000,0.000,-1.000,0.000,1,0,-0.000,0.000,0.000,0,1.000,0,0,0.0576,0.2505,-0.0035,0.0578
234,1,1,0,0.016,0.031,-1.000,0.000,1,0,-0.000,0.000,0.000,0,1.000,0,0,0.0576,0.2505,-0.0035,0.0578
235,1,1,0,0.016,0.409,-1.000,0.000,1,0,-0.000,0.213,0.000,0,1.000,0,0,0.0576,0.2505,-0.0034,0.0578
236,1,1,0,0.031,0.717,-1.000,0.000,1,0,-0.000,0.622,0.000,0,1.000,0,0,0.0576,0.2505,-0.0027,0.0578
237,1,1,0,-0.032,0.000,-1.000,0.000,1,0,-0.000,0.000,0.000,0,1.000,0,0,0.0576,0.2505,-0.0021,0.0576
238,1,1,0,0.008,-0.024,-1.000,0.000,1,0,-0.000,0.000,0.000,0,1.000,0,0,0.0576,0.2505,-0.0021,0.0577
239,1,1,0,0.008,-0.016,-1.000,0.000,1,0,-0.000,0.000,0.000,0,1.000,0,0,0.0576,0.2505,-0.0020,0.0577
240,1,1,0,0.016,0.031,-1.000,0.000,1,0,-0.000,0.000,0.000,0,1.000,0,0,0.0576,0.2505,-0.0020,0.0577
241,1,1,0,0.173,0.717,-1.000,0.000,1,0,-0.000,0.622,0.000,0,1.000,0,0,0.0576,0.2505,-0.0015,0.0576
242,1,1,0,0.031,0.118,-1.000,0.000,1,0,-0.000,0.000,0.000,0,1.000,0,0,0.0576,0.2505,-0.0007,0.0574
243,1,1,0,0.008,-0.063,-1.000,0.000,1,0,-0.000,0.000,0.000,0,1.000,0,0,0.0576,0.2505,-0.0006,0.0574
244,1,1,0,0.016,-0.063,-1.000,0.000,1,0,-0.000,0.000,0.000,0,1.000,0,0,0.0576,0.2505,-0.0006,0.0574
245,1,1,0,0.016,-0.063,-1.000,0.000,1,0,-0.000,0.000,0.000,0,1.000,0,0,0.0576,0.2504,-0.0006,0.0574
246,1,1,0,0.039,-0.039,-1.000,0.000,1,0,-0.000,0.000,0.000,0,1.000,0,0,0.0576,0.2505,-0.0006,0.0574
247,1,1,0,-0.008,-0.039,-1.000,1.000,1,0,-0.000,0.000,0.000,0,1.000,0,0,0.0576,0.2504,-0.0006,0.0574
248,1,1,0,-0.016,-0.039,-1.000,1.000,1,0,-0.000,0.000,0.000,0,1.000,0,0,0.0576,0.2504,-0.0006,0.0574
249,1,1,0,-0.008,-0.039,-1.000,1.000,1,0,-0.000,0.000,0.000,0,1.000,0,0,0.0576,0.2505,-0.0006,0.0574
250,1,1,0,-0.008,-0.039,-1.000,1.000,1,0,-0.000,0.000,0.000,0,1.000,0,0,0.0576,0.2504,-0.0006,0.0574
251,1,1,0,-0.008,-0.039,-1.000,1.000,1,0,-0.000,0.000,0.000,0,1.000,0,0,0.0576,0.2504,-0.0006,0.0574
252,1,1,0,0.024,-0.079,-1.000,1.000,1,0,-0.000,0.000,0.000,0,1.000,0,0,0.0576,0.2505,-0.0006,0.0574
253,1,1,0,0.031,-0.079,-1.000,-1.000,1,1,-0.000,0.000,0.000,0,1.000,0,0,0.0576,0.2504,-0.0006,0.0574
254,1,1,0,0.031,-0.079,-1.000,-1.000,1,1,-0.000,0.000,0.000,0,1.000,0,0,0.0576,0.2504,-0.0006,0.0574
255,1,0,0,0.031,-0.079,-1.000,-1.000,1,1,0.000,0.000,0.000,1,1.000,1,1,0.0576,0.2518,-0.0006,0.0576
256,1,0,0,0.031,-0.079,-1.000,-1.000,1,1,0.000,0.000,0.000,1,1.000,1,1,0.0576,0.2524,-0.0006,0.0576
257,1,0,0,0.031,-0.079,-1.000,-1.000,1,1,0.000,0.000,0.000,1,1.000,1,1,0.0576,0.2526,-0.0004,0.0575
258,1,0,0,0.024,-0.079,-1.000,-1.000,1,1,0.000,0.000,0.000,1,1.000,1,1,0.0576,0.2527,-0.0003,0.0574
259,1,0,0,0.024,-0.079,-1.000,-1.000,1,1,0.000,0.000,0.000,1,1.000,1,1,0.0576,0.2528,-0.0003,0.0574
260,1,0,0,0.024,-0.079,-1.000,-1.000,1,1,0.000,0.000,0.000,1,1.000,1,1,0.0576,0.2528,-0.0003,0.0574
261,1,0,0,0.024,-0.079,-1.000,-1.000,1,1,0.000,0.000,0.000,1,1.000,1,1,0.0576,0.2529,-0.0003,0.0574
262,1,0,0,0.024,-0.079,-1.000,-1.000,1,1,0.000,0.000,0.000,1,1.000,1,1,0.0576,0.2529,-0.0002,0.0574
263,1,0,0,0.024,-0.079,-1.000,-1.000,1,1,0.000,0.000,0.000,1,1.000,1,1,0.0576,0.2530,-0.0002,0.0574
264,1,1,0,0.000,-0.079,-1.000,-1.000,1,1,-0.000,0.000,0.000,0,1.000,0,0,0.0576,0.2504,-0.0002,0.0573
265,1,1,0,0.000,-0.079,-1.000,-1.000,1,1,-0.000,0.000,0.000,0,1.000,0,0,0.0576,0.2504,-0.0004,0.0574
266,1,1,0,0.000,-0.079,-1.000,-1.000,1,1,-0.000,0.000,0.000,0,1.000,0,0,0.0576,0.2504,-0.0004,0.0574
267,1,1,0,0.000,-0.079,-1.000,-1.000,1,1,-0.000,0.000,0.000,0,1.000,0,0,0.0576,0.2503,-0.0004,0.0573
268,1,1,0,0.000,-0.079,-1.000,-1.000,1,1,-0.000,0.000,0.000,0,1.000,0,0,0.0576,0.2504,-0.0004,0.0573
269,1,1,0,0.000,-0.079,-1.000,-1.000,1,1,-0.000,0.000,0.000,0,1.000,0,0,0.0576,0.2504,-0.0004,0.0573
270,1,1,0,0.000,-0.079,-1.000,-1.000,1,1,-0.000,0.000,0.000,0,1.000,0,0,0.0576,0.2504,-0.0004,0.0573
271,1,0,0,0.016,-0.079,-1.000,-1.000,1,1,0.000,0.000,0.000,1,1.000,1,1,0.0576,0.2516,-0.0005,0.0574
272,1,0,0,0.016,-0.079,-1.000,-1.000,1,1,0.000,0.000,0.000,1,1.000,1,1,0.0576,0.2522,-0.0003,0.0574
273,1,0,0,0.016,-0.079,-1.000,-1.000,1,1,0.000,0.000,0.000,1,1.000,1,1,0.0576,0.2524,-0.0002,0.0575
274,1,0,0,0.016,-0.079,-1.000,-1.000,1,1,0.000,0.000,0.000,1,1.000,1,1,0.0576,0.2525,-0.0001,0.0574
275,1,0,0,0.016,-0.079,-1.000,-1.000,1,1,0.000,0.000,0.000,1,1.000,1,1,0.0576,0.2526,-0.0001,0.0574
276,1,0,0,0.016,-0.079,-1.000,-1.000,1,1,0.000,0.000,0.000,1,1.000,1,1,0.0576,0.2526,-0.0000,0.0574
277,1,0,0,0.016,-0.079,-1.000,-1.000,1,1,0.000,0.000,0.000,1,1.000,1,1,0.0576,0.2527,0.0000,0.0575
278,1,0,0,0.016,-0.079,-1.000,-1.000,1,1,0.000,0.000,0.000,1,1.000,1,1,0.0576,0.2527,0.0000,0.0575
279,1,0,0,0.016,-0.079,-1.000,-1.000,1,1,0.000,0.000,0.000,1,1.000,1,1,0.0576,0.2527,0.0001,0.0575
280,1,0,1,0.016,-0.079,-1.000,-1.000,1,1,0.000,0.000,0.000,1,1.000,1,1,0.0576,0.2528,0.0001,0.0575
281,2,0,0,0.016,-0.079,-1.000,-1.000,1,1,0.000,0.000,0.000,1,0.000,1,1,0.0607,0.2515,-0.0033,0.0606
282,2,0,0,0.016,-0.079,-1.000,-1.000,1,1,0.000,0.000,0.000,1,0.000,1,1,0.0607,0.2520,-0.0030,0.0601
283,2,0,0,0.016,-0.079,-1.000,-1.000,1,1,0.000,0.000,0.000,1,0.000,1,1,0.0607,0.2526,-0.0026,0.0597
284,2,0,0,0.016,-0.079,-1.000,-1.000,1,1,0.000,0.000,0.000,1,0.000,1,1,0.0607,0.2530,-0.0024,0.0592
285,2,0,0,0.016,-0.079,-1.000,-1.000,1,1,0.000,0.000,0.000,1,0.000,1,1,0.0607,0.2533,-0.0020,0.0590
286,2,0,0,0.016,-0.079,-1.000,-1.000,1,1,0.000,0.000,0.000,1,0.000,1,1,0.0607,0.2535,-0.0018,0.0588
287,2,0,0,0.016,-0.079,-1.000,-1.000,1,1,0.000,0.000,0.000,1,0.000,1,1,0.0607,0.2536,-0.0016,0.0588
288,2,0,0,0.016,-0.079,-1.000,-1.000,1,1,0.000,0.000,0.000,1,0.000,1,1,0.0607,0.2536,-0.0015,0.0587
289,2,0,0,0.016,-0.079,-1.000,-1.000,1,1,0.000,0.000,0.000,1,0.000,1,1,0.0607,0.2537,-0.0014,0.0587
290,2,0,0,0.016,-0.079,-1.000,-1.000,1,1,0.000,0.000,0.000,1,0.000,1,1,0.0607,0.2537,-0.0013,0.0587
291,2,0,0,0.016,-0.079,-1.000,-1.000,1,1,0.000,0.000,0.000,1,0.000,1,1,0.0607,0.2537,-0.0012,0.0587
292,2,0,0,0.016,-0.079,-1.000,-1.000,1,1,0.000,0.000,0.000,1,0.000,1,1,0.0607,0.2537,-0.0012,0.0587
293,2,0,0,0.016,-0.079,-1.000,-1.000,1,1,0.000,0.000,0.000,1,0.000,1,1,0.0607,0.2538,-0.0012,0.0586
294,2,0,0,0.016,-0.079,-1.000,-1.000,1,1,0.000,0.000,0.000,1,0.000,1,1,0.0607,0.2538,-0.0011,0.0586
295,2,0,0,0.016,-0.079,-1.000,-1.000,1,1,0.000,0.000,0.000,1,0.000,1,1,0.0607,0.2538,-0.0011,0.0586
296,2,0,0,0.016,-0.079,-1.000,-1.000,1,1,0.000,0.000,0.000,1,0.000,1,1,0.0607,0.2538,-0.0011,0.0586
297,2,0,0,0.016,-0.079,-1.000,-1.000,1,1,0.000,0.000,0.000,1,0.000,1,1,0.0607,0.2539,-0.0010,0.0586
298,2,1,0,0.016,-0.079,-1.000,-1.000,1,1,-0.000,0.000,0.000,0,0.333,0,0,0.0597,0.2518,-0.0029,0.0588
299,2,1,0,0.016,-0.079,-1.000,-1.000,1,1,-0.000,0.000,0.000,0,0.667,0,0,0.0587,0.2512,-0.0033,0.0591
300,2,0,0,0.016,-0.079,-1.000,-1.000,1,1,0.000,0.000,0.000,1,0.667,1,1,0.0587,0.2522,-0.0027,0.0584
301,2,0,0,0.016,-0.079,-1.000,-1.000,1,1,0.000,0.000,0.000,1,0.667,1,1,0.0587,0.2525,-0.0024,0.0583
302,2,0,0,0.016,-0.079,-1.000,-1.000,1,1,0.000,0.000,0.000,1,0.667,1,1,0.0587,0.2527,-0.0022,0.0581
303,2,0,0,0.016,-0.079,-1.000,-1.000,1,1,0.000,0.000,0.000,1,0.667,1,1,0.0587,0.2528,-0.0020,0.0581
304,2,0,0,0.016,-0.079,-1.000,-1.000,1,1,0.000,0.000,0.000,1,0.667,1,1,0.0587,0.2529,-0.0020,0.0580
305,2,0,0,0.016,-0.079,-1.000,-1.000,1,1,0.000,0.000,0.000,1,0.667,1,1,0.0587,0.2529,-0.0019,0.0580
306,2,0,0,0.016,-0.079,-1.000,-1.000,1,1,0.000,0.000,0.000,1,0.667,1,1,0.0587,0.2529,-0.0019,0.0580
307,2,0,0,0.016,-0.079,-1.000,-1.000,1,1,0.000,0.000,0.000,1,0.667,1,1,0.0587,0.2529,-0.0018,0.0580
308,2,1,0,0.016,-0.079,-1.000,-1.000,1,1,-0.000,0.000,0.000,0,1.000,0,0,0.0576,0.2504,-0.0033,0.0576
309,2,1,0,0.016,-0.079,-1.000,-1.000,1,1,-0.000,0.000,0.000,0,1.000,0,0,0.0576,0.2505,-0.0034,0.0577
310,2,1,0,0.016,-0.079,-1.000,-1.000,1,1,-0.000,0.000,0.000,0,1.000,0,0,0.0576,0.2504,-0.0034,0.0577
311,2,1,0,0.016,-0.079,-1.000,-1.000,1,1,-0.000,0.000,0.000,0,1.000,0,0,0.0576,0.2504,-0.0034,0.0577
312,2,1,0,0.016,-0.079,-1.000,-1.000,1,1,-0.000,0.000,0.000,0,1.000,0,0,0.0576,0.2504,-0.0034,0.0577
313,2,1,0,0.016,-0.079,-1.000,-1.000,1,1,-0.000,0.000,0.000,0,1.000,0,0,0.0576,0.2504,-0.0034,0.0577
314,2,1,0,0.016,-0.079,-1.000,-1.000,1,1,-0.000,0.000,0.000,0,1.000,0,0,0.0576,0.2504,-0.0034,0.0577
315,2,1,0,0.016,-0.079,-1.000,-1.000,1,1,-0.000,0.000,0.000,0,1.000,0,0,0.0576,0.2504,-0.0034,0.0577
316,2,1,0,0.008,-0.079,-1.000,-1.000,1,1,-0.000,0.000,0.000,0,1.000,0,0,0.0576,0.2504,-0.0034,0.0577
317,2,1,0,0.008,-0.079,-1.000,-1.000,1,1,-0.000,0.000,0.000,0,1.000,0,0,0.0576,0.2504,-0.0034,0.0577
318,2,1,0,0.008,-0.079,-1.000,-1.000,1,1,-0.000,0.000,0.000,0,1.000,0,0,0.0576,0.2504,-0.0034,0.0577
319,2,1,0,0.008,-0.079,-1.000,-1.000,1,1,-0.000,0.000,0.000,0,1.000,0,0,0.0576,0.2504,-0.0034,0.0577
320,2,1,0,0.008,-0.079,-1.000,-1.000,1,1,-0.000,0.000,0.000,0,1.000,0,0,0.0576,0.2504,-0.0034,0.0577
321,2,0,0,0.008,-0.079,-1.000,-1.000,1,1,0.000,0.000,0.000,1,1.000,1,1,0.0576,0.2516,-0.0030,0.0576
322,2,0,0,0.008,-0.079,-1.000,-1.000,1,1,0.000,0.000,0.000,1,1.000,1,1,0.0576,0.2520,-0.0027,0.0575
323,2,0,0,0.008,-0.079,-1.000,-1.000,1,1,0.000,0.000,0.000,1,1.000,1,1,0.0576,0.2523,-0.0024,0.0574
324,2,0,1,0.008,-0.079,-1.000,-1.000,1,1,0.000,0.000,0.000,1,1.000,1,1,0.0576,0.2525,-0.0022,0.0574
325,3,0,0,0.008,-0.079,-1.000,-1.000,1,1,0.000,0.000,0.000,1,0.000,1,1,0.0618,0.2501,-0.0033,0.0614
326,3,0,0,0.008,-0.079,-1.000,-1.000,1,1,0.000,0.000,0.000,1,0.000,1,1,0.0618,0.2506,-0.0031,0.0609
327,3,0,0,0.008,-0.079,-1.000,-1.000,1,1,0.000,0.000,0.000,1,0.000,1,1,0.0618,0.2511,-0.0028,0.0604
328,3,0,0,0.008,-0.079,-1.000,-1.000,1,1,0.000,0.000,0.000,1,0.000,1,1,0.0618,0.2515,-0.0025,0.0601
329,3,0,0,0.008,-0.079,-1.000,-1.000,1,1,0.000,0.000,0.000,1,0.000,1,1,0.0618,0.2519,-0.0022,0.0597
330,3,0,0,0.024,-0.079,-1.000,-1.000,1,1,0.000,0.000,0.000,1,0.000,1,1,0.0618,0.2523,-0.0019,0.0594
331,3,0,0,-0.008,-0.079,-1.000,-1.000,1,1,0.000,0.000,0.000,1,0.000,1,1,0.0618,0.2528,-0.0016,0.0591
332,3,0,0,-0.008,-0.079,-1.000,-1.000,1,1,0.000,0.000,0.000,1,0.000,1,1,0.0618,0.2531,-0.0013,0.0589
333,3,0,0,-0.008,-0.079,-1.000,-1.000,1,1,0.000,0.000,0.000,1,0.000,1,1,0.0618,0.2534,-0.0010,0.0587
334,3,1,0,-0.008,-0.079,-1.000,-1.000,1,1,-0.000,0.000,0.000,0,0.333,0,0,0.0604,0.2507,-0.0031,0.0590
335,3,1,0,-0.008,-0.079,-1.000,-1.000,1,1,-0.000,0.000,0.000,0,0.667,0,0,0.0590,0.2503,-0.0036,0.0601
336,3,1,0,-0.008,-0.079,-1.000,-1.000,1,1,-0.000,0.000,0.000,0,1.000,0,0,0.0576,0.2501,-0.0035,0.0585
337,3,1,0,-0.008,-0.079,-1.000,-1.000,1,1,-0.000,0.000,0.000,0,1.000,0,0,0.0576,0.2500,-0.0036,0.0581
338,3,1,0,-0.008,-0.079,-1.000,-1.000,1,1,-0.000,0.000,0.000,0,1.000,0,0,0.0576,0.2500,-0.0036,0.0581
339,3,1,0,-0.008,-0.079,-1.000,-1.000,1,1,-0.000,0.000,0.000,0,1.000,0,0,0.0576,0.2500,-0.0036,0.0581
340,3,1,0,0.000,-0.079,-1.000,-1.000,1,1,-0.000,0.000,0.000,0,1.000,0,0,0.0576,0.2500,-0.0036,0.0581
341,3,1,0,0.000,-0.079,-1.000,-1.000,1,1,-0.000,0.000,0.000,0,1.000,0,0,0.0576,0.2500,-0.0036,0.0581
342,3,1,0,0.008,-0.079,-1.000,-1.000,1,1,-0.000,0.000,0.000,0,1.000,0,0,0.0576,0.2500,-0.0036,0.0581
343,3,1,0,0.039,-0.079,-1.000,-1.000,1,1,-0.000,0.000,0.000,0,1.000,0,0,0.0576,0.2500,-0.0036,0.0581
344,3,0,0,0.047,-0.079,-1.000,-1.000,1,1,0.000,0.000,0.000,1,1.000,1,1,0.0576,0.2510,-0.0034,0.0582
345,3,0,0,0.047,-0.079,-1.000,-1.000,1,1,0.000,0.000,0.000,1,1.000,1,1,0.0576,0.2514,-0.0031,0.0580
346,3,0,0,0.047,-0.079,-1.000,-1.000,1,1,0.000,0.000,0.000,1,1.000,1,1,0.0576,0.2519,-0.0028,0.0578
347,3,0,0,0.047,-0.079,-1.000,-1.000,1,1,0.000,0.000,0.000,1,1.000,1,1,0.0576,0.2522,-0.0025,0.0576
348,3,0,0,0.031,-0.079,-1.000,-1.000,1,1,0.000,0.000,0.000,1,1.000,1,1,0.0576,0.2525,-0.0023,0.0575
349,3,0,0,0.024,-0.079,-1.000,-1.000,1,1,0.000,0.000,0.000,1,1.000,1,1,0.0576,0.2526,-0.0021,0.0574
350,3,0,0,0.024,-0.079,-1.000,-1.000,1,1,0.000,0.000,0.000,1,1.000,1,1,0.0576,0.2527,-0.0020,0.0573
351,3,0,0,0.024,-0.079,-1.000,-1.000,1,1,0.000,0.000,0.000,1,1.000,1,1,0.0576,0.2527,-0.0019,0.0573
352,3,0,0,0.016,-0.079,-1.000,-1.000,1,1,0.000,0.000,0.000,1,1.000,1,1,0.0576,0.2528,-0.0018,0.0573
353,3,0,0,0.016,-0.079,-1.000,-1.000,1,1,0.000,0.000,0.000,1,1.000,1,1,0.0576,0.2528,-0.0017,0.0573
354,3,0,0,0.016,-0.079,-1.000,-1.000,1,1,0.000,0.000,0.000,1,1.000,1,1,0.0576,0.2528,-0.0017,0.0572
355,3,0,0,0.016,-0.079,-1.000,-1.000,1,1,0.000,0.000,0.000,1,1.000,1,1,0.0576,0.2529,-0.0016,0.0572
356,3,0,0,0.016,-0.039,-1.000,-1.000,1,1,0.000,0.000,0.000,1,1.000,1,1,0.0576,0.2529,-0.0016,0.0572
357,3,0,0,0.016,-0.024,-1.000,-1.000,1,1,0.000,0.000,0.000,1,1.000,1,1,0.0576,0.2529,-0.0015,0.0572
358,3,0,0,0.016,0.000,-1.000,-1.000,1,1,0.000,0.000,0.000,1,1.000,1,1,0.0576,0.2529,-0.0015,0.0572
359,3,0,0,0.008,0.024,-1.000,-1.000,1,1,0.000,0.000,0.000,1,1.000,1,1,0.0576,0.2529,-0.0015,0.0572
360,3,0,0,-0.039,0.228,-1.000,-1.000,1,1,0.000,0.000,0.000,1,1.000,1,1,0.0576,0.2530,-0.0015,0.0572
361,3,0,0,-0.071,0.252,-1.000,-1.000,1,1,0.000,0.000,0.000,1,1.000,1,1,0.0576,0.2530,-0.0014,0.0572
362,3,1,0,-0.165,0.465,-1.000,-1.000,1,1,-0.000,0.286,0.000,0,1.000,0,0,0.0576,0.2508,-0.0023,0.0572
363,3,1,0,-0.008,0.465,-1.000,-1.000,1,1,-0.000,0.286,0.000,0,1.000,0,0,0.0576,0.2506,-0.0027,0.0575
364,3,1,0,0.008,-0.032,-1.000,-1.000,1,1,-0.000,0.000,0.000,0,1.000,0,0,0.0576,0.2505,-0.0026,0.0574
365,3,1,0,0.016,-0.039,-1.000,-1.000,1,1,-0.000,0.000,0.000,0,1.000,0,0,0.0576,0.2504,-0.0026,0.0574
366,3,1,0,0.016,-0.039,-1.000,-1.000,1,1,-0.000,0.000,0.000,0,1.000,0,0,0.0576,0.2505,-0.0026,0.0574
367,3,1,0,0.016,-0.016,-1.000,-1.000,1,1,-0.000,0.000,0.000,0,1.000,0,0,0.0576,0.2505,-0.0026,0.0574
368,3,1,0,0.016,0.008,-1.000,-1.000,1,1,-0.000,0.000,0.000,0,1.000,0,0,0.0576,0.2504,-0.0026,0.0574
369,3,1,0,0.008,0.024,-1.000,-1.000,1,1,-0.000,0.000,0.000,0,1.000,0,0,0.0576,0.2505,-0.0026,0.0574
370,3,1,0,-0.071,0.441,-1.000,-1.000,1,1,-0.000,0.255,0.000,0,1.000,0,0,0.0576,0.2505,-0.0025,0.0574
371,3,1,0,-0.110,1.000,-1.000,-1.000,1,1,-0.000,1.000,0.000,0,1.000,0,0,0.0576,0.2505,-0.0012,0.0574
372,3,1,0,-0.008,-0.063,-1.000,-1.000,1,1,-0.000,0.000,0.000,0,1.000,0,0,0.0576,0.2506,-0.0002,0.0573
373,3,1,0,0.024,-0.063,-1.000,-1.000,1,1,-0.000,0.000,0.000,0,1.000,0,0,0.0576,0.2505,0.0001,0.0576
374,3,1,0,0.024,-0.063,-1.000,-1.000,1,1,-0.000,0.000,0.000,0,1.000,0,0,0.0576,0.2505,0.0001,0.0576
375,3,1,0,0.024,-0.016,-1.000,-1.000,1,1,-0.000,0.000,0.000,0,1.000,0,0,0.0576,0.2505,0.0001,0.0575
376,3,1,0,0.150,0.614,-1.000,-1.000,1,1,-0.000,0.486,0.000,0,1.000,0,0,0.0576,0.2505,0.0004,0.0575
377,3,1,0,0.024,-0.055,-1.000,-1.000,1,1,-0.000,0.000,0.000,0,1.000,0,0,0.0576,0.2505,0.0007,0.0577
378,3,1,0,0.024,-0.071,-1.000,-1.000,1,1,-0.000,0.000,0.000,0,1.000,0,0,0.0576,0.2505,0.0007,0.0577
379,3,1,0,0.024,-0.071,-1.000,-1.000,1,1,-0.000,0.000,0.000,0,1.000,0,0,0.0576,0.2505,0.0008,0.0577
380,3,1,0,0.024,-0.071,-1.000,-1.000,1,1,-0.000,0.000,0.000,0,1.000,0,0,0.0576,0.2505,0.0008,0.0577
381,3,1,0,-0.032,-0.039,-1.000,1.000,1,1,-0.000,0.000,-1.000,0,1.000,0,0,0.0576,0.2506,0.0008,0.0577
382,3,1,0,-0.024,-0.039,-1.000,1.000,1,1,-0.000,0.000,-1.000,0,1.000,0,0,0.0576,0.2507,0.0008,0.0577
383,3,1,0,-0.008,-0.039,-1.000,1.000,1,1,-0.000,0.000,-1.000,0,1.000,0,0,0.0576,0.2508,0.0008,0.0577
384,3,1,0,-0.008,-0.039,-1.000,1.000,1,1,-0.000,0.000,-1.000,0,1.000,0,0,0.0576,0.2509,0.0009,0.0576
385,3,1,0,-0.008,-0.039,-1.000,1.000,1,1,-0.000,0.000,-1.000,0,1.000,0,0,0.0576,0.2511,0.0010,0.0576
386,3,1,0,-0.024,-0.039,-1.000,1.000,1,1,-0.000,0.000,-1.000,0,1.000,0,0,0.0576,0.2512,0.0010,0.0576
387,3,1,0,-0.032,-0.039,-1.000,1.000,1,1,-0.000,0.000,-1.000,0,1.000,0,0,0.0576,0.2513,0.0011,0.0575
388,3,1,0,0.024,-0.283,-1.000,0.598,1,1,-0.000,-0.045,-0.782,0,1.000,0,0,0.0576,0.2515,0.0011,0.0575
389,3,1,0,-0.024,-0.772,-1.000,-0.220,1,1,-0.000,-0.696,-0.337,0,1.000,0,0,0.0576,0.2515,0.0006,0.0574
390,3,1,0,-0.220,-1.000,-1.000,-1.000,1,1,-0.000,-1.000,0.000,0,1.000,0,0,0.0576,0.2514,-0.0006,0.0570
391,3,1,0,0.024,-0.118,-1.000,-1.000,1,1,-0.000,0.000,0.000,0,1.000,0,0,0.0576,0.2514,-0.0017,0.0570
392,3,1,0,0.024,-0.032,-1.000,-1.000,1,1,-0.000,0.000,0.000,0,1.000,0,0,0.0576,0.2514,-0.0018,0.0569
393,3,1,0,0.031,-0.024,-1.000,-1.000,1,1,-0.000,0.000,0.000,0,1.000,0,0,0.0576,0.2514,-0.0018,0.0569
394,3,1,0,0.047,-0.024,-1.000,-1.000,1,1,-0.000,0.000,0.000,0,1.000,0,0,0.0576,0.2514,-0.0018,0.0570
395,3,1,0,0.063,-0.016,-1.000,-1.000,1,1,-0.000,0.000,0.000,0,1.000,0,0,0.0576,0.2514,-0.0018,0.0570
396,3,1,0,0.646,0.386,-1.000,-1.000,1,1,-0.528,0.181,0.000,0,1.000,0,0,0.0576,0.2510,-0.0017,0.0570
397,3,1,0,0.024,-0.047,-1.000,-1.000,1,1,-0.000,0.000,0.000,0,1.000,0,0,0.0576,0.2508,-0.0016,0.0573
398,3,1,0,0.039,-0.008,-1.000,-1.000,1,1,-0.000,0.000,0.000,0,1.000,0,0,0.0576,0.2508,-0.0015,0.0573
399,3,1,0,0.039,-0.008,-1.000,-1.000,1,1,-0.000,0.000,0.000,0,1.000,0,0,0.0576,0.2508,-0.0015,0.0573
400,3,1,0,0.165,0.283,-1.000,-1.000,1,1,-0.000,0.045,0.000,0,1.000,0,0,0.0576,0.2508,-0.0015,0.0572
401,3,1,0,0.488,0.559,-1.000,-1.000,1,1,-0.318,0.412,0.000,0,1.000,0,0,0.0576,0.2506,-0.0012,0.0572
402,3,1,0,0.102,-0.032,-1.000,-1.000,1,1,-0.000,0.000,0.000,0,1.000,0,0,0.0576,0.2504,-0.0006,0.0573
403,3,1,0,0.047,-0.071,-1.000,-1.000,1,1,-0.000,0.000,0.000,0,1.000,0,0,0.0576,0.2504,-0.0006,0.0574
404,3,1,0,0.047,-0.071,-1.000,-1.000,1,1,-0.000,0.000,0.000,0,1.000,0,0,0.0576,0.2504,-0.0006,0.0574
405,3,1,0,0.047,-0.071,-1.000,-1.000,1,1,-0.000,0.000,0.000,0,1.000,0,0,0.0576,0.2504,-0.0006,0.0573
406,3,1,0,0.024,-0.055,-1.000,0.961,1,1,-0.000,0.000,-0.979,0,1.000,0,0,0.0576,0.2504,-0.0006,0.0573
407,3,1,0,0.000,-0.039,-1.000,1.000,1,1,-0.000,0.000,-1.000,0,1.000,0,0,0.0576,0.2505,-0.0005,0.0573
408,3,1,0,-0.008,-0.039,-1.000,1.000,1,1,-0.000,0.000,-1.000,0,1.000,0,0,0.0576,0.2507,-0.0005,0.0573
409,3,1,0,-0.016,-0.039,-1.000,1.000,1,1,-0.000,0.000,-1.000,0,1.000,0,0,0.0576,0.2508,-0.0004,0.0573
410,3,1,0,-0.197,-0.039,-1.000,1.000,1,1,-0.000,0.000,-1.000,0,1.000,0,0,0.0576,0.2509,-0.0004,0.0572
411,3,1,0,-0.394,-0.063,-1.000,1.000,1,1,0.192,0.000,-1.000,0,1.000,0,0,0.0576,0.2511,-0.0003,0.0572
412,3,1,0,-0.055,-0.095,-1.000,1.000,1,1,-0.000,0.000,-1.000,0,1.000,0,0,0.0576,0.2514,-0.0001,0.0571
413,3,1,0,-0.063,-0.087,-1.000,1.000,1,1,-0.000,0.000,-1.000,0,1.000,0,0,0.0576,0.2515,-0.0001,0.0570
414,3,1,0,-0.795,-0.520,-1.000,-1.000,1,1,0.727,-0.360,0.000,0,1.000,0,0,0.0576,0.2524,-0.0004,0.0569
415,3,1,0,-0.850,-0.606,-1.000,-1.000,1,1,0.801,-0.475,0.000,0,1.000,0,0,0.0576,0.2533,-0.0011,0.0565
416,3,1,0,0.008,-0.110,-1.000,-1.000,1,1,-0.000,0.000,0.000,0,1.000,0,0,0.0576,0.2537,-0.0016,0.0563
417,3,1,0,0.008,-0.087,-1.000,-1.000,1,1,-0.000,0.000,0.000,0,1.000,0,0,0.0576,0.2537,-0.0016,0.0563
418,3,1,0,0.016,-0.071,-1.000,-1.000,1,1,-0.000,0.000,0.000,0,1.000,0,0,0.0576,0.2538,-0.0017,0.0564
419,3,1,0,0.016,-0.063,-1.000,-1.000,1,1,-0.000,0.000,0.000,0,1.000,0,0,0.0576,0.2538,-0.0017,0.0564
420,3,1,0,0.016,-0.063,-1.000,-1.000,1,1,-0.000,0.000,0.000,0,1.000,0,0,0.0576,0.2538,-0.0017,0.0564
421,3,1,0,0.016,-0.063,-1.000,-1.000,1,1,-0.000,0.000,0.000,0,1.000,0,0,0.0576,0.2538,-0.0017,0.0564
422,3,1,0,0.000,-0.047,-1.000,-1.000,1,1,-0.000,0.000,0.000,0,1.000,0,0,0.0576,0.2538,-0.0017,0.0564
423,3,1,0,-0.047,0.016,-1.000,-1.000,1,1,-0.000,0.000,0.000,0,1.000,0,0,0.0576,0.2538,-0.0017,0.0564
424,3,1,0,-0.047,0.016,-1.000,-1.000,1,1,-0.000,0.000,0.000,0,1.000,0,0,0.0576,0.2538,-0.0017,0.0564
425,3,1,0,-0.047,0.016,-1.000,-1.000,1,1,-0.000,0.000,0.000,0,1.000,0,0,0.0576,0.2538,-0.0017,0.0564
426,3,1,0,-0.047,0.024,-1.000,-1.000,1,1,-0.000,0.000,0.000,0,1.000,0,0,0.0576,0.2538,-0.0017,0.0564
427,3,1,0,-0.110,0.346,-1.000,-1.000,1,1,-0.000,0.129,0.000,0,1.000,0,0,0.0576,0.2538,-0.0016,0.0564
428,3,1,0,-0.197,0.488,-1.000,-1.000,1,1,-0.000,0.318,0.000,0,1.000,0,0,0.0576,0.2538,-0.0014,0.0565
429,3,1,0,-0.535,0.386,-1.000,-1.000,1,1,0.381,0.181,0.000,0,1.000,0,0,0.0576,0.2540,-0.0011,0.0566
430,3,1,0,-0.504,0.213,-1.000,-1.000,1,1,0.339,0.000,0.000,0,1.000,0,0,0.0576,0.2544,-0.0010,0.0565
431,3,1,0,-0.032,-0.016,-1.000,-1.000,1,1,-0.000,0.000,0.000,0,1.000,0,0,0.0576,0.2546,-0.0010,0.0565
432,3,1,0,0.000,-0.032,-1.000,-1.000,1,1,-0.000,0.000,0.000,0,1.000,0,0,0.0576,0.2546,-0.0010,0.0565
433,3,1,0,0.031,-0.032,-1.000,-1.000,1,1,-0.000,0.000,0.000,0,1.000,0,0,0.0576,0.2546,-0.0010,0.0565
434,3,1,0,0.031,-0.024,-1.000,-1.000,1,1,-0.000,0.000,0.000,0,1.000,0,0,0.0576,0.2546,-0.0010,0.0565
435,3,1,0,0.031,-0.016,-1.000,-1.000,1,1,-0.000,0.000,0.000,0,1.000,0,0,0.0576,0.2546,-0.0010,0.0565
436,3,1,0,0.496,-0.158,-1.000,-1.000,1,1,-0.328,0.000,0.000,0,1.000,0,0,0.0576,0.2544,-0.0010,0.0566
437,3,1,0,1.000,-0.346,-1.000,-1.000,1,1,-1.000,-0.129,0.000,0,1.000,0,0,0.0576,0.2535,-0.0011,0.0566
438,3,1,0,0.929,-0.528,-1.000,-1.000,1,1,-0.905,-0.370,0.000,0,1.000,0,0,0.0576,0.2524,-0.0013,0.0568
439,3,1,0,0.165,-0.252,-1.000,-1.000,1,1,-0.000,-0.003,0.000,0,1.000,0,0,0.0576,0.2516,-0.0019,0.0571
440,3,1,0,0.024,-0.055,-1.000,-1.000,1,1,-0.000,0.000,0.000,0,1.000,0,0,0.0576,0.2517,-0.0017,0.0571
441,3,1,0,0.024,-0.055,-1.000,-1.000,1,1,-0.000,0.000,0.000,0,1.000,0,0,0.0576,0.2517,-0.0017,0.0570
442,3,1,0,0.000,-0.032,-1.000,-1.000,1,1,-0.000,0.000,0.000,0,1.000,0,0,0.0576,0.2517,-0.0017,0.0570
443,3,1,0,-0.126,0.047,-1.000,-1.000,1,1,-0.000,0.000,0.000,0,1.000,0,0,0.0576,0.2517,-0.0017,0.0570
444,3,1,0,-0.827,0.228,-1.000,-1.000,1,1,0.769,0.000,0.000,0,1.000,0,0,0.0576,0.2524,-0.0017,0.0569
445,3,1,0,-1.000,0.047,-1.000,-1.000,1,1,1.000,0.000,0.000,0,1.000,0,0,0.0576,0.2536,-0.0017,0.0565
446,3,1,0,-1.000,-0.205,-1.000,-1.000,1,1,1.000,0.000,0.000,0,1.000,0,0,0.0576,0.2547,-0.0018,0.0564
447,3,1,0,-0.953,-0.457,-1.000,-1.000,1,1,0.937,-0.276,0.000,0,1.000,0,0,0.0576,0.2559,-0.0021,0.0564
448,3,1,0,-0.055,-0.039,-1.000,-1.000,1,1,-0.000,0.000,0.000,0,1.000,0,0,0.0576,0.2564,-0.0023,0.0565
449,3,1,0,-0.016,-0.039,-1.000,-1.000,1,1,-0.000,0.000,0.000,0,1.000,0,0,0.0576,0.2564,-0.0022,0.0565
450,3,1,0,0.008,-0.039,-1.000,-1.000,1,1,-0.000,0.000,0.000,0,1.000,0,0,0.0576,0.2565,-0.0022,0.0565
451,3,1,0,0.024,-0.039,-1.000,-1.000,1,1,-0.000,0.000,0.000,0,1.000,0,0,0.0576,0.2565,-0.0022,0.0565
452,3,1,0,0.102,-0.079,-1.000,-1.000,1,1,-0.000,0.000,0.000,0,1.000,0,0,0.0576,0.2565,-0.0022,0.0565
453,3,1,0,0.197,-0.087,-1.000,-1.000,1,1,-0.000,0.000,0.000,0,1.000,0,0,0.0576,0.2565,-0.0022,0.0565
454,3,1,0,0.220,-0.032,-1.000,-1.000,1,1,-0.000,0.000,0.000,0,1.000,0,0,0.0576,0.2565,-0.0022,0.0565
455,3,1,0,0.055,-0.047,-1.000,-1.000,1,1,-0.000,0.000,0.000,0,1.000,0,0,0.0576,0.2565,-0.0022,0.0565
456,3,1,0,0.008,-0.047,-1.000,-1.000,1,1,-0.000,0.000,0.000,0,1.000,0,0,0.0576,0.2565,-0.0022,0.0565
457,3,1,0,-0.559,-0.032,-1.000,-1.000,1,1,0.412,0.000,0.000,0,1.000,0,0,0.0576,0.2567,-0.0022,0.0566
458,3,1,0,-1.000,-0.024,-1.000,-1.000,1,1,1.000,0.000,0.000,0,1.000,0,0,0.0576,0.2576,-0.0022,0.0565
459,3,1,0,-1.000,0.102,-1.000,-1.000,1,1,1.000,0.000,0.000,1,1.000,1,0,0.0576,0.2585,-0.0024,0.0566
460,3,1,0,-1.000,0.157,-1.000,-1.000,1,1,1.000,0.000,0.000,1,1.000,1,0,0.0576,0.2593,-0.0023,0.0567
461,3,1,0,-1.000,0.157,-1.000,-1.000,1,1,1.000,0.000,0.000,1,1.000,1,0,0.0576,0.2600,-0.0024,0.0567
462,3,1,0,-0.213,0.142,-1.000,-1.000,1,1,-0.000,0.000,0.000,1,1.000,1,0,0.0576,0.2601,-0.0024,0.0568
463,3,1,0,0.000,-0.008,-1.000,-1.000,1,1,-0.000,0.000,0.000,1,1.000,1,0,0.0576,0.2601,-0.0024,0.0568
464,3,1,0,0.063,-0.039,-1.000,-1.000,1,1,-0.000,0.000,0.000,1,1.000,1,0,0.0576,0.2600,-0.0024,0.0568
465,3,1,0,0.646,-0.039,-1.000,-1.000,1,1,-0.528,0.000,0.000,1,1.000,1,0,0.0576,0.2599,-0.0024,0.0569
466,3,1,0,1.000,-0.150,-1.000,-1.000,1,1,-1.000,0.000,0.000,1,1.000,1,0,0.0576,0.2595,-0.0024,0.0569
467,3,1,0,1.000,-0.205,-1.000,-1.000,1,1,-1.000,0.000,0.000,1,1.000,1,0,0.0576,0.2587,-0.0024,0.0569
468,3,1,0,1.000,-0.205,-1.000,-1.000,1,1,-1.000,0.000,0.000,1,1.000,1,0,0.0576,0.2579,-0.0024,0.0569
469,3,1,0,1.000,-0.205,-1.000,-1.000,1,1,-1.000,0.000,0.000,0,1.000,0,0,0.0576,0.2569,-0.0024,0.0568
470,3,1,0,1.000,-0.213,-1.000,-1.000,1,1,-1.000,0.000,0.000,0,1.000,0,0,0.0576,0.2559,-0.0024,0.0567
471,3,1,0,1.000,-0.213,-1.000,-1.000,1,1,-1.000,0.000,0.000,0,1.000,0,0,0.0576,0.2546,-0.0023,0.0567
472,3,1,0,0.748,-0.228,-1.000,-1.000,1,1,-0.664,0.000,0.000,0,1.000,0,0,0.0576,0.2536,-0.0024,0.0569
473,3,1,0,0.142,-0.126,-1.000,-1.000,1,1,-0.000,0.000,0.000,0,1.000,0,0,0.0576,0.2533,-0.0024,0.0569
474,3,1,0,0.031,-0.063,-1.000,-1.000,1,1,-0.000,0.000,0.000,0,1.000,0,0,0.0576,0.2533,-0.0024,0.0569
475,3,1,0,0.008,-0.063,-1.000,-1.000,1,1,-0.000,0.000,0.000,0,1.000,0,0,0.0576,0.2533,-0.0024,0.0568
476,3,1,0,-0.032,-0.047,-1.000,-1.000,1,1,-0.000,0.000,0.000,0,1.000,0,0,0.0576,0.2533,-0.0024,0.0568
477,3,1,0,-0.457,0.071,-1.000,-1.000,1,1,0.276,0.000,0.000,0,1.000,0,0,0.0576,0.2534,-0.0024,0.0568
478,3,1,0,-1.000,0.102,-1.000,-1.000,1,1,1.000,0.000,0.000,0,1.000,0,0,0.0576,0.2542,-0.0024,0.0567
479,3,1,0,-1.000,-0.039,-1.000,-1.000,1,1,1.000,0.000,0.000,0,1.000,0,0,0.0576,0.2555,-0.0024,0.0566
480,3,1,0,-0.984,-0.323,-1.000,-1.000,1,1,0.979,-0.097,0.000,0,1.000,0,0,0.0576,0.2566,-0.0025,0.0567
481,3,1,0,-0.331,-0.213,-1.000,-1.000,1,1,0.108,0.000,0.000,0,1.000,0,0,0.0576,0.2572,-0.0026,0.0567
482,3,1,0,0.031,-0.016,-1.000,-1.000,1,1,-0.000,0.000,0.000,0,1.000,0,0,0.0576,0.2573,-0.0026,0.0567
483,3,1,0,0.496,-0.110,-1.000,-1.000,1,1,-0.328,0.000,0.000,0,1.000,0,0,0.0576,0.2572,-0.0026,0.0568
484,3,1,0,1.000,-0.134,-1.000,-1.000,1,1,-1.000,0.000,0.000,0,1.000,0,0,0.0576,0.2563,-0.0026,0.0568
485,3,1,0,1.000,-0.134,-1.000,-1.000,1,1,-1.000,0.000,0.000,0,1.000,0,0,0.0576,0.2550,-0.0025,0.0568
486,3,1,0,1.000,-0.134,-1.000,-1.000,1,1,-1.000,0.000,0.000,0,1.000,0,0,0.0576,0.2539,-0.0026,0.0568
487,3,1,0,1.000,-0.134,-1.000,-1.000,1,1,-1.000,0.000,0.000,0,1.000,0,0,0.0576,0.2525,-0.0026,0.0570
488,3,1,0,0.827,-0.165,-1.000,-1.000,1,1,-0.769,0.000,0.000,0,1.000,0,0,0.0576,0.2512,-0.0027,0.0574
489,3,1,0,0.016,-0.063,-1.000,-1.000,1,1,-0.000,0.000,0.000,0,1.000,0,0,0.0576,0.2508,-0.0026,0.0575
490,3,1,0,0.016,-0.055,-1.000,-1.000,1,1,-0.000,0.000,0.000,0,1.000,0,0,0.0576,0.2508,-0.0026,0.0575
491,3,1,0,0.016,-0.055,1.000,-1.000,1,1,-0.000,0.000,1.000,0,0.843,0,0,0.0583,0.2507,-0.0027,0.0575
492,3,1,0,0.016,-0.055,1.000,-1.000,1,1,-0.000,0.000,1.000,0,0.687,0,0,0.0589,0.2507,-0.0027,0.0579
493,3,1,0,0.016,-0.055,1.000,-1.000,1,1,-0.000,0.000,1.000,0,0.530,0,0,0.0596,0.2505,-0.0027,0.0586
494,3,1,0,0.016,-0.055,1.000,-1.000,1,1,-0.000,0.000,1.000,0,0.373,0,0,0.0602,0.2502,-0.0027,0.0592
495,3,1,0,0.016,-0.055,1.000,-1.000,1,1,-0.000,0.000,1.000,0,0.216,0,0,0.0609,0.2498,-0.0029,0.0600
496,3,1,0,0.016,-0.213,1.000,-1.000,1,1,-0.000,0.000,1.000,0,0.060,0,0,0.0615,0.2497,-0.0029,0.0606
497,3,1,0,0.016,-0.441,1.000,-1.000,1,1,-0.000,-0.255,1.000,0,0.000,0,0,0.0618,0.2493,-0.0032,0.0611
498,3,1,0,-0.181,-0.992,1.000,-1.000,1,1,-0.000,-0.990,1.000,0,0.000,0,0,0.0618,0.2490,-0.0043,0.0614
499,3,1,0,-0.181,-1.000,1.000,-1.000,1,1,-0.000,-1.000,1.000,0,0.000,0,0,0.0618,0.2488,-0.0063,0.0616
500,3,1,0,-0.181,-1.000,1.000,-1.000,1,1,-0.000,-1.000,1.000,0,0.000,0,0,0.0618,0.2488,-0.0081,0.0613
501,3,1,0,-0.181,-1.000,1.000,-1.000,1,1,-0.000,-1.000,1.000,0,0.000,0,0,0.0618,0.2487,-0.0099,0.0614
502,3,1,0,-0.228,-1.000,1.000,-1.000,1,1,-0.000,-1.000,1.000,0,0.000,0,0,0.0618,0.2487,-0.0113,0.0612
503,3,1,0,-0.181,-0.165,1.000,-1.000,1,1,-0.000,0.000,1.000,0,0.000,0,0,0.0618,0.2486,-0.0130,0.0613
504,3,1,0,-0.039,-0.032,1.000,-1.000,1,1,-0.000,0.000,1.000,0,0.000,0,0,0.0618,0.2482,-0.0145,0.0615
505,3,1,0,-0.039,-0.118,1.000,-1.000,1,1,-0.000,0.000,1.000,0,0.000,0,0,0.0618,0.2477,-0.0156,0.0620
506,4,1,0,-0.150,-1.000,1.000,-1.000,1,1,-0.000,-1.000,1.000,0,0.000,0,0,0.0615,0.2498,-0.0043,0.0616
507,4,1,0,-0.150,-1.000,1.000,-1.000,1,1,-0.000,-1.000,1.000,0,0.000,0,0,0.0615,0.2497,-0.0061,0.0617
508,4,1,0,-0.008,-0.346,1.000,-1.000,1,1,-0.000,-0.129,1.000,0,0.000,0,0,0.0615,0.2497,-0.0078,0.0616
509,4,1,0,-0.008,-0.622,1.000,-1.000,1,1,-0.000,-0.496,1.000,0,0.000,0,0,0.0615,0.2494,-0.0092,0.0619
510,4,1,0,-0.102,-1.000,1.000,-1.000,1,1,-0.000,-1.000,1.000,0,0.000,0,0,0.0615,0.2494,-0.0109,0.0621
511,4,1,0,-0.110,-1.000,1.000,-1.000,1,1,-0.000,-1.000,1.000,0,0.000,0,0,0.0615,0.2494,-0.0124,0.0623
512,4,1,0,-0.110,-1.000,1.000,-1.000,1,1,-0.000,-1.000,1.000,0,0.000,0,0,0.0615,0.2494,-0.0138,0.0623
513,4,1,0,-0.110,-1.000,1.000,-1.000,1,1,-0.000,-1.000,1.000,0,0.000,0,0,0.0615,0.2494,-0.0154,0.0624
514,4,1,0,-0.102,-1.000,1.000,-1.000,1,1,-0.000,-1.000,1.000,0,0.000,0,0,0.0615,0.2494,-0.0170,0.0625
515,4,1,0,-0.110,-1.000,1.000,-1.000,1,1,-0.000,-1.000,1.000,0,0.000,0,0,0.0615,0.2495,-0.0185,0.0627
516,4,1,0,-0.102,-1.000,1.000,-1.000,1,1,-0.000,-1.000,1.000,0,0.000,0,0,0.0615,0.2495,-0.0199,0.0627
517,4,1,0,-0.110,-1.000,1.000,-1.000,1,1,-0.000,-1.000,1.000,0,0.000,0,0,0.0615,0.2495,-0.0215,0.0628
518,4,1,0,-0.102,-1.000,1.000,-1.000,1,1,-0.000,-1.000,1.000,0,0.000,0,0,0.0615,0.2495,-0.0230,0.0629
519,4,1,0,-0.102,-0.654,1.000,-1.000,1,1,-0.000,-0.538,1.000,0,0.000,0,0,0.0615,0.2495,-0.0244,0.0631
520,4,1,0,0.008,-0.063,1.000,-1.000,1,1,-0.000,0.000,1.000,0,0.000,0,0,0.0615,0.2495,-0.0257,0.0634
521,4,1,0,0.016,0.008,1.000,-1.000,1,1,-0.000,0.000,1.000,0,0.000,0,0,0.0615,0.2493,-0.0270,0.0637
522,4,1,0,0.480,0.866,1.000,-1.000,1,1,-0.307,0.821,1.000,0,0.000,0,0,0.0615,0.2488,-0.0281,0.0642
523,4,1,0,0.480,0.913,1.000,-1.000,1,1,-0.307,0.884,1.000,0,0.000,0,0,0.0615,0.2475,-0.0285,0.0651
524,4,1,0,0.480,0.921,1.000,-1.000,1,1,-0.307,0.895,1.000,0,0.000,0,0,0.0615,0.2459,-0.0280,0.0659
525,4,1,0,0.480,0.913,1.000,-1.000,1,1,-0.307,0.884,1.000,0,0.000,0,0,0.0615,0.2442,-0.0265,0.0667
526,4,1,0,0.480,0.913,1.000,-1.000,1,1,-0.307,0.884,1.000,0,0.000,0,0,0.0615,0.2436,-0.0250,0.0665
527,4,1,0,0.488,0.913,1.000,-1.000,1,1,-0.318,0.884,1.000,0,0.000,0,0,0.0615,0.2430,-0.0236,0.0663
528,4,1,0,0.528,0.913,1.000,-1.000,1,1,-0.370,0.884,1.000,0,0.000,0,0,0.0615,0.2424,-0.0224,0.0661
529,4,1,0,0.528,0.913,1.000,-1.000,1,1,-0.370,0.884,1.000,0,0.000,0,0,0.0615,0.2418,-0.0211,0.0660
530,4,1,0,0.528,0.913,1.000,-1.000,1,1,-0.370,0.884,1.000,0,0.000,0,0,0.0615,0.2412,-0.0199,0.0658
531,4,1,0,0.528,0.850,1.000,-1.000,1,1,-0.370,0.800,1.000,0,0.000,0,0,0.0615,0.2405,-0.0187,0.0656
532,4,1,0,-0.047,-0.032,1.000,-1.000,1,1,-0.000,0.000,1.000,0,0.000,0,0,0.0615,0.2400,-0.0177,0.0655
533,4,1,0,-1.000,0.055,1.000,-1.000,1,1,1.000,0.000,1.000,0,0.000,0,0,0.0615,0.2395,-0.0166,0.0655
534,4,1,0,-1.000,0.094,1.000,-1.000,1,1,1.000,0.000,1.000,0,0.000,0,0,0.0615,0.2401,-0.0156,0.0654
535,4,1,0,-1.000,0.094,1.000,-1.000,1,1,1.000,0.000,1.000,0,0.000,0,0,0.0615,0.2418,-0.0151,0.0652
536,4,1,0,-1.000,0.094,1.000,-1.000,1,1,1.000,0.000,1.000,0,0.000,0,0,0.0615,0.2436,-0.0150,0.0650
537,4,1,0,-1.000,0.016,1.000,-1.000,1,1,1.000,0.000,1.000,0,0.000,0,0,0.0615,0.2457,-0.0151,0.0644
538,4,1,0,-0.150,-0.008,1.000,-1.000,1,1,-0.000,0.000,1.000,0,0.000,0,0,0.0615,0.2467,-0.0153,0.0641
539,4,1,0,-0.244,-0.008,1.000,-1.000,1,1,-0.000,0.000,1.000,0,0.000,0,0,0.0615,0.2464,-0.0156,0.0640
540,4,1,0,-0.016,-0.024,1.000,-1.000,1,1,-0.000,0.000,1.000,0,0.000,0,0,0.0615,0.2463,-0.0158,0.0642
541,4,1,0,0.039,-0.032,1.000,-1.000,1,1,-0.000,0.000,1.000,0,0.000,0,0,0.0615,0.2461,-0.0159,0.0643
542,4,1,0,0.866,-0.110,1.000,-1.000,1,1,-0.821,0.000,1.000,0,0.000,0,0,0.0615,0.2451,-0.0162,0.0644
543,4,1,0,1.000,-0.197,1.000,-1.000,1,1,-1.000,0.000,1.000,0,0.000,0,0,0.0615,0.2427,-0.0164,0.0649
544,4,1,0,1.000,-0.213,1.000,-1.000,1,1,-1.000,0.000,1.000,0,0.000,0,0,0.0615,0.2402,-0.0166,0.0656
545,4,1,0,1.000,-0.213,1.000,-1.000,1,1,-1.000,0.000,1.000,0,0.000,0,0,0.0615,0.2378,-0.0168,0.0661
546,4,1,0,1.000,-0.213,1.000,-1.000,1,1,-1.000,0.000,1.000,0,0.000,0,0,0.0615,0.2350,-0.0169,0.0666
547,4,1,0,1.000,-0.213,1.000,-1.000,1,1,-1.000,0.000,1.000,0,0.000,0,0,0.0615,0.2324,-0.0171,0.0672
548,4,1,0,0.905,-0.213,1.000,-1.000,1,1,-0.874,0.000,1.000,0,0.000,0,0,0.0615,0.2299,-0.0172,0.0678
549,4,1,0,-0.055,-0.008,1.000,-1.000,1,1,-0.000,0.000,1.000,0,0.000,0,0,0.0615,0.2286,-0.0174,0.0682
550,4,1,0,-1.000,0.087,1.000,-1.000,1,1,1.000,0.000,1.000,0,0.000,0,0,0.0615,0.2293,-0.0175,0.0682
551,4,1,0,-1.000,0.087,1.000,-1.000,1,1,1.000,0.000,1.000,0,0.000,0,0,0.0615,0.2314,-0.0177,0.0678
552,4,1,0,-1.000,0.094,1.000,-1.000,1,1,1.000,0.000,1.000,0,0.000,0,0,0.0615,0.2333,-0.0179,0.0672
553,4,1,0,-1.000,0.094,1.000,-1.000,1,1,1.000,0.000,1.000,0,0.000,0,0,0.0615,0.2355,-0.0182,0.0669
554,4,1,0,-1.000,0.094,1.000,-1.000,1,1,1.000,0.000,1.000,0,0.000,0,0,0.0615,0.2374,-0.0184,0.0666
555,4,1,0,-1.000,0.094,1.000,-1.000,1,1,1.000,0.000,1.000,0,0.000,0,0,0.0615,0.2397,-0.0187,0.0662
556,4,1,0,-1.000,0.094,1.000,-1.000,1,1,1.000,0.000,1.000,0,0.000,0,0,0.0615,0.2418,-0.0190,0.0658
557,4,1,0,-1.000,0.094,1.000,-1.000,1,1,1.000,0.000,1.000,0,0.000,0,0,0.0615,0.2440,-0.0193,0.0654
558,4,1,0,-1.000,0.094,1.000,-1.000,1,1,1.000,0.000,1.000,0,0.000,0,0,0.0615,0.2460,-0.0195,0.0650
559,4,1,0,-1.000,0.094,1.000,-1.000,1,1,1.000,0.000,1.000,0,0.000,0,0,0.0615,0.2483,-0.0198,0.0647
560,4,1,0,-1.000,0.094,1.000,-1.000,1,1,1.000,0.000,1.000,0,0.000,0,0,0.0615,0.2504,-0.0201,0.0643
561,4,1,0,-1.000,0.094,1.000,-1.000,1,1,1.000,0.000,1.000,0,0.000,0,0,0.0615,0.2527,-0.0204,0.0639
562,4,1,0,-0.575,0.087,1.000,-1.000,1,1,0.433,0.000,1.000,0,0.000,0,0,0.0615,0.2540,-0.0207,0.0636
563,4,1,0,-0.063,-0.472,1.000,-1.000,1,1,-0.000,-0.297,1.000,0,0.000,0,0,0.0615,0.2544,-0.0212,0.0635
564,4,1,0,-0.213,-1.000,1.000,-1.000,1,1,-0.000,-1.000,1.000,0,0.000,0,0,0.0615,0.2543,-0.0227,0.0638
565,4,1,0,-0.071,-1.000,1.000,-1.000,1,1,-0.000,-1.000,1.000,0,0.000,0,0,0.0615,0.2543,-0.0241,0.0642
566,4,1,0,-0.071,-1.000,1.000,-1.000,1,1,-0.000,-1.000,1.000,0,0.000,0,0,0.0615,0.2543,-0.0257,0.0641
567,4,1,0,-0.071,-1.000,1.000,-1.000,1,1,-0.000,-1.000,1.000,0,0.000,0,0,0.0615,0.2543,-0.0272,0.0643
568,4,1,0,-0.071,-1.000,1.000,-1.000,1,1,-0.000,-1.000,1.000,0,0.000,0,0,0.0615,0.2543,-0.0287,0.0644
569,4,1,0,-0.071,-1.000,1.000,-1.000,1,1,-0.000,-1.000,1.000,0,0.000,0,0,0.0615,0.2543,-0.0299,0.0648
570,4,1,0,-0.071,-1.000,1.000,-1.000,1,1,-0.000,-1.000,1.000,0,0.000,0,0,0.0615,0.2541,-0.0311,0.0656
571,4,1,0,-0.071,-1.000,1.000,-1.000,1,1,-0.000,-1.000,1.000,0,0.000,0,0,0.0615,0.2539,-0.0321,0.0665
572,4,1,0,-0.071,-1.000,1.000,-1.000,1,1,-0.000,-1.000,1.000,0,0.000,0,0,0.0615,0.2536,-0.0327,0.0672
573,4,1,0,0.047,-0.158,1.000,-1.000,1,1,-0.000,0.000,1.000,0,0.000,0,0,0.0615,0.2534,-0.0329,0.0678
574,4,1,0,0.551,0.898,1.000,-1.000,1,1,-0.402,0.863,1.000,0,0.000,0,0,0.0615,0.2527,-0.0319,0.0680
575,4,1,0,0.551,0.898,1.000,-1.000,1,1,-0.402,0.863,1.000,0,0.000,0,0,0.0615,0.2516,-0.0306,0.0679
576,4,1,0,0.551,0.898,1.000,-1.000,1,1,-0.402,0.863,1.000,0,0.000,0,0,0.0615,0.2510,-0.0292,0.0680
577,4,1,0,0.551,0.898,1.000,-1.000,1,1,-0.402,0.863,1.000,0,0.000,0,0,0.0615,0.2502,-0.0279,0.0678
578,4,1,0,0.551,0.898,1.000,-1.000,1,1,-0.402,0.863,1.000,0,0.000,0,0,0.0615,0.2495,-0.0266,0.0677
579,4,1,0,0.551,0.898,1.000,-1.000,1,1,-0.402,0.863,1.000,0,0.000,0,0,0.0615,0.2488,-0.0254,0.0675
580,4,1,0,0.551,0.898,1.000,-1.000,1,1,-0.402,0.863,1.000,0,0.000,0,0,0.0615,0.2482,-0.0243,0.0674
581,4,1,0,0.551,0.898,1.000,-1.000,1,1,-0.402,0.863,1.000,0,0.000,0,0,0.0615,0.2476,-0.0231,0.0672
582,4,1,0,0.551,0.898,1.000,-1.000,1,1,-0.402,0.863,1.000,0,0.000,0,0,0.0615,0.2469,-0.0219,0.0670
583,4,1,0,0.551,0.898,1.000,-1.000,1,1,-0.402,0.863,1.000,0,0.000,0,0,0.0615,0.2463,-0.0207,0.0669
584,4,1,0,0.559,0.898,1.000,-1.000,1,1,-0.412,0.863,1.000,0,0.000,0,0,0.0615,0.2457,-0.0197,0.0668
585,4,1,0,0.559,0.898,1.000,-1.000,1,1,-0.412,0.863,1.000,0,0.000,0,0,0.0615,0.2450,-0.0185,0.0666
586,4,1,0,-0.543,0.905,1.000,-1.000,1,1,0.391,0.874,1.000,0,0.000,0,0,0.0615,0.2446,-0.0173,0.0665
587,4,1,0,-0.693,0.795,1.000,-1.000,1,1,0.591,0.727,1.000,0,0.000,0,0,0.0615,0.2443,-0.0160,0.0663
588,4,1,0,-0.685,0.803,1.000,-1.000,1,1,0.580,0.738,1.000,0,0.000,0,0,0.0615,0.2442,-0.0148,0.0661
589,4,1,0,-0.661,0.803,1.000,-1.000,1,1,0.549,0.738,1.000,0,0.000,0,0,0.0615,0.2442,-0.0134,0.0658
590,4,1,0,-0.646,0.835,1.000,-1.000,1,1,0.528,0.780,1.000,0,0.000,0,0,0.0615,0.2444,-0.0120,0.0656
591,4,1,0,-0.866,0.598,1.000,-1.000,1,1,0.822,0.465,1.000,0,0.000,0,0,0.0615,0.2447,-0.0105,0.0652
592,4,1,0,-0.047,-0.079,1.000,-1.000,1,1,-0.000,0.000,1.000,0,0.000,0,0,0.0615,0.2450,-0.0092,0.0649
593,4,1,0,-0.102,-1.000,1.000,-1.000,1,1,-0.000,-1.000,1.000,0,0.000,0,0,0.0615,0.2451,-0.0080,0.0646
594,4,1,0,-0.063,-1.000,1.000,-1.000,1,1,-0.000,-1.000,1.000,0,0.000,0,0,0.0615,0.2449,-0.0074,0.0647
595,4,1,0,-0.047,-1.000,1.000,-1.000,1,1,-0.000,-1.000,1.000,0,0.000,0,0,0.0615,0.2445,-0.0083,0.0652
596,4,1,0,-0.047,-1.000,1.000,-1.000,1,1,-0.000,-1.000,1.000,0,0.000,0,0,0.0615,0.2438,-0.0104,0.0661
597,4,1,0,-0.047,-1.000,1.000,-1.000,1,1,-0.000,-1.000,1.000,0,0.000,0,0,0.0615,0.2437,-0.0122,0.0665
598,4,1,0,-0.047,-1.000,1.000,-1.000,1,1,-0.000,-1.000,1.000,0,0.000,0,0,0.0615,0.2437,-0.0139,0.0664
599,4,1,0,-0.047,-1.000,1.000,-1.000,1,1,-0.000,-1.000,1.000,0,0.000,0,0,0.0615,0.2438,-0.0155,0.0665
600,4,1,0,-0.047,-1.000,1.000,-1.000,1,1,-0.000,-1.000,1.000,0,0.000,0,0,0.0615,0.2438,-0.0172,0.0666
601,4,1,0,-0.047,-1.000,1.000,-1.000,1,1,-0.000,-1.000,1.000,0,0.000,0,0,0.0615,0.2439,-0.0189,0.0667
602,4,1,0,-0.047,-1.000,1.000,-1.000,1,1,-0.000,-1.000,1.000,0,0.000,0,0,0.0615,0.2439,-0.0205,0.0668
603,4,1,0,-0.047,-1.000,1.000,-1.000,1,1,-0.000,-1.000,1.000,0,0.000,0,0,0.0615,0.2439,-0.0220,0.0669
604,4,1,0,-0.047,-1.000,1.000,-1.000,1,1,-0.000,-1.000,1.000,0,0.000,0,0,0.0615,0.2440,-0.0235,0.0670
605,4,1,0,-0.047,-0.961,1.000,-1.000,1,1,-0.000,-0.948,1.000,0,0.000,0,0,0.0615,0.2440,-0.0250,0.0672
606,4,1,0,0.016,0.252,1.000,-1.000,1,1,-0.000,0.003,1.000,0,0.000,0,0,0.0615,0.2439,-0.0265,0.0675
607,4,1,0,0.339,0.709,1.000,-1.000,1,1,-0.118,0.612,1.000,0,0.000,0,0,0.0615,0.2435,-0.0278,0.0679
608,4,1,0,0.394,0.968,1.000,-1.000,1,1,-0.192,0.958,1.000,0,0.000,0,0,0.0615,0.2425,-0.0286,0.0689
609,4,1,0,0.394,0.976,1.000,-1.000,1,1,-0.192,0.968,1.000,0,0.000,0,0,0.0615,0.2409,-0.0280,0.0698
610,4,1,0,0.402,0.968,1.000,-1.000,1,1,-0.202,0.958,1.000,0,0.000,0,0,0.0615,0.2399,-0.0269,0.0702
611,4,1,0,0.000,-0.032,1.000,-1.000,1,1,-0.000,0.000,1.000,0,0.000,0,0,0.0615,0.2394,-0.0258,0.0699
612,4,1,0,0.000,-0.032,-1.000,-1.000,1,1,-0.000,0.000,0.000,0,0.333,0,0,0.0602,0.2389,-0.0257,0.0699
613,4,1,0,0.000,-0.032,-1.000,-1.000,1,1,-0.000,0.000,0.000,0,0.667,0,0,0.0589,0.2385,-0.0258,0.0686
614,4,1,0,0.000,-0.032,-1.000,-1.000,1,1,-0.000,0.000,0.000,0,1.000,0,0,0.0576,0.2381,-0.0260,0.0671
615,4,1,0,0.000,-0.032,-1.000,-1.000,1,1,-0.000,0.000,0.000,0,1.000,0,0,0.0576,0.2379,-0.0260,0.0661
616,4,1,0,0.000,-0.032,-1.000,-1.000,1,1,-0.000,0.000,0.000,0,1.000,0,0,0.0576,0.2380,-0.0262,0.0662
617,4,1,0,0.000,-0.032,-1.000,-1.000,1,1,-0.000,0.000,0.000,0,1.000,0,0,0.0576,0.2380,-0.0262,0.0663
618,4,1,0,0.000,-0.032,-1.000,-1.000,1,1,-0.000,0.000,0.000,0,1.000,0,0,0.0576,0.2380,-0.0262,0.0664
619,4,1,0,0.000,-0.032,-1.000,-1.000,1,1,-0.000,0.000,0.000,0,1.000,0,0,0.0576,0.2380,-0.0262,0.0664
620,4,1,0,0.000,-0.032,-1.000,-1.000,1,1,-0.000,0.000,0.000,0,1.000,0,0,0.0576,0.2380,-0.0262,0.0664
621,4,1,0,0.000,-0.032,-1.000,-1.000,1,1,-0.000,0.000,0.000,0,1.000,0,0,0.0576,0.2380,-0.0262,0.0664
622,4,0,0,0.000,-0.032,-1.000,-1.000,1,1,0.000,0.000,0.000,1,1.000,1,1,0.0576,0.2387,-0.0258,0.0661
623,4,0,0,0.000,-0.032,-1.000,-1.000,1,1,0.000,0.000,0.000,1,1.000,1,1,0.0576,0.2392,-0.0255,0.0658
624,4,0,0,0.000,-0.032,-1.000,-1.000,1,1,0.000,0.000,0.000,1,1.000,1,1,0.0576,0.2397,-0.0252,0.0655
625,4,0,0,0.000,-0.032,-1.000,-1.000,1,1,0.000,0.000,0.000,1,1.000,1,1,0.0576,0.2401,-0.0250,0.0652
626,4,0,0,0.000,-0.032,-1.000,-1.000,1,1,0.000,0.000,0.000,1,1.000,1,1,0.0576,0.2406,-0.0247,0.0649
627,4,0,0,0.000,-0.032,-1.000,-1.000,1,1,0.000,0.000,0.000,1,1.000,1,1,0.0576,0.2410,-0.0244,0.0646
628,4,0,0,0.000,-0.032,-1.000,-1.000,1,1,0.000,0.000,0.000,1,1.000,1,1,0.0576,0.2414,-0.0242,0.0644
629,4,0,0,0.000,-0.032,-1.000,-1.000,1,1,0.000,0.000,0.000,1,1.000,1,1,0.0576,0.2418,-0.0239,0.0642
630,4,0,0,0.000,-0.032,-1.000,-1.000,1,1,0.000,0.000,0.000,1,1.000,1,1,0.0576,0.2422,-0.0236,0.0639
631,4,0,0,0.000,-0.032,-1.000,-1.000,1,1,0.000,0.000,0.000,1,1.000,1,1,0.0576,0.2425,-0.0234,0.0638
632,4,0,0,0.000,-0.032,-1.000,-1.000,1,1,0.000,0.000,0.000,1,1.000,1,1,0.0576,0.2429,-0.0231,0.0635
633,4,1,0,0.000,-0.032,-1.000,-1.000,1,1,-0.000,0.000,0.000,0,1.000,0,0,0.0576,0.2392,-0.0254,0.0645
634,4,1,0,0.000,-0.032,-1.000,-1.000,1,1,-0.000,0.000,0.000,0,1.000,0,0,0.0576,0.2383,-0.0262,0.0673
635,4,1,1,0.000,-0.032,-1.000,-1.000,1,1,0.000,0.000,0.000,1,1.000,1,1,0.0576,0.2381,-0.0261,0.0667
636,5,1,0,-0.008,-0.032,-1.000,-1.000,1,1,-0.000,0.000,0.000,0,0.333,0,0,0.0604,0.2499,-0.0034,0.0616
637,5,1,0,-0.008,-0.032,-1.000,-1.000,1,1,-0.000,0.000,0.000,0,0.667,0,0,0.0590,0.2504,-0.0028,0.0610
638,5,1,0,-0.008,-0.032,-1.000,-1.000,1,1,-0.000,0.000,0.000,0,1.000,0,0,0.0576,0.2503,-0.0040,0.0595
639,5,1,0,0.000,-0.032,-1.000,-1.000,1,1,-0.000,0.000,0.000,0,1.000,0,0,0.0576,0.2501,-0.0030,0.0578
640,5,1,0,0.000,-0.032,-1.000,-1.000,1,1,-0.000,0.000,0.000,0,1.000,0,0,0.0576,0.2501,-0.0036,0.0579
641,5,1,0,-0.008,-0.032,-1.000,-1.000,1,1,-0.000,0.000,0.000,0,1.000,0,0,0.0576,0.2501,-0.0036,0.0579
642,5,1,0,0.000,-0.032,-1.000,-1.000,1,1,-0.000,0.000,0.000,0,1.000,0,0,0.0576,0.2501,-0.0036,0.0580
643,5,1,0,-0.008,-0.032,-1.000,-1.000,1,1,-0.000,0.000,0.000,0,1.000,0,0,0.0576,0.2501,-0.0036,0.0580
644,5,1,0,0.000,-0.032,-1.000,-1.000,1,1,-0.000,0.000,0.000,0,1.000,0,0,0.0576,0.2501,-0.0036,0.0580
645,5,1,0,0.000,-0.032,-1.000,-1.000,1,1,-0.000,0.000,0.000,0,1.000,0,0,0.0576,0.2501,-0.0036,0.0580
646,5,1,0,0.024,-0.032,-1.000,-1.000,1,1,-0.000,0.000,0.000,0,1.000,0,0,0.0576,0.2501,-0.0036,0.0580
647,5,1,0,0.031,-0.032,-1.000,-1.000,1,1,-0.000,0.000,0.000,0,1.000,0,0,0.0576,0.2501,-0.0036,0.0580
648,5,1,0,0.031,-0.032,-1.000,-1.000,1,1,-0.000,0.000,0.000,0,1.000,0,0,0.0576,0.2501,-0.0036,0.0580
649,5,1,0,0.031,-0.032,-1.000,-1.000,1,1,-0.000,0.000,0.000,0,1.000,0,0,0.0576,0.2501,-0.0036,0.0580
650,5,1,0,0.031,-0.016,-1.000,-1.000,1,1,-0.000,0.000,0.000,0,1.000,0,0,0.0576,0.2501,-0.0036,0.0580
651,5,1,0,0.024,-0.008,-1.000,-1.000,1,1,-0.000,0.000,0.000,0,1.000,0,0,0.0576,0.2501,-0.0036,0.0580
652,5,1,0,0.031,0.622,-1.000,-1.000,1,1,-0.000,0.496,0.000,0,1.000,0,0,0.0576,0.2501,-0.0033,0.0580
653,5,1,0,0.339,0.929,-1.000,-1.000,1,1,-0.118,0.905,0.000,0,1.000,0,0,0.0576,0.2500,-0.0020,0.0579
654,5,1,0,0.118,0.157,-1.000,-1.000,1,1,-0.000,0.000,0.000,0,1.000,0,0,0.0576,0.2500,-0.0010,0.0578
655,5,1,0,0.024,-0.039,-1.000,-1.000,1,1,-0.000,0.000,0.000,0,1.000,0,0,0.0576,0.2500,-0.0007,0.0580
656,5,1,0,0.024,-0.039,-1.000,-1.000,1,1,-0.000,0.000,0.000,0,1.000,0,0,0.0576,0.2499,-0.0007,0.0579
657,5,1,0,0.039,-0.213,-1.000,-1.000,1,1,-0.000,0.000,0.000,0,1.000,0,0,0.0576,0.2499,-0.0007,0.0579
658,5,1,0,0.047,-0.780,-1.000,-1.000,1,1,-0.000,-0.706,0.000,0,1.000,0,0,0.0576,0.2499,-0.0011,0.0579
659,5,1,0,0.016,-0.095,-1.000,-1.000,1,1,-0.000,0.000,0.000,0,1.000,0,0,0.0576,0.2498,-0.0019,0.0579
660,5,1,0,0.016,-0.039,-1.000,-1.000,1,1,-0.000,0.000,0.000,0,1.000,0,0,0.0576,0.2499,-0.0020,0.0578
661,5,1,0,0.016,-0.039,-1.000,-1.000,1,1,-0.000,0.000,0.000,0,1.000,0,0,0.0576,0.2499,-0.0020,0.0578
662,5,1,0,0.016,-0.039,-1.000,-1.000,1,1,-0.000,0.000,0.000,0,1.000,0,0,0.0576,0.2499,-0.0020,0.0578
663,5,1,0,-0.039,-0.016,-1.000,-1.000,1,1,-0.000,0.000,0.000,0,1.000,0,0,0.0576,0.2499,-0.0020,0.0578
664,5,1,0,-1.000,0.189,-1.000,-1.000,1,1,1.000,0.000,0.000,0,1.000,0,0,0.0576,0.2507,-0.0020,0.0578
665,5,1,0,-0.339,0.165,-1.000,-1.000,1,1,0.118,0.000,0.000,0,1.000,0,0,0.0576,0.2519,-0.0019,0.0570
666,5,1,0,0.000,-0.008,-1.000,-1.000,1,1,-0.000,0.000,0.000,0,1.000,0,0,0.0576,0.2519,-0.0019,0.0567
667,5,1,0,0.000,-0.008,-1.000,-1.000,1,1,-0.000,0.000,0.000,0,1.000,0,0,0.0576,0.2519,-0.0019,0.0568
668,5,1,0,0.000,-0.008,-1.000,-1.000,1,1,-0.000,0.000,0.000,0,1.000,0,0,0.0576,0.2519,-0.0019,0.0568
669,5,1,0,0.000,-0.008,-1.000,-1.000,1,1,-0.000,0.000,0.000,0,1.000,0,0,0.0576,0.2519,-0.0019,0.0568
670,5,1,0,-0.953,0.142,-1.000,-1.000,1,1,0.937,0.000,0.000,0,1.000,0,0,0.0576,0.2528,-0.0019,0.0568
671,5,1,0,-0.606,0.031,-1.000,-1.000,1,1,0.475,0.000,0.000,0,1.000,0,0,0.0576,0.2537,-0.0020,0.0566
672,5,1,0,-0.008,-0.008,-1.000,-1.000,1,1,-0.000,0.000,0.000,0,1.000,0,0,0.0576,0.2538,-0.0021,0.0565
673,5,1,0,-0.008,-0.008,-1.000,-1.000,1,1,-0.000,0.000,0.000,0,1.000,0,0,0.0576,0.2538,-0.0020,0.0565
674,5,1,0,-0.008,-0.008,-1.000,-1.000,1,1,-0.000,0.000,0.000,0,1.000,0,0,0.0576,0.2539,-0.0021,0.0565
675,5,1,0,-0.008,-0.008,-1.000,-1.000,1,1,-0.000,0.000,0.000,0,1.000,0,0,0.0576,0.2539,-0.0021,0.0565
676,5,1,0,0.000,-0.008,-1.000,-1.000,1,1,-0.000,0.000,0.000,0,1.000,0,0,0.0576,0.2539,-0.0021,0.0565
677,5,1,0,0.047,-0.008,-1.000,-1.000,1,1,-0.000,0.000,0.000,0,1.000,0,0,0.0576,0.2539,-0.0021,0.0565
678,5,1,0,0.055,-0.008,-1.000,-1.000,1,1,-0.000,0.000,0.000,0,1.000,0,0,0.0576,0.2539,-0.0021,0.0565
679,5,1,0,0.047,-0.008,-1.000,-1.000,1,1,-0.000,0.000,0.000,0,1.000,0,0,0.0576,0.2539,-0.0021,0.0565
680,5,1,0,0.047,-0.008,-1.000,-1.000,1,1,-0.000,0.000,0.000,0,1.000,0,0,0.0576,0.2539,-0.0021,0.0565
681,5,1,0,0.063,-0.008,-1.000,-1.000,1,1,-0.000,0.000,0.000,0,1.000,0,0,0.0576,0.2539,-0.0021,0.0565
682,5,1,0,0.748,-0.039,-1.000,-1.000,1,1,-0.664,0.000,0.000,0,1.000,0,0,0.0576,0.2535,-0.0021,0.0566
683,5,1,0,0.024,-0.039,-1.000,-1.000,1,1,-0.000,0.000,0.000,0,1.000,0,0,0.0576,0.2531,-0.0021,0.0567
684,5,1,0,0.008,-0.039,-1.000,-1.000,1,1,-0.000,0.000,0.000,0,1.000,0,0,0.0576,0.2531,-0.0021,0.0567
685,5,1,0,0.016,-0.039,-1.000,-1.000,1,1,-0.000,0.000,0.000,0,1.000,0,0,0.0576,0.2531,-0.0021,0.0567
686,5,1,0,0.008,-0.039,-1.000,-1.000,1,1,-0.000,0.000,0.000,0,1.000,0,0,0.0576,0.2531,-0.0021,0.0567
687,5,1,0,0.008,-0.039,-1.000,-1.000,1,1,-0.000,0.000,0.000,0,1.000,0,0,0.0576,0.2531,-0.0021,0.0567
688,5,1,0,0.008,-0.039,-1.000,-1.000,1,1,-0.000,0.000,0.000,0,1.000,0,0,0.0576,0.2531,-0.0021,0.0567
689,5,1,0,0.008,-0.039,-1.000,-1.000,1,1,-0.000,0.000,0.000,0,1.000,0,0,0.0576,0.2531,-0.0021,0.0567
690,5,1,0,0.008,-0.039,-1.000,-1.000,1,1,-0.000,0.000,0.000,0,1.000,0,0,0.0576,0.2531,-0.0021,0.0567
691,5,1,0,0.008,-0.039,-1.000,-1.000,1,1,-0.000,0.000,0.000,0,1.000,0,0,0.0576,0.2531,-0.0021,0.0567
692,5,1,0,0.008,-0.039,-1.000,-1.000,1,1,-0.000,0.000,0.000,0,1.000,0,0,0.0576,0.2531,-0.0021,0.0566
693,5,1,0,0.008,-0.039,-1.000,-1.000,1,1,-0.000,0.000,0.000,0,1.000,0,0,0.0576,0.2531,-0.0021,0.0566
694,5,1,0,0.008,-0.039,-1.000,-1.000,1,1,-0.000,0.000,0.000,0,1.000,0,0,0.0576,0.2531,-0.0021,0.0566
695,5,1,0,0.008,-0.039,-1.000,-1.000,1,1,-0.000,0.000,0.000,0,1.000,0,0,0.0576,0.2531,-0.0021,0.0566
696,5,1,0,0.008,-0.039,-1.000,-1.000,1,1,-0.000,0.000,0.000,0,1.000,0,0,0.0576,0.2531,-0.0021,0.0566
697,5,1,0,0.008,-0.039,-1.000,-1.000,1,1,-0.000,0.000,0.000,0,1.000,0,0,0.0576,0.2531,-0.0021,0.0566
698,5,1,0,0.008,-0.039,-1.000,-1.000,1,1,-0.000,0.000,0.000,0,1.000,0,0,0.0576,0.2531,-0.0021,0.0566
699,5,1,1,0.008,-0.039,-1.000,-1.000,1,1,0.000,0.000,0.000,1,1.000,1,1,0.0576,0.2531,-0.0021,0.0566
700,6,1,0,0.008,-0.039,-1.000,-1.000,1,1,-0.000,0.000,0.000,0,0.333,0,0,0.0577,0.2538,-0.0016,0.0577
701,6,1,0,0.008,-0.039,-1.000,-1.000,1,1,-0.000,0.000,0.000,0,0.667,0,0,0.0576,0.2524,-0.0023,0.0576
702,6,1,1,0.008,-0.039,-1.000,-1.000,1,1,0.000,0.000,0.000,1,0.667,1,1,0.0576,0.2516,-0.0028,0.0573
703,7,1,0,0.000,-0.039,-1.000,-1.000,1,1,-0.000,0.000,0.000,0,0.333,0,0,0.0571,0.2524,-0.0028,0.0570
704,7,1,0,0.000,-0.039,-1.000,-1.000,1,1,-0.000,0.000,0.000,0,0.667,0,0,0.0574,0.2517,-0.0029,0.0571
705,7,1,0,0.000,-0.039,-1.000,-1.000,1,1,-0.000,0.000,0.000,0,1.000,0,0,0.0576,0.2510,-0.0032,0.0573
706,7,1,0,-0.008,-0.039,-1.000,-1.000,1,1,-0.000,0.000,0.000,0,1.000,0,0,0.0576,0.2507,-0.0033,0.0574
707,7,1,0,-0.008,-0.039,-1.000,-1.000,1,1,-0.000,0.000,0.000,0,1.000,0,0,0.0576,0.2507,-0.0033,0.0574
708,7,1,0,-0.008,-0.039,-1.000,-1.000,1,1,-0.000,0.000,0.000,0,1.000,0,0,0.0576,0.2507,-0.0033,0.0574
709,7,1,0,-0.008,-0.039,-1.000,-1.000,1,1,-0.000,0.000,0.000,0,1.000,0,0,0.0576,0.2507,-0.0033,0.0574
710,7,1,0,-0.008,-0.039,-1.000,-1.000,1,1,-0.000,0.000,0.000,0,1.000,0,0,0.0576,0.2507,-0.0033,0.0574
711,7,1,0,-0.008,-0.039,-1.000,-1.000,1,1,-0.000,0.000,0.000,0,1.000,0,0,0.0576,0.2507,-0.0033,0.0574
712,7,1,1,0.008,-0.039,-1.000,-1.000,1,1,0.000,0.000,0.000,1,1.000,1,1,0.0576,0.2507,-0.0033,0.0574
713,8,1,0,0.008,-0.039,-1.000,-1.000,1,1,-0.000,0.000,0.000,0,0.333,0,0,0.0571,0.2518,-0.0026,0.0571
714,8,1,0,0.008,-0.039,-1.000,-1.000,1,1,-0.000,0.000,0.000,0,0.667,0,0,0.0574,0.2514,-0.0028,0.0571
715,8,1,0,0.008,-0.039,-1.000,-1.000,1,1,-0.000,0.000,0.000,0,1.000,0,0,0.0576,0.2509,-0.0032,0.0572
716,8,1,0,0.008,-0.039,-1.000,-1.000,1,1,-0.000,0.000,0.000,0,1.000,0,0,0.0576,0.2507,-0.0033,0.0573
717,8,1,0,0.008,-0.039,-1.000,-1.000,1,1,-0.000,0.000,0.000,0,1.000,0,0,0.0576,0.2507,-0.0033,0.0573
718,8,1,0,0.008,-0.039,-1.000,-1.000,1,1,-0.000,0.000,0.000,0,1.000,0,0,0.0576,0.2507,-0.0033,0.0573
719,8,1,0,0.008,-0.039,-1.000,-1.000,1,1,-0.000,0.000,0.000,0,1.000,0,0,0.0576,0.2507,-0.0032,0.0573
720,8,1,0,0.008,-0.039,-1.000,-1.000,1,1,-0.000,0.000,0.000,0,1.000,0,0,0.0576,0.2507,-0.0033,0.0573
721,8,1,0,0.008,-0.039,-1.000,-1.000,1,1,-0.000,0.000,0.000,0,1.000,0,0,0.0576,0.2507,-0.0033,0.0573
722,8,1,0,0.008,-0.039,-1.000,-1.000,1,1,-0.000,0.000,0.000,0,1.000,0,0,0.0576,0.2507,-0.0033,0.0573
723,8,1,1,0.008,-0.039,-1.000,-1.000,1,1,0.000,0.000,0.000,1,1.000,1,1,0.0576,0.2507,-0.0033,0.0573
724,9,1,0,0.008,-0.039,-1.000,-1.000,1,1,-0.000,0.000,0.000,0,0.333,0,0,0.0575,0.2521,-0.0026,0.0575
725,9,1,0,0.008,-0.039,-1.000,-1.000,1,1,-0.000,0.000,0.000,0,0.667,0,0,0.0575,0.2515,-0.0029,0.0573
726,9,1,0,0.008,-0.039,-1.000,-1.000,1,1,-0.000,0.000,0.000,0,1.000,0,0,0.0576,0.2510,-0.0032,0.0573
727,9,1,0,0.008,-0.039,-1.000,-1.000,1,1,-0.000,0.000,0.000,0,1.000,0,0,0.0576,0.2507,-0.0034,0.0574
728,9,1,0,0.008,-0.039,-1.000,-1.000,1,1,-0.000,0.000,0.000,0,1.000,0,0,0.0576,0.2507,-0.0033,0.0574
729,9,1,0,0.008,-0.039,-1.000,-1.000,1,1,-0.000,0.000,0.000,0,1.000,0,0,0.0576,0.2507,-0.0033,0.0574
730,9,1,1,0.008,-0.039,-1.000,-1.000,1,1,0.000,0.000,0.000,1,1.000,1,1,0.0576,0.2507,-0.0033,0.0574
731,10,1,0,0.008,-0.039,-1.000,-1.000,1,1,-0.000,0.000,0.000,0,0.333,0,0,0.0578,0.2514,-0.0036,0.0579
732,10,1,0,0.008,-0.039,-1.000,-1.000,1,1,-0.000,0.000,0.000,0,0.667,0,0,0.0577,0.2512,-0.0035,0.0577
733,10,1,0,0.008,-0.008,-1.000,-1.000,1,1,-0.000,0.000,0.000,0,1.000,0,0,0.0576,0.2509,-0.0035,0.0577
734,10,1,0,0.016,0.016,-1.000,-1.000,1,1,-0.000,0.000,0.000,0,1.000,0,0,0.0576,0.2507,-0.0035,0.0576
735,10,1,0,0.031,0.039,-1.000,-1.000,1,1,-0.000,0.000,0.000,0,1.000,0,0,0.0576,0.2507,-0.0035,0.0576
736,10,1,0,0.118,0.260,-1.000,-1.000,1,1,-0.000,0.013,0.000,0,1.000,0,0,0.0576,0.2507,-0.0035,0.0576
737,10,1,0,0.142,0.386,-1.000,-1.000,1,1,-0.000,0.181,0.000,0,1.000,0,0,0.0576,0.2507,-0.0035,0.0576
738,10,1,0,0.008,-0.008,-1.000,-1.000,1,1,-0.000,0.000,0.000,0,1.000,0,0,0.0576,0.2507,-0.0034,0.0576
739,10,1,0,0.016,-0.008,-1.000,-1.000,1,1,-0.000,0.000,0.000,0,1.000,0,0,0.0576,0.2507,-0.0034,0.0576
740,10,1,0,0.079,0.882,-1.000,-1.000,1,1,-0.000,0.842,0.000,0,1.000,0,0,0.0576,0.2506,-0.0027,0.0576
741,10,1,0,0.157,1.000,-1.000,-1.000,1,1,-0.000,1.000,0.000,0,1.000,0,0,0.0576,0.2507,-0.0012,0.0575
742,10,1,0,0.000,0.016,-1.000,-1.000,1,1,-0.000,0.000,0.000,0,1.000,0,0,0.0576,0.2507,-0.0001,0.0576
743,10,1,0,0.008,-0.039,-1.000,-1.000,1,1,-0.000,0.000,0.000,0,1.000,0,0,0.0576,0.2505,0.0003,0.0577
744,10,1,0,0.008,-0.039,-1.000,-1.000,1,1,-0.000,0.000,0.000,0,1.000,0,0,0.0576,0.2505,0.0003,0.0578
745,10,1,0,0.008,-0.039,-1.000,-1.000,1,1,-0.000,0.000,0.000,0,1.000,0,0,0.0576,0.2505,0.0003,0.0578
746,10,1,0,0.008,-0.039,-1.000,-1.000,1,1,-0.000,0.000,0.000,0,1.000,0,0,0.0576,0.2505,0.0003,0.0578
747,10,1,0,0.016,-0.039,-1.000,-1.000,1,1,-0.000,0.000,0.000,0,1.000,0,0,0.0576,0.2505,0.0003,0.0578
748,10,1,0,0.024,-0.063,-1.000,-1.000,1,1,-0.000,0.000,0.000,0,1.000,0,0,0.0576,0.2505,0.0003,0.0578
749,10,1,0,0.008,-0.087,-1.000,1.000,1,1,-0.000,0.000,-1.000,0,1.000,0,0,0.0576,0.2505,0.0003,0.0575
750,10,1,0,0.000,-0.197,-1.000,1.000,1,1,-0.000,0.000,-1.000,0,1.000,0,0,0.0576,0.2505,0.0002,0.0567
751,10,1,0,0.110,-0.520,-1.000,1.000,1,1,-0.000,-0.360,-1.000,0,1.000,0,0,0.0576,0.2505,-0.0001,0.0560
752,10,1,0,0.386,-0.449,-1.000,1.000,1,1,-0.181,-0.265,-1.000,0,1.000,0,0,0.0576,0.2506,-0.0005,0.0553
753,10,1,0,0.126,-0.118,-1.000,1.000,1,1,-0.000,0.000,-1.000,0,1.000,0,0,0.0576,0.2507,-0.0007,0.0549
754,10,1,0,0.039,-0.055,-1.000,1.000,1,1,-0.000,0.000,-1.000,0,1.000,0,0,0.0576,0.2507,-0.0006,0.0547
755,10,1,0,0.031,-0.055,-1.000,1.000,1,1,-0.000,0.000,-1.000,0,1.000,0,0,0.0576,0.2508,-0.0007,0.0546
756,10,1,0,0.024,-0.055,-1.000,1.000,1,1,-0.000,0.000,-1.000,0,1.000,0,0,0.0576,0.2509,-0.0007,0.0545
757,10,1,0,0.024,-0.055,-1.000,1.000,1,1,-0.000,0.000,-1.000,0,1.000,0,0,0.0576,0.2509,-0.0007,0.0545
758,10,1,0,0.024,-0.055,-1.000,1.000,1,1,-0.000,0.000,-1.000,0,1.000,0,0,0.0576,0.2510,-0.0007,0.0545
759,10,1,0,0.016,-0.055,-1.000,1.000,1,1,-0.000,0.000,-1.000,0,1.000,0,0,0.0576,0.2511,-0.0007,0.0544
760,10,1,0,0.008,-0.055,-1.000,1.000,1,1,-0.000,0.000,-1.000,0,1.000,0,0,0.0576,0.2511,-0.0008,0.0544
761,10,1,0,0.016,-0.055,-1.000,1.000,1,1,-0.000,0.000,-1.000,0,1.000,0,0,0.0576,0.2512,-0.0008,0.0544
762,10,1,0,0.008,-0.055,-1.000,1.000,1,1,-0.000,0.000,-1.000,0,1.000,0,0,0.0576,0.2513,-0.0008,0.0544
763,10,1,0,0.000,-0.055,-1.000,1.000,1,1,-0.000,0.000,-1.000,0,1.000,0,0,0.0576,0.2513,-0.0008,0.0544
764,10,1,0,0.000,-0.055,-1.000,1.000,1,1,-0.000,0.000,-1.000,0,1.000,0,0,0.0576,0.2514,-0.0008,0.0544
765,10,1,0,0.008,-0.055,-1.000,0.717,1,1,-0.000,0.000,-0.846,0,1.000,0,0,0.0576,0.2514,-0.0008,0.0543
766,10,1,0,0.024,-0.055,-1.000,-1.000,1,1,-0.000,0.000,0.000,0,1.000,0,0,0.0576,0.2515,-0.0009,0.0543
767,10,1,0,0.024,-0.055,-1.000,-1.000,1,1,-0.000,0.000,0.000,0,1.000,0,0,0.0576,0.2515,-0.0009,0.0543
768,10,1,0,0.031,-0.055,-1.000,-1.000,1,1,-0.000,0.000,0.000,0,1.000,0,0,0.0576,0.2515,-0.0009,0.0543
769,10,1,0,0.031,-0.055,-1.000,-1.000,1,1,-0.000,0.000,0.000,0,1.000,0,0,0.0576,0.2515,-0.0009,0.0543
770,10,1,0,0.031,-0.055,-1.000,-1.000,1,1,-0.000,0.000,0.000,0,1.000,0,0,0.0576,0.2515,-0.0009,0.0543
771,10,1,0,0.031,-0.055,-1.000,-1.000,1,1,-0.000,0.000,0.000,0,1.000,0,0,0.0576,0.2515,-0.0009,0.0543
772,10,1,0,0.031,-0.055,-1.000,-1.000,1,1,-0.000,0.000,0.000,0,1.000,0,0,0.0576,0.2515,-0.0009,0.0543
773,10,1,0,0.031,-0.055,-1.000,-1.000,1,1,-0.000,0.000,0.000,0,1.000,0,0,0.0576,0.2515,-0.0009,0.0543
774,10,1,0,0.024,-0.055,-1.000,-1.000,1,1,-0.000,0.000,0.000,0,1.000,0,0,0.0576,0.2515,-0.0009,0.0543
775,10,1,1,0.031,-0.055,-1.000,-1.000,1,1,0.000,0.000,0.000,1,1.000,1,1,0.0576,0.2515,-0.0009,0.0543
776,11,1,0,0.024,-0.055,-1.000,-1.000,1,1,-0.000,0.000,0.000,0,0.333,0,0,0.0573,0.2518,-0.0018,0.0572
777,11,1,0,0.024,-0.055,-1.000,-1.000,1,1,-0.000,0.000,0.000,0,0.667,0,0,0.0575,0.2513,-0.0022,0.0572
778,11,1,0,0.024,-0.055,-1.000,-1.000,1,1,-0.000,0.000,0.000,0,1.000,0,0,0.0576,0.2509,-0.0029,0.0572
779,11,1,0,0.024,-0.055,-1.000,-1.000,1,1,-0.000,0.000,0.000,0,1.000,0,0,0.0576,0.2506,-0.0032,0.0573
780,11,1,0,0.024,-0.055,-1.000,-1.000,1,1,-0.000,0.000,0.000,0,1.000,0,0,0.0576,0.2506,-0.0032,0.0573
781,11,1,0,0.024,-0.055,-1.000,-1.000,1,1,-0.000,0.000,0.000,0,1.000,0,0,0.0576,0.2506,-0.0032,0.0573
782,11,1,0,0.024,-0.055,-1.000,-1.000,1,1,-0.000,0.000,0.000,0,1.000,0,0,0.0576,0.2506,-0.0032,0.0573
783,11,1,0,0.024,-0.055,-1.000,-1.000,1,1,-0.000,0.000,0.000,0,1.000,0,0,0.0576,0.2506,-0.0032,0.0573
784,11,1,0,0.024,-0.055,-1.000,-1.000,1,1,-0.000,0.000,0.000,0,1.000,0,0,0.0576,0.2506,-0.0032,0.0573
785,11,1,0,0.024,-0.055,-1.000,-1.000,1,1,-0.000,0.000,0.000,0,1.000,0,0,0.0576,0.2506,-0.0032,0.0573
786,11,1,0,0.024,-0.055,-1.000,-1.000,1,1,-0.000,0.000,0.000,0,1.000,0,0,0.0576,0.2506,-0.0032,0.0573
787,11,1,0,0.024,-0.024,-1.000,-1.000,1,1,-0.000,0.000,0.000,0,1.000,0,0,0.0576,0.2506,-0.0032,0.0573
788,11,1,0,0.024,-0.024,-1.000,-1.000,1,1,-0.000,0.000,0.000,0,1.000,0,0,0.0576,0.2506,-0.0032,0.0573
789,11,1,0,0.024,-0.024,-1.000,-1.000,1,1,-0.000,0.000,0.000,0,1.000,0,0,0.0576,0.2506,-0.0032,0.0573
790,11,1,0,0.024,-0.024,-1.000,-1.000,1,1,-0.000,0.000,0.000,0,1.000,0,0,0.0576,0.2506,-0.0032,0.0573
791,11,1,0,0.024,0.008,-1.000,-1.000,1,1,-0.000,0.000,0.000,0,1.000,0,0,0.0576,0.2506,-0.0032,0.0573
792,11,1,0,0.024,0.039,-1.000,-1.000,1,1,-0.000,0.000,0.000,0,1.000,0,0,0.0576,0.2506,-0.0032,0.0573
793,11,1,0,0.031,0.110,-1.000,-1.000,1,1,-0.000,0.000,0.000,0,1.000,0,0,0.0576,0.2506,-0.0032,0.0573
794,11,1,0,0.055,0.220,-1.000,-1.000,1,1,-0.000,0.000,0.000,0,1.000,0,0,0.0576,0.2506,-0.0032,0.0573
795,11,1,0,0.063,0.220,-1.000,-1.000,1,1,-0.000,0.000,0.000,0,1.000,0,0,0.0576,0.2506,-0.0032,0.0573
796,11,1,0,0.063,0.213,-1.000,-1.000,1,1,-0.000,0.000,0.000,0,1.000,0,0,0.0576,0.2506,-0.0032,0.0573
797,11,1,0,0.063,0.157,-1.000,-1.000,1,1,-0.000,0.000,0.000,0,1.000,0,0,0.0576,0.2506,-0.0032,0.0573
798,11,1,0,0.039,0.291,-1.000,-1.000,1,1,-0.000,0.055,0.000,0,1.000,0,0,0.0576,0.2506,-0.0032,0.0573
799,11,1,0,0.039,0.528,-1.000,-1.000,1,1,-0.000,0.370,0.000,0,1.000,0,0,0.0576,0.2505,-0.0031,0.0573
800,11,1,0,0.039,0.480,-1.000,-1.000,1,1,-0.000,0.307,0.000,0,1.000,0,0,0.0576,0.2503,-0.0028,0.0575
801,11,1,0,0.016,0.071,-1.000,-1.000,1,1,-0.000,0.000,0.000,0,1.000,0,0,0.0576,0.2502,-0.0027,0.0576
802,11,1,0,0.016,0.024,-1.000,-1.000,1,1,-0.000,0.000,0.000,0,1.000,0,0,0.0576,0.2502,-0.0027,0.0576
803,11,1,0,0.024,0.520,-1.000,-1.000,1,1,-0.000,0.360,0.000,0,1.000,0,0,0.0576,0.2501,-0.0025,0.0576
804,11,1,0,0.055,0.646,-1.000,-1.000,1,1,-0.000,0.528,0.000,0,1.000,0,0,0.0576,0.2498,-0.0019,0.0576
805,11,1,0,0.055,0.591,-1.000,-1.000,1,1,-0.000,0.454,0.000,0,1.000,0,0,0.0576,0.2495,-0.0013,0.0579
806,11,1,0,0.000,0.024,-1.000,-1.000,1,1,-0.000,0.000,0.000,0,1.000,0,0,0.0576,0.2493,-0.0010,0.0581
807,11,1,0,0.000,-0.047,-1.000,-1.000,1,1,-0.000,0.000,0.000,0,1.000,0,0,0.0576,0.2493,-0.0009,0.0581
808,11,1,0,0.008,-0.047,-1.000,-1.000,1,1,-0.000,0.000,0.000,0,1.000,0,0,0.0576,0.2493,-0.0009,0.0581
809,11,1,0,0.024,-0.047,-1.000,-1.000,1,1,-0.000,0.000,0.000,0,1.000,0,0,0.0576,0.2493,-0.0009,0.0581
810,11,1,0,0.031,-0.047,-1.000,-1.000,1,1,-0.000,0.000,0.000,0,1.000,0,0,0.0576,0.2493,-0.0009,0.0581
811,11,1,0,0.157,-0.047,-1.000,-1.000,1,1,-0.000,0.000,0.000,0,1.000,0,0,0.0576,0.2493,-0.0009,0.0581
812,11,1,0,0.717,-0.213,-1.000,-1.000,1,1,-0.622,0.000,0.000,0,1.000,0,0,0.0576,0.2492,-0.0007,0.0580
813,11,1,0,0.126,-0.102,-1.000,-1.000,1,1,-0.000,0.000,0.000,0,1.000,0,0,0.0576,0.2490,-0.0005,0.0580
814,11,1,0,0.016,-0.039,-1.000,-1.000,1,1,-0.000,0.000,0.000,0,1.000,0,0,0.0576,0.2490,-0.0005,0.0581
815,11,1,0,0.008,-0.039,-1.000,-1.000,1,1,-0.000,0.000,0.000,0,1.000,0,0,0.0576,0.2490,-0.0005,0.0581
816,11,1,0,0.016,-0.039,-1.000,-1.000,1,1,-0.000,0.000,0.000,0,1.000,0,0,0.0576,0.2490,-0.0005,0.0581
817,11,1,0,0.016,-0.055,-1.000,-1.000,1,1,-0.000,0.000,0.000,0,1.000,0,0,0.0576,0.2490,-0.0005,0.0581
818,11,1,0,0.000,-0.071,-1.000,-1.000,1,1,-0.000,0.000,0.000,0,1.000,0,0,0.0576,0.2490,-0.0005,0.0581
819,11,1,0,0.000,-0.071,-1.000,-1.000,1,1,-0.000,0.000,0.000,0,1.000,0,0,0.0576,0.2490,-0.0005,0.0581
820,11,1,0,0.000,-0.071,-1.000,0.819,1,1,-0.000,0.000,-0.902,0,1.000,0,0,0.0576,0.2490,-0.0006,0.0579
821,11,1,0,0.000,-0.071,-1.000,1.000,1,1,-0.000,0.000,-1.000,0,1.000,0,0,0.0576,0.2489,-0.0005,0.0572
822,11,1,0,0.000,-0.071,-1.000,1.000,1,1,-0.000,0.000,-1.000,0,1.000,0,0,0.0576,0.2488,-0.0006,0.0568
823,11,1,0,0.000,-0.071,-1.000,1.000,1,1,-0.000,0.000,-1.000,0,1.000,0,0,0.0576,0.2487,-0.0006,0.0565
824,11,1,0,0.000,-0.071,-1.000,1.000,1,1,-0.000,0.000,-1.000,0,1.000,0,0,0.0576,0.2487,-0.0006,0.0563
825,11,1,0,0.008,-0.071,-1.000,1.000,1,1,-0.000,0.000,-1.000,0,1.000,0,0,0.0576,0.2487,-0.0007,0.0562
826,11,1,0,0.039,-0.520,-1.000,1.000,1,1,-0.000,-0.360,-1.000,0,1.000,0,0,0.0576,0.2488,-0.0009,0.0561
827,11,1,0,0.110,-0.717,-1.000,1.000,1,1,-0.000,-0.622,-1.000,0,1.000,0,0,0.0576,0.2493,-0.0014,0.0557
828,11,1,0,0.094,-0.441,-1.000,1.000,1,1,-0.000,-0.255,-1.000,0,1.000,0,0,0.0576,0.2497,-0.0016,0.0551
829,11,1,0,0.031,-0.087,-1.000,1.000,1,1,-0.000,0.000,-1.000,0,1.000,0,0,0.0576,0.2498,-0.0017,0.0550
830,11,1,0,0.024,-0.047,-1.000,1.000,1,1,-0.000,0.000,-1.000,0,1.000,0,0,0.0576,0.2499,-0.0017,0.0545
831,11,1,0,0.016,-0.047,-1.000,1.000,1,1,-0.000,0.000,-1.000,0,1.000,0,0,0.0576,0.2500,-0.0018,0.0545
832,11,1,0,0.016,-0.047,-1.000,1.000,1,1,-0.000,0.000,-1.000,0,1.000,0,0,0.0576,0.2500,-0.0018,0.0545
833,11,1,0,0.016,-0.047,-1.000,1.000,1,1,-0.000,0.000,-1.000,0,1.000,0,0,0.0576,0.2500,-0.0018,0.0545
834,11,1,0,0.016,-0.047,-1.000,1.000,1,1,-0.000,0.000,-1.000,0,1.000,0,0,0.0576,0.2501,-0.0018,0.0545
835,11,1,0,0.008,-0.047,-1.000,1.000,1,1,-0.000,0.000,-1.000,0,1.000,0,0,0.0576,0.2501,-0.0018,0.0544
836,11,1,0,0.008,-0.047,-1.000,1.000,1,1,-0.000,0.000,-1.000,0,1.000,0,0,0.0576,0.2501,-0.0018,0.0544
837,11,1,0,0.000,-0.047,-1.000,1.000,1,1,-0.000,0.000,-1.000,0,1.000,0,0,0.0576,0.2501,-0.0018,0.0544
838,11,1,0,0.000,-0.047,-1.000,1.000,1,1,-0.000,0.000,-1.000,0,1.000,0,0,0.0576,0.2502,-0.0018,0.0544
839,11,1,0,0.000,-0.047,-1.000,1.000,1,1,-0.000,0.000,-1.000,0,1.000,0,0,0.0576,0.2502,-0.0018,0.0544
840,11,1,1,0.000,-0.047,-1.000,1.000,1,1,0.000,0.000,0.000,1,1.000,1,1,0.0576,0.2502,-0.0018,0.0545
841,12,1,0,0.024,-0.047,-1.000,-1.000,1,1,-0.000,0.000,0.000,0,0.333,0,0,0.0593,0.2516,-0.0034,0.0600
842,12,1,0,0.024,-0.047,-1.000,-1.000,1,1,-0.000,0.000,0.000,0,0.667,0,0,0.0585,0.2510,-0.0033,0.0588
843,12,1,0,0.024,-0.047,-1.000,-1.000,1,1,-0.000,0.000,0.000,0,1.000,0,0,0.0576,0.2504,-0.0035,0.0580
844,12,1,0,0.024,-0.047,-1.000,-1.000,1,1,-0.000,0.000,0.000,0,1.000,0,0,0.0576,0.2502,-0.0036,0.0578
845,12,1,0,0.024,-0.047,-1.000,-1.000,1,1,-0.000,0.000,0.000,0,1.000,0,0,0.0576,0.2502,-0.0036,0.0578
846,12,1,0,0.024,-0.047,-1.000,-1.000,1,1,-0.000,0.000,0.000,0,1.000,0,0,0.0576,0.2502,-0.0036,0.0578
847,12,1,0,0.024,-0.016,-1.000,-1.000,1,1,-0.000,0.000,0.000,0,1.000,0,0,0.0576,0.2502,-0.0036,0.0578
848,12,1,0,0.024,0.008,-1.000,-1.000,1,1,-0.000,0.000,0.000,0,1.000,0,0,0.0576,0.2502,-0.0036,0.0578
849,12,1,0,0.024,0.016,-1.000,-1.000,1,1,-0.000,0.000,0.000,0,1.000,0,0,0.0576,0.2502,-0.0036,0.0578
850,12,1,0,0.008,0.024,-1.000,-1.000,1,1,-0.000,0.000,0.000,0,1.000,0,0,0.0576,0.2502,-0.0036,0.0578
851,12,1,0,-0.016,0.087,-1.000,-1.000,1,1,-0.000,0.000,0.000,0,1.000,0,0,0.0576,0.2502,-0.0036,0.0578
852,12,1,0,-0.039,0.118,-1.000,-1.000,1,1,-0.000,0.000,0.000,0,1.000,0,0,0.0576,0.2502,-0.0036,0.0578
853,12,1,0,-0.063,0.213,-1.000,-1.000,1,1,-0.000,0.000,0.000,0,1.000,0,0,0.0576,0.2502,-0.0036,0.0578
854,12,1,0,-0.063,0.346,-1.000,-1.000,1,1,-0.000,0.129,0.000,0,1.000,0,0,0.0576,0.2502,-0.0035,0.0579
855,12,1,0,0.000,0.260,-1.000,-1.000,1,1,-0.000,0.013,0.000,0,1.000,0,0,0.0576,0.2502,-0.0035,0.0579
856,12,1,0,0.024,0.134,-1.000,-1.000,1,1,-0.000,0.000,0.000,0,1.000,0,0,0.0576,0.2502,-0.0035,0.0579
857,12,1,0,0.008,0.071,-1.000,0.717,1,1,-0.000,0.000,-0.846,0,1.000,0,0,0.0576,0.2503,-0.0034,0.0578
858,12,1,0,0.008,0.110,-1.000,1.000,1,1,-0.000,0.000,-1.000,0,1.000,0,0,0.0576,0.2506,-0.0032,0.0574
859,12,1,0,0.008,0.157,-1.000,1.000,1,1,-0.000,0.000,-1.000,0,1.000,0,0,0.0576,0.2510,-0.0030,0.0570
860,12,1,0,0.008,0.244,-1.000,1.000,1,1,-0.000,0.000,-1.000,0,1.000,0,0,0.0576,0.2515,-0.0026,0.0563
861,12,1,0,0.031,0.457,-1.000,1.000,1,1,-0.000,0.276,-1.000,0,1.000,0,0,0.0576,0.2519,-0.0022,0.0560
862,12,1,0,0.031,0.409,-1.000,1.000,1,1,-0.000,0.213,-1.000,0,1.000,0,0,0.0576,0.2522,-0.0017,0.0552
863,12,1,0,0.031,0.276,-1.000,1.000,1,1,-0.000,0.034,-1.000,0,1.000,0,0,0.0576,0.2525,-0.0014,0.0549
864,12,1,0,0.008,0.079,-1.000,1.000,1,1,-0.000,0.000,-1.000,0,1.000,0,0,0.0576,0.2528,-0.0014,0.0547
865,12,1,0,0.000,0.063,-1.000,1.000,1,1,-0.000,0.000,-1.000,0,1.000,0,0,0.0576,0.2531,-0.0014,0.0546
866,12,1,0,0.000,0.031,-1.000,1.000,1,1,-0.000,0.000,-1.000,0,1.000,0,0,0.0576,0.2534,-0.0013,0.0545
867,12,1,0,0.000,0.031,-1.000,1.000,1,1,-0.000,0.000,-1.000,0,1.000,0,0,0.0576,0.2536,-0.0013,0.0544
868,12,1,0,0.000,0.031,-1.000,1.000,1,1,-0.000,0.000,-1.000,0,1.000,0,0,0.0576,0.2538,-0.0013,0.0544
869,12,1,0,0.000,0.031,-1.000,1.000,1,1,-0.000,0.000,-1.000,0,1.000,0,0,0.0576,0.2540,-0.0013,0.0544
870,12,1,0,0.000,0.031,-1.000,1.000,1,1,-0.000,0.000,-1.000,0,1.000,0,0,0.0576,0.2542,-0.0012,0.0544
871,12,1,0,0.000,0.024,-1.000,1.000,1,1,-0.000,0.000,-1.000,0,1.000,0,0,0.0576,0.2543,-0.0012,0.0544
872,12,1,0,0.000,0.016,-1.000,1.000,1,1,-0.000,0.000,-1.000,1,1.000,1,0,0.0576,0.2545,-0.0012,0.0544
873,12,1,0,0.000,0.016,-1.000,1.000,1,1,-0.000,0.000,-1.000,1,1.000,1,0,0.0576,0.2546,-0.0012,0.0544
874,12,1,0,0.000,0.016,-1.000,1.000,1,1,-0.000,0.000,-1.000,1,1.000,1,0,0.0576,0.2548,-0.0012,0.0544
875,12,1,0,0.000,0.016,-1.000,1.000,1,1,-0.000,0.000,-1.000,1,1.000,1,0,0.0576,0.2549,-0.0012,0.0544
876,12,1,0,0.000,0.016,-1.000,1.000,1,1,-0.000,0.000,-1.000,1,1.000,1,0,0.0576,0.2550,-0.0012,0.0544
877,12,1,0,0.000,0.016,-1.000,1.000,1,1,-0.000,0.000,-1.000,1,1.000,1,0,0.0576,0.2551,-0.0011,0.0544
878,12,1,0,0.000,0.016,-1.000,1.000,1,1,-0.000,0.000,-1.000,1,1.000,1,0,0.0576,0.2552,-0.0011,0.0544
879,12,1,0,0.000,0.016,-1.000,1.000,1,1,-0.000,0.000,-1.000,1,1.000,1,0,0.0576,0.2553,-0.0011,0.0544
880,12,1,1,0.000,0.016,-1.000,1.000,1,1,0.000,0.000,0.000,1,1.000,1,1,0.0576,0.2553,-0.0011,0.0544
881,13,1,0,0.024,-0.016,-1.000,-1.000,1,1,-0.000,0.000,0.000,0,0.333,0,0,0.0575,0.2529,-0.0017,0.0574
882,13,1,0,0.024,-0.016,-1.000,-1.000,1,1,-0.000,0.000,0.000,0,0.667,0,0,0.0576,0.2531,-0.0012,0.0573
883,13,1,0,0.024,-0.016,-1.000,-1.000,1,1,-0.000,0.000,0.000,0,1.000,0,0,0.0576,0.2518,-0.0025,0.0567
884,13,1,0,0.024,-0.016,-1.000,-1.000,1,1,-0.000,0.000,0.000,0,1.000,0,0,0.0576,0.2509,-0.0031,0.0575
885,13,1,0,0.024,-0.016,-1.000,-1.000,1,1,-0.000,0.000,0.000,0,1.000,0,0,0.0576,0.2505,-0.0034,0.0576
886,13,1,0,0.024,-0.016,-1.000,-1.000,1,1,-0.000,0.000,0.000,0,1.000,0,0,0.0576,0.2505,-0.0034,0.0576
887,13,1,0,0.024,-0.016,-1.000,-1.000,1,1,-0.000,0.000,0.000,0,1.000,0,0,0.0576,0.2505,-0.0034,0.0576
888,13,1,0,0.024,-0.016,-1.000,-1.000,1,1,-0.000,0.000,0.000,0,1.000,0,0,0.0576,0.2505,-0.0034,0.0576
889,13,1,0,0.008,-0.016,-1.000,-1.000,1,1,-0.000,0.000,0.000,0,1.000,0,0,0.0576,0.2506,-0.0034,0.0576
890,13,1,0,-0.008,0.000,-1.000,-1.000,1,1,-0.000,0.000,0.000,0,1.000,0,0,0.0576,0.2505,-0.0034,0.0576
891,13,1,0,-0.024,0.110,-1.000,-1.000,1,1,-0.000,0.000,0.000,0,1.000,0,0,0.0576,0.2506,-0.0034,0.0576
892,13,1,0,-0.024,0.283,-1.000,-1.000,1,1,-0.000,0.045,0.000,0,1.000,0,0,0.0576,0.2505,-0.0034,0.0576
893,13,1,0,-0.024,0.291,-1.000,-1.000,1,1,-0.000,0.055,0.000,0,1.000,0,0,0.0576,0.2505,-0.0034,0.0576
894,13,1,0,-0.024,0.291,-1.000,-1.000,1,1,-0.000,0.055,0.000,0,1.000,0,0,0.0576,0.2505,-0.0034,0.0576
895,13,1,0,-0.016,0.291,-1.000,-1.000,1,1,-0.000,0.055,0.000,0,1.000,0,0,0.0576,0.2505,-0.0033,0.0576
896,13,1,0,0.000,0.291,-1.000,-1.000,1,1,-0.000,0.055,0.000,0,1.000,0,0,0.0576,0.2505,-0.0033,0.0577
897,13,1,0,0.110,0.520,-1.000,-1.000,1,1,-0.000,0.360,0.000,0,1.000,0,0,0.0576,0.2503,-0.0030,0.0576
898,13,1,0,0.110,0.520,-1.000,-1.000,1,1,-0.000,0.360,0.000,0,1.000,0,0,0.0576,0.2501,-0.0026,0.0577
899,13,1,0,0.110,0.520,-1.000,-1.000,1,1,-0.000,0.360,0.000,0,1.000,0,0,0.0576,0.2499,-0.0020,0.0578
900,13,1,0,0.110,0.409,-1.000,-1.000,1,1,-0.000,0.213,0.000,0,1.000,0,0,0.0576,0.2497,-0.0016,0.0578
901,13,1,0,0.071,0.228,-1.000,-1.000,1,1,-0.000,0.000,0.000,0,1.000,0,0,0.0576,0.2497,-0.0013,0.0578
902,13,1,0,0.024,0.000,-1.000,-1.000,1,1,-0.000,0.000,0.000,0,1.000,0,0,0.0576,0.2497,-0.0013,0.0578
903,13,1,0,0.000,-0.039,-1.000,-1.000,1,1,-0.000,0.000,0.000,0,1.000,0,0,0.0576,0.2497,-0.0013,0.0578
904,13,1,0,-0.417,0.031,-1.000,-1.000,1,1,0.223,0.000,0.000,0,1.000,0,0,0.0576,0.2497,-0.0013,0.0578
905,13,1,0,-0.567,0.118,-1.000,-1.000,1,1,0.423,0.000,0.000,0,1.000,0,0,0.0576,0.2498,-0.0015,0.0578
906,13,1,0,-0.252,0.118,-1.000,-1.000,1,1,0.003,0.000,0.000,0,1.000,0,0,0.0576,0.2498,-0.0016,0.0577
907,13,1,0,-0.032,0.008,-1.000,-1.000,1,1,-0.000,0.000,0.000,0,1.000,0,0,0.0576,0.2498,-0.0016,0.0577
908,13,1,0,-0.047,0.016,-1.000,-1.000,1,1,-0.000,0.000,0.000,0,1.000,0,0,0.0576,0.2498,-0.0016,0.0577
909,13,1,0,-0.646,0.110,-1.000,-1.000,1,1,0.528,0.000,0.000,0,1.000,0,0,0.0576,0.2499,-0.0017,0.0577
910,13,1,0,-0.772,0.205,-1.000,-1.000,1,1,0.696,0.000,0.000,0,1.000,0,0,0.0576,0.2501,-0.0022,0.0577
911,13,1,0,-0.323,0.205,-1.000,-1.000,1,1,0.097,0.000,0.000,0,1.000,0,0,0.0576,0.2502,-0.0026,0.0576
912,13,1,0,-0.055,0.055,-1.000,-1.000,1,1,-0.000,0.000,0.000,0,1.000,0,0,0.0576,0.2502,-0.0027,0.0576
913,13,1,0,-0.039,0.024,-1.000,-1.000,1,1,-0.000,0.000,0.000,0,1.000,0,0,0.0576,0.2503,-0.0027,0.0576
914,13,1,0,-0.016,0.220,-1.000,-1.000,1,1,-0.000,0.000,0.000,0,1.000,0,0,0.0576,0.2503,-0.0027,0.0576
915,13,1,0,0.134,0.472,-1.000,-1.000,1,1,-0.000,0.297,0.000,0,1.000,0,0,0.0576,0.2502,-0.0026,0.0576
916,13,1,0,0.126,0.512,-1.000,-1.000,1,1,-0.000,0.349,0.000,0,1.000,0,0,0.0576,0.2500,-0.0023,0.0579
917,13,1,0,-0.016,0.008,-1.000,-1.000,1,1,-0.000,0.000,0.000,0,1.000,0,0,0.0576,0.2500,-0.0020,0.0580
918,13,1,0,0.016,0.008,-1.000,-1.000,1,1,-0.000,0.000,0.000,0,1.000,0,0,0.0576,0.2500,-0.0020,0.0579
919,13,1,0,0.031,0.008,-1.000,-1.000,1,1,-0.000,0.000,0.000,0,1.000,0,0,0.0576,0.2499,-0.0020,0.0579
920,13,1,0,0.031,0.016,-1.000,1.000,1,1,-0.000,0.000,-1.000,0,1.000,0,0,0.0576,0.2499,-0.0021,0.0576
921,13,1,0,0.031,0.016,-1.000,1.000,1,1,-0.000,0.000,-1.000,0,1.000,0,0,0.0576,0.2498,-0.0020,0.0567
922,13,1,0,0.031,0.016,-1.000,1.000,1,1,-0.000,0.000,-1.000,0,1.000,0,0,0.0576,0.2498,-0.0021,0.0565
923,13,1,0,0.031,0.016,-1.000,1.000,1,1,-0.000,0.000,-1.000,0,1.000,0,0,0.0576,0.2498,-0.0020,0.0563
924,13,1,0,0.031,0.024,-1.000,1.000,1,1,-0.000,0.000,-1.000,0,1.000,0,0,0.0576,0.2498,-0.0020,0.0560
925,13,1,0,0.118,0.598,-1.000,1.000,1,1,-0.000,0.465,-1.000,0,1.000,0,0,0.0576,0.2500,-0.0015,0.0553
926,13,1,0,0.323,0.984,-1.000,1.000,1,1,-0.097,0.979,-1.000,0,1.000,0,0,0.0576,0.2500,-0.0012,0.0553
927,13,1,0,0.378,0.701,-1.000,1.000,1,1,-0.171,0.601,-1.000,0,1.000,0,0,0.0576,0.2500,-0.0007,0.0549
928,13,1,0,0.087,0.181,-1.000,1.000,1,1,-0.000,0.000,-1.000,0,1.000,0,0,0.0576,0.2499,-0.0005,0.0548
929,13,1,0,0.024,0.008,-1.000,1.000,1,1,-0.000,0.000,-1.000,0,1.000,0,0,0.0576,0.2499,-0.0005,0.0547
930,13,1,0,0.024,0.000,-1.000,1.000,1,1,-0.000,0.000,-1.000,0,1.000,0,0,0.0576,0.2500,-0.0005,0.0546
931,13,1,0,0.024,0.000,-1.000,1.000,1,1,-0.000,0.000,-1.000,0,1.000,0,0,0.0576,0.2500,-0.0005,0.0546
932,13,1,0,0.024,0.000,-1.000,1.000,1,1,-0.000,0.000,-1.000,0,1.000,0,0,0.0576,0.2500,-0.0005,0.0546
933,13,1,0,0.024,0.000,-1.000,1.000,1,1,-0.000,0.000,-1.000,0,1.000,0,0,0.0576,0.2501,-0.0005,0.0546
934,13,1,0,0.024,0.000,-1.000,1.000,1,1,-0.000,0.000,-1.000,0,1.000,0,0,0.0576,0.2501,-0.0005,0.0545
935,13,1,0,0.016,0.000,-1.000,1.000,1,1,-0.000,0.000,-1.000,0,1.000,0,0,0.0576,0.2501,-0.0005,0.0545
936,13,1,0,0.016,0.000,-1.000,1.000,1,1,-0.000,0.000,-1.000,0,1.000,0,0,0.0576,0.2502,-0.0006,0.0545
937,13,1,0,0.008,-0.008,-1.000,1.000,1,1,-0.000,0.000,-1.000,0,1.000,0,0,0.0576,0.2502,-0.0006,0.0545
938,13,1,0,0.008,0.000,-1.000,1.000,1,1,-0.000,0.000,-1.000,0,1.000,0,0,0.0576,0.2502,-0.0006,0.0545
939,13,1,0,0.008,0.000,-1.000,1.000,1,1,-0.000,0.000,-1.000,0,1.000,0,0,0.0576,0.2503,-0.0006,0.0545
940,13,1,0,0.008,0.000,-1.000,1.000,1,1,-0.000,0.000,-1.000,0,1.000,0,0,0.0576,0.2503,-0.0006,0.0545
941,13,1,0,0.008,0.000,-1.000,1.000,1,1,-0.000,0.000,-1.000,0,1.000,0,0,0.0576,0.2503,-0.0006,0.0545
942,13,1,0,0.008,0.000,-1.000,1.000,1,1,-0.000,0.000,-1.000,0,1.000,0,0,0.0576,0.2504,-0.0006,0.0544
943,13,1,0,0.008,0.000,-1.000,1.000,1,1,-0.000,0.000,-1.000,0,1.000,0,0,0.0576,0.2504,-0.0007,0.0544
944,13,1,0,0.016,0.000,-1.000,-1.000,1,1,-0.000,0.000,0.000,0,1.000,0,0,0.0576,0.2504,-0.0007,0.0544
945,13,1,0,0.016,0.000,-1.000,-1.000,1,1,-0.000,0.000,0.000,0,1.000,0,0,0.0576,0.2504,-0.0007,0.0544
946,13,1,0,0.016,0.000,-1.000,-1.000,1,1,-0.000,0.000,0.000,0,1.000,0,0,0.0576,0.2504,-0.0007,0.0544
947,13,1,1,0.016,0.000,-1.000,-1.000,1,1,0.000,0.000,0.000,1,1.000,1,1,0.0576,0.2504,-0.0007,0.0544
948,14,1,0,0.016,0.000,-1.000,-1.000,1,1,-0.000,0.000,0.000,0,0.333,0,0,0.0595,0.2506,-0.0034,0.0602
949,14,1,0,0.008,0.000,-1.000,-1.000,1,1,-0.000,0.000,0.000,0,0.667,0,0,0.0586,0.2504,-0.0032,0.0590
950,14,1,0,-0.039,0.181,-1.000,-1.000,1,1,-0.000,0.000,0.000,0,1.000,0,0,0.0576,0.2501,-0.0033,0.0581
951,14,1,0,-0.055,0.354,-1.000,-1.000,1,1,-0.000,0.139,0.000,0,1.000,0,0,0.0576,0.2500,-0.0033,0.0578
952,14,1,0,-0.055,0.354,-1.000,-1.000,1,1,-0.000,0.139,0.000,0,1.000,0,0,0.0576,0.2500,-0.0032,0.0578
953,14,1,0,-0.055,0.370,-1.000,-1.000,1,1,-0.000,0.160,0.000,0,1.000,0,0,0.0576,0.2500,-0.0029,0.0578
954,14,1,0,-0.055,0.441,-1.000,-1.000,1,1,-0.000,0.255,0.000,0,1.000,0,0,0.0576,0.2500,-0.0025,0.0579
955,14,1,0,-0.055,0.441,-1.000,-1.000,1,1,-0.000,0.255,0.000,0,1.000,0,0,0.0576,0.2499,-0.0019,0.0578
956,14,1,0,-0.055,0.441,-1.000,-1.000,1,1,-0.000,0.255,0.000,0,1.000,0,0,0.0576,0.2499,-0.0014,0.0578
957,14,1,0,-0.055,0.441,-1.000,-1.000,1,1,-0.000,0.255,0.000,0,1.000,0,0,0.0576,0.2499,-0.0009,0.0578
958,14,1,0,-0.055,0.409,-1.000,-1.000,1,1,-0.000,0.213,0.000,0,1.000,0,0,0.0576,0.2499,-0.0004,0.0577
959,14,1,0,-0.032,-0.016,-1.000,-1.000,1,1,-0.000,0.000,0.000,0,1.000,0,0,0.0576,0.2499,-0.0002,0.0577
960,14,1,0,-0.016,-0.024,-1.000,-1.000,1,1,-0.000,0.000,0.000,0,1.000,0,0,0.0576,0.2499,-0.0002,0.0577
961,14,1,0,-0.055,-0.024,-1.000,-1.000,1,1,-0.000,0.000,0.000,0,1.000,0,0,0.0576,0.2499,-0.0002,0.0577
962,14,1,0,-0.118,-0.024,-1.000,-1.000,1,1,-0.000,0.000,0.000,0,1.000,0,0,0.0576,0.2499,-0.0002,0.0577
963,14,1,0,-0.110,-0.024,-1.000,0.370,1,1,-0.000,0.000,-0.658,0,1.000,0,0,0.0576,0.2500,-0.0001,0.0577
964,14,1,0,-0.102,-0.016,-1.000,1.000,1,1,-0.000,0.000,-1.000,0,1.000,0,0,0.0576,0.2502,0.0001,0.0575
965,14,1,0,-0.055,-0.016,-1.000,1.000,1,1,-0.000,0.000,-1.000,0,1.000,0,0,0.0576,0.2506,0.0003,0.0572
966,14,1,0,-0.047,-0.016,-1.000,1.000,1,1,-0.000,0.000,-1.000,0,1.000,0,0,0.0576,0.2510,0.0003,0.0569
967,14,1,0,-0.039,-0.024,-1.000,1.000,1,1,-0.000,0.000,-1.000,0,1.000,0,0,0.0576,0.2514,0.0004,0.0567
968,14,1,0,-0.039,-0.016,-1.000,1.000,1,1,-0.000,0.000,-1.000,0,1.000,0,0,0.0576,0.2519,0.0004,0.0565
969,14,1,0,-0.039,-0.016,-1.000,1.000,1,1,-0.000,0.000,-1.000,0,1.000,0,0,0.0576,0.2522,0.0004,0.0563
970,14,1,0,-0.039,-0.024,-1.000,1.000,1,1,-0.000,0.000,-1.000,0,1.000,0,0,0.0576,0.2528,0.0006,0.0562
971,14,1,0,-0.039,-0.016,-1.000,1.000,1,1,-0.000,0.000,-1.000,0,1.000,0,0,0.0576,0.2531,0.0006,0.0561
972,14,1,0,-0.039,-0.016,-1.000,1.000,1,1,-0.000,0.000,-1.000,0,1.000,0,0,0.0576,0.2534,0.0007,0.0561
973,14,1,0,-0.039,-0.016,-1.000,1.000,1,1,-0.000,0.000,-1.000,0,1.000,0,0,0.0576,0.2536,0.0008,0.0560
974,14,1,0,-0.039,-0.024,-1.000,1.000,1,1,-0.000,0.000,-1.000,0,1.000,0,0,0.0576,0.2539,0.0009,0.0560
975,14,1,0,-0.039,-0.016,-1.000,1.000,1,1,-0.000,0.000,-1.000,0,1.000,0,0,0.0576,0.2542,0.0009,0.0559
976,14,1,0,-0.039,-0.024,-1.000,1.000,1,1,-0.000,0.000,-1.000,0,1.000,0,0,0.0576,0.2544,0.0010,0.0559
977,14,1,0,-0.039,-0.016,-1.000,1.000,1,1,-0.000,0.000,-1.000,0,1.000,0,0,0.0576,0.2546,0.0010,0.0559
978,14,1,0,-0.039,-0.016,-1.000,1.000,1,1,-0.000,0.000,-1.000,0,1.000,0,0,0.0576,0.2549,0.0011,0.0559
979,14,1,0,-0.039,-0.016,-1.000,1.000,1,1,-0.000,0.000,-1.000,0,1.000,0,0,0.0576,0.2551,0.0012,0.0559
980,14,1,0,-0.039,-0.024,-1.000,1.000,1,1,-0.000,0.000,-1.000,0,1.000,0,0,0.0576,0.2553,0.0012,0.0558
981,14,1,0,-0.039,-0.016,-1.000,1.000,1,1,-0.000,0.000,-1.000,1,1.000,1,0,0.0576,0.2555,0.0012,0.0558
982,14,1,0,-0.039,-0.016,-1.000,1.000,1,1,-0.000,0.000,-1.000,1,1.000,1,0,0.0576,0.2558,0.0013,0.0558
983,14,1,0,-0.039,-0.024,-1.000,1.000,1,1,-0.000,0.000,-1.000,1,1.000,1,0,0.0576,0.2560,0.0013,0.0558
984,14,1,0,-0.063,-0.016,-1.000,1.000,1,1,-0.000,0.000,-1.000,1,1.000,1,0,0.0576,0.2561,0.0014,0.0559
985,14,1,0,-0.071,-0.016,-1.000,1.000,1,1,-0.000,0.000,-1.000,1,1.000,1,0,0.0576,0.2563,0.0014,0.0559
986,14,1,0,-0.386,-0.016,-1.000,1.000,1,1,0.181,0.000,-1.000,1,1.000,1,0,0.0576,0.2565,0.0014,0.0559
987,14,1,0,-1.000,0.102,-1.000,1.000,1,1,1.000,0.000,-1.000,1,1.000,1,0,0.0576,0.2570,0.0014,0.0559
988,14,1,0,-1.000,0.102,-1.000,1.000,1,1,1.000,0.000,-1.000,1,1.000,1,0,0.0576,0.2576,0.0014,0.0560
989,14,1,0,-0.724,-0.087,-1.000,1.000,1,1,0.633,0.000,-1.000,1,1.000,1,0,0.0576,0.2579,0.0013,0.0560
990,14,1,0,-0.102,-0.102,-1.000,1.000,1,1,-0.000,0.000,-1.000,1,1.000,1,0,0.0576,0.2581,0.0013,0.0560
991,14,1,0,0.000,-0.102,-1.000,1.000,1,1,-0.000,0.000,-1.000,1,1.000,1,0,0.0576,0.2582,0.0013,0.0561
992,14,1,0,0.024,-0.102,-1.000,1.000,1,1,-0.000,0.000,-1.000,1,1.000,1,0,0.0576,0.2582,0.0013,0.0561
993,14,1,0,0.024,-0.063,-1.000,1.000,1,1,-0.000,0.000,-1.000,1,1.000,1,0,0.0576,0.2583,0.0013,0.0561
994,14,1,0,0.024,-0.055,-1.000,1.000,1,1,-0.000,0.000,-1.000,1,1.000,1,0,0.0576,0.2583,0.0013,0.0561
995,14,1,0,0.008,-0.055,-1.000,1.000,1,1,-0.000,0.000,-1.000,1,1.000,1,0,0.0576,0.2583,0.0013,0.0561
996,14,1,0,0.000,-0.055,-1.000,1.000,1,1,-0.000,0.000,-1.000,1,1.000,1,0,0.0576,0.2584,0.0013,0.0561
997,14,1,0,0.000,-0.055,-1.000,1.000,1,1,-0.000,0.000,-1.000,1,1.000,1,0,0.0576,0.2584,0.0012,0.0561
998,14,1,0,0.008,-0.055,-1.000,1.000,1,1,-0.000,0.000,-1.000,1,1.000,1,0,0.0576,0.2585,0.0012,0.0562
999,14,1,0,0.008,-0.055,-1.000,1.000,1,1,-0.000,0.000,-1.000,1,1.000,1,0,0.0576,0.2585,0.0012,0.0562
1000,14,1,0,-0.008,-0.016,-1.000,1.000,1,1,-0.000,0.000,-1.000,1,1.000,1,0,0.0576,0.2586,0.0012,0.0562
1001,14,1,0,0.000,-0.032,-1.000,1.000,1,1,-0.000,0.000,-1.000,1,1.000,1,0,0.0576,0.2586,0.0012,0.0562
1002,14,1,0,0.039,-0.039,-1.000,1.000,1,1,-0.000,0.000,-1.000,1,1.000,1,0,0.0576,0.2586,0.0012,0.0562
1003,14,1,0,0.047,-0.039,-1.000,1.000,1,1,-0.000,0.000,-1.000,1,1.000,1,0,0.0576,0.2587,0.0012,0.0562
1004,14,1,0,0.260,-0.142,-1.000,1.000,1,1,-0.013,0.000,-1.000,1,1.000,1,0,0.0576,0.2587,0.0012,0.0562
1005,14,1,0,0.732,-0.268,-1.000,1.000,1,1,-0.643,-0.024,-1.000,1,1.000,1,0,0.0576,0.2587,0.0012,0.0562
1006,14,1,0,1.000,-0.331,-1.000,1.000,1,1,-1.000,-0.108,-1.000,1,1.000,1,0,0.0576,0.2586,0.0012,0.0562
1007,14,1,0,0.528,-0.283,-1.000,1.000,1,1,-0.370,-0.045,-1.000,1,1.000,1,0,0.0576,0.2586,0.0012,0.0562
1008,14,1,0,0.024,-0.032,-1.000,1.000,1,1,-0.000,0.000,-1.000,1,1.000,1,0,0.0576,0.2586,0.0013,0.0562
1009,14,1,0,0.039,-0.063,-1.000,1.000,1,1,-0.000,0.000,-1.000,1,1.000,1,0,0.0576,0.2586,0.0013,0.0562
1010,14,1,0,0.945,-0.496,-1.000,1.000,1,1,-0.926,-0.328,-1.000,1,1.000,1,0,0.0576,0.2586,0.0013,0.0562
1011,14,1,0,0.882,-0.630,-1.000,1.000,1,1,-0.842,-0.507,-1.000,1,1.000,1,0,0.0576,0.2586,0.0012,0.0563
1012,14,1,0,0.795,-0.740,-1.000,1.000,1,1,-0.727,-0.654,-1.000,1,1.000,1,0,0.0576,0.2585,0.0012,0.0562
1013,14,1,0,0.630,-0.882,-1.000,1.000,1,1,-0.507,-0.843,-1.000,1,1.000,1,0,0.0576,0.2585,0.0011,0.0562
1014,14,1,0,0.512,-0.945,-1.000,1.000,1,1,-0.349,-0.927,-1.000,1,1.000,1,0,0.0576,0.2585,0.0009,0.0562
1015,14,1,0,0.512,-0.945,-1.000,1.000,1,1,-0.349,-0.927,-1.000,1,1.000,1,0,0.0576,0.2586,0.0005,0.0563
1016,14,1,0,0.433,-0.945,-1.000,1.000,1,1,-0.244,-0.927,-1.000,1,1.000,1,0,0.0576,0.2587,0.0001,0.0563
1017,14,1,0,0.244,-1.000,-1.000,1.000,1,1,-0.000,-1.000,-1.000,1,1.000,1,0,0.0576,0.2588,-0.0005,0.0563
1018,14,1,0,-0.063,-1.000,-1.000,1.000,1,1,-0.000,-1.000,-1.000,1,1.000,1,0,0.0576,0.2588,-0.0013,0.0564
1019,14,1,0,-0.299,-1.000,-1.000,1.000,1,1,0.066,-1.000,-1.000,1,1.000,1,0,0.0576,0.2587,-0.0020,0.0565
1020,14,1,0,-0.339,-0.614,-1.000,1.000,1,1,0.118,-0.486,-1.000,1,1.000,1,0,0.0576,0.2586,-0.0024,0.0566
1021,14,1,0,0.047,-0.024,-1.000,1.000,1,1,-0.000,0.000,-1.000,1,1.000,1,0,0.0576,0.2588,-0.0027,0.0567
1022,14,1,0,0.724,0.354,-1.000,1.000,1,1,-0.633,0.139,-1.000,1,1.000,1,0,0.0576,0.2589,-0.0028,0.0567
1023,14,1,0,0.992,0.276,-1.000,1.000,1,1,-0.989,0.034,-1.000,1,1.000,1,0,0.0576,0.2590,-0.0030,0.0566
1024,14,1,0,0.307,0.189,-1.000,1.000,1,1,-0.076,0.000,-1.000,1,1.000,1,0,0.0576,0.2591,-0.0031,0.0566
1025,14,1,0,0.024,0.173,-1.000,1.000,1,1,-0.000,0.000,-1.000,1,1.000,1,0,0.0576,0.2593,-0.0031,0.0566
1026,14,1,0,0.197,1.000,-1.000,1.000,1,1,-0.000,1.000,-1.000,1,1.000,1,0,0.0576,0.2594,-0.0030,0.0566
1027,14,1,0,0.614,0.866,-1.000,1.000,1,1,-0.486,0.821,-1.000,1,1.000,1,0,0.0576,0.2594,-0.0028,0.0566
1028,14,1,0,1.000,0.150,-1.000,1.000,1,1,-1.000,0.000,-1.000,1,1.000,1,0,0.0576,0.2594,-0.0027,0.0566
1029,14,1,0,1.000,0.071,-1.000,1.000,1,1,-1.000,0.000,-1.000,1,1.000,1,0,0.0576,0.2593,-0.0026,0.0566
1030,14,1,0,0.717,-0.008,-1.000,1.000,1,1,-0.622,0.000,-1.000,1,1.000,1,0,0.0576,0.2592,-0.0025,0.0566
1031,14,1,0,0.591,-0.331,-1.000,1.000,1,1,-0.454,-0.108,-1.000,1,1.000,1,0,0.0576,0.2592,-0.0024,0.0566
1032,14,1,0,0.795,-0.110,-1.000,1.000,1,1,-0.727,0.000,-1.000,1,1.000,1,0,0.0576,0.2591,-0.0024,0.0566
1033,14,1,0,0.488,0.031,-1.000,1.000,1,1,-0.318,0.000,-1.000,1,1.000,1,0,0.0576,0.2590,-0.0023,0.0566
1034,14,1,0,0.039,-0.008,-1.000,1.000,1,1,-0.000,0.000,-1.000,1,1.000,1,0,0.0576,0.2590,-0.0023,0.0566
1035,14,1,0,0.039,-0.039,-1.000,1.000,1,1,-0.000,0.000,-1.000,1,1.000,1,0,0.0576,0.2590,-0.0023,0.0566
1036,14,1,0,0.071,-0.039,-1.000,1.000,1,1,-0.000,0.000,-1.000,1,1.000,1,0,0.0576,0.2591,-0.0023,0.0566
1037,14,1,0,0.307,-0.024,-1.000,1.000,1,1,-0.076,0.000,-1.000,1,1.000,1,0,0.0576,0.2591,-0.0022,0.0566
1038,14,1,0,0.283,-0.032,-1.000,1.000,1,1,-0.045,0.000,-1.000,1,1.000,1,0,0.0576,0.2591,-0.0022,0.0566
1039,14,1,0,0.118,-0.024,-1.000,1.000,1,1,-0.000,0.000,-1.000,1,1.000,1,0,0.0576,0.2592,-0.0022,0.0566
1040,14,1,0,0.063,-0.024,-1.000,1.000,1,1,-0.000,0.000,-1.000,1,1.000,1,0,0.0576,0.2592,-0.0022,0.0566
1041,14,1,0,0.055,-0.032,-1.000,1.000,1,1,-0.000,0.000,-1.000,1,1.000,1,0,0.0576,0.2593,-0.0021,0.0566
1042,14,1,0,0.031,-0.024,-1.000,1.000,1,1,-0.000,0.000,-1.000,1,1.000,1,0,0.0576,0.2593,-0.0021,0.0566
1043,14,1,0,0.031,-0.024,-1.000,1.000,1,1,-0.000,0.000,-1.000,1,1.000,1,0,0.0576,0.2594,-0.0021,0.0566
1044,14,1,0,-0.008,-0.024,-1.000,-1.000,1,1,-0.000,0.000,0.000,1,1.000,1,0,0.0576,0.2594,-0.0021,0.0566
1045,14,1,0,-0.008,-0.024,-1.000,-1.000,1,1,-0.000,0.000,0.000,1,1.000,1,0,0.0576,0.2594,-0.0020,0.0566
1046,14,1,0,-0.008,-0.024,-1.000,-1.000,1,1,-0.000,0.000,0.000,1,1.000,1,0,0.0576,0.2594,-0.0020,0.0566
1047,14,1,0,-0.008,-0.024,-1.000,-1.000,1,1,-0.000,0.000,0.000,1,1.000,1,0,0.0576,0.2594,-0.0020,0.0566
1048,14,1,0,-0.008,-0.024,-1.000,-1.000,1,1,-0.000,0.000,0.000,1,1.000,1,0,0.0576,0.2594,-0.0020,0.0566
1049,14,1,0,-0.008,-0.024,-1.000,-1.000,1,1,-0.000,0.000,0.000,1,1.000,1,0,0.0576,0.2594,-0.0020,0.0566
1050,14,1,0,-0.008,-0.024,-1.000,-1.000,1,1,-0.000,0.000,0.000,1,1.000,1,0,0.0576,0.2594,-0.0020,0.0566
1051,14,1,0,-0.008,-0.024,-1.000,-1.000,1,1,-0.000,0.000,0.000,1,1.000,1,0,0.0576,0.2594,-0.0020,0.0566
1052,14,1,0,-0.008,-0.024,-1.000,-1.000,1,1,-0.000,0.000,0.000,1,1.000,1,0,0.0576,0.2594,-0.0020,0.0566
1053,14,1,1,-0.008,-0.024,-1.000,-1.000,1,1,0.000,0.000,0.000,1,1.000,1,1,0.0576,0.2594,-0.0020,0.0566
1054,15,1,0,0.008,-0.024,-1.000,-1.000,1,1,-0.000,0.000,0.000,0,0.333,0,0,0.0602,0.2524,-0.0023,0.0614
1055,15,1,0,0.008,-0.024,-1.000,-1.000,1,1,-0.000,0.000,0.000,0,0.667,0,0,0.0589,0.2530,-0.0017,0.0610
1056,15,1,0,0.008,-0.024,-1.000,-1.000,1,1,-0.000,0.000,0.000,0,1.000,0,0,0.0576,0.2523,-0.0031,0.0597
1057,15,1,0,0.016,-0.024,-1.000,-1.000,1,1,-0.000,0.000,0.000,0,1.000,0,0,0.0576,0.2505,-0.0029,0.0579
1058,15,1,0,0.016,-0.024,-1.000,-1.000,1,1,-0.000,0.000,0.000,0,1.000,0,0,0.0576,0.2502,-0.0034,0.0578
1059,15,1,0,0.016,-0.024,-1.000,-1.000,1,1,-0.000,0.000,0.000,0,1.000,0,0,0.0576,0.2503,-0.0034,0.0578
1060,15,1,0,0.016,-0.024,-1.000,-1.000,1,1,-0.000,0.000,0.000,0,1.000,0,0,0.0576,0.2503,-0.0035,0.0579
1061,15,1,0,0.016,-0.024,-1.000,-1.000,1,1,-0.000,0.000,0.000,0,1.000,0,0,0.0576,0.2503,-0.0035,0.0579
1062,15,1,0,0.016,-0.024,-1.000,-1.000,1,1,-0.000,0.000,0.000,0,1.000,0,0,0.0576,0.2503,-0.0035,0.0579
1063,15,1,0,0.016,-0.024,-1.000,-1.000,1,1,-0.000,0.000,0.000,0,1.000,0,0,0.0576,0.2503,-0.0035,0.0579
1064,15,1,0,0.016,-0.024,-1.000,-1.000,1,1,-0.000,0.000,0.000,0,1.000,0,0,0.0576,0.2503,-0.0035,0.0579
1065,15,1,0,0.016,-0.024,-1.000,0.071,1,1,-0.000,0.000,-0.495,0,1.000,0,0,0.0576,0.2503,-0.0035,0.0579
1066,15,1,0,0.016,-0.024,-1.000,1.000,1,1,-0.000,0.000,-1.000,0,1.000,0,0,0.0576,0.2506,-0.0033,0.0578
1067,15,1,0,0.016,-0.024,-1.000,1.000,1,1,-0.000,0.000,-1.000,0,1.000,0,0,0.0576,0.2510,-0.0030,0.0574
1068,15,1,0,0.016,-0.024,-1.000,1.000,1,1,-0.000,0.000,-1.000,0,1.000,0,0,0.0576,0.2515,-0.0028,0.0569
1069,15,1,0,0.016,-0.024,-1.000,1.000,1,1,-0.000,0.000,-1.000,0,1.000,0,0,0.0576,0.2518,-0.0024,0.0563
1070,15,1,0,0.016,-0.024,-1.000,1.000,1,1,-0.000,0.000,-1.000,0,1.000,0,0,0.0576,0.2522,-0.0021,0.0561
1071,15,1,0,0.016,-0.024,-1.000,1.000,1,1,-0.000,0.000,-1.000,0,1.000,0,0,0.0576,0.2526,-0.0018,0.0558
1072,15,1,0,0.016,-0.024,-1.000,1.000,1,1,-0.000,0.000,-1.000,0,1.000,0,0,0.0576,0.2529,-0.0017,0.0556
1073,15,1,0,0.016,-0.024,-1.000,1.000,1,1,-0.000,0.000,-1.000,0,1.000,0,0,0.0576,0.2532,-0.0015,0.0555
1074,15,1,0,0.016,-0.024,-1.000,1.000,1,1,-0.000,0.000,-1.000,0,1.000,0,0,0.0576,0.2534,-0.0014,0.0549
1075,15,1,0,0.016,-0.024,-1.000,1.000,1,1,-0.000,0.000,-1.000,0,1.000,0,0,0.0576,0.2537,-0.0013,0.0548
1076,15,1,0,0.016,-0.024,-1.000,1.000,1,1,-0.000,0.000,-1.000,0,1.000,0,0,0.0576,0.2540,-0.0012,0.0547
1077,15,1,0,0.016,-0.024,-1.000,1.000,1,1,-0.000,0.000,-1.000,0,1.000,0,0,0.0576,0.2543,-0.0010,0.0546
1078,15,1,0,0.016,-0.024,-1.000,1.000,1,1,-0.000,0.000,-1.000,0,1.000,0,0,0.0576,0.2545,-0.0010,0.0545
1079,15,1,0,0.016,-0.024,-1.000,1.000,1,1,-0.000,0.000,-1.000,0,1.000,0,0,0.0576,0.2548,-0.0009,0.0545
1080,15,1,0,0.016,-0.024,-1.000,1.000,1,1,-0.000,0.000,-1.000,0,1.000,0,0,0.0576,0.2550,-0.0008,0.0545
1081,15,1,0,0.016,-0.024,-1.000,1.000,1,1,-0.000,0.000,-1.000,0,1.000,0,0,0.0576,0.2552,-0.0007,0.0544
1082,15,1,0,0.008,-0.024,-1.000,1.000,1,1,-0.000,0.000,-1.000,1,1.000,1,0,0.0576,0.2554,-0.0007,0.0544
1083,15,1,0,0.008,-0.024,-1.000,1.000,1,1,-0.000,0.000,-1.000,1,1.000,1,0,0.0576,0.2555,-0.0006,0.0544
1084,15,1,0,0.008,-0.024,-1.000,1.000,1,1,-0.000,0.000,-1.000,1,1.000,1,0,0.0576,0.2557,-0.0006,0.0545
1085,15,1,0,0.008,-0.024,-1.000,1.000,1,1,-0.000,0.000,-1.000,1,1.000,1,0,0.0576,0.2558,-0.0005,0.0545
1086,15,1,0,0.008,-0.024,-1.000,1.000,1,1,-0.000,0.000,-1.000,1,1.000,1,0,0.0576,0.2559,-0.0003,0.0545
1087,15,1,0,0.008,-0.024,-1.000,1.000,1,1,-0.000,0.000,-1.000,1,1.000,1,0,0.0576,0.2560,-0.0003,0.0545
1088,15,1,1,0.008,-0.024,-1.000,1.000,1,1,0.000,0.000,0.000,1,1.000,1,1,0.0576,0.2561,-0.0002,0.0545
1089,16,1,0,0.008,-0.039,-1.000,-1.000,1,1,-0.000,0.000,0.000,0,0.333,0,0,0.0584,0.2534,-0.0026,0.0588
1090,16,1,0,0.008,-0.039,-1.000,-1.000,1,1,-0.000,0.000,0.000,0,0.667,0,0,0.0580,0.2538,-0.0020,0.0585
1091,16,1,0,0.008,-0.039,-1.000,-1.000,1,1,-0.000,0.000,0.000,0,1.000,0,0,0.0576,0.2526,-0.0028,0.0578
1092,16,1,0,0.008,-0.039,-1.000,0.961,1,1,-0.000,0.000,-0.979,0,1.000,0,0,0.0576,0.2512,-0.0030,0.0575
1093,16,1,0,0.008,-0.039,-1.000,1.000,1,1,-0.000,0.000,-1.000,0,1.000,0,0,0.0576,0.2509,-0.0029,0.0568
1094,16,1,0,0.008,-0.039,-1.000,1.000,1,1,-0.000,0.000,-1.000,0,1.000,0,0,0.0576,0.2511,-0.0027,0.0563
1095,16,1,0,0.008,-0.039,-1.000,1.000,1,1,-0.000,0.000,-1.000,0,1.000,0,0,0.0576,0.2512,-0.0027,0.0561
1096,16,1,0,0.008,-0.039,-1.000,1.000,1,1,-0.000,0.000,-1.000,0,1.000,0,0,0.0576,0.2513,-0.0025,0.0558
1097,16,1,0,0.008,-0.039,-1.000,1.000,1,1,-0.000,0.000,-1.000,0,1.000,0,0,0.0576,0.2515,-0.0023,0.0555
1098,16,1,0,0.008,-0.039,-1.000,1.000,1,1,-0.000,0.000,-1.000,0,1.000,0,0,0.0576,0.2518,-0.0022,0.0545
1099,16,1,0,0.008,-0.039,-1.000,1.000,1,1,-0.000,0.000,-1.000,0,1.000,0,0,0.0576,0.2519,-0.0021,0.0545
1100,16,1,0,0.008,-0.039,-1.000,1.000,1,1,-0.000,0.000,-1.000,0,1.000,0,0,0.0576,0.2520,-0.0021,0.0545
1101,16,1,0,-0.008,0.008,-1.000,1.000,1,1,-0.000,0.000,-1.000,0,1.000,0,0,0.0576,0.2521,-0.0020,0.0545
1102,16,1,0,-0.016,0.008,-1.000,1.000,1,1,-0.000,0.000,-1.000,0,1.000,0,0,0.0576,0.2522,-0.0020,0.0544
1103,16,1,0,0.000,-0.008,-1.000,1.000,1,1,-0.000,0.000,-1.000,0,1.000,0,0,0.0576,0.2523,-0.0020,0.0544
1104,16,1,0,0.000,-0.016,-1.000,1.000,1,1,-0.000,0.000,-1.000,0,1.000,0,0,0.0576,0.2524,-0.0019,0.0544
1105,16,1,0,0.000,-0.024,-1.000,1.000,1,1,-0.000,0.000,-1.000,0,1.000,0,0,0.0576,0.2525,-0.0019,0.0544
1106,16,1,0,0.000,-0.024,-1.000,1.000,1,1,-0.000,0.000,-1.000,0,1.000,0,0,0.0576,0.2526,-0.0018,0.0544
1107,16,1,0,0.000,-0.024,-1.000,1.000,1,1,-0.000,0.000,-1.000,0,1.000,0,0,0.0576,0.2527,-0.0018,0.0544
1108,16,1,0,0.000,-0.024,-1.000,1.000,1,1,-0.000,0.000,-1.000,0,1.000,0,0,0.0576,0.2528,-0.0018,0.0544
1109,16,1,0,0.000,-0.032,-1.000,1.000,1,1,-0.000,0.000,-1.000,0,1.000,0,0,0.0576,0.2528,-0.0018,0.0544
1110,16,1,1,0.000,-0.039,-1.000,1.000,1,1,0.000,0.000,0.000,1,1.000,1,1,0.0576,0.2529,-0.0017,0.0544
1111,17,1,0,0.000,-0.039,-1.000,1.000,1,1,-0.000,0.000,-1.000,0,0.333,0,0,0.0591,0.2513,-0.0028,0.0596
1112,17,1,0,0.000,-0.039,-1.000,1.000,1,1,-0.000,0.000,-1.000,0,0.667,0,0,0.0583,0.2515,-0.0026,0.0577
1113,17,1,0,0.000,-0.039,-1.000,1.000,1,1,-0.000,0.000,-1.000,0,1.000,0,0,0.0576,0.2515,-0.0025,0.0566
1114,17,1,0,0.000,-0.039,-1.000,1.000,1,1,-0.000,0.000,-1.000,0,1.000,0,0,0.0576,0.2517,-0.0024,0.0562
1115,17,1,0,0.000,-0.039,-1.000,-0.606,1,1,-0.000,0.000,-0.127,0,1.000,0,0,0.0576,0.2519,-0.0022,0.0561
1116,17,1,0,0.000,-0.039,-1.000,-0.465,1,1,-0.000,0.000,-0.204,0,1.000,0,0,0.0576,0.2519,-0.0022,0.0561
1117,17,1,0,0.000,-0.039,-1.000,-0.480,1,1,-0.000,0.000,-0.195,0,1.000,0,0,0.0576,0.2520,-0.0022,0.0561
1118,17,1,0,0.000,-0.039,-1.000,-0.197,1,1,-0.000,0.000,-0.350,0,1.000,0,0,0.0576,0.2520,-0.0022,0.0561
1119,17,1,0,0.000,-0.039,-1.000,0.677,1,1,-0.000,0.000,-0.825,0,1.000,0,0,0.0576,0.2523,-0.0019,0.0557
1120,17,1,0,0.000,-0.039,-1.000,1.000,1,1,-0.000,0.000,-1.000,0,1.000,0,0,0.0576,0.2526,-0.0018,0.0551
1121,17,1,0,0.008,-0.039,-1.000,1.000,1,1,-0.000,0.000,-1.000,0,1.000,0,0,0.0576,0.2528,-0.0018,0.0550
1122,17,1,0,0.008,-0.039,-1.000,1.000,1,1,-0.000,0.000,-1.000,0,1.000,0,0,0.0576,0.2530,-0.0017,0.0549
1123,17,1,0,0.008,-0.039,-1.000,1.000,1,1,-0.000,0.000,-1.000,0,1.000,0,0,0.0576,0.2535,-0.0013,0.0546
1124,17,1,0,0.008,-0.039,-1.000,1.000,1,1,-0.000,0.000,-1.000,0,1.000,0,0,0.0576,0.2538,-0.0013,0.0544
1125,17,1,0,0.000,-0.039,-1.000,1.000,1,1,-0.000,0.000,-1.000,0,1.000,0,0,0.0576,0.2540,-0.0013,0.0544
1126,17,1,0,0.000,-0.039,-1.000,1.000,1,1,-0.000,0.000,-1.000,0,1.000,0,0,0.0576,0.2542,-0.0012,0.0544
1127,17,1,0,0.000,-0.039,-1.000,1.000,1,1,-0.000,0.000,-1.000,0,1.000,0,0,0.0576,0.2544,-0.0012,0.0544
1128,17,1,0,0.000,-0.039,-1.000,1.000,1,1,-0.000,0.000,-1.000,0,1.000,0,0,0.0576,0.2545,-0.0011,0.0544
1129,17,1,0,0.000,-0.039,-1.000,1.000,1,1,-0.000,0.000,-1.000,0,1.000,0,0,0.0576,0.2547,-0.0011,0.0544
1130,17,1,0,0.000,-0.039,-1.000,1.000,1,1,-0.000,0.000,-1.000,1,1.000,1,0,0.0576,0.2548,-0.0010,0.0544
1131,17,1,0,0.000,-0.039,-1.000,1.000,1,1,-0.000,0.000,-1.000,1,1.000,1,0,0.0576,0.2549,-0.0010,0.0544
1132,17,1,0,0.000,-0.039,-1.000,1.000,1,1,-0.000,0.000,-1.000,1,1.000,1,0,0.0576,0.2551,-0.0009,0.0544
1133,17,1,0,0.000,-0.039,-1.000,1.000,1,1,-0.000,0.000,-1.000,1,1.000,1,0,0.0576,0.2552,-0.0009,0.0544
1134,17,1,0,0.000,-0.039,-1.000,1.000,1,1,-0.000,0.000,-1.000,1,1.000,1,0,0.0576,0.2553,-0.0009,0.0544
1135,17,1,0,0.008,-0.039,-1.000,-1.000,1,1,-0.000,0.000,0.000,1,1.000,1,0,0.0576,0.2554,-0.0009,0.0544
1136,17,1,0,0.016,-0.039,-1.000,-1.000,1,1,-0.000,0.000,0.000,1,1.000,1,0,0.0576,0.2554,-0.0008,0.0544
1137,17,1,0,0.016,-0.039,-1.000,-1.000,1,1,-0.000,0.000,0.000,1,1.000,1,0,0.0576,0.2554,-0.0008,0.0544
1138,17,1,0,0.016,-0.039,-1.000,-1.000,1,1,-0.000,0.000,0.000,1,1.000,1,0,0.0576,0.2554,-0.0008,0.0544
1139,17,1,0,0.016,-0.039,-1.000,-1.000,1,1,-0.000,0.000,0.000,1,1.000,1,0,0.0576,0.2554,-0.0008,0.0544
1140,17,1,0,-0.008,-0.039,-1.000,-1.000,1,1,-0.000,0.000,0.000,1,1.000,1,0,0.0576,0.2554,-0.0008,0.0544
1141,17,1,0,-0.008,-0.039,-1.000,-1.000,1,1,-0.000,0.000,0.000,1,1.000,1,0,0.0576,0.2554,-0.0008,0.0544
1142,17,1,0,-0.008,-0.039,-1.000,-1.000,1,1,-0.000,0.000,0.000,1,1.000,1,0,0.0576,0.2554,-0.0008,0.0544
1143,17,1,0,-0.008,-0.039,-1.000,-1.000,1,1,-0.000,0.000,0.000,1,1.000,1,0,0.0576,0.2554,-0.0008,0.0544
1144,17,1,1,0.000,-0.039,-1.000,-1.000,1,1,0.000,0.000,0.000,1,1.000,1,1,0.0576,0.2554,-0.0008,0.0544
1145,18,1,0,0.000,-0.039,-1.000,-1.000,1,1,-0.000,0.000,0.000,0,0.333,0,0,0.0577,0.2540,-0.0017,0.0578
1146,18,1,0,0.000,-0.039,-1.000,-1.000,1,1,-0.000,0.000,0.000,0,0.667,0,0,0.0577,0.2543,-0.0013,0.0580
1147,18,1,0,0.000,-0.039,-1.000,-1.000,1,1,-0.000,0.000,0.000,0,1.000,0,0,0.0576,0.2529,-0.0025,0.0572
1148,18,1,0,0.000,-0.039,-1.000,-1.000,1,1,-0.000,0.000,0.000,0,1.000,0,0,0.0576,0.2511,-0.0030,0.0577
1149,18,1,0,0.000,-0.039,-1.000,-1.000,1,1,-0.000,0.000,0.000,0,1.000,0,0,0.0576,0.2504,-0.0034,0.0578
1150,18,1,0,0.000,-0.039,-1.000,-1.000,1,1,-0.000,0.000,0.000,0,1.000,0,0,0.0576,0.2505,-0.0034,0.0577
1151,18,1,0,0.000,-0.039,-1.000,-1.000,1,1,-0.000,0.000,0.000,0,1.000,0,0,0.0576,0.2505,-0.0034,0.0577
1152,18,1,0,0.000,-0.039,-1.000,-1.000,1,1,-0.000,0.000,0.000,0,1.000,0,0,0.0576,0.2505,-0.0034,0.0577
1153,18,1,0,0.000,-0.039,-1.000,-1.000,1,1,-0.000,0.000,0.000,0,1.000,0,0,0.0576,0.2505,-0.0034,0.0577
1154,18,1,0,0.000,-0.039,-1.000,-1.000,1,1,-0.000,0.000,0.000,0,1.000,0,0,0.0576,0.2505,-0.0034,0.0577
1155,18,1,0,0.000,-0.039,-1.000,-1.000,1,1,-0.000,0.000,0.000,0,1.000,0,0,0.0576,0.2505,-0.0034,0.0577
1156,18,1,0,0.000,-0.039,-1.000,-1.000,1,1,-0.000,0.000,0.000,0,1.000,0,0,0.0576,0.2505,-0.0034,0.0577
1157,18,1,0,0.000,-0.039,-1.000,-1.000,1,1,-0.000,0.000,0.000,0,1.000,0,0,0.0576,0.2505,-0.0034,0.0577
1158,18,1,0,0.000,-0.039,-1.000,-1.000,1,1,-0.000,0.000,0.000,0,1.000,0,0,0.0576,0.2505,-0.0034,0.0577
1159,18,1,0,0.000,-0.039,-1.000,-1.000,1,1,-0.000,0.000,0.000,0,1.000,0,0,0.0576,0.2505,-0.0034,0.0577
1160,18,1,0,0.000,-0.039,-1.000,-1.000,1,1,-0.000,0.000,0.000,0,1.000,0,0,0.0576,0.2505,-0.0034,0.0577
1161,18,1,0,0.000,-0.039,-1.000,-1.000,1,1,-0.000,0.000,0.000,0,1.000,0,0,0.0576,0.2505,-0.0034,0.0577
1162,18,1,0,0.000,-0.039,-1.000,-1.000,1,1,-0.000,0.000,0.000,0,1.000,0,0,0.0576,0.2505,-0.0034,0.0577
1163,18,1,0,0.000,-0.039,-1.000,-1.000,1,1,-0.000,0.000,0.000,0,1.000,0,0,0.0576,0.2505,-0.0034,0.0577
1164,18,1,0,0.000,-0.039,-1.000,-1.000,1,1,-0.000,0.000,0.000,0,1.000,0,0,0.0576,0.2505,-0.0034,0.0577
1165,18,1,0,0.000,-0.039,-1.000,-1.000,1,1,-0.000,0.000,0.000,0,1.000,0,0,0.0576,0.2505,-0.0034,0.0577
1166,18,1,0,0.000,-0.039,-1.000,-1.000,1,1,-0.000,0.000,0.000,0,1.000,0,0,0.0576,0.2505,-0.0034,0.0577
1167,18,1,0,0.000,-0.039,-1.000,-1.000,1,1,-0.000,0.000,0.000,0,1.000,0,0,0.0576,0.2505,-0.0034,0.0577
1168,18,1,0,0.008,-0.039,-1.000,-1.000,1,1,-0.000,0.000,0.000,0,1.000,0,0,0.0576,0.2505,-0.0034,0.0577
1169,18,1,0,0.008,-0.039,-1.000,0.220,1,1,-0.000,0.000,-0.576,0,1.000,0,0,0.0576,0.2505,-0.0034,0.0577
1170,18,1,0,0.000,-0.039,-1.000,1.000,1,1,-0.000,0.000,-1.000,0,1.000,0,0,0.0576,0.2505,-0.0033,0.0573
1171,18,1,0,0.000,-0.039,-1.000,1.000,1,1,-0.000,0.000,-1.000,0,1.000,0,0,0.0576,0.2505,-0.0031,0.0569
1172,18,1,0,0.000,-0.039,-1.000,1.000,1,1,-0.000,0.000,-1.000,0,1.000,0,0,0.0576,0.2505,-0.0031,0.0567
1173,18,1,0,0.000,-0.039,-1.000,1.000,1,1,-0.000,0.000,-1.000,0,1.000,0,0,0.0576,0.2505,-0.0031,0.0564
1174,18,1,0,0.000,-0.039,-1.000,1.000,1,1,-0.000,0.000,-1.000,0,1.000,0,0,0.0576,0.2506,-0.0030,0.0562
1175,18,1,0,0.000,-0.039,-1.000,1.000,1,1,-0.000,0.000,-1.000,0,1.000,0,0,0.0576,0.2507,-0.0029,0.0561
1176,18,1,0,0.000,0.000,-1.000,1.000,1,1,-0.000,0.000,-1.000,0,1.000,0,0,0.0576,0.2508,-0.0029,0.0561
1177,18,1,0,0.008,0.063,-1.000,1.000,1,1,-0.000,0.000,-1.000,0,1.000,0,0,0.0576,0.2509,-0.0027,0.0560
1178,18,1,0,0.008,0.118,-1.000,1.000,1,1,-0.000,0.000,-1.000,0,1.000,0,0,0.0576,0.2514,-0.0022,0.0550
1179,18,1,0,0.008,0.307,-1.000,1.000,1,1,-0.000,0.076,-1.000,0,1.000,0,0,0.0576,0.2514,-0.0021,0.0544
1180,18,1,0,0.008,0.701,-1.000,1.000,1,1,-0.000,0.601,-1.000,0,1.000,0,0,0.0576,0.2514,-0.0020,0.0544
1181,18,1,0,-0.039,0.079,-1.000,1.000,1,1,-0.000,0.000,-1.000,0,1.000,0,0,0.0576,0.2515,-0.0019,0.0544
1182,18,1,0,-0.016,-0.024,-1.000,1.000,1,1,-0.000,0.000,-1.000,0,1.000,0,0,0.0576,0.2515,-0.0019,0.0544
1183,18,1,0,-0.008,-0.039,-1.000,1.000,1,1,-0.000,0.000,-1.000,0,1.000,0,0,0.0576,0.2515,-0.0019,0.0544
1184,18,1,0,-0.008,-0.039,-1.000,1.000,1,1,-0.000,0.000,-1.000,0,1.000,0,0,0.0576,0.2515,-0.0019,0.0544
1185,18,1,0,-0.008,-0.039,-1.000,1.000,1,1,-0.000,0.000,-1.000,0,1.000,0,0,0.0576,0.2515,-0.0019,0.0543
1186,18,1,0,-0.008,-0.039,-1.000,1.000,1,1,-0.000,0.000,-1.000,0,1.000,0,0,0.0576,0.2516,-0.0019,0.0543
1187,18,1,0,-0.008,-0.039,-1.000,1.000,1,1,-0.000,0.000,-1.000,0,1.000,0,0,0.0576,0.2516,-0.0019,0.0543
1188,18,1,0,-0.008,-0.039,-1.000,1.000,1,1,-0.000,0.000,-1.000,0,1.000,0,0,0.0576,0.2516,-0.0019,0.0543
1189,18,1,0,-0.008,-0.039,-1.000,1.000,1,1,-0.000,0.000,-1.000,0,1.000,0,0,0.0576,0.2516,-0.0019,0.0543
1190,18,1,0,-0.008,-0.039,-1.000,1.000,1,1,-0.000,0.000,-1.000,0,1.000,0,0,0.0576,0.2517,-0.0019,0.0543
1191,18,1,0,-0.008,-0.039,-1.000,1.000,1,1,-0.000,0.000,-1.000,0,1.000,0,0,0.0576,0.2517,-0.0019,0.0543
1192,18,1,1,-0.008,-0.039,-1.000,1.000,1,1,0.000,0.000,0.000,1,1.000,1,1,0.0576,0.2517,-0.0019,0.0543
1193,19,1,0,0.000,-0.039,-1.000,-1.000,1,1,-0.000,0.000,0.000,0,0.333,0,0,0.0571,0.2527,-0.0023,0.0571
1194,19,1,0,0.000,-0.039,-1.000,-1.000,1,1,-0.000,0.000,0.000,0,0.667,0,0,0.0574,0.2520,-0.0026,0.0571
1195,19,1,0,0.000,-0.039,-1.000,-1.000,1,1,-0.000,0.000,0.000,0,1.000,0,0,0.0576,0.2511,-0.0032,0.0575
1196,19,1,0,0.000,-0.039,-1.000,-1.000,1,1,-0.000,0.000,0.000,0,1.000,0,0,0.0576,0.2507,-0.0035,0.0577
1197,19,1,0,-0.008,-0.039,-1.000,-1.000,1,1,-0.000,0.000,0.000,0,1.000,0,0,0.0576,0.2507,-0.0035,0.0577
1198,19,1,0,-0.008,-0.039,-1.000,-1.000,1,1,-0.000,0.000,0.000,0,1.000,0,0,0.0576,0.2507,-0.0035,0.0577
1199,19,1,0,-0.008,-0.039,-1.000,-1.000,1,1,-0.000,0.000,0.000,0,1.000,0,0,0.0576,0.2506,-0.0035,0.0577
1200,19,1,0,0.000,-0.039,-1.000,-1.000,1,1,-0.000,0.000,0.000,0,1.000,0,0,0.0576,0.2506,-0.0035,0.0577
1201,19,1,0,0.000,-0.039,-1.000,-1.000,1,1,-0.000,0.000,0.000,0,1.000,0,0,0.0576,0.2506,-0.0035,0.0577
1202,19,1,0,0.000,-0.039,-1.000,-1.000,1,1,-0.000,0.000,0.000,0,1.000,0,0,0.0576,0.2506,-0.0035,0.0577
1203,19,1,0,0.000,-0.039,-1.000,-1.000,1,1,-0.000,0.000,0.000,0,1.000,0,0,0.0576,0.2506,-0.0035,0.0577
1204,19,1,0,0.000,-0.039,-1.000,-1.000,1,1,-0.000,0.000,0.000,0,1.000,0,0,0.0576,0.2506,-0.0035,0.0577
1205,19,1,0,0.000,-0.039,-1.000,-1.000,1,1,-0.000,0.000,0.000,0,1.000,0,0,0.0576,0.2506,-0.0035,0.0577
1206,19,1,0,0.000,-0.039,-1.000,-1.000,1,1,-0.000,0.000,0.000,0,1.000,0,0,0.0576,0.2506,-0.0035,0.0577
1207,19,1,0,0.000,-0.039,-1.000,-1.000,1,1,-0.000,0.000,0.000,0,1.000,0,0,0.0576,0.2506,-0.0035,0.0577
1208,19,1,0,0.000,-0.039,-1.000,-0.709,1,1,-0.000,0.000,-0.071,0,1.000,0,0,0.0576,0.2506,-0.0035,0.0577
1209,19,1,0,0.000,-0.039,-1.000,0.630,1,1,-0.000,0.000,-0.799,0,1.000,0,0,0.0576,0.2506,-0.0035,0.0575
1210,19,1,0,-0.008,-0.039,-1.000,1.000,1,1,-0.000,0.000,-1.000,0,1.000,0,0,0.0576,0.2504,-0.0034,0.0572
1211,19,1,0,-0.008,-0.039,-1.000,1.000,1,1,-0.000,0.000,-1.000,0,1.000,0,0,0.0576,0.2504,-0.0033,0.0568
1212,19,1,0,-0.008,-0.008,-1.000,1.000,1,1,-0.000,0.000,-1.000,0,1.000,0,0,0.0576,0.2503,-0.0034,0.0566
1213,19,1,0,-0.008,0.008,-1.000,1.000,1,1,-0.000,0.000,-1.000,0,1.000,0,0,0.0576,0.2502,-0.0033,0.0564
1214,19,1,0,-0.016,0.008,-1.000,1.000,1,1,-0.000,0.000,-1.000,0,1.000,0,0,0.0576,0.2502,-0.0033,0.0563
1215,19,1,0,0.000,0.346,-1.000,1.000,1,1,-0.000,0.129,-1.000,0,1.000,0,0,0.0576,0.2502,-0.0033,0.0563
1216,19,1,0,-0.008,0.905,-1.000,1.000,1,1,-0.000,0.874,-1.000,0,1.000,0,0,0.0576,0.2503,-0.0030,0.0564
1217,19,1,0,-0.158,0.252,-1.000,1.000,1,1,-0.000,0.003,-1.000,0,1.000,0,0,0.0576,0.2504,-0.0026,0.0562
1218,19,1,0,-0.016,-0.016,-1.000,1.000,1,1,-0.000,0.000,-1.000,0,1.000,0,0,0.0576,0.2504,-0.0026,0.0561
1219,19,1,0,-0.016,-0.039,-1.000,1.000,1,1,-0.000,0.000,-1.000,0,1.000,0,0,0.0576,0.2504,-0.0026,0.0560
1220,19,1,0,-0.016,-0.039,-1.000,1.000,1,1,-0.000,0.000,-1.000,0,1.000,0,0,0.0576,0.2505,-0.0026,0.0560
1221,19,1,0,-0.063,0.039,-1.000,1.000,1,1,-0.000,0.000,-1.000,0,1.000,0,0,0.0576,0.2505,-0.0026,0.0560
1222,19,1,0,-0.465,0.457,-1.000,1.000,1,1,0.286,0.276,-1.000,0,1.000,0,0,0.0576,0.2505,-0.0025,0.0560
1223,19,1,0,-0.661,0.803,-1.000,1.000,1,1,0.549,0.738,-1.000,0,0.852,0,0,0.0575,0.2506,-0.0023,0.0560
1224,19,1,0,-0.087,0.457,-1.000,1.000,1,1,-0.000,0.276,-1.000,0,1.000,0,0,0.0576,0.2509,-0.0018,0.0549
1225,19,1,0,0.000,-0.008,-1.000,1.000,1,1,-0.000,0.000,-1.000,0,1.000,0,0,0.0576,0.2508,-0.0016,0.0546
1226,19,1,0,0.000,-0.016,-1.000,1.000,1,1,-0.000,0.000,-1.000,0,1.000,0,0,0.0576,0.2509,-0.0016,0.0545
1227,19,1,0,0.000,-0.016,-1.000,1.000,1,1,-0.000,0.000,-1.000,0,1.000,0,0,0.0576,0.2509,-0.0015,0.0545
1228,19,1,0,0.000,-0.016,-1.000,1.000,1,1,-0.000,0.000,-1.000,0,1.000,0,0,0.0576,0.2509,-0.0015,0.0545
1229,19,1,0,0.000,-0.032,-1.000,1.000,1,1,-0.000,0.000,-1.000,0,1.000,0,0,0.0576,0.2509,-0.0015,0.0545
1230,19,1,0,0.000,-0.047,-1.000,1.000,1,1,-0.000,0.000,-1.000,0,1.000,0,0,0.0576,0.2509,-0.0015,0.0545
1231,19,1,0,0.000,-0.047,-1.000,1.000,1,1,-0.000,0.000,-1.000,0,1.000,0,0,0.0576,0.2509,-0.0015,0.0545
1232,19,1,0,0.000,-0.047,-1.000,1.000,1,1,-0.000,0.000,-1.000,0,1.000,0,0,0.0576,0.2509,-0.0015,0.0545
1233,19,1,0,0.000,-0.047,-1.000,1.000,1,1,-0.000,0.000,-1.000,0,1.000,0,0,0.0576,0.2509,-0.0015,0.0545
1234,19,1,0,0.000,-0.047,-1.000,1.000,1,1,-0.000,0.000,-1.000,0,1.000,0,0,0.0576,0.2509,-0.0015,0.0545
1235,19,1,1,0.000,-0.047,-1.000,1.000,1,1,0.000,0.000,0.000,1,1.000,1,1,0.0576,0.2509,-0.0015,0.0545
1236,20,1,0,0.000,-0.047,-1.000,-1.000,1,1,-0.000,0.000,0.000,0,0.333,0,0,0.0581,0.2521,-0.0026,0.0584
1237,20,1,0,0.000,-0.047,-1.000,-1.000,1,1,-0.000,0.000,0.000,0,0.667,0,0,0.0579,0.2517,-0.0030,0.0579
1238,20,1,0,0.000,-0.047,-1.000,-1.000,1,1,-0.000,0.000,0.000,0,1.000,0,0,0.0576,0.2510,-0.0033,0.0578
1239,20,1,0,0.000,-0.047,-1.000,-1.000,1,1,-0.000,0.000,0.000,0,1.000,0,0,0.0576,0.2506,-0.0035,0.0578
1240,20,1,0,0.000,-0.047,-1.000,-1.000,1,1,-0.000,0.000,0.000,0,1.000,0,0,0.0576,0.2506,-0.0035,0.0578
1241,20,1,0,0.000,-0.047,-1.000,-1.000,1,1,-0.000,0.000,0.000,0,1.000,0,0,0.0576,0.2506,-0.0035,0.0578
1242,20,1,0,0.000,-0.047,-1.000,-1.000,1,1,-0.000,0.000,0.000,0,1.000,0,0,0.0576,0.2506,-0.0035,0.0578
1243,20,1,0,0.000,-0.047,-1.000,-1.000,1,1,-0.000,0.000,0.000,0,1.000,0,0,0.0576,0.2506,-0.0035,0.0578
1244,20,1,0,0.000,-0.047,-1.000,-1.000,1,1,-0.000,0.000,0.000,0,1.000,0,0,0.0576,0.2506,-0.0035,0.0578
1245,20,1,0,0.000,-0.047,-1.000,-1.000,1,1,-0.000,0.000,0.000,0,1.000,0,0,0.0576,0.2506,-0.0035,0.0578
1246,20,1,0,0.000,-0.047,-1.000,-1.000,1,1,-0.000,0.000,0.000,0,1.000,0,0,0.0576,0.2506,-0.0035,0.0578
1247,20,1,0,0.000,-0.047,-1.000,-1.000,1,1,-0.000,0.000,0.000,0,1.000,0,0,0.0576,0.2506,-0.0035,0.0578
1248,20,1,0,0.000,-0.047,-1.000,-1.000,1,1,-0.000,0.000,0.000,0,1.000,0,0,0.0576,0.2506,-0.0035,0.0578
1249,20,1,0,0.000,-0.047,-1.000,-1.000,1,1,-0.000,0.000,0.000,0,1.000,0,0,0.0576,0.2506,-0.0035,0.0578
1250,20,1,0,0.000,-0.047,-1.000,-1.000,1,1,-0.000,0.000,0.000,0,1.000,0,0,0.0576,0.2506,-0.0035,0.0578
1251,20,1,0,0.000,-0.047,-1.000,-1.000,1,1,-0.000,0.000,0.000,0,1.000,0,0,0.0576,0.2506,-0.0035,0.0578
1252,20,1,0,0.000,-0.047,-1.000,-1.000,1,1,-0.000,0.000,0.000,0,1.000,0,0,0.0576,0.2506,-0.0035,0.0578
1253,20,1,0,0.000,-0.047,-1.000,-1.000,1,1,-0.000,0.000,0.000,0,1.000,0,0,0.0576,0.2506,-0.0035,0.0578
1254,20,1,0,-0.008,-0.024,-1.000,-1.000,1,1,-0.000,0.000,0.000,0,1.000,0,0,0.0576,0.2506,-0.0035,0.0578
1255,20,1,0,-0.016,-0.008,-1.000,-1.000,1,1,-0.000,0.000,0.000,0,1.000,0,0,0.0576,0.2506,-0.0035,0.0578
1256,20,1,0,-0.008,0.016,-1.000,-1.000,1,1,-0.000,0.000,0.000,0,1.000,0,0,0.0576,0.2506,-0.0035,0.0578
1257,20,1,0,-0.047,0.386,-1.000,-1.000,1,1,-0.000,0.181,0.000,0,1.000,0,0,0.0576,0.2505,-0.0035,0.0578
1258,20,1,0,-0.039,0.591,-1.000,-1.000,1,1,-0.000,0.454,0.000,0,1.000,0,0,0.0576,0.2504,-0.0031,0.0578
1259,20,1,0,0.008,0.457,-1.000,-1.000,1,1,-0.000,0.276,0.000,0,1.000,0,0,0.0576,0.2503,-0.0024,0.0577
1260,20,1,0,0.008,0.370,-1.000,-1.000,1,1,-0.000,0.160,0.000,0,1.000,0,0,0.0576,0.2502,-0.0020,0.0578
1261,20,1,0,0.031,0.307,-1.000,-1.000,1,1,-0.000,0.076,0.000,0,1.000,0,0,0.0576,0.2501,-0.0017,0.0577
1262,20,1,0,0.031,0.016,-1.000,-1.000,1,1,-0.000,0.000,0.000,0,1.000,0,0,0.0576,0.2501,-0.0016,0.0578
1263,20,1,0,0.031,-0.024,-1.000,-1.000,1,1,-0.000,0.000,0.000,0,1.000,0,0,0.0576,0.2501,-0.0016,0.0578
1264,20,1,0,0.024,-0.024,-1.000,-1.000,1,1,-0.000,0.000,0.000,0,1.000,0,0,0.0576,0.2501,-0.0016,0.0578
1265,20,1,0,-0.008,-0.024,-1.000,-1.000,1,1,-0.000,0.000,0.000,0,1.000,0,0,0.0576,0.2501,-0.0016,0.0578
1266,20,1,0,-0.016,-0.024,-1.000,-1.000,1,1,-0.000,0.000,0.000,0,1.000,0,0,0.0576,0.2501,-0.0016,0.0578
1267,20,1,0,-0.008,-0.024,-1.000,-1.000,1,1,-0.000,0.000,0.000,0,1.000,0,0,0.0576,0.2501,-0.0016,0.0578
1268,20,1,0,-0.024,-0.024,-1.000,1.000,1,1,-0.000,0.000,-1.000,0,1.000,0,0,0.0576,0.2501,-0.0017,0.0575
1269,20,1,0,-0.032,-0.024,-1.000,1.000,1,1,-0.000,0.000,-1.000,0,1.000,0,0,0.0576,0.2502,-0.0013,0.0567
1270,20,1,0,-0.032,-0.024,-1.000,1.000,1,1,-0.000,0.000,-1.000,0,1.000,0,0,0.0576,0.2503,-0.0013,0.0565
1271,20,1,0,-0.024,-0.008,-1.000,1.000,1,1,-0.000,0.000,-1.000,0,1.000,0,0,0.0576,0.2504,-0.0013,0.0562
1272,20,1,0,-0.008,0.000,-1.000,1.000,1,1,-0.000,0.000,-1.000,0,1.000,0,0,0.0576,0.2506,-0.0012,0.0559
1273,20,1,0,0.008,0.000,-1.000,1.000,1,1,-0.000,0.000,-1.000,0,1.000,0,0,0.0576,0.2510,-0.0010,0.0544
1274,20,1,0,0.024,-0.039,-1.000,1.000,1,1,-0.000,0.000,-1.000,0,1.000,0,0,0.0576,0.2511,-0.0010,0.0544
1275,20,1,0,0.063,-0.047,-1.000,1.000,1,1,-0.000,0.000,-1.000,0,1.000,0,0,0.0576,0.2512,-0.0010,0.0544
1276,20,1,0,0.031,-0.039,-1.000,1.000,1,1,-0.000,0.000,-1.000,0,1.000,0,0,0.0576,0.2513,-0.0010,0.0544
1277,20,1,0,0.016,-0.016,-1.000,1.000,1,1,-0.000,0.000,-1.000,0,1.000,0,0,0.0576,0.2514,-0.0010,0.0544
1278,20,1,0,0.008,-0.016,-1.000,1.000,1,1,-0.000,0.000,-1.000,0,1.000,0,0,0.0576,0.2516,-0.0010,0.0543
1279,20,1,0,0.008,-0.016,-1.000,1.000,1,1,-0.000,0.000,-1.000,0,1.000,0,0,0.0576,0.2516,-0.0010,0.0543
1280,20,1,0,0.008,-0.016,-1.000,1.000,1,1,-0.000,0.000,-1.000,0,1.000,0,0,0.0576,0.2518,-0.0010,0.0543
1281,20,1,0,0.008,-0.016,-1.000,1.000,1,1,-0.000,0.000,-1.000,0,1.000,0,0,0.0576,0.2519,-0.0010,0.0543
1282,20,1,0,0.008,-0.016,-1.000,1.000,1,1,-0.000,0.000,-1.000,0,1.000,0,0,0.0576,0.2519,-0.0010,0.0543
1283,20,1,1,0.008,-0.016,-1.000,1.000,1,1,0.000,0.000,0.000,1,1.000,1,1,0.0576,0.2520,-0.0010,0.0543
1284,21,1,0,0.008,-0.024,-1.000,-1.000,1,1,-0.000,0.000,0.000,0,0.333,0,0,0.0585,0.2525,-0.0016,0.0589
1285,21,1,0,0.008,-0.024,-1.000,-1.000,1,1,-0.000,0.000,0.000,0,0.667,0,0,0.0580,0.2518,-0.0023,0.0582
1286,21,1,0,-0.008,-0.024,-1.000,-1.000,1,1,-0.000,0.000,0.000,0,1.000,0,0,0.0576,0.2508,-0.0030,0.0577
1287,21,1,0,-0.008,-0.024,-1.000,-1.000,1,1,-0.000,0.000,0.000,0,1.000,0,0,0.0576,0.2505,-0.0033,0.0577
1288,21,1,0,-0.016,-0.024,-1.000,-1.000,1,1,-0.000,0.000,0.000,0,1.000,0,0,0.0576,0.2505,-0.0033,0.0577
1289,21,1,0,-0.016,-0.024,-1.000,-1.000,1,1,-0.000,0.000,0.000,0,1.000,0,0,0.0576,0.2505,-0.0033,0.0577
1290,21,1,0,-0.016,-0.024,-1.000,-1.000,1,1,-0.000,0.000,0.000,0,1.000,0,0,0.0576,0.2505,-0.0033,0.0577
1291,21,1,0,-0.016,-0.024,-1.000,-1.000,1,1,-0.000,0.000,0.000,0,1.000,0,0,0.0576,0.2505,-0.0033,0.0577
1292,21,1,0,-0.039,-0.024,-1.000,-1.000,1,1,-0.000,0.000,0.000,0,1.000,0,0,0.0576,0.2505,-0.0033,0.0577
1293,21,1,0,-0.063,0.008,-1.000,-1.000,1,1,-0.000,0.000,0.000,0,1.000,0,0,0.0576,0.2505,-0.0033,0.0577
1294,21,1,0,-0.063,0.016,-1.000,-1.000,1,1,-0.000,0.000,0.000,0,1.000,0,0,0.0576,0.2505,-0.0033,0.0577
1295,21,1,0,-0.055,0.024,-1.000,-1.000,1,1,-0.000,0.000,0.000,0,1.000,0,0,0.0576,0.2505,-0.0033,0.0577
1296,21,1,0,-0.032,0.024,-1.000,-1.000,1,1,-0.000,0.000,0.000,0,1.000,0,0,0.0576,0.2505,-0.0033,0.0577
1297,21,1,0,-0.008,0.024,-1.000,-1.000,1,1,-0.000,0.000,0.000,0,1.000,0,0,0.0576,0.2505,-0.0033,0.0577
1298,21,1,0,-0.008,0.016,-1.000,0.000,1,1,-0.000,0.000,-0.457,0,1.000,0,0,0.0576,0.2505,-0.0033,0.0577
1299,21,1,0,-0.008,0.016,-1.000,1.000,1,1,-0.000,0.000,-1.000,0,1.000,0,0,0.0576,0.2506,-0.0032,0.0573
1300,21,1,0,-0.008,0.016,-1.000,1.000,1,1,-0.000,0.000,-1.000,0,1.000,0,0,0.0576,0.2507,-0.0029,0.0568
1301,21,1,0,0.134,0.622,-1.000,1.000,1,1,-0.000,0.496,-1.000,0,1.000,0,0,0.0576,0.2509,-0.0025,0.0564
1302,21,1,0,0.252,0.858,-1.000,1.000,1,1,-0.003,0.811,-1.000,0,1.000,0,0,0.0576,0.2510,-0.0013,0.0554
1303,21,1,0,0.236,0.654,-1.000,1.000,1,1,-0.000,0.538,-1.000,0,1.000,0,0,0.0576,0.2509,-0.0008,0.0548
1304,21,1,0,0.024,0.031,-1.000,1.000,1,1,-0.000,0.000,-1.000,0,1.000,0,0,0.0576,0.2509,-0.0007,0.0547
1305,21,1,0,0.024,0.016,-1.000,1.000,1,1,-0.000,0.000,-1.000,0,1.000,0,0,0.0576,0.2510,-0.0006,0.0545
1306,21,1,0,0.024,0.024,-1.000,1.000,1,1,-0.000,0.000,-1.000,0,1.000,0,0,0.0576,0.2511,-0.0006,0.0545
1307,21,1,0,0.031,0.047,-1.000,1.000,1,1,-0.000,0.000,-1.000,0,1.000,0,0,0.0576,0.2512,-0.0006,0.0545
1308,21,1,0,0.024,0.024,-1.000,1.000,1,1,-0.000,0.000,-1.000,0,1.000,0,0,0.0576,0.2513,-0.0006,0.0544
1309,21,1,0,0.016,0.016,-1.000,1.000,1,1,-0.000,0.000,-1.000,0,1.000,0,0,0.0576,0.2515,-0.0006,0.0544
1310,21,1,0,0.008,0.016,-1.000,1.000,1,1,-0.000,0.000,-1.000,0,1.000,0,0,0.0576,0.2515,-0.0006,0.0544
1311,21,1,0,0.008,0.016,-1.000,1.000,1,1,-0.000,0.000,-1.000,0,1.000,0,0,0.0576,0.2517,-0.0005,0.0544
1312,21,1,1,0.008,0.016,-1.000,1.000,1,1,0.000,0.000,0.000,1,1.000,1,1,0.0576,0.2517,-0.0005,0.0544
1313,22,1,0,0.024,-0.024,-1.000,-1.000,1,1,-0.000,0.000,0.000,0,0.333,0,0,0.0576,0.2517,-0.0027,0.0576
1314,22,1,0,0.024,-0.024,-1.000,-1.000,1,1,-0.000,0.000,0.000,0,0.667,0,0,0.0576,0.2514,-0.0028,0.0576
1315,22,1,0,0.024,-0.024,-1.000,-1.000,1,1,-0.000,0.000,0.000,0,1.000,0,0,0.0576,0.2509,-0.0032,0.0576
1316,22,1,0,0.016,-0.024,-1.000,-1.000,1,1,-0.000,0.000,0.000,0,1.000,0,0,0.0576,0.2506,-0.0033,0.0576
1317,22,1,0,0.016,-0.024,-1.000,-1.000,1,1,-0.000,0.000,0.000,0,1.000,0,0,0.0576,0.2507,-0.0033,0.0576
1318,22,1,0,0.016,-0.024,-1.000,-1.000,1,1,-0.000,0.000,0.000,0,1.000,0,0,0.0576,0.2507,-0.0033,0.0576
1319,22,1,0,0.016,-0.024,-1.000,-1.000,1,1,-0.000,0.000,0.000,0,1.000,0,0,0.0576,0.2506,-0.0033,0.0576
1320,22,1,0,0.008,-0.024,-1.000,-1.000,1,1,-0.000,0.000,0.000,0,1.000,0,0,0.0576,0.2506,-0.0033,0.0576
1321,22,1,0,0.000,-0.024,-1.000,-1.000,1,1,-0.000,0.000,0.000,0,1.000,0,0,0.0576,0.2506,-0.0033,0.0576
1322,22,1,0,0.000,-0.024,-1.000,-1.000,1,1,-0.000,0.000,0.000,0,1.000,0,0,0.0576,0.2506,-0.0033,0.0576
1323,22,1,0,0.000,-0.024,-1.000,-1.000,1,1,-0.000,0.000,0.000,0,1.000,0,0,0.0576,0.2506,-0.0033,0.0576
1324,22,1,0,0.000,-0.024,-1.000,-1.000,1,1,-0.000,0.000,0.000,0,1.000,0,0,0.0576,0.2506,-0.0033,0.0576
1325,22,1,0,0.000,-0.024,-1.000,-1.000,1,1,-0.000,0.000,0.000,0,1.000,0,0,0.0576,0.2506,-0.0033,0.0576
1326,22,1,0,0.000,-0.024,-1.000,-1.000,1,1,-0.000,0.000,0.000,0,1.000,0,0,0.0576,0.2507,-0.0033,0.0576
1327,22,1,0,0.000,-0.024,-1.000,-1.000,1,1,-0.000,0.000,0.000,0,1.000,0,0,0.0576,0.2507,-0.0033,0.0576
1328,22,1,0,0.000,-0.024,-1.000,-1.000,1,1,-0.000,0.000,0.000,0,1.000,0,0,0.0576,0.2507,-0.0033,0.0576
1329,22,1,0,0.000,-0.024,-1.000,-1.000,1,1,-0.000,0.000,0.000,0,1.000,0,0,0.0576,0.2507,-0.0033,0.0576
1330,22,1,0,0.000,-0.024,-1.000,-1.000,1,1,-0.000,0.000,0.000,0,1.000,0,0,0.0576,0.2506,-0.0033,0.0576
1331,22,1,0,0.000,-0.024,-1.000,-1.000,1,1,-0.000,0.000,0.000,0,1.000,0,0,0.0576,0.2506,-0.0033,0.0576
1332,22,1,0,0.000,-0.024,-1.000,-1.000,1,1,-0.000,0.000,0.000,0,1.000,0,0,0.0576,0.2506,-0.0033,0.0576
1333,22,1,0,0.000,-0.024,-1.000,-1.000,1,1,-0.000,0.000,0.000,0,1.000,0,0,0.0576,0.2506,-0.0033,0.0576
1334,22,1,0,0.000,-0.024,-1.000,-1.000,1,1,-0.000,0.000,0.000,0,1.000,0,0,0.0576,0.2506,-0.0033,0.0576
1335,22,1,0,0.000,-0.032,-1.000,-1.000,1,1,-0.000,0.000,0.000,0,1.000,0,0,0.0576,0.2506,-0.0033,0.0576
1336,22,1,0,0.000,-0.024,-1.000,-1.000,1,1,-0.000,0.000,0.000,0,1.000,0,0,0.0576,0.2506,-0.0033,0.0576
1337,22,1,0,0.000,-0.032,-1.000,-0.709,1,1,-0.000,0.000,-0.071,0,1.000,0,0,0.0576,0.2506,-0.0033,0.0576
1338,22,1,0,0.000,-0.032,-1.000,1.000,1,1,-0.000,0.000,-1.000,0,1.000,0,0,0.0576,0.2506,-0.0033,0.0574
1339,22,1,0,0.000,0.000,-1.000,1.000,1,1,-0.000,0.000,-1.000,0,1.000,0,0,0.0576,0.2506,-0.0031,0.0568
1340,22,1,0,0.016,0.102,-1.000,1.000,1,1,-0.000,0.000,-1.000,0,1.000,0,0,0.0576,0.2506,-0.0029,0.0562
1341,22,1,0,0.173,0.780,-1.000,1.000,1,1,-0.000,0.706,-1.000,0,1.000,0,0,0.0576,0.2505,-0.0025,0.0559
1342,22,1,0,0.189,1.000,-1.000,1.000,1,1,-0.000,1.000,-1.000,0,1.000,0,0,0.0576,0.2505,-0.0015,0.0554
1343,22,1,0,0.189,0.937,-1.000,1.000,1,1,-0.000,0.916,-1.000,0,1.000,0,0,0.0576,0.2505,-0.0008,0.0549
1344,22,1,0,0.008,0.016,-1.000,1.000,1,1,-0.000,0.000,-1.000,0,1.000,0,0,0.0576,0.2503,-0.0005,0.0548
1345,22,1,0,0.000,-0.024,-1.000,1.000,1,1,-0.000,0.000,-1.000,0,1.000,0,0,0.0576,0.2503,-0.0004,0.0547
1346,22,1,0,0.000,-0.024,-1.000,1.000,1,1,-0.000,0.000,-1.000,0,1.000,0,0,0.0576,0.2504,-0.0004,0.0546
1347,22,1,0,0.000,-0.024,-1.000,1.000,1,1,-0.000,0.000,-1.000,0,1.000,0,0,0.0576,0.2504,-0.0004,0.0545
1348,22,1,0,0.000,-0.024,-1.000,1.000,1,1,-0.000,0.000,-1.000,0,1.000,0,0,0.0576,0.2504,-0.0004,0.0545
1349,22,1,0,0.000,-0.024,-1.000,1.000,1,1,-0.000,0.000,-1.000,0,1.000,0,0,0.0576,0.2505,-0.0004,0.0545
1350,22,1,0,0.000,-0.024,-1.000,1.000,1,1,-0.000,0.000,-1.000,0,1.000,0,0,0.0576,0.2505,-0.0004,0.0545
1351,22,1,0,0.000,-0.024,-1.000,1.000,1,1,-0.000,0.000,-1.000,0,1.000,0,0,0.0576,0.2506,-0.0005,0.0545
1352,22,1,0,0.000,-0.024,-1.000,1.000,1,1,-0.000,0.000,-1.000,0,1.000,0,0,0.0576,0.2506,-0.0005,0.0545
1353,22,1,0,0.000,-0.024,-1.000,1.000,1,1,-0.000,0.000,-1.000,0,1.000,0,0,0.0576,0.2507,-0.0005,0.0544
1354,22,1,1,0.000,-0.024,-1.000,1.000,1,1,0.000,0.000,0.000,1,1.000,1,1,0.0576,0.2507,-0.0005,0.0544
1355,23,1,0,0.008,-0.032,-1.000,-1.000,1,1,-0.000,0.000,0.000,0,0.333,0,0,0.0578,0.2517,-0.0020,0.0579
1356,23,1,0,0.008,-0.032,-1.000,-1.000,1,1,-0.000,0.000,0.000,0,0.667,0,0,0.0577,0.2514,-0.0024,0.0577
1357,23,1,0,0.000,-0.032,-1.000,-1.000,1,1,-0.000,0.000,0.000,0,1.000,0,0,0.0576,0.2509,-0.0030,0.0575
1358,23,1,0,0.000,-0.032,-1.000,-1.000,1,1,-0.000,0.000,0.000,0,1.000,0,0,0.0576,0.2507,-0.0032,0.0575
1359,23,1,0,0.000,-0.032,-1.000,-1.000,1,1,-0.000,0.000,0.000,0,1.000,0,0,0.0576,0.2507,-0.0032,0.0575
1360,23,1,0,0.000,-0.032,-1.000,-1.000,1,1,-0.000,0.000,0.000,0,1.000,0,0,0.0576,0.2507,-0.0032,0.0575
1361,23,1,0,0.000,-0.032,-1.000,-1.000,1,1,-0.000,0.000,0.000,0,1.000,0,0,0.0576,0.2507,-0.0032,0.0575
1362,23,1,0,0.000,-0.032,-1.000,-1.000,1,1,-0.000,0.000,0.000,0,1.000,0,0,0.0576,0.2507,-0.0032,0.0575
1363,23,1,0,0.016,-0.032,-1.000,-1.000,1,1,-0.000,0.000,0.000,0,1.000,0,0,0.0576,0.2507,-0.0032,0.0575
1364,23,1,0,0.008,-0.024,-1.000,-1.000,1,1,-0.000,0.000,0.000,0,1.000,0,0,0.0576,0.2507,-0.0032,0.0575
1365,23,1,0,0.016,-0.016,-1.000,-1.000,1,1,-0.000,0.000,0.000,0,1.000,0,0,0.0576,0.2507,-0.0032,0.0575
1366,23,1,0,0.024,0.118,-1.000,-1.000,1,1,-0.000,0.000,0.000,0,1.000,0,0,0.0576,0.2507,-0.0032,0.0575
1367,23,1,0,0.157,0.709,-1.000,-1.000,1,1,-0.000,0.612,0.000,0,1.000,0,0,0.0576,0.2505,-0.0030,0.0575
1368,23,1,0,0.213,0.850,-1.000,-1.000,1,1,-0.000,0.800,0.000,0,1.000,0,0,0.0576,0.2501,-0.0021,0.0576
1369,23,1,0,0.252,0.905,-1.000,-1.000,1,1,-0.003,0.874,0.000,0,1.000,0,0,0.0576,0.2495,-0.0011,0.0577
1370,23,1,0,0.173,0.717,-1.000,-1.000,1,1,-0.000,0.622,0.000,0,1.000,0,0,0.0576,0.2491,-0.0003,0.0580
1371,23,1,0,0.016,-0.008,-1.000,-1.000,1,1,-0.000,0.000,0.000,0,1.000,0,0,0.0576,0.2485,0.0001,0.0582
1372,23,1,0,0.016,-0.039,-1.000,-1.000,1,1,-0.000,0.000,0.000,0,1.000,0,0,0.0576,0.2484,0.0001,0.0582
1373,23,1,0,0.016,-0.047,-1.000,-1.000,1,1,-0.000,0.000,0.000,0,1.000,0,0,0.0576,0.2484,0.0001,0.0582
1374,23,1,0,0.008,-0.047,-1.000,-1.000,1,1,-0.000,0.000,0.000,0,1.000,0,0,0.0576,0.2484,0.0001,0.0582
1375,23,1,0,-0.024,-0.063,-1.000,-1.000,1,1,-0.000,0.000,0.000,0,1.000,0,0,0.0576,0.2484,0.0001,0.0582
1376,23,1,0,-0.890,-0.213,-1.000,-1.000,1,1,0.853,0.000,0.000,0,0.991,0,0,0.0576,0.2486,-0.0001,0.0581
1377,23,1,0,-1.000,-0.173,-1.000,-1.000,1,1,1.000,0.000,0.000,0,0.924,0,0,0.0576,0.2490,-0.0006,0.0579
1378,23,1,0,-0.102,0.008,-1.000,-1.000,1,1,-0.000,0.000,0.000,0,1.000,0,0,0.0576,0.2491,-0.0010,0.0578
1379,23,1,0,0.024,-0.039,-1.000,-1.000,1,1,-0.000,0.000,0.000,0,1.000,0,0,0.0576,0.2491,-0.0010,0.0578
1380,23,1,0,0.024,-0.047,-1.000,-1.000,1,1,-0.000,0.000,0.000,0,1.000,0,0,0.0576,0.2491,-0.0010,0.0578
1381,23,1,0,-0.055,-0.039,-1.000,-1.000,1,1,-0.000,0.000,0.000,0,1.000,0,0,0.0576,0.2491,-0.0010,0.0578
1382,23,1,0,-1.000,-0.102,-1.000,-1.000,1,1,1.000,0.000,0.000,0,0.932,0,0,0.0576,0.2494,-0.0015,0.0578
1383,23,1,0,-1.000,-0.181,-1.000,-1.000,1,1,1.000,0.000,0.000,0,0.865,0,0,0.0577,0.2500,-0.0025,0.0576
1384,23,1,0,0.000,0.000,-1.000,-1.000,1,1,-0.000,0.000,0.000,0,1.000,0,0,0.0576,0.2504,-0.0030,0.0573
1385,23,1,0,0.024,-0.008,-1.000,-1.000,1,1,-0.000,0.000,0.000,0,1.000,0,0,0.0576,0.2503,-0.0031,0.0573
1386,23,1,0,0.008,-0.008,-1.000,-1.000,1,1,-0.000,0.000,0.000,0,1.000,0,0,0.0576,0.2503,-0.0031,0.0574
1387,23,1,0,0.016,0.016,-1.000,-1.000,1,1,-0.000,0.000,0.000,0,1.000,0,0,0.0576,0.2504,-0.0031,0.0574
1388,23,1,0,0.031,0.071,-1.000,-1.000,1,1,-0.000,0.000,0.000,0,1.000,0,0,0.0576,0.2504,-0.0032,0.0574
1389,23,1,0,0.417,0.039,-1.000,-1.000,1,1,-0.223,0.000,0.000,0,1.000,0,0,0.0576,0.2503,-0.0031,0.0574
1390,23,1,0,0.976,0.055,-1.000,-1.000,1,1,-0.968,0.000,0.000,0,1.000,0,0,0.0576,0.2500,-0.0027,0.0574
1391,23,1,0,0.047,-0.087,-1.000,-1.000,1,1,-0.000,0.000,0.000,0,1.000,0,0,0.0576,0.2498,-0.0024,0.0575
1392,23,1,0,0.047,-0.039,-1.000,-1.000,1,1,-0.000,0.000,0.000,0,1.000,0,0,0.0576,0.2498,-0.0023,0.0576
1393,23,1,0,0.039,-0.039,-1.000,-1.000,1,1,-0.000,0.000,0.000,0,1.000,0,0,0.0576,0.2498,-0.0023,0.0575
1394,23,1,0,-0.008,-0.024,-1.000,-1.000,1,1,-0.000,0.000,0.000,0,1.000,0,0,0.0576,0.2498,-0.0023,0.0575
1395,23,1,0,-1.000,0.094,-1.000,-1.000,1,1,1.000,0.000,0.000,0,0.932,0,0,0.0576,0.2501,-0.0027,0.0574
1396,23,1,0,-1.000,0.094,-1.000,-1.000,1,1,1.000,0.000,0.000,0,0.865,0,0,0.0577,0.2506,-0.0032,0.0574
1397,23,1,0,-0.331,0.055,-1.000,-1.000,1,1,0.108,0.000,0.000,0,1.000,0,0,0.0576,0.2510,-0.0037,0.0573
1398,23,1,0,-0.008,-0.008,-1.000,-1.000,1,1,-0.000,0.000,0.000,0,1.000,0,0,0.0576,0.2510,-0.0037,0.0573
1399,23,1,0,0.000,0.016,-1.000,-1.000,1,1,-0.000,0.000,0.000,0,1.000,0,0,0.0576,0.2510,-0.0037,0.0573
1400,23,1,0,0.189,0.465,-1.000,-1.000,1,1,-0.000,0.286,0.000,0,1.000,0,0,0.0576,0.2509,-0.0037,0.0574
1401,23,1,0,0.622,0.850,-1.000,-1.000,1,1,-0.496,0.800,0.000,0,1.000,0,0,0.0576,0.2504,-0.0031,0.0574
1402,23,1,0,0.016,-0.055,-1.000,-1.000,1,1,-0.000,0.000,0.000,0,1.000,0,0,0.0576,0.2499,-0.0024,0.0573
1403,23,1,0,0.016,-0.039,-1.000,-1.000,1,1,-0.000,0.000,0.000,0,1.000,0,0,0.0576,0.2500,-0.0024,0.0574
1404,23,1,0,0.016,-0.039,-1.000,-1.000,1,1,-0.000,0.000,0.000,0,1.000,0,0,0.0576,0.2499,-0.0024,0.0573
1405,23,1,0,0.016,0.055,-1.000,-1.000,1,1,-0.000,0.000,0.000,0,1.000,0,0,0.0576,0.2499,-0.0024,0.0573
1406,23,1,0,0.008,1.000,-1.000,-1.000,1,1,-0.000,1.000,0.000,0,1.000,0,0,0.0576,0.2496,-0.0018,0.0573
1407,23,1,0,0.441,0.968,-1.000,-1.000,1,1,-0.255,0.958,0.000,0,1.000,0,0,0.0576,0.2494,-0.0009,0.0573
1408,23,1,0,0.008,-0.055,-1.000,-1.000,1,1,-0.000,0.000,0.000,0,1.000,0,0,0.0576,0.2489,-0.0001,0.0576
1409,23,1,0,0.024,-0.055,-1.000,-1.000,1,1,-0.000,0.000,0.000,0,1.000,0,0,0.0576,0.2486,0.0002,0.0578
1410,23,1,0,0.024,-0.079,-1.000,-1.000,1,1,-0.000,0.000,0.000,0,1.000,0,0,0.0576,0.2484,0.0002,0.0578
1411,23,1,0,-0.024,-0.465,-1.000,-1.000,1,1,-0.000,-0.286,0.000,0,1.000,0,0,0.0576,0.2485,0.0002,0.0578
1412,23,1,0,-0.055,-0.756,-1.000,-1.000,1,1,-0.000,-0.675,0.000,0,1.000,0,0,0.0576,0.2487,-0.0002,0.0578
1413,23,1,0,0.008,-0.071,-1.000,-1.000,1,1,-0.000,0.000,0.000,0,1.000,0,0,0.0576,0.2488,-0.0004,0.0578
1414,23,1,0,0.008,-0.039,-1.000,-1.000,1,1,-0.000,0.000,0.000,0,1.000,0,0,0.0576,0.2488,-0.0005,0.0577
1415,23,1,0,0.008,-0.213,-1.000,-1.000,1,1,-0.000,0.000,0.000,0,1.000,0,0,0.0576,0.2488,-0.0004,0.0578
1416,23,1,0,0.008,-1.000,-1.000,-1.000,1,1,-0.000,-1.000,0.000,0,1.000,0,0,0.0576,0.2491,-0.0011,0.0578
1417,23,1,0,0.047,-0.276,-1.000,-1.000,1,1,-0.000,-0.034,0.000,0,1.000,0,0,0.0576,0.2494,-0.0017,0.0577
1418,23,1,0,0.024,-0.024,-1.000,-1.000,1,1,-0.000,0.000,0.000,0,1.000,0,0,0.0576,0.2495,-0.0019,0.0576
1419,23,1,0,0.016,-0.024,-1.000,-1.000,1,1,-0.000,0.000,0.000,0,1.000,0,0,0.0576,0.2495,-0.0019,0.0577
1420,23,1,0,0.024,0.000,-1.000,-1.000,1,1,-0.000,0.000,0.000,0,1.000,0,0,0.0576,0.2495,-0.0019,0.0577
1421,23,1,0,-0.008,0.039,-1.000,-1.000,1,1,-0.000,0.000,0.000,0,1.000,0,0,0.0576,0.2495,-0.0019,0.0577
1422,23,1,0,-1.000,0.173,-1.000,-1.000,1,1,1.000,0.000,0.000,0,0.932,0,0,0.0576,0.2498,-0.0024,0.0576
1423,23,1,0,-1.000,0.173,-1.000,-1.000,1,1,1.000,0.000,0.000,0,0.865,0,0,0.0577,0.2506,-0.0032,0.0574
1424,23,1,0,-1.000,0.173,-1.000,-1.000,1,1,1.000,0.000,0.000,0,0.797,0,0,0.0577,0.2513,-0.0037,0.0573
1425,23,1,0,-0.126,0.142,-1.000,-1.000,1,1,-0.000,0.000,0.000,0,1.000,0,0,0.0576,0.2517,-0.0041,0.0572
1426,23,1,0,0.016,0.008,-1.000,-1.000,1,1,-0.000,0.000,0.000,0,1.000,0,0,0.0576,0.2516,-0.0042,0.0572
1427,23,1,0,0.024,0.008,-1.000,-1.000,1,1,-0.000,0.000,0.000,0,1.000,0,0,0.0576,0.2516,-0.0042,0.0573
1428,23,1,0,0.031,0.024,-1.000,-1.000,1,1,-0.000,0.000,0.000,0,1.000,0,0,0.0576,0.2516,-0.0042,0.0573
1429,23,1,0,0.016,-0.039,-1.000,-1.000,1,1,-0.000,0.000,0.000,0,1.000,0,0,0.0576,0.2516,-0.0042,0.0573
1430,23,1,1,0.016,-0.039,-1.000,-1.000,1,1,0.000,0.000,0.000,1,1.000,1,1,0.0576,0.2516,-0.0042,0.0573
1431,24,1,0,0.008,-0.016,-1.000,-1.000,1,1,-0.000,0.000,0.000,0,0.333,0,0,0.0583,0.2525,-0.0027,0.0586
1432,24,1,0,0.008,-0.016,-1.000,-1.000,1,1,-0.000,0.000,0.000,0,0.667,0,0,0.0579,0.2518,-0.0031,0.0580
1433,24,1,0,0.008,-0.016,-1.000,-1.000,1,1,-0.000,0.000,0.000,0,1.000,0,0,0.0576,0.2509,-0.0033,0.0578
1434,24,1,0,0.008,-0.016,-1.000,-1.000,1,1,-0.000,0.000,0.000,0,1.000,0,0,0.0576,0.2506,-0.0035,0.0577
1435,24,1,0,0.008,-0.016,-1.000,-1.000,1,1,-0.000,0.000,0.000,0,1.000,0,0,0.0576,0.2506,-0.0035,0.0577
1436,24,1,0,0.008,-0.016,-1.000,-1.000,1,1,-0.000,0.000,0.000,0,1.000,0,0,0.0576,0.2506,-0.0035,0.0577
1437,24,1,0,0.008,-0.016,-1.000,-1.000,1,1,-0.000,0.000,0.000,0,1.000,0,0,0.0576,0.2506,-0.0035,0.0577
1438,24,1,0,0.008,-0.016,-1.000,1.000,1,1,-0.000,0.000,-1.000,0,1.000,0,0,0.0576,0.2506,-0.0035,0.0576
1439,24,1,0,0.008,-0.016,-1.000,1.000,1,1,-0.000,0.000,-1.000,0,1.000,0,0,0.0576,0.2507,-0.0032,0.0570
1440,24,1,0,0.008,-0.016,-1.000,1.000,1,1,-0.000,0.000,-1.000,0,1.000,0,0,0.0576,0.2509,-0.0031,0.0567
1441,24,1,0,0.008,-0.016,-1.000,1.000,1,1,-0.000,0.000,-1.000,0,1.000,0,0,0.0576,0.2511,-0.0028,0.0562
1442,24,1,0,0.008,-0.016,-1.000,1.000,1,1,-0.000,0.000,-1.000,0,1.000,0,0,0.0576,0.2513,-0.0024,0.0554
1443,24,1,0,0.008,-0.016,-1.000,1.000,1,1,-0.000,0.000,-1.000,0,1.000,0,0,0.0576,0.2515,-0.0022,0.0551
1444,24,1,0,0.008,0.016,-1.000,1.000,1,1,-0.000,0.000,-1.000,0,1.000,0,0,0.0576,0.2516,-0.0022,0.0544
1445,24,1,0,0.173,0.701,-1.000,1.000,1,1,-0.000,0.601,-1.000,0,1.000,0,0,0.0576,0.2517,-0.0020,0.0545
1446,24,1,0,0.276,0.858,-1.000,1.000,1,1,-0.034,0.811,-1.000,0,1.000,0,0,0.0576,0.2518,-0.0016,0.0546
1447,24,1,0,0.008,0.016,-1.000,1.000,1,1,-0.000,0.000,-1.000,0,1.000,0,0,0.0576,0.2519,-0.0013,0.0545
1448,24,1,0,0.008,-0.024,-1.000,1.000,1,1,-0.000,0.000,-1.000,0,1.000,0,0,0.0576,0.2520,-0.0013,0.0545
1449,24,1,0,0.008,-0.024,-1.000,1.000,1,1,-0.000,0.000,-1.000,0,1.000,0,0,0.0576,0.2520,-0.0013,0.0544
1450,24,1,0,0.008,-0.024,-1.000,1.000,1,1,-0.000,0.000,-1.000,0,1.000,0,0,0.0576,0.2521,-0.0012,0.0544
1451,24,1,0,0.008,-0.024,-1.000,1.000,1,1,-0.000,0.000,-1.000,0,1.000,0,0,0.0576,0.2521,-0.0012,0.0544
1452,24,1,0,0.008,-0.024,-1.000,1.000,1,1,-0.000,0.000,-1.000,0,1.000,0,0,0.0576,0.2522,-0.0012,0.0544
1453,24,1,0,0.008,-0.024,-1.000,1.000,1,1,-0.000,0.000,-1.000,0,1.000,0,0,0.0576,0.2523,-0.0012,0.0544
1454,24,1,1,0.008,-0.024,-1.000,1.000,1,1,0.000,0.000,0.000,1,1.000,1,1,0.0576,0.2524,-0.0012,0.0544
1455,25,1,0,0.008,-0.024,-1.000,-1.000,1,1,-0.000,0.000,0.000,0,0.333,0,0,0.0573,0.2520,-0.0027,0.0574
1456,25,1,0,0.008,-0.024,-1.000,-1.000,1,1,-0.000,0.000,0.000,0,0.667,0,0,0.0575,0.2517,-0.0028,0.0573
1457,25,1,0,0.008,-0.024,-1.000,-1.000,1,1,-0.000,0.000,0.000,0,1.000,0,0,0.0576,0.2510,-0.0033,0.0576
1458,25,1,0,0.008,-0.024,-1.000,-1.000,1,1,-0.000,0.000,0.000,0,1.000,0,0,0.0576,0.2505,-0.0036,0.0578
1459,25,1,0,0.008,-0.024,-1.000,-1.000,1,1,-0.000,0.000,0.000,0,1.000,0,0,0.0576,0.2505,-0.0035,0.0578
1460,25,1,0,0.008,-0.024,-1.000,-1.000,1,1,-0.000,0.000,0.000,0,1.000,0,0,0.0576,0.2505,-0.0035,0.0578
1461,25,1,0,0.008,-0.024,-1.000,-1.000,1,1,-0.000,0.000,0.000,0,1.000,0,0,0.0576,0.2505,-0.0035,0.0578
1462,25,1,0,0.008,-0.024,-1.000,-1.000,1,1,-0.000,0.000,0.000,0,1.000,0,0,0.0576,0.2505,-0.0036,0.0578
1463,25,1,0,0.008,-0.024,-1.000,-1.000,1,1,-0.000,0.000,0.000,0,1.000,0,0,0.0576,0.2505,-0.0036,0.0578
1464,25,1,0,0.008,-0.024,-1.000,-1.000,1,1,-0.000,0.000,0.000,0,1.000,0,0,0.0576,0.2505,-0.0036,0.0578
1465,25,1,0,0.008,-0.024,-1.000,-1.000,1,1,-0.000,0.000,0.000,0,1.000,0,0,0.0576,0.2505,-0.0036,0.0578
1466,25,1,0,0.008,-0.024,-1.000,0.913,1,1,-0.000,0.000,-0.953,0,1.000,0,0,0.0576,0.2504,-0.0036,0.0576
1467,25,1,0,0.000,-0.024,-1.000,1.000,1,1,-0.000,0.000,-1.000,0,1.000,0,0,0.0576,0.2504,-0.0034,0.0572
1468,25,1,0,0.000,0.008,-1.000,1.000,1,1,-0.000,0.000,-1.000,0,1.000,0,0,0.0576,0.2503,-0.0033,0.0569
1469,25,1,0,0.016,0.252,-1.000,1.000,1,1,-0.000,0.003,-1.000,0,1.000,0,0,0.0576,0.2502,-0.0033,0.0566
1470,25,1,0,0.024,0.283,-1.000,1.000,1,1,-0.000,0.045,-1.000,0,1.000,0,0,0.0576,0.2501,-0.0033,0.0564
1471,25,1,0,0.031,0.551,-1.000,1.000,1,1,-0.000,0.402,-1.000,0,1.000,0,0,0.0576,0.2502,-0.0031,0.0564
1472,25,1,0,0.031,0.835,-1.000,1.000,1,1,-0.000,0.780,-1.000,0,1.000,0,0,0.0576,0.2502,-0.0027,0.0564
1473,25,1,0,0.031,0.835,-1.000,1.000,1,1,-0.000,0.780,-1.000,0,1.000,0,0,0.0576,0.2503,-0.0023,0.0563
1474,25,1,0,0.031,0.701,-1.000,1.000,1,1,-0.000,0.601,-1.000,0,1.000,0,0,0.0576,0.2503,-0.0017,0.0562
1475,25,1,0,0.024,0.244,-1.000,1.000,1,1,-0.000,0.000,-1.000,0,1.000,0,0,0.0576,0.2502,-0.0014,0.0561
1476,25,1,0,0.000,0.102,-1.000,1.000,1,1,-0.000,0.000,-1.000,0,1.000,0,0,0.0576,0.2502,-0.0014,0.0560
1477,25,1,0,0.008,0.008,-1.000,1.000,1,1,-0.000,0.000,-1.000,0,1.000,0,0,0.0576,0.2502,-0.0014,0.0560
1478,25,1,0,0.008,-0.016,-1.000,1.000,1,1,-0.000,0.000,-1.000,0,1.000,0,0,0.0576,0.2503,-0.0014,0.0560
1479,25,1,0,0.039,-0.039,-1.000,1.000,1,1,-0.000,0.000,-1.000,0,1.000,0,0,0.0576,0.2503,-0.0014,0.0559
1480,25,1,0,0.118,-0.039,-1.000,1.000,1,1,-0.000,0.000,-1.000,0,1.000,0,0,0.0576,0.2504,-0.0014,0.0558
1481,25,1,0,0.724,-0.228,-1.000,1.000,1,1,-0.633,0.000,-1.000,0,1.000,0,0,0.0576,0.2504,-0.0013,0.0558
1482,25,1,0,0.921,-0.268,-1.000,1.000,1,1,-0.895,-0.024,-1.000,0,1.000,0,0,0.0576,0.2504,-0.0013,0.0558
1483,25,1,0,0.945,-0.268,-1.000,1.000,1,1,-0.926,-0.024,-1.000,0,1.000,0,0,0.0576,0.2507,-0.0009,0.0546
1484,25,1,0,0.913,-0.158,-1.000,1.000,1,1,-0.884,0.000,-1.000,0,1.000,0,0,0.0576,0.2508,-0.0008,0.0547
1485,25,1,0,0.866,0.260,-1.000,1.000,1,1,-0.821,0.013,-1.000,0,1.000,0,0,0.0576,0.2508,-0.0008,0.0546
1486,25,1,0,0.724,0.252,-1.000,1.000,1,1,-0.633,0.003,-1.000,0,1.000,0,0,0.0576,0.2508,-0.0007,0.0546
1487,25,1,0,0.378,-0.032,-1.000,1.000,1,1,-0.171,0.000,-1.000,0,1.000,0,0,0.0576,0.2508,-0.0007,0.0546
1488,25,1,0,0.370,-0.032,-1.000,1.000,1,1,-0.160,0.000,-1.000,0,1.000,0,0,0.0576,0.2508,-0.0007,0.0546
1489,25,1,0,0.299,-0.032,-1.000,1.000,1,1,-0.066,0.000,-1.000,0,1.000,0,0,0.0576,0.2508,-0.0007,0.0546
1490,25,1,0,0.283,-0.032,-1.000,1.000,1,1,-0.045,0.000,-1.000,0,1.000,0,0,0.0576,0.2508,-0.0007,0.0546
1491,25,1,0,0.197,-0.039,-1.000,1.000,1,1,-0.000,0.000,-1.000,0,1.000,0,0,0.0576,0.2508,-0.0007,0.0546
1492,25,1,0,0.189,-0.039,-1.000,1.000,1,1,-0.000,0.000,-1.000,0,1.000,0,0,0.0576,0.2508,-0.0007,0.0546
1493,25,1,0,0.173,-0.039,-1.000,1.000,1,1,-0.000,0.000,-1.000,0,1.000,0,0,0.0576,0.2508,-0.0007,0.0546
1494,25,1,1,0.087,-0.039,-1.000,1.000,1,1,0.000,0.000,0.000,1,1.000,1,1,0.0576,0.2508,-0.0007,0.0546
1495,26,1,0,0.008,-0.039,-1.000,-1.000,1,1,-0.000,0.000,0.000,0,0.333,0,0,0.0577,0.2522,-0.0017,0.0579
1496,26,1,0,0.008,-0.039,-1.000,-1.000,1,1,-0.000,0.000,0.000,0,0.667,0,0,0.0577,0.2517,-0.0023,0.0577
1497,26,1,0,0.008,-0.039,-1.000,-1.000,1,1,-0.000,0.000,0.000,0,1.000,0,0,0.0576,0.2510,-0.0030,0.0576
1498,26,1,0,0.008,-0.039,-1.000,-1.000,1,1,-0.000,0.000,0.000,0,1.000,0,0,0.0576,0.2507,-0.0033,0.0575
1499,26,1,0,0.008,-0.039,-1.000,-1.000,1,1,-0.000,0.000,0.000,0,1.000,0,0,0.0576,0.2507,-0.0033,0.0576
1500,26,1,0,0.008,-0.039,-1.000,-1.000,1,1,-0.000,0.000,0.000,0,1.000,0,0,0.0576,0.2507,-0.0033,0.0576
1501,26,1,0,0.008,-0.039,-1.000,-1.000,1,1,-0.000,0.000,0.000,0,1.000,0,0,0.0576,0.2507,-0.0033,0.0576
1502,26,1,0,0.008,-0.039,-1.000,-1.000,1,1,-0.000,0.000,0.000,0,1.000,0,0,0.0576,0.2507,-0.0033,0.0576
1503,26,1,0,0.008,-0.039,-1.000,-1.000,1,1,-0.000,0.000,0.000,0,1.000,0,0,0.0576,0.2507,-0.0033,0.0576
1504,26,1,0,0.008,-0.039,-1.000,-1.000,1,1,-0.000,0.000,0.000,0,1.000,0,0,0.0576,0.2507,-0.0033,0.0576
1505,26,1,0,0.008,-0.039,-1.000,-0.850,1,1,-0.000,0.000,0.000,0,1.000,0,0,0.0576,0.2507,-0.0033,0.0576
1506,26,1,0,0.000,-0.039,-1.000,0.811,1,1,-0.000,0.000,-0.897,0,1.000,0,0,0.0576,0.2506,-0.0033,0.0574
1507,26,1,0,0.000,-0.039,-1.000,1.000,1,1,-0.000,0.000,-1.000,0,1.000,0,0,0.0576,0.2507,-0.0031,0.0569
1508,26,1,0,0.000,-0.016,-1.000,1.000,1,1,-0.000,0.000,-1.000,0,1.000,0,0,0.0576,0.2508,-0.0028,0.0562
1509,26,1,0,0.299,0.496,-1.000,1.000,1,1,-0.066,0.328,-1.000,0,1.000,0,0,0.0576,0.2507,-0.0027,0.0560
1510,26,1,0,0.354,0.622,-1.000,1.000,1,1,-0.139,0.496,-1.000,0,1.000,0,0,0.0576,0.2505,-0.0020,0.0555
1511,26,1,0,0.307,0.622,-1.000,1.000,1,1,-0.076,0.496,-1.000,0,1.000,0,0,0.0576,0.2505,-0.0017,0.0554
1512,26,1,0,0.213,0.520,-1.000,1.000,1,1,-0.000,0.360,-1.000,0,1.000,0,0,0.0576,0.2505,-0.0015,0.0550
1513,26,1,0,0.008,0.047,-1.000,1.000,1,1,-0.000,0.000,-1.000,0,1.000,0,0,0.0576,0.2504,-0.0012,0.0546
1514,26,1,0,0.008,0.039,-1.000,1.000,1,1,-0.000,0.000,-1.000,0,1.000,0,0,0.0576,0.2505,-0.0012,0.0545
1515,26,1,0,0.008,0.039,-1.000,1.000,1,1,-0.000,0.000,-1.000,0,1.000,0,0,0.0576,0.2506,-0.0011,0.0545
1516,26,1,0,0.008,0.008,-1.000,1.000,1,1,-0.000,0.000,-1.000,0,1.000,0,0,0.0576,0.2506,-0.0011,0.0545
1517,26,1,0,0.008,0.008,-1.000,1.000,1,1,-0.000,0.000,-1.000,0,1.000,0,0,0.0576,0.2507,-0.0011,0.0545
1518,26,1,0,0.008,0.008,-1.000,1.000,1,1,-0.000,0.000,-1.000,0,1.000,0,0,0.0576,0.2507,-0.0011,0.0544
1519,26,1,0,0.008,0.008,-1.000,1.000,1,1,-0.000,0.000,-1.000,0,1.000,0,0,0.0576,0.2507,-0.0011,0.0544
1520,26,1,1,0.008,0.008,-1.000,1.000,1,1,0.000,0.000,0.000,1,1.000,1,1,0.0576,0.2508,-0.0011,0.0544
1521,27,1,0,0.024,-0.039,-1.000,-1.000,1,1,-0.000,0.000,0.000,0,0.333,0,0,0.0584,0.2525,-0.0021,0.0587
1522,27,1,0,0.024,-0.039,-1.000,-1.000,1,1,-0.000,0.000,0.000,0,0.667,0,0,0.0580,0.2517,-0.0025,0.0582
1523,27,1,0,0.024,-0.039,-1.000,-1.000,1,1,-0.000,0.000,0.000,0,1.000,0,0,0.0576,0.2508,-0.0031,0.0577
1524,27,1,0,0.016,-0.039,-1.000,-1.000,1,1,-0.000,0.000,0.000,0,1.000,0,0,0.0576,0.2505,-0.0033,0.0577
1525,27,1,0,0.016,-0.039,-1.000,-1.000,1,1,-0.000,0.000,0.000,0,1.000,0,0,0.0576,0.2505,-0.0034,0.0577
1526,27,1,0,0.016,-0.039,-1.000,-1.000,1,1,-0.000,0.000,0.000,0,1.000,0,0,0.0576,0.2505,-0.0034,0.0577
1527,27,1,0,0.016,-0.039,-1.000,-1.000,1,1,-0.000,0.000,0.000,0,1.000,0,0,0.0576,0.2505,-0.0034,0.0577
1528,27,1,0,0.016,-0.039,-1.000,-1.000,1,1,-0.000,0.000,0.000,0,1.000,0,0,0.0576,0.2505,-0.0034,0.0577
1529,27,1,0,0.016,-0.039,-1.000,-1.000,1,1,-0.000,0.000,0.000,0,1.000,0,0,0.0576,0.2505,-0.0034,0.0577
1530,27,1,0,0.016,-0.039,-1.000,-1.000,1,1,-0.000,0.000,0.000,0,1.000,0,0,0.0576,0.2505,-0.0034,0.0577
1531,27,1,0,0.016,-0.039,-1.000,-1.000,1,1,-0.000,0.000,0.000,0,1.000,0,0,0.0576,0.2505,-0.0034,0.0577
1532,27,1,0,0.016,-0.039,-1.000,-1.000,1,1,-0.000,0.000,0.000,0,1.000,0,0,0.0576,0.2504,-0.0034,0.0577
1533,27,1,0,0.008,-0.039,-1.000,0.016,1,1,-0.000,0.000,-0.465,0,1.000,0,0,0.0576,0.2504,-0.0033,0.0577
1534,27,1,0,-0.016,-0.024,-1.000,1.000,1,1,-0.000,0.000,-1.000,0,1.000,0,0,0.0576,0.2505,-0.0032,0.0574
1535,27,1,0,0.000,0.024,-1.000,1.000,1,1,-0.000,0.000,-1.000,0,1.000,0,0,0.0576,0.2507,-0.0029,0.0568
1536,27,1,0,0.244,0.709,-1.000,1.000,1,1,-0.000,0.612,-1.000,0,1.000,0,0,0.0576,0.2508,-0.0023,0.0563
1537,27,1,0,0.252,0.559,-1.000,1.000,1,1,-0.003,0.412,-1.000,0,1.000,0,0,0.0576,0.2509,-0.0014,0.0550
1538,27,1,0,0.118,0.252,-1.000,1.000,1,1,-0.000,0.003,-1.000,0,1.000,0,0,0.0576,0.2508,-0.0012,0.0547
1539,27,1,0,0.055,0.110,-1.000,1.000,1,1,-0.000,0.000,-1.000,0,1.000,0,0,0.0576,0.2510,-0.0011,0.0544
1540,27,1,0,0.039,0.102,-1.000,1.000,1,1,-0.000,0.000,-1.000,0,1.000,0,0,0.0576,0.2511,-0.0011,0.0544
1541,27,1,0,0.016,0.031,-1.000,1.000,1,1,-0.000,0.000,-1.000,0,1.000,0,0,0.0576,0.2512,-0.0011,0.0544
1542,27,1,0,0.016,0.024,-1.000,1.000,1,1,-0.000,0.000,-1.000,0,1.000,0,0,0.0576,0.2513,-0.0011,0.0544
1543,27,1,0,0.016,0.024,-1.000,1.000,1,1,-0.000,0.000,-1.000,0,1.000,0,0,0.0576,0.2514,-0.0010,0.0544
1544,27,1,0,0.016,0.024,-1.000,1.000,1,1,-0.000,0.000,-1.000,0,1.000,0,0,0.0576,0.2516,-0.0010,0.0543
1545,27,1,0,0.016,0.024,-1.000,1.000,1,1,-0.000,0.000,-1.000,0,1.000,0,0,0.0576,0.2517,-0.0010,0.0543
1546,27,1,0,0.016,0.024,-1.000,1.000,1,1,-0.000,0.000,-1.000,0,1.000,0,0,0.0576,0.2518,-0.0010,0.0543
1547,27,1,1,0.016,-0.008,-1.000,-0.268,1,1,0.000,0.000,0.000,1,1.000,1,1,0.0576,0.2519,-0.0010,0.0543
1548,28,1,0,0.016,-0.008,-1.000,-1.000,1,1,-0.000,0.000,0.000,0,0.333,0,0,0.0574,0.2526,-0.0016,0.0575
1549,28,1,0,0.016,-0.008,-1.000,-1.000,1,1,-0.000,0.000,0.000,0,0.667,0,0,0.0575,0.2518,-0.0022,0.0575
1550,28,1,0,0.016,-0.008,-1.000,-1.000,1,1,-0.000,0.000,0.000,0,1.000,0,0,0.0576,0.2509,-0.0030,0.0576
1551,28,1,0,0.016,-0.008,-1.000,-1.000,1,1,-0.000,0.000,0.000,0,1.000,0,0,0.0576,0.2505,-0.0033,0.0578
1552,28,1,0,0.016,-0.008,-1.000,-1.000,1,1,-0.000,0.000,0.000,0,1.000,0,0,0.0576,0.2504,-0.0033,0.0578
1553,28,1,0,0.016,-0.008,-1.000,-1.000,1,1,-0.000,0.000,0.000,0,1.000,0,0,0.0576,0.2504,-0.0033,0.0578
1554,28,1,0,0.016,-0.008,-1.000,-1.000,1,1,-0.000,0.000,0.000,0,1.000,0,0,0.0576,0.2504,-0.0033,0.0578
1555,28,1,0,0.016,-0.008,-1.000,-1.000,1,1,-0.000,0.000,0.000,0,1.000,0,0,0.0576,0.2504,-0.0033,0.0578
1556,28,1,0,0.016,-0.008,-1.000,-1.000,1,1,-0.000,0.000,0.000,0,1.000,0,0,0.0576,0.2504,-0.0033,0.0578
1557,28,1,0,0.016,-0.008,-1.000,-1.000,1,1,-0.000,0.000,0.000,0,1.000,0,0,0.0576,0.2504,-0.0033,0.0578
1558,28,1,0,0.016,-0.008,-1.000,-1.000,1,1,-0.000,0.000,0.000,0,1.000,0,0,0.0576,0.2504,-0.0033,0.0578
1559,28,1,0,0.008,-0.008,-1.000,0.780,1,1,-0.000,0.000,-0.880,0,1.000,0,0,0.0576,0.2504,-0.0033,0.0576
1560,28,1,0,0.000,0.016,-1.000,1.000,1,1,-0.000,0.000,-1.000,0,1.000,0,0,0.0576,0.2503,-0.0032,0.0571
1561,28,1,0,0.039,0.315,-1.000,1.000,1,1,-0.000,0.087,-1.000,0,1.000,0,0,0.0576,0.2503,-0.0031,0.0567
1562,28,1,0,0.134,0.780,-1.000,1.000,1,1,-0.000,0.706,-1.000,0,1.000,0,0,0.0576,0.2501,-0.0028,0.0566
1563,28,1,0,0.134,0.764,-1.000,1.000,1,1,-0.000,0.685,-1.000,0,1.000,0,0,0.0576,0.2498,-0.0022,0.0563
1564,28,1,0,-0.032,0.079,-1.000,1.000,1,1,-0.000,0.000,-1.000,0,1.000,0,0,0.0576,0.2498,-0.0021,0.0563
1565,28,1,0,-0.008,-0.032,-1.000,1.000,1,1,-0.000,0.000,-1.000,0,1.000,0,0,0.0576,0.2498,-0.0021,0.0561
1566,28,1,0,0.024,-0.032,-1.000,1.000,1,1,-0.000,0.000,-1.000,0,1.000,0,0,0.0576,0.2498,-0.0021,0.0561
1567,28,1,0,0.661,0.110,-1.000,1.000,1,1,-0.549,0.000,-1.000,0,1.000,0,0,0.0576,0.2498,-0.0020,0.0561
1568,28,1,0,1.000,0.205,-1.000,1.000,1,1,-1.000,0.000,-1.000,0,1.000,0,0,0.0576,0.2499,-0.0018,0.0561
1569,28,1,0,1.000,0.118,-1.000,1.000,1,1,-1.000,0.000,-1.000,0,1.000,0,0,0.0576,0.2500,-0.0015,0.0560
1570,28,1,0,0.591,0.283,-1.000,1.000,1,1,-0.454,0.045,-1.000,0,1.000,0,0,0.0576,0.2500,-0.0013,0.0560
1571,28,1,0,0.126,0.205,-1.000,1.000,1,1,-0.000,0.000,-1.000,0,1.000,0,0,0.0576,0.2501,-0.0010,0.0559
1572,28,1,0,0.024,0.008,-1.000,1.000,1,1,-0.000,0.000,-1.000,0,1.000,0,0,0.0576,0.2501,-0.0010,0.0559
1573,28,1,0,0.016,0.000,-1.000,1.000,1,1,-0.000,0.000,-1.000,0,1.000,0,0,0.0576,0.2504,-0.0009,0.0551
1574,28,1,0,-0.063,0.024,-1.000,1.000,1,1,-0.000,0.000,-1.000,0,1.000,0,0,0.0576,0.2505,-0.0007,0.0546
1575,28,1,0,-1.000,0.134,-1.000,1.000,1,1,1.000,0.000,-1.000,0,0.882,0,0,0.0576,0.2506,-0.0008,0.0545
1576,28,1,0,-0.976,-0.205,-1.000,1.000,1,1,0.969,0.000,-1.000,0,0.778,0,0,0.0576,0.2507,-0.0008,0.0544
1577,28,1,0,-0.024,-0.071,-1.000,1.000,1,1,-0.000,0.000,-1.000,0,1.000,0,0,0.0576,0.2507,-0.0009,0.0544
1578,28,1,0,-0.016,-0.055,-1.000,1.000,1,1,-0.000,0.000,-1.000,0,1.000,0,0,0.0576,0.2507,-0.0009,0.0544
1579,28,1,0,-0.016,-0.055,-1.000,1.000,1,1,-0.000,0.000,-1.000,0,1.000,0,0,0.0576,0.2508,-0.0009,0.0544
1580,28,1,0,-0.016,-0.055,-1.000,1.000,1,1,-0.000,0.000,-1.000,0,1.000,0,0,0.0576,0.2508,-0.0009,0.0544
1581,28,1,0,-0.016,-0.055,-1.000,1.000,1,1,-0.000,0.000,-1.000,0,1.000,0,0,0.0576,0.2508,-0.0010,0.0544
1582,28,1,1,-0.016,-0.055,-1.000,1.000,1,1,0.000,0.000,0.000,1,1.000,1,1,0.0576,0.2508,-0.0010,0.0544
1583,29,1,0,0.016,-0.055,-1.000,-1.000,1,1,-0.000,0.000,0.000,0,0.333,0,0,0.0583,0.2516,-0.0026,0.0586
1584,29,1,0,0.024,-0.055,-1.000,-1.000,1,1,-0.000,0.000,0.000,0,0.667,0,0,0.0580,0.2513,-0.0030,0.0582
1585,29,1,0,0.024,-0.055,-1.000,-1.000,1,1,-0.000,0.000,0.000,0,1.000,0,0,0.0576,0.2507,-0.0031,0.0579
1586,29,1,0,0.024,-0.008,-1.000,-1.000,1,1,-0.000,0.000,0.000,0,1.000,0,0,0.0576,0.2505,-0.0033,0.0577
1587,29,1,0,0.024,0.205,-1.000,-1.000,1,1,-0.000,0.000,0.000,0,1.000,0,0,0.0576,0.2505,-0.0033,0.0577
1588,29,1,0,0.110,0.717,-1.000,-1.000,1,1,-0.000,0.622,0.000,0,1.000,0,0,0.0576,0.2503,-0.0030,0.0577
1589,29,1,0,0.102,0.189,-1.000,-1.000,1,1,-0.000,0.000,0.000,0,1.000,0,0,0.0576,0.2502,-0.0025,0.0576
1590,29,1,0,0.055,0.008,-1.000,-1.000,1,1,-0.000,0.000,0.000,0,1.000,0,0,0.0576,0.2502,-0.0024,0.0577
1591,29,1,0,0.055,0.008,-1.000,0.024,1,1,-0.000,0.000,-0.469,0,1.000,0,0,0.0576,0.2502,-0.0024,0.0576
1592,29,1,0,0.024,0.016,-1.000,1.000,1,1,-0.000,0.000,-1.000,0,1.000,0,0,0.0576,0.2503,-0.0023,0.0571
1593,29,1,0,0.110,0.315,-1.000,1.000,1,1,-0.000,0.087,-1.000,0,1.000,0,0,0.0576,0.2505,-0.0021,0.0566
1594,29,1,0,0.323,0.858,-1.000,1.000,1,1,-0.097,0.811,-1.000,0,1.000,0,0,0.0576,0.2504,-0.0013,0.0562
1595,29,1,0,0.433,0.921,-1.000,1.000,1,1,-0.244,0.895,-1.000,0,1.000,0,0,0.0576,0.2505,-0.0003,0.0561
1596,29,1,0,0.417,0.622,-1.000,1.000,1,1,-0.223,0.496,-1.000,0,1.000,0,0,0.0576,0.2506,0.0003,0.0561
1597,29,1,0,0.047,-0.008,-1.000,1.000,1,1,-0.000,0.000,-1.000,0,1.000,0,0,0.0576,0.2507,0.0006,0.0557
1598,29,1,0,0.047,-0.102,-1.000,1.000,1,1,-0.000,0.000,-1.000,0,1.000,0,0,0.0576,0.2507,0.0007,0.0553
1599,29,1,0,0.551,-0.504,-1.000,1.000,1,1,-0.402,-0.339,-1.000,0,1.000,0,0,0.0576,0.2508,0.0007,0.0552
1600,29,1,0,0.882,-0.622,-1.000,1.000,1,1,-0.842,-0.496,-1.000,0,1.000,0,0,0.0576,0.2509,0.0007,0.0551
1601,29,1,0,0.795,-0.575,-1.000,1.000,1,1,-0.727,-0.433,-1.000,0,1.000,0,0,0.0576,0.2509,0.0007,0.0551
1602,29,1,0,0.370,-0.268,-1.000,1.000,1,1,-0.160,-0.024,-1.000,0,1.000,0,0,0.0576,0.2510,0.0007,0.0551
1603,29,1,0,0.126,-0.102,-1.000,1.000,1,1,-0.000,0.000,-1.000,0,1.000,0,0,0.0576,0.2511,0.0006,0.0551
1604,29,1,0,0.047,-0.071,-1.000,1.000,1,1,-0.000,0.000,-1.000,0,1.000,0,0,0.0576,0.2512,0.0006,0.0550
1605,29,1,0,0.039,-0.055,-1.000,1.000,1,1,-0.000,0.000,-1.000,0,1.000,0,0,0.0576,0.2515,0.0005,0.0550
1606,29,1,0,0.039,-0.055,-1.000,1.000,1,1,-0.000,0.000,-1.000,0,1.000,0,0,0.0576,0.2519,0.0005,0.0544
1607,29,1,1,0.031,-0.055,-1.000,1.000,1,1,0.000,0.000,0.000,1,1.000,1,1,0.0576,0.2520,0.0005,0.0544
1608,30,1,0,0.016,-0.055,-1.000,-1.000,1,1,-0.000,0.000,0.000,0,0.333,0,0,0.0595,0.2513,-0.0026,0.0603
1609,30,1,0,0.016,-0.055,-1.000,-1.000,1,1,-0.000,0.000,0.000,0,0.667,0,0,0.0585,0.2510,-0.0029,0.0592
1610,30,1,0,0.016,-0.055,-1.000,-1.000,1,1,-0.000,0.000,0.000,0,1.000,0,0,0.0576,0.2502,-0.0032,0.0582
1611,30,1,0,0.016,-0.055,-1.000,-1.000,1,1,-0.000,0.000,0.000,0,1.000,0,0,0.0576,0.2501,-0.0034,0.0578
1612,30,1,0,0.016,-0.055,-1.000,-1.000,1,1,-0.000,0.000,0.000,0,1.000,0,0,0.0576,0.2501,-0.0034,0.0579
1613,30,1,0,0.016,-0.055,-1.000,-1.000,1,1,-0.000,0.000,0.000,0,1.000,0,0,0.0576,0.2501,-0.0034,0.0579
1614,30,1,0,0.016,-0.055,-1.000,-1.000,1,1,-0.000,0.000,0.000,0,1.000,0,0,0.0576,0.2501,-0.0034,0.0579
1615,30,1,0,0.016,-0.055,-1.000,-1.000,1,1,-0.000,0.000,0.000,0,1.000,0,0,0.0576,0.2501,-0.0034,0.0580
1616,30,1,0,0.047,0.236,-1.000,-1.000,1,1,-0.000,0.000,0.000,0,1.000,0,0,0.0576,0.2501,-0.0034,0.0580
1617,30,1,0,0.323,0.764,-1.000,-1.000,1,1,-0.097,0.685,0.000,0,1.000,0,0,0.0576,0.2499,-0.0028,0.0579
1618,30,1,0,0.370,0.803,-1.000,-1.000,1,1,-0.160,0.738,0.000,0,1.000,0,0,0.0576,0.2497,-0.0016,0.0578
1619,30,1,0,0.142,0.228,-1.000,-1.000,1,1,-0.000,0.000,0.000,0,1.000,0,0,0.0576,0.2495,-0.0008,0.0579
1620,30,1,0,0.008,-0.039,-1.000,-1.000,1,1,-0.000,0.000,0.000,0,1.000,0,0,0.0576,0.2494,-0.0007,0.0579
1621,30,1,0,0.008,-0.039,-1.000,-1.000,1,1,-0.000,0.000,0.000,0,1.000,0,0,0.0576,0.2494,-0.0007,0.0579
1622,30,1,0,0.000,-0.039,-1.000,-1.000,1,1,-0.000,0.000,0.000,0,1.000,0,0,0.0576,0.2494,-0.0007,0.0579
1623,30,1,0,-0.079,-0.008,-1.000,-1.000,1,1,-0.000,0.000,0.000,0,1.000,0,0,0.0576,0.2494,-0.0007,0.0579
1624,30,1,0,-1.000,0.087,-1.000,-1.000,1,1,1.000,0.000,0.000,0,1.000,0,0,0.0576,0.2498,-0.0007,0.0577
1625,30,1,0,-0.134,0.110,-1.000,-1.000,1,1,-0.000,0.000,0.000,0,1.000,0,0,0.0576,0.2503,-0.0010,0.0570
1626,30,1,0,-0.055,0.008,-1.000,-1.000,1,1,-0.000,0.000,0.000,0,1.000,0,0,0.0576,0.2503,-0.0010,0.0571
1627,30,1,0,-0.024,-0.008,-1.000,-1.000,1,1,-0.000,0.000,0.000,0,1.000,0,0,0.0576,0.2504,-0.0010,0.0571
1628,30,1,0,-0.024,-0.016,-1.000,-1.000,1,1,-0.000,0.000,0.000,0,1.000,0,0,0.0576,0.2503,-0.0010,0.0571
1629,30,1,0,-0.984,0.291,-1.000,-1.000,1,1,0.979,0.055,0.000,0,1.000,0,0,0.0576,0.2508,-0.0011,0.0569
1630,30,1,0,-0.874,0.071,-1.000,-1.000,1,1,0.832,0.000,0.000,0,1.000,0,0,0.0576,0.2519,-0.0013,0.0554
1631,30,1,0,-0.008,-0.008,-1.000,-1.000,1,1,-0.000,0.000,0.000,0,1.000,0,0,0.0576,0.2523,-0.0015,0.0550
1632,30,1,0,-0.008,-0.008,-1.000,-1.000,1,1,-0.000,0.000,0.000,0,1.000,0,0,0.0576,0.2523,-0.0015,0.0551
1633,30,1,0,-0.008,-0.008,-1.000,-1.000,1,1,-0.000,0.000,0.000,0,1.000,0,0,0.0576,0.2523,-0.0015,0.0551
1634,30,1,0,-0.008,-0.008,-1.000,-1.000,1,1,-0.000,0.000,0.000,0,1.000,0,0,0.0576,0.2523,-0.0015,0.0551
1635,30,1,0,-0.008,-0.008,-1.000,-1.000,1,1,-0.000,0.000,0.000,0,1.000,0,0,0.0576,0.2523,-0.0015,0.0551
1636,30,1,0,-0.008,-0.008,-1.000,-1.000,1,1,-0.000,0.000,0.000,0,1.000,0,0,0.0576,0.2523,-0.0015,0.0551
1637,30,1,0,-0.008,-0.008,-1.000,-1.000,1,1,-0.000,0.000,0.000,0,1.000,0,0,0.0576,0.2523,-0.0015,0.0551
1638,30,1,0,-0.008,-0.008,-1.000,-1.000,1,1,-0.000,0.000,0.000,0,1.000,0,0,0.0576,0.2523,-0.0015,0.0551
1639,30,1,0,-0.008,-0.008,-1.000,-1.000,1,1,-0.000,0.000,0.000,0,1.000,0,0,0.0576,0.2523,-0.0015,0.0551
1640,30,1,0,-0.008,-0.008,-1.000,-1.000,1,1,-0.000,0.000,0.000,0,1.000,0,0,0.0576,0.2523,-0.0015,0.0551
1641,30,1,1,-0.008,-0.008,-1.000,-1.000,1,1,0.000,0.000,0.000,1,1.000,1,1,0.0576,0.2523,-0.0015,0.0551
