step,ep,r1,l1,raw_ly,raw_lx,raw_r2,raw_l2,r2_ready,l2_ready,act0,act1,act2,contact,progress,paused,shielded,meas_x,meas_y,meas_z
0,0,0,0,0.000,-0.032,0.000,0.000,0,0,0.000,0.000,0.000,0,0.333,0,0,0.2493,-0.0049,0.0617
1,0,0,0,0.000,-0.032,0.000,0.000,0,0,0.000,0.000,0.000,0,0.667,0,0,0.2489,-0.0043,0.0577
2,0,0,0,0.000,-0.032,0.000,0.000,0,0,0.000,0.000,0.000,0,1.000,0,0,0.2490,-0.0046,0.0569
3,0,0,0,0.000,-0.032,0.000,0.000,0,0,0.000,0.000,0.000,0,1.000,0,0,0.2490,-0.0045,0.0571
4,0,0,0,0.000,-0.032,0.000,0.000,0,0,0.000,0.000,0.000,0,1.000,0,0,0.2490,-0.0045,0.0573
5,0,0,0,0.000,-0.032,0.000,0.000,0,0,0.000,0.000,0.000,0,1.000,0,0,0.2490,-0.0045,0.0573
6,0,0,0,0.000,-0.032,0.000,0.000,0,0,0.000,0.000,0.000,0,1.000,0,0,0.2490,-0.0045,0.0573
7,0,0,0,0.000,-0.032,0.000,0.000,0,0,0.000,0.000,0.000,0,1.000,0,0,0.2490,-0.0045,0.0573
8,0,0,0,0.000,-0.032,0.000,0.000,0,0,0.000,0.000,0.000,0,1.000,0,0,0.2490,-0.0045,0.0573
9,0,0,0,0.000,-0.032,0.000,0.000,0,0,0.000,0.000,0.000,0,1.000,0,0,0.2490,-0.0045,0.0573
10,0,0,0,0.000,-0.032,0.000,0.000,0,0,0.000,0.000,0.000,0,1.000,0,0,0.2490,-0.0045,0.0573
11,0,0,0,0.000,-0.032,0.000,0.000,0,0,0.000,0.000,0.000,0,1.000,0,0,0.2490,-0.0045,0.0573
12,0,0,0,0.000,-0.032,0.000,0.000,0,0,0.000,0.000,0.000,0,1.000,0,0,0.2490,-0.0045,0.0573
13,0,0,0,0.000,-0.032,0.000,0.000,0,0,0.000,0.000,0.000,0,1.000,0,0,0.2490,-0.0045,0.0573
14,0,0,0,0.000,-0.032,0.000,0.000,0,0,0.000,0.000,0.000,0,1.000,0,0,0.2490,-0.0045,0.0573
15,0,0,0,0.000,-0.032,0.000,0.000,0,0,0.000,0.000,0.000,0,1.000,0,0,0.2490,-0.0045,0.0573
16,0,0,0,0.000,-0.032,0.000,0.000,0,0,0.000,0.000,0.000,0,1.000,0,0,0.2490,-0.0045,0.0573
17,0,0,0,0.000,-0.032,0.000,0.000,0,0,0.000,0.000,0.000,0,1.000,0,0,0.2490,-0.0045,0.0573
18,0,0,0,0.000,-0.032,0.000,0.000,0,0,0.000,0.000,0.000,0,1.000,0,0,0.2490,-0.0045,0.0573
19,0,0,0,0.000,-0.032,0.000,0.000,0,0,0.000,0.000,0.000,0,1.000,0,0,0.2490,-0.0045,0.0573
20,0,0,0,0.000,-0.032,0.000,0.000,0,0,0.000,0.000,0.000,0,1.000,0,0,0.2490,-0.0045,0.0573
21,0,0,0,0.000,-0.032,0.000,0.000,0,0,0.000,0.000,0.000,0,1.000,0,0,0.2490,-0.0045,0.0573
22,0,0,0,0.000,-0.032,0.000,0.000,0,0,0.000,0.000,0.000,0,1.000,0,0,0.2490,-0.0045,0.0573
23,0,0,0,0.000,-0.032,0.000,0.000,0,0,0.000,0.000,0.000,0,1.000,0,0,0.2490,-0.0045,0.0573
24,0,0,0,0.000,-0.032,0.000,0.000,0,0,0.000,0.000,0.000,0,1.000,0,0,0.2490,-0.0045,0.0573
25,0,0,0,0.000,-0.032,0.000,0.000,0,0,0.000,0.000,0.000,0,1.000,0,0,0.2490,-0.0045,0.0573
26,0,0,0,0.000,-0.032,0.000,0.000,0,0,0.000,0.000,0.000,0,1.000,0,0,0.2490,-0.0045,0.0573
27,0,0,0,0.000,-0.032,0.000,0.000,0,0,0.000,0.000,0.000,0,1.000,0,0,0.2490,-0.0045,0.0573
28,0,0,0,0.000,-0.032,0.000,0.000,0,0,0.000,0.000,0.000,0,1.000,0,0,0.2490,-0.0045,0.0573
29,0,0,0,0.000,-0.032,0.000,0.000,0,0,0.000,0.000,0.000,0,1.000,0,0,0.2490,-0.0045,0.0573
30,0,0,0,0.000,-0.032,0.000,0.000,0,0,0.000,0.000,0.000,0,1.000,0,0,0.2490,-0.0045,0.0573
31,0,0,0,0.000,-0.032,0.000,0.000,0,0,0.000,0.000,0.000,0,1.000,0,0,0.2490,-0.0045,0.0573
32,0,0,0,0.000,-0.032,0.000,0.000,0,0,0.000,0.000,0.000,0,1.000,0,0,0.2490,-0.0045,0.0573
33,0,0,0,0.000,-0.032,0.000,0.000,0,0,0.000,0.000,0.000,0,1.000,0,0,0.2490,-0.0045,0.0573
34,0,0,0,0.000,-0.032,0.000,0.000,0,0,0.000,0.000,0.000,0,1.000,0,0,0.2490,-0.0045,0.0573
35,0,0,0,0.000,-0.032,0.000,0.000,0,0,0.000,0.000,0.000,0,1.000,0,0,0.2490,-0.0045,0.0573
36,0,0,0,0.000,-0.032,0.000,0.000,0,0,0.000,0.000,0.000,0,1.000,0,0,0.2490,-0.0045,0.0573
37,0,0,0,0.000,-0.032,0.000,0.000,0,0,0.000,0.000,0.000,0,1.000,0,0,0.2490,-0.0045,0.0573
38,0,0,0,0.000,-0.032,0.000,0.000,0,0,0.000,0.000,0.000,0,1.000,0,0,0.2490,-0.0045,0.0573
39,0,0,0,0.000,-0.032,0.000,0.000,0,0,0.000,0.000,0.000,0,1.000,0,0,0.2490,-0.0045,0.0573
40,0,0,0,0.000,-0.032,0.000,0.000,0,0,0.000,0.000,0.000,0,1.000,0,0,0.2490,-0.0045,0.0573
41,0,0,0,0.000,-0.032,0.000,0.000,0,0,0.000,0.000,0.000,0,1.000,0,0,0.2490,-0.0045,0.0573
42,0,0,0,0.000,-0.032,0.000,0.000,0,0,0.000,0.000,0.000,0,1.000,0,0,0.2490,-0.0045,0.0573
43,0,0,0,0.000,-0.032,0.000,0.000,0,0,0.000,0.000,0.000,0,1.000,0,0,0.2490,-0.0045,0.0573
44,0,0,0,0.000,-0.032,0.000,0.000,0,0,0.000,0.000,0.000,0,1.000,0,0,0.2490,-0.0045,0.0573
45,0,0,0,0.000,-0.032,0.000,0.000,0,0,0.000,0.000,0.000,0,1.000,0,0,0.2490,-0.0045,0.0573
46,0,0,0,0.000,-0.032,0.000,0.000,0,0,0.000,0.000,0.000,0,1.000,0,0,0.2490,-0.0045,0.0573
47,0,0,0,0.000,-0.032,0.000,0.000,0,0,0.000,0.000,0.000,0,1.000,0,0,0.2490,-0.0045,0.0573
48,0,0,0,0.000,-0.032,0.000,0.000,0,0,0.000,0.000,0.000,0,1.000,0,0,0.2490,-0.0045,0.0573
49,0,0,0,0.000,-0.032,0.000,0.000,0,0,0.000,0.000,0.000,0,1.000,0,0,0.2490,-0.0045,0.0573
50,0,0,0,0.000,-0.032,0.000,0.000,0,0,0.000,0.000,0.000,0,1.000,0,0,0.2490,-0.0045,0.0573
51,0,0,0,0.000,-0.032,0.000,0.000,0,0,0.000,0.000,0.000,0,1.000,0,0,0.2490,-0.0045,0.0573
52,0,0,0,0.000,-0.032,0.000,0.000,0,0,0.000,0.000,0.000,0,1.000,0,0,0.2490,-0.0045,0.0573
53,0,0,0,0.000,-0.032,0.000,0.000,0,0,0.000,0.000,0.000,0,1.000,0,0,0.2490,-0.0045,0.0573
54,0,0,0,0.000,-0.032,0.000,0.000,0,0,0.000,0.000,0.000,0,1.000,0,0,0.2490,-0.0045,0.0573
55,0,0,0,0.000,-0.032,0.000,0.000,0,0,0.000,0.000,0.000,0,1.000,0,0,0.2490,-0.0045,0.0573
56,0,0,0,0.000,-0.032,0.000,0.000,0,0,0.000,0.000,0.000,0,1.000,0,0,0.2490,-0.0045,0.0573
57,0,0,0,0.000,-0.032,0.000,0.000,0,0,0.000,0.000,0.000,0,1.000,0,0,0.2490,-0.0045,0.0573
58,0,0,0,0.000,-0.032,0.000,0.000,0,0,0.000,0.000,0.000,0,1.000,0,0,0.2490,-0.0045,0.0573
59,0,0,0,0.000,-0.032,0.000,0.000,0,0,0.000,0.000,0.000,0,1.000,0,0,0.2490,-0.0045,0.0573
60,0,0,0,0.000,-0.032,0.000,0.000,0,0,0.000,0.000,0.000,0,1.000,0,0,0.2490,-0.0045,0.0573
61,0,0,0,0.000,-0.032,0.000,0.000,0,0,0.000,0.000,0.000,0,1.000,0,0,0.2490,-0.0045,0.0573
62,0,0,0,0.000,-0.032,0.000,0.000,0,0,0.000,0.000,0.000,0,1.000,0,0,0.2490,-0.0045,0.0573
63,0,0,0,0.000,-0.032,0.000,0.000,0,0,0.000,0.000,0.000,0,1.000,0,0,0.2490,-0.0045,0.0573
64,0,0,0,0.000,-0.032,0.000,0.000,0,0,0.000,0.000,0.000,0,1.000,0,0,0.2490,-0.0045,0.0573
65,0,0,0,0.000,-0.032,0.000,0.000,0,0,0.000,0.000,0.000,0,1.000,0,0,0.2490,-0.0045,0.0573
66,0,0,0,0.000,-0.032,0.000,0.000,0,0,0.000,0.000,0.000,0,1.000,0,0,0.2490,-0.0045,0.0573
67,0,0,0,0.000,-0.032,0.000,0.000,0,0,0.000,0.000,0.000,0,1.000,0,0,0.2490,-0.0045,0.0573
68,0,0,0,0.000,-0.032,0.000,0.000,0,0,0.000,0.000,0.000,0,1.000,0,0,0.2490,-0.0045,0.0573
69,0,0,0,0.000,-0.032,0.000,0.000,0,0,0.000,0.000,0.000,0,1.000,0,0,0.2490,-0.0045,0.0573
70,0,0,0,0.000,-0.032,0.000,0.000,0,0,0.000,0.000,0.000,0,1.000,0,0,0.2490,-0.0045,0.0573
71,0,0,0,0.000,-0.032,0.000,0.000,0,0,0.000,0.000,0.000,0,1.000,0,0,0.2490,-0.0045,0.0573
72,0,0,0,0.000,-0.032,0.000,0.000,0,0,0.000,0.000,0.000,0,1.000,0,0,0.2490,-0.0045,0.0573
73,0,0,0,0.000,-0.032,0.000,0.000,0,0,0.000,0.000,0.000,0,1.000,0,0,0.2490,-0.0045,0.0573
74,0,0,0,0.000,-0.032,0.000,0.000,0,0,0.000,0.000,0.000,0,1.000,0,0,0.2490,-0.0045,0.0573
75,0,0,0,0.000,-0.032,0.000,0.000,0,0,0.000,0.000,0.000,0,1.000,0,0,0.2490,-0.0045,0.0573
76,0,0,0,0.000,-0.032,0.000,0.000,0,0,0.000,0.000,0.000,0,1.000,0,0,0.2490,-0.0045,0.0573
77,0,0,0,0.000,-0.032,0.000,0.000,0,0,0.000,0.000,0.000,0,1.000,0,0,0.2490,-0.0045,0.0573
78,0,0,0,0.000,-0.032,0.000,0.000,0,0,0.000,0.000,0.000,0,1.000,0,0,0.2490,-0.0045,0.0573
79,0,0,0,0.000,-0.032,0.000,0.000,0,0,0.000,0.000,0.000,0,1.000,0,0,0.2490,-0.0045,0.0573
80,0,0,0,0.000,-0.032,0.000,0.000,0,0,0.000,0.000,0.000,0,1.000,0,0,0.2490,-0.0045,0.0573
81,0,0,0,0.000,-0.032,0.000,0.000,0,0,0.000,0.000,0.000,0,1.000,0,0,0.2490,-0.0045,0.0573
82,0,0,0,0.000,-0.032,0.000,0.000,0,0,0.000,0.000,0.000,0,1.000,0,0,0.2490,-0.0045,0.0573
83,0,0,0,0.000,-0.032,0.000,0.000,0,0,0.000,0.000,0.000,0,1.000,0,0,0.2490,-0.0045,0.0573
84,0,0,0,0.000,-0.032,0.000,0.000,0,0,0.000,0.000,0.000,0,1.000,0,0,0.2490,-0.0045,0.0573
85,0,0,0,0.000,-0.032,0.000,0.000,0,0,0.000,0.000,0.000,0,1.000,0,0,0.2490,-0.0045,0.0573
86,0,0,0,0.000,-0.032,0.000,0.000,0,0,0.000,0.000,0.000,0,1.000,0,0,0.2490,-0.0045,0.0573
87,0,0,0,0.000,-0.032,0.000,0.000,0,0,0.000,0.000,0.000,0,1.000,0,0,0.2490,-0.0045,0.0573
88,0,0,0,0.000,-0.032,0.000,0.000,0,0,0.000,0.000,0.000,0,1.000,0,0,0.2490,-0.0045,0.0573
89,0,0,0,0.000,-0.032,0.000,0.000,0,0,0.000,0.000,0.000,0,1.000,0,0,0.2490,-0.0045,0.0573
90,0,0,0,0.000,-0.032,0.000,0.000,0,0,0.000,0.000,0.000,0,1.000,0,0,0.2490,-0.0045,0.0573
91,0,0,0,0.000,-0.032,0.000,0.000,0,0,0.000,0.000,0.000,0,1.000,0,0,0.2490,-0.0045,0.0573
92,0,0,0,0.000,-0.032,0.000,0.000,0,0,0.000,0.000,0.000,0,1.000,0,0,0.2490,-0.0045,0.0573
93,0,0,0,0.000,-0.032,0.000,0.000,0,0,0.000,0.000,0.000,0,1.000,0,0,0.2490,-0.0045,0.0573
94,0,0,0,0.000,-0.032,0.000,0.000,0,0,0.000,0.000,0.000,0,1.000,0,0,0.2490,-0.0045,0.0573
95,0,0,0,0.000,-0.032,0.000,0.000,0,0,0.000,0.000,0.000,0,1.000,0,0,0.2490,-0.0045,0.0573
96,0,0,0,0.000,-0.032,0.000,0.000,0,0,0.000,0.000,0.000,0,1.000,0,0,0.2490,-0.0045,0.0573
97,0,0,0,0.000,-0.032,0.000,0.000,0,0,0.000,0.000,0.000,0,1.000,0,0,0.2490,-0.0045,0.0573
98,0,0,0,0.000,-0.032,0.000,0.000,0,0,0.000,0.000,0.000,0,1.000,0,0,0.2490,-0.0045,0.0573
99,0,0,0,0.000,-0.032,0.000,0.000,0,0,0.000,0.000,0.000,0,1.000,0,0,0.2490,-0.0045,0.0573
100,0,0,0,0.000,-0.032,0.000,0.000,0,0,0.000,0.000,0.000,0,1.000,0,0,0.2490,-0.0045,0.0573
101,0,0,0,0.000,-0.032,0.000,0.000,0,0,0.000,0.000,0.000,0,1.000,0,0,0.2490,-0.0045,0.0573
102,0,0,0,0.000,-0.032,0.000,0.000,0,0,0.000,0.000,0.000,0,1.000,0,0,0.2490,-0.0045,0.0573
103,0,0,0,0.000,-0.032,0.000,0.000,0,0,0.000,0.000,0.000,0,1.000,0,0,0.2490,-0.0045,0.0573
104,0,0,0,0.000,-0.032,0.000,0.000,0,0,0.000,0.000,0.000,0,1.000,0,0,0.2490,-0.0045,0.0573
105,0,0,0,0.000,-0.032,0.000,0.000,0,0,0.000,0.000,0.000,0,1.000,0,0,0.2490,-0.0045,0.0573
106,0,0,0,0.000,-0.032,0.000,0.000,0,0,0.000,0.000,0.000,0,1.000,0,0,0.2490,-0.0045,0.0573
107,0,0,0,0.000,-0.032,0.000,0.000,0,0,0.000,0.000,0.000,0,1.000,0,0,0.2490,-0.0045,0.0573
108,0,0,0,0.000,-0.032,0.000,0.000,0,0,0.000,0.000,0.000,0,1.000,0,0,0.2490,-0.0045,0.0573
109,0,0,0,0.000,-0.032,0.000,0.000,0,0,0.000,0.000,0.000,0,1.000,0,0,0.2490,-0.0045,0.0573
110,0,0,0,0.000,-0.032,0.000,0.000,0,0,0.000,0.000,0.000,0,1.000,0,0,0.2490,-0.0045,0.0573
111,0,0,0,0.000,-0.032,0.000,0.000,0,0,0.000,0.000,0.000,0,1.000,0,0,0.2490,-0.0045,0.0573
112,0,0,0,0.000,-0.032,0.000,0.000,0,0,0.000,0.000,0.000,0,1.000,0,0,0.2490,-0.0045,0.0573
113,0,0,0,0.000,-0.032,0.000,0.000,0,0,0.000,0.000,0.000,0,1.000,0,0,0.2490,-0.0045,0.0573
114,0,0,0,0.000,-0.032,0.000,0.000,0,0,0.000,0.000,0.000,0,1.000,0,0,0.2490,-0.0045,0.0573
115,0,0,0,0.000,-0.032,0.000,0.000,0,0,0.000,0.000,0.000,0,1.000,0,0,0.2490,-0.0045,0.0573
116,0,0,0,0.000,-0.032,0.000,0.000,0,0,0.000,0.000,0.000,0,1.000,0,0,0.2490,-0.0045,0.0573
117,0,0,0,0.000,-0.032,0.000,0.000,0,0,0.000,0.000,0.000,0,1.000,0,0,0.2490,-0.0045,0.0573
118,0,0,0,0.000,-0.032,0.000,0.000,0,0,0.000,0.000,0.000,0,1.000,0,0,0.2490,-0.0045,0.0573
119,0,1,0,0.000,-0.032,0.000,0.000,0,0,-0.000,0.000,0.000,0,1.000,0,0,0.2490,-0.0045,0.0573
120,0,1,0,0.000,-0.032,0.000,0.000,0,0,-0.000,0.000,0.000,0,1.000,0,0,0.2490,-0.0045,0.0573
121,0,1,0,0.000,-0.032,0.000,0.000,0,0,-0.000,0.000,0.000,0,1.000,0,0,0.2490,-0.0045,0.0573
122,0,1,0,0.000,-0.032,0.000,0.000,0,0,-0.000,0.000,0.000,0,1.000,0,0,0.2490,-0.0045,0.0573
123,0,1,0,0.000,-0.032,0.000,0.000,0,0,-0.000,0.000,0.000,0,1.000,0,0,0.2490,-0.0045,0.0573
124,0,1,0,0.000,-0.032,0.000,0.000,0,0,-0.000,0.000,0.000,0,1.000,0,0,0.2490,-0.0045,0.0573
125,0,1,0,0.000,-0.032,0.000,0.000,0,0,-0.000,0.000,0.000,0,1.000,0,0,0.2490,-0.0045,0.0573
126,0,1,0,0.000,-0.032,0.000,0.000,0,0,-0.000,0.000,0.000,0,1.000,0,0,0.2490,-0.0045,0.0573
127,0,1,0,0.000,-0.032,0.000,0.000,0,0,-0.000,0.000,0.000,0,1.000,0,0,0.2490,-0.0045,0.0573
128,0,1,0,0.000,-0.032,0.000,0.000,0,0,-0.000,0.000,0.000,0,1.000,0,0,0.2490,-0.0045,0.0573
129,0,1,0,0.000,-0.032,0.000,0.000,0,0,-0.000,0.000,0.000,0,1.000,0,0,0.2490,-0.0045,0.0573
130,0,1,0,0.000,-0.032,0.000,0.000,0,0,-0.000,0.000,0.000,0,1.000,0,0,0.2490,-0.0045,0.0573
131,0,1,0,0.000,-0.032,0.000,0.000,0,0,-0.000,0.000,0.000,0,1.000,0,0,0.2490,-0.0045,0.0573
132,0,1,0,0.000,-0.032,0.000,0.000,0,0,-0.000,0.000,0.000,0,1.000,0,0,0.2490,-0.0045,0.0573
133,0,1,0,0.000,-0.032,0.000,0.000,0,0,-0.000,0.000,0.000,0,1.000,0,0,0.2490,-0.0045,0.0573
134,0,1,0,0.000,-0.032,0.000,0.000,0,0,-0.000,0.000,0.000,0,1.000,0,0,0.2490,-0.0045,0.0573
135,0,1,0,0.000,-0.032,0.000,0.000,0,0,-0.000,0.000,0.000,0,1.000,0,0,0.2490,-0.0045,0.0573
136,0,1,0,0.000,-0.032,0.000,0.000,0,0,-0.000,0.000,0.000,0,1.000,0,0,0.2490,-0.0045,0.0573
137,0,1,0,0.000,-0.032,0.000,0.000,0,0,-0.000,0.000,0.000,0,1.000,0,0,0.2490,-0.0045,0.0573
138,0,1,0,0.008,-0.055,0.000,0.000,0,0,-0.000,0.000,0.000,0,1.000,0,0,0.2490,-0.0045,0.0573
139,0,1,0,0.008,-0.055,0.000,0.000,0,0,-0.000,0.000,0.000,0,1.000,0,0,0.2490,-0.0045,0.0573
140,0,1,0,0.008,-0.055,0.000,0.000,0,0,-0.000,0.000,0.000,0,1.000,0,0,0.2490,-0.0045,0.0573
141,0,1,0,0.008,-0.016,0.000,0.000,0,0,-0.000,0.000,0.000,0,1.000,0,0,0.2490,-0.0045,0.0573
142,0,1,0,0.008,0.047,0.000,0.000,0,0,-0.000,0.000,0.000,0,1.000,0,0,0.2490,-0.0045,0.0573
143,0,1,0,0.008,0.291,0.000,0.000,0,0,-0.000,0.055,0.000,0,1.000,0,0,0.2490,-0.0045,0.0573
144,0,1,0,-0.008,0.110,0.000,0.000,0,0,-0.000,0.000,0.000,0,1.000,0,0,0.2490,-0.0045,0.0573
145,0,1,0,-0.008,-0.008,0.000,0.000,0,0,-0.000,0.000,0.000,0,1.000,0,0,0.2490,-0.0045,0.0573
146,0,1,0,-0.008,-0.008,0.000,0.000,0,0,-0.000,0.000,0.000,0,1.000,0,0,0.2490,-0.0045,0.0573
147,0,1,0,-0.008,0.024,0.000,0.000,0,0,-0.000,0.000,0.000,0,1.000,0,0,0.2490,-0.0045,0.0573
148,0,1,0,-0.150,0.409,0.000,0.000,0,0,-0.000,0.213,0.000,0,1.000,0,0,0.2491,-0.0045,0.0573
149,0,1,0,-0.087,0.283,0.000,0.000,0,0,-0.000,0.045,0.000,0,1.000,0,0,0.2492,-0.0044,0.0574
150,0,1,0,-0.032,0.000,0.000,0.000,0,0,-0.000,0.000,0.000,0,1.000,0,0,0.2493,-0.0044,0.0574
151,0,1,0,-0.032,-0.008,0.000,0.000,0,0,-0.000,0.000,0.000,0,1.000,0,0,0.2493,-0.0044,0.0574
152,0,1,0,-0.110,0.252,0.000,0.000,0,0,-0.000,0.003,0.000,0,1.000,0,0,0.2493,-0.0044,0.0574
153,0,1,0,-0.307,0.748,0.000,0.000,0,0,0.076,0.664,0.000,0,1.000,0,0,0.2495,-0.0042,0.0575
154,1,1,0,-0.008,-0.008,0.000,0.000,0,0,-0.000,0.000,0.000,0,0.250,0,0,0.2495,-0.0048,0.0618
155,1,1,0,-0.008,-0.008,0.000,0.000,0,0,-0.000,0.000,0.000,0,0.500,0,0,0.2496,-0.0041,0.0579
156,1,1,0,0.000,-0.008,0.000,0.000,0,0,-0.000,0.000,0.000,0,0.750,0,0,0.2494,-0.0045,0.0569
157,1,1,0,0.000,-0.008,0.000,0.000,0,0,-0.000,0.000,0.000,0,1.000,0,0,0.2492,-0.0045,0.0572
158,1,1,0,0.000,-0.008,0.000,0.000,0,0,-0.000,0.000,0.000,0,1.000,0,0,0.2491,-0.0045,0.0573
159,1,1,0,0.000,-0.008,0.000,0.000,0,0,-0.000,0.000,0.000,0,1.000,0,0,0.2491,-0.0045,0.0573
160,1,1,0,0.000,-0.008,0.000,0.000,0,0,-0.000,0.000,0.000,0,1.000,0,0,0.2491,-0.0045,0.0573
161,1,1,0,-0.016,0.024,0.000,0.000,0,0,-0.000,0.000,0.000,0,1.000,0,0,0.2491,-0.0045,0.0573
162,1,1,0,-0.165,0.591,0.000,0.000,0,0,-0.000,0.454,0.000,0,1.000,0,0,0.2491,-0.0043,0.0573
163,1,1,0,-0.165,0.331,0.000,0.000,0,0,-0.000,0.108,0.000,0,1.000,0,0,0.2492,-0.0034,0.0573
164,1,1,0,-0.047,0.016,0.000,0.000,0,0,-0.000,0.000,0.000,0,1.000,0,0,0.2492,-0.0034,0.0574
165,1,1,0,-0.016,0.000,0.000,0.000,0,0,-0.000,0.000,0.000,0,1.000,0,0,0.2492,-0.0034,0.0574
166,1,1,0,0.000,-0.008,0.000,0.000,0,0,-0.000,0.000,0.000,0,1.000,0,0,0.2492,-0.0034,0.0574
167,1,1,0,0.000,0.031,0.000,0.000,0,0,-0.000,0.000,0.000,0,1.000,0,0,0.2492,-0.0034,0.0574
168,1,1,0,0.000,0.031,0.000,0.000,0,0,-0.000,0.000,0.000,0,1.000,0,0,0.2492,-0.0034,0.0574
169,1,1,0,0.024,0.008,0.000,0.000,0,0,-0.000,0.000,0.000,0,1.000,0,0,0.2492,-0.0034,0.0574
170,1,1,0,0.228,0.008,0.000,0.000,0,0,-0.000,0.000,0.000,0,1.000,0,0,0.2492,-0.0034,0.0574
171,1,1,0,0.291,0.016,0.000,0.000,0,0,-0.055,0.000,0.000,0,1.000,0,0,0.2492,-0.0034,0.0574
172,1,1,0,0.031,-0.039,0.000,0.000,0,0,-0.000,0.000,0.000,0,1.000,0,0,0.2492,-0.0034,0.0574
173,1,1,0,-0.008,-0.032,0.000,0.000,0,0,-0.000,0.000,0.000,0,1.000,0,0,0.2492,-0.0034,0.0574
174,1,1,0,-0.402,0.094,0.000,0.000,0,0,0.202,0.000,0.000,0,1.000,0,0,0.2492,-0.0034,0.0574
175,1,1,0,-0.724,0.118,0.000,0.000,0,0,0.633,0.000,0.000,0,1.000,0,0,0.2492,-0.0033,0.0573
176,1,1,0,-0.661,0.118,0.000,0.000,0,0,0.549,0.000,0.000,0,1.000,0,0,0.2492,-0.0032,0.0573
177,1,1,0,-0.055,0.008,0.000,0.000,0,0,-0.000,0.000,0.000,0,1.000,0,0,0.2492,-0.0032,0.0573
178,1,1,0,-0.024,-0.024,0.000,0.000,0,0,-0.000,0.000,0.000,0,1.000,0,0,0.2492,-0.0032,0.0573
179,1,1,0,-0.032,-0.024,0.000,0.000,0,0,-0.000,0.000,0.000,0,1.000,0,0,0.2492,-0.0032,0.0573
180,1,1,0,-0.976,0.252,0.000,0.000,0,0,0.969,0.003,0.000,0,0.888,0,0,0.2492,-0.0031,0.0573
181,1,1,0,-0.984,0.260,0.000,0.000,0,0,0.979,0.013,0.000,0,0.773,0,0,0.2494,-0.0029,0.0573
182,1,1,0,-0.291,0.102,0.000,0.000,0,0,0.055,0.000,0.000,0,1.000,0,0,0.2494,-0.0027,0.0574
183,1,1,0,-0.008,-0.039,0.000,0.000,0,0,-0.000,0.000,0.000,0,1.000,0,0,0.2493,-0.0027,0.0574
184,1,1,0,-0.008,-0.047,0.000,0.000,0,0,-0.000,0.000,0.000,0,1.000,0,0,0.2493,-0.0027,0.0574
185,1,1,0,-0.024,-0.047,0.000,0.000,0,0,-0.000,0.000,0.000,0,1.000,0,0,0.2493,-0.0027,0.0574
186,1,1,0,-0.827,-0.173,0.000,0.000,0,0,0.769,0.000,0.000,0,0.963,0,0,0.2493,-0.0027,0.0574
187,1,1,0,-0.008,-0.071,0.000,0.000,0,0,-0.000,0.000,0.000,0,1.000,0,0,0.2493,-0.0026,0.0574
188,1,1,0,0.063,-0.063,0.000,0.000,0,0,-0.000,0.000,0.000,0,1.000,0,0,0.2493,-0.0026,0.0574
189,1,1,0,0.724,-0.291,0.000,0.000,0,0,-0.633,-0.055,0.000,0,1.000,0,0,0.2493,-0.0026,0.0574
190,1,1,0,0.968,-0.425,0.000,0.000,0,0,-0.958,-0.234,0.000,0,1.000,0,0,0.2492,-0.0029,0.0574
191,1,1,0,0.622,-0.394,0.000,0.000,0,0,-0.496,-0.192,0.000,0,1.000,0,0,0.2491,-0.0036,0.0574
192,1,1,0,0.039,-0.032,0.000,0.000,0,0,-0.000,0.000,0.000,0,1.000,0,0,0.2490,-0.0038,0.0573
193,1,1,0,0.047,-0.032,0.000,0.000,0,0,-0.000,0.000,0.000,0,1.000,0,0,0.2491,-0.0038,0.0573
194,1,1,0,0.339,-0.032,0.000,0.000,0,0,-0.118,0.000,0.000,0,1.000,0,0,0.2491,-0.0038,0.0573
195,1,1,0,0.921,0.000,0.000,0.000,0,0,-0.895,0.000,0.000,0,1.000,0,0,0.2491,-0.0038,0.0573
196,1,1,0,0.173,-0.024,0.000,0.000,0,0,-0.000,0.000,0.000,0,1.000,0,0,0.2491,-0.0039,0.0573
197,1,1,0,0.016,-0.016,0.000,0.000,0,0,-0.000,0.000,0.000,0,1.000,0,0,0.2490,-0.0039,0.0573
198,1,1,0,0.016,-0.024,0.000,0.000,0,0,-0.000,0.000,0.000,0,1.000,0,0,0.2490,-0.0039,0.0573
199,1,1,0,0.024,-0.016,0.000,0.000,0,0,-0.000,0.000,0.000,0,1.000,0,0,0.2490,-0.0039,0.0573
200,1,1,0,0.189,-0.024,0.000,0.000,0,0,-0.000,0.000,0.000,0,1.000,0,0,0.2490,-0.0039,0.0573
201,1,1,0,1.000,0.110,0.000,0.000,0,0,-1.000,0.000,0.000,0,1.000,0,0,0.2490,-0.0040,0.0573
202,1,1,0,1.000,0.126,0.000,0.000,0,0,-1.000,0.000,0.000,0,1.000,0,0,0.2490,-0.0042,0.0573
203,1,1,0,0.055,0.063,0.000,0.000,0,0,-0.000,0.000,0.000,0,1.000,0,0,0.2490,-0.0043,0.0573
204,1,1,0,0.008,0.000,0.000,0.000,0,0,-0.000,0.000,0.000,0,1.000,0,0,0.2490,-0.0043,0.0572
205,1,1,0,0.008,0.000,0.000,0.000,0,0,-0.000,0.000,0.000,0,1.000,0,0,0.2490,-0.0043,0.0573
206,1,1,0,0.016,0.000,0.000,0.000,0,0,-0.000,0.000,0.000,0,1.000,0,0,0.2490,-0.0043,0.0573
207,1,1,0,0.008,0.000,0.000,0.000,0,0,-0.000,0.000,0.000,0,1.000,0,0,0.2490,-0.0043,0.0573
208,1,1,0,0.008,0.000,0.000,0.000,0,0,-0.000,0.000,0.000,0,1.000,0,0,0.2490,-0.0043,0.0573
209,1,1,0,0.008,0.000,0.000,0.000,0,0,-0.000,0.000,0.000,0,1.000,0,0,0.2490,-0.0043,0.0573
210,1,0,0,0.008,0.000,0.000,0.000,0,0,0.000,0.000,0.000,0,1.000,0,0,0.2490,-0.0043,0.0573
211,1,0,0,0.008,0.000,0.000,0.000,0,0,0.000,0.000,0.000,0,1.000,0,0,0.2490,-0.0043,0.0573
212,1,0,0,0.008,0.000,0.000,0.000,0,0,0.000,0.000,0.000,0,1.000,0,0,0.2490,-0.0043,0.0573
213,1,0,0,0.008,0.000,0.000,0.000,0,0,0.000,0.000,0.000,0,1.000,0,0,0.2490,-0.0043,0.0573
214,1,0,0,0.008,0.000,0.000,0.000,0,0,0.000,0.000,0.000,0,1.000,0,0,0.2490,-0.0043,0.0573
215,1,0,0,0.008,0.000,0.000,0.000,0,0,0.000,0.000,0.000,0,1.000,0,0,0.2490,-0.0043,0.0573
216,1,0,0,0.008,0.000,0.000,0.000,0,0,0.000,0.000,0.000,0,1.000,0,0,0.2490,-0.0043,0.0573
217,1,0,0,0.008,0.000,0.000,0.000,0,0,0.000,0.000,0.000,0,1.000,0,0,0.2490,-0.0043,0.0573
218,1,0,0,0.008,0.000,0.000,0.000,0,0,0.000,0.000,0.000,0,1.000,0,0,0.2490,-0.0043,0.0573
219,1,0,0,0.008,0.000,0.000,0.000,0,0,0.000,0.000,0.000,0,1.000,0,0,0.2490,-0.0043,0.0573
220,1,0,0,0.008,0.000,0.000,0.000,0,0,0.000,0.000,0.000,0,1.000,0,0,0.2490,-0.0043,0.0573
221,1,0,0,0.008,0.000,0.000,0.000,0,0,0.000,0.000,0.000,0,1.000,0,0,0.2490,-0.0043,0.0573
222,1,0,0,0.008,0.000,0.000,0.000,0,0,0.000,0.000,0.000,0,1.000,0,0,0.2490,-0.0043,0.0573
223,1,0,0,0.008,0.000,0.000,0.000,0,0,0.000,0.000,0.000,0,1.000,0,0,0.2490,-0.0043,0.0573
224,1,0,0,0.008,0.000,0.000,0.000,0,0,0.000,0.000,0.000,0,1.000,0,0,0.2490,-0.0043,0.0573
225,1,0,0,0.008,0.000,0.000,0.000,0,0,0.000,0.000,0.000,0,1.000,0,0,0.2490,-0.0043,0.0573
226,1,0,0,0.008,0.000,0.000,0.000,0,0,0.000,0.000,0.000,0,1.000,0,0,0.2490,-0.0043,0.0573
227,1,0,0,0.008,0.000,0.000,0.000,0,0,0.000,0.000,0.000,0,1.000,0,0,0.2490,-0.0043,0.0573
228,1,0,0,0.008,0.000,0.000,0.000,0,0,0.000,0.000,0.000,0,1.000,0,0,0.2490,-0.0043,0.0573
229,1,0,0,0.008,0.000,0.000,0.000,0,0,0.000,0.000,0.000,0,1.000,0,0,0.2490,-0.0043,0.0573
230,1,0,0,0.008,0.000,0.000,0.000,0,0,0.000,0.000,0.000,0,1.000,0,0,0.2490,-0.0043,0.0573
231,1,0,0,0.008,0.000,0.000,0.000,0,0,0.000,0.000,0.000,0,1.000,0,0,0.2490,-0.0043,0.0573
232,1,0,0,0.008,0.000,0.000,0.000,0,0,0.000,0.000,0.000,0,1.000,0,0,0.2490,-0.0043,0.0573
233,1,0,0,0.008,0.000,0.000,0.000,0,0,0.000,0.000,0.000,0,1.000,0,0,0.2490,-0.0043,0.0573
234,1,0,0,0.008,0.000,0.000,0.000,0,0,0.000,0.000,0.000,0,1.000,0,0,0.2490,-0.0043,0.0573
235,1,0,0,0.008,0.000,0.000,0.000,0,0,0.000,0.000,0.000,0,1.000,0,0,0.2490,-0.0043,0.0573
236,1,0,0,0.008,0.000,0.000,0.000,0,0,0.000,0.000,0.000,0,1.000,0,0,0.2490,-0.0043,0.0573
237,1,0,0,0.008,0.000,0.000,0.000,0,0,0.000,0.000,0.000,0,1.000,0,0,0.2490,-0.0043,0.0573
238,1,0,0,0.008,0.000,0.000,0.000,0,0,0.000,0.000,0.000,0,1.000,0,0,0.2490,-0.0043,0.0573
239,1,0,0,0.008,0.000,0.000,0.000,0,0,0.000,0.000,0.000,0,1.000,0,0,0.2490,-0.0043,0.0573
240,1,0,0,0.008,0.000,0.000,0.000,0,0,0.000,0.000,0.000,0,1.000,0,0,0.2490,-0.0043,0.0573
241,1,0,0,0.008,0.000,0.000,0.000,0,0,0.000,0.000,0.000,0,1.000,0,0,0.2490,-0.0043,0.0573
242,1,0,0,0.008,0.000,0.000,0.000,0,0,0.000,0.000,0.000,0,1.000,0,0,0.2490,-0.0043,0.0573
243,1,0,0,0.008,0.000,0.000,0.000,0,0,0.000,0.000,0.000,0,1.000,0,0,0.2490,-0.0043,0.0573
244,1,0,0,0.008,0.000,0.000,0.000,0,0,0.000,0.000,0.000,0,1.000,0,0,0.2490,-0.0043,0.0573
245,1,0,0,0.008,0.000,0.000,0.000,0,0,0.000,0.000,0.000,0,1.000,0,0,0.2490,-0.0043,0.0573
246,1,0,0,0.008,0.000,0.000,0.000,0,0,0.000,0.000,0.000,0,1.000,0,0,0.2490,-0.0043,0.0573
247,1,0,0,0.008,0.000,0.000,0.000,0,0,0.000,0.000,0.000,0,1.000,0,0,0.2490,-0.0043,0.0573
248,1,0,0,0.008,0.000,0.000,0.000,0,0,0.000,0.000,0.000,0,1.000,0,0,0.2490,-0.0043,0.0573
249,1,0,0,0.008,0.000,0.000,0.000,0,0,0.000,0.000,0.000,0,1.000,0,0,0.2490,-0.0043,0.0573
250,1,0,0,0.008,0.000,0.000,0.000,0,0,0.000,0.000,0.000,0,1.000,0,0,0.2490,-0.0043,0.0573
251,1,0,0,0.008,0.000,0.000,0.000,0,0,0.000,0.000,0.000,0,1.000,0,0,0.2490,-0.0043,0.0573
252,1,0,0,0.008,0.000,0.000,0.000,0,0,0.000,0.000,0.000,0,1.000,0,0,0.2490,-0.0043,0.0573
253,1,0,0,0.008,0.000,0.000,0.000,0,0,0.000,0.000,0.000,0,1.000,0,0,0.2490,-0.0043,0.0573
254,1,0,0,0.008,0.000,0.000,0.000,0,0,0.000,0.000,0.000,0,1.000,0,0,0.2490,-0.0043,0.0573
255,1,0,0,0.008,0.000,0.000,0.000,0,0,0.000,0.000,0.000,0,1.000,0,0,0.2490,-0.0043,0.0573
256,1,0,0,0.008,0.000,0.000,0.000,0,0,0.000,0.000,0.000,0,1.000,0,0,0.2490,-0.0043,0.0573
257,1,0,0,0.008,0.000,0.000,0.000,0,0,0.000,0.000,0.000,0,1.000,0,0,0.2490,-0.0043,0.0573
258,1,0,0,0.008,0.000,0.000,0.000,0,0,0.000,0.000,0.000,0,1.000,0,0,0.2490,-0.0043,0.0573
259,1,0,0,0.008,0.000,0.000,0.000,0,0,0.000,0.000,0.000,0,1.000,0,0,0.2490,-0.0043,0.0573
260,1,0,0,0.008,0.000,0.000,0.000,0,0,0.000,0.000,0.000,0,1.000,0,0,0.2490,-0.0043,0.0573
261,1,0,0,0.008,0.000,0.000,0.000,0,0,0.000,0.000,0.000,0,1.000,0,0,0.2490,-0.0043,0.0573
262,1,0,0,0.008,0.000,0.000,0.000,0,0,0.000,0.000,0.000,0,1.000,0,0,0.2490,-0.0043,0.0573
263,1,0,0,0.008,0.000,0.000,0.000,0,0,0.000,0.000,0.000,0,1.000,0,0,0.2490,-0.0043,0.0573
264,1,0,0,0.008,0.000,0.000,0.000,0,0,0.000,0.000,0.000,0,1.000,0,0,0.2490,-0.0043,0.0573
265,1,0,0,0.008,0.000,0.000,0.000,0,0,0.000,0.000,0.000,0,1.000,0,0,0.2490,-0.0043,0.0573
266,1,0,0,0.008,0.000,0.000,0.000,0,0,0.000,0.000,0.000,0,1.000,0,0,0.2490,-0.0043,0.0573
267,1,0,0,0.008,0.000,0.000,0.000,0,0,0.000,0.000,0.000,0,1.000,0,0,0.2490,-0.0043,0.0573
268,1,0,0,0.008,0.000,0.000,0.000,0,0,0.000,0.000,0.000,0,1.000,0,0,0.2490,-0.0043,0.0573
269,1,0,0,0.008,0.000,0.000,0.000,0,0,0.000,0.000,0.000,0,1.000,0,0,0.2490,-0.0043,0.0573
270,1,0,0,0.008,0.000,0.000,0.000,0,0,0.000,0.000,0.000,0,1.000,0,0,0.2490,-0.0043,0.0573
271,1,0,0,0.008,0.000,0.000,0.000,0,0,0.000,0.000,0.000,0,1.000,0,0,0.2490,-0.0043,0.0573
272,1,0,0,0.008,0.000,0.000,0.000,0,0,0.000,0.000,0.000,0,1.000,0,0,0.2490,-0.0043,0.0573
273,1,0,0,0.008,0.000,0.000,0.000,0,0,0.000,0.000,0.000,0,1.000,0,0,0.2490,-0.0043,0.0573
274,1,0,0,0.008,0.000,0.000,0.000,0,0,0.000,0.000,0.000,0,1.000,0,0,0.2490,-0.0043,0.0573
275,1,0,0,0.008,0.000,0.000,0.000,0,0,0.000,0.000,0.000,0,1.000,0,0,0.2490,-0.0043,0.0573
276,1,0,0,0.008,0.000,0.000,0.000,0,0,0.000,0.000,0.000,0,1.000,0,0,0.2490,-0.0043,0.0573
277,1,0,0,0.008,0.000,0.000,0.000,0,0,0.000,0.000,0.000,0,1.000,0,0,0.2490,-0.0043,0.0573
278,1,0,0,0.008,0.000,0.000,0.000,0,0,0.000,0.000,0.000,0,1.000,0,0,0.2490,-0.0043,0.0573
279,1,0,0,0.008,0.000,0.000,0.000,0,0,0.000,0.000,0.000,0,1.000,0,0,0.2490,-0.0043,0.0573
280,1,0,0,0.008,0.000,0.000,0.000,0,0,0.000,0.000,0.000,0,1.000,0,0,0.2490,-0.0043,0.0573
281,1,0,0,0.008,0.000,0.000,0.000,0,0,0.000,0.000,0.000,0,1.000,0,0,0.2490,-0.0043,0.0573
282,1,0,0,0.008,0.000,0.000,0.000,0,0,0.000,0.000,0.000,0,1.000,0,0,0.2490,-0.0043,0.0573
283,1,0,0,0.008,0.000,0.000,0.000,0,0,0.000,0.000,0.000,0,1.000,0,0,0.2490,-0.0043,0.0573
284,1,0,0,0.008,0.000,0.000,0.000,0,0,0.000,0.000,0.000,0,1.000,0,0,0.2490,-0.0043,0.0573
285,1,0,0,0.008,0.000,0.000,0.000,0,0,0.000,0.000,0.000,0,1.000,0,0,0.2490,-0.0043,0.0573
286,1,0,0,0.008,0.000,0.000,0.000,0,0,0.000,0.000,0.000,0,1.000,0,0,0.2490,-0.0043,0.0573
287,1,0,0,0.008,0.000,0.000,0.000,0,0,0.000,0.000,0.000,0,1.000,0,0,0.2490,-0.0043,0.0573
288,1,0,0,0.008,0.000,0.000,0.000,0,0,0.000,0.000,0.000,0,1.000,0,0,0.2490,-0.0043,0.0573
289,1,0,0,0.008,0.000,0.000,0.000,0,0,0.000,0.000,0.000,0,1.000,0,0,0.2490,-0.0043,0.0573
290,1,0,0,0.008,0.000,0.000,0.000,0,0,0.000,0.000,0.000,0,1.000,0,0,0.2490,-0.0043,0.0573
291,1,0,0,0.008,0.000,0.000,0.000,0,0,0.000,0.000,0.000,0,1.000,0,0,0.2490,-0.0043,0.0573
292,1,0,0,0.008,0.000,0.000,0.000,0,0,0.000,0.000,0.000,0,1.000,0,0,0.2490,-0.0043,0.0573
293,1,0,0,0.008,0.000,0.000,0.000,0,0,0.000,0.000,0.000,0,1.000,0,0,0.2490,-0.0043,0.0573
294,1,0,0,0.008,0.000,0.000,0.000,0,0,0.000,0.000,0.000,0,1.000,0,0,0.2490,-0.0043,0.0573
295,1,0,0,0.008,0.000,0.000,0.000,0,0,0.000,0.000,0.000,0,1.000,0,0,0.2490,-0.0043,0.0573
296,1,0,0,0.008,0.000,0.000,0.000,0,0,0.000,0.000,0.000,0,1.000,0,0,0.2490,-0.0043,0.0573
297,1,0,0,0.008,0.000,0.000,0.000,0,0,0.000,0.000,0.000,0,1.000,0,0,0.2490,-0.0043,0.0573
298,1,0,0,0.008,0.000,0.000,0.000,0,0,0.000,0.000,0.000,0,1.000,0,0,0.2490,-0.0043,0.0573
299,1,0,0,0.008,0.000,0.000,0.000,0,0,0.000,0.000,0.000,0,1.000,0,0,0.2490,-0.0043,0.0573
300,1,0,0,0.008,0.000,0.000,0.000,0,0,0.000,0.000,0.000,0,1.000,0,0,0.2490,-0.0043,0.0573
301,1,0,0,0.008,0.000,0.000,0.000,0,0,0.000,0.000,0.000,0,1.000,0,0,0.2490,-0.0043,0.0573
302,1,0,0,0.008,0.000,0.000,0.000,0,0,0.000,0.000,0.000,0,1.000,0,0,0.2490,-0.0043,0.0573
303,1,0,0,0.008,0.000,0.000,0.000,0,0,0.000,0.000,0.000,0,1.000,0,0,0.2490,-0.0043,0.0573
304,1,0,0,0.008,0.000,0.000,0.000,0,0,0.000,0.000,0.000,0,1.000,0,0,0.2490,-0.0043,0.0573
305,1,0,0,0.008,0.000,0.000,0.000,0,0,0.000,0.000,0.000,0,1.000,0,0,0.2490,-0.0043,0.0573
306,1,0,0,0.008,0.000,0.000,0.000,0,0,0.000,0.000,0.000,0,1.000,0,0,0.2490,-0.0043,0.0573
307,1,0,0,0.008,0.000,0.000,0.000,0,0,0.000,0.000,0.000,0,1.000,0,0,0.2490,-0.0043,0.0573
308,1,0,0,0.008,0.000,0.000,0.000,0,0,0.000,0.000,0.000,0,1.000,0,0,0.2490,-0.0043,0.0573
309,2,0,0,0.008,0.000,0.000,0.000,0,0,0.000,0.000,0.000,0,0.500,0,0,0.2493,-0.0046,0.0617
310,2,0,0,0.008,0.000,0.000,0.000,0,0,0.000,0.000,0.000,0,1.000,0,0,0.2489,-0.0041,0.0575
311,2,0,0,0.008,0.000,0.000,0.000,0,0,0.000,0.000,0.000,0,1.000,0,0,0.2490,-0.0044,0.0568
312,2,0,0,0.008,0.000,0.000,0.000,0,0,0.000,0.000,0.000,0,1.000,0,0,0.2490,-0.0045,0.0571
313,2,0,0,0.008,0.000,0.000,0.000,0,0,0.000,0.000,0.000,0,1.000,0,0,0.2490,-0.0045,0.0572
314,2,0,0,0.008,0.000,0.000,0.000,0,0,0.000,0.000,0.000,0,1.000,0,0,0.2490,-0.0045,0.0573
315,2,0,0,0.008,0.000,0.000,0.000,0,0,0.000,0.000,0.000,0,1.000,0,0,0.2490,-0.0045,0.0573
316,2,0,0,0.008,0.000,0.000,0.000,0,0,0.000,0.000,0.000,0,1.000,0,0,0.2490,-0.0045,0.0573
317,2,0,0,0.008,0.000,0.000,0.000,0,0,0.000,0.000,0.000,0,1.000,0,0,0.2490,-0.0045,0.0573
318,2,0,0,0.008,0.000,0.000,0.000,0,0,0.000,0.000,0.000,0,1.000,0,0,0.2490,-0.0045,0.0573
319,2,0,0,0.008,0.000,0.000,0.000,0,0,0.000,0.000,0.000,0,1.000,0,0,0.2490,-0.0045,0.0573
320,2,0,0,0.008,0.000,0.000,0.000,0,0,0.000,0.000,0.000,0,1.000,0,0,0.2490,-0.0045,0.0573
321,2,0,0,0.008,0.000,0.000,0.000,0,0,0.000,0.000,0.000,0,1.000,0,0,0.2490,-0.0045,0.0573
322,2,0,0,0.008,0.000,0.000,0.000,0,0,0.000,0.000,0.000,0,1.000,0,0,0.2490,-0.0045,0.0573
323,2,0,0,0.008,0.000,0.000,0.000,0,0,0.000,0.000,0.000,0,1.000,0,0,0.2490,-0.0045,0.0573
324,2,0,0,0.008,0.000,0.000,0.000,0,0,0.000,0.000,0.000,0,1.000,0,0,0.2490,-0.0045,0.0573
325,2,0,0,0.008,0.000,0.000,0.000,0,0,0.000,0.000,0.000,0,1.000,0,0,0.2490,-0.0045,0.0573
326,2,0,0,0.008,0.000,0.000,0.000,0,0,0.000,0.000,0.000,0,1.000,0,0,0.2490,-0.0045,0.0573
327,2,0,0,0.008,0.000,0.000,0.000,0,0,0.000,0.000,0.000,0,1.000,0,0,0.2490,-0.0045,0.0573
328,2,0,0,0.008,0.000,0.000,0.000,0,0,0.000,0.000,0.000,0,1.000,0,0,0.2490,-0.0045,0.0573
329,2,0,0,0.008,0.000,0.000,0.000,0,0,0.000,0.000,0.000,0,1.000,0,0,0.2490,-0.0045,0.0573
330,2,0,0,0.008,0.000,0.000,0.000,0,0,0.000,0.000,0.000,0,1.000,0,0,0.2490,-0.0045,0.0573
331,2,0,0,0.008,0.000,0.000,0.000,0,0,0.000,0.000,0.000,0,1.000,0,0,0.2490,-0.0045,0.0573
332,2,0,0,0.008,0.000,0.000,0.000,0,0,0.000,0.000,0.000,0,1.000,0,0,0.2490,-0.0045,0.0573
333,2,0,0,0.008,0.000,0.000,0.000,0,0,0.000,0.000,0.000,0,1.000,0,0,0.2490,-0.0045,0.0573
334,2,0,0,0.008,0.000,0.000,0.000,0,0,0.000,0.000,0.000,0,1.000,0,0,0.2490,-0.0045,0.0573
335,2,0,0,0.008,0.000,0.000,0.000,0,0,0.000,0.000,0.000,0,1.000,0,0,0.2490,-0.0045,0.0573
336,2,0,0,0.008,0.000,0.000,0.000,0,0,0.000,0.000,0.000,0,1.000,0,0,0.2490,-0.0045,0.0573
337,2,0,0,0.008,0.000,0.000,0.000,0,0,0.000,0.000,0.000,0,1.000,0,0,0.2490,-0.0045,0.0573
338,2,0,0,0.008,0.000,0.000,0.000,0,0,0.000,0.000,0.000,0,1.000,0,0,0.2490,-0.0045,0.0573
339,2,0,0,0.008,0.000,0.000,0.000,0,0,0.000,0.000,0.000,0,1.000,0,0,0.2490,-0.0045,0.0573
340,2,0,0,0.008,0.000,0.000,0.000,0,0,0.000,0.000,0.000,0,1.000,0,0,0.2490,-0.0045,0.0573
341,2,0,0,0.008,0.000,0.000,0.000,0,0,0.000,0.000,0.000,0,1.000,0,0,0.2490,-0.0045,0.0573
342,2,0,0,0.008,0.000,0.000,0.000,0,0,0.000,0.000,0.000,0,1.000,0,0,0.2490,-0.0045,0.0573
343,2,0,0,0.008,0.000,0.000,0.000,0,0,0.000,0.000,0.000,0,1.000,0,0,0.2490,-0.0045,0.0573
344,2,0,0,0.008,0.000,0.000,0.000,0,0,0.000,0.000,0.000,0,1.000,0,0,0.2490,-0.0045,0.0573
345,2,0,0,0.008,0.000,0.000,0.000,0,0,0.000,0.000,0.000,0,1.000,0,0,0.2490,-0.0045,0.0573
346,2,0,0,0.008,0.000,0.000,0.000,0,0,0.000,0.000,0.000,0,1.000,0,0,0.2490,-0.0045,0.0573
347,2,0,0,0.008,0.000,0.000,0.000,0,0,0.000,0.000,0.000,0,1.000,0,0,0.2490,-0.0045,0.0573
348,2,0,0,0.008,0.000,0.000,0.000,0,0,0.000,0.000,0.000,0,1.000,0,0,0.2490,-0.0045,0.0573
349,2,0,0,0.008,0.000,0.000,0.000,0,0,0.000,0.000,0.000,0,1.000,0,0,0.2490,-0.0045,0.0573
350,2,0,0,0.008,0.000,0.000,0.000,0,0,0.000,0.000,0.000,0,1.000,0,0,0.2490,-0.0045,0.0573
351,2,0,0,0.008,0.000,0.000,0.000,0,0,0.000,0.000,0.000,0,1.000,0,0,0.2490,-0.0045,0.0573
352,2,0,0,0.008,0.000,0.000,0.000,0,0,0.000,0.000,0.000,0,1.000,0,0,0.2490,-0.0045,0.0573
353,2,0,0,0.008,0.000,0.000,0.000,0,0,0.000,0.000,0.000,0,1.000,0,0,0.2490,-0.0045,0.0573
354,2,0,0,0.008,0.000,0.000,0.000,0,0,0.000,0.000,0.000,0,1.000,0,0,0.2490,-0.0045,0.0573
355,2,0,0,0.008,0.000,0.000,0.000,0,0,0.000,0.000,0.000,0,1.000,0,0,0.2490,-0.0045,0.0573
356,2,0,0,0.008,0.000,0.000,0.000,0,0,0.000,0.000,0.000,0,1.000,0,0,0.2490,-0.0045,0.0573
357,2,0,0,0.008,0.000,0.000,0.000,0,0,0.000,0.000,0.000,0,1.000,0,0,0.2490,-0.0045,0.0573
358,2,0,0,0.008,0.000,0.000,0.000,0,0,0.000,0.000,0.000,0,1.000,0,0,0.2490,-0.0045,0.0573
359,2,0,0,0.008,0.000,0.000,0.000,0,0,0.000,0.000,0.000,0,1.000,0,0,0.2490,-0.0045,0.0573
360,2,0,0,0.008,0.000,0.000,0.000,0,0,0.000,0.000,0.000,0,1.000,0,0,0.2490,-0.0045,0.0573
361,2,0,0,0.008,0.000,0.000,0.000,0,0,0.000,0.000,0.000,0,1.000,0,0,0.2490,-0.0045,0.0573
362,2,0,0,0.008,0.000,0.000,0.000,0,0,0.000,0.000,0.000,0,1.000,0,0,0.2490,-0.0045,0.0573
363,2,0,0,0.008,0.000,0.000,0.000,0,0,0.000,0.000,0.000,0,1.000,0,0,0.2490,-0.0045,0.0573
364,2,0,0,0.008,0.000,0.000,0.000,0,0,0.000,0.000,0.000,0,1.000,0,0,0.2490,-0.0045,0.0573
365,2,0,0,0.008,0.000,0.000,0.000,0,0,0.000,0.000,0.000,0,1.000,0,0,0.2490,-0.0045,0.0573
366,2,0,0,0.008,0.000,0.000,0.000,0,0,0.000,0.000,0.000,0,1.000,0,0,0.2490,-0.0045,0.0573
367,2,0,0,0.008,0.000,0.000,0.000,0,0,0.000,0.000,0.000,0,1.000,0,0,0.2490,-0.0045,0.0573
368,2,0,0,0.008,0.000,0.000,0.000,0,0,0.000,0.000,0.000,0,1.000,0,0,0.2490,-0.0045,0.0573
369,2,0,0,0.008,0.000,0.000,0.000,0,0,0.000,0.000,0.000,0,1.000,0,0,0.2490,-0.0045,0.0573
370,2,0,0,0.008,0.000,0.000,0.000,0,0,0.000,0.000,0.000,0,1.000,0,0,0.2490,-0.0045,0.0573
371,2,0,0,0.008,0.000,0.000,0.000,0,0,0.000,0.000,0.000,0,1.000,0,0,0.2490,-0.0045,0.0573
372,2,0,0,0.008,0.000,0.000,0.000,0,0,0.000,0.000,0.000,0,1.000,0,0,0.2490,-0.0045,0.0573
373,2,0,0,0.008,0.000,0.000,0.000,0,0,0.000,0.000,0.000,0,1.000,0,0,0.2490,-0.0045,0.0573
374,2,0,0,0.008,0.000,0.000,0.000,0,0,0.000,0.000,0.000,0,1.000,0,0,0.2490,-0.0045,0.0573
375,2,0,0,0.008,0.000,0.000,0.000,0,0,0.000,0.000,0.000,0,1.000,0,0,0.2490,-0.0045,0.0573
376,2,0,0,0.008,0.000,0.000,0.000,0,0,0.000,0.000,0.000,0,1.000,0,0,0.2490,-0.0045,0.0573
377,2,0,0,0.008,0.000,0.000,0.000,0,0,0.000,0.000,0.000,0,1.000,0,0,0.2490,-0.0045,0.0573
378,2,0,0,0.008,0.000,0.000,0.000,0,0,0.000,0.000,0.000,0,1.000,0,0,0.2490,-0.0045,0.0573
379,2,0,0,0.008,0.000,0.000,0.000,0,0,0.000,0.000,0.000,0,1.000,0,0,0.2490,-0.0045,0.0573
380,2,0,0,0.008,0.000,0.000,0.000,0,0,0.000,0.000,0.000,0,1.000,0,0,0.2490,-0.0045,0.0573
381,2,0,0,0.008,0.000,0.000,0.000,0,0,0.000,0.000,0.000,0,1.000,0,0,0.2490,-0.0045,0.0573
382,2,0,0,0.008,0.000,0.000,0.000,0,0,0.000,0.000,0.000,0,1.000,0,0,0.2490,-0.0045,0.0573
383,2,0,0,0.008,0.000,0.000,0.000,0,0,0.000,0.000,0.000,0,1.000,0,0,0.2490,-0.0045,0.0573
384,2,0,0,0.008,0.000,0.000,0.000,0,0,0.000,0.000,0.000,0,1.000,0,0,0.2490,-0.0045,0.0573
385,2,0,0,0.008,0.000,0.000,0.000,0,0,0.000,0.000,0.000,0,1.000,0,0,0.2490,-0.0045,0.0573
386,2,0,0,0.008,0.000,0.000,0.000,0,0,0.000,0.000,0.000,0,1.000,0,0,0.2490,-0.0045,0.0573
387,2,0,0,0.008,0.000,0.000,0.000,0,0,0.000,0.000,0.000,0,1.000,0,0,0.2490,-0.0045,0.0573
388,2,0,0,0.008,0.000,0.000,0.000,0,0,0.000,0.000,0.000,0,1.000,0,0,0.2490,-0.0045,0.0573
389,2,0,0,0.008,0.000,0.000,0.000,0,0,0.000,0.000,0.000,0,1.000,0,0,0.2490,-0.0045,0.0573
390,2,0,0,0.008,0.000,0.000,0.000,0,0,0.000,0.000,0.000,0,1.000,0,0,0.2490,-0.0045,0.0573
391,2,0,0,0.008,0.000,0.000,0.000,0,0,0.000,0.000,0.000,0,1.000,0,0,0.2490,-0.0045,0.0573
392,2,0,0,0.008,0.000,0.000,0.000,0,0,0.000,0.000,0.000,0,1.000,0,0,0.2490,-0.0045,0.0573
393,2,0,0,0.008,0.000,0.000,0.000,0,0,0.000,0.000,0.000,0,1.000,0,0,0.2490,-0.0045,0.0573
394,2,0,0,0.008,0.000,0.000,0.000,0,0,0.000,0.000,0.000,0,1.000,0,0,0.2490,-0.0045,0.0573
395,2,0,0,0.008,0.000,0.000,0.000,0,0,0.000,0.000,0.000,0,1.000,0,0,0.2490,-0.0045,0.0573
396,2,0,0,0.008,0.000,0.000,0.000,0,0,0.000,0.000,0.000,0,1.000,0,0,0.2490,-0.0045,0.0573
397,2,0,0,0.008,0.000,0.000,0.000,0,0,0.000,0.000,0.000,0,1.000,0,0,0.2490,-0.0045,0.0573
398,2,0,0,0.008,0.000,0.000,0.000,0,0,0.000,0.000,0.000,0,1.000,0,0,0.2490,-0.0045,0.0573
399,2,0,0,0.008,0.000,0.000,0.000,0,0,0.000,0.000,0.000,0,1.000,0,0,0.2490,-0.0045,0.0573
400,2,0,0,0.008,0.000,0.000,0.000,0,0,0.000,0.000,0.000,0,1.000,0,0,0.2490,-0.0045,0.0573
401,2,0,0,0.008,0.000,0.000,0.000,0,0,0.000,0.000,0.000,0,1.000,0,0,0.2490,-0.0045,0.0573
402,2,0,0,0.008,0.000,0.000,0.000,0,0,0.000,0.000,0.000,0,1.000,0,0,0.2490,-0.0045,0.0573
403,2,0,0,0.008,0.000,0.000,0.000,0,0,0.000,0.000,0.000,0,1.000,0,0,0.2490,-0.0045,0.0573
404,2,0,0,0.008,0.000,0.000,0.000,0,0,0.000,0.000,0.000,0,1.000,0,0,0.2490,-0.0045,0.0573
405,2,0,0,0.008,0.000,0.000,0.000,0,0,0.000,0.000,0.000,0,1.000,0,0,0.2490,-0.0045,0.0573
406,2,0,0,0.008,0.000,0.000,0.000,0,0,0.000,0.000,0.000,0,1.000,0,0,0.2490,-0.0045,0.0573
407,2,0,0,0.008,0.000,0.000,0.000,0,0,0.000,0.000,0.000,0,1.000,0,0,0.2490,-0.0045,0.0573
408,2,0,0,0.008,0.000,0.000,0.000,0,0,0.000,0.000,0.000,0,1.000,0,0,0.2490,-0.0045,0.0573
409,2,0,0,0.008,0.000,0.000,0.000,0,0,0.000,0.000,0.000,0,1.000,0,0,0.2490,-0.0045,0.0573
410,2,0,0,0.008,0.000,0.000,0.000,0,0,0.000,0.000,0.000,0,1.000,0,0,0.2490,-0.0045,0.0573
411,2,0,0,0.008,0.000,0.000,0.000,0,0,0.000,0.000,0.000,0,1.000,0,0,0.2490,-0.0045,0.0573
412,2,0,0,0.008,0.000,0.000,0.000,0,0,0.000,0.000,0.000,0,1.000,0,0,0.2490,-0.0045,0.0573
413,2,0,0,0.008,0.000,0.000,0.000,0,0,0.000,0.000,0.000,0,1.000,0,0,0.2490,-0.0045,0.0573
414,2,0,0,0.008,0.000,0.000,0.000,0,0,0.000,0.000,0.000,0,1.000,0,0,0.2490,-0.0045,0.0573
415,2,0,0,0.008,0.000,0.000,0.000,0,0,0.000,0.000,0.000,0,1.000,0,0,0.2490,-0.0045,0.0573
416,2,0,0,0.008,0.000,0.000,0.000,0,0,0.000,0.000,0.000,0,1.000,0,0,0.2490,-0.0045,0.0573
417,2,0,0,0.008,0.000,0.000,0.000,0,0,0.000,0.000,0.000,0,1.000,0,0,0.2490,-0.0045,0.0573
418,2,0,0,0.008,0.000,0.000,0.000,0,0,0.000,0.000,0.000,0,1.000,0,0,0.2490,-0.0045,0.0573
419,2,0,0,0.008,0.000,0.000,0.000,0,0,0.000,0.000,0.000,0,1.000,0,0,0.2490,-0.0045,0.0573
420,2,0,0,0.008,0.000,0.000,0.000,0,0,0.000,0.000,0.000,0,1.000,0,0,0.2490,-0.0045,0.0573
421,2,0,0,0.008,0.000,0.000,0.000,0,0,0.000,0.000,0.000,0,1.000,0,0,0.2490,-0.0045,0.0573
422,2,0,0,0.008,0.000,0.000,0.000,0,0,0.000,0.000,0.000,0,1.000,0,0,0.2490,-0.0045,0.0573
423,2,0,0,0.008,0.000,0.000,0.000,0,0,0.000,0.000,0.000,0,1.000,0,0,0.2490,-0.0045,0.0573
424,2,0,0,0.008,0.000,0.000,0.000,0,0,0.000,0.000,0.000,0,1.000,0,0,0.2490,-0.0045,0.0573
425,2,0,0,0.008,0.000,0.000,0.000,0,0,0.000,0.000,0.000,0,1.000,0,0,0.2490,-0.0045,0.0573
426,2,0,0,0.008,0.000,0.000,0.000,0,0,0.000,0.000,0.000,0,1.000,0,0,0.2490,-0.0045,0.0573
427,2,0,0,0.008,0.000,0.000,0.000,0,0,0.000,0.000,0.000,0,1.000,0,0,0.2490,-0.0045,0.0573
428,2,0,0,0.008,0.000,0.000,0.000,0,0,0.000,0.000,0.000,0,1.000,0,0,0.2490,-0.0045,0.0573
429,2,0,0,0.008,0.000,0.000,0.000,0,0,0.000,0.000,0.000,0,1.000,0,0,0.2490,-0.0045,0.0573
430,2,0,0,0.008,0.000,0.000,0.000,0,0,0.000,0.000,0.000,0,1.000,0,0,0.2490,-0.0045,0.0573
431,2,0,0,0.008,0.000,0.000,0.000,0,0,0.000,0.000,0.000,0,1.000,0,0,0.2490,-0.0045,0.0573
432,2,0,0,0.008,0.000,0.000,0.000,0,0,0.000,0.000,0.000,0,1.000,0,0,0.2490,-0.0045,0.0573
433,2,0,0,0.008,0.000,0.000,0.000,0,0,0.000,0.000,0.000,0,1.000,0,0,0.2490,-0.0045,0.0573
434,2,0,0,0.008,0.000,0.000,0.000,0,0,0.000,0.000,0.000,0,1.000,0,0,0.2490,-0.0045,0.0573
435,2,0,0,0.008,0.000,0.000,0.000,0,0,0.000,0.000,0.000,0,1.000,0,0,0.2490,-0.0045,0.0573
436,2,0,0,0.008,0.000,0.000,0.000,0,0,0.000,0.000,0.000,0,1.000,0,0,0.2490,-0.0045,0.0573
437,2,0,0,0.008,0.000,0.000,0.000,0,0,0.000,0.000,0.000,0,1.000,0,0,0.2490,-0.0045,0.0573
438,2,0,0,0.008,0.000,0.000,0.000,0,0,0.000,0.000,0.000,0,1.000,0,0,0.2490,-0.0045,0.0573
439,2,0,0,0.008,0.000,0.000,0.000,0,0,0.000,0.000,0.000,0,1.000,0,0,0.2490,-0.0045,0.0573
440,2,0,0,0.008,0.000,0.000,0.000,0,0,0.000,0.000,0.000,0,1.000,0,0,0.2490,-0.0045,0.0573
441,2,0,0,0.008,0.000,0.000,0.000,0,0,0.000,0.000,0.000,0,1.000,0,0,0.2490,-0.0045,0.0573
442,2,0,0,0.008,0.000,0.000,0.000,0,0,0.000,0.000,0.000,0,1.000,0,0,0.2490,-0.0045,0.0573
443,2,0,0,0.008,0.000,0.000,0.000,0,0,0.000,0.000,0.000,0,1.000,0,0,0.2490,-0.0045,0.0573
444,2,0,0,0.008,0.000,0.000,0.000,0,0,0.000,0.000,0.000,0,1.000,0,0,0.2490,-0.0045,0.0573
445,2,0,0,0.008,0.000,0.000,0.000,0,0,0.000,0.000,0.000,0,1.000,0,0,0.2490,-0.0045,0.0573
446,2,0,0,0.008,0.000,0.000,0.000,0,0,0.000,0.000,0.000,0,1.000,0,0,0.2490,-0.0045,0.0573
447,2,0,0,0.008,0.000,0.000,0.000,0,0,0.000,0.000,0.000,0,1.000,0,0,0.2490,-0.0045,0.0573
448,2,0,0,0.008,0.000,0.000,0.000,0,0,0.000,0.000,0.000,0,1.000,0,0,0.2490,-0.0045,0.0573
449,2,0,0,0.008,0.000,0.000,0.000,0,0,0.000,0.000,0.000,0,1.000,0,0,0.2490,-0.0045,0.0573
450,2,0,0,0.008,0.000,0.000,0.000,0,0,0.000,0.000,0.000,0,1.000,0,0,0.2490,-0.0045,0.0573
451,2,0,0,0.008,0.000,0.000,0.000,0,0,0.000,0.000,0.000,0,1.000,0,0,0.2490,-0.0045,0.0573
452,2,0,0,0.008,0.000,0.000,0.000,0,0,0.000,0.000,0.000,0,1.000,0,0,0.2490,-0.0045,0.0573
453,2,0,0,0.008,0.000,0.000,0.000,0,0,0.000,0.000,0.000,0,1.000,0,0,0.2490,-0.0045,0.0573
454,2,0,0,0.008,0.000,0.000,0.000,0,0,0.000,0.000,0.000,0,1.000,0,0,0.2490,-0.0045,0.0573
455,2,0,0,0.008,0.000,0.000,0.000,0,0,0.000,0.000,0.000,0,1.000,0,0,0.2490,-0.0045,0.0573
456,2,0,0,0.008,0.000,0.000,0.000,0,0,0.000,0.000,0.000,0,1.000,0,0,0.2490,-0.0045,0.0573
457,2,0,0,0.008,0.000,0.000,0.000,0,0,0.000,0.000,0.000,0,1.000,0,0,0.2490,-0.0045,0.0573
458,2,0,0,0.008,0.000,0.000,0.000,0,0,0.000,0.000,0.000,0,1.000,0,0,0.2490,-0.0045,0.0573
459,2,0,0,0.008,0.000,0.000,0.000,0,0,0.000,0.000,0.000,0,1.000,0,0,0.2490,-0.0045,0.0573
460,2,0,0,0.008,0.000,0.000,0.000,0,0,0.000,0.000,0.000,0,1.000,0,0,0.2490,-0.0045,0.0573
461,2,0,0,0.008,0.000,0.000,0.000,0,0,0.000,0.000,0.000,0,1.000,0,0,0.2490,-0.0045,0.0573
462,3,0,0,0.008,0.000,0.000,0.000,0,0,0.000,0.000,0.000,0,0.333,0,0,0.2493,-0.0047,0.0618
463,3,0,0,0.008,0.000,0.000,0.000,0,0,0.000,0.000,0.000,0,0.667,0,0,0.2490,-0.0043,0.0577
464,3,0,0,0.008,0.000,0.000,0.000,0,0,0.000,0.000,0.000,0,1.000,0,0,0.2490,-0.0045,0.0569
465,3,0,0,0.008,0.000,0.000,0.000,0,0,0.000,0.000,0.000,0,1.000,0,0,0.2490,-0.0045,0.0572
466,3,0,0,0.008,0.000,0.000,0.000,0,0,0.000,0.000,0.000,0,1.000,0,0,0.2490,-0.0045,0.0573
467,3,0,0,0.008,0.000,0.000,0.000,0,0,0.000,0.000,0.000,0,1.000,0,0,0.2490,-0.0045,0.0573
468,3,0,0,0.008,0.000,0.000,0.000,0,0,0.000,0.000,0.000,0,1.000,0,0,0.2490,-0.0045,0.0573
469,3,0,0,0.008,0.000,0.000,0.000,0,0,0.000,0.000,0.000,0,1.000,0,0,0.2490,-0.0045,0.0573
470,3,0,0,0.008,0.000,0.000,0.000,0,0,0.000,0.000,0.000,0,1.000,0,0,0.2490,-0.0045,0.0573
471,3,0,0,0.008,0.000,0.000,0.000,0,0,0.000,0.000,0.000,0,1.000,0,0,0.2490,-0.0045,0.0573
472,3,0,0,0.008,0.000,0.000,0.000,0,0,0.000,0.000,0.000,0,1.000,0,0,0.2490,-0.0045,0.0573
473,3,0,0,0.008,0.000,0.000,0.000,0,0,0.000,0.000,0.000,0,1.000,0,0,0.2490,-0.0045,0.0573
474,3,0,0,0.008,0.000,0.000,0.000,0,0,0.000,0.000,0.000,0,1.000,0,0,0.2490,-0.0045,0.0573
475,3,0,0,0.008,0.000,0.000,0.000,0,0,0.000,0.000,0.000,0,1.000,0,0,0.2490,-0.0045,0.0573
476,3,0,0,0.008,0.000,0.000,0.000,0,0,0.000,0.000,0.000,0,1.000,0,0,0.2490,-0.0045,0.0573
477,3,0,0,0.008,0.000,0.000,0.000,0,0,0.000,0.000,0.000,0,1.000,0,0,0.2490,-0.0045,0.0573
478,3,0,0,0.008,0.000,0.000,0.000,0,0,0.000,0.000,0.000,0,1.000,0,0,0.2490,-0.0045,0.0573
479,3,0,0,0.008,0.000,0.000,0.000,0,0,0.000,0.000,0.000,0,1.000,0,0,0.2490,-0.0045,0.0573
480,3,0,0,0.008,0.000,0.000,0.000,0,0,0.000,0.000,0.000,0,1.000,0,0,0.2490,-0.0045,0.0573
481,3,0,0,0.008,0.000,0.000,0.000,0,0,0.000,0.000,0.000,0,1.000,0,0,0.2490,-0.0045,0.0573
482,3,0,0,0.008,0.000,0.000,0.000,0,0,0.000,0.000,0.000,0,1.000,0,0,0.2490,-0.0045,0.0573
483,3,0,0,0.008,0.000,0.000,0.000,0,0,0.000,0.000,0.000,0,1.000,0,0,0.2490,-0.0045,0.0573
484,3,0,0,0.008,0.000,0.000,0.000,0,0,0.000,0.000,0.000,0,1.000,0,0,0.2490,-0.0045,0.0573
485,3,0,0,0.008,0.000,0.000,0.000,0,0,0.000,0.000,0.000,0,1.000,0,0,0.2490,-0.0045,0.0573
486,3,0,0,0.008,0.000,0.000,0.000,0,0,0.000,0.000,0.000,0,1.000,0,0,0.2490,-0.0045,0.0573
487,3,0,0,0.008,0.000,0.000,0.000,0,0,0.000,0.000,0.000,0,1.000,0,0,0.2490,-0.0045,0.0573
488,3,0,0,0.008,0.000,0.000,0.000,0,0,0.000,0.000,0.000,0,1.000,0,0,0.2490,-0.0045,0.0573
489,3,0,0,0.008,0.000,0.000,0.000,0,0,0.000,0.000,0.000,0,1.000,0,0,0.2490,-0.0045,0.0573
490,3,0,0,0.008,0.000,0.000,0.000,0,0,0.000,0.000,0.000,0,1.000,0,0,0.2490,-0.0045,0.0573
491,3,0,0,0.008,0.000,0.000,0.000,0,0,0.000,0.000,0.000,0,1.000,0,0,0.2490,-0.0045,0.0573
492,3,0,0,0.008,0.000,0.000,0.000,0,0,0.000,0.000,0.000,0,1.000,0,0,0.2490,-0.0045,0.0573
493,3,0,0,0.008,0.000,0.000,0.000,0,0,0.000,0.000,0.000,0,1.000,0,0,0.2490,-0.0045,0.0573
494,3,0,0,0.008,0.000,0.000,0.000,0,0,0.000,0.000,0.000,0,1.000,0,0,0.2490,-0.0045,0.0573
495,3,0,0,0.008,0.000,0.000,0.000,0,0,0.000,0.000,0.000,0,1.000,0,0,0.2490,-0.0045,0.0573
496,3,0,0,0.008,0.000,0.000,0.000,0,0,0.000,0.000,0.000,0,1.000,0,0,0.2490,-0.0045,0.0573
497,3,0,0,0.008,0.000,0.000,0.000,0,0,0.000,0.000,0.000,0,1.000,0,0,0.2490,-0.0045,0.0573
498,3,0,0,0.008,0.000,0.000,0.000,0,0,0.000,0.000,0.000,0,1.000,0,0,0.2490,-0.0045,0.0573
499,3,0,0,0.008,0.000,0.000,0.000,0,0,0.000,0.000,0.000,0,1.000,0,0,0.2490,-0.0045,0.0573
500,3,0,0,0.008,0.000,0.000,0.000,0,0,0.000,0.000,0.000,0,1.000,0,0,0.2490,-0.0045,0.0573
501,3,0,0,0.008,0.000,0.000,0.000,0,0,0.000,0.000,0.000,0,1.000,0,0,0.2490,-0.0045,0.0573
502,3,0,0,0.008,0.000,0.000,0.000,0,0,0.000,0.000,0.000,0,1.000,0,0,0.2490,-0.0045,0.0573
503,3,0,0,0.008,0.000,0.000,0.000,0,0,0.000,0.000,0.000,0,1.000,0,0,0.2490,-0.0045,0.0573
504,3,0,0,0.008,0.000,0.000,0.000,0,0,0.000,0.000,0.000,0,1.000,0,0,0.2490,-0.0045,0.0573
505,3,0,0,0.008,0.000,0.000,0.000,0,0,0.000,0.000,0.000,0,1.000,0,0,0.2490,-0.0045,0.0573
506,3,0,0,0.008,0.000,0.000,0.000,0,0,0.000,0.000,0.000,0,1.000,0,0,0.2490,-0.0045,0.0573
507,3,0,0,0.008,0.000,0.000,0.000,0,0,0.000,0.000,0.000,0,1.000,0,0,0.2490,-0.0045,0.0573
508,3,0,0,0.008,0.000,0.000,0.000,0,0,0.000,0.000,0.000,0,1.000,0,0,0.2490,-0.0045,0.0573
509,3,0,0,0.008,0.000,0.000,0.000,0,0,0.000,0.000,0.000,0,1.000,0,0,0.2490,-0.0045,0.0573
510,3,0,0,0.008,0.000,0.000,0.000,0,0,0.000,0.000,0.000,0,1.000,0,0,0.2490,-0.0045,0.0573
511,3,0,0,0.008,0.000,0.000,0.000,0,0,0.000,0.000,0.000,0,1.000,0,0,0.2490,-0.0045,0.0573
512,3,0,0,0.008,0.000,0.000,0.000,0,0,0.000,0.000,0.000,0,1.000,0,0,0.2490,-0.0045,0.0573
513,3,0,0,0.008,0.000,0.000,0.000,0,0,0.000,0.000,0.000,0,1.000,0,0,0.2490,-0.0045,0.0573
514,3,0,0,0.008,0.000,0.000,0.000,0,0,0.000,0.000,0.000,0,1.000,0,0,0.2490,-0.0045,0.0573
515,3,0,0,0.008,0.000,0.000,0.000,0,0,0.000,0.000,0.000,0,1.000,0,0,0.2490,-0.0045,0.0573
516,3,0,0,0.008,0.000,0.000,0.000,0,0,0.000,0.000,0.000,0,1.000,0,0,0.2490,-0.0045,0.0573
517,3,0,0,0.008,0.000,0.000,0.000,0,0,0.000,0.000,0.000,0,1.000,0,0,0.2490,-0.0045,0.0573
518,3,0,0,0.008,0.000,0.000,0.000,0,0,0.000,0.000,0.000,0,1.000,0,0,0.2490,-0.0045,0.0573
519,3,0,0,0.008,0.000,0.000,0.000,0,0,0.000,0.000,0.000,0,1.000,0,0,0.2490,-0.0045,0.0573
520,3,0,0,0.008,0.000,0.000,0.000,0,0,0.000,0.000,0.000,0,1.000,0,0,0.2490,-0.0045,0.0573
521,3,0,0,0.008,0.000,0.000,0.000,0,0,0.000,0.000,0.000,0,1.000,0,0,0.2490,-0.0045,0.0573
522,3,0,0,0.008,0.000,0.000,0.000,0,0,0.000,0.000,0.000,0,1.000,0,0,0.2490,-0.0045,0.0573
523,3,0,0,0.008,0.000,0.000,0.000,0,0,0.000,0.000,0.000,0,1.000,0,0,0.2490,-0.0045,0.0573
524,3,0,0,0.008,0.000,0.000,0.000,0,0,0.000,0.000,0.000,0,1.000,0,0,0.2490,-0.0045,0.0573
525,3,0,0,0.008,0.000,0.000,0.000,0,0,0.000,0.000,0.000,0,1.000,0,0,0.2490,-0.0045,0.0573
526,3,0,0,0.008,0.000,0.000,0.000,0,0,0.000,0.000,0.000,0,1.000,0,0,0.2490,-0.0045,0.0573
527,3,0,0,0.008,0.000,0.000,0.000,0,0,0.000,0.000,0.000,0,1.000,0,0,0.2490,-0.0045,0.0573
528,3,0,0,0.008,0.000,0.000,0.000,0,0,0.000,0.000,0.000,0,1.000,0,0,0.2490,-0.0045,0.0573
529,3,0,0,0.008,0.000,0.000,0.000,0,0,0.000,0.000,0.000,0,1.000,0,0,0.2490,-0.0045,0.0573
530,3,0,0,0.008,0.000,0.000,0.000,0,0,0.000,0.000,0.000,0,1.000,0,0,0.2490,-0.0045,0.0573
531,3,0,0,0.008,0.000,0.000,0.000,0,0,0.000,0.000,0.000,0,1.000,0,0,0.2490,-0.0045,0.0573
532,3,0,0,0.008,0.000,0.000,0.000,0,0,0.000,0.000,0.000,0,1.000,0,0,0.2490,-0.0045,0.0573
533,3,0,0,0.008,0.000,0.000,0.000,0,0,0.000,0.000,0.000,0,1.000,0,0,0.2490,-0.0045,0.0573
534,3,0,0,0.008,0.000,0.000,0.000,0,0,0.000,0.000,0.000,0,1.000,0,0,0.2490,-0.0045,0.0573
535,3,0,0,0.008,0.000,0.000,0.000,0,0,0.000,0.000,0.000,0,1.000,0,0,0.2490,-0.0045,0.0573
536,3,0,0,0.008,0.000,0.000,0.000,0,0,0.000,0.000,0.000,0,1.000,0,0,0.2490,-0.0045,0.0573
537,3,0,0,0.008,0.000,0.000,0.000,0,0,0.000,0.000,0.000,0,1.000,0,0,0.2490,-0.0045,0.0573
538,3,0,0,0.008,0.000,0.000,0.000,0,0,0.000,0.000,0.000,0,1.000,0,0,0.2490,-0.0045,0.0573
539,3,0,0,0.008,0.000,0.000,0.000,0,0,0.000,0.000,0.000,0,1.000,0,0,0.2490,-0.0045,0.0573
540,3,0,0,0.008,0.000,0.000,0.000,0,0,0.000,0.000,0.000,0,1.000,0,0,0.2490,-0.0045,0.0573
541,3,0,0,0.008,0.000,0.000,0.000,0,0,0.000,0.000,0.000,0,1.000,0,0,0.2490,-0.0045,0.0573
542,3,0,0,0.008,0.000,0.000,0.000,0,0,0.000,0.000,0.000,0,1.000,0,0,0.2490,-0.0045,0.0573
543,3,0,0,0.008,0.000,0.000,0.000,0,0,0.000,0.000,0.000,0,1.000,0,0,0.2490,-0.0045,0.0573
544,3,0,0,0.008,0.000,0.000,0.000,0,0,0.000,0.000,0.000,0,1.000,0,0,0.2490,-0.0045,0.0573
545,3,0,0,0.008,0.000,0.000,0.000,0,0,0.000,0.000,0.000,0,1.000,0,0,0.2490,-0.0045,0.0573
546,3,0,0,0.008,0.000,0.000,0.000,0,0,0.000,0.000,0.000,0,1.000,0,0,0.2490,-0.0045,0.0573
547,3,0,0,0.008,0.000,0.000,0.000,0,0,0.000,0.000,0.000,0,1.000,0,0,0.2490,-0.0045,0.0573
548,3,0,0,0.008,0.000,0.000,0.000,0,0,0.000,0.000,0.000,0,1.000,0,0,0.2490,-0.0045,0.0573
549,3,0,0,0.008,0.000,0.000,0.000,0,0,0.000,0.000,0.000,0,1.000,0,0,0.2490,-0.0045,0.0573
550,3,0,0,0.008,0.000,0.000,0.000,0,0,0.000,0.000,0.000,0,1.000,0,0,0.2490,-0.0045,0.0573
551,3,0,0,0.008,0.000,0.000,0.000,0,0,0.000,0.000,0.000,0,1.000,0,0,0.2490,-0.0045,0.0573
552,3,0,0,0.008,0.000,0.000,0.000,0,0,0.000,0.000,0.000,0,1.000,0,0,0.2490,-0.0045,0.0573
553,3,0,0,0.008,0.000,0.000,0.000,0,0,0.000,0.000,0.000,0,1.000,0,0,0.2490,-0.0045,0.0573
554,3,0,0,0.008,0.000,0.000,0.000,0,0,0.000,0.000,0.000,0,1.000,0,0,0.2490,-0.0045,0.0573
555,3,0,0,0.008,0.000,0.000,0.000,0,0,0.000,0.000,0.000,0,1.000,0,0,0.2490,-0.0045,0.0573
556,3,0,0,0.008,0.000,0.000,0.000,0,0,0.000,0.000,0.000,0,1.000,0,0,0.2490,-0.0045,0.0573
557,3,0,0,0.008,0.000,0.000,0.000,0,0,0.000,0.000,0.000,0,1.000,0,0,0.2490,-0.0045,0.0573
558,3,0,0,0.008,0.000,0.000,0.000,0,0,0.000,0.000,0.000,0,1.000,0,0,0.2490,-0.0045,0.0573
559,3,0,0,0.008,0.000,0.000,0.000,0,0,0.000,0.000,0.000,0,1.000,0,0,0.2490,-0.0045,0.0573
560,3,0,0,0.008,0.000,0.000,0.000,0,0,0.000,0.000,0.000,0,1.000,0,0,0.2490,-0.0045,0.0573
561,3,0,0,0.008,0.000,0.000,0.000,0,0,0.000,0.000,0.000,0,1.000,0,0,0.2490,-0.0045,0.0573
562,3,0,0,0.008,0.000,0.000,0.000,0,0,0.000,0.000,0.000,0,1.000,0,0,0.2490,-0.0045,0.0573
563,3,0,0,0.008,0.000,0.000,0.000,0,0,0.000,0.000,0.000,0,1.000,0,0,0.2490,-0.0045,0.0573
564,3,0,0,0.008,0.000,0.000,0.000,0,0,0.000,0.000,0.000,0,1.000,0,0,0.2490,-0.0045,0.0573
565,3,0,0,0.008,0.000,0.000,0.000,0,0,0.000,0.000,0.000,0,1.000,0,0,0.2490,-0.0045,0.0573
566,3,0,0,0.008,0.000,0.000,0.000,0,0,0.000,0.000,0.000,0,1.000,0,0,0.2490,-0.0045,0.0573
567,3,0,0,0.008,0.000,0.000,0.000,0,0,0.000,0.000,0.000,0,1.000,0,0,0.2490,-0.0045,0.0573
568,3,1,0,0.008,0.000,0.000,0.000,0,0,-0.000,0.000,0.000,0,1.000,0,0,0.2490,-0.0045,0.0573
569,3,1,0,0.008,0.000,0.000,0.000,0,0,-0.000,0.000,0.000,0,1.000,0,0,0.2490,-0.0045,0.0573
570,3,1,0,0.008,0.000,0.000,0.000,0,0,-0.000,0.000,0.000,0,1.000,0,0,0.2490,-0.0045,0.0573
571,3,1,0,0.016,0.000,0.000,0.000,0,0,-0.000,0.000,0.000,0,1.000,0,0,0.2490,-0.0045,0.0573
572,3,1,0,0.008,0.000,0.000,0.000,0,0,-0.000,0.000,0.000,0,1.000,0,0,0.2490,-0.0045,0.0573
573,3,1,0,0.008,0.000,0.000,0.000,0,0,-0.000,0.000,0.000,0,1.000,0,0,0.2490,-0.0045,0.0573
574,3,1,0,0.016,0.000,0.000,0.000,0,0,-0.000,0.000,0.000,0,1.000,0,0,0.2490,-0.0045,0.0573
575,3,1,0,0.008,0.000,0.000,0.000,0,0,-0.000,0.000,0.000,0,1.000,0,0,0.2490,-0.0045,0.0573
576,3,1,0,0.008,0.000,0.000,0.000,0,0,-0.000,0.000,0.000,0,1.000,0,0,0.2490,-0.0045,0.0573
577,3,1,0,0.008,0.000,0.000,0.000,0,0,-0.000,0.000,0.000,0,1.000,0,0,0.2490,-0.0045,0.0573
578,3,1,0,0.008,0.000,0.000,0.000,0,0,-0.000,0.000,0.000,0,1.000,0,0,0.2490,-0.0045,0.0573
579,3,1,0,-0.008,0.008,0.000,0.000,0,0,-0.000,0.000,0.000,0,1.000,0,0,0.2490,-0.0045,0.0573
580,3,1,0,-0.008,0.016,0.000,0.000,0,0,-0.000,0.000,0.000,0,1.000,0,0,0.2490,-0.0045,0.0573
581,3,1,0,-0.008,0.016,0.000,0.000,0,0,-0.000,0.000,0.000,0,1.000,0,0,0.2490,-0.0045,0.0573
582,3,1,0,-0.008,0.016,0.000,0.000,0,0,-0.000,0.000,0.000,0,1.000,0,0,0.2490,-0.0045,0.0573
583,3,1,0,-0.063,0.457,0.000,0.000,0,0,-0.000,0.276,0.000,0,1.000,0,0,0.2491,-0.0045,0.0573
584,3,1,0,-0.032,0.386,0.000,0.000,0,0,-0.000,0.181,0.000,0,1.000,0,0,0.2493,-0.0043,0.0573
585,3,1,0,-0.016,0.008,0.000,0.000,0,0,-0.000,0.000,0.000,0,1.000,0,0,0.2494,-0.0043,0.0573
586,3,1,0,-0.008,-0.008,0.000,0.000,0,0,-0.000,0.000,0.000,0,1.000,0,0,0.2494,-0.0043,0.0573
587,3,1,0,-0.032,0.409,0.000,0.000,0,0,-0.000,0.213,0.000,0,1.000,0,0,0.2495,-0.0042,0.0573
588,3,1,0,0.142,0.646,0.000,0.000,0,0,-0.000,0.528,0.000,0,1.000,0,0,0.2498,-0.0040,0.0573
589,3,1,0,0.024,0.165,0.000,0.000,0,0,-0.000,0.000,0.000,0,1.000,0,0,0.2502,-0.0037,0.0573
590,3,1,0,0.000,0.102,0.000,0.000,0,0,-0.000,0.000,0.000,0,1.000,0,0,0.2502,-0.0038,0.0573
591,3,1,0,-0.055,0.189,0.000,0.000,0,0,-0.000,0.000,0.000,0,1.000,0,0,0.2502,-0.0038,0.0574
592,3,1,0,-0.158,0.701,0.000,0.000,0,0,-0.000,0.601,0.000,0,1.000,0,0,0.2504,-0.0037,0.0574
593,3,1,0,-0.102,0.378,0.000,0.000,0,0,-0.000,0.171,0.000,0,1.000,0,0,0.2510,-0.0033,0.0574
594,3,1,0,-0.024,0.181,0.000,0.000,0,0,-0.000,0.000,0.000,0,1.000,0,0,0.2510,-0.0033,0.0574
595,3,1,0,0.000,0.087,0.000,0.000,0,0,-0.000,0.000,0.000,0,1.000,0,0,0.2511,-0.0033,0.0574
596,3,1,0,0.008,0.087,0.000,0.000,0,0,-0.000,0.000,0.000,0,1.000,0,0,0.2511,-0.0033,0.0574
597,3,1,0,0.071,-0.055,0.000,0.000,0,0,-0.000,0.000,0.000,0,1.000,0,0,0.2511,-0.0033,0.0574
598,3,1,0,0.748,-0.181,0.000,0.000,0,0,-0.664,0.000,0.000,0,1.000,0,0,0.2508,-0.0035,0.0573
599,3,1,0,0.937,-0.236,0.000,0.000,0,0,-0.916,0.000,0.000,0,1.000,0,0,0.2496,-0.0042,0.0574
600,3,1,0,0.181,-0.181,0.000,0.000,0,0,-0.000,0.000,0.000,0,1.000,0,0,0.2484,-0.0048,0.0572
601,3,1,0,0.071,-0.173,0.000,0.000,0,0,-0.000,0.000,0.000,0,1.000,0,0,0.2485,-0.0048,0.0572
602,3,1,0,0.055,-0.095,0.000,0.000,0,0,-0.000,0.000,0.000,0,1.000,0,0,0.2484,-0.0049,0.0572
603,3,1,0,0.047,-0.047,0.000,0.000,0,0,-0.000,0.000,0.000,0,1.000,0,0,0.2485,-0.0048,0.0572
604,3,1,0,0.016,0.047,0.000,0.000,0,0,-0.000,0.000,0.000,0,1.000,0,0,0.2485,-0.0048,0.0572
605,3,1,0,0.008,0.748,0.000,0.000,0,0,-0.000,0.664,0.000,0,1.000,0,0,0.2486,-0.0047,0.0572
606,3,1,0,0.024,0.724,0.000,0.000,0,0,-0.000,0.633,0.000,0,1.000,0,0,0.2493,-0.0043,0.0571
607,3,1,0,0.008,0.205,0.000,0.000,0,0,-0.000,0.000,0.000,0,1.000,0,0,0.2497,-0.0041,0.0572
608,3,1,0,0.016,0.016,0.000,0.000,0,0,-0.000,0.000,0.000,0,1.000,0,0,0.2497,-0.0041,0.0572
609,3,1,0,-0.032,0.102,0.000,0.000,0,0,-0.000,0.000,0.000,0,1.000,0,0,0.2497,-0.0041,0.0572
610,3,1,0,-0.039,0.417,0.000,0.000,0,0,-0.000,0.223,0.000,0,1.000,0,0,0.2498,-0.0040,0.0572
611,3,1,0,0.000,0.630,0.000,0.000,0,0,-0.000,0.507,0.000,0,1.000,0,0,0.2501,-0.0038,0.0572
612,3,1,0,0.016,0.260,0.000,0.000,0,0,-0.000,0.013,0.000,0,1.000,0,0,0.2505,-0.0036,0.0573
613,3,1,0,0.016,-0.055,0.000,0.000,0,0,-0.000,0.000,0.000,0,1.000,0,0,0.2505,-0.0036,0.0573
614,3,1,0,0.016,-0.071,0.000,0.000,0,0,-0.000,0.000,0.000,0,1.000,0,0,0.2505,-0.0036,0.0573
615,3,1,0,0.016,-0.102,0.000,0.000,0,0,-0.000,0.000,0.000,0,1.000,0,0,0.2505,-0.0036,0.0573
616,4,1,0,0.016,-0.102,0.000,0.000,0,0,-0.000,0.000,0.000,0,0.143,0,0,0.2499,-0.0047,0.0619
617,4,1,0,0.016,-0.874,0.000,0.000,0,0,-0.000,-0.832,0.000,0,0.286,0,0,0.2503,-0.0043,0.0577
618,4,1,0,0.000,-0.016,0.000,0.000,0,0,-0.000,0.000,0.000,0,0.429,0,0,0.2503,-0.0058,0.0569
619,4,1,0,0.008,0.000,0.000,0.000,0,0,-0.000,0.000,0.000,0,0.571,0,0,0.2502,-0.0062,0.0570
620,4,1,0,0.008,-0.079,0.000,0.000,0,0,-0.000,0.000,0.000,0,0.714,0,0,0.2501,-0.0063,0.0570
621,4,1,0,0.008,-0.528,0.000,0.000,0,0,-0.000,-0.370,0.000,0,0.857,0,0,0.2499,-0.0066,0.0571
622,4,1,0,0.008,-0.906,0.000,0.000,0,0,-0.000,-0.874,0.000,0,1.000,0,0,0.2499,-0.0077,0.0572
623,4,1,0,0.008,-0.976,0.000,0.000,0,0,-0.000,-0.969,0.000,0,1.000,0,0,0.2498,-0.0093,0.0572
624,4,1,0,0.008,-0.890,0.000,0.000,0,0,-0.000,-0.853,0.000,0,1.000,0,0,0.2501,-0.0109,0.0569
625,4,1,0,0.008,-0.882,0.000,0.000,0,0,-0.000,-0.843,0.000,0,1.000,0,0,0.2502,-0.0123,0.0567
626,4,1,0,0.008,-0.811,0.000,0.000,0,0,-0.000,-0.748,0.000,0,1.000,0,0,0.2505,-0.0138,0.0566
627,4,1,0,0.008,-0.354,0.000,0.000,0,0,-0.000,-0.139,0.000,0,1.000,0,0,0.2506,-0.0151,0.0564
628,4,1,0,0.008,-0.008,0.000,0.000,0,0,-0.000,0.000,0.000,0,1.000,0,0,0.2509,-0.0163,0.0564
629,4,1,0,0.016,0.622,0.000,0.000,0,0,-0.000,0.496,0.000,0,1.000,0,0,0.2509,-0.0167,0.0565
630,4,1,0,0.236,1.000,0.000,0.000,0,0,-0.000,1.000,0.000,0,1.000,0,0,0.2510,-0.0159,0.0566
631,4,1,0,0.236,1.000,0.000,0.000,0,0,-0.000,1.000,0.000,0,1.000,0,0,0.2508,-0.0142,0.0568
632,4,1,0,0.236,1.000,0.000,0.000,0,0,-0.000,1.000,0.000,0,1.000,0,0,0.2507,-0.0131,0.0570
633,4,1,0,0.236,1.000,0.000,0.000,0,0,-0.000,1.000,0.000,0,1.000,0,0,0.2505,-0.0119,0.0570
634,4,1,0,0.236,1.000,0.000,0.000,0,0,-0.000,1.000,0.000,0,1.000,0,0,0.2504,-0.0108,0.0571
635,4,1,0,0.236,1.000,0.000,0.000,0,0,-0.000,1.000,0.000,0,1.000,0,0,0.2502,-0.0098,0.0571
636,4,1,0,0.236,1.000,0.000,0.000,0,0,-0.000,1.000,0.000,0,1.000,0,0,0.2501,-0.0089,0.0571
637,4,1,0,0.236,1.000,0.000,0.000,0,0,-0.000,1.000,0.000,0,1.000,0,0,0.2499,-0.0079,0.0571
638,4,1,0,0.252,1.000,0.000,0.000,0,0,-0.003,1.000,0.000,0,1.000,0,0,0.2498,-0.0069,0.0571
639,4,1,0,0.252,1.000,0.000,0.000,0,0,-0.003,1.000,0.000,0,1.000,0,0,0.2497,-0.0061,0.0571
640,4,1,0,0.252,1.000,0.000,0.000,0,0,-0.003,1.000,0.000,0,1.000,0,0,0.2496,-0.0051,0.0571
641,4,1,0,0.252,1.000,0.000,0.000,0,0,-0.003,1.000,0.000,0,1.000,0,0,0.2494,-0.0042,0.0571
642,4,1,0,0.252,1.000,0.000,0.000,0,0,-0.003,1.000,0.000,0,1.000,0,0,0.2493,-0.0033,0.0571
643,4,1,0,0.008,0.024,0.000,0.000,0,0,-0.000,0.000,0.000,0,1.000,0,0,0.2492,-0.0025,0.0571
644,4,1,0,0.031,0.039,0.000,0.000,0,0,-0.000,0.000,0.000,0,1.000,0,0,0.2493,-0.0021,0.0572
645,4,1,0,0.031,0.039,0.000,0.000,0,0,-0.000,0.000,0.000,0,1.000,0,0,0.2494,-0.0019,0.0573
646,4,1,0,0.031,0.039,0.000,0.000,0,0,-0.000,0.000,0.000,0,1.000,0,0,0.2495,-0.0017,0.0575
647,4,1,0,0.039,0.039,0.000,0.000,0,0,-0.000,0.000,0.000,0,1.000,0,0,0.2496,-0.0016,0.0577
648,4,1,0,0.039,0.008,0.000,0.000,0,0,-0.000,0.000,0.000,0,1.000,0,0,0.2496,-0.0015,0.0579
649,4,1,0,0.039,0.008,0.000,0.000,0,0,-0.000,0.000,0.000,0,1.000,0,0,0.2497,-0.0014,0.0580
650,4,1,0,0.039,-0.008,0.000,0.000,0,0,-0.000,0.000,0.000,0,1.000,0,0,0.2497,-0.0011,0.0582
651,4,1,0,0.047,-0.008,0.000,0.000,0,0,-0.000,0.000,0.000,0,1.000,0,0,0.2499,-0.0009,0.0582
652,4,1,0,-0.039,-0.008,0.000,0.000,0,0,-0.000,0.000,0.000,0,1.000,0,0,0.2500,-0.0007,0.0584
653,4,1,0,-0.039,-0.008,0.000,0.000,0,0,-0.000,0.000,0.000,0,1.000,0,0,0.2501,-0.0007,0.0585
654,4,1,0,-0.047,-0.024,0.000,0.000,0,0,-0.000,0.000,0.000,0,1.000,0,0,0.2501,-0.0007,0.0586
655,4,1,0,-0.055,-0.032,0.000,0.000,0,0,-0.000,0.000,0.000,0,1.000,0,0,0.2501,-0.0006,0.0587
656,4,1,0,-0.953,-0.032,0.000,0.000,0,0,0.937,0.000,0.000,0,0.948,0,0,0.2502,-0.0005,0.0588
657,4,1,0,-0.787,-0.039,0.000,0.000,0,0,0.717,0.000,0.000,0,0.942,0,0,0.2503,-0.0004,0.0589
658,4,1,0,-0.055,-0.039,0.000,0.000,0,0,-0.000,0.000,0.000,0,1.000,0,0,0.2503,-0.0004,0.0590
659,4,1,0,-0.047,-0.039,0.000,0.000,0,0,-0.000,0.000,0.000,0,1.000,0,0,0.2503,-0.0003,0.0591
660,4,1,0,-0.032,-0.039,0.000,0.000,0,0,-0.000,0.000,0.000,0,1.000,0,0,0.2503,-0.0003,0.0592
661,4,1,0,0.016,-0.039,0.000,0.000,0,0,-0.000,0.000,0.000,0,1.000,0,0,0.2503,-0.0003,0.0592
662,4,1,0,0.016,-0.055,0.000,0.000,0,0,-0.000,0.000,0.000,0,1.000,0,0,0.2503,-0.0003,0.0593
663,4,1,0,0.016,-0.228,0.000,0.000,0,0,-0.000,0.000,0.000,0,1.000,0,0,0.2503,-0.0003,0.0593
664,4,1,0,-0.016,-0.843,0.000,0.000,0,0,-0.000,-0.790,0.000,0,1.000,0,0,0.2503,-0.0003,0.0593
665,4,1,0,-0.008,-0.528,0.000,0.000,0,0,-0.000,-0.370,0.000,0,1.000,0,0,0.2503,-0.0003,0.0594
666,4,1,0,0.016,-0.063,0.000,0.000,0,0,-0.000,0.000,0.000,0,1.000,0,0,0.2503,-0.0003,0.0594
667,4,1,0,0.016,-0.039,0.000,0.000,0,0,-0.000,0.000,0.000,0,1.000,0,0,0.2503,-0.0003,0.0594
668,4,1,0,0.024,-0.134,0.000,0.000,0,0,-0.000,0.000,0.000,0,1.000,0,0,0.2503,-0.0003,0.0594
669,4,1,0,-0.032,-0.961,0.000,0.000,0,0,-0.000,-0.948,0.000,0,1.000,0,0,0.2503,-0.0003,0.0594
670,4,1,0,-0.032,-0.969,0.000,0.000,0,0,-0.000,-0.958,0.000,0,1.000,0,0,0.2502,-0.0003,0.0594
671,4,1,0,-0.032,-0.213,0.000,0.000,0,0,-0.000,0.000,0.000,0,1.000,0,0,0.2502,-0.0003,0.0593
672,4,1,0,0.000,-0.039,0.000,0.000,0,0,-0.000,0.000,0.000,0,1.000,0,0,0.2502,-0.0003,0.0593
673,4,1,0,0.000,-0.630,0.000,0.000,0,0,-0.000,-0.507,0.000,0,1.000,0,0,0.2502,-0.0003,0.0593
674,4,1,0,0.000,-1.000,0.000,0.000,0,0,-0.000,-1.000,0.000,0,1.000,0,0,0.2501,-0.0003,0.0592
675,4,1,0,0.000,-0.913,0.000,0.000,0,0,-0.000,-0.885,0.000,0,1.000,0,0,0.2499,-0.0005,0.0590
676,4,1,0,0.000,-0.110,0.000,0.000,0,0,-0.000,0.000,0.000,0,1.000,0,0,0.2498,-0.0007,0.0587
677,4,1,0,0.008,-0.087,0.000,0.000,0,0,-0.000,0.000,0.000,0,1.000,0,0,0.2498,-0.0007,0.0586
678,4,1,0,0.008,-0.512,0.000,0.000,0,0,-0.000,-0.349,0.000,0,1.000,0,0,0.2498,-0.0008,0.0587
679,4,1,0,-0.118,-1.000,0.000,0.000,0,0,-0.000,-1.000,0.000,0,1.000,0,0,0.2498,-0.0014,0.0584
680,4,1,0,-0.110,-0.528,0.000,0.000,0,0,-0.000,-0.370,0.000,0,1.000,0,0,0.2492,-0.0026,0.0579
681,4,1,0,0.000,-0.087,0.000,0.000,0,0,-0.000,0.000,0.000,0,1.000,0,0,0.2492,-0.0033,0.0577
682,4,1,0,0.000,-0.055,0.000,0.000,0,0,-0.000,0.000,0.000,0,1.000,0,0,0.2492,-0.0033,0.0577
683,4,1,0,0.016,0.008,0.000,0.000,0,0,-0.000,0.000,0.000,0,1.000,0,0,0.2493,-0.0033,0.0577
684,4,1,0,0.024,0.016,0.000,0.000,0,0,-0.000,0.000,0.000,0,1.000,0,0,0.2492,-0.0034,0.0577
685,4,1,0,0.024,0.016,0.000,0.000,0,0,-0.000,0.000,0.000,0,1.000,0,0,0.2492,-0.0034,0.0577
686,4,1,0,0.039,0.016,0.000,0.000,0,0,-0.000,0.000,0.000,0,1.000,0,0,0.2492,-0.0034,0.0578
687,4,1,0,0.094,0.016,0.000,0.000,0,0,-0.000,0.000,0.000,0,1.000,0,0,0.2492,-0.0034,0.0578
688,4,1,0,0.528,0.157,0.000,0.000,0,0,-0.370,0.000,0.000,0,1.000,0,0,0.2492,-0.0033,0.0577
689,4,1,0,0.031,0.008,0.000,0.000,0,0,-0.000,0.000,0.000,0,1.000,0,0,0.2491,-0.0032,0.0577
690,4,1,0,0.024,0.016,0.000,0.000,0,0,-0.000,0.000,0.000,0,1.000,0,0,0.2491,-0.0032,0.0577
691,4,1,0,-0.008,0.094,0.000,0.000,0,0,-0.000,0.000,0.000,0,1.000,0,0,0.2491,-0.0032,0.0577
692,4,1,0,0.016,0.220,0.000,0.000,0,0,-0.000,0.000,0.000,0,1.000,0,0,0.2492,-0.0032,0.0577
693,4,1,0,0.031,0.134,0.000,0.000,0,0,-0.000,0.000,0.000,0,1.000,0,0,0.2492,-0.0032,0.0577
694,4,1,0,0.024,0.016,0.000,0.000,0,0,-0.000,0.000,0.000,0,1.000,0,0,0.2491,-0.0032,0.0577
695,4,1,0,0.016,-0.008,0.000,0.000,0,0,-0.000,0.000,0.000,0,1.000,0,0,0.2491,-0.0032,0.0577
696,4,1,0,0.000,-0.016,0.000,0.961,0,0,-0.000,0.000,0.000,0,1.000,0,0,0.2492,-0.0032,0.0577
697,4,1,0,-0.024,-0.016,0.000,1.000,0,0,-0.000,0.000,0.000,0,1.000,0,0,0.2492,-0.0032,0.0577
698,4,1,0,-0.024,-0.016,0.000,1.000,0,0,-0.000,0.000,0.000,0,1.000,0,0,0.2491,-0.0032,0.0577
699,4,1,0,-0.024,-0.016,0.000,1.000,0,0,-0.000,0.000,0.000,0,1.000,0,0,0.2491,-0.0032,0.0577
700,4,1,0,-0.024,-0.016,0.000,1.000,0,0,-0.000,0.000,0.000,0,1.000,0,0,0.2491,-0.0032,0.0577
701,4,1,0,-0.016,-0.016,0.000,1.000,0,0,-0.000,0.000,0.000,0,1.000,0,0,0.2491,-0.0032,0.0577
702,4,1,0,-0.016,-0.016,0.000,1.000,0,0,-0.000,0.000,0.000,0,1.000,0,0,0.2492,-0.0033,0.0577
703,4,1,0,-0.016,-0.039,0.000,0.929,0,0,-0.000,0.000,0.000,0,1.000,0,0,0.2491,-0.0032,0.0577
704,4,1,0,-0.008,-0.063,0.000,0.992,0,0,-0.000,0.000,0.000,0,1.000,0,0,0.2491,-0.0032,0.0577
705,4,1,0,0.016,-0.047,0.000,-1.000,0,1,-0.000,0.000,0.000,0,1.000,0,0,0.2491,-0.0032,0.0577
706,4,1,0,0.016,-0.047,0.000,-1.000,0,1,-0.000,0.000,0.000,0,1.000,0,0,0.2491,-0.0032,0.0577
707,4,1,0,0.016,-0.039,0.000,-1.000,0,1,-0.000,0.000,0.000,0,1.000,0,0,0.2491,-0.0032,0.0577
708,4,1,0,0.016,-0.039,-0.559,-1.000,0,1,-0.000,0.000,0.000,0,1.000,0,0,0.2491,-0.0032,0.0577
709,4,1,0,0.016,-0.047,1.000,-1.000,0,1,-0.000,0.000,0.000,0,1.000,0,0,0.2491,-0.0032,0.0577
710,4,1,0,0.008,-0.047,1.000,-1.000,0,1,-0.000,0.000,0.000,0,1.000,0,0,0.2491,-0.0032,0.0577
711,4,1,0,0.008,-0.047,1.000,-1.000,0,1,-0.000,0.000,0.000,0,1.000,0,0,0.2492,-0.0032,0.0577
712,4,1,0,0.024,-0.047,1.000,-1.000,0,1,-0.000,0.000,0.000,0,1.000,0,0,0.2491,-0.0032,0.0577
713,4,1,0,0.024,-0.047,-1.000,-1.000,1,1,-0.000,0.000,0.000,0,1.000,0,0,0.2491,-0.0032,0.0577
714,4,1,0,0.024,-0.047,-1.000,-1.000,1,1,-0.000,0.000,0.000,0,1.000,0,0,0.2491,-0.0032,0.0577
715,4,1,0,0.000,-0.047,-1.000,-0.158,1,1,-0.000,0.000,-0.371,0,1.000,0,0,0.2491,-0.0032,0.0576
716,4,1,0,0.000,-0.047,-1.000,0.945,1,1,-0.000,0.000,-0.970,0,1.000,0,0,0.2489,-0.0033,0.0572
717,4,1,0,0.000,-0.047,-1.000,0.984,1,1,-0.000,0.000,-0.991,0,1.000,0,0,0.2486,-0.0033,0.0561
718,4,1,0,0.000,-0.047,-1.000,0.992,1,1,-0.000,0.000,-0.996,0,1.000,0,0,0.2486,-0.0035,0.0552
719,4,1,0,0.000,-0.047,-1.000,1.000,1,1,-0.000,0.000,-1.000,0,1.000,0,0,0.2485,-0.0036,0.0547
720,4,1,0,0.000,-0.047,-1.000,0.189,1,1,-0.000,0.000,-0.559,0,1.000,0,0,0.2486,-0.0036,0.0542
721,4,1,0,0.000,-0.047,-1.000,-1.000,1,1,-0.000,0.000,0.000,0,1.000,0,0,0.2487,-0.0036,0.0541
722,4,1,0,0.024,0.000,-1.000,-1.000,1,1,-0.000,0.000,0.000,0,1.000,0,0,0.2487,-0.0036,0.0541
723,4,1,0,0.031,0.016,-1.000,-1.000,1,1,-0.000,0.000,0.000,0,1.000,0,0,0.2487,-0.0036,0.0541
724,4,1,0,0.110,0.260,-1.000,-1.000,1,1,-0.000,0.013,0.000,0,1.000,0,0,0.2487,-0.0036,0.0541
725,4,1,0,0.071,0.283,-1.000,-1.000,1,1,-0.000,0.045,0.000,0,1.000,0,0,0.2487,-0.0036,0.0541
726,4,1,0,0.024,-0.016,-1.000,-1.000,1,1,-0.000,0.000,0.000,0,1.000,0,0,0.2487,-0.0036,0.0541
727,4,1,0,0.039,-0.008,-1.000,-1.000,1,1,-0.000,0.000,0.000,0,1.000,0,0,0.2487,-0.0036,0.0541
728,4,1,0,0.173,0.102,-1.000,-1.000,1,1,-0.000,0.000,0.000,0,1.000,0,0,0.2487,-0.0036,0.0541
729,4,1,0,0.551,0.842,-1.000,-1.000,1,1,-0.402,0.790,0.000,0,1.000,0,0,0.2486,-0.0032,0.0541
730,4,1,0,0.394,0.559,-1.000,-1.000,1,1,-0.192,0.412,0.000,0,1.000,0,0,0.2488,-0.0027,0.0542
731,4,1,0,0.047,-0.016,-1.000,-1.000,1,1,-0.000,0.000,0.000,0,1.000,0,0,0.2487,-0.0026,0.0543
732,4,1,0,0.071,-0.016,-1.000,-1.000,1,1,-0.000,0.000,0.000,0,1.000,0,0,0.2487,-0.0025,0.0542
733,4,1,0,0.079,-0.016,-1.000,-1.000,1,1,-0.000,0.000,0.000,0,1.000,0,0,0.2486,-0.0025,0.0542
734,4,1,0,0.063,-0.016,-1.000,-1.000,1,1,-0.000,0.000,0.000,0,1.000,0,0,0.2487,-0.0025,0.0542
735,4,1,0,0.008,-0.016,-1.000,1.000,1,1,-0.000,0.000,-1.000,0,1.000,0,0,0.2486,-0.0026,0.0540
736,4,1,0,-0.016,-0.016,-1.000,1.000,1,1,-0.000,0.000,-1.000,0,1.000,0,0,0.2488,-0.0022,0.0534
737,4,1,0,0.000,-0.016,-1.000,1.000,1,1,-0.000,0.000,-1.000,0,1.000,0,0,0.2488,-0.0023,0.0534
738,4,1,0,0.000,-0.016,-1.000,1.000,1,1,-0.000,0.000,-1.000,0,1.000,0,0,0.2488,-0.0023,0.0534
739,4,1,0,0.000,-0.016,-1.000,1.000,1,1,-0.000,0.000,-1.000,0,1.000,0,0,0.2488,-0.0024,0.0533
740,4,1,0,0.008,-0.016,-1.000,1.000,1,1,-0.000,0.000,-1.000,0,1.000,0,0,0.2489,-0.0024,0.0533
741,4,1,0,0.024,-0.039,-1.000,1.000,1,1,-0.000,0.000,-1.000,0,1.000,0,0,0.2489,-0.0024,0.0533
742,4,1,0,0.024,-0.039,-1.000,-0.150,1,1,-0.000,0.000,-0.375,0,1.000,0,0,0.2489,-0.0025,0.0533
743,4,1,0,-0.008,-0.032,-1.000,-1.000,1,1,-0.000,0.000,0.000,0,1.000,0,0,0.2489,-0.0025,0.0533
744,4,1,0,-0.008,-0.024,-1.000,-1.000,1,1,-0.000,0.000,0.000,0,1.000,0,0,0.2489,-0.0025,0.0533
745,4,1,0,-0.047,-0.008,-1.000,-1.000,1,1,-0.000,0.000,0.000,0,1.000,0,0,0.2489,-0.0025,0.0533
746,4,1,0,-0.276,0.079,-1.000,-1.000,1,1,0.034,0.000,0.000,0,1.000,0,0,0.2489,-0.0025,0.0533
747,4,1,0,-0.567,0.165,-1.000,-1.000,1,1,0.423,0.000,0.000,0,1.000,0,0,0.2489,-0.0025,0.0533
748,4,1,0,-0.024,-0.008,-1.000,-1.000,1,1,-0.000,0.000,0.000,0,1.000,0,0,0.2489,-0.0025,0.0533
749,4,1,0,-0.008,-0.024,-1.000,-1.000,1,1,-0.000,0.000,0.000,0,1.000,0,0,0.2489,-0.0025,0.0533
750,4,1,0,-0.039,-0.008,-1.000,-1.000,1,1,-0.000,0.000,0.000,0,1.000,0,0,0.2489,-0.0025,0.0533
751,4,1,0,-1.000,0.252,-1.000,-1.000,1,1,1.000,0.003,0.000,0,0.935,0,0,0.2489,-0.0025,0.0533
752,4,1,0,-1.000,0.252,-1.000,-1.000,1,1,1.000,0.003,0.000,0,0.870,0,0,0.2489,-0.0025,0.0533
753,4,1,0,-0.449,0.110,-1.000,-1.000,1,1,0.265,0.000,0.000,0,0.957,0,0,0.2489,-0.0026,0.0533
754,4,1,0,-0.032,-0.016,-1.000,-1.000,1,1,-0.000,0.000,0.000,0,1.000,0,0,0.2489,-0.0026,0.0533
755,4,1,0,-0.032,-0.039,-1.000,-1.000,1,1,-0.000,0.000,0.000,0,1.000,0,0,0.2489,-0.0026,0.0533
756,4,1,0,0.094,-0.039,-1.000,-1.000,1,1,-0.000,0.000,0.000,0,1.000,0,0,0.2489,-0.0026,0.0533
757,4,1,0,1.000,-0.205,-1.000,-1.000,1,1,-1.000,0.000,0.000,0,1.000,0,0,0.2489,-0.0026,0.0533
758,4,1,0,1.000,-0.213,-1.000,-1.000,1,1,-1.000,0.000,0.000,0,1.000,0,0,0.2489,-0.0025,0.0533
759,4,1,0,1.000,-0.268,-1.000,-1.000,1,1,-1.000,-0.024,0.000,0,1.000,0,0,0.2489,-0.0025,0.0533
760,4,1,0,0.024,-0.063,-1.000,-1.000,1,1,-0.000,0.000,0.000,0,1.000,0,0,0.2489,-0.0025,0.0533
761,4,1,0,0.008,-0.024,-1.000,-1.000,1,1,-0.000,0.000,0.000,0,1.000,0,0,0.2489,-0.0025,0.0533
762,4,1,0,0.016,-0.024,-1.000,-1.000,1,1,-0.000,0.000,0.000,0,1.000,0,0,0.2489,-0.0025,0.0533
763,4,1,0,0.031,-0.024,-1.000,-1.000,1,1,-0.000,0.000,0.000,0,1.000,0,0,0.2489,-0.0025,0.0533
764,4,1,0,-0.063,0.008,-1.000,-1.000,1,1,-0.000,0.000,0.000,0,1.000,0,0,0.2489,-0.0025,0.0533
765,4,1,0,-0.803,0.016,-1.000,-1.000,1,1,0.738,0.000,0.000,0,0.990,0,0,0.2489,-0.0025,0.0533
766,4,1,0,-1.000,0.102,-1.000,-1.000,1,1,1.000,0.000,0.000,0,0.924,0,0,0.2489,-0.0025,0.0533
767,4,1,0,-1.000,0.118,-1.000,-1.000,1,1,1.000,0.000,0.000,0,0.859,0,0,0.2489,-0.0026,0.0533
768,4,1,0,-1.000,0.118,-1.000,-1.000,1,1,1.000,0.000,0.000,0,0.794,0,0,0.2489,-0.0026,0.0533
769,4,1,0,-1.000,0.118,-1.000,-1.000,1,1,1.000,0.000,0.000,0,0.729,0,0,0.2490,-0.0026,0.0532
770,4,1,0,-1.000,0.102,-1.000,-1.000,1,1,1.000,0.000,0.000,0,0.664,0,0,0.2490,-0.0029,0.0532
771,4,1,0,-1.000,0.102,-1.000,-1.000,1,1,1.000,0.000,0.000,0,0.599,0,0,0.2490,-0.0031,0.0532
772,4,1,0,-1.000,0.102,-1.000,-1.000,1,1,1.000,0.000,0.000,0,0.534,0,0,0.2491,-0.0033,0.0530
773,4,1,0,-1.000,-0.197,-1.000,-1.000,1,1,1.000,0.000,0.000,0,0.469,0,0,0.2492,-0.0034,0.0531
774,5,1,0,-1.000,-0.197,-1.000,-1.000,1,1,1.000,0.000,0.000,0,0.047,0,0,0.2503,-0.0051,0.0613
775,5,1,0,0.008,-0.197,-1.000,-1.000,1,1,-0.000,0.000,0.000,0,0.247,0,0,0.2511,-0.0038,0.0569
776,5,1,0,0.008,-0.197,-1.000,-1.000,1,1,-0.000,0.000,0.000,0,0.447,0,0,0.2512,-0.0042,0.0567
777,5,1,0,0.016,-0.197,-1.000,-1.000,1,1,-0.000,0.000,0.000,0,0.647,0,0,0.2513,-0.0042,0.0569
778,5,1,0,0.008,-0.197,-1.000,-1.000,1,1,-0.000,0.000,0.000,0,0.847,0,0,0.2512,-0.0041,0.0568
779,5,1,0,0.008,-0.197,-1.000,-1.000,1,1,-0.000,0.000,0.000,0,1.000,0,0,0.2511,-0.0040,0.0566
780,5,1,0,-0.008,-0.197,-1.000,-1.000,1,1,-0.000,0.000,0.000,0,1.000,0,0,0.2511,-0.0040,0.0564
781,5,1,0,-0.008,-0.197,-1.000,-1.000,1,1,-0.000,0.000,0.000,0,1.000,0,0,0.2510,-0.0040,0.0564
782,5,1,0,-0.008,-0.197,-1.000,-1.000,1,1,-0.000,0.000,0.000,0,1.000,0,0,0.2510,-0.0040,0.0564
783,5,1,0,0.000,-0.197,-1.000,-1.000,1,1,-0.000,0.000,0.000,0,1.000,0,0,0.2510,-0.0040,0.0564
784,5,1,0,-0.008,-0.197,-1.000,1.000,1,1,-0.000,0.000,-1.000,0,1.000,0,0,0.2510,-0.0041,0.0563
785,5,1,0,-0.008,-0.197,-1.000,1.000,1,1,-0.000,0.000,-1.000,0,1.000,0,0,0.2514,-0.0043,0.0559
786,5,1,0,-0.008,-0.197,-1.000,1.000,1,1,-0.000,0.000,-1.000,0,1.000,0,0,0.2517,-0.0047,0.0552
787,5,1,0,-0.008,-0.197,-1.000,1.000,1,1,-0.000,0.000,-1.000,0,1.000,0,0,0.2521,-0.0050,0.0548
788,5,1,0,-0.008,-0.197,-1.000,1.000,1,1,-0.000,0.000,-1.000,0,1.000,0,0,0.2525,-0.0050,0.0545
789,5,1,0,0.008,-0.197,-1.000,-1.000,1,1,-0.000,0.000,0.000,0,1.000,0,0,0.2528,-0.0050,0.0544
790,5,1,0,0.016,0.024,-1.000,-1.000,1,1,-0.000,0.000,0.000,0,1.000,0,0,0.2528,-0.0050,0.0544
791,5,1,0,0.150,0.724,-1.000,-1.000,1,1,-0.000,0.633,0.000,0,1.000,0,0,0.2530,-0.0049,0.0545
792,5,1,0,0.134,0.551,-1.000,-1.000,1,1,-0.000,0.402,0.000,0,1.000,0,0,0.2535,-0.0045,0.0546
793,5,1,0,0.000,0.008,-1.000,-1.000,1,1,-0.000,0.000,0.000,0,1.000,0,0,0.2536,-0.0041,0.0547
794,5,1,0,0.024,0.008,-1.000,-1.000,1,1,-0.000,0.000,0.000,0,1.000,0,0,0.2536,-0.0041,0.0547
795,5,1,0,0.039,0.433,-1.000,-1.000,1,1,-0.000,0.244,0.000,0,1.000,0,0,0.2537,-0.0040,0.0547
796,5,1,0,-0.024,1.000,-1.000,-1.000,1,1,-0.000,1.000,0.000,0,1.000,0,0,0.2540,-0.0029,0.0548
797,5,1,0,0.016,0.016,-1.000,-1.000,1,1,-0.000,0.000,0.000,0,1.000,0,0,0.2545,-0.0019,0.0554
798,5,1,0,0.016,0.008,-1.000,-1.000,1,1,-0.000,0.000,0.000,0,1.000,0,0,0.2544,-0.0017,0.0555
799,5,1,0,0.008,0.008,-1.000,-1.000,1,1,-0.000,0.000,0.000,0,1.000,0,0,0.2544,-0.0017,0.0555
800,5,1,0,-0.016,0.008,-1.000,-1.000,1,1,-0.000,0.000,0.000,0,1.000,0,0,0.2544,-0.0017,0.0555
801,5,1,0,-0.016,0.008,-1.000,-1.000,1,1,-0.000,0.000,0.000,0,1.000,0,0,0.2544,-0.0017,0.0555
802,5,1,0,-0.047,0.008,-1.000,-1.000,1,1,-0.000,0.000,0.000,0,1.000,0,0,0.2544,-0.0017,0.0555
803,5,1,0,-0.228,0.079,-1.000,-1.000,1,1,-0.000,0.000,0.000,0,1.000,0,0,0.2544,-0.0017,0.0555
804,5,1,0,-0.906,0.512,-1.000,-1.000,1,1,0.874,0.349,0.000,0,1.000,0,0,0.2548,-0.0014,0.0554
805,5,1,0,-0.622,0.480,-1.000,-1.000,1,1,0.496,0.307,0.000,0,1.000,0,0,0.2552,-0.0013,0.0552
806,5,1,0,-0.079,0.063,-1.000,-1.000,1,1,-0.000,0.000,0.000,0,1.000,0,0,0.2554,-0.0013,0.0553
807,5,1,0,-0.063,0.016,-1.000,-1.000,1,1,-0.000,0.000,0.000,0,1.000,0,0,0.2555,-0.0013,0.0554
808,5,1,0,-0.654,0.110,-1.000,-1.000,1,1,0.538,0.000,0.000,0,1.000,0,0,0.2556,-0.0012,0.0553
809,5,1,0,-1.000,0.260,-1.000,-1.000,1,1,1.000,0.013,0.000,0,1.000,0,0,0.2561,-0.0012,0.0551
810,5,1,0,-0.047,0.047,-1.000,-1.000,1,1,-0.000,0.000,0.000,0,1.000,0,0,0.2563,-0.0011,0.0547
811,5,1,0,0.055,-0.032,-1.000,-1.000,1,1,-0.000,0.000,0.000,1,1.000,1,0,0.2564,-0.0011,0.0548
812,5,1,0,0.173,-0.039,-1.000,-1.000,1,1,-0.000,0.000,0.000,1,1.000,1,0,0.2564,-0.0011,0.0548
813,5,1,0,0.937,-0.039,-1.000,-1.000,1,1,-0.916,0.000,0.000,1,1.000,1,0,0.2561,-0.0011,0.0549
814,5,1,0,0.008,-0.016,-1.000,-1.000,1,1,-0.000,0.000,0.000,0,1.000,0,0,0.2559,-0.0011,0.0551
815,5,1,0,-0.016,-0.032,-1.000,-1.000,1,1,-0.000,0.000,0.000,0,1.000,0,0,0.2559,-0.0011,0.0550
816,5,1,0,-0.008,-0.032,-1.000,-1.000,1,1,-0.000,0.000,0.000,0,1.000,0,0,0.2559,-0.0011,0.0550
817,5,1,0,0.000,-0.032,-1.000,-1.000,1,1,-0.000,0.000,0.000,0,1.000,0,0,0.2559,-0.0011,0.0550
818,5,1,0,0.000,-0.024,-1.000,-1.000,1,1,-0.000,0.000,0.000,0,1.000,0,0,0.2559,-0.0011,0.0550
819,5,1,0,-0.016,-0.024,-1.000,-1.000,1,1,-0.000,0.000,0.000,0,1.000,0,0,0.2559,-0.0011,0.0550
820,5,1,0,-0.260,-0.024,-1.000,-1.000,1,1,0.013,0.000,0.000,0,1.000,0,0,0.2559,-0.0011,0.0550
821,5,1,0,-1.000,-0.095,-1.000,-1.000,1,1,1.000,0.000,0.000,0,1.000,0,0,0.2562,-0.0011,0.0549
822,5,1,0,-0.701,0.024,-1.000,-1.000,1,1,0.601,0.000,0.000,0,1.000,0,0,0.2567,-0.0011,0.0547
823,5,1,0,-0.346,0.024,-1.000,-1.000,1,1,0.129,0.000,0.000,1,1.000,1,0,0.2568,-0.0010,0.0548
824,5,1,0,-0.158,0.024,-1.000,-1.000,1,1,-0.000,0.000,0.000,1,1.000,1,0,0.2568,-0.0010,0.0548
825,5,1,0,-0.008,-0.024,-1.000,-1.000,1,1,-0.000,0.000,0.000,1,1.000,1,0,0.2569,-0.0010,0.0548
826,5,1,0,0.055,-0.024,-1.000,-1.000,1,1,-0.000,0.000,0.000,1,1.000,1,0,0.2569,-0.0010,0.0548
827,5,1,0,0.866,-0.142,-1.000,-1.000,1,1,-0.821,0.000,0.000,1,1.000,1,0,0.2566,-0.0011,0.0549
828,5,1,0,1.000,-0.213,-1.000,-1.000,1,1,-1.000,0.000,0.000,1,1.000,1,0,0.2562,-0.0011,0.0549
829,5,1,0,1.000,-0.213,-1.000,-1.000,1,1,-1.000,0.000,0.000,0,1.000,0,0,0.2556,-0.0011,0.0553
830,5,1,0,1.000,-0.213,-1.000,-1.000,1,1,-1.000,0.000,0.000,0,1.000,0,0,0.2549,-0.0011,0.0557
831,5,1,0,0.913,-0.213,-1.000,-1.000,1,1,-0.884,0.000,0.000,0,1.000,0,0,0.2542,-0.0009,0.0562
832,5,1,0,0.362,-0.213,-1.000,-1.000,1,1,-0.150,0.000,0.000,0,1.000,0,0,0.2532,-0.0009,0.0568
833,5,1,0,0.047,-0.087,-1.000,-1.000,1,1,-0.000,0.000,0.000,0,1.000,0,0,0.2531,-0.0009,0.0570
834,5,1,0,0.024,-0.087,-1.000,-1.000,1,1,-0.000,0.000,0.000,0,1.000,0,0,0.2530,-0.0009,0.0569
835,5,1,0,0.008,-0.087,-1.000,-1.000,1,1,-0.000,0.000,0.000,0,1.000,0,0,0.2530,-0.0008,0.0569
836,5,1,0,-0.095,-0.331,-1.000,-1.000,1,1,-0.000,-0.108,0.000,0,1.000,0,0,0.2530,-0.0009,0.0569
837,5,1,0,-0.126,-0.457,-1.000,-1.000,1,1,-0.000,-0.276,0.000,0,1.000,0,0,0.2528,-0.0012,0.0568
838,5,1,0,0.016,-0.087,-1.000,-1.000,1,1,-0.000,0.000,0.000,0,1.000,0,0,0.2526,-0.0014,0.0566
839,5,1,0,0.016,-0.008,-1.000,-1.000,1,1,-0.000,0.000,0.000,0,1.000,0,0,0.2526,-0.0014,0.0566
840,5,1,0,0.008,-0.008,-1.000,1.000,1,1,-0.000,0.000,-1.000,0,1.000,0,0,0.2527,-0.0015,0.0565
841,5,1,0,-0.016,-0.008,-1.000,1.000,1,1,-0.000,0.000,-1.000,0,1.000,0,0,0.2531,-0.0018,0.0561
842,5,1,0,-0.008,-0.008,-1.000,1.000,1,1,-0.000,0.000,-1.000,0,1.000,0,0,0.2534,-0.0022,0.0555
843,5,1,0,0.000,-0.008,-1.000,1.000,1,1,-0.000,0.000,-1.000,0,1.000,0,0,0.2538,-0.0025,0.0551
844,5,1,0,0.008,-0.008,-1.000,0.543,1,1,-0.000,0.000,-0.752,0,1.000,0,0,0.2542,-0.0028,0.0546
845,5,1,0,0.016,-0.008,-1.000,0.220,1,1,-0.000,0.000,-0.576,0,1.000,0,0,0.2544,-0.0031,0.0542
846,5,1,0,0.441,-0.008,-1.000,-1.000,1,1,-0.255,0.000,0.000,0,1.000,0,0,0.2544,-0.0033,0.0541
847,5,1,0,0.953,0.165,-1.000,-1.000,1,1,-0.937,0.000,0.000,0,1.000,0,0,0.2539,-0.0036,0.0542
848,5,1,0,0.079,0.016,-1.000,-1.000,1,1,-0.000,0.000,0.000,0,1.000,0,0,0.2528,-0.0041,0.0548
849,5,1,0,0.039,0.000,-1.000,-1.000,1,1,-0.000,0.000,0.000,0,1.000,0,0,0.2529,-0.0041,0.0549
850,5,1,0,0.055,0.000,-1.000,-1.000,1,1,-0.000,0.000,0.000,0,1.000,0,0,0.2529,-0.0041,0.0549
851,5,1,0,0.929,0.354,-1.000,-1.000,1,1,-0.905,0.139,0.000,0,1.000,0,0,0.2525,-0.0042,0.0549
852,5,1,0,0.992,0.378,-1.000,-1.000,1,1,-0.989,0.171,0.000,0,1.000,0,0,0.2510,-0.0045,0.0555
853,5,1,0,0.732,0.394,-1.000,-1.000,1,1,-0.643,0.192,0.000,0,1.000,0,0,0.2497,-0.0047,0.0566
854,5,1,0,0.205,0.315,-1.000,-1.000,1,1,-0.000,0.087,0.000,0,1.000,0,0,0.2490,-0.0047,0.0573
855,5,1,0,0.118,0.362,-1.000,-1.000,1,1,-0.000,0.150,0.000,0,1.000,0,0,0.2490,-0.0045,0.0573
856,5,1,0,0.110,0.528,-1.000,-1.000,1,1,-0.000,0.370,0.000,0,1.000,0,0,0.2491,-0.0041,0.0573
857,5,1,0,-0.024,-0.016,-1.000,-1.000,1,1,-0.000,0.000,0.000,0,1.000,0,0,0.2493,-0.0036,0.0576
858,5,1,0,-0.024,0.016,-1.000,-1.000,1,1,-0.000,0.000,0.000,0,1.000,0,0,0.2492,-0.0036,0.0577
859,5,1,0,-0.024,0.622,-1.000,-1.000,1,1,-0.000,0.496,0.000,0,1.000,0,0,0.2493,-0.0034,0.0577
860,5,1,0,0.150,0.134,-1.000,-1.000,1,1,-0.000,0.000,0.000,0,1.000,0,0,0.2496,-0.0026,0.0580
861,5,1,0,0.039,-0.008,-1.000,-1.000,1,1,-0.000,0.000,0.000,0,1.000,0,0,0.2495,-0.0027,0.0581
862,5,1,0,0.031,-0.008,-1.000,1.000,1,1,-0.000,0.000,-1.000,0,1.000,0,0,0.2495,-0.0027,0.0581
863,5,1,0,0.031,-0.016,-1.000,1.000,1,1,-0.000,0.000,-1.000,0,1.000,0,0,0.2498,-0.0030,0.0577
864,5,1,0,0.024,-0.016,-1.000,1.000,1,1,-0.000,0.000,-1.000,0,1.000,0,0,0.2502,-0.0032,0.0571
865,5,1,0,0.008,-0.016,-1.000,1.000,1,1,-0.000,0.000,-1.000,0,1.000,0,0,0.2505,-0.0036,0.0566
866,5,1,0,0.008,0.071,-1.000,1.000,1,1,-0.000,0.000,-1.000,0,1.000,0,0,0.2509,-0.0039,0.0562
867,5,1,0,0.024,0.409,-1.000,1.000,1,1,-0.000,0.213,-1.000,0,1.000,0,0,0.2513,-0.0042,0.0557
868,5,1,0,0.110,0.622,-1.000,1.000,1,1,-0.000,0.496,-1.000,0,1.000,0,0,0.2520,-0.0040,0.0554
869,5,1,0,0.189,0.780,-1.000,1.000,1,1,-0.000,0.706,-1.000,0,1.000,0,0,0.2528,-0.0034,0.0553
870,5,1,0,0.197,0.780,-1.000,1.000,1,1,-0.000,0.706,-1.000,0,1.000,0,0,0.2536,-0.0025,0.0553
871,5,1,0,0.118,0.504,-1.000,1.000,1,1,-0.000,0.339,-1.000,0,1.000,0,0,0.2545,-0.0019,0.0553
872,5,1,0,-0.008,-0.008,-1.000,1.000,1,1,-0.000,0.000,-1.000,0,1.000,0,0,0.2548,-0.0019,0.0551
873,5,1,0,-0.008,-0.039,-1.000,1.000,1,1,-0.000,0.000,-1.000,0,1.000,0,0,0.2551,-0.0021,0.0546
874,5,1,0,0.000,-0.039,-1.000,1.000,1,1,-0.000,0.000,-1.000,0,1.000,0,0,0.2552,-0.0023,0.0545
875,5,1,0,0.339,-0.039,-1.000,1.000,1,1,-0.118,0.000,-1.000,0,1.000,0,0,0.2553,-0.0026,0.0544
876,5,1,0,1.000,-0.071,-1.000,1.000,1,1,-1.000,0.000,-1.000,0,1.000,0,0,0.2551,-0.0030,0.0544
877,5,1,0,1.000,-0.071,-1.000,1.000,1,1,-1.000,0.000,-1.000,0,1.000,0,0,0.2544,-0.0042,0.0543
878,5,1,0,0.913,-0.071,-1.000,1.000,1,1,-0.884,0.000,-1.000,0,1.000,0,0,0.2536,-0.0047,0.0542
879,5,1,0,0.583,0.102,-1.000,0.858,1,1,-0.444,0.000,-0.923,0,1.000,0,0,0.2528,-0.0051,0.0544
880,5,1,0,0.583,0.102,-1.000,0.858,1,1,-0.444,0.000,-0.923,0,1.000,0,0,0.2524,-0.0053,0.0545
881,5,1,0,0.764,0.748,-1.000,0.858,1,1,-0.685,0.664,-0.923,0,1.000,0,0,0.2521,-0.0055,0.0547
882,5,1,0,0.110,0.228,-1.000,0.858,1,1,-0.000,0.000,-0.923,0,1.000,0,0,0.2518,-0.0064,0.0548
883,5,1,0,0.055,0.016,-1.000,0.858,1,1,-0.000,0.000,-0.923,0,1.000,0,0,0.2521,-0.0066,0.0545
884,5,1,0,0.055,0.016,-1.000,0.858,1,1,-0.000,0.000,-0.923,0,1.000,0,0,0.2524,-0.0070,0.0541
885,5,1,0,0.031,-0.016,-1.000,0.858,1,1,-0.000,0.000,-0.923,0,1.000,0,0,0.2527,-0.0075,0.0540
886,5,1,0,0.000,-0.047,-1.000,0.858,1,1,-0.000,0.000,-0.923,0,1.000,0,0,0.2531,-0.0078,0.0538
887,5,1,0,0.000,-0.095,-1.000,0.858,1,1,-0.000,0.000,-0.923,0,1.000,0,0,0.2532,-0.0081,0.0538
888,5,1,0,0.000,-0.213,-1.000,0.858,1,1,-0.000,0.000,-0.923,0,1.000,0,0,0.2534,-0.0084,0.0538
889,5,1,0,0.000,-0.772,-1.000,0.858,1,1,-0.000,-0.696,-0.923,0,1.000,0,0,0.2534,-0.0090,0.0537
890,5,1,0,0.000,-0.811,-1.000,0.858,1,1,-0.000,-0.748,-0.923,0,1.000,0,0,0.2534,-0.0104,0.0537
891,5,1,0,0.024,-0.055,-1.000,0.858,1,1,-0.000,0.000,-0.923,0,1.000,0,0,0.2535,-0.0115,0.0538
892,5,1,0,0.024,0.000,-1.000,0.858,1,1,-0.000,0.000,-0.923,0,1.000,0,0,0.2536,-0.0118,0.0538
893,5,1,0,0.024,0.000,-1.000,0.858,1,1,-0.000,0.000,-0.923,0,1.000,0,0,0.2537,-0.0120,0.0538
894,5,1,0,0.118,0.417,-1.000,0.858,1,1,-0.000,0.223,-0.923,0,1.000,0,0,0.2539,-0.0126,0.0538
895,5,1,0,0.189,1.000,-1.000,0.858,1,1,-0.000,1.000,-0.923,0,1.000,0,0,0.2542,-0.0126,0.0537
896,5,1,0,0.236,1.000,-1.000,0.858,1,1,-0.000,1.000,-0.923,0,1.000,0,0,0.2546,-0.0124,0.0539
897,5,1,0,0.402,0.866,-1.000,0.858,1,1,-0.202,0.821,-0.923,1,1.000,1,0,0.2548,-0.0122,0.0539
898,5,1,0,0.000,0.016,-1.000,0.858,1,1,-0.000,0.000,-0.923,0,1.000,0,0,0.2549,-0.0117,0.0539
899,5,1,0,0.016,0.016,-1.000,0.858,1,1,-0.000,0.000,-0.923,0,1.000,0,0,0.2551,-0.0118,0.0538
900,5,1,0,0.016,0.016,-1.000,0.858,1,1,-0.000,0.000,-0.923,1,1.000,1,0,0.2552,-0.0118,0.0538
901,5,1,0,0.024,1.000,-1.000,0.858,1,1,-0.000,1.000,-0.923,1,1.000,1,0,0.2554,-0.0117,0.0538
902,5,1,0,0.024,1.000,-1.000,0.858,1,1,-0.000,1.000,-0.923,1,1.000,1,0,0.2556,-0.0113,0.0540
903,5,1,0,0.024,1.000,-1.000,0.858,1,1,-0.000,1.000,-0.923,1,1.000,1,0,0.2559,-0.0104,0.0541
904,5,1,0,0.024,1.000,-1.000,0.858,1,1,-0.000,1.000,-0.923,1,1.000,1,0,0.2560,-0.0097,0.0542
905,5,1,0,0.024,1.000,-1.000,0.858,1,1,-0.000,1.000,-0.923,1,1.000,1,0,0.2571,-0.0085,0.0548
906,5,1,0,-0.016,0.984,-1.000,0.858,1,1,-0.000,0.979,-0.923,0,1.000,0,0,0.2573,-0.0076,0.0549
907,5,1,0,-0.110,0.551,-1.000,0.858,1,1,-0.000,0.402,-0.923,0,1.000,0,0,0.2578,-0.0067,0.0552
908,5,1,0,-0.008,-0.008,-1.000,0.858,1,1,-0.000,0.000,-0.923,0,1.000,0,0,0.2583,-0.0062,0.0553
909,5,1,0,-0.008,-0.087,-1.000,0.858,1,1,-0.000,0.000,-0.923,0,1.000,0,0,0.2585,-0.0060,0.0553
910,5,0,0,-0.370,-0.260,-1.000,0.858,1,1,0.000,0.000,0.000,1,1.000,1,0,0.2586,-0.0059,0.0553
911,5,0,0,-1.000,-0.252,-1.000,0.858,1,1,0.000,0.000,0.000,1,1.000,1,0,0.2587,-0.0059,0.0553
912,5,0,0,-1.000,-0.213,-1.000,0.858,1,1,0.000,0.000,0.000,1,1.000,1,0,0.2587,-0.0058,0.0553
913,5,0,0,-1.000,-0.118,-1.000,0.858,1,1,0.000,0.000,0.000,1,1.000,1,0,0.2587,-0.0058,0.0553
914,5,0,0,-0.969,0.118,-1.000,0.858,1,1,0.000,0.000,0.000,1,1.000,1,0,0.2587,-0.0058,0.0553
915,5,0,0,-0.189,0.220,-1.000,0.858,1,1,0.000,0.000,0.000,1,1.000,1,0,0.2587,-0.0058,0.0553
916,5,1,0,-0.024,0.016,-1.000,0.858,1,1,-0.000,0.000,-0.923,1,1.000,1,0,0.2588,-0.0058,0.0553
917,5,1,0,-0.063,0.016,-1.000,0.858,1,1,-0.000,0.000,-0.923,1,1.000,1,0,0.2588,-0.0059,0.0553
918,5,1,0,-0.961,0.378,-1.000,0.858,1,1,0.948,0.171,-0.923,1,1.000,1,0,0.2590,-0.0059,0.0553
919,5,1,0,-0.961,0.378,-1.000,0.858,1,1,0.948,0.171,-0.923,1,1.000,1,0,0.2592,-0.0058,0.0553
920,5,1,0,-0.181,0.000,-1.000,0.858,1,1,-0.000,0.000,-0.923,1,1.000,1,0,0.2594,-0.0059,0.0553
921,5,1,0,0.016,-0.079,-1.000,0.858,1,1,-0.000,0.000,-0.923,1,1.000,1,0,0.2595,-0.0059,0.0553
922,5,1,0,-0.016,-0.032,-1.000,0.858,1,1,-0.000,0.000,-0.923,1,1.000,1,0,0.2595,-0.0060,0.0553
923,5,1,0,-1.000,0.102,-1.000,0.858,1,1,1.000,0.000,-0.923,1,1.000,1,0,0.2596,-0.0060,0.0553
924,5,1,0,-1.000,0.102,-1.000,0.858,1,1,1.000,0.000,-0.923,1,1.000,1,0,0.2597,-0.0060,0.0553
925,5,1,0,-0.827,0.102,-1.000,0.858,1,1,0.769,0.000,-0.923,1,1.000,1,0,0.2597,-0.0061,0.0554
926,5,1,0,-0.039,0.008,-1.000,0.858,1,1,-0.000,0.000,-0.923,1,1.000,1,0,0.2597,-0.0061,0.0554
927,5,1,0,0.000,-0.024,-1.000,0.858,1,1,-0.000,0.000,-0.923,1,1.000,1,0,0.2597,-0.0061,0.0554
928,5,1,0,0.024,-0.039,-1.000,0.858,1,1,-0.000,0.000,-0.923,1,1.000,1,0,0.2597,-0.0062,0.0554
929,5,0,0,-0.173,-0.346,-1.000,0.858,1,1,0.000,0.000,0.000,1,1.000,1,0,0.2596,-0.0062,0.0554
930,6,0,0,-0.173,-0.346,-1.000,0.858,1,1,0.000,0.000,0.000,0,0.062,0,0,0.2499,-0.0047,0.0631
931,6,0,0,-0.173,-0.346,-1.000,0.858,1,1,0.000,0.000,0.000,0,0.125,0,0,0.2503,-0.0051,0.0631
932,6,0,0,-0.173,-0.039,-1.000,0.858,1,1,0.000,0.000,0.000,0,0.188,0,0,0.2505,-0.0051,0.0622
933,6,0,0,-0.173,-0.032,-1.000,0.858,1,1,0.000,0.000,0.000,0,0.250,0,0,0.2510,-0.0053,0.0620
934,6,0,0,-0.173,-0.032,-1.000,0.858,1,1,0.000,0.000,0.000,0,0.312,0,0,0.2511,-0.0054,0.0612
935,6,0,0,-0.173,-0.032,-1.000,0.858,1,1,0.000,0.000,0.000,0,0.375,0,0,0.2516,-0.0056,0.0607
936,6,0,0,-0.173,-0.032,-1.000,0.858,1,1,0.000,0.000,0.000,0,0.438,0,0,0.2518,-0.0057,0.0601
937,6,0,0,-0.173,-0.032,-1.000,0.858,1,1,0.000,0.000,0.000,0,0.500,0,0,0.2521,-0.0059,0.0595
938,6,0,0,-0.173,-0.032,-1.000,0.858,1,1,0.000,0.000,0.000,0,0.562,0,0,0.2520,-0.0060,0.0590
939,6,0,0,-0.173,-0.032,-1.000,0.858,1,1,0.000,0.000,0.000,0,0.625,0,0,0.2524,-0.0067,0.0588
940,6,0,0,-0.173,-0.032,-1.000,0.858,1,1,0.000,0.000,0.000,0,0.688,0,0,0.2522,-0.0069,0.0589
941,6,0,0,-0.173,-0.032,-1.000,0.858,1,1,0.000,0.000,0.000,0,0.750,0,0,0.2526,-0.0075,0.0589
942,6,0,0,-0.173,-0.032,-1.000,0.858,1,1,0.000,0.000,0.000,0,0.812,0,0,0.2523,-0.0077,0.0589
943,6,0,0,-0.173,-0.032,-1.000,0.858,1,1,0.000,0.000,0.000,0,0.875,0,0,0.2525,-0.0085,0.0591
944,6,0,0,-0.173,-0.032,-1.000,0.858,1,1,0.000,0.000,0.000,0,0.938,0,0,0.2525,-0.0087,0.0590
945,6,0,0,-0.173,-0.032,-1.000,0.858,1,1,0.000,0.000,0.000,0,1.000,0,0,0.2518,-0.0082,0.0588
946,6,0,0,-0.173,-0.032,-1.000,0.858,1,1,0.000,0.000,0.000,0,1.000,0,0,0.2501,-0.0059,0.0576
947,6,0,0,-0.173,-0.032,-1.000,0.858,1,1,0.000,0.000,0.000,0,1.000,0,0,0.2496,-0.0050,0.0572
948,6,0,0,-0.173,-0.032,-1.000,0.858,1,1,0.000,0.000,0.000,0,1.000,0,0,0.2495,-0.0048,0.0571
949,6,0,0,-0.173,-0.032,-1.000,0.858,1,1,0.000,0.000,0.000,0,1.000,0,0,0.2495,-0.0048,0.0571
950,6,0,0,-0.173,-0.032,-1.000,0.858,1,1,0.000,0.000,0.000,0,1.000,0,0,0.2494,-0.0048,0.0571
951,6,0,0,-0.173,-0.032,-1.000,0.858,1,1,0.000,0.000,0.000,0,1.000,0,0,0.2494,-0.0048,0.0571
952,6,0,0,-0.173,-0.032,-1.000,0.858,1,1,0.000,0.000,0.000,0,1.000,0,0,0.2494,-0.0048,0.0571
953,6,0,0,-0.173,-0.032,-1.000,0.858,1,1,0.000,0.000,0.000,0,1.000,0,0,0.2494,-0.0048,0.0571
954,6,0,0,-0.173,-0.032,-1.000,0.858,1,1,0.000,0.000,0.000,0,1.000,0,0,0.2494,-0.0048,0.0571
955,6,0,0,-0.173,-0.032,-1.000,0.858,1,1,0.000,0.000,0.000,0,1.000,0,0,0.2494,-0.0048,0.0571
956,6,0,0,-0.173,-0.032,-1.000,0.858,1,1,0.000,0.000,0.000,0,1.000,0,0,0.2494,-0.0048,0.0571
957,6,0,0,-0.173,-0.032,-1.000,0.858,1,1,0.000,0.000,0.000,0,1.000,0,0,0.2494,-0.0048,0.0571
958,6,0,0,-0.173,-0.032,-1.000,0.858,1,1,0.000,0.000,0.000,0,1.000,0,0,0.2494,-0.0048,0.0571
959,6,0,0,-0.173,-0.032,-1.000,0.858,1,1,0.000,0.000,0.000,0,1.000,0,0,0.2494,-0.0048,0.0571
960,6,0,0,-0.173,-0.032,-1.000,0.858,1,1,0.000,0.000,0.000,0,1.000,0,0,0.2494,-0.0048,0.0571
961,6,0,0,-0.173,-0.032,-1.000,0.858,1,1,0.000,0.000,0.000,0,1.000,0,0,0.2494,-0.0048,0.0571
962,6,1,0,-0.173,-0.032,-1.000,0.858,1,1,-0.000,0.000,-0.923,0,1.000,0,0,0.2494,-0.0048,0.0571
963,6,1,0,-0.173,-0.032,-1.000,0.858,1,1,-0.000,0.000,-0.923,0,1.000,0,0,0.2493,-0.0050,0.0571
964,6,1,0,-0.173,-0.032,-1.000,0.858,1,1,-0.000,0.000,-0.923,0,1.000,0,0,0.2492,-0.0053,0.0569
965,6,1,0,-0.173,-0.032,-1.000,0.858,1,1,-0.000,0.000,-0.923,0,1.000,0,0,0.2492,-0.0056,0.0567
966,6,1,0,-0.173,-0.032,-1.000,0.858,1,1,-0.000,0.000,-0.923,0,1.000,0,0,0.2491,-0.0059,0.0566
967,6,1,0,-0.173,-0.032,-1.000,0.858,1,1,-0.000,0.000,-0.923,0,1.000,0,0,0.2491,-0.0063,0.0565
968,6,1,0,-0.173,-0.032,-1.000,0.858,1,1,-0.000,0.000,-0.923,0,1.000,0,0,0.2490,-0.0066,0.0563
969,6,1,0,-0.173,-0.032,-1.000,0.858,1,1,-0.000,0.000,-0.923,0,1.000,0,0,0.2491,-0.0070,0.0562
970,6,1,0,-0.173,-0.032,-1.000,0.858,1,1,-0.000,0.000,-0.923,0,1.000,0,0,0.2491,-0.0073,0.0561
971,6,1,0,-0.008,0.024,-1.000,0.858,1,1,-0.000,0.000,-0.923,0,1.000,0,0,0.2491,-0.0077,0.0560
972,6,1,0,-0.008,0.024,-1.000,0.858,1,1,-0.000,0.000,-0.923,0,1.000,0,0,0.2491,-0.0080,0.0559
973,6,1,0,-0.008,0.024,-1.000,0.858,1,1,-0.000,0.000,-0.923,0,1.000,0,0,0.2490,-0.0084,0.0559
974,6,1,0,-0.205,0.882,-1.000,0.858,1,1,-0.000,0.842,-0.923,0,1.000,0,0,0.2491,-0.0082,0.0560
975,6,1,0,-0.197,1.000,-1.000,0.858,1,1,-0.000,1.000,-0.923,0,1.000,0,0,0.2491,-0.0069,0.0562
976,6,1,0,-0.032,0.047,-1.000,0.858,1,1,-0.000,0.000,-0.923,0,1.000,0,0,0.2491,-0.0064,0.0566
977,6,1,0,0.008,0.008,-1.000,0.858,1,1,-0.000,0.000,-0.923,0,1.000,0,0,0.2490,-0.0063,0.0566
978,6,1,0,0.055,0.260,-1.000,0.858,1,1,-0.000,0.013,-0.923,0,1.000,0,0,0.2489,-0.0065,0.0564
979,6,1,0,0.354,0.913,-1.000,0.858,1,1,-0.139,0.884,-0.923,0,1.000,0,0,0.2489,-0.0062,0.0564
980,6,1,0,0.000,0.008,-1.000,0.858,1,1,-0.000,0.000,-0.923,0,1.000,0,0,0.2488,-0.0055,0.0567
981,6,1,0,0.031,0.008,-1.000,0.858,1,1,-0.000,0.000,-0.923,0,1.000,0,0,0.2487,-0.0060,0.0567
982,6,1,0,0.055,0.008,-1.000,0.858,1,1,-0.000,0.000,-0.923,0,1.000,0,0,0.2486,-0.0061,0.0566
983,6,1,0,0.079,0.102,-1.000,0.858,1,1,-0.000,0.000,-0.923,0,1.000,0,0,0.2486,-0.0065,0.0565
984,6,1,0,0.213,0.701,-1.000,0.858,1,1,-0.000,0.601,-0.923,0,1.000,0,0,0.2487,-0.0064,0.0564
985,6,1,0,0.252,0.717,-1.000,0.858,1,1,-0.003,0.622,-0.923,0,1.000,0,0,0.2487,-0.0056,0.0566
986,6,1,0,0.220,0.394,-1.000,0.858,1,1,-0.000,0.192,-0.923,0,1.000,0,0,0.2486,-0.0052,0.0570
987,6,1,0,0.220,0.354,-1.000,0.858,1,1,-0.000,0.139,-0.923,0,1.000,0,0,0.2486,-0.0051,0.0570
988,6,1,0,0.465,0.717,-1.000,0.858,1,1,-0.286,0.622,-0.923,0,1.000,0,0,0.2484,-0.0049,0.0570
989,6,1,0,0.520,0.701,-1.000,0.858,1,1,-0.360,0.601,-0.923,0,1.000,0,0,0.2479,-0.0041,0.0572
990,6,1,0,0.031,-0.016,-1.000,0.858,1,1,-0.000,0.000,-0.923,0,1.000,0,0,0.2477,-0.0040,0.0576
991,6,0,0,0.031,-0.016,-1.000,0.858,1,1,0.000,0.000,0.000,0,1.000,0,0,0.2477,-0.0040,0.0576
992,6,0,0,0.031,-0.024,-1.000,0.858,1,1,0.000,0.000,0.000,0,1.000,0,0,0.2477,-0.0040,0.0576
993,6,0,0,0.031,-0.024,-1.000,0.858,1,1,0.000,0.000,0.000,0,1.000,0,0,0.2477,-0.0040,0.0576
994,6,0,0,0.031,-0.024,-1.000,0.858,1,1,0.000,0.000,0.000,0,1.000,0,0,0.2477,-0.0040,0.0576
995,6,0,0,0.031,-0.024,-1.000,0.858,1,1,0.000,0.000,0.000,0,1.000,0,0,0.2477,-0.0040,0.0576
996,6,0,0,0.031,-0.024,-1.000,0.858,1,1,0.000,0.000,0.000,0,1.000,0,0,0.2477,-0.0040,0.0576
997,6,1,0,0.031,-0.032,-1.000,0.858,1,1,-0.000,0.000,-0.923,0,1.000,0,0,0.2477,-0.0040,0.0576
998,6,1,0,0.031,-0.024,-1.000,0.858,1,1,-0.000,0.000,-0.923,0,1.000,0,0,0.2476,-0.0041,0.0575
999,6,1,0,0.031,-0.024,-1.000,0.858,1,1,-0.000,0.000,-0.923,0,1.000,0,0,0.2474,-0.0045,0.0573
1000,6,1,0,0.031,-0.032,-1.000,0.858,1,1,-0.000,0.000,-0.923,0,1.000,0,0,0.2469,-0.0046,0.0571
1001,6,1,0,0.031,-0.032,-1.000,0.858,1,1,-0.000,0.000,-0.923,0,1.000,0,0,0.2468,-0.0049,0.0570
1002,6,1,0,0.024,-0.024,-1.000,0.858,1,1,-0.000,0.000,-0.923,0,1.000,0,0,0.2468,-0.0052,0.0569
1003,6,1,0,0.024,-0.032,-1.000,0.858,1,1,-0.000,0.000,-0.923,0,1.000,0,0,0.2467,-0.0055,0.0569
1004,6,1,0,0.024,-0.032,-1.000,0.858,1,1,-0.000,0.000,-0.923,0,1.000,0,0,0.2467,-0.0058,0.0568
1005,6,1,0,0.024,-0.024,-1.000,0.858,1,1,-0.000,0.000,-0.923,0,1.000,0,0,0.2467,-0.0062,0.0567
1006,6,1,0,0.024,-0.024,-1.000,0.858,1,1,-0.000,0.000,-0.923,0,1.000,0,0,0.2466,-0.0065,0.0566
1007,6,1,0,0.024,-0.024,-1.000,0.858,1,1,-0.000,0.000,-0.923,0,1.000,0,0,0.2466,-0.0068,0.0566
1008,6,1,0,0.024,-0.032,-1.000,0.858,1,1,-0.000,0.000,-0.923,0,1.000,0,0,0.2466,-0.0072,0.0565
1009,6,1,0,0.024,-0.024,-1.000,0.858,1,1,-0.000,0.000,-0.923,0,1.000,0,0,0.2466,-0.0075,0.0564
1010,6,1,0,0.024,-0.032,-1.000,0.858,1,1,-0.000,0.000,-0.923,0,1.000,0,0,0.2466,-0.0079,0.0563
1011,6,1,0,0.024,-0.024,-1.000,0.858,1,1,-0.000,0.000,-0.923,0,1.000,0,0,0.2466,-0.0083,0.0562
1012,6,1,0,0.016,-0.024,-1.000,0.858,1,1,-0.000,0.000,-0.923,0,1.000,0,0,0.2465,-0.0087,0.0561
1013,6,1,0,0.016,-0.024,-1.000,0.858,1,1,-0.000,0.000,-0.923,0,1.000,0,0,0.2465,-0.0090,0.0561
1014,6,1,0,0.016,-0.024,-1.000,0.858,1,1,-0.000,0.000,-0.923,0,1.000,0,0,0.2465,-0.0093,0.0560
1015,6,1,0,0.016,-0.024,-1.000,0.858,1,1,-0.000,0.000,-0.923,0,1.000,0,0,0.2465,-0.0097,0.0559
1016,6,1,0,0.016,-0.024,-1.000,0.858,1,1,-0.000,0.000,-0.923,0,1.000,0,0,0.2464,-0.0101,0.0558
1017,6,1,0,0.024,-0.024,-1.000,0.858,1,1,-0.000,0.000,-0.923,0,1.000,0,0,0.2463,-0.0104,0.0558
1018,6,1,0,0.024,-0.032,-1.000,0.858,1,1,-0.000,0.000,-0.923,0,1.000,0,0,0.2463,-0.0108,0.0557
1019,6,1,0,0.024,-0.032,-1.000,0.858,1,1,-0.000,0.000,-0.923,0,1.000,0,0,0.2463,-0.0113,0.0557
1020,6,1,0,0.031,-0.024,-1.000,0.858,1,1,-0.000,0.000,-0.923,0,1.000,0,0,0.2463,-0.0117,0.0557
1021,6,1,0,0.031,-0.024,-1.000,0.858,1,1,-0.000,0.000,-0.923,0,1.000,0,0,0.2463,-0.0120,0.0557
1022,6,1,0,0.031,-0.024,-1.000,0.858,1,1,-0.000,0.000,-0.923,0,1.000,0,0,0.2463,-0.0125,0.0556
1023,6,1,0,0.031,-0.024,-1.000,0.858,1,1,-0.000,0.000,-0.923,0,1.000,0,0,0.2462,-0.0128,0.0556
1024,6,1,0,0.024,-0.032,-1.000,0.858,1,1,-0.000,0.000,-0.923,0,1.000,0,0,0.2462,-0.0131,0.0556
1025,6,1,0,0.024,-0.024,-1.000,0.858,1,1,-0.000,0.000,-0.923,0,1.000,0,0,0.2462,-0.0135,0.0556
1026,6,1,0,0.024,-0.032,-1.000,0.858,1,1,-0.000,0.000,-0.923,0,1.000,0,0,0.2462,-0.0139,0.0556
1027,6,1,0,0.024,-0.032,-1.000,0.858,1,1,-0.000,0.000,-0.923,0,1.000,0,0,0.2462,-0.0143,0.0555
1028,6,1,0,0.024,-0.032,-1.000,0.858,1,1,-0.000,0.000,-0.923,0,1.000,0,0,0.2462,-0.0146,0.0555
1029,6,1,0,0.024,-0.032,-1.000,0.858,1,1,-0.000,0.000,-0.923,0,1.000,0,0,0.2462,-0.0150,0.0555
1030,6,1,0,0.024,-0.032,-1.000,0.858,1,1,-0.000,0.000,-0.923,0,1.000,0,0,0.2462,-0.0154,0.0555
1031,6,1,0,0.024,-0.024,-1.000,0.858,1,1,-0.000,0.000,-0.923,0,1.000,0,0,0.2462,-0.0158,0.0555
1032,6,1,0,0.024,-0.024,-1.000,0.858,1,1,-0.000,0.000,-0.923,0,1.000,0,0,0.2461,-0.0162,0.0555
1033,6,1,0,0.024,-0.032,-1.000,0.858,1,1,-0.000,0.000,-0.923,0,1.000,0,0,0.2461,-0.0166,0.0555
1034,6,1,0,0.024,-0.024,-1.000,0.858,1,1,-0.000,0.000,-0.923,0,1.000,0,0,0.2461,-0.0169,0.0554
1035,6,1,0,0.024,-0.032,-1.000,0.858,1,1,-0.000,0.000,-0.923,0,1.000,0,0,0.2461,-0.0172,0.0554
1036,6,1,0,0.024,-0.032,-1.000,0.858,1,1,-0.000,0.000,-0.923,0,1.000,0,0,0.2461,-0.0176,0.0554
1037,6,1,0,0.024,-0.032,-1.000,0.858,1,1,-0.000,0.000,-0.923,0,1.000,0,0,0.2461,-0.0180,0.0554
1038,6,1,0,0.024,-0.024,-1.000,0.858,1,1,-0.000,0.000,-0.923,0,1.000,0,0,0.2461,-0.0184,0.0554
1039,6,1,0,0.024,-0.024,-1.000,0.858,1,1,-0.000,0.000,-0.923,0,1.000,0,0,0.2461,-0.0188,0.0554
1040,6,1,0,0.024,-0.032,-1.000,0.858,1,1,-0.000,0.000,-0.923,0,1.000,0,0,0.2461,-0.0191,0.0554
1041,6,1,0,0.024,-0.024,-1.000,0.858,1,1,-0.000,0.000,-0.923,0,1.000,0,0,0.2461,-0.0195,0.0554
1042,6,1,0,0.024,-0.032,-1.000,0.858,1,1,-0.000,0.000,-0.923,0,1.000,0,0,0.2460,-0.0199,0.0554
1043,6,1,0,0.024,-0.032,-1.000,0.858,1,1,-0.000,0.000,-0.923,0,1.000,0,0,0.2461,-0.0203,0.0553
1044,6,1,0,0.024,-0.032,-1.000,0.858,1,1,-0.000,0.000,-0.923,0,1.000,0,0,0.2460,-0.0206,0.0553
1045,6,1,0,0.016,-0.024,-1.000,0.858,1,1,-0.000,0.000,-0.923,0,1.000,0,0,0.2459,-0.0217,0.0551
1046,6,1,0,0.016,-0.032,-1.000,0.858,1,1,-0.000,0.000,-0.923,0,1.000,0,0,0.2459,-0.0224,0.0546
1047,6,1,0,0.016,-0.024,-1.000,0.858,1,1,-0.000,0.000,-0.923,0,1.000,0,0,0.2459,-0.0225,0.0544
1048,6,1,0,0.016,-0.024,-1.000,0.858,1,1,-0.000,0.000,-0.923,0,1.000,0,0,0.2458,-0.0227,0.0542
1049,6,1,0,0.016,-0.032,-1.000,0.858,1,1,-0.000,0.000,-0.923,0,1.000,0,0,0.2457,-0.0230,0.0542
1050,6,1,0,0.016,-0.024,-1.000,0.858,1,1,-0.000,0.000,-0.923,0,1.000,0,0,0.2457,-0.0233,0.0541
1051,6,1,0,0.008,-0.024,-1.000,0.858,1,1,-0.000,0.000,-0.923,0,1.000,0,0,0.2457,-0.0237,0.0540
1052,6,1,0,-0.016,0.276,-1.000,0.858,1,1,-0.000,0.034,-0.923,0,1.000,0,0,0.2457,-0.0239,0.0540
1053,6,0,0,-0.087,0.905,-1.000,0.858,1,1,0.000,0.000,0.000,0,1.000,0,0,0.2457,-0.0240,0.0540
1054,6,0,0,-0.189,1.000,-1.000,0.858,1,1,0.000,0.000,0.000,0,1.000,0,0,0.2457,-0.0240,0.0540
1055,6,0,0,-0.008,0.008,-1.000,0.858,1,1,0.000,0.000,0.000,0,1.000,0,0,0.2457,-0.0240,0.0540
1056,6,0,0,-0.008,-0.016,-1.000,0.858,1,1,0.000,0.000,0.000,0,1.000,0,0,0.2457,-0.0240,0.0540
1057,6,0,0,0.000,-0.016,-1.000,0.858,1,1,0.000,0.000,0.000,0,1.000,0,0,0.2457,-0.0240,0.0540
1058,6,0,0,0.000,-0.016,-1.000,0.858,1,1,0.000,0.000,0.000,0,1.000,0,0,0.2457,-0.0240,0.0540
1059,6,0,0,0.000,-0.016,-1.000,0.858,1,1,0.000,0.000,0.000,0,1.000,0,0,0.2457,-0.0240,0.0540
1060,6,0,0,0.000,-0.016,-1.000,0.858,1,1,0.000,0.000,0.000,0,1.000,0,0,0.2457,-0.0240,0.0540
1061,6,0,0,0.000,-0.016,-1.000,0.858,1,1,0.000,0.000,0.000,0,1.000,0,0,0.2457,-0.0240,0.0540
1062,6,0,0,0.000,-0.016,-1.000,0.858,1,1,0.000,0.000,0.000,0,1.000,0,0,0.2457,-0.0240,0.0540
1063,6,1,0,0.000,-0.016,-1.000,0.858,1,1,-0.000,0.000,-0.923,0,1.000,0,0,0.2457,-0.0241,0.0540
1064,6,1,0,0.000,-0.016,-1.000,0.858,1,1,-0.000,0.000,-0.923,0,1.000,0,0,0.2457,-0.0244,0.0540
1065,6,1,1,0.000,-0.016,-1.000,0.858,1,1,0.000,0.000,0.000,1,1.000,1,1,0.2456,-0.0249,0.0540
1066,7,1,0,0.000,-0.016,-1.000,0.858,1,1,-0.000,0.000,-0.923,0,0.062,0,0,0.2493,-0.0056,0.0620
1067,7,0,0,0.008,-0.016,-1.000,0.858,1,1,0.000,0.000,0.000,0,0.125,0,0,0.2493,-0.0060,0.0611
1068,7,0,0,0.008,-0.016,-1.000,0.858,1,1,0.000,0.000,0.000,0,0.188,0,0,0.2494,-0.0062,0.0607
1069,7,0,0,0.008,-0.016,-1.000,0.858,1,1,0.000,0.000,0.000,0,0.250,0,0,0.2494,-0.0062,0.0607
1070,7,0,0,0.008,-0.016,-1.000,0.858,1,1,0.000,0.000,0.000,0,0.312,0,0,0.2494,-0.0061,0.0605
1071,7,0,0,0.008,-0.016,-1.000,0.858,1,1,0.000,0.000,0.000,0,0.375,0,0,0.2494,-0.0060,0.0603
1072,7,0,0,0.008,-0.016,-1.000,0.858,1,1,0.000,0.000,0.000,0,0.438,0,0,0.2493,-0.0060,0.0600
1073,7,0,0,0.008,-0.016,-1.000,0.858,1,1,0.000,0.000,0.000,0,0.500,0,0,0.2493,-0.0058,0.0597
1074,7,0,0,0.008,-0.016,-1.000,0.858,1,1,0.000,0.000,0.000,0,0.562,0,0,0.2492,-0.0058,0.0595
1075,7,0,0,0.008,-0.016,-1.000,0.858,1,1,0.000,0.000,0.000,0,0.625,0,0,0.2492,-0.0057,0.0593
1076,7,0,0,0.008,-0.016,-1.000,0.858,1,1,0.000,0.000,0.000,0,0.688,0,0,0.2492,-0.0056,0.0590
1077,7,0,0,0.008,-0.016,-1.000,0.858,1,1,0.000,0.000,0.000,0,0.750,0,0,0.2492,-0.0055,0.0588
1078,7,0,0,0.008,-0.016,-1.000,0.858,1,1,0.000,0.000,0.000,0,0.812,0,0,0.2491,-0.0054,0.0585
1079,7,0,0,0.008,-0.016,-1.000,0.858,1,1,0.000,0.000,0.000,0,0.875,0,0,0.2491,-0.0053,0.0582
1080,7,0,0,0.008,-0.016,-1.000,0.858,1,1,0.000,0.000,0.000,0,0.938,0,0,0.2491,-0.0052,0.0580
1081,7,0,0,0.008,-0.016,-1.000,0.858,1,1,0.000,0.000,0.000,0,1.000,0,0,0.2490,-0.0051,0.0577
1082,7,0,0,0.008,-0.016,-1.000,0.858,1,1,0.000,0.000,0.000,0,1.000,0,0,0.2490,-0.0051,0.0575
1083,7,0,0,0.008,-0.016,-1.000,0.858,1,1,0.000,0.000,0.000,0,1.000,0,0,0.2490,-0.0051,0.0575
1084,7,0,0,0.008,-0.016,-1.000,0.858,1,1,0.000,0.000,0.000,0,1.000,0,0,0.2490,-0.0051,0.0575
1085,7,0,0,0.008,-0.016,-1.000,0.858,1,1,0.000,0.000,0.000,0,1.000,0,0,0.2490,-0.0051,0.0575
1086,7,0,0,0.008,-0.016,-1.000,0.858,1,1,0.000,0.000,0.000,0,1.000,0,0,0.2490,-0.0051,0.0574
1087,7,0,0,0.008,-0.016,-1.000,0.858,1,1,0.000,0.000,0.000,0,1.000,0,0,0.2490,-0.0051,0.0574
1088,7,0,0,0.008,-0.016,-1.000,0.858,1,1,0.000,0.000,0.000,0,1.000,0,0,0.2490,-0.0051,0.0574
1089,7,0,0,0.008,-0.016,-1.000,0.858,1,1,0.000,0.000,0.000,0,1.000,0,0,0.2490,-0.0051,0.0574
1090,7,0,0,0.008,-0.016,-1.000,0.858,1,1,0.000,0.000,0.000,0,1.000,0,0,0.2490,-0.0051,0.0574
1091,7,0,0,0.008,-0.016,-1.000,0.858,1,1,0.000,0.000,0.000,0,1.000,0,0,0.2490,-0.0051,0.0574
1092,7,0,0,0.008,-0.016,-1.000,0.858,1,1,0.000,0.000,0.000,0,1.000,0,0,0.2490,-0.0051,0.0574
1093,7,0,0,0.008,-0.016,-1.000,0.858,1,1,0.000,0.000,0.000,0,1.000,0,0,0.2490,-0.0051,0.0574
1094,7,0,0,0.008,-0.016,-1.000,0.858,1,1,0.000,0.000,0.000,0,1.000,0,0,0.2490,-0.0051,0.0574
1095,7,0,0,0.008,-0.016,-1.000,0.858,1,1,0.000,0.000,0.000,0,1.000,0,0,0.2490,-0.0051,0.0574
1096,7,0,0,0.008,-0.016,-1.000,0.858,1,1,0.000,0.000,0.000,0,1.000,0,0,0.2490,-0.0051,0.0574
1097,7,0,0,0.008,-0.016,-1.000,0.858,1,1,0.000,0.000,0.000,0,1.000,0,0,0.2490,-0.0051,0.0574
1098,7,0,0,0.008,-0.016,-1.000,0.858,1,1,0.000,0.000,0.000,0,1.000,0,0,0.2490,-0.0051,0.0574
1099,7,0,0,0.008,-0.016,-1.000,0.858,1,1,0.000,0.000,0.000,0,1.000,0,0,0.2490,-0.0051,0.0574
1100,7,1,0,0.008,-0.016,-1.000,0.858,1,1,-0.000,0.000,-0.923,0,1.000,0,0,0.2490,-0.0052,0.0574
1101,7,1,0,0.008,-0.016,-1.000,0.858,1,1,-0.000,0.000,-0.923,0,1.000,0,0,0.2491,-0.0054,0.0573
1102,7,1,0,0.008,-0.016,-1.000,0.858,1,1,-0.000,0.000,-0.923,0,1.000,0,0,0.2491,-0.0057,0.0570
1103,7,1,0,0.008,-0.016,-1.000,0.858,1,1,-0.000,0.000,-0.923,0,1.000,0,0,0.2492,-0.0060,0.0568
1104,7,1,0,0.008,-0.016,-1.000,0.858,1,1,-0.000,0.000,-0.923,0,1.000,0,0,0.2493,-0.0064,0.0566
1105,7,1,0,0.000,-0.016,-1.000,0.858,1,1,-0.000,0.000,-0.923,0,1.000,0,0,0.2494,-0.0067,0.0565
1106,7,1,0,0.000,-0.016,-1.000,0.858,1,1,-0.000,0.000,-0.923,0,1.000,0,0,0.2495,-0.0071,0.0563
1107,7,1,0,0.000,-0.016,-1.000,0.858,1,1,-0.000,0.000,-0.923,0,1.000,0,0,0.2496,-0.0075,0.0560
1108,7,1,0,0.000,-0.016,-1.000,0.858,1,1,-0.000,0.000,-0.923,0,1.000,0,0,0.2497,-0.0078,0.0559
1109,7,1,0,0.000,-0.016,-1.000,0.858,1,1,-0.000,0.000,-0.923,0,1.000,0,0,0.2498,-0.0082,0.0557
1110,7,1,0,0.000,-0.016,-1.000,0.858,1,1,-0.000,0.000,-0.923,0,1.000,0,0,0.2499,-0.0086,0.0556
1111,7,1,0,0.000,-0.016,-1.000,0.858,1,1,-0.000,0.000,-0.923,0,1.000,0,0,0.2500,-0.0089,0.0555
1112,7,1,0,0.000,-0.016,-1.000,0.858,1,1,-0.000,0.000,-0.923,0,1.000,0,0,0.2501,-0.0094,0.0553
1113,7,1,0,0.000,-0.016,-1.000,0.858,1,1,-0.000,0.000,-0.923,0,1.000,0,0,0.2503,-0.0098,0.0552
1114,7,1,0,0.000,-0.016,-1.000,0.858,1,1,-0.000,0.000,-0.923,0,1.000,0,0,0.2504,-0.0101,0.0550
1115,7,1,0,0.000,-0.016,-1.000,0.858,1,1,-0.000,0.000,-0.923,0,1.000,0,0,0.2505,-0.0105,0.0549
1116,7,1,0,0.000,-0.016,-1.000,0.858,1,1,-0.000,0.000,-0.923,0,1.000,0,0,0.2506,-0.0109,0.0548
1117,7,1,0,0.000,-0.016,-1.000,0.858,1,1,-0.000,0.000,-0.923,0,1.000,0,0,0.2507,-0.0113,0.0546
1118,7,1,0,0.000,-0.016,-1.000,0.858,1,1,-0.000,0.000,-0.923,0,1.000,0,0,0.2509,-0.0117,0.0546
1119,7,1,0,0.008,-0.016,-1.000,0.858,1,1,-0.000,0.000,-0.923,0,1.000,0,0,0.2509,-0.0120,0.0546
1120,7,0,0,0.000,-0.016,-1.000,0.858,1,1,0.000,0.000,0.000,0,1.000,0,0,0.2510,-0.0124,0.0546
1121,7,0,0,0.000,-0.016,-1.000,0.858,1,1,0.000,0.000,0.000,0,1.000,0,0,0.2510,-0.0125,0.0545
1122,7,1,0,0.000,-0.016,-1.000,0.858,1,1,-0.000,0.000,-0.923,0,1.000,0,0,0.2511,-0.0125,0.0545
1123,7,1,0,0.000,-0.016,-1.000,0.858,1,1,-0.000,0.000,-0.923,0,1.000,0,0,0.2511,-0.0129,0.0545
1124,7,1,0,0.000,-0.016,-1.000,0.858,1,1,-0.000,0.000,-0.923,0,1.000,0,0,0.2512,-0.0133,0.0544
1125,7,1,0,0.000,-0.016,-1.000,0.858,1,1,-0.000,0.000,-0.923,0,1.000,0,0,0.2514,-0.0136,0.0544
1126,7,1,0,0.000,-0.016,-1.000,0.858,1,1,-0.000,0.000,-0.923,0,1.000,0,0,0.2515,-0.0141,0.0544
1127,7,1,0,0.000,-0.016,-1.000,0.858,1,1,-0.000,0.000,-0.923,0,1.000,0,0,0.2515,-0.0144,0.0543
1128,7,1,0,0.008,-0.016,-1.000,-0.402,1,1,-0.000,0.000,-0.238,0,1.000,0,0,0.2516,-0.0148,0.0543
1129,7,1,0,0.008,-0.016,1.000,1.000,1,1,-0.000,0.000,0.000,0,1.000,0,0,0.2517,-0.0149,0.0543
1130,7,1,0,0.008,-0.016,1.000,1.000,1,1,-0.000,0.000,0.000,0,1.000,0,0,0.2517,-0.0149,0.0543
1131,7,1,0,0.008,-0.016,1.000,1.000,1,1,-0.000,0.000,0.000,0,1.000,0,0,0.2517,-0.0150,0.0543
1132,7,1,0,0.008,-0.016,1.000,1.000,1,1,-0.000,0.000,0.000,0,1.000,0,0,0.2517,-0.0150,0.0543
1133,7,1,0,0.008,-0.016,-1.000,-1.000,1,1,-0.000,0.000,0.000,0,1.000,0,0,0.2517,-0.0150,0.0543
1134,7,1,0,0.008,-0.016,-1.000,-1.000,1,1,-0.000,0.000,0.000,0,1.000,0,0,0.2517,-0.0150,0.0543
1135,7,1,0,0.008,-0.016,-1.000,-1.000,1,1,-0.000,0.000,0.000,0,1.000,0,0,0.2517,-0.0150,0.0543
1136,7,1,0,0.008,-0.016,-1.000,-1.000,1,1,-0.000,0.000,0.000,0,1.000,0,0,0.2517,-0.0150,0.0543
1137,7,1,0,0.008,-0.016,-1.000,-1.000,1,1,-0.000,0.000,0.000,0,1.000,0,0,0.2517,-0.0150,0.0543
1138,7,1,0,0.008,-0.016,-1.000,-1.000,1,1,-0.000,0.000,0.000,0,1.000,0,0,0.2517,-0.0150,0.0543
1139,7,1,0,0.008,-0.016,-1.000,-1.000,1,1,-0.000,0.000,0.000,0,1.000,0,0,0.2517,-0.0150,0.0543
1140,7,1,0,0.008,-0.016,-1.000,-1.000,1,1,-0.000,0.000,0.000,0,1.000,0,0,0.2517,-0.0150,0.0543
1141,7,1,0,0.008,-0.016,-1.000,-1.000,1,1,-0.000,0.000,0.000,0,1.000,0,0,0.2517,-0.0150,0.0543
1142,7,1,0,0.008,-0.016,-1.000,-1.000,1,1,-0.000,0.000,0.000,0,1.000,0,0,0.2517,-0.0150,0.0543
1143,7,1,0,0.008,-0.016,-1.000,-1.000,1,1,-0.000,0.000,0.000,0,1.000,0,0,0.2517,-0.0150,0.0543
1144,7,1,0,0.008,-0.016,-1.000,-1.000,1,1,-0.000,0.000,0.000,0,1.000,0,0,0.2517,-0.0150,0.0543
1145,7,0,0,0.008,-0.016,-1.000,-1.000,1,1,0.000,0.000,0.000,0,1.000,0,0,0.2517,-0.0150,0.0543
1146,7,0,0,0.008,-0.016,-1.000,-1.000,1,1,0.000,0.000,0.000,0,1.000,0,0,0.2517,-0.0150,0.0543
1147,7,1,0,0.008,-0.016,-1.000,-1.000,1,1,-0.000,0.000,0.000,0,1.000,0,0,0.2517,-0.0150,0.0543
1148,7,1,0,0.008,-0.016,-1.000,-1.000,1,1,-0.000,0.000,0.000,0,1.000,0,0,0.2517,-0.0150,0.0543
1149,7,0,0,0.008,-0.016,-1.000,-1.000,1,1,0.000,0.000,0.000,0,1.000,0,0,0.2517,-0.0150,0.0543
1150,7,0,0,0.008,-0.016,-1.000,-1.000,1,1,0.000,0.000,0.000,0,1.000,0,0,0.2517,-0.0150,0.0543
1151,7,0,0,0.008,-0.016,-1.000,-1.000,1,1,0.000,0.000,0.000,0,1.000,0,0,0.2517,-0.0150,0.0543
1152,7,0,0,0.008,-0.016,-1.000,-1.000,1,1,0.000,0.000,0.000,0,1.000,0,0,0.2517,-0.0150,0.0543
1153,7,0,0,0.008,-0.016,-1.000,-1.000,1,1,0.000,0.000,0.000,0,1.000,0,0,0.2517,-0.0150,0.0543
1154,7,0,0,0.008,-0.016,-1.000,-1.000,1,1,0.000,0.000,0.000,0,1.000,0,0,0.2517,-0.0150,0.0543
1155,7,0,0,0.008,-0.016,-1.000,-1.000,1,1,0.000,0.000,0.000,0,1.000,0,0,0.2517,-0.0150,0.0543
1156,7,0,0,0.008,-0.016,-1.000,-1.000,1,1,0.000,0.000,0.000,0,1.000,0,0,0.2517,-0.0150,0.0543
1157,7,0,0,0.008,-0.016,-1.000,-1.000,1,1,0.000,0.000,0.000,0,1.000,0,0,0.2517,-0.0150,0.0543
1158,7,0,0,0.008,-0.016,-1.000,-1.000,1,1,0.000,0.000,0.000,0,1.000,0,0,0.2517,-0.0150,0.0543
1159,7,0,0,0.008,-0.016,-1.000,-1.000,1,1,0.000,0.000,0.000,0,1.000,0,0,0.2517,-0.0150,0.0543
1160,7,0,0,0.008,-0.016,-1.000,-1.000,1,1,0.000,0.000,0.000,0,1.000,0,0,0.2517,-0.0150,0.0543
1161,7,0,0,0.008,-0.016,-1.000,-1.000,1,1,0.000,0.000,0.000,0,1.000,0,0,0.2517,-0.0150,0.0543
1162,7,0,0,0.008,-0.016,-1.000,-1.000,1,1,0.000,0.000,0.000,0,1.000,0,0,0.2517,-0.0150,0.0543
1163,7,0,0,0.008,-0.016,-1.000,-1.000,1,1,0.000,0.000,0.000,0,1.000,0,0,0.2517,-0.0150,0.0543
1164,7,0,0,0.008,-0.016,-1.000,-1.000,1,1,0.000,0.000,0.000,0,1.000,0,0,0.2517,-0.0150,0.0543
1165,7,0,0,0.008,-0.016,-1.000,-1.000,1,1,0.000,0.000,0.000,0,1.000,0,0,0.2517,-0.0150,0.0543
1166,7,0,0,0.008,-0.016,-1.000,-1.000,1,1,0.000,0.000,0.000,0,1.000,0,0,0.2517,-0.0150,0.0543
1167,7,0,0,0.008,-0.016,-1.000,-1.000,1,1,0.000,0.000,0.000,0,1.000,0,0,0.2517,-0.0150,0.0543
1168,7,0,0,0.008,-0.016,-1.000,-1.000,1,1,0.000,0.000,0.000,0,1.000,0,0,0.2517,-0.0150,0.0543
1169,7,0,0,0.008,-0.016,-1.000,-1.000,1,1,0.000,0.000,0.000,0,1.000,0,0,0.2517,-0.0150,0.0543
1170,7,0,0,0.008,-0.016,-1.000,-1.000,1,1,0.000,0.000,0.000,0,1.000,0,0,0.2517,-0.0150,0.0543
1171,7,0,0,0.008,-0.016,-1.000,-1.000,1,1,0.000,0.000,0.000,0,1.000,0,0,0.2517,-0.0150,0.0543
1172,7,0,0,0.008,-0.016,-1.000,-1.000,1,1,0.000,0.000,0.000,0,1.000,0,0,0.2517,-0.0150,0.0543
1173,7,0,0,0.008,-0.016,-1.000,-1.000,1,1,0.000,0.000,0.000,0,1.000,0,0,0.2517,-0.0150,0.0543
1174,7,0,0,0.000,-0.016,-1.000,-1.000,1,1,0.000,0.000,0.000,0,1.000,0,0,0.2517,-0.0150,0.0543
1175,7,0,0,0.000,-0.016,-1.000,-1.000,1,1,0.000,0.000,0.000,0,1.000,0,0,0.2517,-0.0150,0.0543
1176,7,0,0,0.000,-0.016,-1.000,-1.000,1,1,0.000,0.000,0.000,0,1.000,0,0,0.2517,-0.0150,0.0543
1177,7,0,0,0.000,0.008,-1.000,-1.000,1,1,0.000,0.000,0.000,0,1.000,0,0,0.2517,-0.0150,0.0543
1178,7,0,0,0.000,0.008,-1.000,-1.000,1,1,0.000,0.000,0.000,0,1.000,0,0,0.2517,-0.0150,0.0543
1179,7,0,0,0.000,0.008,-1.000,-1.000,1,1,0.000,0.000,0.000,0,1.000,0,0,0.2517,-0.0150,0.0543
1180,7,0,0,0.000,-0.008,-1.000,-1.000,1,1,0.000,0.000,0.000,0,1.000,0,0,0.2517,-0.0150,0.0543
1181,7,0,0,0.000,-0.016,-1.000,-1.000,1,1,0.000,0.000,0.000,0,1.000,0,0,0.2517,-0.0150,0.0543
1182,7,0,0,0.000,-0.016,-1.000,-1.000,1,1,0.000,0.000,0.000,0,1.000,0,0,0.2517,-0.0150,0.0543
1183,7,0,0,0.000,-0.016,-1.000,-1.000,1,1,0.000,0.000,0.000,0,1.000,0,0,0.2517,-0.0150,0.0543
1184,7,0,0,0.000,-0.016,-1.000,-1.000,1,1,0.000,0.000,0.000,0,1.000,0,0,0.2517,-0.0150,0.0543
1185,7,0,0,0.000,-0.016,-1.000,-1.000,1,1,0.000,0.000,0.000,0,1.000,0,0,0.2517,-0.0150,0.0543
1186,7,0,0,0.000,-0.016,-1.000,-1.000,1,1,0.000,0.000,0.000,0,1.000,0,0,0.2517,-0.0150,0.0543
1187,7,0,0,0.000,-0.016,-1.000,-1.000,1,1,0.000,0.000,0.000,0,1.000,0,0,0.2517,-0.0150,0.0543
1188,7,0,0,0.000,-0.016,-1.000,-1.000,1,1,0.000,0.000,0.000,0,1.000,0,0,0.2517,-0.0150,0.0543
1189,7,0,0,0.000,-0.016,-1.000,-1.000,1,1,0.000,0.000,0.000,0,1.000,0,0,0.2517,-0.0150,0.0543
1190,7,0,0,0.000,-0.016,-1.000,-1.000,1,1,0.000,0.000,0.000,0,1.000,0,0,0.2517,-0.0150,0.0543
1191,7,0,0,0.000,-0.016,-1.000,-1.000,1,1,0.000,0.000,0.000,0,1.000,0,0,0.2517,-0.0150,0.0543
1192,7,0,0,0.000,-0.016,-1.000,-1.000,1,1,0.000,0.000,0.000,0,1.000,0,0,0.2517,-0.0150,0.0543
1193,7,0,0,0.000,-0.016,-1.000,-1.000,1,1,0.000,0.000,0.000,0,1.000,0,0,0.2517,-0.0150,0.0543
1194,7,0,0,0.000,-0.016,-1.000,-1.000,1,1,0.000,0.000,0.000,0,1.000,0,0,0.2517,-0.0150,0.0543
1195,7,0,0,0.000,-0.016,-1.000,-1.000,1,1,0.000,0.000,0.000,0,1.000,0,0,0.2517,-0.0150,0.0543
1196,7,0,0,0.000,-0.016,-1.000,-1.000,1,1,0.000,0.000,0.000,0,1.000,0,0,0.2517,-0.0150,0.0543
1197,7,0,0,0.000,-0.016,-1.000,-1.000,1,1,0.000,0.000,0.000,0,1.000,0,0,0.2517,-0.0150,0.0543
1198,7,0,0,0.000,-0.016,-1.000,-1.000,1,1,0.000,0.000,0.000,0,1.000,0,0,0.2517,-0.0150,0.0543
1199,7,0,0,0.000,-0.016,-1.000,-1.000,1,1,0.000,0.000,0.000,0,1.000,0,0,0.2517,-0.0150,0.0543
1200,7,0,0,0.000,-0.016,-1.000,-1.000,1,1,0.000,0.000,0.000,0,1.000,0,0,0.2517,-0.0150,0.0543
1201,7,0,0,0.000,-0.016,-1.000,-1.000,1,1,0.000,0.000,0.000,0,1.000,0,0,0.2517,-0.0150,0.0543
1202,7,0,0,0.000,-0.016,-1.000,-1.000,1,1,0.000,0.000,0.000,0,1.000,0,0,0.2517,-0.0150,0.0543
1203,7,0,0,0.000,-0.016,-1.000,-1.000,1,1,0.000,0.000,0.000,0,1.000,0,0,0.2517,-0.0150,0.0543
1204,7,0,0,0.000,-0.016,-1.000,-1.000,1,1,0.000,0.000,0.000,0,1.000,0,0,0.2517,-0.0150,0.0543
1205,7,0,0,0.000,-0.016,-1.000,-1.000,1,1,0.000,0.000,0.000,0,1.000,0,0,0.2517,-0.0150,0.0543
1206,7,0,0,0.024,-0.016,-1.000,-1.000,1,1,0.000,0.000,0.000,0,1.000,0,0,0.2517,-0.0150,0.0543
1207,7,0,0,0.016,-0.016,-1.000,-1.000,1,1,0.000,0.000,0.000,0,1.000,0,0,0.2517,-0.0150,0.0543
1208,7,0,0,0.016,-0.016,-1.000,-1.000,1,1,0.000,0.000,0.000,0,1.000,0,0,0.2517,-0.0150,0.0543
1209,7,0,0,-0.008,-0.016,-1.000,-1.000,1,1,0.000,0.000,0.000,0,1.000,0,0,0.2517,-0.0150,0.0543
1210,7,0,0,0.000,-0.016,-1.000,-1.000,1,1,0.000,0.000,0.000,0,1.000,0,0,0.2517,-0.0150,0.0543
1211,7,0,0,0.000,-0.016,-1.000,-1.000,1,1,0.000,0.000,0.000,0,1.000,0,0,0.2517,-0.0150,0.0543
1212,7,0,0,0.000,-0.016,-1.000,-1.000,1,1,0.000,0.000,0.000,0,1.000,0,0,0.2517,-0.0150,0.0543
1213,7,0,0,0.000,-0.016,-1.000,-1.000,1,1,0.000,0.000,0.000,0,1.000,0,0,0.2517,-0.0150,0.0543
1214,7,0,0,0.000,-0.016,-1.000,-1.000,1,1,0.000,0.000,0.000,0,1.000,0,0,0.2517,-0.0150,0.0543
1215,7,0,0,0.000,-0.016,-1.000,-1.000,1,1,0.000,0.000,0.000,0,1.000,0,0,0.2517,-0.0150,0.0543
1216,7,0,0,0.000,-0.016,-1.000,-1.000,1,1,0.000,0.000,0.000,0,1.000,0,0,0.2517,-0.0150,0.0543
1217,7,0,0,0.000,-0.016,-1.000,-1.000,1,1,0.000,0.000,0.000,0,1.000,0,0,0.2517,-0.0150,0.0543
1218,7,0,0,0.016,-0.055,-1.000,-1.000,1,1,0.000,0.000,0.000,0,1.000,0,0,0.2517,-0.0150,0.0543
1219,7,0,0,0.016,-0.055,-1.000,-1.000,1,1,0.000,0.000,0.000,0,1.000,0,0,0.2517,-0.0150,0.0543
1220,7,0,0,0.008,-0.047,-1.000,-1.000,1,1,0.000,0.000,0.000,0,1.000,0,0,0.2517,-0.0150,0.0543
1221,7,0,0,0.008,-0.047,-1.000,-1.000,1,1,0.000,0.000,0.000,0,1.000,0,0,0.2517,-0.0150,0.0543
1222,7,0,0,0.008,-0.047,-1.000,-1.000,1,1,0.000,0.000,0.000,0,1.000,0,0,0.2517,-0.0150,0.0543
1223,7,0,0,0.008,-0.047,-1.000,-1.000,1,1,0.000,0.000,0.000,0,1.000,0,0,0.2517,-0.0150,0.0543
1224,7,0,0,0.008,-0.047,-1.000,-1.000,1,1,0.000,0.000,0.000,0,1.000,0,0,0.2517,-0.0150,0.0543
1225,7,0,0,0.008,-0.047,-1.000,-1.000,1,1,0.000,0.000,0.000,0,1.000,0,0,0.2517,-0.0150,0.0543
1226,7,0,0,0.008,-0.047,-1.000,-1.000,1,1,0.000,0.000,0.000,0,1.000,0,0,0.2517,-0.0150,0.0543
1227,7,0,0,0.008,-0.047,-1.000,-1.000,1,1,0.000,0.000,0.000,0,1.000,0,0,0.2517,-0.0150,0.0543
1228,7,0,0,0.008,-0.047,-1.000,-1.000,1,1,0.000,0.000,0.000,0,1.000,0,0,0.2517,-0.0150,0.0543
1229,7,0,0,0.008,-0.047,-1.000,-1.000,1,1,0.000,0.000,0.000,0,1.000,0,0,0.2517,-0.0150,0.0543
1230,7,0,0,0.008,-0.047,-1.000,-1.000,1,1,0.000,0.000,0.000,0,1.000,0,0,0.2517,-0.0150,0.0543
1231,7,0,0,0.008,-0.047,-1.000,-1.000,1,1,0.000,0.000,0.000,0,1.000,0,0,0.2517,-0.0150,0.0543
1232,7,0,0,0.008,-0.047,-1.000,-1.000,1,1,0.000,0.000,0.000,0,1.000,0,0,0.2517,-0.0150,0.0543
1233,8,0,0,0.008,-0.047,-1.000,-1.000,1,1,0.000,0.000,0.000,0,0.059,0,0,0.2496,-0.0053,0.0621
1234,8,0,0,0.008,-0.047,-1.000,-1.000,1,1,0.000,0.000,0.000,0,0.118,0,0,0.2498,-0.0058,0.0614
1235,8,0,0,0.008,-0.047,-1.000,-1.000,1,1,0.000,0.000,0.000,0,0.176,0,0,0.2498,-0.0060,0.0613
1236,8,0,0,0.008,-0.047,-1.000,-1.000,1,1,0.000,0.000,0.000,0,0.235,0,0,0.2497,-0.0060,0.0611
1237,8,0,0,0.008,-0.047,-1.000,-1.000,1,1,0.000,0.000,0.000,0,0.294,0,0,0.2497,-0.0058,0.0608
1238,8,0,0,0.031,-0.047,-1.000,-1.000,1,1,0.000,0.000,0.000,0,0.353,0,0,0.2496,-0.0058,0.0606
1239,8,0,0,-0.008,-0.047,-1.000,-1.000,1,1,0.000,0.000,0.000,0,0.412,0,0,0.2496,-0.0057,0.0604
1240,8,0,0,-0.008,-0.047,-1.000,-1.000,1,1,0.000,0.000,0.000,0,0.471,0,0,0.2495,-0.0055,0.0601
1241,8,0,0,0.016,-0.055,-1.000,-1.000,1,1,0.000,0.000,0.000,0,0.529,0,0,0.2494,-0.0054,0.0598
1242,8,1,0,0.016,-0.055,-1.000,-1.000,1,1,-0.000,0.000,0.000,0,0.588,0,0,0.2494,-0.0053,0.0596
1243,8,1,0,0.016,-0.055,-1.000,-1.000,1,1,-0.000,0.000,0.000,0,0.647,0,0,0.2493,-0.0052,0.0594
1244,8,1,0,0.008,-0.055,-1.000,-1.000,1,1,-0.000,0.000,0.000,0,0.706,0,0,0.2493,-0.0051,0.0591
1245,8,1,0,0.008,-0.055,-1.000,-1.000,1,1,-0.000,0.000,0.000,0,0.765,0,0,0.2492,-0.0050,0.0588
1246,8,1,0,0.008,-0.055,-1.000,-1.000,1,1,-0.000,0.000,0.000,0,0.824,0,0,0.2491,-0.0049,0.0586
1247,8,1,0,0.008,-0.055,-1.000,-1.000,1,1,-0.000,0.000,0.000,0,0.882,0,0,0.2491,-0.0048,0.0583
1248,8,1,0,0.008,-0.055,-1.000,-1.000,1,1,-0.000,0.000,0.000,0,0.941,0,0,0.2490,-0.0047,0.0581
1249,8,1,0,0.008,-0.055,-1.000,-1.000,1,1,-0.000,0.000,0.000,0,1.000,0,0,0.2490,-0.0046,0.0578
1250,8,1,0,0.008,-0.055,-1.000,-1.000,1,1,-0.000,0.000,0.000,0,1.000,0,0,0.2489,-0.0045,0.0576
1251,8,1,0,0.008,-0.055,-1.000,-1.000,1,1,-0.000,0.000,0.000,0,1.000,0,0,0.2490,-0.0045,0.0576
1252,8,1,0,0.008,-0.055,-1.000,-1.000,1,1,-0.000,0.000,0.000,0,1.000,0,0,0.2490,-0.0045,0.0576
1253,8,1,0,0.008,-0.055,-1.000,-1.000,1,1,-0.000,0.000,0.000,0,1.000,0,0,0.2489,-0.0045,0.0576
1254,8,1,0,0.008,-0.055,-1.000,-1.000,1,1,-0.000,0.000,0.000,0,1.000,0,0,0.2489,-0.0045,0.0576
1255,8,1,0,0.008,-0.055,-1.000,-1.000,1,1,-0.000,0.000,0.000,0,1.000,0,0,0.2489,-0.0045,0.0576
1256,8,1,0,0.008,-0.055,-1.000,-1.000,1,1,-0.000,0.000,0.000,0,1.000,0,0,0.2489,-0.0045,0.0576
1257,8,1,0,0.008,-0.055,-1.000,-1.000,1,1,-0.000,0.000,0.000,0,1.000,0,0,0.2489,-0.0045,0.0576
1258,8,1,0,0.008,-0.055,-1.000,-1.000,1,1,-0.000,0.000,0.000,0,1.000,0,0,0.2489,-0.0045,0.0576
1259,8,1,0,0.008,-0.055,-1.000,-1.000,1,1,-0.000,0.000,0.000,0,1.000,0,0,0.2489,-0.0045,0.0576
1260,8,1,0,0.008,-0.055,-1.000,-1.000,1,1,-0.000,0.000,0.000,0,1.000,0,0,0.2489,-0.0045,0.0576
1261,8,1,0,0.008,-0.055,-1.000,-1.000,1,1,-0.000,0.000,0.000,0,1.000,0,0,0.2489,-0.0045,0.0576
1262,8,1,0,0.008,-0.055,-1.000,-1.000,1,1,-0.000,0.000,0.000,0,1.000,0,0,0.2489,-0.0045,0.0576
1263,8,1,0,0.008,-0.055,-1.000,-1.000,1,1,-0.000,0.000,0.000,0,1.000,0,0,0.2489,-0.0045,0.0576
1264,8,1,0,0.008,-0.055,-1.000,-1.000,1,1,-0.000,0.000,0.000,0,1.000,0,0,0.2489,-0.0045,0.0576
1265,8,0,0,0.016,-0.055,-1.000,-1.000,1,1,0.000,0.000,0.000,0,1.000,0,0,0.2489,-0.0045,0.0576
1266,8,0,0,0.016,-0.055,-1.000,-1.000,1,1,0.000,0.000,0.000,0,1.000,0,0,0.2489,-0.0045,0.0576
1267,8,0,0,0.016,-0.055,-1.000,-1.000,1,1,0.000,0.000,0.000,0,1.000,0,0,0.2489,-0.0045,0.0576
1268,8,0,0,0.016,-0.055,-1.000,-1.000,1,1,0.000,0.000,0.000,0,1.000,0,0,0.2489,-0.0045,0.0576
1269,8,0,0,0.016,-0.055,-1.000,-1.000,1,1,0.000,0.000,0.000,0,1.000,0,0,0.2489,-0.0045,0.0576
1270,8,0,0,0.016,-0.055,-1.000,-1.000,1,1,0.000,0.000,0.000,0,1.000,0,0,0.2489,-0.0045,0.0576
1271,8,0,0,0.016,-0.055,-1.000,-1.000,1,1,0.000,0.000,0.000,0,1.000,0,0,0.2489,-0.0045,0.0576
1272,8,0,0,0.016,-0.055,-1.000,-1.000,1,1,0.000,0.000,0.000,0,1.000,0,0,0.2489,-0.0045,0.0576
1273,8,0,0,0.016,-0.055,-1.000,-1.000,1,1,0.000,0.000,0.000,0,1.000,0,0,0.2489,-0.0045,0.0576
1274,8,0,0,0.016,-0.055,-1.000,-1.000,1,1,0.000,0.000,0.000,0,1.000,0,0,0.2489,-0.0045,0.0576
1275,8,0,0,0.016,-0.055,-1.000,-1.000,1,1,0.000,0.000,0.000,0,1.000,0,0,0.2489,-0.0045,0.0576
1276,8,0,0,0.016,-0.055,-1.000,-1.000,1,1,0.000,0.000,0.000,0,1.000,0,0,0.2489,-0.0045,0.0576
1277,8,0,0,0.016,-0.055,-1.000,-1.000,1,1,0.000,0.000,0.000,0,1.000,0,0,0.2489,-0.0045,0.0576
1278,8,0,0,0.016,-0.055,-1.000,-1.000,1,1,0.000,0.000,0.000,0,1.000,0,0,0.2489,-0.0045,0.0576
1279,8,1,0,0.016,-0.055,-1.000,-1.000,1,1,-0.000,0.000,0.000,0,1.000,0,0,0.2489,-0.0045,0.0576
1280,8,1,0,0.016,-0.055,-1.000,-1.000,1,1,-0.000,0.000,0.000,0,1.000,0,0,0.2489,-0.0045,0.0576
1281,8,1,0,0.016,-0.055,-1.000,-1.000,1,1,-0.000,0.000,0.000,0,1.000,0,0,0.2489,-0.0045,0.0576
1282,8,1,0,0.016,-0.055,-1.000,-1.000,1,1,-0.000,0.000,0.000,0,1.000,0,0,0.2489,-0.0045,0.0576
1283,8,1,1,0.016,-0.055,-1.000,-1.000,1,1,0.000,0.000,0.000,1,1.000,1,1,0.2489,-0.0045,0.0576
1284,9,1,0,0.016,-0.055,-1.000,-1.000,1,1,-0.000,0.000,0.000,0,0.333,0,0,0.2493,-0.0050,0.0618
1285,9,1,0,0.016,-0.055,-1.000,-1.000,1,1,-0.000,0.000,0.000,0,0.667,0,0,0.2490,-0.0044,0.0581
1286,9,1,0,0.016,-0.055,-1.000,-1.000,1,1,-0.000,0.000,0.000,0,1.000,0,0,0.2490,-0.0046,0.0568
1287,9,1,0,0.016,-0.055,-1.000,-1.000,1,1,-0.000,0.000,0.000,0,1.000,0,0,0.2490,-0.0045,0.0571
1288,9,1,0,0.016,-0.055,-1.000,-1.000,1,1,-0.000,0.000,0.000,0,1.000,0,0,0.2490,-0.0045,0.0573
1289,9,1,0,0.016,-0.055,-1.000,-1.000,1,1,-0.000,0.000,0.000,0,1.000,0,0,0.2490,-0.0046,0.0573
1290,9,0,0,0.016,-0.055,-1.000,-1.000,1,1,0.000,0.000,0.000,0,1.000,0,0,0.2490,-0.0046,0.0573
1291,9,0,0,0.016,-0.055,-1.000,-1.000,1,1,0.000,0.000,0.000,0,1.000,0,0,0.2490,-0.0046,0.0573
1292,9,0,0,0.016,-0.055,-1.000,-1.000,1,1,0.000,0.000,0.000,0,1.000,0,0,0.2490,-0.0046,0.0573
1293,9,0,0,0.016,-0.055,-1.000,-1.000,1,1,0.000,0.000,0.000,0,1.000,0,0,0.2490,-0.0046,0.0573
1294,9,0,0,0.016,-0.055,-1.000,-1.000,1,1,0.000,0.000,0.000,0,1.000,0,0,0.2490,-0.0046,0.0573
1295,9,0,0,0.016,-0.055,-1.000,-1.000,1,1,0.000,0.000,0.000,0,1.000,0,0,0.2490,-0.0046,0.0573
1296,9,0,0,0.016,-0.055,-1.000,-1.000,1,1,0.000,0.000,0.000,0,1.000,0,0,0.2490,-0.0046,0.0573
1297,9,0,0,0.016,-0.055,-1.000,-1.000,1,1,0.000,0.000,0.000,0,1.000,0,0,0.2490,-0.0046,0.0573
1298,9,1,0,0.016,-0.055,-1.000,-1.000,1,1,-0.000,0.000,0.000,0,1.000,0,0,0.2490,-0.0046,0.0573
1299,9,1,0,0.016,-0.055,-1.000,-1.000,1,1,-0.000,0.000,0.000,0,1.000,0,0,0.2490,-0.0046,0.0573
1300,9,1,0,0.016,-0.055,-1.000,-1.000,1,1,-0.000,0.000,0.000,0,1.000,0,0,0.2490,-0.0046,0.0573
1301,9,1,0,0.016,-0.055,-1.000,-1.000,1,1,-0.000,0.000,0.000,0,1.000,0,0,0.2490,-0.0046,0.0573
1302,9,1,0,0.016,-0.055,-1.000,-1.000,1,1,-0.000,0.000,0.000,0,1.000,0,0,0.2490,-0.0046,0.0573
1303,9,1,0,0.016,-0.055,-1.000,-1.000,1,1,-0.000,0.000,0.000,0,1.000,0,0,0.2490,-0.0046,0.0573
1304,9,1,0,0.016,-0.055,-1.000,-1.000,1,1,-0.000,0.000,0.000,0,1.000,0,0,0.2490,-0.0046,0.0573
1305,9,1,0,0.016,-0.055,-1.000,-1.000,1,1,-0.000,0.000,0.000,0,1.000,0,0,0.2490,-0.0046,0.0573
1306,9,1,0,0.016,-0.055,-1.000,-1.000,1,1,-0.000,0.000,0.000,0,1.000,0,0,0.2490,-0.0046,0.0573
1307,9,1,0,0.016,-0.055,-1.000,-1.000,1,1,-0.000,0.000,0.000,0,1.000,0,0,0.2490,-0.0046,0.0573
1308,9,1,0,0.016,-0.055,-1.000,-1.000,1,1,-0.000,0.000,0.000,0,1.000,0,0,0.2490,-0.0046,0.0573
1309,9,0,0,0.016,-0.055,-1.000,-1.000,1,1,0.000,0.000,0.000,0,1.000,0,0,0.2490,-0.0046,0.0573
1310,9,0,0,0.016,-0.055,-1.000,-1.000,1,1,0.000,0.000,0.000,0,1.000,0,0,0.2490,-0.0046,0.0573
1311,9,0,0,0.016,-0.055,-1.000,-1.000,1,1,0.000,0.000,0.000,0,1.000,0,0,0.2490,-0.0046,0.0573
1312,9,1,0,0.016,-0.055,-1.000,-1.000,1,1,-0.000,0.000,0.000,0,1.000,0,0,0.2490,-0.0046,0.0573
1313,9,1,0,0.016,-0.055,-1.000,-1.000,1,1,-0.000,0.000,0.000,0,1.000,0,0,0.2490,-0.0046,0.0573
1314,9,1,0,0.016,-0.055,-1.000,-1.000,1,1,-0.000,0.000,0.000,0,1.000,0,0,0.2490,-0.0046,0.0573
1315,9,1,1,0.016,-0.055,-1.000,-1.000,1,1,0.000,0.000,0.000,1,1.000,1,1,0.2490,-0.0046,0.0573
1316,10,1,0,0.016,-0.055,-1.000,-1.000,1,1,-0.000,0.000,0.000,0,0.333,0,0,0.2494,-0.0048,0.0620
1317,10,1,0,0.016,-0.055,-1.000,-1.000,1,1,-0.000,0.000,0.000,0,0.667,0,0,0.2490,-0.0044,0.0579
1318,10,1,0,0.016,-0.055,-1.000,-1.000,1,1,-0.000,0.000,0.000,0,1.000,0,0,0.2491,-0.0047,0.0567
1319,10,1,0,0.016,-0.055,-1.000,-1.000,1,1,-0.000,0.000,0.000,0,1.000,0,0,0.2490,-0.0045,0.0571
1320,10,1,0,0.016,-0.055,-1.000,-1.000,1,1,-0.000,0.000,0.000,0,1.000,0,0,0.2491,-0.0046,0.0573
1321,10,1,0,0.016,-0.055,-1.000,-1.000,1,1,-0.000,0.000,0.000,0,1.000,0,0,0.2491,-0.0046,0.0573
1322,10,1,0,0.016,-0.055,-1.000,-1.000,1,1,-0.000,0.000,0.000,0,1.000,0,0,0.2491,-0.0046,0.0573
1323,10,1,0,0.016,-0.055,-1.000,-1.000,1,1,-0.000,0.000,0.000,0,1.000,0,0,0.2491,-0.0046,0.0573
1324,10,1,0,0.016,-0.055,-1.000,-1.000,1,1,-0.000,0.000,0.000,0,1.000,0,0,0.2491,-0.0046,0.0573
1325,10,1,0,0.016,-0.055,-1.000,-1.000,1,1,-0.000,0.000,0.000,0,1.000,0,0,0.2491,-0.0046,0.0573
1326,10,1,0,0.016,-0.055,-1.000,-1.000,1,1,-0.000,0.000,0.000,0,1.000,0,0,0.2491,-0.0046,0.0573
1327,10,1,0,0.016,-0.055,-1.000,-1.000,1,1,-0.000,0.000,0.000,0,1.000,0,0,0.2491,-0.0046,0.0573
1328,10,1,0,0.016,-0.055,-1.000,-1.000,1,1,-0.000,0.000,0.000,0,1.000,0,0,0.2491,-0.0046,0.0573
1329,10,1,0,0.016,-0.055,-1.000,-1.000,1,1,-0.000,0.000,0.000,0,1.000,0,0,0.2490,-0.0046,0.0573
1330,10,1,0,0.016,-0.055,-1.000,-1.000,1,1,-0.000,0.000,0.000,0,1.000,0,0,0.2490,-0.0046,0.0573
1331,10,1,0,0.016,-0.055,-1.000,-1.000,1,1,-0.000,0.000,0.000,0,1.000,0,0,0.2491,-0.0046,0.0573
1332,10,1,0,0.016,-0.055,-1.000,-1.000,1,1,-0.000,0.000,0.000,0,1.000,0,0,0.2491,-0.0046,0.0573
1333,10,1,0,0.016,-0.055,-1.000,-1.000,1,1,-0.000,0.000,0.000,0,1.000,0,0,0.2491,-0.0046,0.0573
1334,10,1,0,0.016,-0.055,-1.000,-1.000,1,1,-0.000,0.000,0.000,0,1.000,0,0,0.2491,-0.0046,0.0573
1335,10,1,0,0.016,-0.055,-1.000,-1.000,1,1,-0.000,0.000,0.000,0,1.000,0,0,0.2491,-0.0046,0.0573
1336,10,1,0,0.016,-0.055,-1.000,-1.000,1,1,-0.000,0.000,0.000,0,1.000,0,0,0.2491,-0.0046,0.0573
1337,10,1,0,0.016,-0.055,-1.000,-1.000,1,1,-0.000,0.000,0.000,0,1.000,0,0,0.2491,-0.0046,0.0573
1338,10,1,0,0.016,-0.055,-1.000,-1.000,1,1,-0.000,0.000,0.000,0,1.000,0,0,0.2491,-0.0046,0.0573
1339,10,1,0,0.016,-0.055,-1.000,-1.000,1,1,-0.000,0.000,0.000,0,1.000,0,0,0.2491,-0.0046,0.0573
1340,10,1,0,0.016,-0.055,-1.000,-1.000,1,1,-0.000,0.000,0.000,0,1.000,0,0,0.2491,-0.0046,0.0573
1341,10,1,0,0.016,-0.055,-1.000,-1.000,1,1,-0.000,0.000,0.000,0,1.000,0,0,0.2491,-0.0046,0.0573
1342,10,1,0,0.016,-0.055,-1.000,-1.000,1,1,-0.000,0.000,0.000,0,1.000,0,0,0.2491,-0.0046,0.0573
1343,10,1,0,0.016,-0.055,-1.000,-1.000,1,1,-0.000,0.000,0.000,0,1.000,0,0,0.2491,-0.0046,0.0573
1344,10,1,0,0.016,-0.055,-1.000,-1.000,1,1,-0.000,0.000,0.000,0,1.000,0,0,0.2491,-0.0046,0.0573
1345,10,1,0,0.016,-0.055,-1.000,-1.000,1,1,-0.000,0.000,0.000,0,1.000,0,0,0.2491,-0.0046,0.0573
1346,10,1,0,0.016,-0.055,-1.000,-1.000,1,1,-0.000,0.000,0.000,0,1.000,0,0,0.2491,-0.0046,0.0573
1347,10,1,0,0.016,-0.055,-1.000,-1.000,1,1,-0.000,0.000,0.000,0,1.000,0,0,0.2491,-0.0046,0.0573
1348,10,1,0,0.016,-0.055,-1.000,-1.000,1,1,-0.000,0.000,0.000,0,1.000,0,0,0.2491,-0.0046,0.0573
1349,10,1,0,0.016,-0.055,-1.000,-1.000,1,1,-0.000,0.000,0.000,0,1.000,0,0,0.2491,-0.0046,0.0573
1350,10,1,0,0.016,-0.055,-1.000,-1.000,1,1,-0.000,0.000,0.000,0,1.000,0,0,0.2491,-0.0046,0.0573
1351,10,1,0,0.016,-0.055,-1.000,-1.000,1,1,-0.000,0.000,0.000,0,1.000,0,0,0.2491,-0.0046,0.0573
1352,10,1,0,0.016,-0.055,-1.000,-1.000,1,1,-0.000,0.000,0.000,0,1.000,0,0,0.2491,-0.0046,0.0573
1353,10,1,0,0.016,-0.055,-1.000,-1.000,1,1,-0.000,0.000,0.000,0,1.000,0,0,0.2491,-0.0046,0.0573
1354,10,1,0,0.016,-0.055,-1.000,-1.000,1,1,-0.000,0.000,0.000,0,1.000,0,0,0.2491,-0.0046,0.0573
1355,10,1,0,0.016,-0.055,-1.000,-1.000,1,1,-0.000,0.000,0.000,0,1.000,0,0,0.2491,-0.0046,0.0573
1356,10,1,0,0.016,-0.055,-1.000,-1.000,1,1,-0.000,0.000,0.000,0,1.000,0,0,0.2491,-0.0046,0.0573
1357,10,1,0,0.016,-0.055,-1.000,-1.000,1,1,-0.000,0.000,0.000,0,1.000,0,0,0.2491,-0.0046,0.0573
1358,10,1,0,0.016,-0.055,-1.000,-1.000,1,1,-0.000,0.000,0.000,0,1.000,0,0,0.2491,-0.0046,0.0573
1359,10,1,0,0.016,-0.055,-1.000,-1.000,1,1,-0.000,0.000,0.000,0,1.000,0,0,0.2491,-0.0046,0.0573
1360,10,1,0,0.016,-0.055,-1.000,-1.000,1,1,-0.000,0.000,0.000,0,1.000,0,0,0.2491,-0.0046,0.0573
1361,10,1,0,0.016,-0.055,-1.000,-1.000,1,1,-0.000,0.000,0.000,0,1.000,0,0,0.2491,-0.0046,0.0573
1362,10,1,0,0.016,-0.055,-1.000,-1.000,1,1,-0.000,0.000,0.000,0,1.000,0,0,0.2491,-0.0046,0.0573
1363,10,1,0,0.016,-0.055,-1.000,-1.000,1,1,-0.000,0.000,0.000,0,1.000,0,0,0.2491,-0.0046,0.0573
1364,10,1,0,0.016,-0.055,-1.000,-1.000,1,1,-0.000,0.000,0.000,0,1.000,0,0,0.2491,-0.0046,0.0573
1365,10,1,0,0.016,-0.055,-1.000,-1.000,1,1,-0.000,0.000,0.000,0,1.000,0,0,0.2491,-0.0046,0.0573
1366,10,1,0,0.016,-0.055,-1.000,-1.000,1,1,-0.000,0.000,0.000,0,1.000,0,0,0.2491,-0.0046,0.0573
1367,10,1,0,0.016,-0.055,-1.000,-1.000,1,1,-0.000,0.000,0.000,0,1.000,0,0,0.2491,-0.0046,0.0573
1368,10,1,0,0.016,-0.055,-1.000,-1.000,1,1,-0.000,0.000,0.000,0,1.000,0,0,0.2491,-0.0046,0.0573
1369,10,1,0,0.016,-0.055,-1.000,-1.000,1,1,-0.000,0.000,0.000,0,1.000,0,0,0.2491,-0.0046,0.0573
1370,10,1,0,0.016,-0.055,-1.000,-1.000,1,1,-0.000,0.000,0.000,0,1.000,0,0,0.2491,-0.0046,0.0573
1371,10,1,0,0.016,-0.055,-1.000,-1.000,1,1,-0.000,0.000,0.000,0,1.000,0,0,0.2491,-0.0046,0.0573
1372,10,1,0,0.016,-0.055,-1.000,-1.000,1,1,-0.000,0.000,0.000,0,1.000,0,0,0.2491,-0.0046,0.0573
1373,10,1,0,0.016,-0.055,-1.000,-1.000,1,1,-0.000,0.000,0.000,0,1.000,0,0,0.2491,-0.0046,0.0573
1374,10,1,0,0.016,-0.055,-1.000,-1.000,1,1,-0.000,0.000,0.000,0,1.000,0,0,0.2491,-0.0046,0.0573
1375,10,1,0,0.016,-0.055,-1.000,-1.000,1,1,-0.000,0.000,0.000,0,1.000,0,0,0.2491,-0.0046,0.0573
1376,10,1,0,0.016,-0.055,-1.000,-1.000,1,1,-0.000,0.000,0.000,0,1.000,0,0,0.2491,-0.0046,0.0573
1377,10,1,0,0.016,-0.055,-1.000,-1.000,1,1,-0.000,0.000,0.000,0,1.000,0,0,0.2491,-0.0046,0.0573
1378,10,1,0,0.016,-0.055,-1.000,-1.000,1,1,-0.000,0.000,0.000,0,1.000,0,0,0.2491,-0.0046,0.0573
1379,10,1,0,0.016,-0.055,-1.000,-1.000,1,1,-0.000,0.000,0.000,0,1.000,0,0,0.2491,-0.0046,0.0573
1380,10,1,0,0.016,-0.055,-1.000,-1.000,1,1,-0.000,0.000,0.000,0,1.000,0,0,0.2491,-0.0046,0.0573
1381,10,1,1,0.016,-0.055,-1.000,-1.000,1,1,0.000,0.000,0.000,1,1.000,1,1,0.2491,-0.0046,0.0573
1382,11,1,0,0.016,-0.055,-1.000,-1.000,1,1,-0.000,0.000,0.000,0,0.333,0,0,0.2493,-0.0050,0.0617
1383,11,1,0,0.016,-0.055,-1.000,-1.000,1,1,-0.000,0.000,0.000,0,0.667,0,0,0.2490,-0.0043,0.0576
1384,11,1,0,0.016,-0.055,-1.000,-1.000,1,1,-0.000,0.000,0.000,0,1.000,0,0,0.2491,-0.0046,0.0569
1385,11,1,0,0.016,-0.055,-1.000,-1.000,1,1,-0.000,0.000,0.000,0,1.000,0,0,0.2490,-0.0045,0.0572
1386,11,1,0,0.016,-0.055,-1.000,-1.000,1,1,-0.000,0.000,0.000,0,1.000,0,0,0.2491,-0.0045,0.0573
1387,11,1,0,0.016,-0.055,-1.000,-1.000,1,1,-0.000,0.000,0.000,0,1.000,0,0,0.2491,-0.0046,0.0573
1388,11,1,0,0.016,-0.055,-1.000,-1.000,1,1,-0.000,0.000,0.000,0,1.000,0,0,0.2492,-0.0046,0.0573
1389,11,1,0,0.016,-0.055,-1.000,-1.000,1,1,-0.000,0.000,0.000,0,1.000,0,0,0.2491,-0.0046,0.0573
1390,11,1,0,0.016,-0.055,-1.000,-1.000,1,1,-0.000,0.000,0.000,0,1.000,0,0,0.2491,-0.0046,0.0573
1391,11,1,0,0.016,-0.055,-1.000,-1.000,1,1,-0.000,0.000,0.000,0,1.000,0,0,0.2491,-0.0046,0.0573
1392,11,1,0,0.016,-0.055,-1.000,-1.000,1,1,-0.000,0.000,0.000,0,1.000,0,0,0.2491,-0.0046,0.0573
1393,11,1,0,0.016,-0.047,-1.000,-1.000,1,1,-0.000,0.000,0.000,0,1.000,0,0,0.2491,-0.0046,0.0573
1394,11,1,0,0.016,-0.047,-1.000,-1.000,1,1,-0.000,0.000,0.000,0,1.000,0,0,0.2491,-0.0046,0.0573
1395,11,1,0,0.016,-0.032,-1.000,-1.000,1,1,-0.000,0.000,0.000,0,1.000,0,0,0.2491,-0.0046,0.0573
1396,11,1,0,0.016,-0.032,-0.827,-1.000,1,1,-0.000,0.000,0.007,0,1.000,0,0,0.2491,-0.0046,0.0573
1397,11,1,0,0.016,-0.032,0.362,-1.000,1,1,-0.000,0.000,0.653,0,1.000,0,0,0.2491,-0.0046,0.0574
1398,11,1,0,0.008,-0.032,1.000,-1.000,1,1,-0.000,0.000,1.000,0,1.000,0,0,0.2492,-0.0046,0.0580
1399,11,1,0,0.008,-0.039,1.000,-1.000,1,1,-0.000,0.000,1.000,0,1.000,0,0,0.2493,-0.0047,0.0592
1400,11,1,0,0.008,-0.039,-1.000,-1.000,1,1,-0.000,0.000,0.000,0,1.000,0,0,0.2494,-0.0046,0.0603
1401,11,1,0,0.008,-0.039,-1.000,-1.000,1,1,-0.000,0.000,0.000,0,1.000,0,0,0.2493,-0.0046,0.0604
1402,11,1,0,0.008,-0.039,-1.000,-1.000,1,1,-0.000,0.000,0.000,0,1.000,0,0,0.2493,-0.0046,0.0603
1403,11,1,0,0.000,-0.039,-1.000,1.000,1,1,-0.000,0.000,-1.000,0,1.000,0,0,0.2493,-0.0045,0.0601
1404,11,1,0,0.008,-0.039,-1.000,1.000,1,1,-0.000,0.000,-1.000,0,1.000,0,0,0.2491,-0.0046,0.0590
1405,11,1,0,0.016,-0.039,-1.000,-1.000,1,1,-0.000,0.000,0.000,0,1.000,0,0,0.2490,-0.0045,0.0580
1406,11,1,0,0.024,-0.039,-1.000,-1.000,1,1,-0.000,0.000,0.000,0,1.000,0,0,0.2491,-0.0046,0.0580
1407,11,1,0,0.024,-0.039,-1.000,0.110,1,1,-0.000,0.000,-0.516,0,1.000,0,0,0.2490,-0.0046,0.0580
1408,11,1,0,0.000,-0.039,-1.000,1.000,1,1,-0.000,0.000,-1.000,0,1.000,0,0,0.2490,-0.0046,0.0575
1409,11,1,0,0.024,0.016,-1.000,0.339,1,1,-0.000,0.000,-0.641,0,1.000,0,0,0.2488,-0.0044,0.0564
1410,11,1,0,0.031,0.055,-1.000,-0.142,1,1,-0.000,0.000,-0.379,0,1.000,0,0,0.2490,-0.0045,0.0558
1411,11,1,0,0.024,0.071,-1.000,0.496,1,1,-0.000,0.000,-0.726,0,1.000,0,0,0.2490,-0.0046,0.0556
1412,11,1,0,0.024,0.071,-1.000,0.874,1,1,-0.000,0.000,-0.932,0,1.000,0,0,0.2490,-0.0046,0.0551
1413,11,1,0,0.016,0.071,-1.000,0.795,1,1,-0.000,0.000,-0.889,0,1.000,0,0,0.2494,-0.0045,0.0541
1414,11,1,0,0.024,0.071,-1.000,0.307,1,1,-0.000,0.000,-0.623,0,1.000,0,0,0.2496,-0.0044,0.0539
1415,11,1,0,0.024,0.071,-1.000,0.173,1,1,-0.000,0.000,-0.551,0,1.000,0,0,0.2496,-0.0044,0.0538
1416,11,1,0,0.024,0.071,-1.000,0.213,1,1,-0.000,0.000,-0.572,0,1.000,0,0,0.2496,-0.0044,0.0537
1417,11,1,0,0.087,0.378,-1.000,0.181,1,1,-0.000,0.171,-0.555,0,1.000,0,0,0.2496,-0.0043,0.0536
1418,11,1,0,0.252,0.622,-1.000,0.047,1,1,-0.003,0.496,-0.482,0,1.000,0,0,0.2499,-0.0040,0.0532
1419,11,1,0,0.252,0.559,-1.000,-0.197,1,1,-0.003,0.412,-0.350,0,1.000,0,0,0.2504,-0.0035,0.0526
1420,11,1,0,0.252,0.559,-1.000,-0.197,1,1,-0.003,0.412,-0.350,0,1.000,0,0,0.2507,-0.0034,0.0526
1421,11,1,0,0.252,-0.032,-1.000,0.961,1,1,-0.003,0.000,-0.979,0,1.000,0,0,0.2508,-0.0032,0.0524
1422,11,1,0,0.024,-0.047,-1.000,1.000,1,1,-0.000,0.000,-1.000,0,1.000,0,0,0.2510,-0.0032,0.0522
1423,11,1,0,0.024,-0.047,-1.000,1.000,1,1,-0.000,0.000,-1.000,0,1.000,0,0,0.2510,-0.0031,0.0522
1424,11,1,0,0.024,-0.047,-1.000,1.000,1,1,-0.000,0.000,-1.000,0,1.000,0,0,0.2511,-0.0031,0.0521
1425,11,1,0,0.016,-0.047,-1.000,1.000,1,1,-0.000,0.000,-1.000,0,1.000,0,0,0.2511,-0.0031,0.0521
1426,11,1,0,0.016,-0.039,-1.000,1.000,1,1,-0.000,0.000,-1.000,0,1.000,0,0,0.2511,-0.0031,0.0521
1427,11,1,0,0.008,-0.016,-1.000,1.000,1,1,-0.000,0.000,-1.000,0,1.000,0,0,0.2511,-0.0031,0.0521
1428,11,1,0,0.079,0.220,-1.000,1.000,1,1,-0.000,0.000,-1.000,0,1.000,0,0,0.2512,-0.0030,0.0520
1429,11,1,0,0.315,0.740,-1.000,1.000,1,1,-0.087,0.654,-1.000,0,1.000,0,0,0.2517,-0.0025,0.0512
1430,11,1,0,0.024,0.016,-1.000,1.000,1,1,-0.000,0.000,-1.000,0,1.000,0,0,0.2518,-0.0025,0.0513
1431,11,1,0,0.031,-0.016,-1.000,1.000,1,1,-0.000,0.000,-1.000,0,1.000,0,0,0.2518,-0.0024,0.0513
1432,11,1,0,0.031,-0.024,-1.000,1.000,1,1,-0.000,0.000,-1.000,0,1.000,0,0,0.2518,-0.0024,0.0512
1433,11,1,0,0.031,-0.016,-1.000,1.000,1,1,-0.000,0.000,-1.000,0,1.000,0,0,0.2518,-0.0024,0.0512
1434,11,1,0,0.031,-0.016,-1.000,1.000,1,1,-0.000,0.000,-1.000,0,1.000,0,0,0.2518,-0.0024,0.0512
1435,11,1,0,0.031,-0.016,-1.000,1.000,1,1,-0.000,0.000,-1.000,0,1.000,0,0,0.2518,-0.0024,0.0512
1436,11,1,0,0.024,-0.016,-1.000,1.000,1,1,-0.000,0.000,-1.000,0,1.000,0,0,0.2518,-0.0024,0.0512
1437,11,1,0,0.024,-0.016,-1.000,1.000,1,1,-0.000,0.000,-1.000,0,1.000,0,0,0.2518,-0.0024,0.0512
1438,11,1,0,0.016,-0.016,-1.000,1.000,1,1,-0.000,0.000,-1.000,0,1.000,0,0,0.2518,-0.0024,0.0512
1439,11,1,0,0.016,-0.016,-1.000,1.000,1,1,-0.000,0.000,-1.000,0,1.000,0,0,0.2519,-0.0024,0.0512
1440,11,1,0,0.016,-0.016,-1.000,-0.472,1,1,-0.000,0.000,-0.200,0,1.000,0,0,0.2519,-0.0024,0.0512
1441,11,1,0,0.016,-0.016,-1.000,-1.000,1,1,-0.000,0.000,0.000,0,1.000,0,0,0.2519,-0.0024,0.0512
1442,11,1,0,0.024,-0.016,-1.000,-1.000,1,1,-0.000,0.000,0.000,0,1.000,0,0,0.2519,-0.0024,0.0512
1443,11,1,0,0.016,-0.016,-1.000,-1.000,1,1,-0.000,0.000,0.000,0,1.000,0,0,0.2519,-0.0024,0.0512
1444,11,1,0,0.016,-0.016,-1.000,-1.000,1,1,-0.000,0.000,0.000,0,1.000,0,0,0.2519,-0.0024,0.0512
1445,11,1,0,0.008,-0.016,-1.000,-1.000,1,1,-0.000,0.000,0.000,0,1.000,0,0,0.2519,-0.0024,0.0512
1446,11,1,0,0.008,-0.016,-1.000,-1.000,1,1,-0.000,0.000,0.000,0,1.000,0,0,0.2519,-0.0024,0.0512
1447,11,1,0,0.008,-0.016,-1.000,-1.000,1,1,-0.000,0.000,0.000,0,1.000,0,0,0.2519,-0.0024,0.0512
1448,11,1,0,0.008,-0.016,-1.000,-1.000,1,1,-0.000,0.000,0.000,0,1.000,0,0,0.2519,-0.0024,0.0512
1449,11,1,0,0.008,-0.016,-1.000,-1.000,1,1,-0.000,0.000,0.000,0,1.000,0,0,0.2519,-0.0024,0.0512
1450,11,1,0,0.008,-0.016,-1.000,-1.000,1,1,-0.000,0.000,0.000,0,1.000,0,0,0.2519,-0.0024,0.0512
1451,11,1,0,0.008,-0.016,-1.000,-1.000,1,1,-0.000,0.000,0.000,0,1.000,0,0,0.2519,-0.0024,0.0512
1452,11,1,0,0.008,-0.016,-1.000,-1.000,1,1,-0.000,0.000,0.000,0,1.000,0,0,0.2519,-0.0024,0.0512
1453,11,1,0,0.008,-0.016,-1.000,-1.000,1,1,-0.000,0.000,0.000,0,1.000,0,0,0.2519,-0.0024,0.0512
1454,11,1,0,0.008,-0.016,-1.000,-1.000,1,1,-0.000,0.000,0.000,0,1.000,0,0,0.2519,-0.0024,0.0512
1455,11,1,0,0.008,-0.016,-1.000,-1.000,1,1,-0.000,0.000,0.000,0,1.000,0,0,0.2519,-0.0024,0.0512
1456,11,1,0,0.008,-0.016,-1.000,-1.000,1,1,-0.000,0.000,0.000,0,1.000,0,0,0.2519,-0.0024,0.0512
1457,11,1,0,0.008,-0.016,-1.000,-1.000,1,1,-0.000,0.000,0.000,0,1.000,0,0,0.2519,-0.0024,0.0512
1458,11,1,0,0.008,-0.016,-1.000,-1.000,1,1,-0.000,0.000,0.000,0,1.000,0,0,0.2519,-0.0023,0.0512
1459,11,1,0,0.008,-0.016,-1.000,-1.000,1,1,-0.000,0.000,0.000,0,1.000,0,0,0.2519,-0.0023,0.0512
1460,11,1,0,0.008,-0.016,-1.000,-1.000,1,1,-0.000,0.000,0.000,0,1.000,0,0,0.2519,-0.0023,0.0512
1461,11,1,0,0.008,-0.016,-1.000,-1.000,1,1,-0.000,0.000,0.000,0,1.000,0,0,0.2519,-0.0023,0.0512
1462,11,1,0,0.008,-0.016,-1.000,-1.000,1,1,-0.000,0.000,0.000,0,1.000,0,0,0.2519,-0.0023,0.0512
1463,11,1,0,0.008,-0.016,-1.000,-1.000,1,1,-0.000,0.000,0.000,0,1.000,0,0,0.2519,-0.0023,0.0512
1464,11,1,0,0.008,-0.016,-1.000,-1.000,1,1,-0.000,0.000,0.000,0,1.000,0,0,0.2519,-0.0023,0.0512
1465,11,1,0,0.008,-0.016,-1.000,-1.000,1,1,-0.000,0.000,0.000,0,1.000,0,0,0.2519,-0.0023,0.0512
1466,11,1,0,0.008,-0.016,-1.000,-1.000,1,1,-0.000,0.000,0.000,0,1.000,0,0,0.2519,-0.0023,0.0512
1467,11,1,0,0.008,-0.016,-1.000,-1.000,1,1,-0.000,0.000,0.000,0,1.000,0,0,0.2519,-0.0023,0.0512
1468,11,1,0,0.008,-0.016,-1.000,-1.000,1,1,-0.000,0.000,0.000,0,1.000,0,0,0.2519,-0.0023,0.0512
1469,11,1,0,0.008,-0.016,-1.000,-1.000,1,1,-0.000,0.000,0.000,0,1.000,0,0,0.2519,-0.0023,0.0512
1470,11,1,0,0.008,-0.016,-1.000,-1.000,1,1,-0.000,0.000,0.000,0,1.000,0,0,0.2519,-0.0023,0.0512
1471,11,1,0,0.008,-0.016,-0.732,-1.000,1,1,-0.000,0.000,0.059,0,1.000,0,0,0.2519,-0.0023,0.0512
1472,11,1,0,0.008,-0.016,0.520,-1.000,1,1,-0.000,0.000,0.739,0,1.000,0,0,0.2519,-0.0023,0.0512
1473,11,1,0,0.008,-0.016,1.000,-1.000,1,1,-0.000,0.000,1.000,0,1.000,0,0,0.2519,-0.0023,0.0512
1474,11,1,0,0.008,-0.016,-0.173,-1.000,1,1,-0.000,0.000,0.362,0,1.000,0,0,0.2519,-0.0024,0.0513
1475,11,1,0,0.008,-0.016,-1.000,-1.000,1,1,-0.000,0.000,0.000,0,1.000,0,0,0.2519,-0.0024,0.0513
1476,11,1,0,0.008,-0.016,-1.000,-1.000,1,1,-0.000,0.000,0.000,0,1.000,0,0,0.2519,-0.0024,0.0513
1477,11,1,0,0.008,-0.016,-1.000,-1.000,1,1,-0.000,0.000,0.000,0,1.000,0,0,0.2519,-0.0024,0.0513
1478,11,0,0,0.008,-0.016,-1.000,-1.000,1,1,0.000,0.000,0.000,0,1.000,0,0,0.2519,-0.0024,0.0513
1479,11,0,0,0.008,-0.016,-1.000,-1.000,1,1,0.000,0.000,0.000,0,1.000,0,0,0.2519,-0.0024,0.0513
1480,11,0,0,0.008,-0.016,-1.000,-1.000,1,1,0.000,0.000,0.000,0,1.000,0,0,0.2519,-0.0024,0.0513
1481,11,0,0,0.008,-0.016,-1.000,-1.000,1,1,0.000,0.000,0.000,0,1.000,0,0,0.2519,-0.0024,0.0513
1482,11,0,0,0.008,-0.016,-1.000,-1.000,1,1,0.000,0.000,0.000,0,1.000,0,0,0.2519,-0.0024,0.0513
1483,11,0,0,0.008,-0.016,-1.000,-1.000,1,1,0.000,0.000,0.000,0,1.000,0,0,0.2519,-0.0024,0.0513
1484,11,0,0,0.008,-0.016,-1.000,-1.000,1,1,0.000,0.000,0.000,0,1.000,0,0,0.2519,-0.0024,0.0513
1485,11,1,0,0.008,-0.016,-1.000,-1.000,1,1,-0.000,0.000,0.000,0,1.000,0,0,0.2519,-0.0024,0.0513
1486,11,1,0,0.008,-0.016,-1.000,-1.000,1,1,-0.000,0.000,0.000,0,1.000,0,0,0.2519,-0.0024,0.0513
1487,11,1,0,0.008,-0.016,-1.000,-1.000,1,1,-0.000,0.000,0.000,0,1.000,0,0,0.2519,-0.0024,0.0513
1488,11,1,1,0.008,-0.016,-1.000,-1.000,1,1,0.000,0.000,0.000,1,1.000,1,1,0.2519,-0.0024,0.0513
1489,12,1,0,0.008,-0.016,-1.000,-1.000,1,1,-0.000,0.000,0.000,0,0.111,0,0,0.2497,-0.0048,0.0615
1490,12,1,0,0.008,-0.016,-1.000,-1.000,1,1,-0.000,0.000,0.000,0,0.222,0,0,0.2497,-0.0042,0.0587
1491,12,1,0,0.008,-0.016,-1.000,-1.000,1,1,-0.000,0.000,0.000,0,0.333,0,0,0.2498,-0.0046,0.0586
1492,12,1,0,0.008,-0.016,-1.000,-1.000,1,1,-0.000,0.000,0.000,0,0.444,0,0,0.2498,-0.0047,0.0586
1493,12,1,0,0.008,-0.016,-1.000,-1.000,1,1,-0.000,0.000,0.000,0,0.556,0,0,0.2497,-0.0047,0.0585
1494,12,1,0,0.008,-0.016,-1.000,-1.000,1,1,-0.000,0.000,0.000,0,0.667,0,0,0.2496,-0.0047,0.0584
1495,12,1,0,0.008,-0.016,-1.000,-1.000,1,1,-0.000,0.000,0.000,0,0.778,0,0,0.2495,-0.0046,0.0582
1496,12,1,0,0.008,-0.016,-1.000,-1.000,1,1,-0.000,0.000,0.000,0,0.889,0,0,0.2494,-0.0047,0.0579
1497,12,1,0,0.008,-0.016,-1.000,-1.000,1,1,-0.000,0.000,0.000,0,1.000,0,0,0.2492,-0.0046,0.0577
1498,12,1,0,0.008,-0.016,-1.000,-1.000,1,1,-0.000,0.000,0.000,0,1.000,0,0,0.2491,-0.0046,0.0575
1499,12,1,0,0.008,-0.016,-1.000,-0.677,1,1,-0.000,0.000,-0.088,0,1.000,0,0,0.2491,-0.0046,0.0575
1500,12,1,0,0.008,-0.016,-1.000,-0.646,1,1,-0.000,0.000,-0.106,0,1.000,0,0,0.2492,-0.0046,0.0575
1501,12,1,0,0.008,-0.016,-1.000,-0.126,1,1,-0.000,0.000,-0.388,0,1.000,0,0,0.2493,-0.0046,0.0574
1502,12,1,0,0.008,-0.016,-1.000,-0.102,1,1,-0.000,0.000,-0.401,0,1.000,0,0,0.2494,-0.0047,0.0573
1503,12,1,0,0.008,-0.016,-1.000,0.433,1,1,-0.000,0.000,-0.692,0,1.000,0,0,0.2495,-0.0047,0.0571
1504,12,1,0,0.008,-0.016,-1.000,0.378,1,1,-0.000,0.000,-0.662,0,1.000,0,0,0.2499,-0.0047,0.0569
1505,12,1,0,0.008,-0.016,-1.000,0.370,1,1,-0.000,0.000,-0.658,0,1.000,0,0,0.2502,-0.0047,0.0567
1506,12,1,0,0.008,-0.016,-1.000,0.260,1,1,-0.000,0.000,-0.598,0,1.000,0,0,0.2505,-0.0048,0.0565
1507,12,1,0,0.008,-0.016,-1.000,0.260,1,1,-0.000,0.000,-0.598,0,1.000,0,0,0.2508,-0.0048,0.0563
1508,12,1,0,0.008,-0.016,-1.000,0.252,1,1,-0.000,0.000,-0.593,0,1.000,0,0,0.2511,-0.0049,0.0561
1509,12,1,0,0.008,-0.016,-1.000,0.260,1,1,-0.000,0.000,-0.598,0,1.000,0,0,0.2514,-0.0050,0.0559
1510,12,1,0,0.008,-0.016,-1.000,0.260,1,1,-0.000,0.000,-0.598,0,1.000,0,0,0.2518,-0.0050,0.0557
1511,12,1,0,0.016,0.024,-1.000,0.339,1,1,-0.000,0.000,-0.641,0,1.000,0,0,0.2520,-0.0051,0.0555
1512,12,1,0,0.024,0.378,-1.000,0.236,1,1,-0.000,0.171,-0.585,0,1.000,0,0,0.2524,-0.0050,0.0553
1513,12,1,0,0.031,0.402,-1.000,0.236,1,1,-0.000,0.202,-0.585,0,1.000,0,0,0.2528,-0.0048,0.0551
1514,12,1,0,-0.024,0.071,-1.000,0.244,1,1,-0.000,0.000,-0.589,0,1.000,0,0,0.2532,-0.0046,0.0549
1515,12,1,0,-0.024,0.071,-1.000,0.268,1,1,-0.000,0.000,-0.602,0,1.000,0,0,0.2534,-0.0045,0.0547
1516,12,1,0,-0.032,0.071,-1.000,0.252,1,1,-0.000,0.000,-0.593,0,1.000,0,0,0.2537,-0.0046,0.0545
1517,12,1,0,-0.055,0.102,-1.000,0.276,1,1,-0.000,0.000,-0.606,0,1.000,0,0,0.2541,-0.0047,0.0543
1518,12,1,0,0.039,-0.039,-1.000,0.252,1,1,-0.000,0.000,-0.593,0,1.000,0,0,0.2542,-0.0047,0.0541
1519,12,1,0,0.016,-0.039,-1.000,0.220,1,1,-0.000,0.000,-0.576,0,1.000,0,0,0.2544,-0.0047,0.0541
1520,12,1,0,0.102,-0.079,-1.000,0.378,1,1,-0.000,0.000,-0.662,0,1.000,0,0,0.2546,-0.0047,0.0541
1521,12,1,0,0.756,-0.213,-1.000,0.457,1,1,-0.675,0.000,-0.705,0,1.000,0,0,0.2545,-0.0048,0.0541
1522,12,1,0,0.842,-0.087,-1.000,0.480,1,1,-0.790,0.000,-0.718,0,1.000,0,0,0.2541,-0.0049,0.0543
1523,12,1,0,0.299,-0.016,-1.000,0.528,1,1,-0.066,0.000,-0.743,0,1.000,0,0,0.2538,-0.0052,0.0545
1524,12,1,0,0.039,-0.024,-1.000,0.638,1,1,-0.000,0.000,-0.803,0,1.000,0,0,0.2541,-0.0053,0.0546
1525,12,1,0,0.661,0.071,-1.000,0.622,1,1,-0.549,0.000,-0.795,0,1.000,0,0,0.2542,-0.0055,0.0546
1526,12,1,0,1.000,0.228,-1.000,0.614,1,1,-1.000,0.000,-0.790,0,1.000,0,0,0.2535,-0.0059,0.0547
1527,12,1,0,0.795,0.402,-1.000,0.622,1,1,-0.727,0.202,-0.795,0,1.000,0,0,0.2525,-0.0060,0.0549
1528,12,1,0,0.055,0.000,-1.000,0.622,1,1,-0.000,0.000,-0.795,0,1.000,0,0,0.2520,-0.0061,0.0554
1529,12,1,0,0.039,0.000,-1.000,0.622,1,1,-0.000,0.000,-0.795,0,1.000,0,0,0.2522,-0.0061,0.0554
1530,12,1,0,0.031,0.079,-1.000,0.622,1,1,-0.000,0.000,-0.795,0,1.000,0,0,0.2525,-0.0061,0.0550
1531,12,1,0,0.181,0.772,-1.000,0.630,1,1,-0.000,0.696,-0.799,0,1.000,0,0,0.2529,-0.0059,0.0548
1532,12,1,0,0.063,0.622,-1.000,0.646,1,1,-0.000,0.496,-0.807,0,1.000,0,0,0.2534,-0.0044,0.0547
1533,12,1,0,-0.024,0.094,-1.000,0.638,1,1,-0.000,0.000,-0.803,0,1.000,0,0,0.2540,-0.0039,0.0546
1534,12,1,0,0.000,0.024,-1.000,0.646,1,1,-0.000,0.000,-0.807,0,1.000,0,0,0.2544,-0.0038,0.0545
1535,12,1,0,0.000,0.126,-1.000,0.685,1,1,-0.000,0.000,-0.829,0,1.000,0,0,0.2546,-0.0038,0.0543
1536,12,1,0,0.543,0.142,-1.000,0.717,1,1,-0.391,0.000,-0.846,0,1.000,0,0,0.2546,-0.0039,0.0542
1537,12,1,0,0.921,-0.213,-1.000,0.693,1,1,-0.895,0.000,-0.833,0,1.000,0,0,0.2544,-0.0040,0.0542
1538,12,1,0,0.984,-0.346,-1.000,0.693,1,1,-0.979,-0.129,-0.833,0,1.000,0,0,0.2536,-0.0045,0.0546
1539,12,1,0,0.913,-0.252,-1.000,0.701,1,1,-0.884,-0.003,-0.837,0,1.000,0,0,0.2526,-0.0049,0.0551
1540,12,1,0,0.780,0.142,-1.000,0.685,1,1,-0.706,0.000,-0.829,0,1.000,0,0,0.2517,-0.0053,0.0556
1541,12,1,0,0.827,0.496,-1.000,0.685,1,1,-0.769,0.328,-0.829,0,1.000,0,0,0.2509,-0.0052,0.0560
1542,12,1,0,0.811,0.543,-1.000,0.669,1,1,-0.748,0.391,-0.820,0,1.000,0,0,0.2501,-0.0047,0.0566
1543,12,1,0,0.268,-0.110,-1.000,0.669,1,1,-0.024,0.000,-0.820,0,1.000,0,0,0.2497,-0.0043,0.0571
1544,12,1,0,0.299,-0.095,-1.000,0.677,1,1,-0.066,0.000,-0.825,0,1.000,0,0,0.2499,-0.0043,0.0570
1545,12,1,0,0.047,-0.039,-1.000,0.677,1,1,-0.000,0.000,-0.825,0,1.000,0,0,0.2501,-0.0042,0.0567
1546,12,1,0,0.031,0.000,-1.000,0.701,1,1,-0.000,0.000,-0.837,0,1.000,0,0,0.2505,-0.0043,0.0564
1547,12,1,0,0.031,0.016,-1.000,0.772,1,1,-0.000,0.000,-0.876,0,1.000,0,0,0.2507,-0.0043,0.0562
1548,12,1,0,0.031,0.016,-1.000,0.842,1,1,-0.000,0.000,-0.914,0,1.000,0,0,0.2512,-0.0044,0.0560
1549,12,1,0,0.039,0.378,-1.000,0.890,1,1,-0.000,0.171,-0.940,0,1.000,0,0,0.2517,-0.0044,0.0557
1550,12,1,0,0.079,0.409,-1.000,0.921,1,1,-0.000,0.213,-0.957,0,1.000,0,0,0.2522,-0.0041,0.0554
1551,12,1,0,0.063,0.213,-1.000,0.921,1,1,-0.000,0.000,-0.957,0,1.000,0,0,0.2527,-0.0039,0.0552
1552,12,1,0,0.000,0.047,-1.000,0.913,1,1,-0.000,0.000,-0.953,0,1.000,0,0,0.2531,-0.0040,0.0549
1553,12,1,0,0.000,0.244,-1.000,0.976,1,1,-0.000,0.000,-0.987,0,1.000,0,0,0.2536,-0.0040,0.0546
1554,12,1,0,0.102,-0.102,-1.000,0.968,1,1,-0.000,0.000,-0.983,0,1.000,0,0,0.2542,-0.0042,0.0543
1555,12,1,0,0.173,-0.102,-1.000,0.929,1,1,-0.000,0.000,-0.961,0,1.000,0,0,0.2544,-0.0043,0.0540
1556,12,1,0,1.000,-0.142,-1.000,0.890,1,1,-1.000,0.000,-0.940,0,1.000,0,0,0.2543,-0.0045,0.0540
1557,12,1,0,1.000,-0.142,-1.000,0.882,1,1,-1.000,0.000,-0.936,0,1.000,0,0,0.2536,-0.0047,0.0544
1558,12,1,0,0.795,0.087,-1.000,0.882,1,1,-0.727,0.000,-0.936,0,1.000,0,0,0.2527,-0.0051,0.0550
1559,12,1,0,0.165,0.024,-1.000,0.386,1,1,-0.000,0.000,-0.666,0,1.000,0,0,0.2523,-0.0053,0.0553
1560,12,1,0,0.118,0.016,-1.000,0.213,1,1,-0.000,0.000,-0.572,0,1.000,0,0,0.2525,-0.0053,0.0552
1561,12,1,0,0.118,0.016,-1.000,-0.441,1,1,-0.000,0.000,-0.217,0,1.000,0,0,0.2527,-0.0053,0.0549
1562,12,1,0,0.126,0.016,-1.000,-1.000,1,1,-0.000,0.000,0.000,0,1.000,0,0,0.2528,-0.0053,0.0548
1563,12,1,0,0.142,0.000,-1.000,-1.000,1,1,-0.000,0.000,0.000,0,1.000,0,0,0.2528,-0.0053,0.0548
1564,12,1,0,0.142,-0.024,-1.000,-1.000,1,1,-0.000,0.000,0.000,0,1.000,0,0,0.2528,-0.0053,0.0548
1565,12,1,0,0.126,-0.016,-1.000,-1.000,1,1,-0.000,0.000,0.000,0,1.000,0,0,0.2528,-0.0053,0.0548
1566,12,1,0,0.228,-0.016,-1.000,-1.000,1,1,-0.000,0.000,0.000,0,1.000,0,0,0.2528,-0.0053,0.0548
1567,12,1,0,0.315,0.118,-1.000,-1.000,1,1,-0.087,0.000,0.000,0,1.000,0,0,0.2527,-0.0054,0.0548
1568,12,1,0,0.362,0.394,-1.000,0.165,1,1,-0.150,0.192,-0.546,0,1.000,0,0,0.2527,-0.0053,0.0549
1569,12,1,0,0.299,0.858,-1.000,0.748,1,1,-0.066,0.811,-0.863,0,1.000,0,0,0.2529,-0.0045,0.0549
1570,12,1,0,0.205,0.850,-1.000,-1.000,1,1,-0.000,0.800,0.000,0,1.000,0,0,0.2533,-0.0031,0.0550
1571,12,1,0,0.126,0.055,-1.000,-1.000,1,1,-0.000,0.000,0.000,0,1.000,0,0,0.2534,-0.0021,0.0551
1572,12,1,0,0.126,-0.039,-1.000,-1.000,1,1,-0.000,0.000,0.000,0,1.000,0,0,0.2535,-0.0016,0.0552
1573,12,1,0,0.496,-0.087,-1.000,-1.000,1,1,-0.328,0.000,0.000,0,1.000,0,0,0.2533,-0.0017,0.0552
1574,12,1,0,0.047,-0.118,-1.000,-1.000,1,1,-0.000,0.000,0.000,0,1.000,0,0,0.2530,-0.0017,0.0554
1575,12,1,0,0.000,-0.102,-1.000,-1.000,1,1,-0.000,0.000,0.000,0,1.000,0,0,0.2529,-0.0017,0.0554
1576,12,1,0,-0.087,-0.402,-1.000,-1.000,1,1,-0.000,-0.202,0.000,0,1.000,0,0,0.2529,-0.0017,0.0554
1577,12,1,0,0.055,-0.102,-1.000,-1.000,1,1,-0.000,0.000,0.000,0,1.000,0,0,0.2528,-0.0020,0.0555
1578,12,1,0,0.055,-0.063,-1.000,-1.000,1,1,-0.000,0.000,0.000,0,1.000,0,0,0.2528,-0.0020,0.0554
1579,12,1,0,0.291,-0.063,-1.000,-1.000,1,1,-0.055,0.000,0.000,0,1.000,0,0,0.2528,-0.0020,0.0554
1580,12,1,0,0.323,-0.087,-1.000,-1.000,1,1,-0.097,0.000,0.000,0,1.000,0,0,0.2527,-0.0020,0.0554
1581,12,1,0,0.102,-0.110,-1.000,1.000,1,1,-0.000,0.000,-1.000,0,1.000,0,0,0.2527,-0.0020,0.0554
1582,12,1,0,0.071,-0.087,-1.000,1.000,1,1,-0.000,0.000,-1.000,0,1.000,0,0,0.2532,-0.0021,0.0553
1583,12,1,0,0.047,-0.087,-1.000,1.000,1,1,-0.000,0.000,-1.000,0,1.000,0,0,0.2535,-0.0021,0.0549
1584,12,1,0,0.031,-0.063,-1.000,1.000,1,1,-0.000,0.000,-1.000,0,1.000,0,0,0.2540,-0.0022,0.0546
1585,12,1,0,0.063,-0.087,-1.000,1.000,1,1,-0.000,0.000,-1.000,0,1.000,0,0,0.2545,-0.0023,0.0543
1586,12,1,0,0.165,-0.165,-1.000,1.000,1,1,-0.000,0.000,-1.000,0,1.000,0,0,0.2547,-0.0025,0.0541
1587,12,1,0,0.039,-0.087,-1.000,1.000,1,1,-0.000,0.000,-1.000,0,1.000,0,0,0.2548,-0.0026,0.0540
1588,12,1,0,0.000,-0.024,-1.000,1.000,1,1,-0.000,0.000,-1.000,0,1.000,0,0,0.2550,-0.0026,0.0540
1589,12,1,0,0.055,-0.024,-1.000,1.000,1,1,-0.000,0.000,-1.000,0,1.000,0,0,0.2553,-0.0027,0.0540
1590,12,1,0,0.488,-0.039,-1.000,1.000,1,1,-0.318,0.000,-1.000,0,1.000,0,0,0.2554,-0.0028,0.0541
1591,12,1,0,0.488,-0.102,-1.000,1.000,1,1,-0.318,0.000,-1.000,0,1.000,0,0,0.2554,-0.0029,0.0541
1592,12,1,0,-0.016,-0.039,-1.000,1.000,1,1,-0.000,0.000,-1.000,0,1.000,0,0,0.2554,-0.0030,0.0540
1593,12,1,0,-0.039,-0.047,-1.000,1.000,1,1,-0.000,0.000,-1.000,0,1.000,0,0,0.2556,-0.0031,0.0540
1594,12,1,0,-0.008,-0.047,-1.000,0.827,1,1,-0.000,0.000,-0.906,0,1.000,0,0,0.2558,-0.0032,0.0540
1595,12,1,0,0.000,-0.047,-1.000,0.842,1,1,-0.000,0.000,-0.914,0,1.000,0,0,0.2560,-0.0032,0.0540
1596,12,1,0,0.031,-0.039,-1.000,0.197,1,1,-0.000,0.000,-0.563,0,1.000,0,0,0.2561,-0.0032,0.0540
1597,12,1,0,0.039,-0.039,-1.000,-1.000,1,1,-0.000,0.000,0.000,0,1.000,0,0,0.2561,-0.0033,0.0540
1598,12,1,0,0.039,-0.039,-1.000,-1.000,1,1,-0.000,0.000,0.000,0,1.000,0,0,0.2562,-0.0033,0.0540
1599,12,1,0,0.024,-0.024,-1.000,-1.000,1,1,-0.000,0.000,0.000,0,1.000,0,0,0.2562,-0.0034,0.0540
1600,12,1,0,0.024,-0.024,-1.000,-1.000,1,1,-0.000,0.000,0.000,0,1.000,0,0,0.2562,-0.0034,0.0540
1601,12,1,0,0.016,-0.016,-1.000,-1.000,1,1,-0.000,0.000,0.000,0,1.000,0,0,0.2562,-0.0034,0.0540
1602,12,1,0,0.024,-0.024,-1.000,-1.000,1,1,-0.000,0.000,0.000,0,1.000,0,0,0.2562,-0.0034,0.0540
1603,12,1,0,0.024,-0.024,-1.000,-1.000,1,1,-0.000,0.000,0.000,0,1.000,0,0,0.2562,-0.0034,0.0540
1604,12,1,0,0.024,-0.039,-1.000,-1.000,1,1,-0.000,0.000,0.000,0,1.000,0,0,0.2562,-0.0034,0.0540
1605,12,1,0,0.024,-0.047,-1.000,-1.000,1,1,-0.000,0.000,0.000,0,1.000,0,0,0.2562,-0.0034,0.0540
1606,12,1,0,0.008,-0.047,-1.000,-1.000,1,1,-0.000,0.000,0.000,0,1.000,0,0,0.2562,-0.0034,0.0540
1607,12,1,0,0.008,-0.047,-1.000,-1.000,1,1,-0.000,0.000,0.000,0,1.000,0,0,0.2562,-0.0034,0.0540
1608,12,1,0,0.000,-0.047,-1.000,-1.000,1,1,-0.000,0.000,0.000,0,1.000,0,0,0.2562,-0.0034,0.0540
1609,12,1,0,0.000,-0.039,-1.000,-1.000,1,1,-0.000,0.000,0.000,0,1.000,0,0,0.2562,-0.0034,0.0540
1610,12,1,0,0.000,-0.024,-1.000,-1.000,1,1,-0.000,0.000,0.000,0,1.000,0,0,0.2562,-0.0034,0.0540
1611,12,1,0,0.039,-0.024,-1.000,-1.000,1,1,-0.000,0.000,0.000,0,1.000,0,0,0.2562,-0.0034,0.0540
1612,12,1,0,0.039,-0.024,-1.000,-1.000,1,1,-0.000,0.000,0.000,0,1.000,0,0,0.2562,-0.0034,0.0540
1613,12,1,0,0.024,-0.024,-1.000,-1.000,1,1,-0.000,0.000,0.000,0,1.000,0,0,0.2562,-0.0034,0.0540
1614,12,1,0,0.024,-0.024,-1.000,-1.000,1,1,-0.000,0.000,0.000,0,1.000,0,0,0.2562,-0.0034,0.0540
1615,12,1,0,0.024,-0.024,-1.000,-1.000,1,1,-0.000,0.000,0.000,0,1.000,0,0,0.2562,-0.0034,0.0540
1616,12,1,0,0.024,-0.032,-1.000,-1.000,1,1,-0.000,0.000,0.000,0,1.000,0,0,0.2562,-0.0034,0.0540
1617,12,1,0,0.024,-0.032,-1.000,-1.000,1,1,-0.000,0.000,0.000,0,1.000,0,0,0.2562,-0.0034,0.0540
1618,12,1,0,0.016,-0.032,-1.000,-1.000,1,1,-0.000,0.000,0.000,0,1.000,0,0,0.2562,-0.0034,0.0540
1619,12,1,0,0.008,-0.032,-1.000,-1.000,1,1,-0.000,0.000,0.000,0,1.000,0,0,0.2562,-0.0034,0.0540
1620,12,1,0,0.016,-0.032,-1.000,-1.000,1,1,-0.000,0.000,0.000,0,1.000,0,0,0.2562,-0.0034,0.0540
1621,12,1,0,0.016,-0.032,-1.000,-1.000,1,1,-0.000,0.000,0.000,0,1.000,0,0,0.2562,-0.0034,0.0540
1622,12,1,0,0.008,-0.032,-1.000,-1.000,1,1,-0.000,0.000,0.000,0,1.000,0,0,0.2562,-0.0034,0.0540
1623,12,1,0,0.016,-0.032,-1.000,-1.000,1,1,-0.000,0.000,0.000,0,1.000,0,0,0.2562,-0.0034,0.0540
1624,12,1,0,0.008,-0.032,-1.000,-1.000,1,1,-0.000,0.000,0.000,0,1.000,0,0,0.2562,-0.0034,0.0540
1625,12,1,0,0.016,-0.032,-1.000,-1.000,1,1,-0.000,0.000,0.000,0,1.000,0,0,0.2562,-0.0034,0.0540
1626,12,1,0,0.008,-0.032,-1.000,-1.000,1,1,-0.000,0.000,0.000,0,1.000,0,0,0.2562,-0.0034,0.0540
1627,12,1,0,0.008,-0.032,-1.000,-1.000,1,1,-0.000,0.000,0.000,0,1.000,0,0,0.2562,-0.0034,0.0540
1628,12,1,0,0.008,-0.032,-1.000,-1.000,1,1,-0.000,0.000,0.000,0,1.000,0,0,0.2562,-0.0034,0.0540
1629,12,1,0,0.016,-0.032,-1.000,-1.000,1,1,-0.000,0.000,0.000,0,1.000,0,0,0.2562,-0.0034,0.0540
1630,12,0,0,0.016,-0.032,-1.000,-1.000,1,1,0.000,0.000,0.000,0,1.000,0,0,0.2562,-0.0034,0.0540
1631,12,0,0,0.008,-0.032,-1.000,-1.000,1,1,0.000,0.000,0.000,0,1.000,0,0,0.2562,-0.0034,0.0540
1632,12,0,0,0.016,-0.032,-1.000,-1.000,1,1,0.000,0.000,0.000,0,1.000,0,0,0.2562,-0.0034,0.0540
1633,12,0,0,0.016,-0.032,-1.000,-1.000,1,1,0.000,0.000,0.000,0,1.000,0,0,0.2562,-0.0034,0.0540
1634,12,0,0,0.008,-0.032,-1.000,-1.000,1,1,0.000,0.000,0.000,0,1.000,0,0,0.2562,-0.0034,0.0540
1635,12,0,0,0.016,-0.032,-1.000,-1.000,1,1,0.000,0.000,0.000,0,1.000,0,0,0.2562,-0.0034,0.0540
1636,12,0,0,0.016,-0.032,-1.000,-1.000,1,1,0.000,0.000,0.000,0,1.000,0,0,0.2562,-0.0034,0.0540
1637,12,0,0,0.008,-0.032,-1.000,-1.000,1,1,0.000,0.000,0.000,0,1.000,0,0,0.2562,-0.0034,0.0540
1638,12,0,0,0.016,-0.032,-1.000,-1.000,1,1,0.000,0.000,0.000,0,1.000,0,0,0.2562,-0.0034,0.0540
1639,12,0,0,0.016,-0.032,-1.000,-1.000,1,1,0.000,0.000,0.000,0,1.000,0,0,0.2562,-0.0034,0.0540
1640,12,0,0,0.008,-0.032,-1.000,-1.000,1,1,0.000,0.000,0.000,0,1.000,0,0,0.2562,-0.0034,0.0540
1641,12,0,0,0.008,-0.032,-1.000,-1.000,1,1,0.000,0.000,0.000,0,1.000,0,0,0.2562,-0.0034,0.0540
1642,12,0,0,0.016,-0.032,-1.000,-1.000,1,1,0.000,0.000,0.000,0,1.000,0,0,0.2562,-0.0033,0.0540
1643,12,0,0,0.008,-0.032,-1.000,-1.000,1,1,0.000,0.000,0.000,0,1.000,0,0,0.2562,-0.0034,0.0540
1644,12,0,0,0.008,-0.032,-1.000,-1.000,1,1,0.000,0.000,0.000,0,1.000,0,0,0.2562,-0.0033,0.0540
1645,12,0,0,0.016,-0.032,-1.000,-1.000,1,1,0.000,0.000,0.000,0,1.000,0,0,0.2562,-0.0033,0.0540
1646,12,0,0,0.016,-0.032,-1.000,-1.000,1,1,0.000,0.000,0.000,0,1.000,0,0,0.2562,-0.0034,0.0540
1647,12,0,0,0.016,-0.032,-1.000,-1.000,1,1,0.000,0.000,0.000,0,1.000,0,0,0.2562,-0.0033,0.0540
1648,12,0,0,0.016,-0.032,-1.000,-1.000,1,1,0.000,0.000,0.000,0,1.000,0,0,0.2562,-0.0034,0.0540
1649,13,0,0,0.008,-0.032,-1.000,-1.000,1,1,0.000,0.000,0.000,0,0.077,0,0,0.2501,-0.0049,0.0619
1650,13,0,0,0.016,-0.032,-1.000,-1.000,1,1,0.000,0.000,0.000,0,0.154,0,0,0.2503,-0.0049,0.0599
1651,13,0,0,0.016,-0.032,-1.000,-1.000,1,1,0.000,0.000,0.000,0,0.231,0,0,0.2503,-0.0050,0.0597
1652,13,0,0,0.008,-0.032,-1.000,-1.000,1,1,0.000,0.000,0.000,0,0.308,0,0,0.2503,-0.0050,0.0597
1653,13,0,0,0.016,-0.032,-1.000,-1.000,1,1,0.000,0.000,0.000,0,0.385,0,0,0.2501,-0.0049,0.0597
1654,13,0,0,0.008,-0.032,-1.000,-1.000,1,1,0.000,0.000,0.000,0,0.462,0,0,0.2500,-0.0049,0.0595
1655,13,0,0,0.016,-0.032,-1.000,-1.000,1,1,0.000,0.000,0.000,0,0.538,0,0,0.2499,-0.0048,0.0592
1656,13,0,0,0.008,-0.032,-1.000,-1.000,1,1,0.000,0.000,0.000,0,0.615,0,0,0.2497,-0.0048,0.0590
1657,13,0,0,0.008,-0.032,-1.000,-1.000,1,1,0.000,0.000,0.000,0,0.692,0,0,0.2496,-0.0048,0.0587
1658,13,0,0,0.008,-0.032,-1.000,-1.000,1,1,0.000,0.000,0.000,0,0.769,0,0,0.2495,-0.0047,0.0585
1659,13,0,0,0.016,-0.032,-1.000,-1.000,1,1,0.000,0.000,0.000,0,0.846,0,0,0.2493,-0.0047,0.0583
1660,13,0,0,0.008,-0.032,-1.000,-1.000,1,1,0.000,0.000,0.000,0,0.923,0,0,0.2492,-0.0047,0.0581
1661,13,0,0,0.016,-0.032,-1.000,-1.000,1,1,0.000,0.000,0.000,0,1.000,0,0,0.2491,-0.0046,0.0578
1662,13,0,0,0.016,-0.032,-1.000,-1.000,1,1,0.000,0.000,0.000,0,1.000,0,0,0.2490,-0.0046,0.0576
1663,13,1,0,0.008,-0.032,-1.000,-1.000,1,1,-0.000,0.000,0.000,0,1.000,0,0,0.2490,-0.0046,0.0576
1664,13,1,0,0.008,-0.032,-1.000,-1.000,1,1,-0.000,0.000,0.000,0,1.000,0,0,0.2490,-0.0046,0.0576
1665,13,1,0,0.008,-0.032,-1.000,-1.000,1,1,-0.000,0.000,0.000,0,1.000,0,0,0.2490,-0.0046,0.0576
1666,13,1,0,0.000,-0.032,-1.000,-1.000,1,1,-0.000,0.000,0.000,0,1.000,0,0,0.2490,-0.0046,0.0576
1667,13,1,0,0.000,-0.032,-1.000,-1.000,1,1,-0.000,0.000,0.000,0,1.000,0,0,0.2490,-0.0046,0.0576
1668,13,1,0,0.000,-0.032,-1.000,-1.000,1,1,-0.000,0.000,0.000,0,1.000,0,0,0.2490,-0.0046,0.0576
1669,13,1,0,0.000,-0.032,-1.000,-1.000,1,1,-0.000,0.000,0.000,0,1.000,0,0,0.2490,-0.0046,0.0576
1670,13,1,0,0.000,-0.032,-1.000,-1.000,1,1,-0.000,0.000,0.000,0,1.000,0,0,0.2490,-0.0046,0.0576
1671,13,1,0,0.000,-0.032,-1.000,-0.378,1,1,-0.000,0.000,-0.251,0,1.000,0,0,0.2490,-0.0046,0.0576
1672,13,1,0,0.000,-0.032,-1.000,0.252,1,1,-0.000,0.000,-0.593,0,1.000,0,0,0.2491,-0.0046,0.0576
1673,13,1,0,0.000,-0.032,-1.000,0.315,1,1,-0.000,0.000,-0.628,0,1.000,0,0,0.2494,-0.0047,0.0574
1674,13,1,0,0.000,-0.032,-1.000,0.024,1,1,-0.000,0.000,-0.469,0,1.000,0,0,0.2496,-0.0048,0.0571
1675,13,1,0,0.016,0.016,-1.000,0.024,1,1,-0.000,0.000,-0.469,0,1.000,0,0,0.2498,-0.0048,0.0569
1676,13,1,0,0.024,0.055,-1.000,0.024,1,1,-0.000,0.000,-0.469,0,1.000,0,0,0.2500,-0.0049,0.0568
1677,13,1,0,0.008,0.638,-1.000,0.244,1,1,-0.000,0.517,-0.589,0,1.000,0,0,0.2503,-0.0047,0.0566
1678,13,1,0,-0.008,0.307,-1.000,0.276,1,1,-0.000,0.076,-0.606,0,1.000,0,0,0.2507,-0.0040,0.0565
1679,13,1,0,-0.008,0.094,-1.000,0.291,1,1,-0.000,0.000,-0.615,0,1.000,0,0,0.2510,-0.0040,0.0565
1680,13,1,0,-0.008,-0.008,-1.000,0.528,1,1,-0.000,0.000,-0.743,0,1.000,0,0,0.2514,-0.0041,0.0564
1681,13,1,0,-0.008,-0.008,-1.000,0.772,1,1,-0.000,0.000,-0.876,0,1.000,0,0,0.2516,-0.0042,0.0562
1682,13,1,0,-0.008,0.016,-1.000,0.850,1,1,-0.000,0.000,-0.919,0,1.000,0,0,0.2520,-0.0043,0.0558
1683,13,1,0,-0.095,0.173,-1.000,0.921,1,1,-0.000,0.000,-0.957,0,1.000,0,0,0.2525,-0.0046,0.0555
1684,13,1,0,-0.142,0.583,-1.000,0.937,1,1,-0.000,0.444,-0.966,0,1.000,0,0,0.2531,-0.0044,0.0552
1685,13,1,0,-0.055,0.157,-1.000,0.945,1,1,-0.000,0.000,-0.970,0,1.000,0,0,0.2537,-0.0040,0.0551
1686,13,1,0,-0.024,0.008,-1.000,1.000,1,1,-0.000,0.000,-1.000,0,1.000,0,0,0.2540,-0.0042,0.0548
1687,13,1,0,-0.016,0.000,-1.000,1.000,1,1,-0.000,0.000,-1.000,0,1.000,0,0,0.2545,-0.0043,0.0545
1688,13,1,0,-0.016,0.000,-1.000,1.000,1,1,-0.000,0.000,-1.000,0,1.000,0,0,0.2547,-0.0046,0.0542
1689,13,1,0,-0.008,0.000,-1.000,1.000,1,1,-0.000,0.000,-1.000,0,1.000,0,0,0.2550,-0.0047,0.0542
1690,13,1,0,-0.016,0.000,-1.000,1.000,1,1,-0.000,0.000,-1.000,0,1.000,0,0,0.2551,-0.0047,0.0542
1691,13,1,0,-0.016,0.000,-1.000,1.000,1,1,-0.000,0.000,-1.000,0,1.000,0,0,0.2553,-0.0048,0.0542
1692,13,1,0,-0.008,0.000,-1.000,1.000,1,1,-0.000,0.000,-1.000,0,1.000,0,0,0.2554,-0.0049,0.0541
1693,13,1,0,-0.008,0.000,-1.000,1.000,1,1,-0.000,0.000,-1.000,0,1.000,0,0,0.2556,-0.0050,0.0541
1694,13,1,0,-0.008,0.000,-1.000,1.000,1,1,-0.000,0.000,-1.000,0,1.000,0,0,0.2558,-0.0050,0.0541
1695,13,1,0,-0.008,0.000,-1.000,1.000,1,1,-0.000,0.000,-1.000,0,1.000,0,0,0.2560,-0.0051,0.0541
1696,13,1,0,-0.008,0.000,-1.000,1.000,1,1,-0.000,0.000,-1.000,0,1.000,0,0,0.2561,-0.0052,0.0541
1697,13,1,0,-0.008,0.000,-1.000,1.000,1,1,-0.000,0.000,-1.000,0,1.000,0,0,0.2563,-0.0052,0.0541
1698,13,1,0,-0.008,0.000,-1.000,-1.000,1,1,-0.000,0.000,0.000,0,1.000,0,0,0.2564,-0.0053,0.0541
1699,13,0,0,-0.008,0.000,-1.000,-1.000,1,1,0.000,0.000,0.000,0,1.000,0,0,0.2564,-0.0053,0.0541
1700,13,0,0,-0.008,0.000,-1.000,-1.000,1,1,0.000,0.000,0.000,0,1.000,0,0,0.2564,-0.0053,0.0541
1701,13,0,0,-0.008,0.000,-1.000,-1.000,1,1,0.000,0.000,0.000,0,1.000,0,0,0.2564,-0.0053,0.0541
1702,13,0,0,-0.008,0.000,-1.000,-1.000,1,1,0.000,0.000,0.000,0,1.000,0,0,0.2564,-0.0053,0.0541
1703,13,0,0,-0.008,0.000,-1.000,-1.000,1,1,0.000,0.000,0.000,0,1.000,0,0,0.2564,-0.0053,0.0541
1704,13,0,0,-0.008,0.000,-1.000,-1.000,1,1,0.000,0.000,0.000,0,1.000,0,0,0.2564,-0.0053,0.0541
1705,13,0,0,-0.008,0.000,-1.000,-1.000,1,1,0.000,0.000,0.000,0,1.000,0,0,0.2564,-0.0053,0.0541
1706,13,0,0,-0.008,0.000,-1.000,-1.000,1,1,0.000,0.000,0.000,0,1.000,0,0,0.2564,-0.0053,0.0541
1707,13,0,0,-0.008,0.000,-1.000,-1.000,1,1,0.000,0.000,0.000,0,1.000,0,0,0.2564,-0.0053,0.0541
1708,13,0,0,-0.008,0.000,-1.000,-1.000,1,1,0.000,0.000,0.000,0,1.000,0,0,0.2564,-0.0053,0.0541
1709,13,0,0,-0.008,0.000,-1.000,-1.000,1,1,0.000,0.000,0.000,0,1.000,0,0,0.2564,-0.0053,0.0541
1710,13,0,0,-0.008,0.000,-1.000,-1.000,1,1,0.000,0.000,0.000,0,1.000,0,0,0.2564,-0.0054,0.0542
1711,13,0,0,-0.008,0.000,-1.000,-1.000,1,1,0.000,0.000,0.000,0,1.000,0,0,0.2564,-0.0054,0.0542
1712,13,0,0,-0.008,0.000,-1.000,-1.000,1,1,0.000,0.000,0.000,0,1.000,0,0,0.2564,-0.0053,0.0541
1713,13,0,0,-0.008,0.000,-1.000,-1.000,1,1,0.000,0.000,0.000,0,1.000,0,0,0.2564,-0.0053,0.0541
1714,13,0,0,-0.008,0.000,-1.000,-1.000,1,1,0.000,0.000,0.000,0,1.000,0,0,0.2564,-0.0053,0.0541
1715,13,0,0,-0.008,0.000,-1.000,-1.000,1,1,0.000,0.000,0.000,0,1.000,0,0,0.2564,-0.0053,0.0541
1716,13,0,0,-0.008,0.000,-1.000,-1.000,1,1,0.000,0.000,0.000,0,1.000,0,0,0.2564,-0.0053,0.0541
1717,13,0,0,-0.008,0.000,-1.000,-1.000,1,1,0.000,0.000,0.000,0,1.000,0,0,0.2564,-0.0054,0.0542
1718,13,0,0,-0.008,0.000,-1.000,-1.000,1,1,0.000,0.000,0.000,0,1.000,0,0,0.2564,-0.0054,0.0542
1719,13,0,0,-0.008,0.000,-1.000,-1.000,1,1,0.000,0.000,0.000,0,1.000,0,0,0.2564,-0.0054,0.0542
1720,13,0,0,-0.008,0.000,-1.000,-1.000,1,1,0.000,0.000,0.000,0,1.000,0,0,0.2564,-0.0054,0.0542
1721,13,0,0,-0.008,0.000,-1.000,-1.000,1,1,0.000,0.000,0.000,0,1.000,0,0,0.2564,-0.0054,0.0542
1722,13,0,0,-0.008,0.000,-1.000,-1.000,1,1,0.000,0.000,0.000,0,1.000,0,0,0.2563,-0.0054,0.0542
1723,13,0,0,-0.008,0.000,-1.000,-1.000,1,1,0.000,0.000,0.000,0,1.000,0,0,0.2563,-0.0054,0.0542
1724,13,0,0,-0.008,0.000,-1.000,-1.000,1,1,0.000,0.000,0.000,0,1.000,0,0,0.2563,-0.0054,0.0542
1725,13,0,0,-0.008,0.000,-1.000,-1.000,1,1,0.000,0.000,0.000,0,1.000,0,0,0.2564,-0.0054,0.0542
1726,13,0,0,-0.008,0.000,-1.000,-1.000,1,1,0.000,0.000,0.000,0,1.000,0,0,0.2564,-0.0054,0.0542
1727,13,0,0,-0.008,0.000,-1.000,-1.000,1,1,0.000,0.000,0.000,0,1.000,0,0,0.2564,-0.0054,0.0542
1728,13,0,0,0.016,0.000,-1.000,-1.000,1,1,0.000,0.000,0.000,0,1.000,0,0,0.2564,-0.0054,0.0542
1729,13,0,0,0.016,0.000,-1.000,-1.000,1,1,0.000,0.000,0.000,0,1.000,0,0,0.2564,-0.0054,0.0542
1730,13,0,0,0.016,-0.039,-1.000,-1.000,1,1,0.000,0.000,0.000,0,1.000,0,0,0.2564,-0.0054,0.0542
1731,13,0,0,0.016,-0.039,-1.000,-1.000,1,1,0.000,0.000,0.000,0,1.000,0,0,0.2565,-0.0054,0.0542
1732,13,0,0,0.016,-0.039,-1.000,-1.000,1,1,0.000,0.000,0.000,0,1.000,0,0,0.2564,-0.0054,0.0542
1733,13,0,0,0.008,-0.039,-1.000,-1.000,1,1,0.000,0.000,0.000,0,1.000,0,0,0.2564,-0.0054,0.0542
1734,13,0,0,0.008,-0.039,-1.000,-1.000,1,1,0.000,0.000,0.000,0,1.000,0,0,0.2564,-0.0054,0.0542
1735,13,0,0,0.008,-0.039,-1.000,-1.000,1,1,0.000,0.000,0.000,0,1.000,0,0,0.2564,-0.0054,0.0542
1736,13,0,0,-0.008,-0.024,-1.000,-1.000,1,1,0.000,0.000,0.000,0,1.000,0,0,0.2564,-0.0054,0.0542
1737,13,1,0,-0.032,0.016,-1.000,-1.000,1,1,-0.000,0.000,0.000,0,1.000,0,0,0.2565,-0.0054,0.0542
1738,13,1,0,-0.032,0.031,-1.000,-1.000,1,1,-0.000,0.000,0.000,0,1.000,0,0,0.2564,-0.0054,0.0542
1739,13,1,0,-0.087,0.110,-1.000,-1.000,1,1,-0.000,0.000,0.000,0,1.000,0,0,0.2564,-0.0054,0.0542
1740,13,1,0,-0.307,0.504,-1.000,-1.000,1,1,0.076,0.339,0.000,0,1.000,0,0,0.2565,-0.0053,0.0542
1741,13,1,0,-0.504,0.717,-1.000,-1.000,1,1,0.339,0.622,0.000,0,1.000,0,0,0.2568,-0.0050,0.0542
1742,13,1,0,-0.142,0.205,-1.000,-1.000,1,1,-0.000,0.000,0.000,0,1.000,0,0,0.2569,-0.0049,0.0543
1743,13,1,0,-0.142,0.213,-1.000,-1.000,1,1,-0.000,0.000,0.000,0,1.000,0,0,0.2569,-0.0049,0.0543
1744,13,1,0,-0.717,0.756,-1.000,-1.000,1,1,0.622,0.675,0.000,0,1.000,0,0,0.2572,-0.0047,0.0542
1745,13,1,0,-0.150,0.142,-1.000,-1.000,1,1,-0.000,0.000,0.000,0,1.000,0,0,0.2577,-0.0040,0.0545
1746,13,1,0,-0.047,0.039,-1.000,-1.000,1,1,-0.000,0.000,0.000,1,1.000,1,0,0.2577,-0.0040,0.0545
1747,13,1,0,-0.063,0.047,-1.000,-1.000,1,1,-0.000,0.000,0.000,1,1.000,1,0,0.2577,-0.0040,0.0544
1748,13,1,0,0.000,-0.008,-1.000,-1.000,1,1,-0.000,0.000,0.000,1,1.000,1,0,0.2577,-0.0040,0.0545
1749,13,1,0,0.063,-0.047,-1.000,-1.000,1,1,-0.000,0.000,0.000,1,1.000,1,0,0.2577,-0.0040,0.0545
1750,13,1,0,0.551,-0.047,-1.000,-1.000,1,1,-0.402,0.000,0.000,1,1.000,1,0,0.2576,-0.0040,0.0545
1751,13,1,0,0.543,-0.016,-1.000,-1.000,1,1,-0.391,0.000,0.000,1,1.000,1,0,0.2574,-0.0041,0.0545
1752,13,1,0,0.016,0.016,-1.000,-1.000,1,1,-0.000,0.000,0.000,0,1.000,0,0,0.2572,-0.0040,0.0545
1753,13,1,0,0.008,0.016,-1.000,-1.000,1,1,-0.000,0.000,0.000,0,1.000,0,0,0.2572,-0.0040,0.0545
1754,13,1,0,0.008,0.559,-1.000,-1.000,1,1,-0.000,0.412,0.000,0,1.000,0,0,0.2572,-0.0039,0.0545
1755,13,1,0,-0.087,0.929,-1.000,-1.000,1,1,-0.000,0.905,0.000,0,1.000,0,0,0.2574,-0.0030,0.0548
1756,13,1,0,0.031,0.283,-1.000,-1.000,1,1,-0.000,0.045,0.000,0,1.000,0,0,0.2573,-0.0028,0.0550
1757,13,1,0,0.024,-0.008,-1.000,-1.000,1,1,-0.000,0.000,0.000,0,1.000,0,0,0.2574,-0.0027,0.0551
1758,13,1,0,0.024,-0.016,-1.000,-1.000,1,1,-0.000,0.000,0.000,0,1.000,0,0,0.2575,-0.0026,0.0550
1759,13,1,0,0.016,0.000,-1.000,-1.000,1,1,-0.000,0.000,0.000,1,1.000,1,0,0.2575,-0.0026,0.0551
1760,13,1,0,0.000,0.055,-1.000,-1.000,1,1,-0.000,0.000,0.000,1,1.000,1,0,0.2575,-0.0026,0.0551
1761,13,1,0,0.008,0.535,-1.000,-1.000,1,1,-0.000,0.381,0.000,1,1.000,1,0,0.2575,-0.0025,0.0551
1762,13,1,0,0.126,0.598,-1.000,-1.000,1,1,-0.000,0.465,0.000,1,1.000,1,0,0.2575,-0.0024,0.0552
1763,13,1,0,0.008,-0.047,-1.000,-1.000,1,1,-0.000,0.000,0.000,1,1.000,1,0,0.2575,-0.0023,0.0554
1764,13,1,0,0.016,-0.047,-1.000,-1.000,1,1,-0.000,0.000,0.000,1,1.000,1,0,0.2575,-0.0022,0.0554
1765,13,1,0,0.071,-0.047,-1.000,-1.000,1,1,-0.000,0.000,0.000,1,1.000,1,0,0.2575,-0.0022,0.0554
1766,13,1,0,0.079,-0.039,-1.000,-1.000,1,1,-0.000,0.000,0.000,1,1.000,1,0,0.2576,-0.0021,0.0554
1767,13,1,0,0.087,-0.039,-1.000,-1.000,1,1,-0.000,0.000,0.000,1,1.000,1,0,0.2576,-0.0021,0.0554
1768,13,1,0,0.528,0.008,-1.000,-1.000,1,1,-0.370,0.000,0.000,1,1.000,1,0,0.2574,-0.0022,0.0554
1769,13,1,0,0.724,0.016,-1.000,-1.000,1,1,-0.633,0.000,0.000,1,1.000,1,0,0.2571,-0.0022,0.0556
1770,13,1,0,0.016,-0.095,-1.000,-1.000,1,1,-0.000,0.000,0.000,1,1.000,1,0,0.2569,-0.0022,0.0557
1771,13,1,0,0.008,-0.016,-1.000,-1.000,1,1,-0.000,0.000,0.000,0,1.000,0,0,0.2569,-0.0021,0.0556
1772,13,1,0,0.047,-0.016,-1.000,-1.000,1,1,-0.000,0.000,0.000,0,1.000,0,0,0.2569,-0.0021,0.0556
1773,13,1,0,0.614,-0.047,-1.000,-1.000,1,1,-0.486,0.000,0.000,0,1.000,0,0,0.2567,-0.0022,0.0557
1774,13,1,0,0.811,-0.079,-1.000,-1.000,1,1,-0.748,0.000,0.000,0,1.000,0,0,0.2564,-0.0022,0.0559
1775,13,1,0,0.063,-0.102,-1.000,-1.000,1,1,-0.000,0.000,0.000,0,1.000,0,0,0.2561,-0.0018,0.0560
1776,13,1,0,0.047,-0.071,-1.000,-1.000,1,1,-0.000,0.000,0.000,0,1.000,0,0,0.2560,-0.0017,0.0558
1777,13,1,0,0.087,-0.055,-1.000,-1.000,1,1,-0.000,0.000,0.000,0,1.000,0,0,0.2559,-0.0017,0.0558
1778,13,1,0,0.433,-0.055,-1.000,-1.000,1,1,-0.244,0.000,0.000,0,1.000,0,0,0.2558,-0.0015,0.0558
1779,13,1,0,0.047,-0.055,-1.000,-1.000,1,1,-0.000,0.000,0.000,0,1.000,0,0,0.2557,-0.0015,0.0559
1780,13,1,0,0.031,-0.047,-1.000,-1.000,1,1,-0.000,0.000,0.000,0,1.000,0,0,0.2557,-0.0014,0.0559
1781,13,1,0,-0.008,-0.047,-1.000,-1.000,1,1,-0.000,0.000,0.000,0,1.000,0,0,0.2557,-0.0014,0.0559
1782,13,1,0,-0.016,-0.047,-1.000,-1.000,1,1,-0.000,0.000,0.000,0,1.000,0,0,0.2557,-0.0014,0.0559
1783,13,1,0,-0.016,-0.047,-1.000,-1.000,1,1,-0.000,0.000,0.000,0,1.000,0,0,0.2557,-0.0014,0.0559
1784,13,1,0,-0.016,-0.047,-1.000,-1.000,1,1,-0.000,0.000,0.000,0,1.000,0,0,0.2557,-0.0014,0.0559
1785,13,1,0,-0.016,-0.047,-1.000,-1.000,1,1,-0.000,0.000,0.000,0,1.000,0,0,0.2557,-0.0014,0.0559
1786,13,1,0,-0.016,-0.055,-1.000,-1.000,1,1,-0.000,0.000,0.000,0,1.000,0,0,0.2557,-0.0014,0.0559
1787,13,1,0,-0.016,-0.047,-1.000,-1.000,1,1,-0.000,0.000,0.000,0,1.000,0,0,0.2557,-0.0014,0.0559
1788,13,1,0,-0.016,-0.047,-1.000,-1.000,1,1,-0.000,0.000,0.000,0,1.000,0,0,0.2557,-0.0014,0.0559
1789,13,1,0,-0.079,-0.016,-1.000,-1.000,1,1,-0.000,0.000,0.000,0,1.000,0,0,0.2557,-0.0014,0.0559
1790,13,1,0,-0.220,-0.008,-1.000,-1.000,1,1,-0.000,0.000,0.000,0,1.000,0,0,0.2557,-0.0014,0.0559
1791,13,1,0,-0.220,-0.008,-1.000,-1.000,1,1,-0.000,0.000,0.000,0,1.000,0,0,0.2557,-0.0014,0.0559
1792,13,1,0,-0.220,-0.008,-1.000,-1.000,1,1,-0.000,0.000,0.000,0,1.000,0,0,0.2557,-0.0014,0.0560
1793,13,1,0,-0.654,0.102,-1.000,-1.000,1,1,0.538,0.000,0.000,0,1.000,0,0,0.2559,-0.0014,0.0558
1794,13,1,0,-0.732,0.102,-1.000,-1.000,1,1,0.643,0.000,0.000,0,1.000,0,0,0.2562,-0.0014,0.0556
1795,13,1,0,-0.756,0.102,-1.000,-1.000,1,1,0.675,0.000,0.000,0,1.000,0,0,0.2567,-0.0015,0.0553
1796,13,1,0,-0.740,0.102,-1.000,-1.000,1,1,0.654,0.000,0.000,0,1.000,0,0,0.2571,-0.0016,0.0551
1797,13,1,0,-0.780,0.024,-1.000,-1.000,1,1,0.706,0.000,0.000,1,1.000,1,0,0.2575,-0.0016,0.0551
1798,13,1,0,0.039,-0.024,-1.000,-1.000,1,1,-0.000,0.000,0.000,1,1.000,1,0,0.2577,-0.0016,0.0551
1799,13,1,0,0.071,-0.039,-1.000,-1.000,1,1,-0.000,0.000,0.000,1,1.000,1,0,0.2577,-0.0016,0.0551
1800,13,1,0,0.488,-0.039,-1.000,-1.000,1,1,-0.318,0.000,0.000,1,1.000,1,0,0.2576,-0.0016,0.0551
1801,13,1,0,0.717,-0.134,-1.000,-1.000,1,1,-0.622,0.000,0.000,1,1.000,1,0,0.2574,-0.0016,0.0552
1802,13,1,0,1.000,-0.213,-1.000,-1.000,1,1,-1.000,0.000,0.000,1,1.000,1,0,0.2569,-0.0016,0.0554
1803,13,1,0,1.000,-0.228,-1.000,-1.000,1,1,-1.000,0.000,0.000,1,1.000,1,0,0.2562,-0.0015,0.0558
1804,13,1,0,0.866,-0.205,-1.000,-1.000,1,1,-0.821,0.000,0.000,0,1.000,0,0,0.2558,-0.0014,0.0561
1805,13,1,0,0.630,-0.228,-1.000,-1.000,1,1,-0.507,0.000,0.000,0,1.000,0,0,0.2550,-0.0009,0.0562
1806,13,1,0,0.409,-0.417,-1.000,-1.000,1,1,-0.213,-0.223,0.000,0,1.000,0,0,0.2546,-0.0008,0.0563
1807,13,1,0,0.583,-0.425,-1.000,-1.000,1,1,-0.444,-0.234,0.000,0,1.000,0,0,0.2538,-0.0002,0.0561
1808,13,1,0,0.488,-0.425,-1.000,-1.000,1,1,-0.318,-0.234,0.000,0,1.000,0,0,0.2532,-0.0004,0.0562
1809,13,1,0,0.472,-0.701,-1.000,-1.000,1,1,-0.297,-0.601,0.000,0,1.000,0,0,0.2525,-0.0009,0.0563
1810,13,1,0,0.551,-0.921,-1.000,-1.000,1,1,-0.402,-0.895,0.000,0,1.000,0,0,0.2517,-0.0026,0.0564
1811,13,1,0,0.189,-0.512,-1.000,-1.000,1,1,-0.000,-0.349,0.000,0,1.000,0,0,0.2508,-0.0040,0.0562
1812,13,1,0,0.024,-0.039,-1.000,-1.000,1,1,-0.000,0.000,0.000,0,1.000,0,0,0.2508,-0.0046,0.0561
1813,14,1,0,0.024,-0.039,-1.000,-1.000,1,1,-0.000,0.000,0.000,0,0.125,0,0,0.2499,-0.0052,0.0612
1814,14,1,0,0.024,-0.039,-1.000,-1.000,1,1,-0.000,0.000,0.000,0,0.250,0,0,0.2498,-0.0047,0.0584
1815,14,1,0,-0.016,-0.016,-1.000,-1.000,1,1,-0.000,0.000,0.000,0,0.375,0,0,0.2499,-0.0050,0.0581
1816,14,1,0,-0.016,-0.016,-1.000,-1.000,1,1,-0.000,0.000,0.000,0,0.500,0,0,0.2498,-0.0050,0.0583
1817,14,1,0,-0.016,0.016,-1.000,-1.000,1,1,-0.000,0.000,0.000,0,0.625,0,0,0.2497,-0.0048,0.0582
1818,14,1,0,-0.016,0.291,-1.000,-1.000,1,1,-0.000,0.055,0.000,0,0.750,0,0,0.2495,-0.0048,0.0581
1819,14,1,0,-0.039,0.118,-1.000,-1.000,1,1,-0.000,0.000,0.000,0,0.875,0,0,0.2494,-0.0047,0.0579
1820,14,1,0,0.000,-0.032,-1.000,-1.000,1,1,-0.000,0.000,0.000,0,1.000,0,0,0.2493,-0.0045,0.0578
1821,14,1,0,0.000,-0.032,-1.000,-1.000,1,1,-0.000,0.000,0.000,0,1.000,0,0,0.2492,-0.0045,0.0576
1822,14,1,0,0.000,-0.032,-1.000,-1.000,1,1,-0.000,0.000,0.000,0,1.000,0,0,0.2492,-0.0045,0.0576
1823,14,1,0,0.000,-0.032,-1.000,-1.000,1,1,-0.000,0.000,0.000,0,1.000,0,0,0.2492,-0.0045,0.0576
1824,14,1,0,0.000,-0.032,-1.000,-1.000,1,1,-0.000,0.000,0.000,0,1.000,0,0,0.2492,-0.0045,0.0576
1825,14,1,0,0.000,-0.032,-1.000,-1.000,1,1,-0.000,0.000,0.000,0,1.000,0,0,0.2492,-0.0045,0.0576
1826,14,1,0,0.031,-0.016,-1.000,-1.000,1,1,-0.000,0.000,0.000,0,1.000,0,0,0.2492,-0.0045,0.0576
1827,14,1,0,0.000,0.047,-1.000,-1.000,1,1,-0.000,0.000,0.000,0,1.000,0,0,0.2492,-0.0045,0.0576
1828,14,1,0,-0.717,0.394,-1.000,-1.000,1,1,0.622,0.192,0.000,0,1.000,0,0,0.2494,-0.0043,0.0575
1829,14,1,0,-0.039,0.024,-1.000,-1.000,1,1,-0.000,0.000,0.000,0,1.000,0,0,0.2501,-0.0039,0.0571
1830,14,1,0,0.000,0.000,-1.000,-1.000,1,1,-0.000,0.000,0.000,0,1.000,0,0,0.2501,-0.0038,0.0570
1831,14,1,0,0.000,0.000,-1.000,-1.000,1,1,-0.000,0.000,0.000,0,1.000,0,0,0.2501,-0.0038,0.0570
1832,14,1,0,0.000,0.000,-1.000,-1.000,1,1,-0.000,0.000,0.000,0,1.000,0,0,0.2501,-0.0038,0.0570
1833,14,1,0,0.000,0.000,-1.000,-1.000,1,1,-0.000,0.000,0.000,0,1.000,0,0,0.2501,-0.0038,0.0570
1834,14,1,0,0.000,0.000,-1.000,-1.000,1,1,-0.000,0.000,0.000,0,1.000,0,0,0.2501,-0.0038,0.0570
1835,14,1,0,0.016,0.039,-1.000,-1.000,1,1,-0.000,0.000,0.000,0,1.000,0,0,0.2501,-0.0038,0.0571
1836,14,1,0,0.055,0.331,-1.000,-1.000,1,1,-0.000,0.108,0.000,0,1.000,0,0,0.2502,-0.0038,0.0571
1837,14,1,0,-0.055,0.016,-1.000,-1.000,1,1,-0.000,0.000,0.000,0,1.000,0,0,0.2502,-0.0037,0.0571
1838,14,1,0,0.000,-0.032,-1.000,-1.000,1,1,-0.000,0.000,0.000,0,1.000,0,0,0.2502,-0.0037,0.0571
1839,14,1,0,0.000,-0.032,-1.000,-0.417,1,1,-0.000,0.000,-0.230,0,1.000,0,0,0.2502,-0.0036,0.0571
1840,14,1,0,0.008,-0.032,-1.000,0.984,1,1,-0.000,0.000,-0.991,0,1.000,0,0,0.2504,-0.0037,0.0570
1841,14,1,0,0.008,-0.032,-1.000,0.913,1,1,-0.000,0.000,-0.953,0,1.000,0,0,0.2508,-0.0039,0.0565
1842,14,1,0,0.008,-0.032,-1.000,0.874,1,1,-0.000,0.000,-0.932,0,1.000,0,0,0.2512,-0.0041,0.0558
1843,14,1,0,0.008,-0.032,-1.000,0.567,1,1,-0.000,0.000,-0.765,0,1.000,0,0,0.2516,-0.0044,0.0552
1844,14,1,0,0.008,-0.032,-1.000,0.606,1,1,-0.000,0.000,-0.786,0,1.000,0,0,0.2521,-0.0046,0.0547
1845,14,1,0,0.008,-0.032,-1.000,0.740,1,1,-0.000,0.000,-0.859,0,1.000,0,0,0.2525,-0.0048,0.0543
1846,14,1,0,0.094,-0.039,-1.000,0.465,1,1,-0.000,0.000,-0.709,0,1.000,0,0,0.2528,-0.0048,0.0540
1847,14,1,0,0.858,0.016,-1.000,0.331,1,1,-0.811,0.000,-0.636,0,1.000,0,0,0.2529,-0.0049,0.0540
1848,14,1,0,0.866,0.039,-1.000,0.417,1,1,-0.821,0.000,-0.683,0,1.000,0,0,0.2521,-0.0058,0.0543
1849,14,1,0,0.394,0.047,-1.000,0.402,1,1,-0.192,0.000,-0.675,0,1.000,0,0,0.2514,-0.0066,0.0545
1850,14,1,0,0.047,-0.039,-1.000,0.433,1,1,-0.000,0.000,-0.692,0,1.000,0,0,0.2515,-0.0069,0.0544
1851,14,1,0,0.031,-0.032,-1.000,0.480,1,1,-0.000,0.000,-0.718,0,1.000,0,0,0.2518,-0.0071,0.0542
1852,14,1,0,0.039,0.016,-1.000,0.378,1,1,-0.000,0.000,-0.662,0,1.000,0,0,0.2521,-0.0074,0.0540
1853,14,1,0,-0.079,0.669,-1.000,0.362,1,1,-0.000,0.559,-0.653,0,1.000,0,0,0.2525,-0.0073,0.0539
1854,14,1,0,-0.087,0.465,-1.000,0.488,1,1,-0.000,0.286,-0.722,0,1.000,0,0,0.2531,-0.0070,0.0538
1855,14,1,0,0.008,0.008,-1.000,0.488,1,1,-0.000,0.000,-0.722,0,1.000,0,0,0.2534,-0.0068,0.0538
1856,14,1,0,0.008,-0.039,-1.000,0.559,1,1,-0.000,0.000,-0.760,0,1.000,0,0,0.2534,-0.0069,0.0537
1857,14,1,0,0.000,-0.063,-1.000,0.567,1,1,-0.000,0.000,-0.765,0,1.000,0,0,0.2536,-0.0070,0.0537
1858,14,1,0,0.000,0.008,-1.000,0.417,1,1,-0.000,0.000,-0.683,0,1.000,0,0,0.2537,-0.0071,0.0537
1859,14,1,0,0.024,0.016,-1.000,-1.000,1,1,-0.000,0.000,0.000,0,1.000,0,0,0.2538,-0.0072,0.0537
1860,14,1,0,0.094,0.008,-1.000,-1.000,1,1,-0.000,0.000,0.000,0,1.000,0,0,0.2538,-0.0073,0.0537
1861,14,1,0,0.669,0.268,-1.000,-1.000,1,1,-0.559,0.024,0.000,0,1.000,0,0,0.2537,-0.0074,0.0538
1862,14,1,0,-0.126,0.780,-1.000,-1.000,1,1,-0.000,0.706,0.000,0,1.000,0,0,0.2537,-0.0074,0.0538
1863,14,1,0,-0.362,0.858,-1.000,-1.000,1,1,0.150,0.811,0.000,0,1.000,0,0,0.2539,-0.0063,0.0539
1864,14,1,0,-0.032,-0.016,-1.000,-1.000,1,1,-0.000,0.000,0.000,0,1.000,0,0,0.2540,-0.0055,0.0539
1865,14,1,0,0.000,-0.024,-1.000,-1.000,1,1,-0.000,0.000,0.000,0,1.000,0,0,0.2540,-0.0054,0.0538
1866,14,1,0,-0.008,-0.024,-1.000,-1.000,1,1,-0.000,0.000,0.000,0,1.000,0,0,0.2540,-0.0053,0.0539
1867,14,1,0,-0.024,-0.024,-1.000,-1.000,1,1,-0.000,0.000,0.000,0,1.000,0,0,0.2540,-0.0052,0.0538
1868,14,1,0,-0.032,-0.016,-1.000,-1.000,1,1,-0.000,0.000,0.000,0,1.000,0,0,0.2540,-0.0052,0.0538
1869,14,1,0,-0.032,-0.016,-1.000,-1.000,1,1,-0.000,0.000,0.000,0,1.000,0,0,0.2540,-0.0052,0.0539
1870,14,1,0,-0.032,-0.016,-1.000,-1.000,1,1,-0.000,0.000,0.000,0,1.000,0,0,0.2540,-0.0052,0.0538
1871,14,1,0,0.000,-0.024,-1.000,-1.000,1,1,-0.000,0.000,0.000,0,1.000,0,0,0.2540,-0.0052,0.0538
1872,14,1,0,0.000,-0.024,-1.000,-1.000,1,1,-0.000,0.000,0.000,0,1.000,0,0,0.2540,-0.0052,0.0538
1873,14,1,0,0.000,-0.024,-1.000,-1.000,1,1,-0.000,0.000,0.000,0,1.000,0,0,0.2539,-0.0052,0.0538
1874,14,1,0,0.000,-0.024,-1.000,-1.000,1,1,-0.000,0.000,0.000,0,1.000,0,0,0.2540,-0.0052,0.0539
1875,14,1,0,0.000,-0.024,-1.000,-1.000,1,1,-0.000,0.000,0.000,0,1.000,0,0,0.2540,-0.0052,0.0539
1876,14,1,0,0.000,-0.024,-1.000,-1.000,1,1,-0.000,0.000,0.000,0,1.000,0,0,0.2540,-0.0052,0.0539
1877,14,1,0,0.000,-0.024,-1.000,-1.000,1,1,-0.000,0.000,0.000,0,1.000,0,0,0.2540,-0.0052,0.0539
1878,14,1,0,0.000,-0.024,-1.000,-1.000,1,1,-0.000,0.000,0.000,0,1.000,0,0,0.2540,-0.0052,0.0538
1879,14,1,0,0.000,-0.024,-1.000,-1.000,1,1,-0.000,0.000,0.000,0,1.000,0,0,0.2540,-0.0052,0.0538
1880,14,1,0,0.000,-0.024,-1.000,-1.000,1,1,-0.000,0.000,0.000,0,1.000,0,0,0.2540,-0.0052,0.0538
1881,14,1,0,0.000,-0.024,-1.000,-1.000,1,1,-0.000,0.000,0.000,0,1.000,0,0,0.2540,-0.0052,0.0539
1882,14,1,0,0.000,-0.024,-1.000,-1.000,1,1,-0.000,0.000,0.000,0,1.000,0,0,0.2540,-0.0052,0.0538
1883,14,1,0,0.000,-0.024,-1.000,-1.000,1,1,-0.000,0.000,0.000,0,1.000,0,0,0.2540,-0.0052,0.0539
1884,14,1,0,0.000,-0.024,-1.000,-1.000,1,1,-0.000,0.000,0.000,0,1.000,0,0,0.2540,-0.0052,0.0539
1885,14,1,0,0.000,-0.024,-1.000,-1.000,1,1,-0.000,0.000,0.000,0,1.000,0,0,0.2540,-0.0052,0.0539
1886,14,1,0,0.000,-0.024,-1.000,-1.000,1,1,-0.000,0.000,0.000,0,1.000,0,0,0.2540,-0.0052,0.0539
1887,14,1,0,0.000,-0.024,-1.000,-1.000,1,1,-0.000,0.000,0.000,0,1.000,0,0,0.2540,-0.0052,0.0539
1888,14,1,0,0.000,-0.024,-1.000,-1.000,1,1,-0.000,0.000,0.000,0,1.000,0,0,0.2540,-0.0052,0.0539
1889,14,1,0,0.000,-0.024,-1.000,-1.000,1,1,-0.000,0.000,0.000,0,1.000,0,0,0.2540,-0.0052,0.0539
1890,14,1,0,0.000,-0.024,-1.000,-1.000,1,1,-0.000,0.000,0.000,0,1.000,0,0,0.2540,-0.0052,0.0539
1891,14,1,0,0.000,-0.024,-1.000,-1.000,1,1,-0.000,0.000,0.000,0,1.000,0,0,0.2540,-0.0052,0.0539
1892,14,1,0,0.000,-0.024,-1.000,-1.000,1,1,-0.000,0.000,0.000,0,1.000,0,0,0.2540,-0.0052,0.0539
1893,14,1,0,0.000,-0.024,-1.000,-1.000,1,1,-0.000,0.000,0.000,0,1.000,0,0,0.2540,-0.0052,0.0539
1894,14,1,0,0.000,-0.024,-1.000,-1.000,1,1,-0.000,0.000,0.000,0,1.000,0,0,0.2540,-0.0052,0.0539
1895,14,1,0,0.000,-0.024,-1.000,-1.000,1,1,-0.000,0.000,0.000,0,1.000,0,0,0.2540,-0.0052,0.0539
1896,14,1,0,0.000,-0.024,-1.000,-1.000,1,1,-0.000,0.000,0.000,0,1.000,0,0,0.2540,-0.0052,0.0539
1897,14,1,0,0.000,-0.024,-1.000,-1.000,1,1,-0.000,0.000,0.000,0,1.000,0,0,0.2540,-0.0052,0.0539
1898,14,1,0,0.000,-0.024,-1.000,-1.000,1,1,-0.000,0.000,0.000,0,1.000,0,0,0.2540,-0.0052,0.0539
1899,14,1,0,0.000,-0.024,-1.000,-1.000,1,1,-0.000,0.000,0.000,0,1.000,0,0,0.2540,-0.0052,0.0539
1900,14,1,0,0.000,-0.024,-1.000,-1.000,1,1,-0.000,0.000,0.000,0,1.000,0,0,0.2540,-0.0052,0.0539
1901,14,1,0,-0.032,-0.024,-1.000,-1.000,1,1,-0.000,0.000,0.000,0,1.000,0,0,0.2540,-0.0052,0.0539
1902,14,1,0,-0.039,-0.008,-1.000,-1.000,1,1,-0.000,0.000,0.000,0,1.000,0,0,0.2540,-0.0052,0.0539
1903,14,1,0,-0.181,0.102,-1.000,-1.000,1,1,-0.000,0.000,0.000,0,1.000,0,0,0.2540,-0.0052,0.0539
1904,14,1,0,-0.220,0.118,-1.000,-1.000,1,1,-0.000,0.000,0.000,0,1.000,0,0,0.2540,-0.0052,0.0539
1905,14,1,0,-0.567,0.378,-1.000,-1.000,1,1,0.423,0.171,0.000,0,1.000,0,0,0.2542,-0.0051,0.0538
1906,14,1,0,-0.567,0.354,-1.000,-1.000,1,1,0.423,0.139,0.000,0,1.000,0,0,0.2545,-0.0047,0.0538
1907,14,1,0,-0.016,-0.039,-1.000,-1.000,1,1,-0.000,0.000,0.000,0,1.000,0,0,0.2550,-0.0038,0.0534
1908,14,1,0,-0.032,-0.047,-1.000,-1.000,1,1,-0.000,0.000,0.000,0,1.000,0,0,0.2549,-0.0039,0.0535
1909,14,1,0,-0.071,-0.039,-1.000,-1.000,1,1,-0.000,0.000,0.000,0,1.000,0,0,0.2549,-0.0039,0.0535
1910,14,1,0,0.024,-0.055,-1.000,-1.000,1,1,-0.000,0.000,0.000,0,1.000,0,0,0.2549,-0.0039,0.0535
1911,14,1,0,0.008,-0.055,-1.000,-1.000,1,1,-0.000,0.000,0.000,0,1.000,0,0,0.2549,-0.0039,0.0535
1912,14,1,0,-0.024,-0.110,-1.000,-1.000,1,1,-0.000,0.000,0.000,0,1.000,0,0,0.2549,-0.0039,0.0535
1913,14,1,0,-0.150,-0.252,-1.000,-1.000,1,1,-0.000,-0.003,0.000,0,1.000,0,0,0.2549,-0.0039,0.0535
1914,14,1,0,-0.039,-0.102,-1.000,-1.000,1,1,-0.000,0.000,0.000,0,1.000,0,0,0.2549,-0.0039,0.0535
1915,14,1,0,0.016,-0.039,-1.000,-1.000,1,1,-0.000,0.000,0.000,0,1.000,0,0,0.2549,-0.0039,0.0535
1916,14,1,0,0.008,-0.079,-1.000,-1.000,1,1,-0.000,0.000,0.000,0,1.000,0,0,0.2549,-0.0039,0.0535
1917,14,1,0,-0.008,-0.079,-1.000,1.000,1,1,-0.000,0.000,-1.000,0,1.000,0,0,0.2550,-0.0039,0.0535
1918,14,1,0,0.016,-0.071,-1.000,1.000,1,1,-0.000,0.000,-1.000,0,1.000,0,0,0.2551,-0.0040,0.0534
1919,14,1,0,0.016,-0.071,-1.000,1.000,1,1,-0.000,0.000,-1.000,0,1.000,0,0,0.2553,-0.0040,0.0534
1920,14,1,0,0.000,-0.110,-1.000,1.000,1,1,-0.000,0.000,-1.000,0,1.000,0,0,0.2554,-0.0041,0.0533
1921,14,1,0,0.000,-0.110,-1.000,1.000,1,1,-0.000,0.000,-1.000,0,1.000,0,0,0.2556,-0.0042,0.0533
1922,14,1,0,-0.354,-0.220,-1.000,1.000,1,1,0.139,0.000,-1.000,1,1.000,1,0,0.2557,-0.0043,0.0532
1923,14,1,0,0.000,-0.063,-1.000,1.000,1,1,-0.000,0.000,-1.000,1,1.000,1,0,0.2559,-0.0044,0.0532
1924,14,1,0,-0.047,-0.039,-1.000,1.000,1,1,-0.000,0.000,-1.000,1,1.000,1,0,0.2559,-0.0044,0.0532
1925,14,1,0,-1.000,-0.102,-1.000,1.000,1,1,1.000,0.000,-1.000,1,1.000,1,0,0.2560,-0.0044,0.0532
1926,14,1,0,-0.906,-0.323,-1.000,1.000,1,1,0.874,-0.097,-1.000,1,1.000,1,0,0.2562,-0.0043,0.0533
1927,14,1,0,-0.032,-0.095,-1.000,1.000,1,1,-0.000,0.000,-1.000,1,1.000,1,0,0.2562,-0.0043,0.0533
1928,14,1,0,-0.016,-0.102,-1.000,1.000,1,1,-0.000,0.000,-1.000,1,1.000,1,0,0.2562,-0.0043,0.0533
1929,14,1,0,-0.945,-0.441,-1.000,1.000,1,1,0.927,-0.255,-1.000,1,1.000,1,0,0.2563,-0.0043,0.0533
1930,14,1,0,-0.976,-0.323,-1.000,1.000,1,1,0.969,-0.097,-1.000,1,1.000,1,0,0.2563,-0.0043,0.0533
1931,14,1,0,-0.063,-0.024,-1.000,1.000,1,1,-0.000,0.000,-1.000,1,1.000,1,0,0.2563,-0.0043,0.0534
1932,14,1,0,-0.362,0.094,-1.000,1.000,1,1,0.150,0.000,-1.000,1,1.000,1,0,0.2564,-0.0044,0.0534
1933,14,1,0,-1.000,0.110,-1.000,1.000,1,1,1.000,0.000,-1.000,1,1.000,1,0,0.2564,-0.0043,0.0534
1934,14,1,0,-1.000,-0.095,-1.000,1.000,1,1,1.000,0.000,-1.000,1,1.000,1,0,0.2565,-0.0043,0.0534
1935,14,1,0,-0.992,-0.268,-1.000,1.000,1,1,0.990,-0.024,-1.000,1,1.000,1,0,0.2566,-0.0043,0.0535
1936,14,1,0,-0.268,-0.283,-1.000,1.000,1,1,0.024,-0.045,-1.000,1,1.000,1,0,0.2566,-0.0043,0.0535
1937,14,1,0,-0.087,-0.220,-1.000,1.000,1,1,-0.000,0.000,-1.000,1,1.000,1,0,0.2566,-0.0042,0.0535
1938,14,1,0,0.024,-0.102,-1.000,1.000,1,1,-0.000,0.000,-1.000,1,1.000,1,0,0.2566,-0.0043,0.0535
1939,14,1,0,0.039,-0.055,-1.000,1.000,1,1,-0.000,0.000,-1.000,1,1.000,1,0,0.2566,-0.0043,0.0535
1940,14,1,0,0.008,-0.095,-1.000,1.000,1,1,-0.000,0.000,-1.000,1,1.000,1,0,0.2566,-0.0043,0.0535
1941,14,1,0,-0.780,-0.693,-1.000,1.000,1,1,0.706,-0.591,-1.000,1,1.000,1,0,0.2565,-0.0043,0.0536
1942,14,1,0,-0.843,-0.622,-1.000,1.000,1,1,0.790,-0.496,-1.000,1,1.000,1,0,0.2565,-0.0043,0.0536
1943,14,1,0,-0.929,-0.480,-1.000,1.000,1,1,0.906,-0.307,-1.000,1,1.000,1,0,0.2565,-0.0043,0.0536
1944,14,1,0,-1.000,-0.236,-1.000,1.000,1,1,1.000,0.000,-1.000,1,1.000,1,0,0.2565,-0.0043,0.0536
1945,14,1,0,-0.528,-0.134,-1.000,1.000,1,1,0.370,0.000,-1.000,1,1.000,1,0,0.2565,-0.0043,0.0536
1946,14,1,0,-0.032,-0.039,-1.000,1.000,1,1,-0.000,0.000,-1.000,1,1.000,1,0,0.2565,-0.0043,0.0536
1947,14,0,0,-0.008,-0.039,-1.000,1.000,1,1,0.000,0.000,0.000,1,1.000,1,0,0.2565,-0.0044,0.0536
1948,14,0,0,-0.008,-0.039,-1.000,1.000,1,1,0.000,0.000,0.000,1,1.000,1,0,0.2565,-0.0044,0.0536
1949,14,0,0,-0.008,-0.039,-1.000,1.000,1,1,0.000,0.000,0.000,1,1.000,1,0,0.2565,-0.0044,0.0536
1950,14,0,0,-0.008,-0.039,-1.000,1.000,1,1,0.000,0.000,0.000,1,1.000,1,0,0.2565,-0.0044,0.0536
1951,14,0,0,-0.008,-0.039,-1.000,1.000,1,1,0.000,0.000,0.000,1,1.000,1,0,0.2565,-0.0044,0.0536
1952,14,0,0,-0.008,-0.039,-1.000,1.000,1,1,0.000,0.000,0.000,1,1.000,1,0,0.2565,-0.0044,0.0536
1953,14,0,0,-0.008,-0.039,-1.000,1.000,1,1,0.000,0.000,0.000,1,1.000,1,0,0.2565,-0.0044,0.0536
1954,14,0,0,-0.008,-0.039,-1.000,1.000,1,1,0.000,0.000,0.000,1,1.000,1,0,0.2565,-0.0044,0.0536
1955,14,0,0,-0.008,-0.039,-1.000,1.000,1,1,0.000,0.000,0.000,1,1.000,1,0,0.2565,-0.0044,0.0536
1956,14,0,0,-0.008,-0.039,-1.000,1.000,1,1,0.000,0.000,0.000,1,1.000,1,0,0.2565,-0.0044,0.0536
1957,14,0,0,-0.008,-0.039,-1.000,1.000,1,1,0.000,0.000,0.000,1,1.000,1,0,0.2565,-0.0044,0.0536
1958,14,0,0,-0.008,-0.039,-1.000,1.000,1,1,0.000,0.000,0.000,1,1.000,1,0,0.2565,-0.0044,0.0536
1959,14,0,0,-0.008,-0.039,-1.000,1.000,1,1,0.000,0.000,0.000,1,1.000,1,0,0.2565,-0.0044,0.0536
1960,14,0,0,-0.008,-0.039,-1.000,1.000,1,1,0.000,0.000,0.000,1,1.000,1,0,0.2566,-0.0044,0.0536
1961,14,0,0,-0.008,-0.039,-1.000,1.000,1,1,0.000,0.000,0.000,1,1.000,1,0,0.2566,-0.0044,0.0536
1962,14,0,0,-0.008,-0.039,-1.000,1.000,1,1,0.000,0.000,0.000,1,1.000,1,0,0.2566,-0.0044,0.0536
1963,14,0,0,-0.008,-0.039,-1.000,1.000,1,1,0.000,0.000,0.000,1,1.000,1,0,0.2566,-0.0044,0.0536
1964,14,0,0,-0.008,-0.039,-1.000,1.000,1,1,0.000,0.000,0.000,1,1.000,1,0,0.2566,-0.0044,0.0536
1965,14,0,0,-0.008,-0.039,-1.000,1.000,1,1,0.000,0.000,0.000,1,1.000,1,0,0.2566,-0.0044,0.0536
1966,14,0,0,-0.008,-0.039,-1.000,1.000,1,1,0.000,0.000,0.000,1,1.000,1,0,0.2566,-0.0044,0.0536
1967,14,0,0,-0.008,-0.039,-1.000,1.000,1,1,0.000,0.000,0.000,1,1.000,1,0,0.2566,-0.0044,0.0536
1968,14,0,0,-0.008,-0.039,-1.000,1.000,1,1,0.000,0.000,0.000,1,1.000,1,0,0.2566,-0.0044,0.0536
1969,14,0,0,-0.008,-0.039,-1.000,1.000,1,1,0.000,0.000,0.000,1,1.000,1,0,0.2566,-0.0044,0.0536
1970,14,0,0,-0.008,-0.039,-1.000,1.000,1,1,0.000,0.000,0.000,1,1.000,1,0,0.2566,-0.0044,0.0536
1971,14,0,0,-0.008,-0.039,-1.000,1.000,1,1,0.000,0.000,0.000,1,1.000,1,0,0.2566,-0.0044,0.0536
1972,15,0,0,-0.008,-0.039,-1.000,1.000,1,1,0.000,0.000,0.000,0,0.050,0,0,0.2493,-0.0049,0.0628
1973,15,0,0,-0.008,-0.039,-1.000,1.000,1,1,0.000,0.000,0.000,0,0.100,0,0,0.2495,-0.0053,0.0626
1974,15,0,0,-0.008,-0.039,-1.000,1.000,1,1,0.000,0.000,0.000,0,0.150,0,0,0.2494,-0.0053,0.0624
1975,15,0,0,-0.008,-0.039,-1.000,1.000,1,1,0.000,0.000,0.000,0,0.200,0,0,0.2494,-0.0053,0.0622
1976,15,0,0,-0.008,-0.039,-1.000,1.000,1,1,0.000,0.000,0.000,0,0.250,0,0,0.2494,-0.0052,0.0620
1977,15,0,0,-0.008,-0.039,-1.000,1.000,1,1,0.000,0.000,0.000,0,0.300,0,0,0.2493,-0.0052,0.0618
1978,15,0,0,-0.008,-0.039,-1.000,1.000,1,1,0.000,0.000,0.000,0,0.350,0,0,0.2492,-0.0051,0.0615
1979,15,0,0,-0.008,-0.039,-1.000,1.000,1,1,0.000,0.000,0.000,0,0.400,0,0,0.2492,-0.0051,0.0612
1980,15,0,0,-0.008,-0.039,-1.000,1.000,1,1,0.000,0.000,0.000,0,0.450,0,0,0.2491,-0.0050,0.0610
1981,15,0,0,-0.008,-0.039,-1.000,1.000,1,1,0.000,0.000,0.000,0,0.500,0,0,0.2491,-0.0050,0.0607
1982,15,0,0,-0.008,-0.039,-1.000,1.000,1,1,0.000,0.000,0.000,0,0.550,0,0,0.2491,-0.0049,0.0605
1983,15,0,0,-0.008,-0.039,-1.000,1.000,1,1,0.000,0.000,0.000,0,0.600,0,0,0.2490,-0.0049,0.0602
1984,15,0,0,-0.008,-0.039,-1.000,1.000,1,1,0.000,0.000,0.000,0,0.650,0,0,0.2490,-0.0048,0.0599
1985,15,0,0,-0.008,-0.039,-1.000,1.000,1,1,0.000,0.000,0.000,0,0.700,0,0,0.2490,-0.0048,0.0596
1986,15,0,0,-0.008,-0.039,-1.000,1.000,1,1,0.000,0.000,0.000,0,0.750,0,0,0.2490,-0.0047,0.0594
1987,15,0,0,-0.008,-0.039,-1.000,1.000,1,1,0.000,0.000,0.000,0,0.800,0,0,0.2490,-0.0047,0.0591
1988,15,0,0,-0.008,-0.039,-1.000,1.000,1,1,0.000,0.000,0.000,0,0.850,0,0,0.2489,-0.0047,0.0588
1989,15,0,0,-0.008,-0.039,-1.000,1.000,1,1,0.000,0.000,0.000,0,0.900,0,0,0.2489,-0.0046,0.0585
1990,15,0,0,-0.008,-0.039,-1.000,1.000,1,1,0.000,0.000,0.000,0,0.950,0,0,0.2488,-0.0046,0.0582
1991,15,0,0,-0.008,-0.039,-1.000,1.000,1,1,0.000,0.000,0.000,0,1.000,0,0,0.2488,-0.0045,0.0580
1992,15,0,0,-0.008,-0.039,-1.000,1.000,1,1,0.000,0.000,0.000,0,1.000,0,0,0.2488,-0.0045,0.0577
1993,15,0,0,-0.008,-0.039,-1.000,1.000,1,1,0.000,0.000,0.000,0,1.000,0,0,0.2489,-0.0045,0.0577
1994,15,0,0,-0.008,-0.039,-1.000,1.000,1,1,0.000,0.000,0.000,0,1.000,0,0,0.2489,-0.0045,0.0577
1995,15,0,0,-0.008,-0.039,-1.000,1.000,1,1,0.000,0.000,0.000,0,1.000,0,0,0.2489,-0.0045,0.0577
1996,15,0,0,-0.008,-0.039,-1.000,1.000,1,1,0.000,0.000,0.000,0,1.000,0,0,0.2488,-0.0045,0.0577
1997,15,0,0,-0.008,-0.039,-1.000,1.000,1,1,0.000,0.000,0.000,0,1.000,0,0,0.2488,-0.0045,0.0577
1998,15,0,0,-0.008,-0.039,-1.000,1.000,1,1,0.000,0.000,0.000,0,1.000,0,0,0.2488,-0.0045,0.0577
1999,15,0,0,-0.008,-0.039,-1.000,1.000,1,1,0.000,0.000,0.000,0,1.000,0,0,0.2488,-0.0045,0.0577
2000,15,0,0,-0.008,-0.039,-1.000,1.000,1,1,0.000,0.000,0.000,0,1.000,0,0,0.2489,-0.0045,0.0577
2001,15,0,0,-0.008,-0.039,-1.000,1.000,1,1,0.000,0.000,0.000,0,1.000,0,0,0.2489,-0.0045,0.0577
2002,15,0,0,-0.008,-0.039,-1.000,1.000,1,1,0.000,0.000,0.000,0,1.000,0,0,0.2489,-0.0045,0.0577
2003,15,0,0,-0.008,-0.039,-1.000,1.000,1,1,0.000,0.000,0.000,0,1.000,0,0,0.2488,-0.0045,0.0577
2004,15,0,0,-0.008,-0.039,-1.000,1.000,1,1,0.000,0.000,0.000,0,1.000,0,0,0.2489,-0.0045,0.0577
2005,15,0,0,-0.008,-0.039,-1.000,1.000,1,1,0.000,0.000,0.000,0,1.000,0,0,0.2489,-0.0045,0.0577
2006,15,0,0,-0.008,-0.039,-1.000,1.000,1,1,0.000,0.000,0.000,0,1.000,0,0,0.2489,-0.0045,0.0577
2007,15,0,0,-0.008,-0.039,-1.000,1.000,1,1,0.000,0.000,0.000,0,1.000,0,0,0.2489,-0.0045,0.0577
2008,15,0,0,-0.008,-0.039,-1.000,1.000,1,1,0.000,0.000,0.000,0,1.000,0,0,0.2489,-0.0045,0.0577
2009,15,0,0,-0.008,-0.039,-1.000,1.000,1,1,0.000,0.000,0.000,0,1.000,0,0,0.2489,-0.0045,0.0577
2010,15,0,0,-0.008,-0.039,-1.000,1.000,1,1,0.000,0.000,0.000,0,1.000,0,0,0.2489,-0.0045,0.0577
2011,15,0,0,-0.008,-0.039,-1.000,1.000,1,1,0.000,0.000,0.000,0,1.000,0,0,0.2489,-0.0045,0.0577
2012,15,0,0,-0.008,-0.039,-1.000,1.000,1,1,0.000,0.000,0.000,0,1.000,0,0,0.2489,-0.0045,0.0577
2013,15,0,0,-0.008,-0.039,-1.000,1.000,1,1,0.000,0.000,0.000,0,1.000,0,0,0.2489,-0.0045,0.0577
2014,15,0,0,-0.008,-0.039,-1.000,1.000,1,1,0.000,0.000,0.000,0,1.000,0,0,0.2489,-0.0045,0.0577
2015,15,0,0,-0.008,-0.039,-1.000,1.000,1,1,0.000,0.000,0.000,0,1.000,0,0,0.2489,-0.0045,0.0577
2016,15,0,0,-0.008,-0.039,-1.000,1.000,1,1,0.000,0.000,0.000,0,1.000,0,0,0.2489,-0.0045,0.0577
2017,15,0,0,-0.008,-0.039,-1.000,1.000,1,1,0.000,0.000,0.000,0,1.000,0,0,0.2489,-0.0045,0.0577
2018,15,0,0,-0.008,-0.039,-1.000,1.000,1,1,0.000,0.000,0.000,0,1.000,0,0,0.2489,-0.0045,0.0577
2019,15,0,0,-0.008,-0.039,-1.000,1.000,1,1,0.000,0.000,0.000,0,1.000,0,0,0.2489,-0.0045,0.0577
2020,15,0,0,-0.008,-0.039,-1.000,1.000,1,1,0.000,0.000,0.000,0,1.000,0,0,0.2489,-0.0045,0.0577
2021,15,0,0,-0.008,-0.039,-1.000,1.000,1,1,0.000,0.000,0.000,0,1.000,0,0,0.2489,-0.0045,0.0577
2022,15,0,0,-0.008,-0.039,-1.000,1.000,1,1,0.000,0.000,0.000,0,1.000,0,0,0.2489,-0.0045,0.0577
2023,15,0,0,-0.008,-0.039,-1.000,1.000,1,1,0.000,0.000,0.000,0,1.000,0,0,0.2489,-0.0045,0.0577
2024,15,0,0,-0.008,-0.039,-1.000,1.000,1,1,0.000,0.000,0.000,0,1.000,0,0,0.2489,-0.0045,0.0577
2025,15,0,0,-0.008,-0.039,-1.000,1.000,1,1,0.000,0.000,0.000,0,1.000,0,0,0.2489,-0.0045,0.0577
2026,15,0,0,-0.008,-0.039,-1.000,1.000,1,1,0.000,0.000,0.000,0,1.000,0,0,0.2489,-0.0045,0.0577
2027,15,0,0,-0.008,-0.039,-1.000,1.000,1,1,0.000,0.000,0.000,0,1.000,0,0,0.2489,-0.0045,0.0577
2028,15,0,0,-0.008,-0.039,-1.000,1.000,1,1,0.000,0.000,0.000,0,1.000,0,0,0.2489,-0.0045,0.0577
2029,15,0,0,-0.008,-0.039,-1.000,1.000,1,1,0.000,0.000,0.000,0,1.000,0,0,0.2489,-0.0045,0.0577
2030,15,0,0,-0.008,-0.039,-1.000,1.000,1,1,0.000,0.000,0.000,0,1.000,0,0,0.2489,-0.0045,0.0577
2031,15,0,0,-0.008,-0.039,-1.000,1.000,1,1,0.000,0.000,0.000,0,1.000,0,0,0.2489,-0.0045,0.0577
2032,15,0,0,-0.008,-0.039,-1.000,1.000,1,1,0.000,0.000,0.000,0,1.000,0,0,0.2489,-0.0045,0.0577
2033,15,0,0,-0.008,-0.039,-1.000,1.000,1,1,0.000,0.000,0.000,0,1.000,0,0,0.2489,-0.0045,0.0577
2034,15,0,0,-0.008,-0.039,-1.000,1.000,1,1,0.000,0.000,0.000,0,1.000,0,0,0.2489,-0.0045,0.0577
2035,15,0,0,-0.008,-0.039,-1.000,1.000,1,1,0.000,0.000,0.000,0,1.000,0,0,0.2489,-0.0045,0.0577
2036,15,0,0,-0.008,-0.039,-1.000,1.000,1,1,0.000,0.000,0.000,0,1.000,0,0,0.2489,-0.0045,0.0577
2037,15,0,0,-0.008,-0.039,-1.000,1.000,1,1,0.000,0.000,0.000,0,1.000,0,0,0.2489,-0.0045,0.0577
2038,15,0,0,-0.008,-0.039,-1.000,1.000,1,1,0.000,0.000,0.000,0,1.000,0,0,0.2489,-0.0045,0.0577
2039,15,0,0,-0.008,-0.039,-1.000,1.000,1,1,0.000,0.000,0.000,0,1.000,0,0,0.2489,-0.0045,0.0577
2040,15,0,0,-0.008,-0.039,-1.000,1.000,1,1,0.000,0.000,0.000,0,1.000,0,0,0.2489,-0.0045,0.0577
2041,15,0,0,-0.008,-0.039,-1.000,1.000,1,1,0.000,0.000,0.000,0,1.000,0,0,0.2489,-0.0045,0.0577
2042,15,0,0,-0.008,-0.039,-1.000,1.000,1,1,0.000,0.000,0.000,0,1.000,0,0,0.2489,-0.0045,0.0577
2043,15,0,0,-0.008,-0.039,-1.000,1.000,1,1,0.000,0.000,0.000,0,1.000,0,0,0.2489,-0.0045,0.0577
2044,15,0,0,-0.008,-0.039,-1.000,1.000,1,1,0.000,0.000,0.000,0,1.000,0,0,0.2489,-0.0045,0.0577
2045,15,0,0,-0.008,-0.039,-1.000,1.000,1,1,0.000,0.000,0.000,0,1.000,0,0,0.2489,-0.0045,0.0577
2046,15,0,0,-0.008,-0.039,-1.000,1.000,1,1,0.000,0.000,0.000,0,1.000,0,0,0.2489,-0.0045,0.0577
2047,15,0,0,-0.008,-0.039,-1.000,1.000,1,1,0.000,0.000,0.000,0,1.000,0,0,0.2489,-0.0045,0.0577
2048,15,0,0,-0.008,-0.039,-1.000,1.000,1,1,0.000,0.000,0.000,0,1.000,0,0,0.2489,-0.0045,0.0577
2049,15,0,0,-0.008,-0.039,-1.000,1.000,1,1,0.000,0.000,0.000,0,1.000,0,0,0.2489,-0.0045,0.0577
2050,15,0,0,-0.008,-0.039,-1.000,1.000,1,1,0.000,0.000,0.000,0,1.000,0,0,0.2489,-0.0045,0.0577
2051,15,0,0,-0.008,-0.039,-1.000,1.000,1,1,0.000,0.000,0.000,0,1.000,0,0,0.2489,-0.0045,0.0577
2052,15,0,0,-0.008,-0.039,-1.000,1.000,1,1,0.000,0.000,0.000,0,1.000,0,0,0.2489,-0.0045,0.0577
2053,15,0,0,-0.008,-0.039,-1.000,1.000,1,1,0.000,0.000,0.000,0,1.000,0,0,0.2489,-0.0045,0.0577
2054,15,0,0,-0.008,-0.039,-1.000,1.000,1,1,0.000,0.000,0.000,0,1.000,0,0,0.2489,-0.0045,0.0577
2055,15,0,0,-0.008,-0.039,-1.000,1.000,1,1,0.000,0.000,0.000,0,1.000,0,0,0.2489,-0.0045,0.0577
2056,15,0,0,-0.008,-0.039,-1.000,1.000,1,1,0.000,0.000,0.000,0,1.000,0,0,0.2489,-0.0045,0.0577
2057,15,0,0,-0.008,-0.039,-1.000,1.000,1,1,0.000,0.000,0.000,0,1.000,0,0,0.2489,-0.0045,0.0577
2058,15,0,0,-0.008,-0.039,-1.000,1.000,1,1,0.000,0.000,0.000,0,1.000,0,0,0.2489,-0.0045,0.0577
2059,15,0,0,-0.008,-0.039,-1.000,1.000,1,1,0.000,0.000,0.000,0,1.000,0,0,0.2489,-0.0045,0.0577
2060,15,0,0,-0.008,-0.039,-1.000,1.000,1,1,0.000,0.000,0.000,0,1.000,0,0,0.2489,-0.0045,0.0577
2061,15,0,0,-0.008,-0.039,-1.000,1.000,1,1,0.000,0.000,0.000,0,1.000,0,0,0.2489,-0.0045,0.0577
2062,15,0,0,-0.008,-0.039,-1.000,1.000,1,1,0.000,0.000,0.000,0,1.000,0,0,0.2489,-0.0045,0.0577
2063,15,0,0,-0.008,-0.039,-1.000,1.000,1,1,0.000,0.000,0.000,0,1.000,0,0,0.2489,-0.0045,0.0577
2064,15,0,0,-0.008,-0.039,-1.000,1.000,1,1,0.000,0.000,0.000,0,1.000,0,0,0.2489,-0.0045,0.0577
2065,15,0,0,-0.008,-0.039,-1.000,1.000,1,1,0.000,0.000,0.000,0,1.000,0,0,0.2489,-0.0045,0.0577
2066,15,0,0,-0.008,-0.039,-1.000,1.000,1,1,0.000,0.000,0.000,0,1.000,0,0,0.2489,-0.0045,0.0577
2067,15,0,0,-0.008,-0.039,-1.000,1.000,1,1,0.000,0.000,0.000,0,1.000,0,0,0.2489,-0.0045,0.0577
2068,15,0,0,-0.008,-0.039,-1.000,1.000,1,1,0.000,0.000,0.000,0,1.000,0,0,0.2489,-0.0045,0.0577
2069,15,0,0,-0.008,-0.039,-1.000,1.000,1,1,0.000,0.000,0.000,0,1.000,0,0,0.2489,-0.0045,0.0577
2070,15,0,0,-0.008,-0.039,-1.000,1.000,1,1,0.000,0.000,0.000,0,1.000,0,0,0.2489,-0.0045,0.0577
2071,15,0,0,-0.008,-0.039,-1.000,1.000,1,1,0.000,0.000,0.000,0,1.000,0,0,0.2489,-0.0045,0.0577
2072,15,0,0,-0.008,-0.039,-1.000,1.000,1,1,0.000,0.000,0.000,0,1.000,0,0,0.2489,-0.0045,0.0577
2073,15,0,0,-0.008,-0.039,-1.000,1.000,1,1,0.000,0.000,0.000,0,1.000,0,0,0.2489,-0.0045,0.0577
2074,15,0,0,-0.008,-0.039,-1.000,1.000,1,1,0.000,0.000,0.000,0,1.000,0,0,0.2489,-0.0045,0.0577
2075,15,0,0,-0.008,-0.039,-1.000,1.000,1,1,0.000,0.000,0.000,0,1.000,0,0,0.2489,-0.0045,0.0577
2076,15,0,0,-0.008,-0.039,-1.000,1.000,1,1,0.000,0.000,0.000,0,1.000,0,0,0.2489,-0.0045,0.0577
2077,15,0,0,-0.008,-0.039,-1.000,1.000,1,1,0.000,0.000,0.000,0,1.000,0,0,0.2489,-0.0045,0.0577
2078,15,0,0,-0.008,-0.039,-1.000,1.000,1,1,0.000,0.000,0.000,0,1.000,0,0,0.2489,-0.0045,0.0577
2079,15,0,0,-0.008,-0.039,-1.000,1.000,1,1,0.000,0.000,0.000,0,1.000,0,0,0.2489,-0.0045,0.0577
2080,15,0,0,-0.008,-0.039,-1.000,1.000,1,1,0.000,0.000,0.000,0,1.000,0,0,0.2489,-0.0045,0.0577
2081,15,0,0,-0.008,-0.039,-1.000,1.000,1,1,0.000,0.000,0.000,0,1.000,0,0,0.2489,-0.0045,0.0577
2082,15,0,0,-0.008,-0.039,-1.000,1.000,1,1,0.000,0.000,0.000,0,1.000,0,0,0.2489,-0.0045,0.0577
2083,15,0,0,-0.008,-0.039,-1.000,1.000,1,1,0.000,0.000,0.000,0,1.000,0,0,0.2489,-0.0045,0.0577
2084,15,0,0,-0.008,-0.039,-1.000,1.000,1,1,0.000,0.000,0.000,0,1.000,0,0,0.2489,-0.0045,0.0577
2085,15,0,0,-0.008,-0.039,-1.000,1.000,1,1,0.000,0.000,0.000,0,1.000,0,0,0.2489,-0.0045,0.0577
2086,15,0,0,-0.008,-0.039,-1.000,1.000,1,1,0.000,0.000,0.000,0,1.000,0,0,0.2489,-0.0045,0.0577
2087,15,0,0,-0.008,-0.039,-1.000,1.000,1,1,0.000,0.000,0.000,0,1.000,0,0,0.2489,-0.0045,0.0577
2088,15,0,0,-0.008,-0.039,-1.000,1.000,1,1,0.000,0.000,0.000,0,1.000,0,0,0.2489,-0.0045,0.0577
2089,15,0,0,-0.008,-0.039,-1.000,1.000,1,1,0.000,0.000,0.000,0,1.000,0,0,0.2489,-0.0045,0.0577
2090,15,0,0,-0.008,-0.039,-1.000,1.000,1,1,0.000,0.000,0.000,0,1.000,0,0,0.2489,-0.0045,0.0577
2091,15,0,0,-0.008,-0.039,-1.000,1.000,1,1,0.000,0.000,0.000,0,1.000,0,0,0.2489,-0.0045,0.0577
2092,15,0,0,-0.008,-0.039,-1.000,1.000,1,1,0.000,0.000,0.000,0,1.000,0,0,0.2489,-0.0045,0.0577
2093,15,0,0,-0.008,-0.039,-1.000,1.000,1,1,0.000,0.000,0.000,0,1.000,0,0,0.2489,-0.0045,0.0577
2094,15,0,0,-0.008,-0.039,-1.000,1.000,1,1,0.000,0.000,0.000,0,1.000,0,0,0.2489,-0.0045,0.0577
2095,15,0,0,-0.008,-0.039,-1.000,1.000,1,1,0.000,0.000,0.000,0,1.000,0,0,0.2489,-0.0045,0.0577
2096,15,0,0,-0.008,-0.039,-1.000,1.000,1,1,0.000,0.000,0.000,0,1.000,0,0,0.2489,-0.0045,0.0577
2097,15,0,0,-0.008,-0.039,-1.000,1.000,1,1,0.000,0.000,0.000,0,1.000,0,0,0.2489,-0.0045,0.0577
2098,15,0,0,-0.008,-0.039,-1.000,1.000,1,1,0.000,0.000,0.000,0,1.000,0,0,0.2489,-0.0045,0.0577
2099,15,0,0,-0.008,-0.039,-1.000,1.000,1,1,0.000,0.000,0.000,0,1.000,0,0,0.2489,-0.0045,0.0577
2100,15,0,0,-0.008,-0.039,-1.000,1.000,1,1,0.000,0.000,0.000,0,1.000,0,0,0.2489,-0.0045,0.0577
2101,15,0,0,-0.008,-0.039,-1.000,1.000,1,1,0.000,0.000,0.000,0,1.000,0,0,0.2489,-0.0045,0.0577
2102,15,0,0,-0.008,-0.039,-1.000,1.000,1,1,0.000,0.000,0.000,0,1.000,0,0,0.2489,-0.0045,0.0577
2103,15,0,0,-0.008,-0.039,-1.000,1.000,1,1,0.000,0.000,0.000,0,1.000,0,0,0.2489,-0.0045,0.0577
2104,15,0,0,-0.008,-0.039,-1.000,1.000,1,1,0.000,0.000,0.000,0,1.000,0,0,0.2489,-0.0045,0.0577
2105,15,0,0,-0.008,-0.039,-1.000,1.000,1,1,0.000,0.000,0.000,0,1.000,0,0,0.2489,-0.0045,0.0577
2106,15,0,0,-0.008,-0.039,-1.000,1.000,1,1,0.000,0.000,0.000,0,1.000,0,0,0.2489,-0.0045,0.0577
2107,15,0,0,-0.008,-0.039,-1.000,1.000,1,1,0.000,0.000,0.000,0,1.000,0,0,0.2489,-0.0045,0.0577
2108,15,0,0,-0.008,-0.039,-1.000,1.000,1,1,0.000,0.000,0.000,0,1.000,0,0,0.2489,-0.0045,0.0577
2109,15,0,0,-0.008,-0.039,-1.000,1.000,1,1,0.000,0.000,0.000,0,1.000,0,0,0.2489,-0.0045,0.0577
2110,15,0,0,-0.008,-0.039,-1.000,1.000,1,1,0.000,0.000,0.000,0,1.000,0,0,0.2489,-0.0045,0.0577
2111,15,0,0,-0.008,-0.039,-1.000,1.000,1,1,0.000,0.000,0.000,0,1.000,0,0,0.2489,-0.0045,0.0577
2112,15,0,0,-0.008,-0.039,-1.000,1.000,1,1,0.000,0.000,0.000,0,1.000,0,0,0.2489,-0.0045,0.0577
2113,15,0,0,-0.008,-0.039,-1.000,1.000,1,1,0.000,0.000,0.000,0,1.000,0,0,0.2489,-0.0045,0.0577
2114,15,0,0,-0.008,-0.039,-1.000,1.000,1,1,0.000,0.000,0.000,0,1.000,0,0,0.2489,-0.0045,0.0577
2115,15,0,0,-0.008,-0.039,-1.000,1.000,1,1,0.000,0.000,0.000,0,1.000,0,0,0.2489,-0.0045,0.0577
2116,15,0,0,-0.008,-0.039,-1.000,1.000,1,1,0.000,0.000,0.000,0,1.000,0,0,0.2489,-0.0045,0.0577
2117,15,0,0,-0.008,-0.039,-1.000,1.000,1,1,0.000,0.000,0.000,0,1.000,0,0,0.2489,-0.0045,0.0577
2118,15,0,0,-0.008,-0.039,-1.000,1.000,1,1,0.000,0.000,0.000,0,1.000,0,0,0.2489,-0.0045,0.0577
2119,15,0,0,-0.008,-0.039,-1.000,1.000,1,1,0.000,0.000,0.000,0,1.000,0,0,0.2489,-0.0045,0.0577
2120,15,0,0,-0.008,-0.039,-1.000,1.000,1,1,0.000,0.000,0.000,0,1.000,0,0,0.2489,-0.0045,0.0577
2121,15,0,0,-0.008,-0.039,-1.000,1.000,1,1,0.000,0.000,0.000,0,1.000,0,0,0.2489,-0.0045,0.0577
2122,15,0,0,-0.008,-0.039,-1.000,1.000,1,1,0.000,0.000,0.000,0,1.000,0,0,0.2489,-0.0045,0.0577
2123,15,0,0,-0.008,-0.039,-1.000,1.000,1,1,0.000,0.000,0.000,0,1.000,0,0,0.2489,-0.0045,0.0577
2124,15,0,0,-0.008,-0.039,-1.000,1.000,1,1,0.000,0.000,0.000,0,1.000,0,0,0.2489,-0.0045,0.0577
2125,15,0,0,-0.008,-0.039,-1.000,1.000,1,1,0.000,0.000,0.000,0,1.000,0,0,0.2489,-0.0045,0.0577
2126,15,0,0,-0.008,-0.039,-1.000,1.000,1,1,0.000,0.000,0.000,0,1.000,0,0,0.2489,-0.0045,0.0577
2127,15,0,0,-0.008,-0.039,-1.000,1.000,1,1,0.000,0.000,0.000,0,1.000,0,0,0.2489,-0.0045,0.0577
2128,15,0,0,-0.008,-0.039,-1.000,1.000,1,1,0.000,0.000,0.000,0,1.000,0,0,0.2489,-0.0045,0.0577
2129,15,0,0,-0.008,-0.039,-1.000,1.000,1,1,0.000,0.000,0.000,0,1.000,0,0,0.2489,-0.0045,0.0577
2130,15,0,0,-0.008,-0.039,-1.000,1.000,1,1,0.000,0.000,0.000,0,1.000,0,0,0.2489,-0.0045,0.0577
2131,15,0,0,-0.008,-0.039,-1.000,1.000,1,1,0.000,0.000,0.000,0,1.000,0,0,0.2489,-0.0045,0.0577
2132,15,0,0,-0.008,-0.039,-1.000,1.000,1,1,0.000,0.000,0.000,0,1.000,0,0,0.2489,-0.0045,0.0577
2133,15,0,0,-0.008,-0.039,-1.000,1.000,1,1,0.000,0.000,0.000,0,1.000,0,0,0.2489,-0.0045,0.0577
2134,15,0,0,-0.008,-0.039,-1.000,1.000,1,1,0.000,0.000,0.000,0,1.000,0,0,0.2489,-0.0045,0.0577
2135,15,0,0,-0.008,-0.039,-1.000,1.000,1,1,0.000,0.000,0.000,0,1.000,0,0,0.2489,-0.0045,0.0577
2136,15,0,0,-0.008,-0.039,-1.000,1.000,1,1,0.000,0.000,0.000,0,1.000,0,0,0.2489,-0.0045,0.0577
2137,15,0,0,-0.008,-0.039,-1.000,1.000,1,1,0.000,0.000,0.000,0,1.000,0,0,0.2489,-0.0045,0.0577
2138,15,0,0,-0.008,-0.039,-1.000,1.000,1,1,0.000,0.000,0.000,0,1.000,0,0,0.2489,-0.0045,0.0577
2139,15,0,0,-0.008,-0.039,-1.000,1.000,1,1,0.000,0.000,0.000,0,1.000,0,0,0.2489,-0.0045,0.0577
2140,15,0,0,-0.008,-0.039,-1.000,1.000,1,1,0.000,0.000,0.000,0,1.000,0,0,0.2489,-0.0045,0.0577
2141,15,0,0,-0.008,-0.039,-1.000,1.000,1,1,0.000,0.000,0.000,0,1.000,0,0,0.2489,-0.0045,0.0577
2142,15,0,0,-0.008,-0.039,-1.000,1.000,1,1,0.000,0.000,0.000,0,1.000,0,0,0.2489,-0.0045,0.0577
2143,16,0,0,-0.008,-0.039,-1.000,1.000,1,1,0.000,0.000,0.000,0,0.500,0,0,0.2492,-0.0049,0.0620
2144,16,0,0,-0.008,-0.039,-1.000,1.000,1,1,0.000,0.000,0.000,0,1.000,0,0,0.2489,-0.0041,0.0579
2145,16,0,0,-0.008,-0.039,-1.000,1.000,1,1,0.000,0.000,0.000,0,1.000,0,0,0.2490,-0.0045,0.0569
2146,16,0,0,-0.008,-0.039,-1.000,1.000,1,1,0.000,0.000,0.000,0,1.000,0,0,0.2490,-0.0045,0.0572
2147,16,0,0,-0.008,-0.039,-1.000,1.000,1,1,0.000,0.000,0.000,0,1.000,0,0,0.2490,-0.0045,0.0573
2148,16,0,0,-0.008,-0.039,-1.000,1.000,1,1,0.000,0.000,0.000,0,1.000,0,0,0.2490,-0.0045,0.0573
2149,16,0,0,-0.008,-0.039,-1.000,1.000,1,1,0.000,0.000,0.000,0,1.000,0,0,0.2490,-0.0045,0.0573
2150,16,0,0,-0.008,-0.039,-1.000,1.000,1,1,0.000,0.000,0.000,0,1.000,0,0,0.2490,-0.0045,0.0573
2151,16,0,0,-0.008,-0.039,-1.000,1.000,1,1,0.000,0.000,0.000,0,1.000,0,0,0.2490,-0.0045,0.0573
2152,16,0,0,-0.008,-0.039,-1.000,1.000,1,1,0.000,0.000,0.000,0,1.000,0,0,0.2490,-0.0045,0.0573
2153,16,0,0,-0.008,-0.039,-1.000,1.000,1,1,0.000,0.000,0.000,0,1.000,0,0,0.2490,-0.0045,0.0573
2154,16,0,0,-0.008,-0.039,-1.000,1.000,1,1,0.000,0.000,0.000,0,1.000,0,0,0.2490,-0.0045,0.0573
2155,16,0,0,-0.008,-0.039,-1.000,1.000,1,1,0.000,0.000,0.000,0,1.000,0,0,0.2490,-0.0045,0.0573
2156,16,0,0,-0.008,-0.039,-1.000,1.000,1,1,0.000,0.000,0.000,0,1.000,0,0,0.2489,-0.0045,0.0573
2157,16,0,0,-0.008,-0.039,-1.000,1.000,1,1,0.000,0.000,0.000,0,1.000,0,0,0.2490,-0.0045,0.0574
2158,16,0,0,-0.008,-0.039,-1.000,1.000,1,1,0.000,0.000,0.000,0,1.000,0,0,0.2490,-0.0045,0.0574
2159,16,0,0,-0.008,-0.039,-1.000,1.000,1,1,0.000,0.000,0.000,0,1.000,0,0,0.2490,-0.0045,0.0574
2160,16,0,0,-0.008,-0.039,-1.000,1.000,1,1,0.000,0.000,0.000,0,1.000,0,0,0.2490,-0.0045,0.0574
2161,16,0,0,-0.008,-0.039,-1.000,1.000,1,1,0.000,0.000,0.000,0,1.000,0,0,0.2490,-0.0045,0.0574
2162,16,0,0,-0.008,-0.039,-1.000,1.000,1,1,0.000,0.000,0.000,0,1.000,0,0,0.2490,-0.0045,0.0574
2163,16,0,0,-0.008,-0.039,-1.000,1.000,1,1,0.000,0.000,0.000,0,1.000,0,0,0.2490,-0.0045,0.0574
2164,16,0,0,-0.008,-0.039,-1.000,1.000,1,1,0.000,0.000,0.000,0,1.000,0,0,0.2490,-0.0045,0.0574
2165,16,0,0,-0.008,-0.039,-1.000,1.000,1,1,0.000,0.000,0.000,0,1.000,0,0,0.2490,-0.0045,0.0574
2166,16,0,0,-0.008,-0.039,-1.000,1.000,1,1,0.000,0.000,0.000,0,1.000,0,0,0.2490,-0.0045,0.0574
2167,16,0,0,-0.008,-0.039,-1.000,1.000,1,1,0.000,0.000,0.000,0,1.000,0,0,0.2490,-0.0045,0.0574
2168,16,0,0,-0.008,-0.039,-1.000,1.000,1,1,0.000,0.000,0.000,0,1.000,0,0,0.2490,-0.0045,0.0574
2169,16,0,0,-0.008,-0.039,-1.000,1.000,1,1,0.000,0.000,0.000,0,1.000,0,0,0.2490,-0.0045,0.0574
2170,16,0,0,-0.008,-0.039,-1.000,1.000,1,1,0.000,0.000,0.000,0,1.000,0,0,0.2490,-0.0045,0.0574
2171,16,0,0,-0.008,-0.039,-1.000,1.000,1,1,0.000,0.000,0.000,0,1.000,0,0,0.2490,-0.0045,0.0574
2172,16,0,0,-0.008,-0.039,-1.000,1.000,1,1,0.000,0.000,0.000,0,1.000,0,0,0.2490,-0.0045,0.0574
2173,16,0,0,-0.008,-0.039,-1.000,1.000,1,1,0.000,0.000,0.000,0,1.000,0,0,0.2490,-0.0045,0.0574
2174,16,0,0,-0.008,-0.039,-1.000,1.000,1,1,0.000,0.000,0.000,0,1.000,0,0,0.2490,-0.0045,0.0573
2175,16,0,0,-0.008,-0.039,-1.000,1.000,1,1,0.000,0.000,0.000,0,1.000,0,0,0.2490,-0.0045,0.0573
2176,16,0,0,-0.008,-0.039,-1.000,1.000,1,1,0.000,0.000,0.000,0,1.000,0,0,0.2490,-0.0045,0.0574
2177,16,0,0,-0.008,-0.039,-1.000,1.000,1,1,0.000,0.000,0.000,0,1.000,0,0,0.2490,-0.0045,0.0574
2178,16,0,0,-0.008,-0.039,-1.000,1.000,1,1,0.000,0.000,0.000,0,1.000,0,0,0.2490,-0.0045,0.0574
2179,16,0,0,-0.008,-0.039,-1.000,1.000,1,1,0.000,0.000,0.000,0,1.000,0,0,0.2490,-0.0045,0.0574
2180,16,0,0,-0.008,-0.039,-1.000,1.000,1,1,0.000,0.000,0.000,0,1.000,0,0,0.2490,-0.0045,0.0574
2181,16,0,0,-0.008,-0.039,-1.000,1.000,1,1,0.000,0.000,0.000,0,1.000,0,0,0.2490,-0.0045,0.0574
2182,16,0,0,-0.008,-0.039,-1.000,1.000,1,1,0.000,0.000,0.000,0,1.000,0,0,0.2490,-0.0045,0.0574
2183,16,0,0,-0.008,-0.039,-1.000,1.000,1,1,0.000,0.000,0.000,0,1.000,0,0,0.2490,-0.0045,0.0574
2184,16,0,0,-0.008,-0.039,-1.000,1.000,1,1,0.000,0.000,0.000,0,1.000,0,0,0.2490,-0.0045,0.0574
2185,16,0,0,-0.008,-0.039,-1.000,1.000,1,1,0.000,0.000,0.000,0,1.000,0,0,0.2490,-0.0045,0.0574
2186,16,0,0,-0.008,-0.039,-1.000,1.000,1,1,0.000,0.000,0.000,0,1.000,0,0,0.2490,-0.0045,0.0574
2187,16,0,0,-0.008,-0.039,-1.000,1.000,1,1,0.000,0.000,0.000,0,1.000,0,0,0.2490,-0.0045,0.0574
2188,16,0,0,-0.008,-0.039,-1.000,1.000,1,1,0.000,0.000,0.000,0,1.000,0,0,0.2490,-0.0045,0.0574
2189,16,0,0,-0.008,-0.039,-1.000,1.000,1,1,0.000,0.000,0.000,0,1.000,0,0,0.2490,-0.0045,0.0574
2190,16,0,0,-0.008,-0.039,-1.000,1.000,1,1,0.000,0.000,0.000,0,1.000,0,0,0.2490,-0.0045,0.0574
2191,16,0,0,-0.008,-0.039,-1.000,1.000,1,1,0.000,0.000,0.000,0,1.000,0,0,0.2490,-0.0045,0.0574
2192,16,0,0,-0.008,-0.039,-1.000,1.000,1,1,0.000,0.000,0.000,0,1.000,0,0,0.2490,-0.0045,0.0574
2193,16,0,0,-0.008,-0.039,-1.000,1.000,1,1,0.000,0.000,0.000,0,1.000,0,0,0.2490,-0.0045,0.0574
2194,16,0,0,-0.008,-0.039,-1.000,1.000,1,1,0.000,0.000,0.000,0,1.000,0,0,0.2490,-0.0045,0.0574
2195,16,0,0,-0.008,-0.039,-1.000,1.000,1,1,0.000,0.000,0.000,0,1.000,0,0,0.2490,-0.0045,0.0574
2196,16,0,0,-0.008,-0.039,-1.000,1.000,1,1,0.000,0.000,0.000,0,1.000,0,0,0.2490,-0.0045,0.0574
2197,16,0,0,-0.008,-0.039,-1.000,1.000,1,1,0.000,0.000,0.000,0,1.000,0,0,0.2490,-0.0045,0.0574
2198,16,0,0,-0.008,-0.039,-1.000,1.000,1,1,0.000,0.000,0.000,0,1.000,0,0,0.2490,-0.0045,0.0574
2199,16,0,0,-0.008,-0.039,-1.000,1.000,1,1,0.000,0.000,0.000,0,1.000,0,0,0.2490,-0.0045,0.0574
2200,16,0,0,-0.008,-0.039,-1.000,1.000,1,1,0.000,0.000,0.000,0,1.000,0,0,0.2490,-0.0045,0.0574
2201,16,0,0,-0.008,-0.039,-1.000,1.000,1,1,0.000,0.000,0.000,0,1.000,0,0,0.2490,-0.0045,0.0574
2202,16,0,0,-0.008,-0.039,-1.000,1.000,1,1,0.000,0.000,0.000,0,1.000,0,0,0.2490,-0.0045,0.0574
2203,16,0,0,-0.008,-0.039,-1.000,1.000,1,1,0.000,0.000,0.000,0,1.000,0,0,0.2490,-0.0045,0.0574
2204,16,0,0,-0.008,-0.039,-1.000,1.000,1,1,0.000,0.000,0.000,0,1.000,0,0,0.2490,-0.0045,0.0574
2205,16,0,0,-0.008,-0.039,-1.000,1.000,1,1,0.000,0.000,0.000,0,1.000,0,0,0.2490,-0.0045,0.0574
2206,16,0,0,-0.008,-0.039,-1.000,1.000,1,1,0.000,0.000,0.000,0,1.000,0,0,0.2490,-0.0045,0.0574
2207,16,0,0,-0.008,-0.039,-1.000,1.000,1,1,0.000,0.000,0.000,0,1.000,0,0,0.2490,-0.0045,0.0574
2208,16,0,0,-0.008,-0.039,-1.000,1.000,1,1,0.000,0.000,0.000,0,1.000,0,0,0.2490,-0.0045,0.0574
2209,16,0,0,-0.008,-0.039,-1.000,1.000,1,1,0.000,0.000,0.000,0,1.000,0,0,0.2490,-0.0045,0.0574
2210,16,0,0,-0.008,-0.039,-1.000,1.000,1,1,0.000,0.000,0.000,0,1.000,0,0,0.2490,-0.0045,0.0574
2211,16,0,0,-0.008,-0.039,-1.000,1.000,1,1,0.000,0.000,0.000,0,1.000,0,0,0.2490,-0.0045,0.0574
2212,16,0,0,-0.008,-0.039,-1.000,1.000,1,1,0.000,0.000,0.000,0,1.000,0,0,0.2490,-0.0045,0.0574
2213,16,0,0,-0.008,-0.039,-1.000,1.000,1,1,0.000,0.000,0.000,0,1.000,0,0,0.2490,-0.0045,0.0574
2214,16,0,0,-0.008,-0.039,-1.000,1.000,1,1,0.000,0.000,0.000,0,1.000,0,0,0.2490,-0.0045,0.0574
2215,16,0,0,-0.008,-0.039,-1.000,1.000,1,1,0.000,0.000,0.000,0,1.000,0,0,0.2490,-0.0045,0.0574
2216,16,0,0,-0.008,-0.039,-1.000,1.000,1,1,0.000,0.000,0.000,0,1.000,0,0,0.2490,-0.0045,0.0574
2217,16,0,0,-0.008,-0.039,-1.000,1.000,1,1,0.000,0.000,0.000,0,1.000,0,0,0.2490,-0.0045,0.0574
2218,16,0,0,-0.008,-0.039,-1.000,1.000,1,1,0.000,0.000,0.000,0,1.000,0,0,0.2490,-0.0045,0.0574
2219,16,0,0,-0.008,-0.039,-1.000,1.000,1,1,0.000,0.000,0.000,0,1.000,0,0,0.2490,-0.0045,0.0574
2220,16,0,0,-0.008,-0.039,-1.000,1.000,1,1,0.000,0.000,0.000,0,1.000,0,0,0.2490,-0.0045,0.0574
2221,16,0,0,-0.008,-0.039,-1.000,1.000,1,1,0.000,0.000,0.000,0,1.000,0,0,0.2490,-0.0045,0.0574
2222,16,0,0,-0.008,-0.039,-1.000,1.000,1,1,0.000,0.000,0.000,0,1.000,0,0,0.2490,-0.0045,0.0574
2223,16,0,0,-0.008,-0.039,-1.000,1.000,1,1,0.000,0.000,0.000,0,1.000,0,0,0.2490,-0.0045,0.0574
2224,16,0,0,-0.008,-0.039,-1.000,1.000,1,1,0.000,0.000,0.000,0,1.000,0,0,0.2490,-0.0045,0.0574
2225,16,0,0,-0.008,-0.039,-1.000,1.000,1,1,0.000,0.000,0.000,0,1.000,0,0,0.2490,-0.0045,0.0574
2226,16,0,0,-0.008,-0.039,-1.000,1.000,1,1,0.000,0.000,0.000,0,1.000,0,0,0.2490,-0.0045,0.0574
2227,16,0,0,-0.008,-0.039,-1.000,1.000,1,1,0.000,0.000,0.000,0,1.000,0,0,0.2490,-0.0045,0.0574
2228,16,0,0,-0.008,-0.039,-1.000,1.000,1,1,0.000,0.000,0.000,0,1.000,0,0,0.2490,-0.0045,0.0574
2229,16,0,0,-0.008,-0.039,-1.000,1.000,1,1,0.000,0.000,0.000,0,1.000,0,0,0.2490,-0.0045,0.0574
2230,16,0,0,-0.008,-0.039,-1.000,1.000,1,1,0.000,0.000,0.000,0,1.000,0,0,0.2490,-0.0045,0.0574
2231,16,0,0,-0.008,-0.039,-1.000,1.000,1,1,0.000,0.000,0.000,0,1.000,0,0,0.2490,-0.0045,0.0574
2232,16,0,0,-0.008,-0.039,-1.000,1.000,1,1,0.000,0.000,0.000,0,1.000,0,0,0.2490,-0.0045,0.0574
2233,16,0,0,-0.008,-0.039,-1.000,1.000,1,1,0.000,0.000,0.000,0,1.000,0,0,0.2490,-0.0045,0.0574
2234,16,0,0,-0.008,-0.039,-1.000,1.000,1,1,0.000,0.000,0.000,0,1.000,0,0,0.2490,-0.0045,0.0574
2235,16,0,0,-0.008,-0.039,-1.000,1.000,1,1,0.000,0.000,0.000,0,1.000,0,0,0.2490,-0.0045,0.0574
2236,16,0,0,-0.008,-0.039,-1.000,1.000,1,1,0.000,0.000,0.000,0,1.000,0,0,0.2490,-0.0045,0.0574
2237,16,0,0,-0.008,-0.039,-1.000,1.000,1,1,0.000,0.000,0.000,0,1.000,0,0,0.2490,-0.0045,0.0574
2238,16,0,0,-0.008,-0.039,-1.000,1.000,1,1,0.000,0.000,0.000,0,1.000,0,0,0.2490,-0.0045,0.0574
2239,16,0,0,-0.008,-0.039,-1.000,1.000,1,1,0.000,0.000,0.000,0,1.000,0,0,0.2490,-0.0045,0.0574
2240,16,0,0,-0.008,-0.039,-1.000,1.000,1,1,0.000,0.000,0.000,0,1.000,0,0,0.2490,-0.0045,0.0574
2241,16,0,0,-0.008,-0.039,-1.000,1.000,1,1,0.000,0.000,0.000,0,1.000,0,0,0.2490,-0.0045,0.0574
2242,16,0,0,-0.008,-0.039,-1.000,1.000,1,1,0.000,0.000,0.000,0,1.000,0,0,0.2490,-0.0045,0.0574
2243,16,0,0,-0.008,-0.039,-1.000,1.000,1,1,0.000,0.000,0.000,0,1.000,0,0,0.2490,-0.0045,0.0574
2244,16,0,0,-0.008,-0.039,-1.000,1.000,1,1,0.000,0.000,0.000,0,1.000,0,0,0.2490,-0.0045,0.0574
2245,16,0,0,-0.008,-0.039,-1.000,1.000,1,1,0.000,0.000,0.000,0,1.000,0,0,0.2490,-0.0045,0.0573
2246,16,0,0,-0.008,-0.039,-1.000,1.000,1,1,0.000,0.000,0.000,0,1.000,0,0,0.2490,-0.0045,0.0573
2247,16,0,0,-0.008,-0.039,-1.000,1.000,1,1,0.000,0.000,0.000,0,1.000,0,0,0.2490,-0.0045,0.0573
2248,16,0,0,-0.008,-0.039,-1.000,1.000,1,1,0.000,0.000,0.000,0,1.000,0,0,0.2490,-0.0045,0.0573
2249,16,0,0,-0.008,-0.039,-1.000,1.000,1,1,0.000,0.000,0.000,0,1.000,0,0,0.2490,-0.0045,0.0573
2250,16,0,0,-0.008,-0.039,-1.000,1.000,1,1,0.000,0.000,0.000,0,1.000,0,0,0.2490,-0.0045,0.0573
2251,16,0,0,-0.008,-0.039,-1.000,1.000,1,1,0.000,0.000,0.000,0,1.000,0,0,0.2490,-0.0045,0.0573
2252,16,0,0,-0.008,-0.039,-1.000,1.000,1,1,0.000,0.000,0.000,0,1.000,0,0,0.2490,-0.0045,0.0573
2253,16,0,0,-0.008,-0.039,-1.000,1.000,1,1,0.000,0.000,0.000,0,1.000,0,0,0.2490,-0.0045,0.0573
2254,16,0,0,-0.008,-0.039,-1.000,1.000,1,1,0.000,0.000,0.000,0,1.000,0,0,0.2490,-0.0045,0.0573
2255,16,0,0,-0.008,-0.039,-1.000,1.000,1,1,0.000,0.000,0.000,0,1.000,0,0,0.2490,-0.0045,0.0573
2256,16,0,0,-0.008,-0.039,-1.000,1.000,1,1,0.000,0.000,0.000,0,1.000,0,0,0.2490,-0.0045,0.0573
2257,16,0,0,-0.008,-0.039,-1.000,1.000,1,1,0.000,0.000,0.000,0,1.000,0,0,0.2490,-0.0045,0.0573
2258,16,0,0,-0.008,-0.039,-1.000,1.000,1,1,0.000,0.000,0.000,0,1.000,0,0,0.2490,-0.0045,0.0573
2259,16,0,0,-0.008,-0.039,-1.000,1.000,1,1,0.000,0.000,0.000,0,1.000,0,0,0.2490,-0.0045,0.0573
2260,16,0,0,-0.008,-0.039,-1.000,1.000,1,1,0.000,0.000,0.000,0,1.000,0,0,0.2490,-0.0045,0.0573
2261,16,0,0,-0.008,-0.039,-1.000,1.000,1,1,0.000,0.000,0.000,0,1.000,0,0,0.2490,-0.0045,0.0573
2262,16,0,0,-0.008,-0.039,-1.000,1.000,1,1,0.000,0.000,0.000,0,1.000,0,0,0.2490,-0.0045,0.0573
2263,16,0,0,-0.008,-0.039,-1.000,1.000,1,1,0.000,0.000,0.000,0,1.000,0,0,0.2490,-0.0045,0.0573
2264,16,0,0,-0.008,-0.039,-1.000,1.000,1,1,0.000,0.000,0.000,0,1.000,0,0,0.2490,-0.0045,0.0573
2265,16,0,0,-0.008,-0.039,-1.000,1.000,1,1,0.000,0.000,0.000,0,1.000,0,0,0.2490,-0.0045,0.0573
2266,16,0,0,-0.008,-0.039,-1.000,1.000,1,1,0.000,0.000,0.000,0,1.000,0,0,0.2490,-0.0045,0.0573
2267,16,0,0,-0.008,-0.039,-1.000,1.000,1,1,0.000,0.000,0.000,0,1.000,0,0,0.2490,-0.0045,0.0573
2268,16,0,0,-0.008,-0.039,-1.000,1.000,1,1,0.000,0.000,0.000,0,1.000,0,0,0.2490,-0.0045,0.0573
2269,16,0,0,-0.008,-0.039,-1.000,1.000,1,1,0.000,0.000,0.000,0,1.000,0,0,0.2490,-0.0045,0.0573
2270,16,0,0,-0.008,-0.039,-1.000,1.000,1,1,0.000,0.000,0.000,0,1.000,0,0,0.2490,-0.0045,0.0573
2271,16,0,0,-0.008,-0.039,-1.000,1.000,1,1,0.000,0.000,0.000,0,1.000,0,0,0.2490,-0.0045,0.0573
2272,16,0,0,-0.008,-0.039,-1.000,1.000,1,1,0.000,0.000,0.000,0,1.000,0,0,0.2490,-0.0045,0.0573
2273,16,0,0,-0.008,-0.039,-1.000,1.000,1,1,0.000,0.000,0.000,0,1.000,0,0,0.2490,-0.0045,0.0573
2274,16,0,0,-0.008,-0.039,-1.000,1.000,1,1,0.000,0.000,0.000,0,1.000,0,0,0.2490,-0.0045,0.0573
2275,16,0,0,-0.008,-0.039,-1.000,1.000,1,1,0.000,0.000,0.000,0,1.000,0,0,0.2490,-0.0045,0.0573
2276,16,0,0,-0.008,-0.039,-1.000,1.000,1,1,0.000,0.000,0.000,0,1.000,0,0,0.2490,-0.0045,0.0573
2277,16,0,0,-0.008,-0.039,-1.000,1.000,1,1,0.000,0.000,0.000,0,1.000,0,0,0.2490,-0.0045,0.0573
2278,16,0,0,-0.008,-0.039,-1.000,1.000,1,1,0.000,0.000,0.000,0,1.000,0,0,0.2490,-0.0045,0.0573
2279,16,0,0,-0.008,-0.039,-1.000,1.000,1,1,0.000,0.000,0.000,0,1.000,0,0,0.2490,-0.0045,0.0573
2280,16,0,0,-0.008,-0.039,-1.000,1.000,1,1,0.000,0.000,0.000,0,1.000,0,0,0.2490,-0.0045,0.0573
2281,16,0,0,-0.008,-0.039,-1.000,1.000,1,1,0.000,0.000,0.000,0,1.000,0,0,0.2490,-0.0045,0.0573
2282,16,0,0,-0.008,-0.039,-1.000,1.000,1,1,0.000,0.000,0.000,0,1.000,0,0,0.2490,-0.0045,0.0573
2283,16,0,0,-0.008,-0.039,-1.000,1.000,1,1,0.000,0.000,0.000,0,1.000,0,0,0.2490,-0.0045,0.0573
2284,16,0,0,-0.008,-0.039,-1.000,1.000,1,1,0.000,0.000,0.000,0,1.000,0,0,0.2490,-0.0045,0.0573
2285,16,0,0,-0.008,-0.039,-1.000,1.000,1,1,0.000,0.000,0.000,0,1.000,0,0,0.2490,-0.0045,0.0573
2286,16,0,0,-0.008,-0.039,-1.000,1.000,1,1,0.000,0.000,0.000,0,1.000,0,0,0.2490,-0.0045,0.0573
2287,16,0,0,-0.008,-0.039,-1.000,1.000,1,1,0.000,0.000,0.000,0,1.000,0,0,0.2490,-0.0045,0.0573
2288,16,0,0,-0.008,-0.039,-1.000,1.000,1,1,0.000,0.000,0.000,0,1.000,0,0,0.2490,-0.0045,0.0573
2289,16,0,0,-0.008,-0.039,-1.000,1.000,1,1,0.000,0.000,0.000,0,1.000,0,0,0.2490,-0.0045,0.0573
2290,16,0,0,-0.008,-0.039,-1.000,1.000,1,1,0.000,0.000,0.000,0,1.000,0,0,0.2490,-0.0045,0.0573
2291,16,0,0,-0.008,-0.039,-1.000,1.000,1,1,0.000,0.000,0.000,0,1.000,0,0,0.2490,-0.0045,0.0573
2292,16,0,0,-0.008,-0.039,-1.000,1.000,1,1,0.000,0.000,0.000,0,1.000,0,0,0.2490,-0.0045,0.0573
2293,16,0,0,-0.008,-0.039,-1.000,1.000,1,1,0.000,0.000,0.000,0,1.000,0,0,0.2490,-0.0045,0.0573
2294,16,0,0,-0.008,-0.039,-1.000,1.000,1,1,0.000,0.000,0.000,0,1.000,0,0,0.2490,-0.0045,0.0573
2295,16,0,0,-0.008,-0.039,-1.000,1.000,1,1,0.000,0.000,0.000,0,1.000,0,0,0.2490,-0.0045,0.0573
2296,17,0,0,-0.008,-0.039,-1.000,1.000,1,1,0.000,0.000,0.000,0,0.333,0,0,0.2493,-0.0049,0.0617
2297,17,0,0,-0.008,-0.039,-1.000,1.000,1,1,0.000,0.000,0.000,0,0.667,0,0,0.2490,-0.0043,0.0577
2298,17,0,0,-0.008,-0.039,-1.000,1.000,1,1,0.000,0.000,0.000,0,1.000,0,0,0.2491,-0.0046,0.0568
2299,17,0,0,-0.008,-0.039,-1.000,1.000,1,1,0.000,0.000,0.000,0,1.000,0,0,0.2491,-0.0046,0.0571
2300,17,0,0,-0.008,-0.039,-1.000,1.000,1,1,0.000,0.000,0.000,0,1.000,0,0,0.2491,-0.0046,0.0573
2301,17,0,0,-0.008,-0.039,-1.000,1.000,1,1,0.000,0.000,0.000,0,1.000,0,0,0.2491,-0.0046,0.0573
2302,17,0,0,-0.008,-0.039,-1.000,1.000,1,1,0.000,0.000,0.000,0,1.000,0,0,0.2491,-0.0046,0.0573
2303,17,0,0,-0.008,-0.039,-1.000,1.000,1,1,0.000,0.000,0.000,0,1.000,0,0,0.2491,-0.0045,0.0573
2304,17,0,0,-0.008,-0.039,-1.000,1.000,1,1,0.000,0.000,0.000,0,1.000,0,0,0.2491,-0.0045,0.0573
2305,17,0,0,-0.008,-0.039,-1.000,1.000,1,1,0.000,0.000,0.000,0,1.000,0,0,0.2491,-0.0045,0.0573
2306,17,0,0,-0.008,-0.039,-1.000,1.000,1,1,0.000,0.000,0.000,0,1.000,0,0,0.2491,-0.0045,0.0573
2307,17,0,0,-0.008,-0.039,-1.000,1.000,1,1,0.000,0.000,0.000,0,1.000,0,0,0.2491,-0.0045,0.0573
2308,17,0,0,-0.008,-0.039,-1.000,1.000,1,1,0.000,0.000,0.000,0,1.000,0,0,0.2491,-0.0045,0.0573
2309,17,0,0,-0.008,-0.039,-1.000,1.000,1,1,0.000,0.000,0.000,0,1.000,0,0,0.2491,-0.0045,0.0573
2310,17,0,0,-0.008,-0.039,-1.000,1.000,1,1,0.000,0.000,0.000,0,1.000,0,0,0.2491,-0.0045,0.0573
2311,17,0,0,-0.008,-0.039,-1.000,1.000,1,1,0.000,0.000,0.000,0,1.000,0,0,0.2491,-0.0045,0.0573
2312,17,0,0,-0.008,-0.039,-1.000,1.000,1,1,0.000,0.000,0.000,0,1.000,0,0,0.2491,-0.0045,0.0573
2313,17,0,0,-0.008,-0.039,-1.000,1.000,1,1,0.000,0.000,0.000,0,1.000,0,0,0.2491,-0.0045,0.0573
2314,17,0,0,-0.008,-0.039,-1.000,1.000,1,1,0.000,0.000,0.000,0,1.000,0,0,0.2491,-0.0045,0.0573
2315,17,0,0,-0.008,-0.039,-1.000,1.000,1,1,0.000,0.000,0.000,0,1.000,0,0,0.2491,-0.0045,0.0573
2316,17,0,0,-0.008,-0.039,-1.000,1.000,1,1,0.000,0.000,0.000,0,1.000,0,0,0.2491,-0.0045,0.0573
2317,17,0,0,-0.008,-0.039,-1.000,1.000,1,1,0.000,0.000,0.000,0,1.000,0,0,0.2491,-0.0045,0.0573
2318,17,0,0,-0.008,-0.039,-1.000,1.000,1,1,0.000,0.000,0.000,0,1.000,0,0,0.2491,-0.0045,0.0573
2319,17,0,0,-0.008,-0.039,-1.000,1.000,1,1,0.000,0.000,0.000,0,1.000,0,0,0.2491,-0.0045,0.0573
2320,17,0,0,-0.008,-0.039,-1.000,1.000,1,1,0.000,0.000,0.000,0,1.000,0,0,0.2491,-0.0045,0.0573
2321,17,0,0,-0.008,-0.039,-1.000,1.000,1,1,0.000,0.000,0.000,0,1.000,0,0,0.2491,-0.0045,0.0573
2322,17,0,0,-0.008,-0.039,-1.000,1.000,1,1,0.000,0.000,0.000,0,1.000,0,0,0.2491,-0.0045,0.0573
2323,17,0,0,-0.008,-0.039,-1.000,1.000,1,1,0.000,0.000,0.000,0,1.000,0,0,0.2491,-0.0045,0.0573
2324,17,0,0,-0.008,-0.039,-1.000,1.000,1,1,0.000,0.000,0.000,0,1.000,0,0,0.2491,-0.0045,0.0573
2325,17,0,0,-0.008,-0.039,-1.000,1.000,1,1,0.000,0.000,0.000,0,1.000,0,0,0.2491,-0.0045,0.0573
2326,17,0,0,-0.008,-0.039,-1.000,1.000,1,1,0.000,0.000,0.000,0,1.000,0,0,0.2491,-0.0045,0.0573
2327,17,0,0,-0.008,-0.039,-1.000,1.000,1,1,0.000,0.000,0.000,0,1.000,0,0,0.2491,-0.0045,0.0573
2328,17,0,0,-0.008,-0.039,-1.000,1.000,1,1,0.000,0.000,0.000,0,1.000,0,0,0.2491,-0.0045,0.0573
2329,17,0,0,-0.008,-0.039,-1.000,1.000,1,1,0.000,0.000,0.000,0,1.000,0,0,0.2491,-0.0045,0.0573
2330,17,0,0,-0.008,-0.039,-1.000,1.000,1,1,0.000,0.000,0.000,0,1.000,0,0,0.2491,-0.0045,0.0573
2331,17,0,0,-0.008,-0.039,-1.000,1.000,1,1,0.000,0.000,0.000,0,1.000,0,0,0.2491,-0.0045,0.0573
2332,17,0,0,-0.008,-0.039,-1.000,1.000,1,1,0.000,0.000,0.000,0,1.000,0,0,0.2491,-0.0045,0.0573
2333,17,0,0,-0.008,-0.039,-1.000,1.000,1,1,0.000,0.000,0.000,0,1.000,0,0,0.2491,-0.0045,0.0573
2334,17,0,0,-0.008,-0.039,-1.000,1.000,1,1,0.000,0.000,0.000,0,1.000,0,0,0.2491,-0.0045,0.0573
2335,17,0,0,-0.008,-0.039,-1.000,1.000,1,1,0.000,0.000,0.000,0,1.000,0,0,0.2491,-0.0045,0.0573
2336,17,0,0,-0.008,-0.039,-1.000,1.000,1,1,0.000,0.000,0.000,0,1.000,0,0,0.2491,-0.0045,0.0573
2337,17,0,0,-0.008,-0.039,-1.000,1.000,1,1,0.000,0.000,0.000,0,1.000,0,0,0.2491,-0.0045,0.0573
2338,17,0,0,-0.008,-0.039,-1.000,1.000,1,1,0.000,0.000,0.000,0,1.000,0,0,0.2491,-0.0045,0.0573
2339,17,0,0,-0.008,-0.039,-1.000,1.000,1,1,0.000,0.000,0.000,0,1.000,0,0,0.2491,-0.0045,0.0573
2340,17,0,0,-0.008,-0.039,-1.000,1.000,1,1,0.000,0.000,0.000,0,1.000,0,0,0.2491,-0.0045,0.0573
2341,17,0,0,-0.008,-0.039,-1.000,1.000,1,1,0.000,0.000,0.000,0,1.000,0,0,0.2491,-0.0045,0.0573
2342,17,0,0,-0.008,-0.039,-1.000,1.000,1,1,0.000,0.000,0.000,0,1.000,0,0,0.2491,-0.0045,0.0573
2343,17,0,0,-0.008,-0.039,-1.000,1.000,1,1,0.000,0.000,0.000,0,1.000,0,0,0.2491,-0.0045,0.0573
2344,17,0,0,-0.008,-0.039,-1.000,1.000,1,1,0.000,0.000,0.000,0,1.000,0,0,0.2491,-0.0045,0.0573
2345,17,0,0,-0.008,-0.039,-1.000,1.000,1,1,0.000,0.000,0.000,0,1.000,0,0,0.2491,-0.0045,0.0573
2346,17,0,0,-0.008,-0.039,-1.000,1.000,1,1,0.000,0.000,0.000,0,1.000,0,0,0.2491,-0.0045,0.0573
2347,17,0,0,-0.008,-0.039,-1.000,1.000,1,1,0.000,0.000,0.000,0,1.000,0,0,0.2491,-0.0045,0.0573
2348,17,0,0,-0.008,-0.039,-1.000,1.000,1,1,0.000,0.000,0.000,0,1.000,0,0,0.2491,-0.0045,0.0573
2349,17,0,0,-0.008,-0.039,-1.000,1.000,1,1,0.000,0.000,0.000,0,1.000,0,0,0.2491,-0.0045,0.0573
2350,17,0,0,-0.008,-0.039,-1.000,1.000,1,1,0.000,0.000,0.000,0,1.000,0,0,0.2491,-0.0045,0.0573
2351,17,0,0,-0.008,-0.039,-1.000,1.000,1,1,0.000,0.000,0.000,0,1.000,0,0,0.2491,-0.0045,0.0573
2352,17,0,0,-0.008,-0.039,-1.000,1.000,1,1,0.000,0.000,0.000,0,1.000,0,0,0.2491,-0.0045,0.0573
2353,17,0,0,-0.008,-0.039,-1.000,1.000,1,1,0.000,0.000,0.000,0,1.000,0,0,0.2491,-0.0045,0.0573
2354,17,0,0,-0.008,-0.039,-1.000,1.000,1,1,0.000,0.000,0.000,0,1.000,0,0,0.2491,-0.0045,0.0573
2355,17,0,0,-0.008,-0.039,-1.000,1.000,1,1,0.000,0.000,0.000,0,1.000,0,0,0.2491,-0.0045,0.0573
2356,17,0,0,-0.008,-0.039,-1.000,1.000,1,1,0.000,0.000,0.000,0,1.000,0,0,0.2491,-0.0045,0.0573
2357,17,0,0,-0.008,-0.039,-1.000,1.000,1,1,0.000,0.000,0.000,0,1.000,0,0,0.2491,-0.0045,0.0573
2358,17,0,0,-0.008,-0.039,-1.000,1.000,1,1,0.000,0.000,0.000,0,1.000,0,0,0.2491,-0.0045,0.0573
2359,17,0,0,-0.008,-0.039,-1.000,1.000,1,1,0.000,0.000,0.000,0,1.000,0,0,0.2491,-0.0045,0.0573
2360,17,0,0,-0.008,-0.039,-1.000,1.000,1,1,0.000,0.000,0.000,0,1.000,0,0,0.2491,-0.0045,0.0573
2361,17,0,0,-0.008,-0.039,-1.000,1.000,1,1,0.000,0.000,0.000,0,1.000,0,0,0.2491,-0.0045,0.0573
2362,17,0,0,-0.008,-0.039,-1.000,1.000,1,1,0.000,0.000,0.000,0,1.000,0,0,0.2491,-0.0045,0.0573
2363,17,0,0,-0.008,-0.039,-1.000,1.000,1,1,0.000,0.000,0.000,0,1.000,0,0,0.2491,-0.0045,0.0573
2364,17,0,0,-0.008,-0.039,-1.000,1.000,1,1,0.000,0.000,0.000,0,1.000,0,0,0.2491,-0.0045,0.0573
2365,17,0,0,-0.008,-0.039,-1.000,1.000,1,1,0.000,0.000,0.000,0,1.000,0,0,0.2491,-0.0045,0.0573
2366,17,0,0,-0.008,-0.039,-1.000,1.000,1,1,0.000,0.000,0.000,0,1.000,0,0,0.2491,-0.0045,0.0573
2367,17,0,0,-0.008,-0.039,-1.000,1.000,1,1,0.000,0.000,0.000,0,1.000,0,0,0.2491,-0.0045,0.0573
2368,17,0,0,-0.008,-0.039,-1.000,1.000,1,1,0.000,0.000,0.000,0,1.000,0,0,0.2491,-0.0045,0.0573
2369,17,0,0,-0.008,-0.039,-1.000,1.000,1,1,0.000,0.000,0.000,0,1.000,0,0,0.2491,-0.0045,0.0573
2370,17,0,0,-0.008,-0.039,-1.000,1.000,1,1,0.000,0.000,0.000,0,1.000,0,0,0.2491,-0.0045,0.0573
2371,17,0,0,-0.008,-0.039,-1.000,1.000,1,1,0.000,0.000,0.000,0,1.000,0,0,0.2491,-0.0045,0.0573
2372,17,0,0,-0.008,-0.039,-1.000,1.000,1,1,0.000,0.000,0.000,0,1.000,0,0,0.2491,-0.0045,0.0573
2373,17,0,0,-0.008,-0.039,-1.000,1.000,1,1,0.000,0.000,0.000,0,1.000,0,0,0.2491,-0.0045,0.0573
2374,17,0,0,-0.008,-0.039,-1.000,1.000,1,1,0.000,0.000,0.000,0,1.000,0,0,0.2491,-0.0045,0.0573
2375,17,0,0,-0.008,-0.039,-1.000,1.000,1,1,0.000,0.000,0.000,0,1.000,0,0,0.2491,-0.0045,0.0573
2376,17,0,0,-0.008,-0.039,-1.000,1.000,1,1,0.000,0.000,0.000,0,1.000,0,0,0.2491,-0.0045,0.0573
2377,17,0,0,-0.008,-0.039,-1.000,1.000,1,1,0.000,0.000,0.000,0,1.000,0,0,0.2491,-0.0045,0.0573
2378,17,0,0,-0.008,-0.039,-1.000,1.000,1,1,0.000,0.000,0.000,0,1.000,0,0,0.2491,-0.0045,0.0573
2379,17,0,0,-0.008,-0.039,-1.000,1.000,1,1,0.000,0.000,0.000,0,1.000,0,0,0.2491,-0.0045,0.0573
2380,17,0,0,-0.008,-0.039,-1.000,1.000,1,1,0.000,0.000,0.000,0,1.000,0,0,0.2491,-0.0045,0.0573
2381,17,0,0,-0.008,-0.039,-1.000,1.000,1,1,0.000,0.000,0.000,0,1.000,0,0,0.2491,-0.0045,0.0573
2382,17,0,0,-0.008,-0.039,-1.000,1.000,1,1,0.000,0.000,0.000,0,1.000,0,0,0.2491,-0.0045,0.0573
2383,17,0,0,-0.008,-0.039,-1.000,1.000,1,1,0.000,0.000,0.000,0,1.000,0,0,0.2491,-0.0045,0.0573
2384,17,0,0,-0.008,-0.039,-1.000,1.000,1,1,0.000,0.000,0.000,0,1.000,0,0,0.2491,-0.0045,0.0573
2385,17,0,0,-0.008,-0.039,-1.000,1.000,1,1,0.000,0.000,0.000,0,1.000,0,0,0.2491,-0.0045,0.0573
2386,17,0,0,-0.008,-0.039,-1.000,1.000,1,1,0.000,0.000,0.000,0,1.000,0,0,0.2491,-0.0045,0.0573
2387,17,0,0,-0.008,-0.039,-1.000,1.000,1,1,0.000,0.000,0.000,0,1.000,0,0,0.2491,-0.0045,0.0573
2388,17,0,0,-0.008,-0.039,-1.000,1.000,1,1,0.000,0.000,0.000,0,1.000,0,0,0.2491,-0.0045,0.0573
2389,17,0,0,-0.008,-0.039,-1.000,1.000,1,1,0.000,0.000,0.000,0,1.000,0,0,0.2491,-0.0045,0.0573
2390,17,0,0,-0.008,-0.039,-1.000,1.000,1,1,0.000,0.000,0.000,0,1.000,0,0,0.2491,-0.0045,0.0573
2391,17,0,0,-0.008,-0.039,-1.000,1.000,1,1,0.000,0.000,0.000,0,1.000,0,0,0.2491,-0.0045,0.0573
2392,17,0,0,-0.008,-0.039,-1.000,1.000,1,1,0.000,0.000,0.000,0,1.000,0,0,0.2491,-0.0045,0.0573
2393,17,0,0,-0.008,-0.039,-1.000,1.000,1,1,0.000,0.000,0.000,0,1.000,0,0,0.2491,-0.0045,0.0573
2394,17,0,0,-0.008,-0.039,-1.000,1.000,1,1,0.000,0.000,0.000,0,1.000,0,0,0.2491,-0.0045,0.0573
2395,17,0,0,-0.008,-0.039,-1.000,1.000,1,1,0.000,0.000,0.000,0,1.000,0,0,0.2491,-0.0045,0.0573
2396,17,0,0,-0.008,-0.039,-1.000,1.000,1,1,0.000,0.000,0.000,0,1.000,0,0,0.2491,-0.0045,0.0573
2397,17,0,0,-0.008,-0.039,-1.000,1.000,1,1,0.000,0.000,0.000,0,1.000,0,0,0.2491,-0.0045,0.0573
2398,17,0,0,-0.008,-0.039,-1.000,1.000,1,1,0.000,0.000,0.000,0,1.000,0,0,0.2491,-0.0045,0.0573
2399,17,0,0,-0.008,-0.039,-1.000,1.000,1,1,0.000,0.000,0.000,0,1.000,0,0,0.2491,-0.0045,0.0573
2400,17,0,0,-0.008,-0.039,-1.000,1.000,1,1,0.000,0.000,0.000,0,1.000,0,0,0.2491,-0.0045,0.0573
2401,17,0,0,-0.008,-0.039,-1.000,1.000,1,1,0.000,0.000,0.000,0,1.000,0,0,0.2491,-0.0045,0.0573
2402,17,0,0,-0.008,-0.039,-1.000,1.000,1,1,0.000,0.000,0.000,0,1.000,0,0,0.2491,-0.0045,0.0573
2403,17,0,0,-0.008,-0.039,-1.000,1.000,1,1,0.000,0.000,0.000,0,1.000,0,0,0.2491,-0.0045,0.0573
2404,17,0,0,-0.008,-0.039,-1.000,1.000,1,1,0.000,0.000,0.000,0,1.000,0,0,0.2491,-0.0045,0.0573
2405,17,0,0,-0.008,-0.039,-1.000,1.000,1,1,0.000,0.000,0.000,0,1.000,0,0,0.2491,-0.0045,0.0573
2406,17,0,0,-0.008,-0.039,-1.000,1.000,1,1,0.000,0.000,0.000,0,1.000,0,0,0.2491,-0.0045,0.0573
2407,17,0,0,-0.008,-0.039,-1.000,1.000,1,1,0.000,0.000,0.000,0,1.000,0,0,0.2491,-0.0045,0.0573
2408,17,0,0,-0.008,-0.039,-1.000,1.000,1,1,0.000,0.000,0.000,0,1.000,0,0,0.2491,-0.0045,0.0573
2409,17,0,0,-0.008,-0.039,-1.000,1.000,1,1,0.000,0.000,0.000,0,1.000,0,0,0.2491,-0.0045,0.0573
2410,17,0,0,-0.008,-0.039,-1.000,1.000,1,1,0.000,0.000,0.000,0,1.000,0,0,0.2491,-0.0045,0.0573
2411,17,0,0,-0.008,-0.039,-1.000,1.000,1,1,0.000,0.000,0.000,0,1.000,0,0,0.2491,-0.0045,0.0573
2412,17,0,0,-0.008,-0.039,-1.000,1.000,1,1,0.000,0.000,0.000,0,1.000,0,0,0.2491,-0.0045,0.0573
2413,17,0,0,-0.008,-0.039,-1.000,1.000,1,1,0.000,0.000,0.000,0,1.000,0,0,0.2491,-0.0045,0.0573
2414,17,0,0,-0.008,-0.039,-1.000,1.000,1,1,0.000,0.000,0.000,0,1.000,0,0,0.2491,-0.0045,0.0573
2415,17,0,0,-0.008,-0.039,-1.000,1.000,1,1,0.000,0.000,0.000,0,1.000,0,0,0.2491,-0.0045,0.0573
2416,17,0,0,-0.008,-0.039,-1.000,1.000,1,1,0.000,0.000,0.000,0,1.000,0,0,0.2491,-0.0045,0.0573
2417,17,0,0,-0.008,-0.039,-1.000,1.000,1,1,0.000,0.000,0.000,0,1.000,0,0,0.2491,-0.0045,0.0573
2418,17,0,0,-0.008,-0.039,-1.000,1.000,1,1,0.000,0.000,0.000,0,1.000,0,0,0.2491,-0.0045,0.0573
2419,17,0,0,-0.008,-0.039,-1.000,1.000,1,1,0.000,0.000,0.000,0,1.000,0,0,0.2491,-0.0045,0.0573
2420,17,0,0,-0.008,-0.039,-1.000,1.000,1,1,0.000,0.000,0.000,0,1.000,0,0,0.2491,-0.0045,0.0573
2421,17,0,0,-0.008,-0.039,-1.000,1.000,1,1,0.000,0.000,0.000,0,1.000,0,0,0.2491,-0.0045,0.0573
2422,17,0,0,-0.008,-0.039,-1.000,1.000,1,1,0.000,0.000,0.000,0,1.000,0,0,0.2491,-0.0045,0.0573
2423,17,0,0,-0.008,-0.039,-1.000,1.000,1,1,0.000,0.000,0.000,0,1.000,0,0,0.2491,-0.0045,0.0573
2424,17,0,0,-0.008,-0.039,-1.000,1.000,1,1,0.000,0.000,0.000,0,1.000,0,0,0.2491,-0.0045,0.0573
2425,17,0,0,-0.008,-0.039,-1.000,1.000,1,1,0.000,0.000,0.000,0,1.000,0,0,0.2491,-0.0045,0.0573
2426,17,0,0,-0.008,-0.039,-1.000,1.000,1,1,0.000,0.000,0.000,0,1.000,0,0,0.2491,-0.0045,0.0573
2427,17,0,0,-0.008,-0.039,-1.000,1.000,1,1,0.000,0.000,0.000,0,1.000,0,0,0.2491,-0.0045,0.0573
2428,17,0,0,-0.008,-0.039,-1.000,1.000,1,1,0.000,0.000,0.000,0,1.000,0,0,0.2491,-0.0045,0.0573
2429,17,0,0,-0.008,-0.039,-1.000,1.000,1,1,0.000,0.000,0.000,0,1.000,0,0,0.2491,-0.0045,0.0573
2430,17,0,0,-0.008,-0.039,-1.000,1.000,1,1,0.000,0.000,0.000,0,1.000,0,0,0.2491,-0.0045,0.0573
2431,17,0,0,-0.008,-0.039,-1.000,1.000,1,1,0.000,0.000,0.000,0,1.000,0,0,0.2491,-0.0045,0.0573
2432,17,0,0,-0.008,-0.039,-1.000,1.000,1,1,0.000,0.000,0.000,0,1.000,0,0,0.2491,-0.0045,0.0573
2433,17,0,0,-0.008,-0.039,-1.000,1.000,1,1,0.000,0.000,0.000,0,1.000,0,0,0.2491,-0.0045,0.0573
2434,17,0,0,-0.008,-0.039,-1.000,1.000,1,1,0.000,0.000,0.000,0,1.000,0,0,0.2491,-0.0045,0.0573
2435,17,0,0,-0.008,-0.039,-1.000,1.000,1,1,0.000,0.000,0.000,0,1.000,0,0,0.2491,-0.0045,0.0573
2436,17,0,0,-0.008,-0.039,-1.000,1.000,1,1,0.000,0.000,0.000,0,1.000,0,0,0.2491,-0.0045,0.0573
2437,17,0,0,-0.008,-0.039,-1.000,1.000,1,1,0.000,0.000,0.000,0,1.000,0,0,0.2491,-0.0045,0.0573
2438,17,0,0,-0.008,-0.039,-1.000,1.000,1,1,0.000,0.000,0.000,0,1.000,0,0,0.2491,-0.0045,0.0573
2439,17,0,0,-0.008,-0.039,-1.000,1.000,1,1,0.000,0.000,0.000,0,1.000,0,0,0.2491,-0.0045,0.0573
2440,17,0,0,-0.008,-0.039,-1.000,1.000,1,1,0.000,0.000,0.000,0,1.000,0,0,0.2491,-0.0045,0.0573
2441,17,0,0,-0.008,-0.039,-1.000,1.000,1,1,0.000,0.000,0.000,0,1.000,0,0,0.2491,-0.0045,0.0573
2442,17,0,0,-0.008,-0.039,-1.000,1.000,1,1,0.000,0.000,0.000,0,1.000,0,0,0.2491,-0.0045,0.0573
2443,17,0,0,-0.008,-0.039,-1.000,1.000,1,1,0.000,0.000,0.000,0,1.000,0,0,0.2491,-0.0045,0.0573
2444,17,0,0,-0.008,-0.039,-1.000,1.000,1,1,0.000,0.000,0.000,0,1.000,0,0,0.2491,-0.0045,0.0573
2445,17,0,0,-0.008,-0.039,-1.000,1.000,1,1,0.000,0.000,0.000,0,1.000,0,0,0.2491,-0.0045,0.0573
2446,17,0,0,-0.008,-0.039,-1.000,1.000,1,1,0.000,0.000,0.000,0,1.000,0,0,0.2491,-0.0045,0.0573
2447,17,0,0,-0.008,-0.039,-1.000,1.000,1,1,0.000,0.000,0.000,0,1.000,0,0,0.2491,-0.0045,0.0573
2448,17,0,0,-0.008,-0.039,-1.000,1.000,1,1,0.000,0.000,0.000,0,1.000,0,0,0.2491,-0.0045,0.0573
2449,17,0,0,-0.008,-0.039,-1.000,1.000,1,1,0.000,0.000,0.000,0,1.000,0,0,0.2491,-0.0045,0.0573
2450,18,0,0,-0.008,-0.039,-1.000,1.000,1,1,0.000,0.000,0.000,0,0.333,0,0,0.2493,-0.0050,0.0618
2451,18,0,0,-0.008,-0.039,-1.000,1.000,1,1,0.000,0.000,0.000,0,0.667,0,0,0.2490,-0.0043,0.0577
2452,18,0,0,-0.008,-0.039,-1.000,1.000,1,1,0.000,0.000,0.000,0,1.000,0,0,0.2491,-0.0046,0.0568
2453,18,0,0,-0.008,-0.039,-1.000,1.000,1,1,0.000,0.000,0.000,0,1.000,0,0,0.2490,-0.0046,0.0572
2454,18,0,0,-0.008,-0.039,-1.000,1.000,1,1,0.000,0.000,0.000,0,1.000,0,0,0.2491,-0.0046,0.0573
2455,18,0,0,-0.008,-0.039,-1.000,1.000,1,1,0.000,0.000,0.000,0,1.000,0,0,0.2491,-0.0046,0.0573
2456,18,0,0,-0.008,-0.039,-1.000,1.000,1,1,0.000,0.000,0.000,0,1.000,0,0,0.2491,-0.0046,0.0573
2457,18,0,0,-0.008,-0.039,-1.000,1.000,1,1,0.000,0.000,0.000,0,1.000,0,0,0.2491,-0.0046,0.0573
2458,18,0,0,-0.008,-0.039,-1.000,1.000,1,1,0.000,0.000,0.000,0,1.000,0,0,0.2491,-0.0046,0.0573
2459,18,0,0,-0.008,-0.039,-1.000,1.000,1,1,0.000,0.000,0.000,0,1.000,0,0,0.2491,-0.0046,0.0573
2460,18,0,0,-0.008,-0.039,-1.000,1.000,1,1,0.000,0.000,0.000,0,1.000,0,0,0.2491,-0.0046,0.0573
2461,18,0,0,-0.008,-0.039,-1.000,1.000,1,1,0.000,0.000,0.000,0,1.000,0,0,0.2491,-0.0046,0.0573
2462,18,0,0,-0.008,-0.039,-1.000,1.000,1,1,0.000,0.000,0.000,0,1.000,0,0,0.2491,-0.0046,0.0573
2463,18,0,0,-0.008,-0.039,-1.000,1.000,1,1,0.000,0.000,0.000,0,1.000,0,0,0.2491,-0.0046,0.0573
2464,18,0,0,-0.008,-0.039,-1.000,1.000,1,1,0.000,0.000,0.000,0,1.000,0,0,0.2491,-0.0046,0.0573
2465,18,0,0,-0.008,-0.039,-1.000,1.000,1,1,0.000,0.000,0.000,0,1.000,0,0,0.2491,-0.0046,0.0573
2466,18,0,0,-0.008,-0.039,-1.000,1.000,1,1,0.000,0.000,0.000,0,1.000,0,0,0.2491,-0.0046,0.0573
2467,18,0,0,-0.008,-0.039,-1.000,1.000,1,1,0.000,0.000,0.000,0,1.000,0,0,0.2491,-0.0046,0.0573
2468,18,0,0,-0.008,-0.039,-1.000,1.000,1,1,0.000,0.000,0.000,0,1.000,0,0,0.2491,-0.0046,0.0573
2469,18,0,0,-0.008,-0.039,-1.000,1.000,1,1,0.000,0.000,0.000,0,1.000,0,0,0.2491,-0.0046,0.0573
2470,18,0,0,-0.008,-0.039,-1.000,1.000,1,1,0.000,0.000,0.000,0,1.000,0,0,0.2491,-0.0046,0.0573
2471,18,0,0,-0.008,-0.039,-1.000,1.000,1,1,0.000,0.000,0.000,0,1.000,0,0,0.2491,-0.0046,0.0573
2472,18,0,0,-0.008,-0.039,-1.000,1.000,1,1,0.000,0.000,0.000,0,1.000,0,0,0.2491,-0.0046,0.0573
