step,ep,r1,l1,raw_ly,raw_lx,raw_r2,raw_l2,r2_ready,l2_ready,act0,act1,act2,contact,progress,paused,shielded,cmd_z,meas_x,meas_y,meas_z
0,0,0,0,0.000,-0.039,0.000,0.000,0,0,0.000,0.000,0.000,1,0.000,1,1,0.0599,0.2520,-0.0083,0.0590
1,0,0,0,0.000,-0.039,0.000,0.000,0,0,0.000,0.000,0.000,1,0.000,1,1,0.0599,0.2522,-0.0083,0.0590
2,0,0,0,0.000,-0.039,0.000,0.000,0,0,0.000,0.000,0.000,1,0.000,1,1,0.0599,0.2523,-0.0082,0.0591
3,0,0,0,0.000,-0.039,0.000,0.000,0,0,0.000,0.000,0.000,1,0.000,1,1,0.0599,0.2525,-0.0082,0.0592
4,0,0,0,0.000,-0.039,0.000,0.000,0,0,0.000,0.000,0.000,1,0.000,1,1,0.0599,0.2526,-0.0082,0.0592
5,0,0,0,0.000,-0.039,0.000,0.000,0,0,0.000,0.000,0.000,1,0.000,1,1,0.0599,0.2527,-0.0082,0.0592
6,0,0,0,0.000,-0.039,0.000,0.000,0,0,0.000,0.000,0.000,1,0.000,1,1,0.0599,0.2528,-0.0082,0.0592
7,0,0,0,0.000,-0.039,0.000,0.000,0,0,0.000,0.000,0.000,1,0.000,1,1,0.0599,0.2529,-0.0081,0.0593
8,0,0,0,0.000,-0.039,0.000,0.000,0,0,0.000,0.000,0.000,1,0.000,1,1,0.0599,0.2530,-0.0081,0.0593
9,0,0,0,0.000,-0.039,0.000,0.000,0,0,0.000,0.000,0.000,1,0.000,1,1,0.0599,0.2531,-0.0081,0.0593
10,0,0,0,0.000,-0.039,0.000,0.000,0,0,0.000,0.000,0.000,1,0.000,1,1,0.0599,0.2531,-0.0081,0.0593
11,0,0,0,0.000,-0.039,0.000,0.000,0,0,0.000,0.000,0.000,1,0.000,1,1,0.0599,0.2532,-0.0080,0.0593
12,0,0,0,0.000,-0.039,0.000,0.000,0,0,0.000,0.000,0.000,1,0.000,1,1,0.0599,0.2533,-0.0080,0.0593
13,0,0,0,0.000,-0.039,0.000,0.000,0,0,0.000,0.000,0.000,1,0.000,1,1,0.0599,0.2533,-0.0080,0.0593
14,0,0,0,0.000,-0.039,0.000,0.000,0,0,0.000,0.000,0.000,1,0.000,1,1,0.0599,0.2534,-0.0080,0.0593
15,0,0,0,0.000,-0.039,0.000,0.000,0,0,0.000,0.000,0.000,1,0.000,1,1,0.0599,0.2534,-0.0079,0.0593
16,0,0,0,0.000,-0.039,0.000,1.000,0,0,0.000,0.000,0.000,1,0.000,1,1,0.0599,0.2535,-0.0079,0.0593
17,0,0,0,0.000,-0.039,0.000,1.000,0,0,0.000,0.000,0.000,1,0.000,1,1,0.0599,0.2535,-0.0079,0.0593
18,0,0,0,0.000,-0.039,0.000,1.000,0,0,0.000,0.000,0.000,1,0.000,1,1,0.0599,0.2536,-0.0079,0.0593
19,0,0,0,0.000,-0.039,0.000,1.000,0,0,0.000,0.000,0.000,1,0.000,1,1,0.0599,0.2536,-0.0078,0.0593
20,0,0,0,0.000,-0.039,0.000,1.000,0,0,0.000,0.000,0.000,1,0.000,1,1,0.0599,0.2536,-0.0078,0.0593
21,0,0,0,0.000,-0.039,0.000,-0.748,0,0,0.000,0.000,0.000,1,0.000,1,1,0.0599,0.2537,-0.0078,0.0593
22,0,0,0,0.000,-0.039,0.000,-1.000,0,1,0.000,0.000,0.000,1,0.000,1,1,0.0599,0.2537,-0.0078,0.0593
23,0,0,0,0.000,-0.039,0.000,-1.000,0,1,0.000,0.000,0.000,1,0.000,1,1,0.0599,0.2537,-0.0078,0.0593
24,0,0,0,0.000,-0.039,0.000,-1.000,0,1,0.000,0.000,0.000,1,0.000,1,1,0.0599,0.2538,-0.0077,0.0593
25,0,0,0,0.000,-0.039,0.000,-1.000,0,1,0.000,0.000,0.000,1,0.000,1,1,0.0599,0.2538,-0.0077,0.0593
26,0,0,0,0.000,-0.039,1.000,-1.000,0,1,0.000,0.000,0.000,1,0.000,1,1,0.0599,0.2538,-0.0077,0.0593
27,0,0,0,0.000,-0.039,1.000,-1.000,0,1,0.000,0.000,0.000,1,0.000,1,1,0.0599,0.2539,-0.0077,0.0593
28,0,0,0,0.000,-0.039,1.000,-1.000,0,1,0.000,0.000,0.000,1,0.000,1,1,0.0599,0.2539,-0.0077,0.0593
29,0,0,0,0.000,-0.039,1.000,-1.000,0,1,0.000,0.000,0.000,1,0.000,1,1,0.0599,0.2539,-0.0077,0.0593
30,0,0,0,0.000,-0.039,-1.000,-1.000,1,1,0.000,0.000,0.000,1,0.000,1,1,0.0599,0.2539,-0.0076,0.0593
31,0,0,0,0.000,-0.039,-1.000,-1.000,1,1,0.000,0.000,0.000,1,0.000,1,1,0.0599,0.2540,-0.0076,0.0593
32,0,0,0,0.000,-0.039,-1.000,-1.000,1,1,0.000,0.000,0.000,1,0.000,1,1,0.0599,0.2540,-0.0076,0.0593
33,0,0,0,0.000,-0.039,-1.000,-1.000,1,1,0.000,0.000,0.000,1,0.000,1,1,0.0599,0.2540,-0.0076,0.0593
34,0,0,0,0.000,-0.039,-1.000,-1.000,1,1,0.000,0.000,0.000,1,0.000,1,1,0.0599,0.2540,-0.0076,0.0593
35,0,0,0,0.000,-0.039,-1.000,-1.000,1,1,0.000,0.000,0.000,1,0.000,1,1,0.0599,0.2541,-0.0076,0.0593
36,0,0,0,0.000,-0.039,-1.000,-1.000,1,1,0.000,0.000,0.000,1,0.000,1,1,0.0599,0.2541,-0.0076,0.0593
37,0,0,0,0.000,-0.039,-1.000,-1.000,1,1,0.000,0.000,0.000,1,0.000,1,1,0.0599,0.2541,-0.0076,0.0593
38,0,0,0,0.000,-0.039,-1.000,-1.000,1,1,0.000,0.000,0.000,1,0.000,1,1,0.0599,0.2541,-0.0075,0.0593
39,0,0,0,0.000,-0.039,-1.000,-1.000,1,1,0.000,0.000,0.000,1,0.000,1,1,0.0599,0.2541,-0.0075,0.0593
40,0,0,0,0.000,-0.039,-1.000,-1.000,1,1,0.000,0.000,0.000,1,0.000,1,1,0.0599,0.2542,-0.0075,0.0593
41,0,0,0,0.000,-0.039,-1.000,-1.000,1,1,0.000,0.000,0.000,1,0.000,1,1,0.0599,0.2542,-0.0075,0.0593
42,0,0,0,0.000,-0.039,-1.000,-1.000,1,1,0.000,0.000,0.000,1,0.000,1,1,0.0599,0.2542,-0.0075,0.0593
43,0,0,0,0.000,-0.039,-1.000,-1.000,1,1,0.000,0.000,0.000,1,0.000,1,1,0.0599,0.2542,-0.0075,0.0593
44,0,0,0,0.000,-0.039,-1.000,-1.000,1,1,0.000,0.000,0.000,1,0.000,1,1,0.0599,0.2542,-0.0075,0.0593
45,0,0,0,0.000,-0.039,-1.000,-1.000,1,1,0.000,0.000,0.000,1,0.000,1,1,0.0599,0.2543,-0.0075,0.0593
46,0,0,0,0.000,-0.039,-1.000,-1.000,1,1,0.000,0.000,0.000,1,0.000,1,1,0.0599,0.2543,-0.0075,0.0593
47,0,0,0,0.000,-0.039,-1.000,-1.000,1,1,0.000,0.000,0.000,1,0.000,1,1,0.0599,0.2543,-0.0074,0.0593
48,0,0,0,0.000,-0.039,-1.000,-1.000,1,1,0.000,0.000,0.000,1,0.000,1,1,0.0599,0.2543,-0.0074,0.0593
49,0,0,0,0.000,-0.039,-1.000,-1.000,1,1,0.000,0.000,0.000,1,0.000,1,1,0.0599,0.2543,-0.0074,0.0593
50,0,0,0,0.000,-0.039,-1.000,-1.000,1,1,0.000,0.000,0.000,1,0.000,1,1,0.0599,0.2543,-0.0074,0.0593
51,0,0,0,0.000,-0.039,-1.000,-1.000,1,1,0.000,0.000,0.000,1,0.000,1,1,0.0599,0.2544,-0.0074,0.0593
52,0,0,0,0.000,-0.039,-1.000,-1.000,1,1,0.000,0.000,0.000,1,0.000,1,1,0.0599,0.2544,-0.0074,0.0593
53,0,0,0,0.000,-0.039,-1.000,-1.000,1,1,0.000,0.000,0.000,1,0.000,1,1,0.0599,0.2544,-0.0074,0.0593
54,0,0,0,0.000,-0.039,-1.000,-1.000,1,1,0.000,0.000,0.000,1,0.000,1,1,0.0599,0.2544,-0.0074,0.0593
55,0,0,0,0.000,-0.039,-1.000,-1.000,1,1,0.000,0.000,0.000,1,0.000,1,1,0.0599,0.2544,-0.0074,0.0593
56,0,0,0,0.000,-0.039,-1.000,-1.000,1,1,0.000,0.000,0.000,1,0.000,1,1,0.0599,0.2544,-0.0074,0.0593
57,0,0,0,0.000,-0.039,-1.000,-1.000,1,1,0.000,0.000,0.000,1,0.000,1,1,0.0599,0.2544,-0.0074,0.0593
58,0,0,0,0.000,-0.039,-1.000,-1.000,1,1,0.000,0.000,0.000,1,0.000,1,1,0.0599,0.2545,-0.0074,0.0593
59,0,0,0,0.000,-0.039,-1.000,-1.000,1,1,0.000,0.000,0.000,1,0.000,1,1,0.0599,0.2545,-0.0073,0.0593
60,0,0,0,0.000,-0.039,-1.000,-1.000,1,1,0.000,0.000,0.000,1,0.000,1,1,0.0599,0.2545,-0.0073,0.0593
61,0,0,0,0.000,-0.039,-1.000,-1.000,1,1,0.000,0.000,0.000,1,0.000,1,1,0.0599,0.2545,-0.0073,0.0593
62,0,0,0,0.000,-0.039,-1.000,-1.000,1,1,0.000,0.000,0.000,1,0.000,1,1,0.0599,0.2546,-0.0073,0.0593
63,0,0,0,0.000,-0.039,-1.000,-1.000,1,1,0.000,0.000,0.000,1,0.000,1,1,0.0599,0.2546,-0.0073,0.0593
64,0,0,0,0.000,-0.039,-1.000,-1.000,1,1,0.000,0.000,0.000,1,0.000,1,1,0.0599,0.2546,-0.0073,0.0593
65,0,0,0,0.000,-0.039,-1.000,-1.000,1,1,0.000,0.000,0.000,1,0.000,1,1,0.0599,0.2546,-0.0073,0.0593
66,0,0,0,0.000,-0.039,-1.000,-1.000,1,1,0.000,0.000,0.000,1,0.000,1,1,0.0599,0.2546,-0.0073,0.0593
67,0,0,0,0.000,-0.039,-1.000,-1.000,1,1,0.000,0.000,0.000,1,0.000,1,1,0.0599,0.2546,-0.0072,0.0593
68,0,0,0,0.000,-0.039,-1.000,-1.000,1,1,0.000,0.000,0.000,1,0.000,1,1,0.0599,0.2547,-0.0072,0.0593
69,0,0,0,0.000,-0.039,-1.000,-1.000,1,1,0.000,0.000,0.000,1,0.000,1,1,0.0599,0.2547,-0.0072,0.0593
70,0,0,0,0.000,-0.039,-1.000,-1.000,1,1,0.000,0.000,0.000,1,0.000,1,1,0.0599,0.2547,-0.0072,0.0593
71,0,0,0,0.000,-0.039,-1.000,-1.000,1,1,0.000,0.000,0.000,1,0.000,1,1,0.0599,0.2547,-0.0072,0.0593
72,0,0,0,0.000,-0.039,-1.000,-1.000,1,1,0.000,0.000,0.000,1,0.000,1,1,0.0599,0.2547,-0.0072,0.0593
73,0,0,0,0.000,-0.039,-1.000,-1.000,1,1,0.000,0.000,0.000,1,0.000,1,1,0.0599,0.2547,-0.0072,0.0593
74,0,0,0,0.000,-0.039,-1.000,-1.000,1,1,0.000,0.000,0.000,1,0.000,1,1,0.0599,0.2547,-0.0072,0.0593
75,0,0,0,0.000,-0.039,-1.000,-1.000,1,1,0.000,0.000,0.000,1,0.000,1,1,0.0599,0.2547,-0.0072,0.0593
76,0,0,0,0.000,-0.039,-1.000,-1.000,1,1,0.000,0.000,0.000,1,0.000,1,1,0.0599,0.2547,-0.0072,0.0594
77,0,0,0,0.000,-0.039,-1.000,-1.000,1,1,0.000,0.000,0.000,1,0.000,1,1,0.0599,0.2548,-0.0072,0.0594
78,0,0,0,0.000,-0.039,-1.000,-1.000,1,1,0.000,0.000,0.000,1,0.000,1,1,0.0599,0.2548,-0.0072,0.0594
79,0,0,0,0.000,-0.039,-1.000,-1.000,1,1,0.000,0.000,0.000,1,0.000,1,1,0.0599,0.2548,-0.0072,0.0594
80,0,0,0,0.000,-0.039,-1.000,-1.000,1,1,0.000,0.000,0.000,1,0.000,1,1,0.0599,0.2548,-0.0072,0.0594
81,0,0,0,0.000,-0.039,-1.000,-1.000,1,1,0.000,0.000,0.000,1,0.000,1,1,0.0599,0.2548,-0.0072,0.0594
82,0,0,0,0.000,-0.039,-1.000,-1.000,1,1,0.000,0.000,0.000,1,0.000,1,1,0.0599,0.2548,-0.0072,0.0594
83,0,0,0,0.000,-0.039,-1.000,-1.000,1,1,0.000,0.000,0.000,1,0.000,1,1,0.0599,0.2548,-0.0072,0.0594
84,0,0,0,0.000,-0.039,-1.000,-1.000,1,1,0.000,0.000,0.000,1,0.000,1,1,0.0599,0.2548,-0.0072,0.0594
85,0,0,0,0.000,-0.039,-1.000,-1.000,1,1,0.000,0.000,0.000,1,0.000,1,1,0.0599,0.2548,-0.0072,0.0594
86,0,0,0,0.000,-0.039,-1.000,-1.000,1,1,0.000,0.000,0.000,1,0.000,1,1,0.0599,0.2548,-0.0072,0.0594
87,0,1,0,0.000,-0.039,-1.000,-1.000,1,1,-0.000,0.000,0.000,0,0.333,0,0,0.0591,0.2552,-0.0071,0.0593
88,0,1,0,0.000,-0.039,-1.000,-1.000,1,1,-0.000,0.000,0.000,0,0.667,0,0,0.0584,0.2549,-0.0069,0.0594
89,0,1,0,0.000,-0.039,-1.000,-1.000,1,1,-0.000,0.000,0.000,0,1.000,0,0,0.0576,0.2541,-0.0066,0.0591
90,0,1,0,0.000,-0.039,-1.000,-1.000,1,1,-0.000,0.000,0.000,0,1.000,0,0,0.0576,0.2522,-0.0054,0.0590
91,0,1,0,0.000,-0.039,-1.000,-1.000,1,1,-0.000,0.000,0.000,0,1.000,0,0,0.0576,0.2508,-0.0050,0.0587
92,0,1,0,0.000,-0.039,-1.000,-1.000,1,1,-0.000,0.000,0.000,0,1.000,0,0,0.0576,0.2501,-0.0044,0.0585
93,0,1,0,0.000,-0.039,-1.000,-1.000,1,1,-0.000,0.000,0.000,0,1.000,0,0,0.0576,0.2497,-0.0041,0.0583
94,0,1,0,0.000,-0.024,-1.000,-1.000,1,1,-0.000,0.000,0.000,0,1.000,0,0,0.0576,0.2497,-0.0041,0.0583
95,0,1,0,0.000,-0.024,-1.000,-1.000,1,1,-0.000,0.000,0.000,0,1.000,0,0,0.0576,0.2497,-0.0041,0.0583
96,0,1,0,0.000,-0.032,-1.000,-1.000,1,1,-0.000,0.000,0.000,0,1.000,0,0,0.0576,0.2497,-0.0041,0.0583
97,0,1,0,0.008,0.031,-1.000,-1.000,1,1,-0.000,0.000,0.000,0,1.000,0,0,0.0576,0.2497,-0.0041,0.0583
98,0,1,0,-0.024,1.000,-1.000,-1.000,1,1,-0.000,1.000,0.000,0,1.000,0,0,0.0576,0.2500,-0.0038,0.0583
99,0,1,0,-0.039,1.000,-1.000,-1.000,1,1,-0.000,1.000,0.000,0,1.000,0,0,0.0576,0.2508,-0.0025,0.0587
100,0,1,0,-0.095,0.370,-1.000,-1.000,1,1,-0.000,0.160,0.000,0,1.000,0,0,0.0576,0.2513,-0.0020,0.0591
101,0,1,0,0.008,-0.071,-1.000,-1.000,1,1,-0.000,0.000,0.000,0,1.000,0,0,0.0576,0.2513,-0.0018,0.0591
102,0,1,0,0.008,-0.039,-1.000,-1.000,1,1,-0.000,0.000,0.000,0,1.000,0,0,0.0576,0.2513,-0.0017,0.0591
103,0,1,0,-0.016,0.213,-1.000,-1.000,1,1,-0.000,0.000,0.000,0,1.000,0,0,0.0576,0.2514,-0.0017,0.0591
104,0,1,0,0.071,0.992,-1.000,-1.000,1,1,-0.000,0.989,0.000,0,1.000,0,0,0.0576,0.2517,-0.0014,0.0591
105,0,1,0,0.024,-0.087,-1.000,-1.000,1,1,-0.000,0.000,0.000,0,1.000,0,0,0.0576,0.2525,-0.0007,0.0596
106,0,1,0,0.039,-0.055,-1.000,-1.000,1,1,-0.000,0.000,0.000,0,1.000,0,0,0.0576,0.2523,-0.0007,0.0597
107,0,1,0,0.024,-0.047,-1.000,-0.181,1,1,-0.000,0.000,-0.358,0,1.000,0,0,0.0576,0.2524,-0.0006,0.0597
108,0,1,0,0.055,-0.047,-1.000,1.000,1,1,-0.000,0.000,-1.000,0,1.000,0,0,0.0576,0.2524,-0.0009,0.0592
109,0,1,0,0.071,-0.047,-1.000,1.000,1,1,-0.000,0.000,-1.000,0,1.000,0,0,0.0576,0.2525,-0.0010,0.0580
110,0,1,0,0.071,-0.047,-1.000,1.000,1,1,-0.000,0.000,-1.000,0,1.000,0,0,0.0576,0.2526,-0.0013,0.0570
111,0,1,0,0.063,-0.047,-1.000,1.000,1,1,-0.000,0.000,-1.000,0,1.000,0,0,0.0576,0.2526,-0.0016,0.0561
112,0,1,0,0.055,-0.047,-1.000,1.000,1,1,-0.000,0.000,-1.000,0,1.000,0,0,0.0576,0.2528,-0.0018,0.0557
113,0,1,0,0.047,-0.047,-1.000,1.000,1,1,-0.000,0.000,-1.000,0,1.000,0,0,0.0576,0.2529,-0.0019,0.0552
114,0,1,0,0.039,-0.047,-1.000,1.000,1,1,-0.000,0.000,-1.000,0,1.000,0,0,0.0576,0.2530,-0.0020,0.0548
115,0,1,0,0.039,-0.047,-1.000,1.000,1,1,-0.000,0.000,-1.000,0,1.000,0,0,0.0576,0.2531,-0.0022,0.0546
116,0,1,0,0.031,-0.047,-1.000,1.000,1,1,-0.000,0.000,-1.000,0,1.000,0,0,0.0576,0.2532,-0.0024,0.0544
117,0,1,0,0.031,-0.047,-1.000,1.000,1,1,-0.000,0.000,-1.000,0,1.000,0,0,0.0576,0.2532,-0.0025,0.0543
118,0,1,0,0.031,-0.047,-1.000,1.000,1,1,-0.000,0.000,-1.000,0,1.000,0,0,0.0576,0.2533,-0.0026,0.0543
119,0,1,0,0.031,-0.047,-1.000,1.000,1,1,-0.000,0.000,-1.000,1,1.000,1,0,0.0576,0.2533,-0.0026,0.0543
120,0,1,0,0.031,-0.047,-1.000,1.000,1,1,-0.000,0.000,-1.000,1,1.000,1,0,0.0576,0.2533,-0.0026,0.0543
121,0,1,0,0.031,-0.047,-1.000,1.000,1,1,-0.000,0.000,-1.000,1,1.000,1,0,0.0576,0.2533,-0.0026,0.0543
122,0,1,1,0.031,-0.047,-1.000,1.000,1,1,0.000,0.000,0.000,1,1.000,1,1,0.0576,0.2533,-0.0026,0.0543
123,1,1,0,0.008,-0.047,-1.000,-1.000,1,1,-0.000,0.000,0.000,0,0.333,0,0,0.0604,0.2472,-0.0079,0.0612
124,1,1,0,0.008,-0.047,-1.000,-1.000,1,1,-0.000,0.000,0.000,0,0.667,0,0,0.0590,0.2482,-0.0066,0.0603
125,1,1,0,0.008,-0.047,-1.000,-1.000,1,1,-0.000,0.000,0.000,0,1.000,0,0,0.0576,0.2488,-0.0050,0.0593
126,1,1,0,0.008,-0.047,-1.000,-1.000,1,1,-0.000,0.000,0.000,0,1.000,0,0,0.0576,0.2493,-0.0042,0.0586
127,1,1,0,0.008,-0.047,-1.000,-1.000,1,1,-0.000,0.000,0.000,0,1.000,0,0,0.0576,0.2492,-0.0043,0.0587
128,1,1,0,0.008,-0.047,-1.000,-1.000,1,1,-0.000,0.000,0.000,0,1.000,0,0,0.0576,0.2493,-0.0043,0.0587
129,1,1,0,0.008,-0.032,-1.000,-1.000,1,1,-0.000,0.000,0.000,0,1.000,0,0,0.0576,0.2493,-0.0043,0.0587
130,1,1,0,-0.095,0.118,-1.000,-1.000,1,1,-0.000,0.000,0.000,0,1.000,0,0,0.0576,0.2493,-0.0043,0.0587
131,1,1,0,-0.354,0.724,-1.000,-1.000,1,1,0.139,0.633,0.000,0,1.000,0,0,0.0576,0.2493,-0.0042,0.0588
132,1,1,0,-0.110,0.905,-1.000,-1.000,1,1,-0.000,0.874,0.000,0,1.000,0,0,0.0576,0.2492,-0.0032,0.0595
133,1,1,0,-0.016,-0.039,-1.000,-1.000,1,1,-0.000,0.000,0.000,0,1.000,0,0,0.0576,0.2489,-0.0028,0.0599
134,1,1,0,0.024,-0.039,-1.000,-1.000,1,1,-0.000,0.000,0.000,0,1.000,0,0,0.0576,0.2489,-0.0024,0.0599
135,1,1,0,0.024,-0.039,-1.000,-1.000,1,1,-0.000,0.000,0.000,0,1.000,0,0,0.0576,0.2489,-0.0024,0.0598
136,1,1,0,0.008,-0.032,-1.000,-1.000,1,1,-0.000,0.000,0.000,0,1.000,0,0,0.0576,0.2489,-0.0024,0.0598
137,1,1,0,-0.008,-0.039,-1.000,-1.000,1,1,-0.000,0.000,0.000,0,1.000,0,0,0.0576,0.2489,-0.0024,0.0598
138,1,1,0,-0.346,-0.024,-1.000,-1.000,1,1,0.129,0.000,0.000,0,1.000,0,0,0.0576,0.2490,-0.0024,0.0598
139,1,1,0,-1.000,-0.016,-1.000,-1.000,1,1,1.000,0.000,0.000,0,1.000,0,0,0.0576,0.2500,-0.0026,0.0599
140,1,1,0,-1.000,-0.016,-1.000,-1.000,1,1,1.000,0.000,0.000,0,1.000,0,0,0.0576,0.2523,-0.0031,0.0601
141,1,1,0,-0.307,-0.047,-1.000,-1.000,1,1,0.076,0.000,0.000,0,1.000,0,0,0.0576,0.2535,-0.0033,0.0604
142,1,1,0,-0.008,-0.032,-1.000,-1.000,1,1,-0.000,0.000,0.000,0,1.000,0,0,0.0576,0.2534,-0.0032,0.0603
143,1,1,0,0.008,-0.032,-1.000,-1.000,1,1,-0.000,0.000,0.000,0,1.000,0,0,0.0576,0.2535,-0.0032,0.0603
144,1,1,0,0.008,-0.032,-1.000,0.213,1,1,-0.000,0.000,-0.572,0,1.000,0,0,0.0576,0.2534,-0.0033,0.0604
145,1,1,0,0.016,-0.032,-1.000,1.000,1,1,-0.000,0.000,-1.000,0,1.000,0,0,0.0576,0.2532,-0.0038,0.0600
146,1,1,0,0.047,-0.039,-1.000,1.000,1,1,-0.000,0.000,-1.000,0,1.000,0,0,0.0576,0.2528,-0.0043,0.0591
147,1,1,0,0.047,-0.032,-1.000,1.000,1,1,-0.000,0.000,-1.000,0,1.000,0,0,0.0576,0.2526,-0.0047,0.0584
148,1,1,0,0.047,-0.032,-1.000,1.000,1,1,-0.000,0.000,-1.000,0,1.000,0,0,0.0576,0.2524,-0.0048,0.0581
149,1,1,0,0.047,-0.024,-1.000,1.000,1,1,-0.000,0.000,-1.000,0,1.000,0,0,0.0576,0.2522,-0.0050,0.0580
150,1,1,0,0.110,-0.024,-1.000,1.000,1,1,-0.000,0.000,-1.000,0,1.000,0,0,0.0576,0.2521,-0.0052,0.0577
151,1,1,0,0.795,-0.606,-1.000,1.000,1,1,-0.727,-0.475,-1.000,0,1.000,0,0,0.0576,0.2514,-0.0054,0.0573
152,1,1,0,0.803,-0.465,-1.000,1.000,1,1,-0.738,-0.286,-1.000,0,1.000,0,0,0.0576,0.2505,-0.0058,0.0571
153,1,1,0,0.622,0.850,-1.000,1.000,1,1,-0.496,0.800,-1.000,0,1.000,0,0,0.0576,0.2497,-0.0059,0.0570
154,1,1,0,0.268,1.000,-1.000,1.000,1,1,-0.024,1.000,-1.000,1,1.000,1,0,0.0576,0.2493,-0.0057,0.0572
155,1,1,0,0.220,1.000,-1.000,1.000,1,1,-0.000,1.000,-1.000,0,1.000,0,0,0.0576,0.2490,-0.0054,0.0573
156,1,1,0,0.291,1.000,-1.000,1.000,1,1,-0.055,1.000,-1.000,0,1.000,0,0,0.0576,0.2486,-0.0051,0.0574
157,1,1,0,0.016,0.031,-1.000,1.000,1,1,-0.000,0.000,-1.000,0,1.000,0,0,0.0576,0.2482,-0.0051,0.0572
158,1,1,0,0.134,0.205,-1.000,1.000,1,1,-0.000,0.000,-1.000,0,1.000,0,0,0.0576,0.2480,-0.0052,0.0571
159,1,1,0,0.110,1.000,-1.000,1.000,1,1,-0.000,1.000,-1.000,1,1.000,1,0,0.0576,0.2477,-0.0053,0.0572
160,1,1,0,0.110,1.000,-1.000,1.000,1,1,-0.000,1.000,-1.000,1,1.000,1,0,0.0576,0.2476,-0.0051,0.0574
161,1,1,0,0.110,1.000,-1.000,1.000,1,1,-0.000,1.000,-1.000,1,1.000,1,0,0.0576,0.2474,-0.0048,0.0574
162,1,1,0,-0.032,1.000,-1.000,1.000,1,1,-0.000,1.000,-1.000,1,1.000,1,0,0.0576,0.2471,-0.0045,0.0575
163,1,1,0,-0.032,1.000,-1.000,1.000,1,1,-0.000,1.000,-1.000,1,1.000,1,0,0.0576,0.2468,-0.0043,0.0576
164,1,1,0,-0.079,1.000,-1.000,1.000,1,1,-0.000,1.000,-1.000,1,1.000,1,0,0.0576,0.2466,-0.0040,0.0577
165,1,1,0,-0.150,1.000,-1.000,1.000,1,1,-0.000,1.000,-1.000,1,1.000,1,0,0.0576,0.2464,-0.0038,0.0578
166,1,1,0,-0.236,1.000,-1.000,1.000,1,1,-0.000,1.000,-1.000,1,1.000,1,0,0.0576,0.2464,-0.0036,0.0579
167,1,1,0,-0.236,1.000,-1.000,1.000,1,1,-0.000,1.000,-1.000,1,1.000,1,0,0.0576,0.2462,-0.0033,0.0581
168,1,1,0,-0.220,0.520,-1.000,-1.000,1,1,-0.000,0.360,0.000,1,1.000,1,0,0.0576,0.2457,-0.0028,0.0588
169,1,1,0,0.008,-0.008,-1.000,-1.000,1,1,-0.000,0.000,0.000,1,1.000,1,0,0.0576,0.2453,-0.0024,0.0590
170,1,1,1,0.008,-0.032,-1.000,-1.000,1,1,0.000,0.000,0.000,1,1.000,1,1,0.0576,0.2450,-0.0021,0.0591
171,2,1,0,0.008,-0.032,-1.000,-1.000,1,1,-0.000,0.000,0.000,0,0.333,0,0,0.0608,0.2480,-0.0050,0.0621
172,2,1,0,0.008,-0.032,-1.000,-1.000,1,1,-0.000,0.000,0.000,0,0.667,0,0,0.0592,0.2485,-0.0043,0.0604
173,2,1,0,0.008,-0.024,-1.000,-1.000,1,1,-0.000,0.000,0.000,0,1.000,0,0,0.0576,0.2491,-0.0042,0.0591
174,2,1,0,0.008,-0.024,-1.000,-1.000,1,1,-0.000,0.000,0.000,0,1.000,0,0,0.0576,0.2494,-0.0038,0.0582
175,2,1,0,0.008,-0.024,-1.000,-1.000,1,1,-0.000,0.000,0.000,0,1.000,0,0,0.0576,0.2494,-0.0039,0.0583
176,2,1,0,0.008,-0.024,-1.000,-1.000,1,1,-0.000,0.000,0.000,0,1.000,0,0,0.0576,0.2494,-0.0039,0.0583
177,2,1,0,0.008,0.008,-1.000,-1.000,1,1,-0.000,0.000,0.000,0,1.000,0,0,0.0576,0.2494,-0.0039,0.0584
178,2,1,0,0.126,0.472,-1.000,-1.000,1,1,-0.000,0.297,0.000,0,1.000,0,0,0.0576,0.2494,-0.0037,0.0584
179,2,1,0,0.339,0.976,-1.000,-1.000,1,1,-0.118,0.968,0.000,0,1.000,0,0,0.0576,0.2493,-0.0025,0.0587
180,2,1,0,0.283,0.559,-1.000,-1.000,1,1,-0.045,0.412,0.000,0,1.000,0,0,0.0576,0.2492,-0.0012,0.0589
181,2,1,0,0.008,-0.047,-1.000,-1.000,1,1,-0.000,0.000,0.000,0,1.000,0,0,0.0576,0.2492,-0.0005,0.0591
182,2,1,0,0.024,-0.047,-1.000,-1.000,1,1,-0.000,0.000,0.000,0,1.000,0,0,0.0576,0.2492,-0.0004,0.0590
183,2,1,0,0.047,-0.047,-1.000,-1.000,1,1,-0.000,0.000,0.000,0,1.000,0,0,0.0576,0.2492,-0.0004,0.0590
184,2,1,0,0.047,-0.047,-1.000,-1.000,1,1,-0.000,0.000,0.000,0,1.000,0,0,0.0576,0.2491,-0.0004,0.0590
185,2,1,0,0.016,-0.047,-1.000,-1.000,1,1,-0.000,0.000,0.000,0,1.000,0,0,0.0576,0.2491,-0.0004,0.0590
186,2,1,0,0.063,0.031,-1.000,-1.000,1,1,-0.000,0.000,0.000,0,1.000,0,0,0.0576,0.2491,-0.0004,0.0590
187,2,1,0,0.417,0.016,-1.000,-1.000,1,1,-0.223,0.000,0.000,0,1.000,0,0,0.0576,0.2491,-0.0004,0.0590
188,2,1,0,0.299,-0.039,-1.000,-1.000,1,1,-0.066,0.000,0.000,0,1.000,0,0,0.0576,0.2489,-0.0004,0.0589
189,2,1,0,0.000,-0.039,-1.000,1.000,1,1,-0.000,0.000,-1.000,0,1.000,0,0,0.0576,0.2488,-0.0005,0.0589
190,2,1,0,0.000,-0.039,-1.000,1.000,1,1,-0.000,0.000,-1.000,0,1.000,0,0,0.0576,0.2486,-0.0006,0.0589
191,2,1,0,0.000,-0.039,-1.000,1.000,1,1,-0.000,0.000,-1.000,0,1.000,0,0,0.0576,0.2484,-0.0008,0.0588
192,2,1,0,0.071,0.016,-1.000,1.000,1,1,-0.000,0.000,-1.000,0,1.000,0,0,0.0576,0.2483,-0.0009,0.0587
193,2,1,0,0.504,0.315,-1.000,1.000,1,1,-0.339,0.087,-1.000,0,1.000,0,0,0.0576,0.2479,-0.0011,0.0586
194,2,1,0,0.795,0.693,-1.000,1.000,1,1,-0.727,0.591,-1.000,0,1.000,0,0,0.0576,0.2473,-0.0009,0.0586
195,2,1,0,0.795,0.693,-1.000,1.000,1,1,-0.727,0.591,-1.000,0,1.000,0,0,0.0576,0.2468,-0.0006,0.0590
196,2,1,0,0.614,0.858,-1.000,1.000,1,1,-0.486,0.811,-1.000,0,1.000,0,0,0.0576,0.2467,-0.0004,0.0593
197,2,1,0,0.197,0.457,-1.000,1.000,1,1,-0.000,0.276,-1.000,0,1.000,0,0,0.0576,0.2467,-0.0002,0.0595
198,2,1,0,-0.016,-0.008,-1.000,-1.000,1,1,-0.000,0.000,0.000,0,1.000,0,0,0.0576,0.2466,-0.0001,0.0597
199,2,1,0,-0.016,-0.032,-1.000,-1.000,1,1,-0.000,0.000,0.000,0,1.000,0,0,0.0576,0.2464,-0.0000,0.0597
200,2,1,0,-0.039,-0.024,-1.000,-1.000,1,1,-0.000,0.000,0.000,0,1.000,0,0,0.0576,0.2463,0.0001,0.0598
201,2,1,0,-1.000,-0.032,-1.000,-1.000,1,1,1.000,0.000,0.000,1,1.000,1,0,0.0576,0.2465,0.0002,0.0598
202,2,1,0,-1.000,-0.032,-1.000,-1.000,1,1,1.000,0.000,0.000,1,1.000,1,0,0.0576,0.2470,0.0006,0.0597
203,2,1,0,-1.000,-0.032,-1.000,-1.000,1,1,1.000,0.000,0.000,0,1.000,0,0,0.0576,0.2481,0.0008,0.0598
204,2,1,0,-1.000,-0.032,-1.000,-1.000,1,1,1.000,0.000,0.000,0,1.000,0,0,0.0576,0.2497,0.0014,0.0600
205,2,1,0,-1.000,-0.032,-1.000,-1.000,1,1,1.000,0.000,0.000,0,1.000,0,0,0.0576,0.2511,0.0022,0.0599
206,2,1,0,-0.890,-0.110,-1.000,-1.000,1,1,0.853,0.000,0.000,0,1.000,0,0,0.0576,0.2529,0.0025,0.0602
207,2,1,0,0.016,-0.071,-1.000,-1.000,1,1,-0.000,0.000,0.000,0,1.000,0,0,0.0576,0.2532,0.0025,0.0602
208,2,1,0,0.024,-0.071,-1.000,-1.000,1,1,-0.000,0.000,0.000,0,1.000,0,0,0.0576,0.2532,0.0025,0.0602
209,2,1,0,0.016,-0.102,-1.000,-1.000,1,1,-0.000,0.000,0.000,0,1.000,0,0,0.0576,0.2533,0.0025,0.0602
210,2,1,0,0.008,-0.197,-1.000,-1.000,1,1,-0.000,0.000,0.000,0,1.000,0,0,0.0576,0.2533,0.0026,0.0603
211,2,1,0,0.118,-0.205,-1.000,-0.945,1,1,-0.000,0.000,0.000,0,1.000,0,0,0.0576,0.2533,0.0025,0.0603
212,2,1,0,0.118,-0.205,-1.000,1.000,1,1,-0.000,0.000,-1.000,0,1.000,0,0,0.0576,0.2532,0.0025,0.0603
213,2,1,0,0.165,-0.205,-1.000,1.000,1,1,-0.000,0.000,-1.000,0,1.000,0,0,0.0576,0.2531,0.0024,0.0602
214,2,1,0,0.165,-0.205,-1.000,1.000,1,1,-0.000,0.000,-1.000,0,1.000,0,0,0.0576,0.2530,0.0023,0.0601
215,2,1,0,0.535,-0.906,-1.000,1.000,1,1,-0.381,-0.874,-1.000,0,1.000,0,0,0.0576,0.2526,0.0014,0.0599
216,2,1,0,0.551,-0.921,-1.000,1.000,1,1,-0.402,-0.895,-1.000,0,1.000,0,0,0.0576,0.2516,-0.0007,0.0590
217,2,1,0,0.709,-0.756,-1.000,1.000,1,1,-0.612,-0.675,-1.000,0,1.000,0,0,0.0576,0.2507,-0.0026,0.0582
218,2,1,0,0.732,0.016,-1.000,1.000,1,1,-0.643,0.000,-1.000,0,1.000,0,0,0.0576,0.2495,-0.0038,0.0578
219,2,1,0,0.567,0.748,-1.000,1.000,1,1,-0.423,0.664,-1.000,0,1.000,0,0,0.0576,0.2489,-0.0037,0.0579
220,2,1,0,0.394,0.968,-1.000,1.000,1,1,-0.192,0.958,-1.000,0,1.000,0,0,0.0576,0.2482,-0.0028,0.0584
221,2,1,0,0.378,0.976,-1.000,1.000,1,1,-0.171,0.968,-1.000,0,1.000,0,0,0.0576,0.2480,-0.0016,0.0588
222,2,1,0,0.000,-0.047,-1.000,1.000,1,1,-0.000,0.000,-1.000,0,1.000,0,0,0.0576,0.2477,-0.0008,0.0590
223,2,1,0,0.008,-0.071,-1.000,1.000,1,1,-0.000,0.000,-1.000,0,1.000,0,0,0.0576,0.2473,-0.0005,0.0590
224,2,1,0,0.008,-0.071,-1.000,-0.669,1,1,-0.000,0.000,-0.093,0,1.000,0,0,0.0576,0.2470,-0.0006,0.0590
225,2,1,0,0.039,-0.071,-1.000,-1.000,1,1,-0.000,0.000,0.000,0,1.000,0,0,0.0576,0.2470,-0.0006,0.0589
226,2,1,0,0.039,-0.063,-1.000,-1.000,1,1,-0.000,0.000,0.000,0,1.000,0,0,0.0576,0.2470,-0.0006,0.0589
227,2,1,0,0.063,-0.024,-1.000,-1.000,1,1,-0.000,0.000,0.000,0,1.000,0,0,0.0576,0.2470,-0.0006,0.0589
228,2,1,0,0.441,0.441,-1.000,-1.000,1,1,-0.255,0.255,0.000,0,1.000,0,0,0.0576,0.2469,-0.0005,0.0589
229,2,1,0,0.575,0.701,-1.000,-1.000,1,1,-0.433,0.601,0.000,0,1.000,0,0,0.0576,0.2468,-0.0002,0.0592
230,2,1,0,0.079,-0.402,-1.000,-1.000,1,1,-0.000,-0.202,0.000,0,1.000,0,0,0.0576,0.2467,-0.0001,0.0594
231,2,1,0,-0.063,-1.000,-1.000,-1.000,1,1,-0.000,-1.000,0.000,0,1.000,0,0,0.0576,0.2463,-0.0005,0.0591
232,2,1,0,-0.063,-1.000,-1.000,-1.000,1,1,-0.000,-1.000,0.000,0,1.000,0,0,0.0576,0.2461,-0.0016,0.0588
233,2,1,0,-0.063,-1.000,-1.000,-1.000,1,1,-0.000,-1.000,0.000,0,1.000,0,0,0.0576,0.2462,-0.0032,0.0585
234,2,1,0,-0.063,-1.000,-1.000,-1.000,1,1,-0.000,-1.000,0.000,0,1.000,0,0,0.0576,0.2463,-0.0053,0.0585
235,2,1,0,-0.457,-0.945,-1.000,-1.000,1,1,0.276,-0.927,0.000,0,1.000,0,0,0.0576,0.2463,-0.0064,0.0589
236,2,1,0,-0.465,-0.945,-1.000,-1.000,1,1,0.286,-0.927,0.000,0,1.000,0,0,0.0576,0.2466,-0.0071,0.0591
237,2,1,0,-0.465,-0.945,-1.000,-1.000,1,1,0.286,-0.927,0.000,0,1.000,0,0,0.0576,0.2470,-0.0086,0.0592
238,2,1,0,-0.850,-0.472,-1.000,-1.000,1,1,0.801,-0.297,0.000,0,1.000,0,0,0.0576,0.2475,-0.0104,0.0594
239,2,1,0,-0.039,0.024,-1.000,-1.000,1,1,-0.000,0.000,0.000,0,1.000,0,0,0.0576,0.2480,-0.0120,0.0592
240,2,1,0,-0.024,-0.079,-1.000,-1.000,1,1,-0.000,0.000,0.000,0,1.000,0,0,0.0576,0.2481,-0.0132,0.0591
241,2,1,0,-0.158,-1.000,-1.000,-1.000,1,1,-0.000,-1.000,0.000,0,1.000,0,0,0.0576,0.2482,-0.0146,0.0590
242,2,1,0,-0.110,-1.000,-1.000,-1.000,1,1,-0.000,-1.000,0.000,0,1.000,0,0,0.0576,0.2482,-0.0160,0.0591
243,2,1,0,-0.110,-1.000,-1.000,-1.000,1,1,-0.000,-1.000,0.000,0,1.000,0,0,0.0576,0.2484,-0.0176,0.0591
244,2,1,0,-0.110,-1.000,-1.000,-1.000,1,1,-0.000,-1.000,0.000,0,1.000,0,0,0.0576,0.2487,-0.0190,0.0590
245,2,1,0,-0.142,-1.000,-1.000,-1.000,1,1,-0.000,-1.000,0.000,0,1.000,0,0,0.0576,0.2489,-0.0206,0.0591
246,2,1,0,-0.142,-1.000,-1.000,-1.000,1,1,-0.000,-1.000,0.000,0,1.000,0,0,0.0576,0.2490,-0.0217,0.0592
247,2,1,0,-0.142,-1.000,-1.000,-1.000,1,1,-0.000,-1.000,0.000,0,1.000,0,0,0.0576,0.2490,-0.0236,0.0587
248,2,1,0,-0.142,-1.000,-1.000,-1.000,1,1,-0.000,-1.000,0.000,0,1.000,0,0,0.0576,0.2491,-0.0250,0.0588
249,2,1,0,-0.142,-1.000,-1.000,-1.000,1,1,-0.000,-1.000,0.000,0,1.000,0,0,0.0576,0.2491,-0.0267,0.0585
250,2,1,0,-0.142,-1.000,-1.000,-1.000,1,1,-0.000,-1.000,0.000,0,1.000,0,0,0.0576,0.2490,-0.0278,0.0570
251,2,1,0,-0.142,-1.000,-1.000,-1.000,1,1,-0.000,-1.000,0.000,0,1.000,0,0,0.0576,0.2488,-0.0292,0.0555
252,2,1,0,-0.559,-0.890,-1.000,-1.000,1,1,0.412,-0.853,0.000,0,1.000,0,0,0.0576,0.2489,-0.0299,0.0541
253,2,1,0,-0.606,-0.858,-1.000,-1.000,1,1,0.475,-0.811,0.000,0,1.000,0,0,0.0576,0.2493,-0.0311,0.0526
254,2,1,0,-0.551,-0.402,-1.000,-1.000,1,1,0.402,-0.202,0.000,0,1.000,0,0,0.0576,0.2500,-0.0318,0.0513
255,2,1,0,0.000,-0.087,-1.000,-1.000,1,1,-0.000,0.000,0.000,0,1.000,0,0,0.0576,0.2505,-0.0324,0.0505
256,2,1,0,0.008,-0.087,-1.000,-1.000,1,1,-0.000,0.000,0.000,0,1.000,0,0,0.0576,0.2510,-0.0331,0.0500
257,2,1,0,0.008,-0.063,-1.000,-1.000,1,1,-0.000,0.000,0.000,0,1.000,0,0,0.0576,0.2514,-0.0336,0.0498
258,2,1,0,-0.008,-0.063,1.000,-1.000,1,1,-0.000,0.000,1.000,0,0.856,0,0,0.0583,0.2516,-0.0337,0.0491
259,2,1,0,-0.008,-0.063,1.000,-1.000,1,1,-0.000,0.000,1.000,0,0.711,0,0,0.0590,0.2518,-0.0338,0.0498
260,2,1,0,-0.032,-0.063,1.000,-1.000,1,1,-0.000,0.000,1.000,0,0.567,0,0,0.0597,0.2520,-0.0338,0.0507
261,2,1,0,-0.055,-0.032,1.000,-1.000,1,1,-0.000,0.000,1.000,0,0.423,0,0,0.0603,0.2521,-0.0337,0.0514
262,2,1,0,-0.055,-0.039,1.000,-1.000,1,1,-0.000,0.000,1.000,0,0.278,0,0,0.0610,0.2522,-0.0336,0.0521
263,2,1,0,-0.126,-0.921,1.000,-1.000,1,1,-0.000,-0.895,1.000,0,0.112,0,0,0.0618,0.2523,-0.0341,0.0527
264,2,1,0,-0.126,-1.000,1.000,-1.000,1,1,-0.000,-1.000,1.000,0,0.000,0,0,0.0623,0.2524,-0.0348,0.0532
265,2,1,0,-0.126,-1.000,1.000,-1.000,1,1,-0.000,-1.000,1.000,0,0.000,0,0,0.0623,0.2526,-0.0349,0.0531
266,2,1,0,-0.158,-1.000,1.000,-1.000,1,1,-0.000,-1.000,1.000,0,0.000,0,0,0.0623,0.2529,-0.0348,0.0526
267,2,1,0,-0.685,-0.780,1.000,-1.000,1,1,0.580,-0.706,1.000,0,0.000,0,0,0.0623,0.2540,-0.0348,0.0524
268,2,1,0,-0.724,-0.764,1.000,-1.000,1,1,0.633,-0.685,1.000,0,0.000,0,0,0.0623,0.2558,-0.0350,0.0524
269,2,1,0,-0.724,-0.764,1.000,-1.000,1,1,0.633,-0.685,1.000,0,0.000,0,0,0.0623,0.2574,-0.0349,0.0524
270,2,1,0,-0.693,-0.772,1.000,-1.000,1,1,0.591,-0.696,1.000,0,0.000,0,0,0.0623,0.2593,-0.0349,0.0524
271,2,1,0,-0.693,-0.772,1.000,-1.000,1,1,0.591,-0.696,1.000,0,0.000,0,0,0.0623,0.2610,-0.0349,0.0525
272,2,1,0,-0.693,-0.772,1.000,-1.000,1,1,0.591,-0.696,1.000,0,0.000,0,0,0.0623,0.2626,-0.0349,0.0525
273,2,1,0,-0.693,-0.772,1.000,-1.000,1,1,0.591,-0.696,1.000,0,0.000,0,0,0.0623,0.2645,-0.0349,0.0525
274,2,1,0,-0.551,-0.890,1.000,-1.000,1,1,0.402,-0.853,1.000,0,0.000,0,0,0.0623,0.2660,-0.0349,0.0525
275,2,1,0,-0.409,-0.961,1.000,-1.000,1,1,0.213,-0.948,1.000,0,0.000,0,0,0.0623,0.2671,-0.0349,0.0522
276,2,1,0,-0.661,-0.803,1.000,-1.000,1,1,0.549,-0.738,1.000,0,0.000,0,0,0.0623,0.2682,-0.0349,0.0520
277,2,1,0,-0.732,-0.756,1.000,-1.000,1,1,0.643,-0.675,1.000,0,0.000,0,0,0.0623,0.2701,-0.0349,0.0522
278,2,1,0,-0.732,-0.756,1.000,-1.000,1,1,0.643,-0.675,1.000,0,0.000,0,0,0.0623,0.2719,-0.0349,0.0522
279,2,1,0,-0.850,-0.606,1.000,-1.000,1,1,0.801,-0.475,1.000,0,0.000,0,0,0.0623,0.2739,-0.0350,0.0523
280,2,1,0,-0.890,-0.535,1.000,-1.000,1,1,0.853,-0.381,1.000,0,0.000,0,0,0.0623,0.2761,-0.0349,0.0526
281,2,1,0,-0.913,-0.520,1.000,-1.000,1,1,0.885,-0.360,1.000,0,0.000,0,0,0.0623,0.2778,-0.0349,0.0529
282,2,1,0,-0.913,-0.520,1.000,-1.000,1,1,0.885,-0.360,1.000,0,0.000,0,0,0.0623,0.2778,-0.0349,0.0530
283,2,1,0,-0.913,-0.520,1.000,-1.000,1,1,0.885,-0.360,1.000,0,0.000,0,0,0.0623,0.2779,-0.0350,0.0533
284,2,1,0,-0.913,-0.520,1.000,-1.000,1,1,0.885,-0.360,1.000,0,0.000,0,0,0.0623,0.2780,-0.0350,0.0537
285,2,1,0,-0.913,-0.520,1.000,-1.000,1,1,0.885,-0.360,1.000,0,0.000,0,0,0.0623,0.2781,-0.0350,0.0540
286,2,1,0,-0.913,-0.520,1.000,-1.000,1,1,0.885,-0.360,1.000,0,0.000,0,0,0.0623,0.2781,-0.0350,0.0543
287,2,1,0,-0.913,-0.520,1.000,-1.000,1,1,0.885,-0.360,1.000,0,0.000,0,0,0.0623,0.2781,-0.0350,0.0546
288,2,1,0,-0.945,-0.480,1.000,-1.000,1,1,0.927,-0.307,1.000,0,0.000,0,0,0.0623,0.2782,-0.0350,0.0549
289,2,1,0,-0.945,-0.480,1.000,-1.000,1,1,0.927,-0.307,1.000,0,0.000,0,0,0.0623,0.2782,-0.0350,0.0553
290,2,1,0,-0.945,-0.480,1.000,-1.000,1,1,0.927,-0.307,1.000,0,0.000,0,0,0.0623,0.2782,-0.0350,0.0556
291,2,1,0,-0.945,-0.488,1.000,-1.000,1,1,0.927,-0.318,1.000,0,0.000,0,0,0.0623,0.2783,-0.0350,0.0560
292,2,1,0,-0.945,-0.480,1.000,-1.000,1,1,0.927,-0.307,1.000,0,0.000,0,0,0.0623,0.2783,-0.0350,0.0564
293,2,1,0,-0.945,-0.488,1.000,-1.000,1,1,0.927,-0.318,1.000,0,0.000,0,0,0.0623,0.2783,-0.0351,0.0568
294,2,1,0,-0.945,-0.488,1.000,-1.000,1,1,0.927,-0.318,1.000,0,0.000,0,0,0.0623,0.2783,-0.0350,0.0571
295,2,1,0,-0.945,-0.488,1.000,-1.000,1,1,0.927,-0.318,1.000,0,0.000,0,0,0.0623,0.2784,-0.0351,0.0574
296,2,1,0,-0.945,-0.488,1.000,-1.000,1,1,0.927,-0.318,1.000,0,0.000,0,0,0.0623,0.2784,-0.0350,0.0578
297,2,1,0,-0.299,-0.339,-1.000,-1.000,1,1,0.066,-0.118,0.000,0,0.327,0,0,0.0608,0.2784,-0.0349,0.0579
298,2,1,0,0.016,-0.063,-1.000,-1.000,1,1,-0.000,0.000,0.000,0,0.660,0,0,0.0592,0.2786,-0.0344,0.0564
299,2,1,0,0.016,-0.047,-1.000,-1.000,1,1,-0.000,0.000,0.000,0,0.994,0,0,0.0577,0.2790,-0.0340,0.0547
300,2,1,0,0.016,-0.047,-1.000,-1.000,1,1,-0.000,0.000,0.000,0,1.000,0,0,0.0576,0.2791,-0.0337,0.0536
301,2,1,0,0.016,-0.047,-1.000,-1.000,1,1,-0.000,0.000,0.000,0,1.000,0,0,0.0576,0.2791,-0.0339,0.0536
302,2,1,0,0.008,-0.039,-1.000,-1.000,1,1,-0.000,0.000,0.000,0,1.000,0,0,0.0576,0.2791,-0.0339,0.0537
303,2,1,0,0.000,-0.039,1.000,-1.000,1,1,-0.000,0.000,1.000,0,0.856,0,0,0.0583,0.2791,-0.0338,0.0540
304,2,1,0,-0.008,-0.039,1.000,-1.000,1,1,-0.000,0.000,1.000,0,0.711,0,0,0.0590,0.2791,-0.0339,0.0549
305,2,1,0,-0.008,-0.039,1.000,-1.000,1,1,-0.000,0.000,1.000,0,0.567,0,0,0.0597,0.2790,-0.0339,0.0556
306,2,1,0,-0.016,-0.039,1.000,-1.000,1,1,-0.000,0.000,1.000,0,0.423,0,0,0.0603,0.2788,-0.0338,0.0563
307,2,1,0,-0.016,-0.039,1.000,-1.000,1,1,-0.000,0.000,1.000,0,0.278,0,0,0.0610,0.2787,-0.0337,0.0572
308,2,1,0,-0.016,-0.039,1.000,-1.000,1,1,-0.000,0.000,1.000,0,0.134,0,0,0.0617,0.2786,-0.0336,0.0579
309,2,1,0,-0.016,-0.039,1.000,-1.000,1,1,-0.000,0.000,1.000,0,0.000,0,0,0.0623,0.2785,-0.0336,0.0587
310,2,1,0,-0.016,-0.039,1.000,-1.000,1,1,-0.000,0.000,1.000,0,0.000,0,0,0.0623,0.2784,-0.0334,0.0593
311,2,1,0,-0.016,-0.039,1.000,-1.000,1,1,-0.000,0.000,1.000,0,0.000,0,0,0.0623,0.2784,-0.0331,0.0593
312,2,1,0,-0.016,-0.039,1.000,-1.000,1,1,-0.000,0.000,1.000,0,0.000,0,0,0.0623,0.2784,-0.0328,0.0594
313,2,1,0,-0.016,-0.039,1.000,-1.000,1,1,-0.000,0.000,1.000,0,0.000,0,0,0.0623,0.2784,-0.0326,0.0595
314,2,1,0,-0.016,-0.039,1.000,-1.000,1,1,-0.000,0.000,1.000,0,0.000,0,0,0.0623,0.2784,-0.0323,0.0596
315,2,1,0,-0.016,-0.039,1.000,-1.000,1,1,-0.000,0.000,1.000,0,0.000,0,0,0.0623,0.2784,-0.0321,0.0598
316,2,1,0,-0.016,-0.039,1.000,-1.000,1,1,-0.000,0.000,1.000,0,0.000,0,0,0.0623,0.2784,-0.0318,0.0599
317,2,1,0,-0.016,-0.039,1.000,-1.000,1,1,-0.000,0.000,1.000,0,0.000,0,0,0.0623,0.2784,-0.0316,0.0601
318,2,1,0,-0.016,-0.039,1.000,-1.000,1,1,-0.000,0.000,1.000,0,0.000,0,0,0.0623,0.2785,-0.0313,0.0602
319,2,1,0,-0.016,-0.039,1.000,-1.000,1,1,-0.000,0.000,1.000,0,0.000,0,0,0.0623,0.2785,-0.0310,0.0602
320,2,1,0,0.000,-0.047,-1.000,-1.000,1,1,-0.000,0.000,0.000,0,0.333,0,0,0.0608,0.2787,-0.0309,0.0600
321,2,1,0,0.008,-0.063,-1.000,-1.000,1,1,-0.000,0.000,0.000,0,0.667,0,0,0.0592,0.2788,-0.0303,0.0584
322,2,1,0,0.008,-0.102,-1.000,-1.000,1,1,-0.000,0.000,0.000,0,1.000,0,0,0.0576,0.2791,-0.0298,0.0566
323,2,1,0,0.008,-0.764,-1.000,-1.000,1,1,-0.000,-0.685,0.000,0,1.000,0,0,0.0576,0.2792,-0.0304,0.0553
324,2,1,0,0.008,-1.000,-1.000,-1.000,1,1,-0.000,-1.000,0.000,0,1.000,0,0,0.0576,0.2791,-0.0319,0.0552
325,3,1,0,0.008,-1.000,-1.000,-1.000,1,1,-0.000,-1.000,0.000,0,0.333,0,0,0.0615,0.2481,-0.0041,0.0629
326,3,1,0,0.008,-0.032,-1.000,-1.000,1,1,-0.000,0.000,0.000,0,0.667,0,0,0.0596,0.2486,-0.0053,0.0614
327,3,1,0,0.008,-0.032,-1.000,-1.000,1,1,-0.000,0.000,0.000,0,1.000,0,0,0.0576,0.2489,-0.0059,0.0596
328,3,1,0,0.008,-0.032,-1.000,-1.000,1,1,-0.000,0.000,0.000,0,1.000,0,0,0.0576,0.2494,-0.0062,0.0591
329,3,1,0,0.008,-0.032,-1.000,-1.000,1,1,-0.000,0.000,0.000,0,1.000,0,0,0.0576,0.2493,-0.0062,0.0591
330,3,1,0,0.008,-0.039,-1.000,-1.000,1,1,-0.000,0.000,0.000,0,1.000,0,0,0.0576,0.2493,-0.0063,0.0592
331,3,1,0,0.008,-0.039,-1.000,-1.000,1,1,-0.000,0.000,0.000,0,1.000,0,0,0.0576,0.2493,-0.0063,0.0592
332,3,1,0,0.016,0.063,-1.000,-1.000,1,1,-0.000,0.000,0.000,0,1.000,0,0,0.0576,0.2493,-0.0063,0.0592
333,3,1,0,0.291,0.992,-1.000,-1.000,1,1,-0.055,0.989,0.000,0,1.000,0,0,0.0576,0.2493,-0.0055,0.0591
334,3,1,0,0.291,0.992,-1.000,-1.000,1,1,-0.055,0.989,0.000,0,1.000,0,0,0.0576,0.2494,-0.0039,0.0587
335,3,1,0,0.291,0.992,-1.000,-1.000,1,1,-0.055,0.989,0.000,0,1.000,0,0,0.0576,0.2494,-0.0023,0.0587
336,3,1,0,-0.008,-0.055,-1.000,-1.000,1,1,-0.000,0.000,0.000,0,1.000,0,0,0.0576,0.2494,-0.0011,0.0585
337,3,1,0,0.008,-0.063,-1.000,-1.000,1,1,-0.000,0.000,0.000,0,1.000,0,0,0.0576,0.2494,-0.0003,0.0582
338,3,1,0,0.008,-0.063,-1.000,-1.000,1,1,-0.000,0.000,0.000,0,1.000,0,0,0.0576,0.2494,-0.0002,0.0581
339,3,1,0,0.008,-0.063,-1.000,-1.000,1,1,-0.000,0.000,0.000,0,1.000,0,0,0.0576,0.2493,-0.0002,0.0581
340,3,1,0,0.008,-0.063,-1.000,-1.000,1,1,-0.000,0.000,0.000,0,1.000,0,0,0.0576,0.2493,-0.0002,0.0581
341,3,1,0,0.008,-0.063,-1.000,0.929,1,1,-0.000,0.000,-0.961,0,1.000,0,0,0.0576,0.2493,-0.0001,0.0581
342,3,1,0,0.008,-0.063,-1.000,1.000,1,1,-0.000,0.000,-1.000,0,1.000,0,0,0.0576,0.2492,-0.0000,0.0581
343,3,1,0,0.008,-0.063,-1.000,1.000,1,1,-0.000,0.000,-1.000,0,1.000,0,0,0.0576,0.2492,0.0000,0.0581
344,3,1,0,0.008,-0.063,-1.000,1.000,1,1,-0.000,0.000,-1.000,0,1.000,0,0,0.0576,0.2491,0.0001,0.0581
345,3,1,0,0.008,-0.063,-1.000,1.000,1,1,-0.000,0.000,-1.000,0,1.000,0,0,0.0576,0.2491,0.0004,0.0580
346,3,1,0,0.339,0.165,-1.000,1.000,1,1,-0.118,0.000,-1.000,0,1.000,0,0,0.0576,0.2490,0.0005,0.0580
347,3,1,0,0.905,0.559,-1.000,-1.000,1,1,-0.874,0.412,0.000,0,1.000,0,0,0.0576,0.2487,0.0005,0.0581
348,3,1,0,0.827,0.630,-1.000,-1.000,1,1,-0.769,0.507,0.000,0,1.000,0,0,0.0576,0.2484,0.0005,0.0583
349,3,1,0,0.622,0.701,-1.000,-1.000,1,1,-0.496,0.601,0.000,0,1.000,0,0,0.0576,0.2483,0.0006,0.0584
350,3,1,0,0.008,-0.039,-1.000,-1.000,1,1,-0.000,0.000,0.000,0,1.000,0,0,0.0576,0.2482,0.0007,0.0586
351,3,1,0,0.008,-0.039,-1.000,-1.000,1,1,-0.000,0.000,0.000,0,1.000,0,0,0.0576,0.2482,0.0007,0.0586
352,3,1,0,-0.024,-0.039,-1.000,-1.000,1,1,-0.000,0.000,0.000,0,1.000,0,0,0.0576,0.2481,0.0008,0.0586
353,3,1,0,-0.984,-0.268,-1.000,-1.000,1,1,0.979,-0.024,0.000,0,1.000,0,0,0.0576,0.2483,0.0009,0.0586
354,3,1,0,-0.992,-0.268,-1.000,-1.000,1,1,0.990,-0.024,0.000,0,1.000,0,0,0.0576,0.2488,0.0011,0.0585
355,3,1,0,-0.984,-0.276,-1.000,-1.000,1,1,0.979,-0.034,0.000,0,1.000,0,0,0.0576,0.2499,0.0021,0.0583
356,3,1,0,-0.984,-0.276,-1.000,-1.000,1,1,0.979,-0.034,0.000,0,1.000,0,0,0.0576,0.2513,0.0029,0.0581
357,3,1,0,-0.984,-0.276,-1.000,-1.000,1,1,0.979,-0.034,0.000,0,1.000,0,0,0.0576,0.2531,0.0033,0.0584
358,3,1,0,0.008,-0.039,-1.000,-1.000,1,1,-0.000,0.000,0.000,0,1.000,0,0,0.0576,0.2536,0.0034,0.0585
359,3,1,0,0.016,-0.079,-1.000,-1.000,1,1,-0.000,0.000,0.000,0,1.000,0,0,0.0576,0.2536,0.0034,0.0585
360,3,1,0,0.031,-0.095,-1.000,-1.000,1,1,-0.000,0.000,0.000,0,1.000,0,0,0.0576,0.2536,0.0035,0.0585
361,3,1,0,0.031,-0.102,-1.000,-1.000,1,1,-0.000,0.000,0.000,0,1.000,0,0,0.0576,0.2536,0.0034,0.0585
362,3,1,0,0.055,-0.055,-1.000,-1.000,1,1,-0.000,0.000,0.000,0,1.000,0,0,0.0576,0.2536,0.0035,0.0585
363,3,1,0,1.000,0.102,-1.000,-1.000,1,1,-1.000,0.000,0.000,0,1.000,0,0,0.0576,0.2529,0.0034,0.0584
364,3,1,0,0.976,-0.024,-1.000,-1.000,1,1,-0.968,0.000,0.000,0,1.000,0,0,0.0576,0.2513,0.0033,0.0583
365,3,1,0,0.031,-0.087,-1.000,-1.000,1,1,-0.000,0.000,0.000,0,1.000,0,0,0.0576,0.2508,0.0032,0.0584
366,3,1,0,0.024,-0.055,-1.000,-1.000,1,1,-0.000,0.000,0.000,0,1.000,0,0,0.0576,0.2507,0.0033,0.0584
367,3,1,0,0.016,-0.055,-1.000,-1.000,1,1,-0.000,0.000,0.000,0,1.000,0,0,0.0576,0.2507,0.0033,0.0584
368,3,1,0,0.016,-0.055,-1.000,0.283,1,1,-0.000,0.000,-0.611,0,1.000,0,0,0.0576,0.2507,0.0033,0.0583
369,3,1,0,0.016,-0.055,-1.000,1.000,1,1,-0.000,0.000,-1.000,0,1.000,0,0,0.0576,0.2507,0.0034,0.0583
370,3,1,0,0.016,-0.055,-1.000,1.000,1,1,-0.000,0.000,-1.000,0,1.000,0,0,0.0576,0.2506,0.0034,0.0584
371,3,1,0,0.079,-0.110,-1.000,1.000,1,1,-0.000,0.000,-1.000,0,1.000,0,0,0.0576,0.2506,0.0035,0.0585
372,3,1,0,0.520,-0.945,-1.000,1.000,1,1,-0.360,-0.927,-1.000,0,1.000,0,0,0.0576,0.2503,0.0032,0.0584
373,3,1,0,0.520,-0.945,-1.000,1.000,1,1,-0.360,-0.927,-1.000,0,1.000,0,0,0.0576,0.2494,0.0022,0.0581
374,3,1,0,0.039,-0.024,-1.000,1.000,1,1,-0.000,0.000,-1.000,0,1.000,0,0,0.0576,0.2488,0.0014,0.0577
375,3,1,0,0.008,-0.016,-1.000,1.000,1,1,-0.000,0.000,-1.000,0,1.000,0,0,0.0576,0.2488,0.0015,0.0577
376,3,1,0,0.016,-0.016,-1.000,1.000,1,1,-0.000,0.000,-1.000,0,1.000,0,0,0.0576,0.2488,0.0016,0.0577
377,3,1,0,0.047,0.016,-1.000,1.000,1,1,-0.000,0.000,-1.000,0,1.000,0,0,0.0576,0.2487,0.0017,0.0577
378,3,1,0,0.213,0.118,-1.000,1.000,1,1,-0.000,0.000,-1.000,0,1.000,0,0,0.0576,0.2486,0.0018,0.0577
379,3,1,0,1.000,0.236,-1.000,1.000,1,1,-1.000,0.000,-1.000,0,1.000,0,0,0.0576,0.2481,0.0017,0.0578
380,3,1,0,1.000,-0.158,-1.000,1.000,1,1,-1.000,0.000,-1.000,0,1.000,0,0,0.0576,0.2476,0.0016,0.0579
381,3,1,0,1.000,-0.228,-1.000,1.000,1,1,-1.000,0.000,-1.000,0,1.000,0,0,0.0576,0.2472,0.0014,0.0580
382,3,1,0,0.575,-0.228,-1.000,-0.339,1,1,-0.433,0.000,-0.273,1,1.000,1,0,0.0576,0.2469,0.0013,0.0581
383,3,1,0,0.047,-0.039,-1.000,-1.000,1,1,-0.000,0.000,0.000,1,1.000,1,0,0.0576,0.2467,0.0013,0.0581
384,3,1,0,-0.024,-0.039,-1.000,-1.000,1,1,-0.000,0.000,0.000,1,1.000,1,0,0.0576,0.2464,0.0013,0.0581
385,3,1,0,-0.071,-0.032,-1.000,-1.000,1,1,-0.000,0.000,0.000,1,1.000,1,0,0.0576,0.2462,0.0014,0.0580
386,3,1,0,-0.787,-0.087,-1.000,-1.000,1,1,0.717,0.000,0.000,1,1.000,1,0,0.0576,0.2462,0.0015,0.0580
387,3,1,0,-1.000,-0.032,-1.000,-1.000,1,1,1.000,0.000,0.000,1,1.000,1,0,0.0576,0.2464,0.0017,0.0580
388,3,1,0,-1.000,-0.032,-1.000,-1.000,1,1,1.000,0.000,0.000,1,1.000,1,0,0.0576,0.2471,0.0020,0.0577
389,3,1,0,-0.016,-0.032,-1.000,-1.000,1,1,-0.000,0.000,0.000,1,1.000,1,0,0.0576,0.2474,0.0022,0.0574
390,3,1,0,0.008,-0.032,-1.000,-1.000,1,1,-0.000,0.000,0.000,0,1.000,0,0,0.0576,0.2474,0.0021,0.0575
391,3,1,0,0.008,-0.039,-1.000,-1.000,1,1,-0.000,0.000,0.000,0,1.000,0,0,0.0576,0.2474,0.0021,0.0575
392,3,1,0,-0.764,-0.165,-1.000,-1.000,1,1,0.685,0.000,0.000,0,1.000,0,0,0.0576,0.2478,0.0022,0.0575
393,3,1,0,-1.000,-0.165,-1.000,-1.000,1,1,1.000,0.000,0.000,0,1.000,0,0,0.0576,0.2489,0.0023,0.0576
394,3,1,0,-0.685,-0.165,-1.000,-1.000,1,1,0.580,0.000,0.000,0,1.000,0,0,0.0576,0.2498,0.0025,0.0578
395,3,1,0,0.016,-0.102,-1.000,-1.000,1,1,-0.000,0.000,0.000,0,1.000,0,0,0.0576,0.2502,0.0027,0.0577
396,3,1,0,0.031,-0.102,-1.000,-1.000,1,1,-0.000,0.000,0.000,0,1.000,0,0,0.0576,0.2502,0.0027,0.0577
397,3,1,0,0.031,-0.102,-1.000,0.016,1,1,-0.000,0.000,-0.465,0,1.000,0,0,0.0576,0.2502,0.0027,0.0577
398,3,1,0,0.016,-0.102,-1.000,1.000,1,1,-0.000,0.000,-1.000,0,1.000,0,0,0.0576,0.2501,0.0027,0.0578
399,3,1,0,0.126,-0.134,-1.000,1.000,1,1,-0.000,0.000,-1.000,0,1.000,0,0,0.0576,0.2501,0.0028,0.0578
400,3,1,0,0.882,-0.622,-1.000,1.000,1,1,-0.842,-0.496,-1.000,0,1.000,0,0,0.0576,0.2494,0.0026,0.0578
401,3,1,0,0.882,-0.622,-1.000,1.000,1,1,-0.842,-0.496,-1.000,0,1.000,0,0,0.0576,0.2482,0.0021,0.0577
402,3,1,0,0.630,-0.882,-1.000,1.000,1,1,-0.507,-0.843,-1.000,0,1.000,0,0,0.0576,0.2472,0.0012,0.0576
403,3,1,0,0.913,-0.598,-1.000,-1.000,1,1,-0.884,-0.465,0.000,0,1.000,0,0,0.0576,0.2461,0.0002,0.0576
404,3,1,0,0.614,0.157,-1.000,-1.000,1,1,-0.486,0.000,0.000,0,1.000,0,0,0.0576,0.2451,-0.0002,0.0579
405,3,1,0,0.039,-0.008,-1.000,-1.000,1,1,-0.000,0.000,0.000,1,1.000,1,0,0.0576,0.2449,-0.0002,0.0580
406,3,1,0,0.591,0.772,-1.000,-1.000,1,1,-0.454,0.696,0.000,1,1.000,1,0,0.0576,0.2449,0.0000,0.0580
407,3,1,0,0.638,0.850,-1.000,-1.000,1,1,-0.517,0.800,0.000,1,1.000,1,0,0.0576,0.2452,0.0003,0.0582
408,3,1,0,0.638,0.842,-1.000,-1.000,1,1,-0.517,0.790,0.000,1,1.000,1,0,0.0576,0.2455,0.0005,0.0585
409,3,1,0,0.008,-0.063,-1.000,-1.000,1,1,-0.000,0.000,0.000,1,1.000,1,0,0.0576,0.2456,0.0006,0.0586
410,3,1,0,0.000,-0.016,-1.000,-1.000,1,1,-0.000,0.000,0.000,1,1.000,1,0,0.0576,0.2456,0.0007,0.0586
411,3,1,0,0.063,0.803,-1.000,-1.000,1,1,-0.000,0.738,0.000,1,1.000,1,0,0.0576,0.2458,0.0008,0.0586
412,3,1,0,0.110,1.000,-1.000,-1.000,1,1,-0.000,1.000,0.000,1,1.000,1,0,0.0576,0.2461,0.0009,0.0588
413,3,1,0,0.173,0.984,-1.000,-1.000,1,1,-0.000,0.979,0.000,1,1.000,1,0,0.0576,0.2465,0.0010,0.0589
414,3,1,0,0.110,0.252,-1.000,-1.000,1,1,-0.000,0.003,0.000,0,1.000,0,0,0.0576,0.2467,0.0011,0.0590
415,3,1,0,0.008,-0.016,-1.000,-1.000,1,1,-0.000,0.000,0.000,0,1.000,0,0,0.0576,0.2468,0.0012,0.0591
416,3,1,0,-0.008,-0.016,-1.000,-1.000,1,1,-0.000,0.000,0.000,0,1.000,0,0,0.0576,0.2469,0.0012,0.0591
417,3,1,0,-0.039,-0.016,-1.000,-1.000,1,1,-0.000,0.000,0.000,0,1.000,0,0,0.0576,0.2469,0.0012,0.0591
418,3,1,0,-0.039,-0.016,-1.000,-1.000,1,1,-0.000,0.000,0.000,0,1.000,0,0,0.0576,0.2469,0.0012,0.0591
419,3,1,0,0.000,-0.016,-1.000,-1.000,1,1,-0.000,0.000,0.000,0,1.000,0,0,0.0576,0.2469,0.0013,0.0592
420,3,1,1,0.016,-0.047,-1.000,-1.000,1,1,0.000,0.000,0.000,1,1.000,1,1,0.0576,0.2469,0.0013,0.0592
421,4,1,0,0.000,-0.047,-1.000,-1.000,1,1,-0.000,0.000,0.000,0,0.333,0,0,0.0593,0.2488,-0.0025,0.0598
422,4,1,0,0.000,-0.047,-1.000,-1.000,1,1,-0.000,0.000,0.000,0,0.667,0,0,0.0585,0.2494,-0.0030,0.0591
423,4,1,0,0.000,-0.016,-1.000,-1.000,1,1,-0.000,0.000,0.000,0,1.000,0,0,0.0576,0.2494,-0.0034,0.0583
424,4,1,0,0.008,0.008,-1.000,-1.000,1,1,-0.000,0.000,0.000,0,1.000,0,0,0.0576,0.2495,-0.0036,0.0581
425,4,1,0,0.008,0.008,-1.000,-1.000,1,1,-0.000,0.000,0.000,0,1.000,0,0,0.0576,0.2495,-0.0037,0.0581
426,4,1,0,0.008,0.008,-1.000,-1.000,1,1,-0.000,0.000,0.000,0,1.000,0,0,0.0576,0.2496,-0.0037,0.0582
427,4,1,0,0.008,0.008,-1.000,-1.000,1,1,-0.000,0.000,0.000,0,1.000,0,0,0.0576,0.2496,-0.0037,0.0582
428,4,1,0,0.008,0.008,-1.000,-1.000,1,1,-0.000,0.000,0.000,0,1.000,0,0,0.0576,0.2496,-0.0037,0.0582
429,4,1,0,0.000,0.409,-1.000,-1.000,1,1,-0.000,0.213,0.000,0,1.000,0,0,0.0576,0.2496,-0.0036,0.0582
430,4,1,0,-0.016,1.000,-1.000,-1.000,1,1,-0.000,1.000,0.000,0,1.000,0,0,0.0576,0.2496,-0.0029,0.0579
431,4,1,0,0.000,1.000,-1.000,-1.000,1,1,-0.000,1.000,0.000,0,1.000,0,0,0.0576,0.2498,-0.0014,0.0571
432,4,1,0,-0.008,0.150,-1.000,-1.000,1,1,-0.000,0.000,0.000,0,1.000,0,0,0.0576,0.2500,-0.0007,0.0569
433,4,1,0,0.016,-0.032,-1.000,-1.000,1,1,-0.000,0.000,0.000,0,1.000,0,0,0.0576,0.2499,-0.0007,0.0569
434,4,1,0,0.016,-0.039,-1.000,-1.000,1,1,-0.000,0.000,0.000,0,1.000,0,0,0.0576,0.2499,-0.0007,0.0569
435,4,1,0,0.016,-0.039,-1.000,-1.000,1,1,-0.000,0.000,0.000,0,1.000,0,0,0.0576,0.2499,-0.0007,0.0569
436,4,1,0,0.016,0.913,-1.000,-1.000,1,1,-0.000,0.884,0.000,0,1.000,0,0,0.0576,0.2500,-0.0001,0.0567
437,4,1,0,0.228,1.000,-1.000,-1.000,1,1,-0.000,1.000,0.000,0,1.000,0,0,0.0576,0.2502,0.0005,0.0564
438,4,1,0,0.000,-0.047,-1.000,-1.000,1,1,-0.000,0.000,0.000,0,1.000,0,0,0.0576,0.2503,0.0008,0.0564
439,4,1,0,0.000,-0.047,-1.000,-1.000,1,1,-0.000,0.000,0.000,0,1.000,0,0,0.0576,0.2502,0.0009,0.0563
440,4,1,0,0.024,-0.032,-1.000,-1.000,1,1,-0.000,0.000,0.000,0,1.000,0,0,0.0576,0.2502,0.0010,0.0563
441,4,1,0,0.102,-0.024,-1.000,-1.000,1,1,-0.000,0.000,0.000,0,1.000,0,0,0.0576,0.2502,0.0010,0.0562
442,4,1,0,0.094,-0.024,-1.000,-1.000,1,1,-0.000,0.000,0.000,0,1.000,0,0,0.0576,0.2502,0.0010,0.0562
443,4,1,0,0.803,-0.236,-1.000,-1.000,1,1,-0.738,0.000,0.000,0,1.000,0,0,0.0576,0.2498,0.0010,0.0563
444,4,1,0,1.000,-0.346,-1.000,-1.000,1,1,-1.000,-0.129,0.000,0,1.000,0,0,0.0576,0.2491,0.0009,0.0564
445,4,1,0,0.000,-0.016,-1.000,-1.000,1,1,-0.000,0.000,0.000,0,1.000,0,0,0.0576,0.2485,0.0008,0.0565
446,4,1,0,0.008,-0.016,-1.000,-1.000,1,1,-0.000,0.000,0.000,0,1.000,0,0,0.0576,0.2483,0.0008,0.0565
447,4,1,0,0.008,-0.016,-1.000,-1.000,1,1,-0.000,0.000,0.000,0,1.000,0,0,0.0576,0.2482,0.0009,0.0565
448,4,1,0,0.000,-0.016,-1.000,1.000,1,1,-0.000,0.000,-1.000,0,1.000,0,0,0.0576,0.2483,0.0009,0.0565
449,4,1,0,0.000,-0.016,-1.000,1.000,1,1,-0.000,0.000,-1.000,0,1.000,0,0,0.0576,0.2483,0.0010,0.0565
450,4,1,0,0.016,-0.016,-1.000,1.000,1,1,-0.000,0.000,-1.000,0,1.000,0,0,0.0576,0.2484,0.0011,0.0565
451,4,1,0,0.039,-0.016,-1.000,1.000,1,1,-0.000,0.000,-1.000,0,1.000,0,0,0.0576,0.2485,0.0012,0.0565
452,4,1,0,0.063,0.000,-1.000,1.000,1,1,-0.000,0.000,-1.000,0,1.000,0,0,0.0576,0.2486,0.0013,0.0565
453,4,1,0,0.307,0.165,-1.000,1.000,1,1,-0.076,0.000,-1.000,0,1.000,0,0,0.0576,0.2487,0.0014,0.0566
454,4,1,0,0.299,0.606,-1.000,1.000,1,1,-0.066,0.475,-1.000,0,1.000,0,0,0.0576,0.2488,0.0014,0.0566
455,4,1,0,-0.646,0.835,-1.000,1.000,1,1,0.528,0.780,-1.000,0,1.000,0,0,0.0576,0.2491,0.0016,0.0566
456,4,1,0,-0.646,0.835,-1.000,1.000,1,1,0.528,0.780,-1.000,0,1.000,0,0,0.0576,0.2495,0.0018,0.0566
457,4,1,0,-0.961,0.409,-1.000,1.000,1,1,0.948,0.213,-1.000,0,1.000,0,0,0.0576,0.2500,0.0020,0.0566
458,4,1,0,-1.000,-0.118,-1.000,1.000,1,1,1.000,0.000,-1.000,0,1.000,0,0,0.0576,0.2506,0.0024,0.0565
459,4,1,0,-0.764,-0.150,-1.000,1.000,1,1,0.685,0.000,-1.000,0,1.000,0,0,0.0576,0.2512,0.0027,0.0565
460,4,1,0,-0.559,-0.150,-1.000,1.000,1,1,0.412,0.000,-1.000,0,1.000,0,0,0.0576,0.2520,0.0030,0.0564
461,4,1,0,-0.055,-0.095,-1.000,-0.032,1,1,-0.000,0.000,-0.439,0,1.000,0,0,0.0576,0.2525,0.0033,0.0565
462,4,1,0,0.008,-0.095,-1.000,-1.000,1,1,-0.000,0.000,0.000,0,1.000,0,0,0.0576,0.2528,0.0035,0.0565
463,4,1,0,0.016,-0.095,-1.000,-1.000,1,1,-0.000,0.000,0.000,0,1.000,0,0,0.0576,0.2530,0.0036,0.0566
464,4,1,0,0.031,-0.110,-1.000,-1.000,1,1,-0.000,0.000,0.000,0,1.000,0,0,0.0576,0.2532,0.0036,0.0567
465,4,1,0,0.283,-0.906,-1.000,-1.000,1,1,-0.045,-0.874,0.000,0,1.000,0,0,0.0576,0.2533,0.0037,0.0567
466,4,1,0,0.315,-1.000,-1.000,-1.000,1,1,-0.087,-1.000,0.000,0,1.000,0,0,0.0576,0.2533,0.0037,0.0567
467,4,1,0,0.315,-1.000,-1.000,-1.000,1,1,-0.087,-1.000,0.000,0,1.000,0,0,0.0576,0.2533,0.0037,0.0567
468,4,1,0,0.094,-0.158,-1.000,-1.000,1,1,-0.000,0.000,0.000,0,1.000,0,0,0.0576,0.2532,0.0036,0.0567
469,4,1,0,0.031,-0.039,-1.000,-1.000,1,1,-0.000,0.000,0.000,0,1.000,0,0,0.0576,0.2532,0.0036,0.0567
470,4,1,0,0.031,-0.110,-1.000,-1.000,1,1,-0.000,0.000,0.000,0,1.000,0,0,0.0576,0.2533,0.0036,0.0567
471,4,1,0,-0.063,-1.000,-1.000,-1.000,1,1,-0.000,-1.000,0.000,0,1.000,0,0,0.0576,0.2532,0.0036,0.0566
472,4,1,0,-0.063,-1.000,-1.000,-1.000,1,1,-0.000,-1.000,0.000,0,1.000,0,0,0.0576,0.2531,0.0034,0.0564
473,4,1,0,-0.063,-1.000,-1.000,-1.000,1,1,-0.000,-1.000,0.000,0,1.000,0,0,0.0576,0.2530,0.0029,0.0564
474,4,1,0,0.047,-0.606,-1.000,-1.000,1,1,-0.000,-0.475,0.000,0,1.000,0,0,0.0576,0.2530,0.0024,0.0563
475,4,1,0,0.024,-0.055,-1.000,-1.000,1,1,-0.000,0.000,0.000,0,1.000,0,0,0.0576,0.2529,0.0021,0.0563
476,4,1,0,0.016,-0.055,-1.000,-1.000,1,1,-0.000,0.000,0.000,0,1.000,0,0,0.0576,0.2530,0.0022,0.0563
477,4,1,0,0.016,-0.095,-1.000,-1.000,1,1,-0.000,0.000,0.000,0,1.000,0,0,0.0576,0.2530,0.0022,0.0563
478,4,1,0,0.008,-0.095,-1.000,-1.000,1,1,-0.000,0.000,0.000,0,1.000,0,0,0.0576,0.2530,0.0022,0.0563
479,4,1,1,0.008,-0.071,-1.000,-1.000,1,1,0.000,0.000,0.000,1,1.000,1,1,0.0576,0.2530,0.0022,0.0563
480,5,1,0,0.008,-0.039,-1.000,-1.000,1,1,-0.000,0.000,0.000,0,0.333,0,0,0.0572,0.2527,-0.0036,0.0573
481,5,1,0,0.008,-0.039,-1.000,-1.000,1,1,-0.000,0.000,0.000,0,0.667,0,0,0.0574,0.2525,-0.0033,0.0575
482,5,1,0,0.008,-0.039,-1.000,-1.000,1,1,-0.000,0.000,0.000,0,1.000,0,0,0.0576,0.2517,-0.0034,0.0573
483,5,1,0,0.008,-0.039,-1.000,-1.000,1,1,-0.000,0.000,0.000,0,1.000,0,0,0.0576,0.2503,-0.0035,0.0579
484,5,1,0,0.008,-0.039,-1.000,-1.000,1,1,-0.000,0.000,0.000,0,1.000,0,0,0.0576,0.2493,-0.0039,0.0582
485,5,1,0,0.008,-0.039,-1.000,-1.000,1,1,-0.000,0.000,0.000,0,1.000,0,0,0.0576,0.2493,-0.0038,0.0581
486,5,1,0,0.008,-0.039,-1.000,-1.000,1,1,-0.000,0.000,0.000,0,1.000,0,0,0.0576,0.2493,-0.0039,0.0582
487,5,1,0,0.008,-0.039,-1.000,-1.000,1,1,-0.000,0.000,0.000,0,1.000,0,0,0.0576,0.2494,-0.0039,0.0582
488,5,1,0,0.008,-0.039,-1.000,-1.000,1,1,-0.000,0.000,0.000,0,1.000,0,0,0.0576,0.2493,-0.0039,0.0582
489,5,1,0,0.008,-0.039,-1.000,-1.000,1,1,-0.000,0.000,0.000,0,1.000,0,0,0.0576,0.2493,-0.0039,0.0582
490,5,1,0,0.008,0.008,-1.000,-1.000,1,1,-0.000,0.000,0.000,0,1.000,0,0,0.0576,0.2493,-0.0039,0.0582
491,5,1,0,0.016,0.803,-1.000,-1.000,1,1,-0.000,0.738,0.000,0,1.000,0,0,0.0576,0.2493,-0.0034,0.0581
492,5,1,0,0.016,1.000,-1.000,-1.000,1,1,-0.000,1.000,0.000,0,1.000,0,0,0.0576,0.2492,-0.0019,0.0581
493,5,1,0,0.016,1.000,-1.000,-1.000,1,1,-0.000,1.000,0.000,0,1.000,0,0,0.0576,0.2492,-0.0003,0.0584
494,5,1,0,-0.039,-0.055,-1.000,-1.000,1,1,-0.000,0.000,0.000,0,1.000,0,0,0.0576,0.2492,0.0003,0.0584
495,5,1,0,0.016,-0.063,-1.000,-1.000,1,1,-0.000,0.000,0.000,0,1.000,0,0,0.0576,0.2491,0.0009,0.0585
496,5,1,0,0.000,-0.063,-1.000,-1.000,1,1,-0.000,0.000,0.000,0,1.000,0,0,0.0576,0.2491,0.0010,0.0586
497,5,1,0,-0.126,0.000,-1.000,-1.000,1,1,-0.000,0.000,0.000,0,1.000,0,0,0.0576,0.2491,0.0010,0.0586
498,5,1,0,-1.000,0.024,-1.000,-1.000,1,1,1.000,0.000,0.000,0,0.844,0,0,0.0575,0.2491,0.0007,0.0587
499,5,1,0,-1.000,0.024,-1.000,-1.000,1,1,1.000,0.000,0.000,0,0.687,0,0,0.0574,0.2494,0.0002,0.0589
500,5,1,0,-1.000,0.024,-1.000,-1.000,1,1,1.000,0.000,0.000,0,0.531,0,0,0.0574,0.2495,-0.0001,0.0590
501,5,1,0,-0.024,0.016,-1.000,-1.000,1,1,-0.000,0.000,0.000,0,0.865,0,0,0.0576,0.2494,-0.0003,0.0590
502,5,1,0,0.024,-0.016,-1.000,-1.000,1,1,-0.000,0.000,0.000,0,1.000,0,0,0.0576,0.2497,0.0001,0.0590
503,5,1,0,0.063,-0.016,-1.000,-1.000,1,1,-0.000,0.000,0.000,0,1.000,0,0,0.0576,0.2494,0.0003,0.0589
504,5,1,0,1.000,0.236,-1.000,-1.000,1,1,-1.000,0.000,0.000,0,1.000,0,0,0.0576,0.2497,0.0007,0.0587
505,5,1,0,1.000,0.236,-1.000,-1.000,1,1,-1.000,0.000,0.000,0,1.000,0,0,0.0576,0.2496,0.0013,0.0585
506,5,1,0,1.000,0.236,-1.000,-1.000,1,1,-1.000,0.000,0.000,0,1.000,0,0,0.0576,0.2495,0.0015,0.0585
507,5,1,0,0.441,0.008,-1.000,-1.000,1,1,-0.255,0.000,0.000,0,1.000,0,0,0.0576,0.2494,0.0016,0.0583
508,5,1,0,0.071,-0.110,-1.000,-1.000,1,1,-0.000,0.000,0.000,0,1.000,0,0,0.0576,0.2494,0.0016,0.0583
509,5,1,0,0.063,-0.055,-1.000,-1.000,1,1,-0.000,0.000,0.000,0,1.000,0,0,0.0576,0.2494,0.0016,0.0583
510,5,1,0,1.000,0.252,-1.000,-1.000,1,1,-1.000,0.003,0.000,0,1.000,0,0,0.0576,0.2494,0.0016,0.0583
511,5,1,0,1.000,0.252,-1.000,-1.000,1,1,-1.000,0.003,0.000,0,1.000,0,0,0.0576,0.2493,0.0017,0.0582
512,5,1,0,1.000,0.252,-1.000,-1.000,1,1,-1.000,0.003,0.000,0,1.000,0,0,0.0576,0.2493,0.0018,0.0580
513,5,1,0,0.472,0.165,-1.000,-1.000,1,1,-0.297,0.000,0.000,0,1.000,0,0,0.0576,0.2493,0.0019,0.0579
514,5,1,0,0.008,-0.039,-1.000,-1.000,1,1,-0.000,0.000,0.000,0,1.000,0,0,0.0576,0.2492,0.0019,0.0579
515,5,1,0,0.031,-0.039,-1.000,-1.000,1,1,-0.000,0.000,0.000,0,1.000,0,0,0.0576,0.2493,0.0019,0.0579
516,5,1,0,1.000,0.102,-1.000,-1.000,1,1,-1.000,0.000,0.000,0,1.000,0,0,0.0576,0.2492,0.0019,0.0579
517,5,1,0,1.000,0.102,-1.000,-1.000,1,1,-1.000,0.000,0.000,0,1.000,0,0,0.0576,0.2491,0.0021,0.0577
518,5,1,0,1.000,0.102,-1.000,-1.000,1,1,-1.000,0.000,0.000,0,1.000,0,0,0.0576,0.2491,0.0022,0.0575
519,5,1,0,1.000,0.102,-1.000,-1.000,1,1,-1.000,0.000,0.000,1,1.000,1,0,0.0576,0.2490,0.0023,0.0574
520,5,1,0,1.000,0.102,-1.000,-1.000,1,1,-1.000,0.000,0.000,1,1.000,1,0,0.0576,0.2490,0.0024,0.0572
521,5,1,0,1.000,0.102,-1.000,-1.000,1,1,-1.000,0.000,0.000,1,1.000,1,0,0.0576,0.2490,0.0024,0.0572
522,5,1,0,1.000,0.102,-1.000,-1.000,1,1,-1.000,0.000,0.000,1,1.000,1,0,0.0576,0.2490,0.0024,0.0571
523,5,1,0,1.000,0.102,-1.000,-1.000,1,1,-1.000,0.000,0.000,1,1.000,1,0,0.0576,0.2490,0.0024,0.0571
524,5,1,0,1.000,0.087,-1.000,-1.000,1,1,-1.000,0.000,0.000,1,1.000,1,0,0.0576,0.2491,0.0024,0.0571
525,5,1,0,1.000,0.087,-1.000,-1.000,1,1,-1.000,0.000,0.000,1,1.000,1,0,0.0576,0.2491,0.0024,0.0571
526,5,1,0,1.000,0.063,-1.000,-1.000,1,1,-1.000,0.000,0.000,1,1.000,1,0,0.0576,0.2491,0.0024,0.0570
527,5,1,0,0.638,-0.087,-1.000,-1.000,1,1,-0.517,0.000,0.000,1,1.000,1,0,0.0576,0.2491,0.0024,0.0570
528,5,1,0,0.008,-0.055,-1.000,0.669,1,1,-0.000,0.000,-0.820,1,1.000,1,0,0.0576,0.2491,0.0024,0.0569
529,5,1,0,-0.008,-0.039,-1.000,1.000,1,1,-0.000,0.000,-1.000,1,1.000,1,0,0.0576,0.2491,0.0024,0.0568
530,5,1,0,-0.008,-0.039,-1.000,1.000,1,1,-0.000,0.000,-1.000,1,1.000,1,0,0.0576,0.2490,0.0023,0.0567
531,5,1,0,-0.008,-0.039,-1.000,1.000,1,1,-0.000,0.000,-1.000,1,1.000,1,0,0.0576,0.2490,0.0023,0.0567
532,5,1,0,0.071,-0.165,-1.000,1.000,1,1,-0.000,0.000,-1.000,1,1.000,1,0,0.0576,0.2490,0.0022,0.0567
533,5,1,0,0.370,-1.000,-1.000,1.000,1,1,-0.160,-1.000,-1.000,1,1.000,1,0,0.0576,0.2490,0.0018,0.0564
534,5,1,0,0.370,-1.000,-1.000,1.000,1,1,-0.160,-1.000,-1.000,1,1.000,1,0,0.0576,0.2489,0.0015,0.0564
535,5,1,0,0.370,-1.000,-1.000,1.000,1,1,-0.160,-1.000,-1.000,1,1.000,1,0,0.0576,0.2490,0.0007,0.0564
536,5,1,0,0.575,-0.921,-1.000,1.000,1,1,-0.433,-0.895,-1.000,1,1.000,1,0,0.0576,0.2492,-0.0002,0.0562
537,5,1,0,0.709,-0.843,-1.000,1.000,1,1,-0.612,-0.790,-1.000,0,1.000,0,0,0.0576,0.2493,-0.0007,0.0560
538,5,1,0,0.780,-0.331,-1.000,0.677,1,1,-0.706,-0.108,-0.825,0,1.000,0,0,0.0576,0.2497,-0.0014,0.0551
539,5,1,0,0.118,-0.087,-1.000,-1.000,1,1,-0.000,0.000,0.000,0,1.000,0,0,0.0576,0.2499,-0.0015,0.0546
540,5,1,0,0.039,-0.047,-1.000,-1.000,1,1,-0.000,0.000,0.000,0,1.000,0,0,0.0576,0.2498,-0.0016,0.0544
541,5,1,0,0.039,-0.047,-1.000,-1.000,1,1,-0.000,0.000,0.000,1,1.000,1,0,0.0576,0.2498,-0.0016,0.0544
542,5,1,0,0.031,-0.047,-1.000,-1.000,1,1,-0.000,0.000,0.000,1,1.000,1,0,0.0576,0.2498,-0.0016,0.0544
543,5,1,0,0.016,-0.047,-1.000,-1.000,1,1,-0.000,0.000,0.000,1,1.000,1,0,0.0576,0.2498,-0.0016,0.0544
544,5,1,0,0.016,-0.047,-1.000,-1.000,1,1,-0.000,0.000,0.000,1,1.000,1,0,0.0576,0.2498,-0.0016,0.0544
545,5,1,0,0.016,-0.047,-1.000,-1.000,1,1,-0.000,0.000,0.000,1,1.000,1,0,0.0576,0.2498,-0.0016,0.0544
546,5,1,1,0.016,-0.047,-1.000,-1.000,1,1,0.000,0.000,0.000,1,1.000,1,1,0.0576,0.2498,-0.0016,0.0544
547,6,1,0,0.016,-0.047,-1.000,-1.000,1,1,-0.000,0.000,0.000,0,0.333,0,0,0.0598,0.2512,-0.0057,0.0607
548,6,1,0,0.016,-0.047,-1.000,-1.000,1,1,-0.000,0.000,0.000,0,0.667,0,0,0.0587,0.2501,-0.0049,0.0591
549,6,1,0,0.016,-0.047,-1.000,-1.000,1,1,-0.000,0.000,0.000,0,1.000,0,0,0.0576,0.2496,-0.0042,0.0583
550,6,1,0,0.016,-0.047,-1.000,-1.000,1,1,-0.000,0.000,0.000,0,1.000,0,0,0.0576,0.2494,-0.0039,0.0581
551,6,1,0,0.016,-0.047,-1.000,-1.000,1,1,-0.000,0.000,0.000,0,1.000,0,0,0.0576,0.2494,-0.0040,0.0581
552,6,1,0,0.016,-0.047,-1.000,-1.000,1,1,-0.000,0.000,0.000,0,1.000,0,0,0.0576,0.2494,-0.0040,0.0582
553,6,1,0,0.016,-0.047,-1.000,-1.000,1,1,-0.000,0.000,0.000,0,1.000,0,0,0.0576,0.2494,-0.0040,0.0582
554,6,1,0,0.071,0.567,-1.000,-1.000,1,1,-0.000,0.423,0.000,0,1.000,0,0,0.0576,0.2495,-0.0038,0.0582
555,6,1,0,0.181,1.000,-1.000,-1.000,1,1,-0.000,1.000,0.000,0,1.000,0,0,0.0576,0.2497,-0.0025,0.0583
556,6,1,0,0.181,1.000,-1.000,-1.000,1,1,-0.000,1.000,0.000,0,1.000,0,0,0.0576,0.2501,-0.0007,0.0586
557,6,1,0,0.181,0.898,-1.000,-1.000,1,1,-0.000,0.863,0.000,0,1.000,0,0,0.0576,0.2506,0.0011,0.0592
558,6,1,0,0.000,-0.039,-1.000,-1.000,1,1,-0.000,0.000,0.000,0,1.000,0,0,0.0576,0.2511,0.0022,0.0595
559,6,1,0,0.000,-0.039,-1.000,-1.000,1,1,-0.000,0.000,0.000,0,1.000,0,0,0.0576,0.2511,0.0025,0.0598
560,6,1,0,0.000,-0.039,-1.000,-1.000,1,1,-0.000,0.000,0.000,0,1.000,0,0,0.0576,0.2511,0.0025,0.0598
561,6,1,0,-0.055,-0.039,-1.000,-1.000,1,1,-0.000,0.000,0.000,0,1.000,0,0,0.0576,0.2511,0.0025,0.0598
562,6,1,0,-0.008,-0.047,-1.000,-1.000,1,1,-0.000,0.000,0.000,0,1.000,0,0,0.0576,0.2511,0.0025,0.0598
563,6,1,0,-0.008,-0.039,-1.000,1.000,1,1,-0.000,0.000,-1.000,0,1.000,0,0,0.0576,0.2511,0.0025,0.0597
564,6,1,0,0.008,-0.039,-1.000,1.000,1,1,-0.000,0.000,-1.000,0,1.000,0,0,0.0576,0.2514,0.0023,0.0593
565,6,1,0,0.008,-0.039,-1.000,1.000,1,1,-0.000,0.000,-1.000,0,1.000,0,0,0.0576,0.2518,0.0019,0.0588
566,6,1,0,0.016,-0.039,-1.000,1.000,1,1,-0.000,0.000,-1.000,0,1.000,0,0,0.0576,0.2522,0.0016,0.0584
567,6,1,0,0.016,-0.039,-1.000,1.000,1,1,-0.000,0.000,-1.000,0,1.000,0,0,0.0576,0.2526,0.0012,0.0579
568,6,1,0,0.008,-0.039,-1.000,1.000,1,1,-0.000,0.000,-1.000,0,1.000,0,0,0.0576,0.2531,0.0008,0.0574
569,6,1,0,0.008,-0.039,-1.000,1.000,1,1,-0.000,0.000,-1.000,0,1.000,0,0,0.0576,0.2534,0.0005,0.0569
570,6,1,0,0.008,-0.039,-1.000,1.000,1,1,-0.000,0.000,-1.000,0,1.000,0,0,0.0576,0.2536,0.0002,0.0565
571,6,1,0,0.008,-0.039,-1.000,1.000,1,1,-0.000,0.000,-1.000,0,1.000,0,0,0.0576,0.2539,0.0000,0.0564
572,6,1,0,0.008,-0.039,-1.000,1.000,1,1,-0.000,0.000,-1.000,0,1.000,0,0,0.0576,0.2541,-0.0002,0.0563
573,6,1,0,0.008,-0.039,-1.000,1.000,1,1,-0.000,0.000,-1.000,0,1.000,0,0,0.0576,0.2544,-0.0005,0.0562
574,6,1,0,0.008,-0.512,-1.000,1.000,1,1,-0.000,-0.349,-1.000,0,1.000,0,0,0.0576,0.2545,-0.0011,0.0561
575,6,1,0,0.008,-1.000,-1.000,1.000,1,1,-0.000,-1.000,-1.000,0,1.000,0,0,0.0576,0.2543,-0.0023,0.0560
576,6,1,0,-0.189,-0.906,-1.000,1.000,1,1,-0.000,-0.874,-1.000,0,1.000,0,0,0.0576,0.2542,-0.0027,0.0561
577,6,1,0,-0.016,-0.016,-1.000,1.000,1,1,-0.000,0.000,-1.000,0,1.000,0,0,0.0576,0.2542,-0.0032,0.0560
578,6,1,0,0.008,0.008,-1.000,1.000,1,1,-0.000,0.000,-1.000,0,1.000,0,0,0.0576,0.2543,-0.0034,0.0559
579,6,1,0,0.031,0.024,-1.000,1.000,1,1,-0.000,0.000,-1.000,1,1.000,1,0,0.0576,0.2544,-0.0036,0.0559
580,6,1,0,0.591,0.315,-1.000,1.000,1,1,-0.454,0.087,-1.000,1,1.000,1,0,0.0576,0.2544,-0.0037,0.0559
581,6,1,0,1.000,0.339,-1.000,1.000,1,1,-1.000,0.118,-1.000,1,1.000,1,0,0.0576,0.2542,-0.0038,0.0559
582,6,1,0,1.000,0.268,-1.000,1.000,1,1,-1.000,0.024,-1.000,1,1.000,1,0,0.0576,0.2540,-0.0042,0.0559
583,6,1,0,0.071,-0.024,-1.000,1.000,1,1,-0.000,0.000,-1.000,1,1.000,1,0,0.0576,0.2540,-0.0044,0.0559
584,6,1,0,-0.008,-0.039,-1.000,1.000,1,1,-0.000,0.000,-1.000,1,1.000,1,0,0.0576,0.2540,-0.0044,0.0559
585,6,1,0,0.496,0.346,-1.000,1.000,1,1,-0.328,0.129,-1.000,1,1.000,1,0,0.0576,0.2540,-0.0044,0.0559
586,6,1,0,0.937,0.457,-1.000,1.000,1,1,-0.916,0.276,-1.000,1,1.000,1,0,0.0576,0.2539,-0.0045,0.0559
587,6,1,0,1.000,-0.039,-1.000,1.000,1,1,-1.000,0.000,-1.000,1,1.000,1,0,0.0576,0.2537,-0.0048,0.0559
588,6,1,0,1.000,-0.268,-1.000,1.000,1,1,-1.000,-0.024,-1.000,1,1.000,1,0,0.0576,0.2534,-0.0051,0.0559
589,6,1,0,1.000,-0.228,-1.000,1.000,1,1,-1.000,0.000,-1.000,1,1.000,1,0,0.0576,0.2530,-0.0054,0.0559
590,6,1,0,0.591,0.315,-1.000,1.000,1,1,-0.454,0.087,-1.000,1,1.000,1,0,0.0576,0.2527,-0.0056,0.0559
591,6,1,0,0.354,0.528,-1.000,1.000,1,1,-0.139,0.370,-1.000,1,1.000,1,0,0.0576,0.2527,-0.0056,0.0559
592,6,1,0,0.921,-0.268,-1.000,1.000,1,1,-0.895,-0.024,-1.000,1,1.000,1,0,0.0576,0.2526,-0.0056,0.0559
593,6,1,0,0.992,-0.236,-1.000,1.000,1,1,-0.989,0.000,-1.000,1,1.000,1,0,0.0576,0.2522,-0.0058,0.0560
594,6,1,0,0.165,-0.055,-1.000,0.968,1,1,-0.000,0.000,-0.983,1,1.000,1,0,0.0576,0.2520,-0.0059,0.0561
595,6,1,0,-0.008,-0.039,-1.000,-1.000,1,1,-0.000,0.000,0.000,1,1.000,1,0,0.0576,0.2519,-0.0059,0.0561
596,6,1,0,-0.008,-0.039,-1.000,-1.000,1,1,-0.000,0.000,0.000,1,1.000,1,0,0.0576,0.2519,-0.0060,0.0562
597,6,1,0,-0.008,-0.039,-1.000,-1.000,1,1,-0.000,0.000,0.000,1,1.000,1,0,0.0576,0.2519,-0.0060,0.0561
598,6,1,0,0.008,-0.039,-1.000,-1.000,1,1,-0.000,0.000,0.000,1,1.000,1,0,0.0576,0.2519,-0.0060,0.0562
599,6,1,0,0.024,-0.039,-1.000,-1.000,1,1,-0.000,0.000,0.000,1,1.000,1,0,0.0576,0.2519,-0.0060,0.0562
600,6,1,0,0.016,-0.039,-1.000,-1.000,1,1,-0.000,0.000,0.000,1,1.000,1,0,0.0576,0.2519,-0.0060,0.0562
601,6,1,0,0.008,-0.039,-1.000,-1.000,1,1,-0.000,0.000,0.000,1,1.000,1,0,0.0576,0.2519,-0.0060,0.0562
602,6,1,0,0.000,-0.039,-1.000,-1.000,1,1,-0.000,0.000,0.000,1,1.000,1,0,0.0576,0.2519,-0.0060,0.0562
603,6,1,0,0.008,-0.039,-1.000,-1.000,1,1,-0.000,0.000,0.000,1,1.000,1,0,0.0576,0.2519,-0.0060,0.0562
604,6,1,0,0.008,-0.071,-1.000,-1.000,1,1,-0.000,0.000,0.000,1,1.000,1,0,0.0576,0.2519,-0.0060,0.0562
605,6,1,0,0.008,-0.102,-1.000,-1.000,1,1,-0.000,0.000,0.000,1,1.000,1,0,0.0576,0.2519,-0.0060,0.0562
606,6,1,0,-0.220,-1.000,-1.000,-1.000,1,1,-0.000,-1.000,0.000,1,1.000,1,0,0.0576,0.2519,-0.0060,0.0562
607,6,1,0,-0.354,-0.992,-1.000,-1.000,1,1,0.139,-0.990,0.000,1,1.000,1,0,0.0576,0.2519,-0.0060,0.0564
608,6,1,0,0.000,-0.039,-1.000,-1.000,1,1,-0.000,0.000,0.000,1,1.000,1,0,0.0576,0.2519,-0.0060,0.0564
609,6,1,0,0.000,-0.039,-1.000,-1.000,1,1,-0.000,0.000,0.000,1,1.000,1,0,0.0576,0.2519,-0.0060,0.0565
610,6,1,0,0.000,-0.039,-1.000,-1.000,1,1,-0.000,0.000,0.000,1,1.000,1,0,0.0576,0.2519,-0.0060,0.0565
611,6,1,0,-0.008,-0.165,-1.000,-1.000,1,1,-0.000,0.000,0.000,1,1.000,1,0,0.0576,0.2518,-0.0060,0.0565
612,6,1,0,-0.331,-0.992,-1.000,-1.000,1,1,0.108,-0.990,0.000,1,1.000,1,0,0.0576,0.2519,-0.0060,0.0565
613,6,1,0,-0.346,-0.992,-1.000,-1.000,1,1,0.129,-0.990,0.000,1,1.000,1,0,0.0576,0.2519,-0.0060,0.0566
614,6,1,0,-0.039,-0.158,-1.000,-1.000,1,1,-0.000,0.000,0.000,1,1.000,1,0,0.0576,0.2517,-0.0061,0.0567
615,6,1,0,0.008,-0.039,-1.000,-1.000,1,1,-0.000,0.000,0.000,1,1.000,1,0,0.0576,0.2516,-0.0063,0.0569
616,6,1,0,-0.008,-0.047,-1.000,-1.000,1,1,-0.000,0.000,0.000,1,1.000,1,0,0.0576,0.2516,-0.0063,0.0569
617,6,1,0,-0.008,-0.047,-1.000,-1.000,1,1,-0.000,0.000,0.000,1,1.000,1,0,0.0576,0.2516,-0.0064,0.0570
618,6,1,0,0.008,-0.024,-1.000,-1.000,1,1,-0.000,0.000,0.000,1,1.000,1,0,0.0576,0.2516,-0.0065,0.0570
619,6,1,0,0.055,-0.016,-1.000,-1.000,1,1,-0.000,0.000,0.000,1,1.000,1,0,0.0576,0.2515,-0.0065,0.0571
620,6,1,0,0.024,-0.016,-1.000,1.000,1,1,-0.000,0.000,-1.000,1,1.000,1,0,0.0576,0.2516,-0.0065,0.0571
621,6,1,0,0.024,-0.016,-1.000,1.000,1,1,-0.000,0.000,-1.000,1,1.000,1,0,0.0576,0.2516,-0.0065,0.0571
622,6,1,0,0.016,-0.016,-1.000,1.000,1,1,-0.000,0.000,-1.000,1,1.000,1,0,0.0576,0.2516,-0.0065,0.0570
623,6,1,0,0.031,-0.016,-1.000,1.000,1,1,-0.000,0.000,-1.000,1,1.000,1,0,0.0576,0.2517,-0.0064,0.0570
624,6,1,0,0.126,0.087,-1.000,1.000,1,1,-0.000,0.000,-1.000,1,1.000,1,0,0.0576,0.2517,-0.0064,0.0570
625,6,1,0,0.614,0.551,-1.000,1.000,1,1,-0.486,0.402,-1.000,1,1.000,1,0,0.0576,0.2517,-0.0064,0.0570
626,6,1,0,0.921,0.520,-1.000,1.000,1,1,-0.895,0.360,-1.000,1,1.000,1,0,0.0576,0.2517,-0.0064,0.0570
627,6,1,0,0.850,0.252,-1.000,0.913,1,1,-0.800,0.003,-0.953,1,1.000,1,0,0.0576,0.2517,-0.0065,0.0571
628,6,1,1,0.055,-0.095,-1.000,-1.000,1,1,0.000,0.000,0.000,1,1.000,1,1,0.0576,0.2516,-0.0065,0.0572
629,7,1,0,0.008,-0.071,-1.000,-1.000,1,1,-0.000,0.000,0.000,0,0.333,0,0,0.0613,0.2456,-0.0088,0.0625
630,7,1,0,-0.008,-0.071,-1.000,-1.000,1,1,-0.000,0.000,0.000,0,0.667,0,0,0.0595,0.2470,-0.0068,0.0605
631,7,1,0,0.000,-0.071,-1.000,-1.000,1,1,-0.000,0.000,0.000,0,1.000,0,0,0.0576,0.2484,-0.0050,0.0592
632,7,1,0,0.000,-0.071,-1.000,-1.000,1,1,-0.000,0.000,0.000,0,1.000,0,0,0.0576,0.2493,-0.0039,0.0582
633,7,1,0,0.000,-0.071,-1.000,-1.000,1,1,-0.000,0.000,0.000,0,1.000,0,0,0.0576,0.2492,-0.0040,0.0582
634,7,1,0,0.000,-0.071,-1.000,-1.000,1,1,-0.000,0.000,0.000,0,1.000,0,0,0.0576,0.2493,-0.0040,0.0582
635,7,1,0,0.000,-0.016,-1.000,-1.000,1,1,-0.000,0.000,0.000,0,1.000,0,0,0.0576,0.2493,-0.0040,0.0582
636,7,1,0,0.008,0.031,-1.000,-1.000,1,1,-0.000,0.000,0.000,0,1.000,0,0,0.0576,0.2493,-0.0040,0.0582
637,7,1,0,0.047,0.701,-1.000,-1.000,1,1,-0.000,0.601,0.000,0,1.000,0,0,0.0576,0.2492,-0.0037,0.0583
638,7,1,0,0.087,0.772,-1.000,-1.000,1,1,-0.000,0.696,0.000,0,1.000,0,0,0.0576,0.2490,-0.0028,0.0589
639,7,1,0,0.008,0.063,-1.000,-1.000,1,1,-0.000,0.000,0.000,0,1.000,0,0,0.0576,0.2488,-0.0025,0.0592
640,7,1,0,0.008,-0.063,-1.000,-1.000,1,1,-0.000,0.000,0.000,0,1.000,0,0,0.0576,0.2488,-0.0023,0.0592
641,7,1,0,0.008,-0.063,-1.000,-1.000,1,1,-0.000,0.000,0.000,0,1.000,0,0,0.0576,0.2488,-0.0023,0.0591
642,7,1,0,0.008,-0.063,-1.000,-1.000,1,1,-0.000,0.000,0.000,0,1.000,0,0,0.0576,0.2488,-0.0023,0.0591
643,7,1,0,0.000,-0.063,-1.000,-1.000,1,1,-0.000,0.000,0.000,0,1.000,0,0,0.0576,0.2488,-0.0023,0.0591
644,7,1,0,-0.047,-0.063,-1.000,-1.000,1,1,-0.000,0.000,0.000,0,1.000,0,0,0.0576,0.2488,-0.0023,0.0591
645,7,1,0,-1.000,-0.024,-1.000,-1.000,1,1,1.000,0.000,0.000,0,1.000,0,0,0.0576,0.2495,-0.0026,0.0592
646,7,1,0,-1.000,-0.024,-1.000,-1.000,1,1,1.000,0.000,0.000,0,1.000,0,0,0.0576,0.2509,-0.0030,0.0596
647,7,1,0,-1.000,-0.024,-1.000,-1.000,1,1,1.000,0.000,0.000,0,1.000,0,0,0.0576,0.2530,-0.0036,0.0602
648,7,1,0,-0.039,-0.063,-1.000,-1.000,1,1,-0.000,0.000,0.000,0,1.000,0,0,0.0576,0.2542,-0.0039,0.0607
649,7,1,0,-0.032,-0.063,-1.000,-1.000,1,1,-0.000,0.000,0.000,0,1.000,0,0,0.0576,0.2540,-0.0040,0.0606
650,7,1,0,0.016,-0.063,-1.000,-1.000,1,1,-0.000,0.000,0.000,0,1.000,0,0,0.0576,0.2541,-0.0040,0.0606
651,7,1,0,0.016,-0.055,-1.000,-0.465,1,1,-0.000,0.000,-0.204,0,1.000,0,0,0.0576,0.2540,-0.0040,0.0606
652,7,1,0,0.016,-0.055,-1.000,1.000,1,1,-0.000,0.000,-1.000,0,1.000,0,0,0.0576,0.2538,-0.0042,0.0605
653,7,1,0,0.016,-0.055,-1.000,1.000,1,1,-0.000,0.000,-1.000,0,1.000,0,0,0.0576,0.2533,-0.0046,0.0597
654,7,1,0,0.031,-0.055,-1.000,1.000,1,1,-0.000,0.000,-1.000,0,1.000,0,0,0.0576,0.2530,-0.0052,0.0589
655,7,1,0,0.047,-0.055,-1.000,1.000,1,1,-0.000,0.000,-1.000,0,1.000,0,0,0.0576,0.2528,-0.0057,0.0585
656,7,1,0,0.087,0.055,-1.000,1.000,1,1,-0.000,0.000,-1.000,0,1.000,0,0,0.0576,0.2523,-0.0062,0.0582
657,7,1,0,0.071,0.102,-1.000,1.000,1,1,-0.000,0.000,-1.000,0,1.000,0,0,0.0576,0.2520,-0.0068,0.0580
658,7,1,0,0.197,0.551,-1.000,1.000,1,1,-0.000,0.402,-1.000,0,1.000,0,0,0.0576,0.2517,-0.0070,0.0579
659,7,1,0,0.260,0.976,-1.000,1.000,1,1,-0.013,0.968,-1.000,0,1.000,0,0,0.0576,0.2511,-0.0069,0.0579
660,7,1,0,0.260,0.701,-1.000,1.000,1,1,-0.013,0.601,-1.000,0,1.000,0,0,0.0576,0.2507,-0.0065,0.0580
661,7,1,0,0.126,-0.252,-1.000,1.000,1,1,-0.000,-0.003,-1.000,0,1.000,0,0,0.0576,0.2504,-0.0065,0.0579
662,7,1,0,0.299,-0.780,-1.000,1.000,1,1,-0.066,-0.706,-1.000,0,1.000,0,0,0.0576,0.2503,-0.0071,0.0577
663,7,1,0,0.386,-1.000,-1.000,1.000,1,1,-0.181,-1.000,-1.000,0,1.000,0,0,0.0576,0.2504,-0.0082,0.0576
664,7,1,0,0.386,-1.000,-1.000,1.000,1,1,-0.181,-1.000,-1.000,0,1.000,0,0,0.0576,0.2504,-0.0094,0.0575
665,7,1,0,0.441,-0.748,-1.000,1.000,1,1,-0.255,-0.664,-1.000,0,1.000,0,0,0.0576,0.2504,-0.0103,0.0576
666,7,1,0,0.031,-0.024,-1.000,1.000,1,1,-0.000,0.000,-1.000,0,1.000,0,0,0.0576,0.2503,-0.0111,0.0576
667,7,1,0,0.016,0.457,-1.000,1.000,1,1,-0.000,0.276,-1.000,0,1.000,0,0,0.0576,0.2502,-0.0115,0.0575
668,7,1,0,0.016,1.000,-1.000,1.000,1,1,-0.000,1.000,-1.000,0,1.000,0,0,0.0576,0.2500,-0.0119,0.0574
669,7,1,0,0.016,1.000,-1.000,1.000,1,1,-0.000,1.000,-1.000,0,1.000,0,0,0.0576,0.2498,-0.0119,0.0575
670,7,1,0,0.016,1.000,-1.000,1.000,1,1,-0.000,1.000,-1.000,1,1.000,1,0,0.0576,0.2495,-0.0118,0.0576
671,7,1,0,0.016,1.000,-1.000,1.000,1,1,-0.000,1.000,-1.000,0,1.000,0,0,0.0576,0.2492,-0.0116,0.0577
672,7,1,0,0.016,1.000,-1.000,1.000,1,1,-0.000,1.000,-1.000,0,1.000,0,0,0.0576,0.2490,-0.0114,0.0578
673,7,1,0,0.016,1.000,-1.000,1.000,1,1,-0.000,1.000,-1.000,0,1.000,0,0,0.0576,0.2488,-0.0112,0.0578
674,7,1,0,0.016,1.000,-1.000,1.000,1,1,-0.000,1.000,-1.000,0,1.000,0,0,0.0576,0.2485,-0.0110,0.0579
675,7,1,0,0.016,1.000,-1.000,1.000,1,1,-0.000,1.000,-1.000,0,1.000,0,0,0.0576,0.2483,-0.0106,0.0580
676,7,1,0,0.016,1.000,-1.000,1.000,1,1,-0.000,1.000,-1.000,0,1.000,0,0,0.0576,0.2482,-0.0103,0.0581
677,7,1,0,0.016,1.000,-1.000,1.000,1,1,-0.000,1.000,-1.000,0,1.000,0,0,0.0576,0.2481,-0.0100,0.0582
678,7,1,0,0.016,1.000,-1.000,1.000,1,1,-0.000,1.000,-1.000,0,1.000,0,0,0.0576,0.2480,-0.0094,0.0582
679,7,1,0,0.016,1.000,-1.000,1.000,1,1,-0.000,1.000,-1.000,0,1.000,0,0,0.0576,0.2479,-0.0089,0.0583
680,7,1,0,0.016,1.000,-1.000,1.000,1,1,-0.000,1.000,-1.000,0,1.000,0,0,0.0576,0.2478,-0.0084,0.0583
681,7,1,0,0.016,1.000,-1.000,1.000,1,1,-0.000,1.000,-1.000,0,1.000,0,0,0.0576,0.2476,-0.0078,0.0585
682,7,1,0,0.016,1.000,-1.000,1.000,1,1,-0.000,1.000,-1.000,0,1.000,0,0,0.0576,0.2475,-0.0074,0.0585
683,7,1,0,0.157,1.000,-1.000,1.000,1,1,-0.000,1.000,-1.000,0,1.000,0,0,0.0576,0.2473,-0.0067,0.0586
684,7,1,0,0.213,1.000,-1.000,1.000,1,1,-0.000,1.000,-1.000,0,1.000,0,0,0.0576,0.2472,-0.0062,0.0587
685,7,1,0,0.220,1.000,-1.000,1.000,1,1,-0.000,1.000,-1.000,0,1.000,0,0,0.0576,0.2467,-0.0056,0.0591
686,7,1,0,0.276,1.000,-1.000,1.000,1,1,-0.034,1.000,-1.000,0,1.000,0,0,0.0576,0.2460,-0.0048,0.0595
687,7,1,0,0.457,0.968,-1.000,1.000,1,1,-0.276,0.958,-1.000,0,1.000,0,0,0.0576,0.2455,-0.0042,0.0599
688,7,1,0,0.008,-0.008,-1.000,-0.811,1,1,-0.000,0.000,-0.016,0,1.000,0,0,0.0576,0.2451,-0.0037,0.0600
689,7,1,0,0.008,-0.024,-1.000,-1.000,1,1,-0.000,0.000,0.000,0,1.000,0,0,0.0576,0.2446,-0.0031,0.0601
690,7,1,0,0.008,-0.024,-1.000,-1.000,1,1,-0.000,0.000,0.000,0,1.000,0,0,0.0576,0.2444,-0.0028,0.0603
691,7,1,1,0.008,-0.024,-1.000,-1.000,1,1,0.000,0.000,0.000,1,1.000,1,1,0.0576,0.2442,-0.0026,0.0603
692,8,1,0,0.016,-0.024,-1.000,-1.000,1,1,-0.000,0.000,0.000,0,0.333,0,0,0.0588,0.2476,-0.0015,0.0596
693,8,1,0,0.016,-0.024,-1.000,-1.000,1,1,-0.000,0.000,0.000,0,0.667,0,0,0.0582,0.2485,-0.0026,0.0594
694,8,1,0,0.016,-0.024,-1.000,-1.000,1,1,-0.000,0.000,0.000,0,1.000,0,0,0.0576,0.2491,-0.0032,0.0582
695,8,1,0,0.016,-0.024,-1.000,-1.000,1,1,-0.000,0.000,0.000,0,1.000,0,0,0.0576,0.2496,-0.0037,0.0578
696,8,1,0,0.016,-0.024,-1.000,-1.000,1,1,-0.000,0.000,0.000,0,1.000,0,0,0.0576,0.2495,-0.0037,0.0579
697,8,1,0,0.016,-0.024,-1.000,-1.000,1,1,-0.000,0.000,0.000,0,1.000,0,0,0.0576,0.2496,-0.0037,0.0579
698,8,1,0,0.016,-0.024,-1.000,-1.000,1,1,-0.000,0.000,0.000,0,1.000,0,0,0.0576,0.2496,-0.0037,0.0579
699,8,1,0,0.016,-0.024,-1.000,-1.000,1,1,-0.000,0.000,0.000,0,1.000,0,0,0.0576,0.2496,-0.0037,0.0579
700,8,1,0,0.000,-0.008,-1.000,-1.000,1,1,-0.000,0.000,0.000,0,1.000,0,0,0.0576,0.2496,-0.0037,0.0579
701,8,1,0,-0.008,-0.008,-1.000,-1.000,1,1,-0.000,0.000,0.000,0,1.000,0,0,0.0576,0.2496,-0.0037,0.0579
702,8,1,1,-0.008,-0.008,-1.000,-1.000,1,1,0.000,0.000,0.000,1,1.000,1,1,0.0576,0.2496,-0.0037,0.0579
703,9,1,0,-0.008,-0.008,-1.000,-1.000,1,1,-0.000,0.000,0.000,0,0.333,0,0,0.0587,0.2478,-0.0036,0.0593
704,9,1,0,-0.008,-0.008,-1.000,-1.000,1,1,-0.000,0.000,0.000,0,0.667,0,0,0.0581,0.2487,-0.0038,0.0591
705,9,1,0,-0.008,-0.016,-1.000,-1.000,1,1,-0.000,0.000,0.000,0,1.000,0,0,0.0576,0.2491,-0.0037,0.0585
706,9,1,0,-0.008,-0.024,-1.000,-1.000,1,1,-0.000,0.000,0.000,0,1.000,0,0,0.0576,0.2494,-0.0037,0.0580
707,9,1,0,-0.008,-0.032,-1.000,-1.000,1,1,-0.000,0.000,0.000,0,1.000,0,0,0.0576,0.2494,-0.0037,0.0581
708,9,1,0,-0.008,-0.032,-1.000,-1.000,1,1,-0.000,0.000,0.000,0,1.000,0,0,0.0576,0.2494,-0.0037,0.0581
709,9,1,1,-0.008,-0.032,-1.000,-1.000,1,1,0.000,0.000,0.000,1,1.000,1,1,0.0576,0.2494,-0.0037,0.0581
710,10,1,0,0.000,-0.032,-1.000,-1.000,1,1,-0.000,0.000,0.000,0,0.333,0,0,0.0599,0.2460,-0.0059,0.0607
711,10,1,0,0.000,-0.032,-1.000,-1.000,1,1,-0.000,0.000,0.000,0,0.667,0,0,0.0588,0.2475,-0.0050,0.0600
712,10,1,0,0.000,-0.032,-1.000,-1.000,1,1,-0.000,0.000,0.000,0,1.000,0,0,0.0576,0.2486,-0.0044,0.0590
713,10,1,0,0.000,-0.032,-1.000,-1.000,1,1,-0.000,0.000,0.000,0,1.000,0,0,0.0576,0.2493,-0.0039,0.0582
714,10,1,0,0.000,-0.032,-1.000,-1.000,1,1,-0.000,0.000,0.000,0,1.000,0,0,0.0576,0.2492,-0.0039,0.0582
715,10,1,0,0.000,-0.032,-1.000,-1.000,1,1,-0.000,0.000,0.000,0,1.000,0,0,0.0576,0.2493,-0.0039,0.0582
716,10,1,0,0.000,-0.032,-1.000,-1.000,1,1,-0.000,0.000,0.000,0,1.000,0,0,0.0576,0.2493,-0.0039,0.0582
717,10,1,0,0.000,-0.032,-1.000,-1.000,1,1,-0.000,0.000,0.000,0,1.000,0,0,0.0576,0.2493,-0.0039,0.0582
718,10,1,0,0.000,-0.032,-1.000,-1.000,1,1,-0.000,0.000,0.000,0,1.000,0,0,0.0576,0.2493,-0.0039,0.0582
719,10,1,0,0.024,-0.032,-1.000,-1.000,1,1,-0.000,0.000,0.000,0,1.000,0,0,0.0576,0.2493,-0.0039,0.0582
720,10,1,0,0.055,0.055,-1.000,-1.000,1,1,-0.000,0.000,0.000,0,1.000,0,0,0.0576,0.2493,-0.0039,0.0582
721,10,1,0,0.638,0.842,-1.000,-1.000,1,1,-0.517,0.790,0.000,0,1.000,0,0,0.0576,0.2489,-0.0030,0.0583
722,10,1,0,0.638,0.842,-1.000,-1.000,1,1,-0.517,0.790,0.000,0,1.000,0,0,0.0576,0.2484,-0.0021,0.0584
723,10,1,0,0.008,-0.079,-1.000,-1.000,1,1,-0.000,0.000,0.000,0,1.000,0,0,0.0576,0.2481,-0.0011,0.0587
724,10,1,0,0.016,-0.071,-1.000,-1.000,1,1,-0.000,0.000,0.000,0,1.000,0,0,0.0576,0.2478,-0.0007,0.0586
725,10,1,0,0.016,-0.071,-1.000,-1.000,1,1,-0.000,0.000,0.000,0,1.000,0,0,0.0576,0.2478,-0.0007,0.0586
726,10,1,0,-0.016,-0.071,-1.000,-1.000,1,1,-0.000,0.000,0.000,0,1.000,0,0,0.0576,0.2478,-0.0007,0.0586
727,10,1,0,-0.543,-0.039,-1.000,-1.000,1,1,0.391,0.000,0.000,0,1.000,0,0,0.0576,0.2480,-0.0007,0.0586
728,10,1,0,-1.000,-0.039,-1.000,-1.000,1,1,1.000,0.000,0.000,0,1.000,0,0,0.0576,0.2486,-0.0009,0.0589
729,10,1,0,-1.000,-0.039,-1.000,-1.000,1,1,1.000,0.000,0.000,0,1.000,0,0,0.0576,0.2496,-0.0014,0.0594
730,10,1,0,-1.000,-0.039,-1.000,-1.000,1,1,1.000,0.000,0.000,0,1.000,0,0,0.0576,0.2509,-0.0020,0.0601
731,10,1,0,-0.803,0.016,-1.000,-1.000,1,1,0.738,0.000,0.000,0,1.000,0,0,0.0576,0.2524,-0.0025,0.0609
732,10,1,0,-0.016,-0.008,-1.000,-1.000,1,1,-0.000,0.000,0.000,0,1.000,0,0,0.0576,0.2529,-0.0027,0.0613
733,10,1,0,0.000,-0.024,-1.000,-1.000,1,1,-0.000,0.000,0.000,0,1.000,0,0,0.0576,0.2528,-0.0027,0.0613
734,10,1,0,-0.016,-0.024,-1.000,-1.000,1,1,-0.000,0.000,0.000,0,1.000,0,0,0.0576,0.2529,-0.0027,0.0613
735,10,1,0,-0.016,-0.024,-1.000,-1.000,1,1,-0.000,0.000,0.000,0,1.000,0,0,0.0576,0.2529,-0.0027,0.0613
736,10,1,0,0.024,-0.024,-1.000,0.772,1,1,-0.000,0.000,-0.876,0,1.000,0,0,0.0576,0.2527,-0.0028,0.0612
737,10,1,0,0.465,0.110,-1.000,1.000,1,1,-0.286,0.000,-1.000,0,1.000,0,0,0.0576,0.2520,-0.0031,0.0605
738,10,1,0,0.850,0.134,-1.000,1.000,1,1,-0.800,0.000,-1.000,0,1.000,0,0,0.0576,0.2506,-0.0032,0.0593
739,10,1,0,0.276,0.134,-1.000,1.000,1,1,-0.034,0.000,-1.000,0,1.000,0,0,0.0576,0.2498,-0.0033,0.0583
740,10,1,0,0.055,0.402,-1.000,1.000,1,1,-0.000,0.202,-1.000,0,1.000,0,0,0.0576,0.2494,-0.0035,0.0580
741,10,1,0,0.055,0.937,-1.000,1.000,1,1,-0.000,0.916,-1.000,0,1.000,0,0,0.0576,0.2488,-0.0028,0.0579
742,10,1,0,0.268,0.756,-1.000,1.000,1,1,-0.024,0.675,-1.000,0,1.000,0,0,0.0576,0.2483,-0.0021,0.0581
743,10,1,0,0.268,0.654,-1.000,1.000,1,1,-0.024,0.538,-1.000,0,1.000,0,0,0.0576,0.2478,-0.0014,0.0582
744,10,1,0,-0.016,-0.008,-1.000,1.000,1,1,-0.000,0.000,-1.000,0,1.000,0,0,0.0576,0.2474,-0.0011,0.0581
745,10,1,0,0.008,-0.008,-1.000,1.000,1,1,-0.000,0.000,-1.000,0,1.000,0,0,0.0576,0.2472,-0.0013,0.0580
746,10,1,0,-0.906,0.055,-1.000,1.000,1,1,0.874,0.000,-1.000,0,1.000,0,0,0.0576,0.2473,-0.0017,0.0580
747,10,1,0,-1.000,0.055,-1.000,1.000,1,1,1.000,0.000,-1.000,0,1.000,0,0,0.0576,0.2477,-0.0025,0.0579
748,10,1,0,-1.000,0.055,-1.000,1.000,1,1,1.000,0.000,-1.000,0,1.000,0,0,0.0576,0.2483,-0.0034,0.0578
749,10,1,0,-1.000,0.055,-1.000,1.000,1,1,1.000,0.000,-1.000,0,1.000,0,0,0.0576,0.2489,-0.0041,0.0578
750,10,1,0,-1.000,0.197,-1.000,1.000,1,1,1.000,0.000,-1.000,0,1.000,0,0,0.0576,0.2496,-0.0048,0.0580
751,10,1,0,-1.000,0.205,-1.000,1.000,1,1,1.000,0.000,-1.000,0,1.000,0,0,0.0576,0.2504,-0.0053,0.0580
752,10,1,0,-1.000,0.102,-1.000,1.000,1,1,1.000,0.000,-1.000,0,1.000,0,0,0.0576,0.2512,-0.0061,0.0583
753,10,1,0,-1.000,0.102,-1.000,1.000,1,1,1.000,0.000,-1.000,0,1.000,0,0,0.0576,0.2521,-0.0078,0.0583
754,10,1,0,-0.984,0.102,-1.000,1.000,1,1,0.979,0.000,-1.000,0,1.000,0,0,0.0576,0.2529,-0.0087,0.0585
755,10,1,0,-0.638,0.102,-1.000,-1.000,1,1,0.517,0.000,0.000,0,1.000,0,0,0.0576,0.2536,-0.0096,0.0587
756,10,1,0,-0.118,0.031,-1.000,-1.000,1,1,-0.000,0.000,0.000,0,1.000,0,0,0.0576,0.2542,-0.0102,0.0588
757,10,1,0,0.000,-0.016,-1.000,-1.000,1,1,-0.000,0.000,0.000,0,1.000,0,0,0.0576,0.2544,-0.0105,0.0589
758,10,1,0,0.008,-0.016,-1.000,-1.000,1,1,-0.000,0.000,0.000,0,1.000,0,0,0.0576,0.2544,-0.0106,0.0588
759,10,1,0,0.008,-0.016,-1.000,-1.000,1,1,-0.000,0.000,0.000,0,1.000,0,0,0.0576,0.2544,-0.0106,0.0589
760,10,1,0,0.008,-0.016,-1.000,-1.000,1,1,-0.000,0.000,0.000,0,1.000,0,0,0.0576,0.2544,-0.0106,0.0589
761,10,1,0,0.008,-0.016,-1.000,-1.000,1,1,-0.000,0.000,0.000,0,1.000,0,0,0.0576,0.2544,-0.0106,0.0589
762,10,1,1,0.008,-0.016,-1.000,-1.000,1,1,0.000,0.000,0.000,1,1.000,1,1,0.0576,0.2544,-0.0106,0.0589
763,11,1,0,0.008,-0.016,-1.000,-1.000,1,1,-0.000,0.000,0.000,0,0.333,0,0,0.0602,0.2472,-0.0015,0.0614
764,11,1,0,0.008,-0.016,-1.000,-1.000,1,1,-0.000,0.000,0.000,0,0.667,0,0,0.0589,0.2482,-0.0026,0.0602
765,11,1,0,-0.016,-0.016,-1.000,-1.000,1,1,-0.000,0.000,0.000,0,1.000,0,0,0.0576,0.2488,-0.0033,0.0589
766,11,1,0,-0.016,-0.016,-1.000,-1.000,1,1,-0.000,0.000,0.000,0,1.000,0,0,0.0576,0.2493,-0.0038,0.0581
767,11,1,0,-0.016,-0.016,-1.000,-1.000,1,1,-0.000,0.000,0.000,0,1.000,0,0,0.0576,0.2493,-0.0038,0.0582
768,11,1,0,-0.016,-0.016,-1.000,-1.000,1,1,-0.000,0.000,0.000,0,1.000,0,0,0.0576,0.2493,-0.0038,0.0583
769,11,1,0,-0.016,-0.016,-1.000,-1.000,1,1,-0.000,0.000,0.000,0,1.000,0,0,0.0576,0.2493,-0.0038,0.0583
770,11,1,0,-0.063,-0.016,-1.000,-1.000,1,1,-0.000,0.000,0.000,0,1.000,0,0,0.0576,0.2493,-0.0038,0.0583
771,11,1,0,-0.559,-0.016,-1.000,-1.000,1,1,0.412,0.000,0.000,0,1.000,0,0,0.0576,0.2495,-0.0037,0.0583
772,11,1,0,-0.575,-0.016,-1.000,-1.000,1,1,0.433,0.000,0.000,0,1.000,0,0,0.0576,0.2503,-0.0035,0.0585
773,11,1,0,-0.575,-0.016,-1.000,-1.000,1,1,0.433,0.000,0.000,0,1.000,0,0,0.0576,0.2510,-0.0033,0.0585
774,11,1,0,-0.559,-0.016,-1.000,-1.000,1,1,0.412,0.000,0.000,0,1.000,0,0,0.0576,0.2518,-0.0030,0.0586
775,11,1,0,-0.173,-0.016,-1.000,-1.000,1,1,-0.000,0.000,0.000,0,1.000,0,0,0.0576,0.2524,-0.0029,0.0588
776,11,1,0,-0.087,-0.016,-1.000,-1.000,1,1,-0.000,0.000,0.000,0,1.000,0,0,0.0576,0.2523,-0.0029,0.0588
777,11,1,0,-0.063,-0.016,-1.000,-1.000,1,1,-0.000,0.000,0.000,0,1.000,0,0,0.0576,0.2524,-0.0029,0.0588
778,11,1,0,0.000,-0.039,-1.000,-1.000,1,1,-0.000,0.000,0.000,0,1.000,0,0,0.0576,0.2523,-0.0029,0.0588
779,11,1,0,0.016,-0.047,-1.000,1.000,1,1,-0.000,0.000,-1.000,0,1.000,0,0,0.0576,0.2523,-0.0028,0.0586
780,11,1,0,0.031,-0.047,-1.000,1.000,1,1,-0.000,0.000,-1.000,0,1.000,0,0,0.0576,0.2519,-0.0023,0.0581
781,11,1,0,0.031,-0.047,-1.000,1.000,1,1,-0.000,0.000,-1.000,0,1.000,0,0,0.0576,0.2516,-0.0019,0.0576
782,11,1,0,0.024,-0.047,-1.000,1.000,1,1,-0.000,0.000,-1.000,0,1.000,0,0,0.0576,0.2513,-0.0015,0.0571
783,11,1,0,0.024,-0.047,-1.000,1.000,1,1,-0.000,0.000,-1.000,0,1.000,0,0,0.0576,0.2511,-0.0010,0.0567
784,11,1,0,0.024,-0.047,-1.000,1.000,1,1,-0.000,0.000,-1.000,0,1.000,0,0,0.0576,0.2509,-0.0007,0.0564
785,11,1,0,0.024,-0.047,-1.000,1.000,1,1,-0.000,0.000,-1.000,0,1.000,0,0,0.0576,0.2507,-0.0004,0.0562
786,11,1,0,0.024,-0.047,-1.000,1.000,1,1,-0.000,0.000,-1.000,0,1.000,0,0,0.0576,0.2506,-0.0002,0.0560
787,11,1,0,0.024,-0.047,-1.000,1.000,1,1,-0.000,0.000,-1.000,0,1.000,0,0,0.0576,0.2504,0.0000,0.0558
788,11,1,0,0.024,-0.047,-1.000,1.000,1,1,-0.000,0.000,-1.000,0,1.000,0,0,0.0576,0.2503,0.0002,0.0557
789,11,1,0,0.055,-0.047,-1.000,1.000,1,1,-0.000,0.000,-1.000,0,1.000,0,0,0.0576,0.2502,0.0004,0.0556
790,11,1,0,0.055,-0.047,-1.000,1.000,1,1,-0.000,0.000,-1.000,0,1.000,0,0,0.0576,0.2501,0.0005,0.0556
791,11,1,0,0.031,-0.047,-1.000,1.000,1,1,-0.000,0.000,-1.000,0,1.000,0,0,0.0576,0.2500,0.0006,0.0555
792,11,1,0,0.024,-0.047,-1.000,1.000,1,1,-0.000,0.000,-1.000,0,1.000,0,0,0.0576,0.2500,0.0007,0.0555
793,11,1,0,0.024,-0.047,-1.000,1.000,1,1,-0.000,0.000,-1.000,0,1.000,0,0,0.0576,0.2499,0.0007,0.0555
794,11,1,0,0.047,-0.047,-1.000,1.000,1,1,-0.000,0.000,-1.000,0,1.000,0,0,0.0576,0.2499,0.0007,0.0555
795,11,1,0,0.047,-0.047,-1.000,1.000,1,1,-0.000,0.000,-1.000,0,1.000,0,0,0.0576,0.2499,0.0008,0.0555
796,11,1,0,0.031,-0.047,-1.000,1.000,1,1,-0.000,0.000,-1.000,0,1.000,0,0,0.0576,0.2499,0.0008,0.0555
797,11,1,0,0.031,-0.047,-1.000,1.000,1,1,-0.000,0.000,-1.000,0,1.000,0,0,0.0576,0.2499,0.0008,0.0555
798,11,1,0,0.031,-0.047,-1.000,1.000,1,1,-0.000,0.000,-1.000,0,1.000,0,0,0.0576,0.2499,0.0008,0.0555
799,11,1,0,0.031,-0.047,-1.000,1.000,1,1,-0.000,0.000,-1.000,0,1.000,0,0,0.0576,0.2499,0.0008,0.0556
800,11,1,0,0.031,-0.047,-1.000,1.000,1,1,-0.000,0.000,-1.000,0,1.000,0,0,0.0576,0.2499,0.0008,0.0556
801,11,1,0,0.055,-0.039,-1.000,1.000,1,1,-0.000,0.000,-1.000,0,1.000,0,0,0.0576,0.2499,0.0008,0.0556
802,11,1,0,0.795,-0.039,-1.000,1.000,1,1,-0.727,0.000,-1.000,0,1.000,0,0,0.0576,0.2498,0.0008,0.0555
803,11,1,0,1.000,-0.110,-1.000,1.000,1,1,-1.000,0.000,-1.000,0,1.000,0,0,0.0576,0.2495,0.0008,0.0555
804,11,1,0,0.071,-0.134,-1.000,1.000,1,1,-0.000,0.000,-1.000,0,1.000,0,0,0.0576,0.2494,0.0007,0.0556
805,11,1,0,0.016,-0.055,-1.000,1.000,1,1,-0.000,0.000,-1.000,0,1.000,0,0,0.0576,0.2493,0.0007,0.0556
806,11,1,0,0.016,-0.055,-1.000,1.000,1,1,-0.000,0.000,-1.000,0,1.000,0,0,0.0576,0.2492,0.0007,0.0556
807,11,1,0,0.016,-0.055,-1.000,1.000,1,1,-0.000,0.000,-1.000,0,1.000,0,0,0.0576,0.2492,0.0008,0.0556
808,11,1,0,0.024,-0.039,-1.000,1.000,1,1,-0.000,0.000,-1.000,0,1.000,0,0,0.0576,0.2492,0.0008,0.0556
809,11,1,0,-0.693,0.110,-1.000,1.000,1,1,0.591,0.000,-1.000,0,1.000,0,0,0.0576,0.2493,0.0008,0.0556
810,11,1,0,-1.000,0.213,-1.000,1.000,1,1,1.000,0.000,-1.000,0,1.000,0,0,0.0576,0.2493,0.0008,0.0556
811,11,1,0,-1.000,0.213,-1.000,1.000,1,1,1.000,0.000,-1.000,0,1.000,0,0,0.0576,0.2495,0.0009,0.0556
812,11,1,0,-0.976,0.039,-1.000,1.000,1,1,0.969,0.000,-1.000,0,1.000,0,0,0.0576,0.2497,0.0011,0.0556
813,11,1,0,-0.008,-0.016,-1.000,1.000,1,1,-0.000,0.000,-1.000,0,1.000,0,0,0.0576,0.2500,0.0012,0.0556
814,11,1,0,-0.008,-0.024,-1.000,1.000,1,1,-0.000,0.000,-1.000,0,1.000,0,0,0.0576,0.2500,0.0013,0.0556
815,11,1,0,-0.008,-0.024,-1.000,1.000,1,1,-0.000,0.000,-1.000,0,1.000,0,0,0.0576,0.2501,0.0013,0.0556
816,11,1,0,0.047,-0.032,-1.000,1.000,1,1,-0.000,0.000,-1.000,0,1.000,0,0,0.0576,0.2501,0.0013,0.0556
817,11,1,0,1.000,-0.150,-1.000,1.000,1,1,-1.000,0.000,-1.000,0,1.000,0,0,0.0576,0.2500,0.0013,0.0556
818,11,1,0,1.000,-0.181,-1.000,1.000,1,1,-1.000,0.000,-1.000,0,1.000,0,0,0.0576,0.2499,0.0012,0.0556
819,11,1,0,1.000,-0.102,-1.000,1.000,1,1,-1.000,0.000,-1.000,0,1.000,0,0,0.0576,0.2498,0.0011,0.0556
820,11,1,0,-0.008,-0.102,-1.000,1.000,1,1,-0.000,0.000,-1.000,0,1.000,0,0,0.0576,0.2496,0.0011,0.0556
821,11,1,0,-0.008,-0.055,-1.000,1.000,1,1,-0.000,0.000,-1.000,0,1.000,0,0,0.0576,0.2496,0.0011,0.0556
822,11,1,0,-0.008,-1.000,-1.000,1.000,1,1,-0.000,-1.000,-1.000,0,1.000,0,0,0.0576,0.2495,0.0011,0.0556
823,11,1,0,-0.008,-1.000,-1.000,1.000,1,1,-0.000,-1.000,-1.000,0,1.000,0,0,0.0576,0.2494,0.0010,0.0556
824,11,1,0,-0.008,-1.000,-1.000,1.000,1,1,-0.000,-1.000,-1.000,0,1.000,0,0,0.0576,0.2492,0.0010,0.0556
825,11,1,0,-0.008,-0.606,-1.000,1.000,1,1,-0.000,-0.475,-1.000,0,1.000,0,0,0.0576,0.2490,0.0009,0.0556
826,11,1,0,0.008,0.016,-1.000,1.000,1,1,-0.000,0.000,-1.000,0,1.000,0,0,0.0576,0.2490,0.0009,0.0556
827,11,1,0,0.291,1.000,-1.000,1.000,1,1,-0.055,1.000,-1.000,0,1.000,0,0,0.0576,0.2490,0.0009,0.0557
828,11,1,0,0.252,1.000,-1.000,1.000,1,1,-0.003,1.000,-1.000,0,1.000,0,0,0.0576,0.2490,0.0010,0.0557
829,11,1,0,0.181,1.000,-1.000,1.000,1,1,-0.000,1.000,-1.000,0,1.000,0,0,0.0576,0.2491,0.0010,0.0557
830,11,1,0,0.181,1.000,-1.000,1.000,1,1,-0.000,1.000,-1.000,0,1.000,0,0,0.0576,0.2492,0.0010,0.0557
831,11,1,0,0.189,1.000,-1.000,1.000,1,1,-0.000,1.000,-1.000,0,1.000,0,0,0.0576,0.2492,0.0011,0.0558
832,11,1,0,0.386,0.780,-1.000,1.000,1,1,-0.181,0.706,-1.000,0,1.000,0,0,0.0576,0.2493,0.0011,0.0558
833,11,1,0,0.000,-0.039,-1.000,-1.000,1,1,-0.000,0.000,0.000,0,1.000,0,0,0.0576,0.2493,0.0011,0.0558
834,11,1,0,0.008,-0.039,-1.000,-1.000,1,1,-0.000,0.000,0.000,0,1.000,0,0,0.0576,0.2493,0.0011,0.0558
835,11,1,0,0.008,-0.047,-1.000,-1.000,1,1,-0.000,0.000,0.000,0,1.000,0,0,0.0576,0.2493,0.0012,0.0558
836,11,1,0,0.008,-0.039,-1.000,-1.000,1,1,-0.000,0.000,0.000,0,1.000,0,0,0.0576,0.2493,0.0012,0.0558
837,11,1,1,0.008,-0.039,-1.000,-1.000,1,1,0.000,0.000,0.000,1,1.000,1,1,0.0576,0.2493,0.0012,0.0558
838,12,1,0,0.008,-0.039,-1.000,-1.000,1,1,-0.000,0.000,0.000,0,0.333,0,0,0.0592,0.2455,-0.0054,0.0599
839,12,1,0,0.008,-0.039,-1.000,-1.000,1,1,-0.000,0.000,0.000,0,0.667,0,0,0.0584,0.2472,-0.0047,0.0598
840,12,1,0,0.008,-0.039,-1.000,-1.000,1,1,-0.000,0.000,0.000,0,1.000,0,0,0.0576,0.2485,-0.0043,0.0591
841,12,1,0,0.000,-0.047,-1.000,-1.000,1,1,-0.000,0.000,0.000,0,1.000,0,0,0.0576,0.2494,-0.0038,0.0581
842,12,1,0,-0.016,-0.039,-1.000,-1.000,1,1,-0.000,0.000,0.000,0,1.000,0,0,0.0576,0.2493,-0.0038,0.0581
843,12,1,0,-0.024,-0.039,-1.000,-1.000,1,1,-0.000,0.000,0.000,0,1.000,0,0,0.0576,0.2493,-0.0038,0.0581
844,12,1,0,-0.024,-0.047,-1.000,-1.000,1,1,-0.000,0.000,0.000,0,1.000,0,0,0.0576,0.2493,-0.0038,0.0581
845,12,1,0,-0.024,-0.039,-1.000,-1.000,1,1,-0.000,0.000,0.000,0,1.000,0,0,0.0576,0.2493,-0.0038,0.0581
846,12,1,0,-0.071,-0.039,-1.000,-1.000,1,1,-0.000,0.000,0.000,0,1.000,0,0,0.0576,0.2493,-0.0038,0.0581
847,12,1,0,-1.000,-0.024,-1.000,-1.000,1,1,1.000,0.000,0.000,0,1.000,0,0,0.0576,0.2496,-0.0040,0.0583
848,12,1,0,-1.000,0.126,-1.000,-1.000,1,1,1.000,0.000,0.000,0,1.000,0,0,0.0576,0.2504,-0.0048,0.0591
849,12,1,0,-1.000,0.142,-1.000,-1.000,1,1,1.000,0.000,0.000,0,1.000,0,0,0.0576,0.2513,-0.0054,0.0597
850,12,1,0,-0.362,0.165,-1.000,-1.000,1,1,0.150,0.000,0.000,0,1.000,0,0,0.0576,0.2519,-0.0059,0.0604
851,12,1,0,0.024,0.008,-1.000,-1.000,1,1,-0.000,0.000,0.000,0,1.000,0,0,0.0576,0.2519,-0.0059,0.0604
852,12,1,0,0.024,0.000,-1.000,-1.000,1,1,-0.000,0.000,0.000,0,1.000,0,0,0.0576,0.2519,-0.0059,0.0603
853,12,1,0,0.024,0.000,-1.000,-1.000,1,1,-0.000,0.000,0.000,0,1.000,0,0,0.0576,0.2519,-0.0059,0.0603
854,12,1,0,0.024,0.000,-1.000,-1.000,1,1,-0.000,0.000,0.000,0,1.000,0,0,0.0576,0.2519,-0.0059,0.0603
855,12,1,0,0.024,-0.008,-1.000,0.016,1,1,-0.000,0.000,-0.465,0,1.000,0,0,0.0576,0.2518,-0.0059,0.0603
856,12,1,0,0.008,-0.008,-1.000,1.000,1,1,-0.000,0.000,-1.000,0,1.000,0,0,0.0576,0.2514,-0.0060,0.0597
857,12,1,0,0.008,-0.008,-1.000,1.000,1,1,-0.000,0.000,-1.000,0,1.000,0,0,0.0576,0.2508,-0.0062,0.0588
858,12,1,0,0.008,-0.008,-1.000,1.000,1,1,-0.000,0.000,-1.000,0,1.000,0,0,0.0576,0.2505,-0.0064,0.0585
859,12,1,0,0.008,-0.008,-1.000,1.000,1,1,-0.000,0.000,-1.000,0,1.000,0,0,0.0576,0.2503,-0.0065,0.0584
860,12,1,0,0.008,-0.008,-1.000,1.000,1,1,-0.000,0.000,-1.000,0,1.000,0,0,0.0576,0.2500,-0.0068,0.0583
861,12,1,0,0.008,-0.008,-1.000,1.000,1,1,-0.000,0.000,-1.000,0,1.000,0,0,0.0576,0.2498,-0.0070,0.0581
862,12,1,0,0.008,-0.008,-1.000,-1.000,1,1,-0.000,0.000,0.000,0,1.000,0,0,0.0576,0.2497,-0.0071,0.0581
863,12,1,1,0.008,-0.008,-1.000,-1.000,1,1,0.000,0.000,0.000,1,1.000,1,1,0.0576,0.2497,-0.0071,0.0581
864,13,1,0,0.008,-0.008,-1.000,-1.000,1,1,-0.000,0.000,0.000,0,0.333,0,0,0.0595,0.2497,-0.0072,0.0602
865,13,1,0,0.008,-0.008,-1.000,-1.000,1,1,-0.000,0.000,0.000,0,0.667,0,0,0.0586,0.2496,-0.0060,0.0592
866,13,1,0,0.008,-0.008,-1.000,-1.000,1,1,-0.000,0.000,0.000,0,1.000,0,0,0.0576,0.2495,-0.0048,0.0589
867,13,1,0,0.008,-0.008,-1.000,-1.000,1,1,-0.000,0.000,0.000,0,1.000,0,0,0.0576,0.2494,-0.0042,0.0585
868,13,1,0,0.008,-0.008,-1.000,-1.000,1,1,-0.000,0.000,0.000,0,1.000,0,0,0.0576,0.2494,-0.0042,0.0585
869,13,1,0,0.008,-0.008,-1.000,-1.000,1,1,-0.000,0.000,0.000,0,1.000,0,0,0.0576,0.2494,-0.0042,0.0585
870,13,1,0,0.008,-0.008,-1.000,-1.000,1,1,-0.000,0.000,0.000,0,1.000,0,0,0.0576,0.2494,-0.0042,0.0584
871,13,1,0,0.008,-0.008,-1.000,-1.000,1,1,-0.000,0.000,0.000,0,1.000,0,0,0.0576,0.2494,-0.0042,0.0584
872,13,1,0,0.008,0.008,-1.000,-1.000,1,1,-0.000,0.000,0.000,0,1.000,0,0,0.0576,0.2494,-0.0042,0.0584
873,13,1,0,-0.063,0.047,-1.000,-1.000,1,1,-0.000,0.000,0.000,0,1.000,0,0,0.0576,0.2494,-0.0042,0.0584
874,13,1,0,-0.339,0.063,-1.000,-1.000,1,1,0.118,0.000,0.000,0,1.000,0,0,0.0576,0.2495,-0.0042,0.0584
875,13,1,0,-1.000,0.110,-1.000,-1.000,1,1,1.000,0.000,0.000,0,1.000,0,0,0.0576,0.2505,-0.0039,0.0583
876,13,1,0,-0.646,0.118,-1.000,-1.000,1,1,0.528,0.000,0.000,0,1.000,0,0,0.0576,0.2523,-0.0033,0.0576
877,13,1,0,-0.055,0.008,-1.000,-1.000,1,1,-0.000,0.000,0.000,0,1.000,0,0,0.0576,0.2526,-0.0031,0.0573
878,13,1,0,-0.032,-0.008,-1.000,-1.000,1,1,-0.000,0.000,0.000,0,1.000,0,0,0.0576,0.2526,-0.0031,0.0574
879,13,1,0,-0.032,-0.024,-1.000,-1.000,1,1,-0.000,0.000,0.000,0,1.000,0,0,0.0576,0.2526,-0.0032,0.0574
880,13,1,0,-0.024,-0.032,-1.000,-1.000,1,1,-0.000,0.000,0.000,0,1.000,0,0,0.0576,0.2526,-0.0032,0.0575
881,13,1,0,-0.039,-0.032,-1.000,-1.000,1,1,-0.000,0.000,0.000,0,1.000,0,0,0.0576,0.2526,-0.0032,0.0575
882,13,1,0,-0.961,-0.039,-1.000,-1.000,1,1,0.948,0.000,0.000,0,1.000,0,0,0.0576,0.2534,-0.0030,0.0574
883,13,1,0,-0.016,-0.008,-1.000,-1.000,1,1,-0.000,0.000,0.000,0,1.000,0,0,0.0576,0.2541,-0.0029,0.0575
884,13,1,0,-0.008,-0.016,-1.000,-1.000,1,1,-0.000,0.000,0.000,0,1.000,0,0,0.0576,0.2542,-0.0029,0.0575
885,13,1,0,-0.008,-0.016,-1.000,-1.000,1,1,-0.000,0.000,0.000,0,1.000,0,0,0.0576,0.2542,-0.0029,0.0575
886,13,1,0,-0.008,-0.016,-1.000,-1.000,1,1,-0.000,0.000,0.000,0,1.000,0,0,0.0576,0.2542,-0.0029,0.0575
887,13,1,0,-0.543,0.016,-1.000,-1.000,1,1,0.391,0.000,0.000,0,1.000,0,0,0.0576,0.2545,-0.0029,0.0574
888,13,1,0,-0.921,0.008,-1.000,-1.000,1,1,0.895,0.000,0.000,0,1.000,0,0,0.0576,0.2553,-0.0027,0.0574
889,13,1,0,-0.024,-0.047,-1.000,-1.000,1,1,-0.000,0.000,0.000,0,1.000,0,0,0.0576,0.2562,-0.0024,0.0576
890,13,1,0,0.024,-0.063,-1.000,-1.000,1,1,-0.000,0.000,0.000,0,1.000,0,0,0.0576,0.2563,-0.0024,0.0578
891,13,1,0,0.039,-0.063,-1.000,-1.000,1,1,-0.000,0.000,0.000,0,1.000,0,0,0.0576,0.2563,-0.0023,0.0578
892,13,1,0,0.071,-0.063,-1.000,-1.000,1,1,-0.000,0.000,0.000,0,1.000,0,0,0.0576,0.2563,-0.0024,0.0578
893,13,1,0,0.622,-0.315,-1.000,-1.000,1,1,-0.496,-0.087,0.000,0,1.000,0,0,0.0576,0.2560,-0.0025,0.0578
894,13,1,0,0.984,-0.339,-1.000,-1.000,1,1,-0.979,-0.118,0.000,0,1.000,0,0,0.0576,0.2549,-0.0028,0.0577
895,13,1,0,0.000,-0.016,-1.000,-1.000,1,1,-0.000,0.000,0.000,0,1.000,0,0,0.0576,0.2542,-0.0031,0.0577
896,13,1,0,0.000,-0.016,-1.000,-1.000,1,1,-0.000,0.000,0.000,0,1.000,0,0,0.0576,0.2543,-0.0032,0.0576
897,13,1,0,0.008,-0.016,-1.000,-1.000,1,1,-0.000,0.000,0.000,0,1.000,0,0,0.0576,0.2543,-0.0032,0.0576
898,13,1,0,0.480,-0.008,-1.000,-1.000,1,1,-0.307,0.000,0.000,0,1.000,0,0,0.0576,0.2541,-0.0032,0.0576
899,13,1,0,1.000,-0.039,-1.000,-1.000,1,1,-1.000,0.000,0.000,0,1.000,0,0,0.0576,0.2529,-0.0034,0.0575
900,13,1,0,0.008,-0.047,-1.000,-1.000,1,1,-0.000,0.000,0.000,0,1.000,0,0,0.0576,0.2514,-0.0035,0.0575
901,13,1,0,0.000,-0.047,-1.000,-1.000,1,1,-0.000,0.000,0.000,0,1.000,0,0,0.0576,0.2517,-0.0035,0.0575
902,13,1,0,0.008,0.000,-1.000,-1.000,1,1,-0.000,0.000,0.000,0,1.000,0,0,0.0576,0.2517,-0.0035,0.0575
903,13,1,0,0.016,0.157,-1.000,-1.000,1,1,-0.000,0.000,0.000,0,1.000,0,0,0.0576,0.2517,-0.0035,0.0575
904,13,1,0,-0.063,0.858,-1.000,-1.000,1,1,-0.000,0.811,0.000,0,1.000,0,0,0.0576,0.2518,-0.0033,0.0575
905,13,1,0,-0.039,0.008,-1.000,-1.000,1,1,-0.000,0.000,0.000,0,1.000,0,0,0.0576,0.2521,-0.0029,0.0580
906,13,1,0,0.000,-0.008,-1.000,-1.000,1,1,-0.000,0.000,0.000,0,1.000,0,0,0.0576,0.2520,-0.0030,0.0581
907,13,1,0,0.008,0.016,-1.000,-1.000,1,1,-0.000,0.000,0.000,0,1.000,0,0,0.0576,0.2520,-0.0030,0.0581
908,13,1,0,0.173,1.000,-1.000,-1.000,1,1,-0.000,1.000,0.000,0,1.000,0,0,0.0576,0.2523,-0.0027,0.0582
909,13,1,0,0.031,0.346,-1.000,-1.000,1,1,-0.000,0.129,0.000,0,1.000,0,0,0.0576,0.2527,-0.0021,0.0591
910,13,1,0,0.008,-0.063,-1.000,-1.000,1,1,-0.000,0.000,0.000,0,1.000,0,0,0.0576,0.2525,-0.0020,0.0593
911,13,1,0,0.016,-0.055,-1.000,-1.000,1,1,-0.000,0.000,0.000,0,1.000,0,0,0.0576,0.2526,-0.0020,0.0592
912,13,1,0,0.016,-0.055,-1.000,-1.000,1,1,-0.000,0.000,0.000,0,1.000,0,0,0.0576,0.2526,-0.0020,0.0592
913,13,1,0,0.016,-0.055,-1.000,1.000,1,1,-0.000,0.000,-1.000,0,1.000,0,0,0.0576,0.2526,-0.0023,0.0589
914,13,1,0,0.016,-0.055,-1.000,1.000,1,1,-0.000,0.000,-1.000,0,1.000,0,0,0.0576,0.2526,-0.0026,0.0581
915,13,1,0,0.016,-0.055,-1.000,1.000,1,1,-0.000,0.000,-1.000,0,1.000,0,0,0.0576,0.2526,-0.0031,0.0573
916,13,1,0,0.016,-0.055,-1.000,1.000,1,1,-0.000,0.000,-1.000,0,1.000,0,0,0.0576,0.2526,-0.0033,0.0571
917,13,1,0,0.031,0.102,-1.000,1.000,1,1,-0.000,0.000,-1.000,0,1.000,0,0,0.0576,0.2526,-0.0035,0.0570
918,13,1,0,0.299,0.992,-1.000,1.000,1,1,-0.066,0.989,-1.000,0,1.000,0,0,0.0576,0.2528,-0.0036,0.0570
919,13,1,0,0.307,0.992,-1.000,1.000,1,1,-0.076,0.989,-1.000,0,1.000,0,0,0.0576,0.2530,-0.0035,0.0571
920,13,1,0,0.307,0.992,-1.000,1.000,1,1,-0.076,0.989,-1.000,0,1.000,0,0,0.0576,0.2533,-0.0034,0.0571
921,13,1,0,0.000,-0.024,-1.000,1.000,1,1,-0.000,0.000,-1.000,0,1.000,0,0,0.0576,0.2534,-0.0034,0.0571
922,13,1,0,0.008,0.157,-1.000,1.000,1,1,-0.000,0.000,-1.000,0,1.000,0,0,0.0576,0.2535,-0.0036,0.0569
923,13,1,0,0.024,1.000,-1.000,1.000,1,1,-0.000,1.000,-1.000,0,1.000,0,0,0.0576,0.2537,-0.0036,0.0570
924,13,1,0,0.024,1.000,-1.000,1.000,1,1,-0.000,1.000,-1.000,0,1.000,0,0,0.0576,0.2539,-0.0035,0.0570
925,13,1,0,0.024,1.000,-1.000,1.000,1,1,-0.000,1.000,-1.000,0,1.000,0,0,0.0576,0.2545,-0.0033,0.0571
926,13,1,0,0.024,1.000,-1.000,1.000,1,1,-0.000,1.000,-1.000,0,1.000,0,0,0.0576,0.2550,-0.0031,0.0572
927,13,1,0,0.008,1.000,-1.000,1.000,1,1,-0.000,1.000,-1.000,0,1.000,0,0,0.0576,0.2554,-0.0030,0.0573
928,13,1,0,-0.016,1.000,-1.000,1.000,1,1,-0.000,1.000,-1.000,0,1.000,0,0,0.0576,0.2559,-0.0027,0.0575
929,13,1,0,0.000,0.354,-1.000,1.000,1,1,-0.000,0.139,-1.000,0,1.000,0,0,0.0576,0.2562,-0.0027,0.0577
930,13,1,0,0.016,-0.063,-1.000,1.000,1,1,-0.000,0.000,-1.000,0,1.000,0,0,0.0576,0.2562,-0.0029,0.0575
931,13,1,0,0.016,-0.055,-1.000,1.000,1,1,-0.000,0.000,-1.000,0,1.000,0,0,0.0576,0.2563,-0.0032,0.0574
932,13,1,0,0.016,-0.055,-1.000,1.000,1,1,-0.000,0.000,-1.000,0,1.000,0,0,0.0576,0.2563,-0.0036,0.0573
933,13,1,0,0.016,-0.055,-1.000,1.000,1,1,-0.000,0.000,-1.000,0,1.000,0,0,0.0576,0.2564,-0.0038,0.0572
934,13,1,0,0.016,-0.055,-1.000,1.000,1,1,-0.000,0.000,-1.000,0,1.000,0,0,0.0576,0.2564,-0.0041,0.0572
935,13,1,0,0.016,-0.055,-1.000,1.000,1,1,-0.000,0.000,-1.000,1,1.000,1,0,0.0576,0.2564,-0.0042,0.0572
936,13,1,0,0.016,-0.055,-1.000,1.000,1,1,-0.000,0.000,-1.000,1,1.000,1,0,0.0576,0.2563,-0.0043,0.0572
937,13,1,0,0.008,-0.032,-1.000,1.000,1,1,-0.000,0.000,-1.000,0,1.000,0,0,0.0576,0.2563,-0.0044,0.0572
938,13,1,0,-0.126,0.260,-1.000,1.000,1,1,-0.000,0.013,-1.000,0,1.000,0,0,0.0576,0.2563,-0.0044,0.0572
939,13,1,0,-0.614,0.842,-1.000,1.000,1,1,0.486,0.790,-1.000,0,1.000,0,0,0.0576,0.2564,-0.0044,0.0572
940,13,1,0,-0.661,0.803,-1.000,1.000,1,1,0.549,0.738,-1.000,0,1.000,0,0,0.0576,0.2567,-0.0044,0.0572
941,13,1,0,-0.480,0.315,-1.000,1.000,1,1,0.307,0.087,-1.000,1,1.000,1,0,0.0576,0.2569,-0.0044,0.0573
942,13,1,0,-0.039,-0.024,-1.000,1.000,1,1,-0.000,0.000,-1.000,1,1.000,1,0,0.0576,0.2570,-0.0044,0.0573
943,13,1,0,-0.024,-0.039,-1.000,1.000,1,1,-0.000,0.000,-1.000,1,1.000,1,0,0.0576,0.2570,-0.0044,0.0573
944,13,1,0,-0.008,-0.039,-1.000,1.000,1,1,-0.000,0.000,-1.000,1,1.000,1,0,0.0576,0.2570,-0.0045,0.0573
945,13,1,0,0.000,-0.039,-1.000,1.000,1,1,-0.000,0.000,-1.000,1,1.000,1,0,0.0576,0.2569,-0.0045,0.0573
946,13,1,0,-0.016,0.008,-1.000,1.000,1,1,-0.000,0.000,-1.000,1,1.000,1,0,0.0576,0.2569,-0.0045,0.0573
947,13,1,0,-0.047,0.016,-1.000,1.000,1,1,-0.000,0.000,-1.000,1,1.000,1,0,0.0576,0.2569,-0.0045,0.0573
948,13,1,0,-0.047,0.016,-1.000,1.000,1,1,-0.000,0.000,-1.000,1,1.000,1,0,0.0576,0.2568,-0.0046,0.0573
949,13,1,0,-0.055,-0.047,-1.000,1.000,1,1,-0.000,0.000,-1.000,1,1.000,1,0,0.0576,0.2568,-0.0046,0.0573
950,13,1,0,-0.063,-0.102,-1.000,1.000,1,1,-0.000,0.000,-1.000,1,1.000,1,0,0.0576,0.2568,-0.0046,0.0573
951,13,1,0,-0.504,-0.228,-1.000,1.000,1,1,0.339,0.000,-1.000,1,1.000,1,0,0.0576,0.2568,-0.0046,0.0573
952,13,1,0,-0.953,-0.433,-1.000,1.000,1,1,0.937,-0.244,-1.000,1,1.000,1,0,0.0576,0.2568,-0.0046,0.0573
953,13,1,0,-0.953,-0.433,-1.000,1.000,1,1,0.937,-0.244,-1.000,1,1.000,1,0,0.0576,0.2569,-0.0045,0.0573
954,13,1,0,-0.953,-0.433,-1.000,1.000,1,1,0.937,-0.244,-1.000,1,1.000,1,0,0.0576,0.2570,-0.0045,0.0574
955,13,1,0,-0.953,-0.433,-1.000,1.000,1,1,0.937,-0.244,-1.000,1,1.000,1,0,0.0576,0.2572,-0.0046,0.0574
956,13,1,0,-0.953,-0.433,-1.000,1.000,1,1,0.937,-0.244,-1.000,1,1.000,1,0,0.0576,0.2573,-0.0045,0.0574
957,13,1,0,-0.441,-0.512,-1.000,-0.685,1,1,0.255,-0.349,-0.084,1,1.000,1,0,0.0576,0.2575,-0.0046,0.0574
958,13,1,0,0.016,-0.102,-1.000,-1.000,1,1,-0.000,0.000,0.000,1,1.000,1,0,0.0576,0.2576,-0.0046,0.0574
959,13,1,0,0.016,-0.063,-1.000,-1.000,1,1,-0.000,0.000,0.000,1,1.000,1,0,0.0576,0.2577,-0.0046,0.0575
960,13,1,1,0.016,-0.063,-1.000,-1.000,1,1,0.000,0.000,0.000,1,1.000,1,1,0.0576,0.2577,-0.0046,0.0575
961,14,1,0,0.000,-0.039,-1.000,-1.000,1,1,-0.000,0.000,0.000,0,0.333,0,0,0.0608,0.2493,-0.0021,0.0620
962,14,1,0,0.000,-0.039,-1.000,-1.000,1,1,-0.000,0.000,0.000,0,0.667,0,0,0.0592,0.2492,-0.0028,0.0604
963,14,1,0,0.000,-0.039,-1.000,-1.000,1,1,-0.000,0.000,0.000,0,1.000,0,0,0.0576,0.2492,-0.0032,0.0589
964,14,1,0,0.000,-0.039,-1.000,-1.000,1,1,-0.000,0.000,0.000,0,1.000,0,0,0.0576,0.2494,-0.0036,0.0581
965,14,1,0,0.000,-0.039,-1.000,-1.000,1,1,-0.000,0.000,0.000,0,1.000,0,0,0.0576,0.2494,-0.0038,0.0582
966,14,1,0,0.000,-0.039,-1.000,-1.000,1,1,-0.000,0.000,0.000,0,1.000,0,0,0.0576,0.2494,-0.0038,0.0582
967,14,1,0,0.000,-0.008,-1.000,-1.000,1,1,-0.000,0.000,0.000,0,1.000,0,0,0.0576,0.2494,-0.0038,0.0583
968,14,1,0,-0.039,0.055,-1.000,-1.000,1,1,-0.000,0.000,0.000,0,1.000,0,0,0.0576,0.2494,-0.0038,0.0583
969,14,1,0,-0.095,0.094,-1.000,-1.000,1,1,-0.000,0.000,0.000,0,1.000,0,0,0.0576,0.2494,-0.0038,0.0583
970,14,1,0,-0.102,0.016,-1.000,-1.000,1,1,-0.000,0.000,0.000,0,1.000,0,0,0.0576,0.2494,-0.0038,0.0583
971,14,1,0,-0.126,0.008,-1.000,-1.000,1,1,-0.000,0.000,0.000,0,1.000,0,0,0.0576,0.2494,-0.0038,0.0583
972,14,1,0,-1.000,0.016,-1.000,-1.000,1,1,1.000,0.000,0.000,0,1.000,0,0,0.0576,0.2502,-0.0038,0.0583
973,14,1,0,-1.000,0.016,-1.000,-1.000,1,1,1.000,0.000,0.000,0,1.000,0,0,0.0576,0.2526,-0.0040,0.0580
974,14,1,0,-1.000,0.016,-1.000,-1.000,1,1,1.000,0.000,0.000,0,1.000,0,0,0.0576,0.2543,-0.0038,0.0578
975,14,1,0,-0.543,0.016,-1.000,-1.000,1,1,0.391,0.000,0.000,0,1.000,0,0,0.0576,0.2557,-0.0039,0.0580
976,14,1,0,-0.008,-0.039,-1.000,-1.000,1,1,-0.000,0.000,0.000,0,1.000,0,0,0.0576,0.2560,-0.0040,0.0582
977,14,1,0,0.008,-0.039,-1.000,-1.000,1,1,-0.000,0.000,0.000,0,1.000,0,0,0.0576,0.2560,-0.0040,0.0582
978,14,1,0,0.008,-0.039,-1.000,-1.000,1,1,-0.000,0.000,0.000,0,1.000,0,0,0.0576,0.2560,-0.0040,0.0582
979,14,1,0,0.008,-0.039,-1.000,-1.000,1,1,-0.000,0.000,0.000,0,1.000,0,0,0.0576,0.2560,-0.0041,0.0582
980,14,1,0,0.480,0.024,-1.000,-1.000,1,1,-0.307,0.000,0.000,0,1.000,0,0,0.0576,0.2559,-0.0041,0.0582
981,14,1,0,1.000,0.102,-1.000,-1.000,1,1,-1.000,0.000,0.000,0,1.000,0,0,0.0576,0.2548,-0.0041,0.0583
982,14,1,0,0.000,-0.039,-1.000,-1.000,1,1,-0.000,0.000,0.000,0,1.000,0,0,0.0576,0.2539,-0.0042,0.0582
983,14,1,0,0.000,-0.039,-1.000,-1.000,1,1,-0.000,0.000,0.000,0,1.000,0,0,0.0576,0.2540,-0.0041,0.0582
984,14,1,0,0.000,-0.039,-1.000,-1.000,1,1,-0.000,0.000,0.000,0,1.000,0,0,0.0576,0.2540,-0.0041,0.0582
985,14,1,0,0.008,-0.032,-1.000,-1.000,1,1,-0.000,0.000,0.000,0,1.000,0,0,0.0576,0.2540,-0.0041,0.0582
986,14,1,0,0.031,0.008,-1.000,-1.000,1,1,-0.000,0.000,0.000,0,1.000,0,0,0.0576,0.2540,-0.0041,0.0582
987,14,1,0,-0.032,0.063,-1.000,-1.000,1,1,-0.000,0.000,0.000,0,1.000,0,0,0.0576,0.2540,-0.0041,0.0582
988,14,1,0,-0.307,0.780,-1.000,-1.000,1,1,0.076,0.706,0.000,0,1.000,0,0,0.0576,0.2541,-0.0036,0.0580
989,14,1,0,-0.409,0.929,-1.000,-1.000,1,1,0.213,0.905,0.000,0,1.000,0,0,0.0576,0.2542,-0.0021,0.0572
990,14,1,0,-0.032,-0.016,-1.000,-1.000,1,1,-0.000,0.000,0.000,0,1.000,0,0,0.0576,0.2542,-0.0013,0.0570
991,14,1,0,-0.008,-0.024,-1.000,-1.000,1,1,-0.000,0.000,0.000,0,1.000,0,0,0.0576,0.2542,-0.0012,0.0571
992,14,1,0,0.016,-0.039,-1.000,-1.000,1,1,-0.000,0.000,0.000,0,1.000,0,0,0.0576,0.2541,-0.0012,0.0570
993,14,1,0,0.016,-0.039,-1.000,-1.000,1,1,-0.000,0.000,0.000,0,1.000,0,0,0.0576,0.2541,-0.0012,0.0570
994,14,1,0,0.016,-0.039,-1.000,-1.000,1,1,-0.000,0.000,0.000,0,1.000,0,0,0.0576,0.2541,-0.0012,0.0570
995,14,1,0,0.016,-0.039,-1.000,1.000,1,1,-0.000,0.000,-1.000,0,1.000,0,0,0.0576,0.2541,-0.0011,0.0569
996,14,1,0,0.016,-0.039,-1.000,1.000,1,1,-0.000,0.000,-1.000,0,1.000,0,0,0.0576,0.2542,-0.0007,0.0569
997,14,1,0,0.016,-0.039,-1.000,1.000,1,1,-0.000,0.000,-1.000,0,1.000,0,0,0.0576,0.2542,-0.0004,0.0568
998,14,1,0,0.016,-0.039,-1.000,1.000,1,1,-0.000,0.000,-1.000,0,1.000,0,0,0.0576,0.2543,0.0000,0.0567
999,14,1,0,0.024,-0.071,-1.000,1.000,1,1,-0.000,0.000,-1.000,0,1.000,0,0,0.0576,0.2543,0.0003,0.0567
1000,14,1,0,0.016,-0.291,-1.000,1.000,1,1,-0.000,-0.055,-1.000,0,1.000,0,0,0.0576,0.2544,0.0005,0.0567
1001,14,1,0,-0.252,-0.598,-1.000,1.000,1,1,0.003,-0.465,-1.000,0,1.000,0,0,0.0576,0.2544,0.0005,0.0567
1002,14,1,0,-0.654,-0.811,-1.000,1.000,1,1,0.538,-0.748,-1.000,0,1.000,0,0,0.0576,0.2549,0.0001,0.0567
1003,14,1,0,-0.008,-0.087,-1.000,1.000,1,1,-0.000,0.000,-1.000,0,1.000,0,0,0.0576,0.2552,0.0000,0.0567
1004,14,1,0,-0.008,-0.047,-1.000,1.000,1,1,-0.000,0.000,-1.000,0,1.000,0,0,0.0576,0.2552,0.0002,0.0567
1005,14,1,0,-0.016,-0.047,-1.000,1.000,1,1,-0.000,0.000,-1.000,0,1.000,0,0,0.0576,0.2553,0.0004,0.0567
1006,14,1,0,-0.724,-0.764,-1.000,1.000,1,1,0.633,-0.685,-1.000,0,1.000,0,0,0.0576,0.2558,0.0002,0.0568
1007,14,1,0,-0.654,-0.811,-1.000,1.000,1,1,0.538,-0.748,-1.000,0,1.000,0,0,0.0576,0.2568,-0.0003,0.0570
1008,14,1,0,-0.654,-0.827,-1.000,1.000,1,1,0.538,-0.769,-1.000,0,1.000,0,0,0.0576,0.2574,-0.0011,0.0572
1009,14,1,0,-0.654,-0.827,-1.000,1.000,1,1,0.538,-0.769,-1.000,0,1.000,0,0,0.0576,0.2584,-0.0022,0.0581
1010,14,1,0,-0.654,-0.827,-1.000,1.000,1,1,0.538,-0.769,-1.000,0,1.000,0,0,0.0576,0.2592,-0.0031,0.0588
1011,14,1,0,-0.646,-0.827,-1.000,-1.000,1,1,0.528,-0.769,0.000,0,1.000,0,0,0.0576,0.2595,-0.0038,0.0592
1012,14,1,0,-0.008,-0.102,-1.000,-1.000,1,1,-0.000,0.000,0.000,0,1.000,0,0,0.0576,0.2631,-0.0049,0.0599
1013,14,1,0,-0.008,-0.032,-1.000,-1.000,1,1,-0.000,0.000,0.000,0,1.000,0,0,0.0576,0.2642,-0.0054,0.0595
1014,14,1,0,-0.008,-0.032,-1.000,-1.000,1,1,-0.000,0.000,0.000,0,1.000,0,0,0.0576,0.2660,-0.0055,0.0594
1015,14,1,0,-0.008,-0.032,-1.000,-1.000,1,1,-0.000,0.000,0.000,0,1.000,0,0,0.0576,0.2659,-0.0055,0.0595
1016,14,1,1,-0.008,-0.032,-1.000,-1.000,1,1,0.000,0.000,0.000,1,1.000,1,1,0.0576,0.2660,-0.0056,0.0595
1017,15,1,0,-0.008,-0.032,-1.000,-1.000,1,1,-0.000,0.000,0.000,0,0.333,0,0,0.0620,0.2512,-0.0079,0.0638
1018,15,1,0,0.000,-0.032,-1.000,-1.000,1,1,-0.000,0.000,0.000,0,0.667,0,0,0.0598,0.2513,-0.0078,0.0638
1019,15,1,0,0.000,-0.032,-1.000,-1.000,1,1,-0.000,0.000,0.000,0,1.000,0,0,0.0576,0.2512,-0.0075,0.0627
1020,15,1,0,-0.008,-0.032,-1.000,-1.000,1,1,-0.000,0.000,0.000,0,1.000,0,0,0.0576,0.2501,-0.0048,0.0600
1021,15,1,0,-0.008,-0.032,-1.000,-1.000,1,1,-0.000,0.000,0.000,0,1.000,0,0,0.0576,0.2497,-0.0040,0.0582
1022,15,1,0,-0.008,-0.032,-1.000,-1.000,1,1,-0.000,0.000,0.000,0,1.000,0,0,0.0576,0.2498,-0.0039,0.0584
1023,15,1,0,-0.008,-0.032,-1.000,-1.000,1,1,-0.000,0.000,0.000,0,1.000,0,0,0.0576,0.2496,-0.0042,0.0584
1024,15,1,0,-0.008,-0.032,-1.000,-1.000,1,1,-0.000,0.000,0.000,0,1.000,0,0,0.0576,0.2497,-0.0041,0.0584
1025,15,1,0,-0.008,-0.032,-1.000,-1.000,1,1,-0.000,0.000,0.000,0,1.000,0,0,0.0576,0.2497,-0.0041,0.0584
1026,15,1,0,-0.008,-0.032,-1.000,-1.000,1,1,-0.000,0.000,0.000,0,1.000,0,0,0.0576,0.2497,-0.0041,0.0584
1027,15,1,0,-0.008,-0.032,-1.000,-1.000,1,1,-0.000,0.000,0.000,0,1.000,0,0,0.0576,0.2497,-0.0041,0.0584
1028,15,1,0,-0.008,-0.032,-1.000,-1.000,1,1,-0.000,0.000,0.000,0,1.000,0,0,0.0576,0.2497,-0.0041,0.0584
1029,15,1,0,-0.008,-0.032,-1.000,-1.000,1,1,-0.000,0.000,0.000,0,1.000,0,0,0.0576,0.2497,-0.0041,0.0584
1030,15,1,0,-0.008,-0.032,-1.000,-1.000,1,1,-0.000,0.000,0.000,0,1.000,0,0,0.0576,0.2497,-0.0041,0.0584
1031,15,1,0,-0.008,-0.032,-1.000,-1.000,1,1,-0.000,0.000,0.000,0,1.000,0,0,0.0576,0.2497,-0.0041,0.0584
1032,15,1,0,-0.008,-0.032,-1.000,-1.000,1,1,-0.000,0.000,0.000,0,1.000,0,0,0.0576,0.2497,-0.0041,0.0584
1033,15,1,0,-0.008,-0.032,-1.000,-1.000,1,1,-0.000,0.000,0.000,0,1.000,0,0,0.0576,0.2497,-0.0041,0.0584
1034,15,1,0,-0.008,-0.032,-1.000,-1.000,1,1,-0.000,0.000,0.000,0,1.000,0,0,0.0576,0.2497,-0.0041,0.0584
1035,15,1,0,0.000,-0.032,-1.000,-1.000,1,1,-0.000,0.000,0.000,0,1.000,0,0,0.0576,0.2497,-0.0041,0.0584
1036,15,1,0,0.000,-0.032,-1.000,-1.000,1,1,-0.000,0.000,0.000,0,1.000,0,0,0.0576,0.2497,-0.0041,0.0584
1037,15,1,0,-0.016,0.252,-1.000,-1.000,1,1,-0.000,0.003,0.000,0,1.000,0,0,0.0576,0.2497,-0.0041,0.0584
1038,15,1,0,-0.024,0.976,-1.000,-1.000,1,1,-0.000,0.968,0.000,0,1.000,0,0,0.0576,0.2498,-0.0034,0.0586
1039,15,1,0,0.110,0.551,-1.000,-1.000,1,1,-0.000,0.402,0.000,0,1.000,0,0,0.0576,0.2499,-0.0024,0.0591
1040,15,1,0,0.016,-0.055,-1.000,-1.000,1,1,-0.000,0.000,0.000,0,1.000,0,0,0.0576,0.2499,-0.0018,0.0594
1041,15,1,0,0.016,-0.055,-1.000,-1.000,1,1,-0.000,0.000,0.000,0,1.000,0,0,0.0576,0.2499,-0.0018,0.0593
1042,15,1,0,0.016,-0.047,-1.000,-1.000,1,1,-0.000,0.000,0.000,0,1.000,0,0,0.0576,0.2499,-0.0017,0.0593
1043,15,1,0,0.016,-0.047,-1.000,-1.000,1,1,-0.000,0.000,0.000,0,1.000,0,0,0.0576,0.2499,-0.0017,0.0592
1044,15,1,0,0.008,-0.047,-1.000,0.630,1,1,-0.000,0.000,-0.799,0,1.000,0,0,0.0576,0.2499,-0.0017,0.0592
1045,15,1,0,0.000,-0.039,-1.000,1.000,1,1,-0.000,0.000,-1.000,0,1.000,0,0,0.0576,0.2500,-0.0021,0.0588
1046,15,1,0,0.008,0.000,-1.000,1.000,1,1,-0.000,0.000,-1.000,0,1.000,0,0,0.0576,0.2502,-0.0025,0.0585
1047,15,1,0,0.039,0.543,-1.000,1.000,1,1,-0.000,0.391,-1.000,0,1.000,0,0,0.0576,0.2505,-0.0028,0.0582
1048,15,1,0,0.024,1.000,-1.000,1.000,1,1,-0.000,1.000,-1.000,0,1.000,0,0,0.0576,0.2510,-0.0022,0.0583
1049,15,1,0,0.024,1.000,-1.000,1.000,1,1,-0.000,1.000,-1.000,0,1.000,0,0,0.0576,0.2517,-0.0009,0.0589
1050,15,1,0,0.024,1.000,-1.000,1.000,1,1,-0.000,1.000,-1.000,0,1.000,0,0,0.0576,0.2523,0.0003,0.0597
1051,15,1,0,-0.008,-0.047,-1.000,1.000,1,1,-0.000,0.000,-1.000,0,1.000,0,0,0.0576,0.2528,0.0006,0.0600
1052,15,1,0,-0.008,-0.047,-1.000,1.000,1,1,-0.000,0.000,-1.000,0,1.000,0,0,0.0576,0.2528,0.0004,0.0596
1053,15,1,0,-0.008,-0.047,-1.000,1.000,1,1,-0.000,0.000,-1.000,0,1.000,0,0,0.0576,0.2530,-0.0000,0.0591
1054,15,1,0,-0.008,-0.039,-1.000,1.000,1,1,-0.000,0.000,-1.000,0,1.000,0,0,0.0576,0.2532,-0.0005,0.0587
1055,15,1,0,-0.008,-0.047,-1.000,1.000,1,1,-0.000,0.000,-1.000,0,1.000,0,0,0.0576,0.2534,-0.0010,0.0584
1056,15,1,0,-0.008,-0.039,-1.000,1.000,1,1,-0.000,0.000,-1.000,0,1.000,0,0,0.0576,0.2535,-0.0015,0.0580
1057,15,1,0,0.000,-0.039,-1.000,1.000,1,1,-0.000,0.000,-1.000,0,1.000,0,0,0.0576,0.2537,-0.0019,0.0578
1058,15,1,0,-0.008,-0.047,-1.000,1.000,1,1,-0.000,0.000,-1.000,0,1.000,0,0,0.0576,0.2538,-0.0024,0.0575
1059,15,1,0,-0.008,-0.047,-1.000,1.000,1,1,-0.000,0.000,-1.000,0,1.000,0,0,0.0576,0.2540,-0.0029,0.0572
1060,15,1,0,-0.008,-0.055,-1.000,1.000,1,1,-0.000,0.000,-1.000,0,1.000,0,0,0.0576,0.2541,-0.0032,0.0572
1061,15,1,0,-0.008,-0.079,-1.000,1.000,1,1,-0.000,0.000,-1.000,0,1.000,0,0,0.0576,0.2542,-0.0035,0.0571
1062,15,1,0,-0.008,-0.079,-1.000,1.000,1,1,-0.000,0.000,-1.000,0,1.000,0,0,0.0576,0.2544,-0.0037,0.0571
1063,15,1,0,-0.008,-0.079,-1.000,1.000,1,1,-0.000,0.000,-1.000,0,1.000,0,0,0.0576,0.2545,-0.0039,0.0571
1064,15,1,0,-0.008,-0.079,-1.000,1.000,1,1,-0.000,0.000,-1.000,0,1.000,0,0,0.0576,0.2546,-0.0042,0.0570
1065,15,1,0,-0.095,-0.228,-1.000,1.000,1,1,-0.000,0.000,-1.000,0,1.000,0,0,0.0576,0.2547,-0.0044,0.0570
1066,15,1,0,-0.661,-0.614,-1.000,1.000,1,1,0.549,-0.486,-1.000,0,1.000,0,0,0.0576,0.2550,-0.0047,0.0570
1067,15,1,0,-0.850,-0.598,-1.000,1.000,1,1,0.801,-0.465,-1.000,0,1.000,0,0,0.0576,0.2554,-0.0048,0.0572
1068,15,1,0,-0.850,-0.598,-1.000,1.000,1,1,0.801,-0.465,-1.000,0,1.000,0,0,0.0576,0.2559,-0.0051,0.0575
1069,15,1,0,-0.543,-0.449,-1.000,1.000,1,1,0.391,-0.265,-1.000,0,1.000,0,0,0.0576,0.2563,-0.0053,0.0578
1070,15,1,0,-0.055,-0.173,-1.000,1.000,1,1,-0.000,0.000,-1.000,0,1.000,0,0,0.0576,0.2568,-0.0057,0.0582
1071,15,1,0,0.000,-0.110,-1.000,1.000,1,1,-0.000,0.000,-1.000,0,1.000,0,0,0.0576,0.2570,-0.0059,0.0583
1072,15,1,0,0.000,-0.095,-1.000,-0.024,1,1,-0.000,0.000,-0.444,0,1.000,0,0,0.0576,0.2573,-0.0062,0.0585
1073,15,1,0,0.008,-0.087,-1.000,-1.000,1,1,-0.000,0.000,0.000,0,1.000,0,0,0.0576,0.2574,-0.0063,0.0585
1074,15,1,0,0.008,-0.079,-1.000,-1.000,1,1,-0.000,0.000,0.000,0,1.000,0,0,0.0576,0.2575,-0.0064,0.0585
1075,15,1,1,0.008,-0.079,-1.000,-1.000,1,1,0.000,0.000,0.000,1,1.000,1,1,0.0576,0.2575,-0.0064,0.0585
1076,16,1,0,0.008,-0.079,-1.000,-1.000,1,1,-0.000,0.000,0.000,0,0.333,0,0,0.0586,0.2483,-0.0028,0.0592
1077,16,1,0,0.008,-0.079,-1.000,-1.000,1,1,-0.000,0.000,0.000,0,0.667,0,0,0.0581,0.2490,-0.0035,0.0594
1078,16,1,0,0.008,-0.079,-1.000,-1.000,1,1,-0.000,0.000,0.000,0,1.000,0,0,0.0576,0.2492,-0.0036,0.0590
1079,16,1,0,0.008,-0.079,-1.000,-1.000,1,1,-0.000,0.000,0.000,0,1.000,0,0,0.0576,0.2495,-0.0039,0.0585
1080,16,1,0,0.008,-0.063,-1.000,-1.000,1,1,-0.000,0.000,0.000,0,1.000,0,0,0.0576,0.2494,-0.0039,0.0585
1081,16,1,0,0.000,-0.063,-1.000,-1.000,1,1,-0.000,0.000,0.000,0,1.000,0,0,0.0576,0.2495,-0.0039,0.0585
1082,16,1,0,-0.016,-0.039,-1.000,-1.000,1,1,-0.000,0.000,0.000,0,1.000,0,0,0.0576,0.2495,-0.0039,0.0585
1083,16,1,0,-0.016,-0.032,-1.000,-1.000,1,1,-0.000,0.000,0.000,0,1.000,0,0,0.0576,0.2495,-0.0039,0.0585
1084,16,1,0,-0.016,0.008,-1.000,-1.000,1,1,-0.000,0.000,0.000,0,1.000,0,0,0.0576,0.2495,-0.0039,0.0585
1085,16,1,0,0.000,0.173,-1.000,-1.000,1,1,-0.000,0.000,0.000,0,1.000,0,0,0.0576,0.2495,-0.0039,0.0585
1086,16,1,0,0.331,0.968,-1.000,-1.000,1,1,-0.108,0.958,0.000,0,1.000,0,0,0.0576,0.2496,-0.0032,0.0583
1087,16,1,0,0.472,0.913,-1.000,-1.000,1,1,-0.297,0.884,0.000,0,1.000,0,0,0.0576,0.2497,-0.0021,0.0575
1088,16,1,0,0.008,-0.071,-1.000,-1.000,1,1,-0.000,0.000,0.000,0,1.000,0,0,0.0576,0.2498,-0.0014,0.0573
1089,16,1,0,0.008,-0.071,-1.000,-1.000,1,1,-0.000,0.000,0.000,0,1.000,0,0,0.0576,0.2498,-0.0014,0.0574
1090,16,1,0,0.008,-0.071,-1.000,-1.000,1,1,-0.000,0.000,0.000,0,1.000,0,0,0.0576,0.2498,-0.0014,0.0573
1091,16,1,0,0.008,-0.055,-1.000,-1.000,1,1,-0.000,0.000,0.000,0,1.000,0,0,0.0576,0.2498,-0.0014,0.0573
1092,16,1,0,0.394,0.717,-1.000,-1.000,1,1,-0.192,0.622,0.000,0,1.000,0,0,0.0576,0.2498,-0.0011,0.0572
1093,16,1,0,0.661,0.842,-1.000,-1.000,1,1,-0.549,0.790,0.000,0,1.000,0,0,0.0576,0.2497,-0.0003,0.0570
1094,16,1,0,0.016,-0.079,-1.000,-1.000,1,1,-0.000,0.000,0.000,0,1.000,0,0,0.0576,0.2496,-0.0001,0.0570
1095,16,1,0,0.016,-0.079,-1.000,-1.000,1,1,-0.000,0.000,0.000,0,1.000,0,0,0.0576,0.2495,-0.0000,0.0569
1096,16,1,0,0.016,-0.071,-1.000,-1.000,1,1,-0.000,0.000,0.000,0,1.000,0,0,0.0576,0.2495,0.0000,0.0569
1097,16,1,0,0.008,-0.071,-1.000,-1.000,1,1,-0.000,0.000,0.000,0,1.000,0,0,0.0576,0.2495,0.0000,0.0569
1098,16,1,0,-0.425,-0.039,-1.000,-1.000,1,1,0.234,0.000,0.000,0,1.000,0,0,0.0576,0.2496,0.0000,0.0570
1099,16,1,0,-1.000,-0.150,-1.000,-1.000,1,1,1.000,0.000,0.000,0,1.000,0,0,0.0576,0.2503,0.0004,0.0570
1100,16,1,0,-0.748,-0.268,-1.000,-1.000,1,1,0.664,-0.024,0.000,0,1.000,0,0,0.0576,0.2519,0.0008,0.0568
1101,16,1,0,-0.008,-0.087,-1.000,-1.000,1,1,-0.000,0.000,0.000,0,1.000,0,0,0.0576,0.2524,0.0009,0.0570
1102,16,1,0,0.000,-0.087,-1.000,-1.000,1,1,-0.000,0.000,0.000,0,1.000,0,0,0.0576,0.2523,0.0009,0.0570
1103,16,1,0,0.000,-0.079,-1.000,-1.000,1,1,-0.000,0.000,0.000,0,1.000,0,0,0.0576,0.2524,0.0009,0.0570
1104,16,1,0,0.000,-0.079,-1.000,-1.000,1,1,-0.000,0.000,0.000,0,1.000,0,0,0.0576,0.2524,0.0009,0.0569
1105,16,1,0,0.000,-0.079,-1.000,1.000,1,1,-0.000,0.000,-1.000,0,1.000,0,0,0.0576,0.2523,0.0010,0.0569
1106,16,1,0,0.000,-0.079,-1.000,1.000,1,1,-0.000,0.000,-1.000,0,1.000,0,0,0.0576,0.2521,0.0011,0.0566
1107,16,1,0,0.008,-0.079,-1.000,1.000,1,1,-0.000,0.000,-1.000,0,1.000,0,0,0.0576,0.2518,0.0013,0.0564
1108,16,1,0,0.024,-0.079,-1.000,1.000,1,1,-0.000,0.000,-1.000,0,1.000,0,0,0.0576,0.2516,0.0014,0.0562
1109,16,1,0,0.024,-0.079,-1.000,1.000,1,1,-0.000,0.000,-1.000,0,1.000,0,0,0.0576,0.2514,0.0015,0.0561
1110,16,1,0,0.024,-0.079,-1.000,1.000,1,1,-0.000,0.000,-1.000,0,1.000,0,0,0.0576,0.2512,0.0015,0.0561
1111,16,1,0,0.008,-0.079,-1.000,1.000,1,1,-0.000,0.000,-1.000,0,1.000,0,0,0.0576,0.2511,0.0016,0.0561
1112,16,1,0,0.008,-0.071,-1.000,1.000,1,1,-0.000,0.000,-1.000,0,1.000,0,0,0.0576,0.2510,0.0016,0.0561
1113,16,1,0,-0.008,-0.071,-1.000,1.000,1,1,-0.000,0.000,-1.000,0,1.000,0,0,0.0576,0.2509,0.0016,0.0561
1114,16,1,0,-0.016,-0.047,-1.000,1.000,1,1,-0.000,0.000,-1.000,0,1.000,0,0,0.0576,0.2509,0.0016,0.0561
1115,16,1,0,-0.016,-0.047,-1.000,1.000,1,1,-0.000,0.000,-1.000,0,1.000,0,0,0.0576,0.2508,0.0016,0.0562
1116,16,1,0,-0.016,-0.047,-1.000,1.000,1,1,-0.000,0.000,-1.000,0,1.000,0,0,0.0576,0.2507,0.0017,0.0562
1117,16,1,0,-0.016,-0.047,-1.000,1.000,1,1,-0.000,0.000,-1.000,0,1.000,0,0,0.0576,0.2507,0.0017,0.0562
1118,16,1,0,-0.016,-0.047,-1.000,1.000,1,1,-0.000,0.000,-1.000,0,1.000,0,0,0.0576,0.2506,0.0017,0.0562
1119,16,1,0,-0.016,-0.039,-1.000,1.000,1,1,-0.000,0.000,-1.000,0,1.000,0,0,0.0576,0.2506,0.0017,0.0562
1120,16,1,0,-0.024,-0.039,-1.000,1.000,1,1,-0.000,0.000,-1.000,0,1.000,0,0,0.0576,0.2506,0.0017,0.0562
1121,16,1,0,-0.024,-0.039,-1.000,1.000,1,1,-0.000,0.000,-1.000,0,1.000,0,0,0.0576,0.2505,0.0017,0.0562
1122,16,1,0,-0.032,-0.039,-1.000,1.000,1,1,-0.000,0.000,-1.000,0,1.000,0,0,0.0576,0.2505,0.0017,0.0562
1123,16,1,0,-0.032,-0.039,-1.000,1.000,1,1,-0.000,0.000,-1.000,0,1.000,0,0,0.0576,0.2505,0.0017,0.0562
1124,16,1,0,-0.032,-0.047,-1.000,1.000,1,1,-0.000,0.000,-1.000,0,1.000,0,0,0.0576,0.2504,0.0017,0.0562
1125,16,1,0,-0.032,-0.047,-1.000,1.000,1,1,-0.000,0.000,-1.000,0,1.000,0,0,0.0576,0.2504,0.0017,0.0563
1126,16,1,0,-0.032,-0.047,-1.000,1.000,1,1,-0.000,0.000,-1.000,0,1.000,0,0,0.0576,0.2503,0.0017,0.0564
1127,16,1,0,-0.032,-0.047,-1.000,1.000,1,1,-0.000,0.000,-1.000,0,1.000,0,0,0.0576,0.2503,0.0017,0.0564
1128,16,1,0,-0.024,-0.047,-1.000,1.000,1,1,-0.000,0.000,-1.000,0,1.000,0,0,0.0576,0.2503,0.0017,0.0564
1129,16,1,0,-0.008,-0.055,-1.000,1.000,1,1,-0.000,0.000,-1.000,0,1.000,0,0,0.0576,0.2502,0.0017,0.0564
1130,16,1,0,-0.039,-0.039,-1.000,1.000,1,1,-0.000,0.000,-1.000,0,1.000,0,0,0.0576,0.2502,0.0017,0.0564
1131,16,1,0,-0.039,-0.039,-1.000,1.000,1,1,-0.000,0.000,-1.000,0,1.000,0,0,0.0576,0.2502,0.0018,0.0565
1132,16,1,0,-0.032,-0.039,-1.000,1.000,1,1,-0.000,0.000,-1.000,0,1.000,0,0,0.0576,0.2501,0.0018,0.0565
1133,16,1,0,-0.032,-0.032,-1.000,1.000,1,1,-0.000,0.000,-1.000,0,1.000,0,0,0.0576,0.2501,0.0018,0.0565
1134,16,1,0,-0.032,-0.032,-1.000,1.000,1,1,-0.000,0.000,-1.000,0,1.000,0,0,0.0576,0.2501,0.0018,0.0565
1135,16,1,0,-0.024,-0.032,-1.000,1.000,1,1,-0.000,0.000,-1.000,0,1.000,0,0,0.0576,0.2501,0.0018,0.0565
1136,16,1,0,-0.024,-0.032,-1.000,1.000,1,1,-0.000,0.000,-1.000,0,1.000,0,0,0.0576,0.2501,0.0018,0.0565
1137,16,1,0,0.000,-0.032,-1.000,-0.874,1,1,-0.000,0.000,0.000,0,1.000,0,0,0.0576,0.2500,0.0018,0.0565
1138,16,1,1,0.008,-0.039,-1.000,-1.000,1,1,0.000,0.000,0.000,1,1.000,1,1,0.0576,0.2499,0.0019,0.0566
1139,17,1,0,0.008,-0.039,-1.000,-1.000,1,1,-0.000,0.000,0.000,0,0.333,0,0,0.0587,0.2501,-0.0064,0.0592
1140,17,1,0,0.008,-0.039,-1.000,-1.000,1,1,-0.000,0.000,0.000,0,0.667,0,0,0.0581,0.2500,-0.0055,0.0591
1141,17,1,0,0.008,-0.039,-1.000,-1.000,1,1,-0.000,0.000,0.000,0,1.000,0,0,0.0576,0.2498,-0.0048,0.0589
1142,17,1,0,0.008,-0.039,-1.000,-1.000,1,1,-0.000,0.000,0.000,0,1.000,0,0,0.0576,0.2496,-0.0042,0.0586
1143,17,1,0,0.008,-0.039,-1.000,-1.000,1,1,-0.000,0.000,0.000,0,1.000,0,0,0.0576,0.2496,-0.0042,0.0586
1144,17,1,0,0.008,-0.047,-1.000,-1.000,1,1,-0.000,0.000,0.000,0,1.000,0,0,0.0576,0.2496,-0.0042,0.0585
1145,17,1,0,0.008,-0.039,-1.000,-1.000,1,1,-0.000,0.000,0.000,0,1.000,0,0,0.0576,0.2496,-0.0042,0.0585
1146,17,1,0,0.008,-0.039,-1.000,-1.000,1,1,-0.000,0.000,0.000,0,1.000,0,0,0.0576,0.2496,-0.0042,0.0585
1147,17,1,0,-0.016,-0.039,-1.000,-1.000,1,1,-0.000,0.000,0.000,0,1.000,0,0,0.0576,0.2496,-0.0042,0.0585
1148,17,1,0,-0.039,-0.032,-1.000,-1.000,1,1,-0.000,0.000,0.000,0,1.000,0,0,0.0576,0.2496,-0.0042,0.0585
1149,17,1,0,-0.158,0.008,-1.000,-1.000,1,1,-0.000,0.000,0.000,0,1.000,0,0,0.0576,0.2496,-0.0042,0.0585
1150,17,1,0,-1.000,0.039,-1.000,-1.000,1,1,1.000,0.000,0.000,0,1.000,0,0,0.0576,0.2504,-0.0038,0.0584
1151,17,1,0,-1.000,0.039,-1.000,-1.000,1,1,1.000,0.000,0.000,0,1.000,0,0,0.0576,0.2523,-0.0032,0.0578
1152,17,1,0,-0.039,0.000,-1.000,-1.000,1,1,-0.000,0.000,0.000,0,1.000,0,0,0.0576,0.2534,-0.0026,0.0575
1153,17,1,0,0.008,-0.024,-1.000,-1.000,1,1,-0.000,0.000,0.000,0,1.000,0,0,0.0576,0.2532,-0.0026,0.0575
1154,17,1,0,0.000,-0.024,-1.000,-1.000,1,1,-0.000,0.000,0.000,0,1.000,0,0,0.0576,0.2533,-0.0026,0.0576
1155,17,1,0,0.008,-0.024,-1.000,-1.000,1,1,-0.000,0.000,0.000,0,1.000,0,0,0.0576,0.2533,-0.0026,0.0576
1156,17,1,0,0.055,-0.039,-1.000,-1.000,1,1,-0.000,0.000,0.000,0,1.000,0,0,0.0576,0.2533,-0.0026,0.0576
1157,17,1,0,0.087,-0.055,-1.000,-1.000,1,1,-0.000,0.000,0.000,0,1.000,0,0,0.0576,0.2533,-0.0026,0.0576
1158,17,1,0,0.394,-0.126,-1.000,-1.000,1,1,-0.192,0.000,0.000,0,1.000,0,0,0.0576,0.2532,-0.0027,0.0576
1159,17,1,0,0.079,-0.126,-1.000,-1.000,1,1,-0.000,0.000,0.000,0,1.000,0,0,0.0576,0.2531,-0.0028,0.0576
1160,17,1,0,0.008,0.000,-1.000,-1.000,1,1,-0.000,0.000,0.000,0,1.000,0,0,0.0576,0.2531,-0.0028,0.0576
1161,17,1,0,0.000,0.016,-1.000,-1.000,1,1,-0.000,0.000,0.000,0,1.000,0,0,0.0576,0.2530,-0.0028,0.0576
1162,17,1,0,-0.008,0.244,-1.000,-1.000,1,1,-0.000,0.000,0.000,0,1.000,0,0,0.0576,0.2531,-0.0028,0.0576
1163,17,1,0,-0.008,0.913,-1.000,-1.000,1,1,-0.000,0.884,0.000,0,1.000,0,0,0.0576,0.2533,-0.0025,0.0578
1164,17,1,0,0.000,0.496,-1.000,-1.000,1,1,-0.000,0.328,0.000,0,1.000,0,0,0.0576,0.2538,-0.0021,0.0585
1165,17,1,0,0.008,-0.039,-1.000,-1.000,1,1,-0.000,0.000,0.000,0,1.000,0,0,0.0576,0.2540,-0.0019,0.0587
1166,17,1,0,0.016,-0.039,-1.000,-1.000,1,1,-0.000,0.000,0.000,0,1.000,0,0,0.0576,0.2540,-0.0019,0.0586
1167,17,1,0,0.016,-0.039,-1.000,-1.000,1,1,-0.000,0.000,0.000,0,1.000,0,0,0.0576,0.2540,-0.0019,0.0586
1168,17,1,0,0.000,-0.071,-1.000,-1.000,1,1,-0.000,0.000,0.000,0,1.000,0,0,0.0576,0.2540,-0.0019,0.0586
1169,17,1,0,-0.032,-0.095,-1.000,-1.000,1,1,-0.000,0.000,0.000,0,1.000,0,0,0.0576,0.2540,-0.0019,0.0586
1170,17,1,0,-0.669,-0.528,-1.000,-1.000,1,1,0.559,-0.370,0.000,0,1.000,0,0,0.0576,0.2542,-0.0019,0.0585
1171,17,1,0,-0.693,-0.764,-1.000,-1.000,1,1,0.591,-0.685,0.000,0,0.947,0,0,0.0577,0.2547,-0.0019,0.0580
1172,17,1,0,0.000,-0.039,-1.000,-1.000,1,1,-0.000,0.000,0.000,0,1.000,0,0,0.0576,0.2549,-0.0020,0.0576
1173,17,1,0,0.000,-0.032,-1.000,-1.000,1,1,-0.000,0.000,0.000,0,1.000,0,0,0.0576,0.2549,-0.0019,0.0577
1174,17,1,0,0.000,-0.032,-1.000,-1.000,1,1,-0.000,0.000,0.000,0,1.000,0,0,0.0576,0.2549,-0.0019,0.0578
1175,17,1,0,0.000,-0.032,-1.000,-1.000,1,1,-0.000,0.000,0.000,0,1.000,0,0,0.0576,0.2549,-0.0019,0.0578
1176,17,1,0,0.000,-0.032,-1.000,-1.000,1,1,-0.000,0.000,0.000,0,1.000,0,0,0.0576,0.2549,-0.0019,0.0578
1177,17,1,0,-0.008,-0.008,-1.000,-1.000,1,1,-0.000,0.000,0.000,0,1.000,0,0,0.0576,0.2549,-0.0019,0.0578
1178,17,1,0,-0.008,-0.008,-1.000,-1.000,1,1,-0.000,0.000,0.000,0,1.000,0,0,0.0576,0.2549,-0.0019,0.0578
1179,17,1,0,-0.008,-0.016,-1.000,-1.000,1,1,-0.000,0.000,0.000,0,1.000,0,0,0.0576,0.2549,-0.0019,0.0578
1180,17,1,0,-0.008,-0.016,-1.000,-1.000,1,1,-0.000,0.000,0.000,0,1.000,0,0,0.0576,0.2549,-0.0019,0.0578
1181,17,1,0,-0.008,-0.016,-1.000,-1.000,1,1,-0.000,0.000,0.000,0,1.000,0,0,0.0576,0.2549,-0.0019,0.0578
1182,17,1,1,-0.008,-0.016,-1.000,-1.000,1,1,0.000,0.000,0.000,1,1.000,1,1,0.0576,0.2549,-0.0019,0.0578
1183,18,1,0,-0.008,-0.016,-1.000,-1.000,1,1,-0.000,0.000,0.000,0,0.333,0,0,0.0597,0.2516,0.0005,0.0606
1184,18,1,0,-0.008,-0.016,-1.000,-1.000,1,1,-0.000,0.000,0.000,0,0.667,0,0,0.0587,0.2510,-0.0011,0.0599
1185,18,1,0,-0.008,-0.016,-1.000,-1.000,1,1,-0.000,0.000,0.000,0,1.000,0,0,0.0576,0.2499,-0.0029,0.0586
1186,18,1,0,-0.008,-0.016,-1.000,-1.000,1,1,-0.000,0.000,0.000,0,1.000,0,0,0.0576,0.2497,-0.0036,0.0581
1187,18,1,0,-0.008,-0.016,-1.000,-1.000,1,1,-0.000,0.000,0.000,0,1.000,0,0,0.0576,0.2497,-0.0038,0.0583
1188,18,1,0,-0.008,-0.016,-1.000,-1.000,1,1,-0.000,0.000,0.000,0,1.000,0,0,0.0576,0.2497,-0.0039,0.0583
1189,18,1,0,-0.008,-0.016,-1.000,-1.000,1,1,-0.000,0.000,0.000,0,1.000,0,0,0.0576,0.2497,-0.0039,0.0583
1190,18,1,0,-0.008,-0.016,-1.000,-1.000,1,1,-0.000,0.000,0.000,0,1.000,0,0,0.0576,0.2497,-0.0039,0.0583
1191,18,1,0,0.000,-0.016,-1.000,-1.000,1,1,-0.000,0.000,0.000,0,1.000,0,0,0.0576,0.2497,-0.0039,0.0583
1192,18,1,0,0.000,0.008,-1.000,-1.000,1,1,-0.000,0.000,0.000,0,1.000,0,0,0.0576,0.2497,-0.0039,0.0583
1193,18,1,0,0.000,0.008,-1.000,-1.000,1,1,-0.000,0.000,0.000,0,1.000,0,0,0.0576,0.2497,-0.0039,0.0583
1194,18,1,0,-0.008,-0.008,-1.000,-1.000,1,1,-0.000,0.000,0.000,0,1.000,0,0,0.0576,0.2497,-0.0039,0.0583
1195,18,1,0,-0.047,-0.008,-1.000,-1.000,1,1,-0.000,0.000,0.000,0,1.000,0,0,0.0576,0.2497,-0.0039,0.0583
1196,18,1,0,-0.677,-0.008,-1.000,-1.000,1,1,0.570,0.000,0.000,0,1.000,0,0,0.0576,0.2500,-0.0041,0.0582
1197,18,1,0,-0.890,-0.008,-1.000,-1.000,1,1,0.853,0.000,0.000,0,1.000,0,0,0.0576,0.2510,-0.0044,0.0580
1198,18,1,0,0.000,-0.032,-1.000,-1.000,1,1,-0.000,0.000,0.000,0,1.000,0,0,0.0576,0.2517,-0.0045,0.0579
1199,18,1,0,0.008,-0.032,-1.000,-1.000,1,1,-0.000,0.000,0.000,0,1.000,0,0,0.0576,0.2517,-0.0045,0.0579
1200,18,1,0,0.008,-0.032,-1.000,-1.000,1,1,-0.000,0.000,0.000,0,1.000,0,0,0.0576,0.2517,-0.0045,0.0580
1201,18,1,0,-0.008,-0.032,-1.000,-1.000,1,1,-0.000,0.000,0.000,0,1.000,0,0,0.0576,0.2517,-0.0046,0.0580
1202,18,1,0,-0.433,-0.024,-1.000,-1.000,1,1,0.244,0.000,0.000,0,1.000,0,0,0.0576,0.2519,-0.0046,0.0580
1203,18,1,0,-0.685,-0.008,-1.000,-1.000,1,1,0.580,0.000,0.000,0,1.000,0,0,0.0576,0.2525,-0.0048,0.0580
1204,18,1,0,-0.134,0.039,-1.000,-1.000,1,1,-0.000,0.000,0.000,0,1.000,0,0,0.0576,0.2530,-0.0049,0.0579
1205,18,1,0,0.000,-0.016,-1.000,-1.000,1,1,-0.000,0.000,0.000,0,1.000,0,0,0.0576,0.2530,-0.0049,0.0579
1206,18,1,0,-0.032,-0.016,-1.000,-1.000,1,1,-0.000,0.000,0.000,0,1.000,0,0,0.0576,0.2530,-0.0049,0.0580
1207,18,1,0,-0.039,-0.016,-1.000,-1.000,1,1,-0.000,0.000,0.000,0,1.000,0,0,0.0576,0.2530,-0.0049,0.0580
1208,18,1,0,0.000,-0.032,-1.000,-1.000,1,1,-0.000,0.000,0.000,0,1.000,0,0,0.0576,0.2531,-0.0049,0.0580
1209,18,1,0,0.000,-0.032,-1.000,-1.000,1,1,-0.000,0.000,0.000,0,1.000,0,0,0.0576,0.2531,-0.0049,0.0580
1210,18,1,0,0.000,-0.032,-1.000,-1.000,1,1,-0.000,0.000,0.000,0,1.000,0,0,0.0576,0.2531,-0.0049,0.0580
1211,18,1,0,-0.016,0.087,-1.000,-1.000,1,1,-0.000,0.000,0.000,0,1.000,0,0,0.0576,0.2531,-0.0049,0.0580
1212,18,1,0,-0.024,0.913,-1.000,-1.000,1,1,-0.000,0.884,0.000,0,1.000,0,0,0.0576,0.2529,-0.0047,0.0579
1213,18,1,0,-0.024,0.968,-1.000,-1.000,1,1,-0.000,0.958,0.000,0,0.986,0,0,0.0577,0.2521,-0.0040,0.0572
1214,18,1,0,0.008,-0.016,-1.000,-1.000,1,1,-0.000,0.000,0.000,0,1.000,0,0,0.0576,0.2517,-0.0034,0.0567
1215,18,1,0,0.008,-0.039,-1.000,-1.000,1,1,-0.000,0.000,0.000,0,1.000,0,0,0.0576,0.2516,-0.0034,0.0567
1216,18,1,0,0.016,-0.039,-1.000,-1.000,1,1,-0.000,0.000,0.000,0,1.000,0,0,0.0576,0.2516,-0.0034,0.0567
1217,18,1,0,0.016,0.614,-1.000,-1.000,1,1,-0.000,0.486,0.000,0,1.000,0,0,0.0576,0.2515,-0.0033,0.0567
1218,18,1,0,0.016,1.000,-1.000,-1.000,1,1,-0.000,1.000,0.000,0,0.971,0,0,0.0577,0.2511,-0.0027,0.0562
1219,18,1,0,0.142,0.913,-1.000,-1.000,1,1,-0.000,0.884,0.000,0,0.984,0,0,0.0577,0.2509,-0.0018,0.0558
1220,18,1,0,-0.008,-0.039,-1.000,-1.000,1,1,-0.000,0.000,0.000,0,1.000,0,0,0.0576,0.2506,-0.0015,0.0557
1221,18,1,0,-0.008,-0.039,-1.000,-1.000,1,1,-0.000,0.000,0.000,0,1.000,0,0,0.0576,0.2506,-0.0015,0.0556
1222,18,1,0,0.000,0.039,-1.000,-1.000,1,1,-0.000,0.000,0.000,0,1.000,0,0,0.0576,0.2506,-0.0015,0.0556
1223,18,1,0,0.000,1.000,-1.000,-1.000,1,1,-0.000,1.000,0.000,0,0.971,0,0,0.0577,0.2504,-0.0012,0.0556
1224,18,1,0,0.016,0.512,-1.000,-1.000,1,1,-0.000,0.349,0.000,0,1.000,0,0,0.0576,0.2502,-0.0008,0.0556
1225,18,1,0,-0.008,-0.024,-1.000,-1.000,1,1,-0.000,0.000,0.000,0,1.000,0,0,0.0576,0.2501,-0.0008,0.0555
1226,18,1,0,0.000,-0.024,-1.000,-1.000,1,1,-0.000,0.000,0.000,0,1.000,0,0,0.0576,0.2500,-0.0007,0.0555
1227,18,1,0,-0.008,-0.024,-1.000,-0.630,1,1,-0.000,0.000,-0.114,0,1.000,0,0,0.0576,0.2500,-0.0007,0.0555
1228,18,1,0,-0.008,-0.024,-1.000,1.000,1,1,-0.000,0.000,-1.000,0,1.000,0,0,0.0576,0.2501,-0.0006,0.0554
1229,18,1,0,-0.008,-0.024,-1.000,1.000,1,1,-0.000,0.000,-1.000,0,1.000,0,0,0.0576,0.2504,-0.0005,0.0547
1230,18,1,0,-0.008,-0.024,-1.000,1.000,1,1,-0.000,0.000,-1.000,0,1.000,0,0,0.0576,0.2505,-0.0004,0.0547
1231,18,1,0,-0.008,-0.032,-1.000,1.000,1,1,-0.000,0.000,-1.000,0,1.000,0,0,0.0576,0.2506,-0.0004,0.0547
1232,18,1,0,-0.008,-0.024,-1.000,1.000,1,1,-0.000,0.000,-1.000,0,1.000,0,0,0.0576,0.2508,-0.0003,0.0546
1233,18,1,0,-0.008,-0.024,-1.000,1.000,1,1,-0.000,0.000,-1.000,0,1.000,0,0,0.0576,0.2509,-0.0002,0.0546
1234,18,1,0,-0.008,-0.024,-1.000,-1.000,1,1,-0.000,0.000,0.000,0,1.000,0,0,0.0576,0.2510,-0.0002,0.0546
1235,18,1,0,-0.008,-0.024,-1.000,-1.000,1,1,-0.000,0.000,0.000,0,1.000,0,0,0.0576,0.2510,-0.0002,0.0546
1236,18,1,1,-0.008,-0.024,-1.000,-1.000,1,1,0.000,0.000,0.000,1,1.000,1,1,0.0576,0.2510,-0.0002,0.0546
1237,19,1,0,-0.008,-0.024,-1.000,-1.000,1,1,-0.000,0.000,0.000,0,0.333,0,0,0.0605,0.2521,-0.0066,0.0614
1238,19,1,0,-0.008,-0.024,-1.000,-1.000,1,1,-0.000,0.000,0.000,0,0.667,0,0,0.0591,0.2511,-0.0058,0.0603
1239,19,1,0,-0.008,-0.024,-1.000,-1.000,1,1,-0.000,0.000,0.000,0,1.000,0,0,0.0576,0.2500,-0.0047,0.0591
1240,19,1,0,0.000,-0.024,-1.000,-1.000,1,1,-0.000,0.000,0.000,0,1.000,0,0,0.0576,0.2496,-0.0041,0.0585
1241,19,1,0,-0.008,-0.024,-1.000,-1.000,1,1,-0.000,0.000,0.000,0,1.000,0,0,0.0576,0.2496,-0.0041,0.0585
1242,19,1,0,-0.008,-0.024,-1.000,-1.000,1,1,-0.000,0.000,0.000,0,1.000,0,0,0.0576,0.2496,-0.0041,0.0585
1243,19,1,0,-0.008,-0.024,-1.000,-1.000,1,1,-0.000,0.000,0.000,0,1.000,0,0,0.0576,0.2496,-0.0041,0.0585
1244,19,1,0,-0.008,-0.024,-1.000,-1.000,1,1,-0.000,0.000,0.000,0,1.000,0,0,0.0576,0.2496,-0.0041,0.0586
1245,19,1,0,-0.008,-0.024,-1.000,-1.000,1,1,-0.000,0.000,0.000,0,1.000,0,0,0.0576,0.2496,-0.0041,0.0586
1246,19,1,0,-0.024,-0.024,-1.000,-1.000,1,1,-0.000,0.000,0.000,0,1.000,0,0,0.0576,0.2496,-0.0041,0.0586
1247,19,1,0,-0.024,-0.024,-1.000,-1.000,1,1,-0.000,0.000,0.000,0,1.000,0,0,0.0576,0.2496,-0.0041,0.0586
1248,19,1,0,-0.024,-0.024,-1.000,-1.000,1,1,-0.000,0.000,0.000,0,1.000,0,0,0.0576,0.2496,-0.0041,0.0586
1249,19,1,0,-0.567,-0.016,-1.000,-1.000,1,1,0.423,0.000,0.000,0,1.000,0,0,0.0576,0.2497,-0.0040,0.0585
1250,19,1,0,-0.661,-0.016,-1.000,-1.000,1,1,0.549,0.000,0.000,0,1.000,0,0,0.0576,0.2505,-0.0038,0.0581
1251,19,1,0,-0.032,-0.016,-1.000,-1.000,1,1,-0.000,0.000,0.000,0,1.000,0,0,0.0576,0.2509,-0.0034,0.0577
1252,19,1,0,-0.024,-0.016,-1.000,-1.000,1,1,-0.000,0.000,0.000,0,1.000,0,0,0.0576,0.2509,-0.0034,0.0576
1253,19,1,0,-0.055,-0.016,-1.000,-1.000,1,1,-0.000,0.000,0.000,0,1.000,0,0,0.0576,0.2509,-0.0034,0.0576
1254,19,1,0,-1.000,-0.055,-1.000,-1.000,1,1,1.000,0.000,0.000,0,1.000,0,0,0.0576,0.2514,-0.0032,0.0575
1255,19,1,0,0.008,-0.032,-1.000,-1.000,1,1,-0.000,0.000,0.000,0,1.000,0,0,0.0576,0.2524,-0.0026,0.0568
1256,19,1,0,0.000,-0.032,-1.000,-1.000,1,1,-0.000,0.000,0.000,0,1.000,0,0,0.0576,0.2523,-0.0027,0.0567
1257,19,1,0,-0.016,-0.032,-1.000,-1.000,1,1,-0.000,0.000,0.000,0,1.000,0,0,0.0576,0.2523,-0.0026,0.0567
1258,19,1,0,-0.039,-0.032,-1.000,-1.000,1,1,-0.000,0.000,0.000,0,1.000,0,0,0.0576,0.2523,-0.0027,0.0567
1259,19,1,0,0.008,-0.032,-1.000,-1.000,1,1,-0.000,0.000,0.000,0,1.000,0,0,0.0576,0.2523,-0.0027,0.0567
1260,19,1,0,0.008,-0.032,-1.000,-1.000,1,1,-0.000,0.000,0.000,0,1.000,0,0,0.0576,0.2523,-0.0027,0.0567
1261,19,1,0,0.016,-0.071,-1.000,-1.000,1,1,-0.000,0.000,0.000,0,1.000,0,0,0.0576,0.2523,-0.0027,0.0567
1262,19,1,0,0.000,0.016,-1.000,-1.000,1,1,-0.000,0.000,0.000,0,1.000,0,0,0.0576,0.2523,-0.0027,0.0567
1263,19,1,0,0.000,0.016,-1.000,-1.000,1,1,-0.000,0.000,0.000,0,1.000,0,0,0.0576,0.2523,-0.0027,0.0567
1264,19,1,0,0.039,0.913,-1.000,-1.000,1,1,-0.000,0.884,0.000,0,1.000,0,0,0.0576,0.2525,-0.0022,0.0567
1265,19,1,0,0.031,0.354,-1.000,-1.000,1,1,-0.000,0.139,0.000,0,1.000,0,0,0.0576,0.2530,-0.0011,0.0573
1266,19,1,0,0.000,-0.008,-1.000,-1.000,1,1,-0.000,0.000,0.000,0,1.000,0,0,0.0576,0.2530,-0.0010,0.0574
1267,19,1,0,0.008,-0.016,-1.000,-1.000,1,1,-0.000,0.000,0.000,0,1.000,0,0,0.0576,0.2530,-0.0010,0.0574
1268,19,1,0,0.008,-0.016,-1.000,-1.000,1,1,-0.000,0.000,0.000,0,1.000,0,0,0.0576,0.2530,-0.0010,0.0573
1269,19,1,0,0.008,-0.016,-1.000,-1.000,1,1,-0.000,0.000,0.000,0,1.000,0,0,0.0576,0.2530,-0.0010,0.0573
1270,19,1,0,0.008,-0.016,-1.000,-0.394,1,1,-0.000,0.000,-0.243,0,1.000,0,0,0.0576,0.2530,-0.0010,0.0573
1271,19,1,0,0.008,-0.016,-1.000,1.000,1,1,-0.000,0.000,-1.000,0,1.000,0,0,0.0576,0.2531,-0.0012,0.0571
1272,19,1,0,0.008,-0.016,-1.000,1.000,1,1,-0.000,0.000,-1.000,0,1.000,0,0,0.0576,0.2534,-0.0015,0.0566
1273,19,1,0,0.008,-0.032,-1.000,1.000,1,1,-0.000,0.000,-1.000,0,1.000,0,0,0.0576,0.2535,-0.0017,0.0561
1274,19,1,0,0.008,-0.087,-1.000,1.000,1,1,-0.000,0.000,-1.000,0,1.000,0,0,0.0576,0.2538,-0.0020,0.0561
1275,19,1,0,0.008,-0.095,-1.000,1.000,1,1,-0.000,0.000,-1.000,0,1.000,0,0,0.0576,0.2540,-0.0022,0.0560
1276,19,1,0,0.008,-0.095,-1.000,1.000,1,1,-0.000,0.000,-1.000,0,1.000,0,0,0.0576,0.2542,-0.0024,0.0559
1277,19,1,0,0.008,-0.087,-1.000,1.000,1,1,-0.000,0.000,-1.000,0,1.000,0,0,0.0576,0.2544,-0.0026,0.0558
1278,19,1,0,0.008,-0.063,-1.000,1.000,1,1,-0.000,0.000,-1.000,0,1.000,0,0,0.0576,0.2546,-0.0027,0.0558
1279,19,1,0,0.008,-0.063,-1.000,1.000,1,1,-0.000,0.000,-1.000,0,1.000,0,0,0.0576,0.2547,-0.0029,0.0558
1280,19,1,0,0.008,-0.055,-1.000,1.000,1,1,-0.000,0.000,-1.000,0,1.000,0,0,0.0576,0.2548,-0.0029,0.0558
1281,19,1,0,0.008,-0.055,-1.000,1.000,1,1,-0.000,0.000,-1.000,0,1.000,0,0,0.0576,0.2549,-0.0030,0.0558
1282,19,1,0,0.008,-0.055,-1.000,1.000,1,1,-0.000,0.000,-1.000,0,1.000,0,0,0.0576,0.2549,-0.0030,0.0559
1283,19,1,1,0.008,-0.055,-1.000,1.000,1,1,0.000,0.000,0.000,1,1.000,1,1,0.0576,0.2550,-0.0031,0.0558
1284,20,1,0,0.008,-0.055,-1.000,-1.000,1,1,-0.000,0.000,0.000,0,0.333,0,0,0.0603,0.2491,-0.0070,0.0615
1285,20,1,0,0.008,-0.055,-1.000,-1.000,1,1,-0.000,0.000,0.000,0,0.667,0,0,0.0590,0.2493,-0.0059,0.0604
1286,20,1,0,0.008,-0.055,-1.000,-1.000,1,1,-0.000,0.000,0.000,0,1.000,0,0,0.0576,0.2493,-0.0047,0.0593
1287,20,1,0,0.008,-0.055,-1.000,-1.000,1,1,-0.000,0.000,0.000,0,1.000,0,0,0.0576,0.2495,-0.0043,0.0588
1288,20,1,0,0.008,-0.055,-1.000,-1.000,1,1,-0.000,0.000,0.000,0,1.000,0,0,0.0576,0.2495,-0.0043,0.0588
1289,20,1,0,0.008,-0.055,-1.000,-1.000,1,1,-0.000,0.000,0.000,0,1.000,0,0,0.0576,0.2495,-0.0043,0.0588
1290,20,1,0,0.008,-0.055,-1.000,-1.000,1,1,-0.000,0.000,0.000,0,1.000,0,0,0.0576,0.2495,-0.0043,0.0588
1291,20,1,0,0.008,-0.055,-1.000,-1.000,1,1,-0.000,0.000,0.000,0,1.000,0,0,0.0576,0.2495,-0.0043,0.0588
1292,20,1,0,-0.039,-0.016,-1.000,-1.000,1,1,-0.000,0.000,0.000,0,1.000,0,0,0.0576,0.2495,-0.0043,0.0588
1293,20,1,0,-0.071,0.008,-1.000,-1.000,1,1,-0.000,0.000,0.000,0,1.000,0,0,0.0576,0.2495,-0.0043,0.0588
1294,20,1,0,-0.559,0.055,-1.000,-1.000,1,1,0.412,0.000,0.000,0,1.000,0,0,0.0576,0.2498,-0.0043,0.0588
1295,20,1,0,-0.165,0.039,-1.000,-1.000,1,1,-0.000,0.000,0.000,0,1.000,0,0,0.0576,0.2503,-0.0041,0.0586
1296,20,1,0,-0.016,-0.008,-1.000,-1.000,1,1,-0.000,0.000,0.000,0,1.000,0,0,0.0576,0.2502,-0.0041,0.0585
1297,20,1,0,-0.016,-0.008,-1.000,-1.000,1,1,-0.000,0.000,0.000,0,1.000,0,0,0.0576,0.2502,-0.0041,0.0585
1298,20,1,0,-0.425,-0.008,-1.000,-1.000,1,1,0.234,0.000,0.000,0,1.000,0,0,0.0576,0.2504,-0.0041,0.0585
1299,20,1,0,-0.457,0.016,-1.000,-1.000,1,1,0.276,0.000,0.000,0,1.000,0,0,0.0576,0.2510,-0.0040,0.0584
1300,20,1,0,-0.032,-0.016,-1.000,-1.000,1,1,-0.000,0.000,0.000,0,1.000,0,0,0.0576,0.2514,-0.0040,0.0583
1301,20,1,0,-0.032,-0.032,-1.000,-1.000,1,1,-0.000,0.000,0.000,0,1.000,0,0,0.0576,0.2514,-0.0040,0.0583
1302,20,1,0,-0.819,0.024,-1.000,-1.000,1,1,0.759,0.000,0.000,0,1.000,0,0,0.0576,0.2521,-0.0039,0.0583
1303,20,1,0,-0.504,0.024,-1.000,-1.000,1,1,0.339,0.000,0.000,0,1.000,0,0,0.0576,0.2537,-0.0039,0.0583
1304,20,1,0,-0.032,-0.024,-1.000,-1.000,1,1,-0.000,0.000,0.000,0,1.000,0,0,0.0576,0.2538,-0.0038,0.0582
1305,20,1,0,0.008,-0.039,-1.000,-1.000,1,1,-0.000,0.000,0.000,0,1.000,0,0,0.0576,0.2539,-0.0038,0.0582
1306,20,1,0,0.024,0.102,-1.000,-1.000,1,1,-0.000,0.000,0.000,0,1.000,0,0,0.0576,0.2539,-0.0039,0.0582
1307,20,1,0,0.031,1.000,-1.000,-1.000,1,1,-0.000,1.000,0.000,0,1.000,0,0,0.0576,0.2540,-0.0035,0.0585
1308,20,1,0,-0.024,0.000,-1.000,-1.000,1,1,-0.000,0.000,0.000,0,1.000,0,0,0.0576,0.2544,-0.0026,0.0594
1309,20,1,0,0.000,-0.008,-1.000,-1.000,1,1,-0.000,0.000,0.000,0,1.000,0,0,0.0576,0.2543,-0.0027,0.0594
1310,20,1,0,0.008,-0.008,-1.000,-1.000,1,1,-0.000,0.000,0.000,0,1.000,0,0,0.0576,0.2543,-0.0026,0.0592
1311,20,1,0,0.008,-0.039,-1.000,-1.000,1,1,-0.000,0.000,0.000,0,1.000,0,0,0.0576,0.2543,-0.0026,0.0591
1312,20,1,0,0.008,-0.039,-1.000,-1.000,1,1,-0.000,0.000,0.000,0,1.000,0,0,0.0576,0.2543,-0.0026,0.0591
1313,20,1,0,0.008,0.016,-1.000,-1.000,1,1,-0.000,0.000,0.000,0,1.000,0,0,0.0576,0.2543,-0.0026,0.0591
1314,20,1,0,-0.299,0.402,-1.000,-1.000,1,1,0.066,0.202,0.000,0,1.000,0,0,0.0576,0.2544,-0.0025,0.0592
1315,20,1,0,-0.512,0.346,-1.000,-1.000,1,1,0.349,0.129,0.000,0,1.000,0,0,0.0576,0.2549,-0.0023,0.0594
1316,20,1,0,-0.724,0.102,-1.000,-1.000,1,1,0.633,0.000,0.000,0,1.000,0,0,0.0576,0.2556,-0.0022,0.0596
1317,20,1,0,-0.559,0.039,-1.000,-1.000,1,1,0.412,0.000,0.000,0,1.000,0,0,0.0576,0.2565,-0.0023,0.0598
1318,20,1,0,-0.535,-0.142,-1.000,-1.000,1,1,0.381,0.000,0.000,0,1.000,0,0,0.0576,0.2570,-0.0023,0.0598
1319,20,1,0,-0.142,-0.158,-1.000,-1.000,1,1,-0.000,0.000,0.000,0,1.000,0,0,0.0576,0.2572,-0.0023,0.0598
1320,20,1,0,-0.126,-0.150,-1.000,-1.000,1,1,-0.000,0.000,0.000,0,1.000,0,0,0.0576,0.2572,-0.0022,0.0598
1321,20,1,0,-0.724,-0.457,-1.000,-1.000,1,1,0.633,-0.276,0.000,0,1.000,0,0,0.0576,0.2577,-0.0024,0.0598
1322,20,1,0,-0.646,-0.402,-1.000,-1.000,1,1,0.528,-0.202,0.000,0,1.000,0,0,0.0576,0.2584,-0.0026,0.0596
1323,20,1,0,0.008,-0.039,-1.000,-1.000,1,1,-0.000,0.000,0.000,0,1.000,0,0,0.0576,0.2587,-0.0027,0.0596
1324,20,1,0,0.087,-0.228,-1.000,-1.000,1,1,-0.000,0.000,0.000,0,1.000,0,0,0.0576,0.2587,-0.0027,0.0596
1325,20,1,0,0.307,-0.646,-1.000,-1.000,1,1,-0.076,-0.528,0.000,0,1.000,0,0,0.0576,0.2587,-0.0028,0.0596
1326,20,1,0,0.252,-1.000,-1.000,-1.000,1,1,-0.003,-1.000,0.000,0,1.000,0,0,0.0576,0.2590,-0.0040,0.0594
1327,20,1,0,0.016,-0.016,-1.000,-1.000,1,1,-0.000,0.000,0.000,0,1.000,0,0,0.0576,0.2608,-0.0045,0.0594
1328,20,1,0,0.016,-0.016,-1.000,-1.000,1,1,-0.000,0.000,0.000,0,1.000,0,0,0.0576,0.2608,-0.0047,0.0594
1329,20,1,1,0.016,-0.016,-1.000,-1.000,1,1,0.000,0.000,0.000,1,1.000,1,1,0.0576,0.2609,-0.0047,0.0594
1330,21,1,0,0.016,-0.016,-1.000,-1.000,1,1,-0.000,0.000,0.000,0,0.333,0,0,0.0588,0.2547,-0.0003,0.0596
1331,21,1,0,0.016,-0.016,-1.000,-1.000,1,1,-0.000,0.000,0.000,0,0.667,0,0,0.0582,0.2546,-0.0005,0.0601
1332,21,1,0,0.016,-0.016,-1.000,-1.000,1,1,-0.000,0.000,0.000,0,1.000,0,0,0.0576,0.2535,-0.0021,0.0594
1333,21,1,0,0.016,-0.016,-1.000,-1.000,1,1,-0.000,0.000,0.000,0,1.000,0,0,0.0576,0.2505,-0.0031,0.0590
1334,21,1,0,0.008,-0.016,-1.000,-1.000,1,1,-0.000,0.000,0.000,0,1.000,0,0,0.0576,0.2496,-0.0039,0.0585
1335,21,1,0,0.008,-0.016,-1.000,-1.000,1,1,-0.000,0.000,0.000,0,1.000,0,0,0.0576,0.2497,-0.0040,0.0584
1336,21,1,0,0.008,-0.016,-1.000,-1.000,1,1,-0.000,0.000,0.000,0,1.000,0,0,0.0576,0.2496,-0.0041,0.0585
1337,21,1,0,0.008,-0.016,-1.000,-1.000,1,1,-0.000,0.000,0.000,0,1.000,0,0,0.0576,0.2498,-0.0040,0.0585
1338,21,1,0,0.008,-0.016,-1.000,-1.000,1,1,-0.000,0.000,0.000,0,1.000,0,0,0.0576,0.2497,-0.0041,0.0585
1339,21,1,0,0.008,-0.016,-1.000,-1.000,1,1,-0.000,0.000,0.000,0,1.000,0,0,0.0576,0.2497,-0.0041,0.0585
1340,21,1,0,0.008,-0.016,-1.000,-1.000,1,1,-0.000,0.000,0.000,0,1.000,0,0,0.0576,0.2497,-0.0041,0.0585
1341,21,1,0,0.008,-0.016,-1.000,-1.000,1,1,-0.000,0.000,0.000,0,1.000,0,0,0.0576,0.2497,-0.0041,0.0585
1342,21,1,0,0.008,-0.016,-1.000,-1.000,1,1,-0.000,0.000,0.000,0,1.000,0,0,0.0576,0.2497,-0.0041,0.0585
1343,21,1,0,0.008,-0.016,-1.000,-1.000,1,1,-0.000,0.000,0.000,0,1.000,0,0,0.0576,0.2497,-0.0041,0.0585
1344,21,1,0,0.008,-0.016,-1.000,-1.000,1,1,-0.000,0.000,0.000,0,1.000,0,0,0.0576,0.2497,-0.0041,0.0585
1345,21,1,0,0.008,-0.016,-1.000,-1.000,1,1,-0.000,0.000,0.000,0,1.000,0,0,0.0576,0.2497,-0.0041,0.0585
1346,21,1,0,-0.039,-0.016,-1.000,-1.000,1,1,-0.000,0.000,0.000,0,1.000,0,0,0.0576,0.2497,-0.0041,0.0585
1347,21,1,0,-0.181,-0.016,-1.000,-1.000,1,1,-0.000,0.000,0.000,0,1.000,0,0,0.0576,0.2497,-0.0041,0.0585
1348,21,1,0,-0.937,-0.016,-1.000,-1.000,1,1,0.916,0.000,0.000,0,0.957,0,0,0.0577,0.2498,-0.0041,0.0587
1349,21,1,0,0.000,-0.016,-1.000,-1.000,1,1,-0.000,0.000,0.000,0,1.000,0,0,0.0576,0.2504,-0.0048,0.0588
1350,21,1,0,0.000,-0.016,-1.000,-1.000,1,1,-0.000,0.000,0.000,0,1.000,0,0,0.0576,0.2504,-0.0046,0.0583
1351,21,1,0,0.008,-0.016,-1.000,-1.000,1,1,-0.000,0.000,0.000,0,1.000,0,0,0.0576,0.2504,-0.0046,0.0583
1352,21,1,0,0.008,-0.016,-1.000,-1.000,1,1,-0.000,0.000,0.000,0,1.000,0,0,0.0576,0.2504,-0.0047,0.0583
1353,21,1,0,0.000,-0.016,-1.000,-1.000,1,1,-0.000,0.000,0.000,0,1.000,0,0,0.0576,0.2503,-0.0047,0.0584
1354,21,1,0,-0.417,0.016,-1.000,-1.000,1,1,0.223,0.000,0.000,0,1.000,0,0,0.0576,0.2503,-0.0047,0.0584
1355,21,1,0,-0.740,0.024,-1.000,-1.000,1,1,0.654,0.000,0.000,0,1.000,0,0,0.0576,0.2504,-0.0049,0.0583
1356,21,1,0,-0.016,-0.024,-1.000,-1.000,1,1,-0.000,0.000,0.000,0,1.000,0,0,0.0576,0.2507,-0.0051,0.0582
1357,21,1,0,0.000,-0.024,-1.000,-1.000,1,1,-0.000,0.000,0.000,0,1.000,0,0,0.0576,0.2507,-0.0051,0.0582
1358,21,1,0,0.000,-0.024,-1.000,-1.000,1,1,-0.000,0.000,0.000,0,1.000,0,0,0.0576,0.2507,-0.0051,0.0582
1359,21,1,0,-0.047,-0.024,-1.000,-1.000,1,1,-0.000,0.000,0.000,0,1.000,0,0,0.0576,0.2507,-0.0051,0.0582
1360,21,1,0,-1.000,-0.008,-1.000,-1.000,1,1,1.000,0.000,0.000,0,0.923,0,0,0.0578,0.2508,-0.0049,0.0585
1361,21,1,0,-0.551,-0.008,-1.000,-1.000,1,1,0.402,0.000,0.000,0,1.000,0,0,0.0576,0.2516,-0.0066,0.0587
1362,21,1,0,0.000,-0.016,-1.000,-1.000,1,1,-0.000,0.000,0.000,0,1.000,0,0,0.0576,0.2518,-0.0067,0.0582
1363,21,1,0,0.000,-0.016,-1.000,-1.000,1,1,-0.000,0.000,0.000,0,1.000,0,0,0.0576,0.2517,-0.0075,0.0581
1364,21,1,0,0.000,-0.016,-1.000,-1.000,1,1,-0.000,0.000,0.000,0,1.000,0,0,0.0576,0.2518,-0.0075,0.0580
1365,21,1,0,0.000,-0.016,-1.000,-1.000,1,1,-0.000,0.000,0.000,0,1.000,0,0,0.0576,0.2518,-0.0076,0.0580
1366,21,1,0,0.000,-0.016,-1.000,-1.000,1,1,-0.000,0.000,0.000,0,1.000,0,0,0.0576,0.2518,-0.0076,0.0580
1367,21,1,0,0.000,-0.016,-1.000,-1.000,1,1,-0.000,0.000,0.000,0,1.000,0,0,0.0576,0.2518,-0.0076,0.0580
1368,21,1,0,0.000,-0.016,-1.000,-1.000,1,1,-0.000,0.000,0.000,0,1.000,0,0,0.0576,0.2518,-0.0076,0.0580
1369,21,1,0,0.000,-0.016,-1.000,-1.000,1,1,-0.000,0.000,0.000,0,1.000,0,0,0.0576,0.2518,-0.0076,0.0580
1370,21,1,0,0.000,-0.016,-1.000,-1.000,1,1,-0.000,0.000,0.000,0,1.000,0,0,0.0576,0.2518,-0.0076,0.0580
1371,21,1,0,0.000,-0.016,-1.000,-1.000,1,1,-0.000,0.000,0.000,0,1.000,0,0,0.0576,0.2518,-0.0076,0.0580
1372,21,1,0,0.000,-0.016,-1.000,-1.000,1,1,-0.000,0.000,0.000,0,1.000,0,0,0.0576,0.2518,-0.0076,0.0580
1373,21,1,0,0.000,-0.016,-1.000,-1.000,1,1,-0.000,0.000,0.000,0,1.000,0,0,0.0576,0.2518,-0.0076,0.0580
1374,21,1,0,0.000,-0.016,-1.000,-1.000,1,1,-0.000,0.000,0.000,0,1.000,0,0,0.0576,0.2518,-0.0076,0.0580
1375,21,1,0,0.000,-0.016,-1.000,-1.000,1,1,-0.000,0.000,0.000,0,1.000,0,0,0.0576,0.2518,-0.0076,0.0580
1376,21,1,0,0.000,-0.016,-1.000,-1.000,1,1,-0.000,0.000,0.000,0,1.000,0,0,0.0576,0.2518,-0.0076,0.0580
1377,21,1,0,0.000,-0.016,-1.000,-1.000,1,1,-0.000,0.000,0.000,0,1.000,0,0,0.0576,0.2515,-0.0075,0.0581
1378,21,1,0,0.000,-0.016,-1.000,-1.000,1,1,-0.000,0.000,0.000,0,1.000,0,0,0.0576,0.2515,-0.0075,0.0581
1379,21,1,0,0.000,-0.016,-1.000,-1.000,1,1,-0.000,0.000,0.000,0,1.000,0,0,0.0576,0.2516,-0.0076,0.0580
1380,21,1,0,0.000,-0.016,-1.000,-1.000,1,1,-0.000,0.000,0.000,0,1.000,0,0,0.0576,0.2516,-0.0076,0.0580
1381,21,1,0,0.000,-0.016,-1.000,-1.000,1,1,-0.000,0.000,0.000,0,1.000,0,0,0.0576,0.2516,-0.0076,0.0580
1382,21,1,0,0.000,-0.016,-1.000,-1.000,1,1,-0.000,0.000,0.000,0,1.000,0,0,0.0576,0.2517,-0.0076,0.0580
1383,21,1,0,0.000,-0.016,-1.000,-1.000,1,1,-0.000,0.000,0.000,0,1.000,0,0,0.0576,0.2517,-0.0076,0.0581
1384,21,1,0,0.000,-0.016,-1.000,-1.000,1,1,-0.000,0.000,0.000,0,1.000,0,0,0.0576,0.2517,-0.0076,0.0581
1385,21,1,0,0.000,-0.016,-1.000,-1.000,1,1,-0.000,0.000,0.000,0,1.000,0,0,0.0576,0.2517,-0.0076,0.0581
1386,21,1,0,0.000,-0.016,-1.000,-1.000,1,1,-0.000,0.000,0.000,0,1.000,0,0,0.0576,0.2517,-0.0076,0.0581
1387,21,1,0,0.000,-0.016,-1.000,-1.000,1,1,-0.000,0.000,0.000,0,1.000,0,0,0.0576,0.2517,-0.0076,0.0581
1388,21,1,0,0.000,-0.016,-1.000,-1.000,1,1,-0.000,0.000,0.000,0,1.000,0,0,0.0576,0.2517,-0.0076,0.0580
1389,21,1,0,0.000,-0.016,-1.000,-1.000,1,1,-0.000,0.000,0.000,0,1.000,0,0,0.0576,0.2517,-0.0076,0.0580
1390,21,1,0,0.000,-0.008,-1.000,-1.000,1,1,-0.000,0.000,0.000,0,1.000,0,0,0.0576,0.2517,-0.0076,0.0581
1391,21,1,0,0.000,-0.016,-1.000,-1.000,1,1,-0.000,0.000,0.000,0,1.000,0,0,0.0576,0.2517,-0.0076,0.0581
1392,21,1,0,0.000,-0.016,-1.000,-1.000,1,1,-0.000,0.000,0.000,0,1.000,0,0,0.0576,0.2517,-0.0076,0.0581
1393,21,1,0,0.000,-0.016,-1.000,-1.000,1,1,-0.000,0.000,0.000,0,1.000,0,0,0.0576,0.2517,-0.0076,0.0581
1394,21,1,0,0.000,-0.016,-1.000,-1.000,1,1,-0.000,0.000,0.000,0,1.000,0,0,0.0576,0.2518,-0.0076,0.0581
1395,21,1,0,0.000,-0.016,-1.000,-1.000,1,1,-0.000,0.000,0.000,0,1.000,0,0,0.0576,0.2517,-0.0076,0.0581
1396,21,1,0,0.000,-0.016,-1.000,-1.000,1,1,-0.000,0.000,0.000,0,1.000,0,0,0.0576,0.2518,-0.0076,0.0581
1397,21,1,0,0.000,-0.016,-1.000,-1.000,1,1,-0.000,0.000,0.000,0,1.000,0,0,0.0576,0.2517,-0.0076,0.0581
1398,21,1,0,0.000,-0.016,-1.000,-1.000,1,1,-0.000,0.000,0.000,0,1.000,0,0,0.0576,0.2517,-0.0076,0.0581
1399,21,1,0,0.000,-0.016,-1.000,-1.000,1,1,-0.000,0.000,0.000,0,1.000,0,0,0.0576,0.2517,-0.0076,0.0581
1400,21,1,0,0.000,-0.016,-1.000,-1.000,1,1,-0.000,0.000,0.000,0,1.000,0,0,0.0576,0.2517,-0.0076,0.0581
1401,21,1,0,0.000,-0.016,-1.000,-1.000,1,1,-0.000,0.000,0.000,0,1.000,0,0,0.0576,0.2517,-0.0076,0.0581
1402,21,1,0,0.000,-0.016,-1.000,-1.000,1,1,-0.000,0.000,0.000,0,1.000,0,0,0.0576,0.2517,-0.0076,0.0581
1403,21,1,0,0.000,-0.008,-1.000,-1.000,1,1,-0.000,0.000,0.000,0,1.000,0,0,0.0576,0.2517,-0.0076,0.0581
1404,21,1,0,0.000,-0.016,-1.000,-1.000,1,1,-0.000,0.000,0.000,0,1.000,0,0,0.0576,0.2517,-0.0076,0.0581
1405,21,1,0,0.000,-0.016,-1.000,-1.000,1,1,-0.000,0.000,0.000,0,1.000,0,0,0.0576,0.2517,-0.0076,0.0581
1406,21,1,0,0.000,-0.016,-1.000,-1.000,1,1,-0.000,0.000,0.000,0,1.000,0,0,0.0576,0.2517,-0.0076,0.0581
1407,21,1,0,0.000,-0.016,-1.000,-1.000,1,1,-0.000,0.000,0.000,0,1.000,0,0,0.0576,0.2517,-0.0076,0.0581
1408,21,1,0,0.000,-0.016,-1.000,-1.000,1,1,-0.000,0.000,0.000,0,1.000,0,0,0.0576,0.2517,-0.0076,0.0581
1409,21,1,0,0.000,-0.016,-1.000,-1.000,1,1,-0.000,0.000,0.000,0,1.000,0,0,0.0576,0.2517,-0.0076,0.0581
1410,21,1,1,0.000,-0.016,-1.000,-1.000,1,1,0.000,0.000,0.000,1,1.000,1,1,0.0576,0.2517,-0.0076,0.0581
1411,22,1,0,0.000,-0.016,-1.000,-1.000,1,1,-0.000,0.000,0.000,0,0.333,0,0,0.0594,0.2548,-0.0041,0.0605
1412,22,1,0,0.000,-0.016,-1.000,-1.000,1,1,-0.000,0.000,0.000,0,0.667,0,0,0.0585,0.2528,-0.0043,0.0598
1413,22,1,0,0.000,-0.016,-1.000,-1.000,1,1,-0.000,0.000,0.000,0,1.000,0,0,0.0576,0.2509,-0.0042,0.0590
1414,22,1,0,0.000,-0.016,-1.000,-1.000,1,1,-0.000,0.000,0.000,0,1.000,0,0,0.0576,0.2498,-0.0043,0.0585
1415,22,1,0,0.000,-0.016,-1.000,-1.000,1,1,-0.000,0.000,0.000,0,1.000,0,0,0.0576,0.2499,-0.0043,0.0586
1416,22,1,0,0.000,-0.016,-1.000,-1.000,1,1,-0.000,0.000,0.000,0,1.000,0,0,0.0576,0.2499,-0.0043,0.0586
1417,22,1,0,0.000,-0.016,-1.000,-1.000,1,1,-0.000,0.000,0.000,0,1.000,0,0,0.0576,0.2499,-0.0043,0.0586
1418,22,1,0,0.000,-0.016,-1.000,-1.000,1,1,-0.000,0.000,0.000,0,1.000,0,0,0.0576,0.2499,-0.0043,0.0586
1419,22,1,0,0.000,-0.016,-1.000,-1.000,1,1,-0.000,0.000,0.000,0,1.000,0,0,0.0576,0.2499,-0.0043,0.0586
1420,22,1,0,0.000,-0.016,-1.000,-1.000,1,1,-0.000,0.000,0.000,0,1.000,0,0,0.0576,0.2499,-0.0043,0.0586
1421,22,1,0,0.000,-0.008,-1.000,-1.000,1,1,-0.000,0.000,0.000,0,1.000,0,0,0.0576,0.2499,-0.0043,0.0586
1422,22,1,0,-0.008,0.220,-1.000,-1.000,1,1,-0.000,0.000,0.000,0,1.000,0,0,0.0576,0.2499,-0.0043,0.0586
1423,22,1,0,-0.008,1.000,-1.000,-1.000,1,1,-0.000,1.000,0.000,0,1.000,0,0,0.0576,0.2499,-0.0031,0.0587
1424,22,1,0,-0.063,0.024,-1.000,-1.000,1,1,-0.000,0.000,0.000,0,1.000,0,0,0.0576,0.2499,-0.0022,0.0585
1425,22,1,0,0.000,-0.008,-1.000,-1.000,1,1,-0.000,0.000,0.000,0,1.000,0,0,0.0576,0.2499,-0.0020,0.0587
1426,22,1,0,0.000,-0.008,-1.000,-1.000,1,1,-0.000,0.000,0.000,0,1.000,0,0,0.0576,0.2499,-0.0019,0.0587
1427,22,1,0,-0.205,0.756,-1.000,-1.000,1,1,-0.000,0.675,0.000,0,1.000,0,0,0.0576,0.2499,-0.0011,0.0587
1428,22,1,0,-0.323,0.976,-1.000,-1.000,1,1,0.097,0.968,0.000,0,1.000,0,0,0.0576,0.2500,0.0001,0.0586
1429,22,1,0,-0.331,0.976,-1.000,-1.000,1,1,0.108,0.968,0.000,0,1.000,0,0,0.0576,0.2503,0.0012,0.0590
1430,22,1,0,-0.520,0.913,-1.000,-1.000,1,1,0.360,0.884,0.000,0,1.000,0,0,0.0576,0.2506,0.0020,0.0593
1431,22,1,0,-0.551,0.882,-1.000,-1.000,1,1,0.402,0.842,0.000,0,1.000,0,0,0.0576,0.2509,0.0028,0.0598
1432,22,1,0,-0.567,0.858,-1.000,-1.000,1,1,0.423,0.811,0.000,0,1.000,0,0,0.0576,0.2512,0.0035,0.0602
1433,22,1,0,-0.567,0.622,-1.000,-1.000,1,1,0.423,0.496,0.000,0,1.000,0,0,0.0576,0.2514,0.0043,0.0606
1434,22,1,0,-0.386,0.488,-1.000,-1.000,1,1,0.181,0.318,0.000,0,1.000,0,0,0.0576,0.2517,0.0049,0.0610
1435,22,1,0,0.000,0.000,-1.000,-1.000,1,1,-0.000,0.000,0.000,0,1.000,0,0,0.0576,0.2518,0.0052,0.0613
1436,22,1,0,0.008,0.000,-1.000,-1.000,1,1,-0.000,0.000,0.000,0,1.000,0,0,0.0576,0.2518,0.0054,0.0614
1437,22,1,0,0.008,-0.008,-1.000,-1.000,1,1,-0.000,0.000,0.000,0,1.000,0,0,0.0576,0.2518,0.0055,0.0614
1438,22,1,0,0.008,-0.008,-1.000,-1.000,1,1,-0.000,0.000,0.000,0,1.000,0,0,0.0576,0.2518,0.0057,0.0614
1439,22,1,0,0.008,-0.008,-1.000,-1.000,1,1,-0.000,0.000,0.000,0,1.000,0,0,0.0576,0.2518,0.0057,0.0614
1440,22,1,0,0.008,-0.008,-1.000,-1.000,1,1,-0.000,0.000,0.000,1,1.000,1,0,0.0576,0.2518,0.0058,0.0614
1441,22,1,0,0.008,-0.008,-1.000,-1.000,1,1,-0.000,0.000,0.000,1,1.000,1,0,0.0576,0.2518,0.0059,0.0614
1442,22,1,0,0.008,-0.008,-1.000,-1.000,1,1,-0.000,0.000,0.000,1,1.000,1,0,0.0576,0.2518,0.0059,0.0614
1443,22,1,0,-0.008,-0.008,-1.000,-1.000,1,1,-0.000,0.000,0.000,1,1.000,1,0,0.0576,0.2518,0.0059,0.0614
1444,22,1,0,-0.008,-0.039,-1.000,-1.000,1,1,-0.000,0.000,0.000,1,1.000,1,0,0.0576,0.2517,0.0059,0.0614
1445,22,1,0,-0.008,-0.039,-1.000,-1.000,1,1,-0.000,0.000,0.000,1,1.000,1,0,0.0576,0.2517,0.0060,0.0614
1446,22,1,0,0.000,-0.055,-1.000,-1.000,1,1,-0.000,0.000,0.000,1,1.000,1,0,0.0576,0.2517,0.0060,0.0614
1447,22,1,0,0.000,-0.055,-1.000,-1.000,1,1,-0.000,0.000,0.000,1,1.000,1,0,0.0576,0.2517,0.0060,0.0614
1448,22,1,0,0.000,-0.055,-1.000,-1.000,1,1,-0.000,0.000,0.000,1,1.000,1,0,0.0576,0.2517,0.0060,0.0614
1449,22,1,0,0.000,-0.063,-1.000,-1.000,1,1,-0.000,0.000,0.000,1,1.000,1,0,0.0576,0.2517,0.0060,0.0614
1450,22,1,0,0.000,-0.055,-1.000,-1.000,1,1,-0.000,0.000,0.000,1,1.000,1,0,0.0576,0.2517,0.0060,0.0614
1451,22,1,0,0.000,-0.063,-1.000,-1.000,1,1,-0.000,0.000,0.000,1,1.000,1,0,0.0576,0.2517,0.0061,0.0614
1452,22,1,0,0.000,-0.055,-1.000,-1.000,1,1,-0.000,0.000,0.000,1,1.000,1,0,0.0576,0.2517,0.0061,0.0613
1453,22,1,0,0.000,-0.063,-1.000,-1.000,1,1,-0.000,0.000,0.000,1,1.000,1,0,0.0576,0.2517,0.0061,0.0613
1454,22,1,0,0.000,-0.063,-1.000,-1.000,1,1,-0.000,0.000,0.000,1,1.000,1,0,0.0576,0.2517,0.0061,0.0613
1455,22,1,0,0.000,-0.063,-1.000,-1.000,1,1,-0.000,0.000,0.000,1,1.000,1,0,0.0576,0.2517,0.0061,0.0613
1456,22,1,0,0.000,-0.055,-1.000,-1.000,1,1,-0.000,0.000,0.000,1,1.000,1,0,0.0576,0.2517,0.0061,0.0613
1457,22,1,0,0.000,-0.063,-1.000,-1.000,1,1,-0.000,0.000,0.000,1,1.000,1,0,0.0576,0.2517,0.0061,0.0613
1458,22,1,0,0.000,-0.063,-1.000,-1.000,1,1,-0.000,0.000,0.000,1,1.000,1,0,0.0576,0.2517,0.0061,0.0613
1459,22,1,0,-0.024,-0.039,-1.000,1.000,1,1,-0.000,0.000,-1.000,1,1.000,1,0,0.0576,0.2517,0.0061,0.0612
1460,22,1,0,-0.055,-0.008,-1.000,1.000,1,1,-0.000,0.000,-1.000,1,1.000,1,0,0.0576,0.2518,0.0062,0.0608
1461,22,1,0,-0.008,-0.008,-1.000,-0.150,1,1,-0.000,0.000,-0.375,1,1.000,1,0,0.0576,0.2518,0.0062,0.0605
1462,22,1,0,0.000,-0.016,-1.000,-1.000,1,1,-0.000,0.000,0.000,1,1.000,1,0,0.0576,0.2519,0.0062,0.0604
1463,22,1,0,0.000,-0.016,-1.000,-1.000,1,1,-0.000,0.000,0.000,1,1.000,1,0,0.0576,0.2519,0.0062,0.0604
1464,22,1,0,0.000,-0.024,-1.000,-1.000,1,1,-0.000,0.000,0.000,1,1.000,1,0,0.0576,0.2519,0.0062,0.0603
1465,22,1,0,0.000,-0.024,-1.000,-1.000,1,1,-0.000,0.000,0.000,1,1.000,1,0,0.0576,0.2519,0.0062,0.0603
1466,22,1,0,0.000,-0.024,-1.000,-1.000,1,1,-0.000,0.000,0.000,1,1.000,1,0,0.0576,0.2519,0.0063,0.0603
1467,22,1,1,0.000,-0.024,-1.000,-1.000,1,1,0.000,0.000,0.000,1,1.000,1,1,0.0576,0.2519,0.0063,0.0603
1468,23,1,0,0.000,-0.024,-1.000,-1.000,1,1,-0.000,0.000,0.000,0,0.333,0,0,0.0652,0.2517,-0.0072,0.0681
1469,23,1,0,0.000,-0.024,-1.000,-1.000,1,1,-0.000,0.000,0.000,0,0.667,0,0,0.0614,0.2511,-0.0062,0.0652
1470,23,1,0,0.000,-0.024,-1.000,-1.000,1,1,-0.000,0.000,0.000,0,1.000,0,0,0.0576,0.2504,-0.0057,0.0631
1471,23,1,0,0.000,-0.024,-1.000,-1.000,1,1,-0.000,0.000,0.000,0,1.000,0,0,0.0576,0.2495,-0.0047,0.0600
1472,23,1,0,0.000,-0.024,-1.000,-1.000,1,1,-0.000,0.000,0.000,0,1.000,0,0,0.0576,0.2495,-0.0042,0.0589
1473,23,1,0,0.000,-0.024,-1.000,-1.000,1,1,-0.000,0.000,0.000,0,1.000,0,0,0.0576,0.2495,-0.0043,0.0590
1474,23,1,0,0.000,-0.024,-1.000,-1.000,1,1,-0.000,0.000,0.000,0,1.000,0,0,0.0576,0.2495,-0.0043,0.0591
1475,23,1,0,0.000,-0.024,-1.000,-1.000,1,1,-0.000,0.000,0.000,0,1.000,0,0,0.0576,0.2495,-0.0043,0.0591
1476,23,1,0,0.000,-0.024,-1.000,-1.000,1,1,-0.000,0.000,0.000,0,1.000,0,0,0.0576,0.2495,-0.0043,0.0591
1477,23,1,0,-0.008,-0.024,-1.000,-1.000,1,1,-0.000,0.000,0.000,0,1.000,0,0,0.0576,0.2495,-0.0043,0.0591
1478,23,1,0,-0.047,-0.024,-1.000,-1.000,1,1,-0.000,0.000,0.000,0,1.000,0,0,0.0576,0.2495,-0.0043,0.0591
1479,23,1,0,-0.717,0.008,-1.000,-1.000,1,1,0.622,0.000,0.000,0,1.000,0,0,0.0576,0.2500,-0.0042,0.0589
1480,23,1,0,-0.795,0.008,-1.000,-1.000,1,1,0.727,0.000,0.000,0,1.000,0,0,0.0576,0.2513,-0.0040,0.0586
1481,23,1,0,-0.024,-0.016,-1.000,-1.000,1,1,-0.000,0.000,0.000,0,1.000,0,0,0.0576,0.2522,-0.0037,0.0581
1482,23,1,0,0.000,-0.016,-1.000,-1.000,1,1,-0.000,0.000,0.000,0,1.000,0,0,0.0576,0.2522,-0.0038,0.0580
1483,23,1,0,0.000,-0.016,-1.000,-1.000,1,1,-0.000,0.000,0.000,0,1.000,0,0,0.0576,0.2522,-0.0038,0.0580
1484,23,1,0,0.000,-0.016,-1.000,-1.000,1,1,-0.000,0.000,0.000,0,1.000,0,0,0.0576,0.2522,-0.0038,0.0581
1485,23,1,0,0.000,0.008,-1.000,-1.000,1,1,-0.000,0.000,0.000,0,1.000,0,0,0.0576,0.2522,-0.0038,0.0581
1486,23,1,0,-0.126,0.772,-1.000,-1.000,1,1,-0.000,0.696,0.000,0,1.000,0,0,0.0576,0.2523,-0.0032,0.0581
1487,23,1,0,0.008,0.819,-1.000,-1.000,1,1,-0.000,0.759,0.000,0,1.000,0,0,0.0576,0.2525,-0.0017,0.0585
1488,23,1,0,0.008,-0.047,-1.000,-1.000,1,1,-0.000,0.000,0.000,0,1.000,0,0,0.0576,0.2526,-0.0010,0.0587
1489,23,1,0,0.016,-0.039,-1.000,-1.000,1,1,-0.000,0.000,0.000,0,1.000,0,0,0.0576,0.2526,-0.0008,0.0587
1490,23,1,0,0.016,-0.047,-1.000,-1.000,1,1,-0.000,0.000,0.000,0,1.000,0,0,0.0576,0.2526,-0.0008,0.0586
1491,23,1,0,0.016,-0.039,-1.000,-1.000,1,1,-0.000,0.000,0.000,0,1.000,0,0,0.0576,0.2526,-0.0008,0.0586
1492,23,1,0,0.016,-0.039,-1.000,-1.000,1,1,-0.000,0.000,0.000,0,1.000,0,0,0.0576,0.2526,-0.0007,0.0585
1493,23,1,0,0.016,-0.039,-1.000,1.000,1,1,-0.000,0.000,-1.000,0,1.000,0,0,0.0576,0.2527,-0.0009,0.0585
1494,23,1,0,0.016,-0.039,-1.000,1.000,1,1,-0.000,0.000,-1.000,0,1.000,0,0,0.0576,0.2529,-0.0011,0.0584
1495,23,1,0,0.016,-0.039,-1.000,1.000,1,1,-0.000,0.000,-1.000,0,1.000,0,0,0.0576,0.2531,-0.0013,0.0582
1496,23,1,0,0.016,-0.039,-1.000,1.000,1,1,-0.000,0.000,-1.000,0,1.000,0,0,0.0576,0.2532,-0.0017,0.0581
1497,23,1,0,0.016,-0.039,-1.000,1.000,1,1,-0.000,0.000,-1.000,0,1.000,0,0,0.0576,0.2533,-0.0019,0.0580
1498,23,1,0,0.016,-0.047,-1.000,1.000,1,1,-0.000,0.000,-1.000,0,1.000,0,0,0.0576,0.2535,-0.0022,0.0579
1499,23,1,0,0.016,-0.071,-1.000,1.000,1,1,-0.000,0.000,-1.000,0,1.000,0,0,0.0576,0.2537,-0.0025,0.0578
1500,23,1,0,0.016,-0.063,-1.000,1.000,1,1,-0.000,0.000,-1.000,0,1.000,0,0,0.0576,0.2540,-0.0028,0.0577
1501,23,1,0,0.016,-0.047,-1.000,1.000,1,1,-0.000,0.000,-1.000,0,1.000,0,0,0.0576,0.2541,-0.0030,0.0576
1502,23,1,0,0.016,-0.039,-1.000,1.000,1,1,-0.000,0.000,-1.000,0,1.000,0,0,0.0576,0.2543,-0.0032,0.0575
1503,23,1,0,-0.024,-0.024,-1.000,1.000,1,1,-0.000,0.000,-1.000,0,1.000,0,0,0.0576,0.2544,-0.0034,0.0574
1504,23,1,0,-0.016,-0.016,-1.000,1.000,1,1,-0.000,0.000,-1.000,0,1.000,0,0,0.0576,0.2546,-0.0036,0.0574
1505,23,1,0,-0.016,-0.016,-1.000,1.000,1,1,-0.000,0.000,-1.000,0,1.000,0,0,0.0576,0.2547,-0.0037,0.0574
1506,23,1,0,-0.016,-0.024,-1.000,1.000,1,1,-0.000,0.000,-1.000,0,1.000,0,0,0.0576,0.2549,-0.0039,0.0575
1507,23,1,0,-0.032,-0.016,-1.000,-0.551,1,1,-0.000,0.000,-0.157,0,1.000,0,0,0.0576,0.2554,-0.0041,0.0578
1508,23,1,0,-0.032,-0.024,-1.000,-1.000,1,1,-0.000,0.000,0.000,0,1.000,0,0,0.0576,0.2554,-0.0042,0.0578
1509,23,1,0,-0.039,-0.024,-1.000,-1.000,1,1,-0.000,0.000,0.000,0,1.000,0,0,0.0576,0.2554,-0.0043,0.0578
1510,23,1,0,-1.000,0.110,-1.000,-1.000,1,1,1.000,0.000,0.000,0,1.000,0,0,0.0576,0.2561,-0.0042,0.0579
1511,23,1,0,-1.000,0.228,-1.000,-1.000,1,1,1.000,0.000,0.000,0,1.000,0,0,0.0576,0.2575,-0.0043,0.0580
1512,23,1,0,0.016,-0.039,-1.000,-1.000,1,1,-0.000,0.000,0.000,0,1.000,0,0,0.0576,0.2579,-0.0043,0.0580
1513,23,1,0,0.024,-0.039,-1.000,-1.000,1,1,-0.000,0.000,0.000,0,1.000,0,0,0.0576,0.2580,-0.0043,0.0581
1514,23,1,0,0.071,-0.039,-1.000,-1.000,1,1,-0.000,0.000,0.000,0,1.000,0,0,0.0576,0.2580,-0.0043,0.0581
1515,23,1,0,1.000,-0.063,-1.000,-1.000,1,1,-1.000,0.000,0.000,0,1.000,0,0,0.0576,0.2575,-0.0045,0.0582
1516,23,1,0,1.000,-0.063,-1.000,-1.000,1,1,-1.000,0.000,0.000,0,1.000,0,0,0.0576,0.2566,-0.0046,0.0584
1517,23,1,0,0.630,-0.110,-1.000,-1.000,1,1,-0.507,0.000,0.000,0,1.000,0,0,0.0576,0.2556,-0.0048,0.0584
1518,23,1,0,0.008,-0.063,-1.000,-1.000,1,1,-0.000,0.000,0.000,0,1.000,0,0,0.0576,0.2553,-0.0048,0.0584
1519,23,1,0,0.039,-0.063,-1.000,-1.000,1,1,-0.000,0.000,0.000,0,1.000,0,0,0.0576,0.2553,-0.0049,0.0584
1520,23,1,0,1.000,-0.079,-1.000,-1.000,1,1,-1.000,0.000,0.000,0,1.000,0,0,0.0576,0.2545,-0.0049,0.0583
1521,23,1,0,1.000,-0.095,-1.000,-1.000,1,1,-1.000,0.000,0.000,0,1.000,0,0,0.0576,0.2523,-0.0049,0.0582
1522,23,1,0,0.024,-0.047,-1.000,-1.000,1,1,-0.000,0.000,0.000,0,1.000,0,0,0.0576,0.2511,-0.0052,0.0585
1523,23,1,0,0.008,-0.047,-1.000,-1.000,1,1,-0.000,0.000,0.000,0,1.000,0,0,0.0576,0.2512,-0.0052,0.0585
1524,23,1,0,0.016,0.000,-1.000,-1.000,1,1,-0.000,0.000,0.000,0,1.000,0,0,0.0576,0.2512,-0.0052,0.0584
1525,23,1,0,-0.063,0.386,-1.000,-1.000,1,1,-0.000,0.181,0.000,0,1.000,0,0,0.0576,0.2512,-0.0050,0.0584
1526,23,1,0,-0.913,0.409,-1.000,-1.000,1,1,0.885,0.213,0.000,0,1.000,0,0,0.0576,0.2520,-0.0047,0.0582
1527,23,1,0,0.000,0.000,-1.000,-1.000,1,1,-0.000,0.000,0.000,0,1.000,0,0,0.0576,0.2531,-0.0043,0.0579
1528,23,1,0,0.008,-0.024,-1.000,-1.000,1,1,-0.000,0.000,0.000,0,1.000,0,0,0.0576,0.2530,-0.0044,0.0579
1529,23,1,0,0.000,-0.024,-1.000,-1.000,1,1,-0.000,0.000,0.000,0,1.000,0,0,0.0576,0.2531,-0.0044,0.0579
1530,23,1,0,0.000,-0.024,-1.000,-1.000,1,1,-0.000,0.000,0.000,0,1.000,0,0,0.0576,0.2531,-0.0044,0.0579
1531,23,1,1,0.000,-0.024,-1.000,-1.000,1,1,0.000,0.000,0.000,1,1.000,1,1,0.0576,0.2531,-0.0044,0.0579
1532,24,1,0,0.000,-0.024,-1.000,-1.000,1,1,-0.000,0.000,0.000,0,0.333,0,0,0.0604,0.2508,-0.0048,0.0614
1533,24,1,0,0.000,-0.024,-1.000,-1.000,1,1,-0.000,0.000,0.000,0,0.667,0,0,0.0590,0.2505,-0.0048,0.0608
1534,24,1,0,0.000,-0.024,-1.000,-1.000,1,1,-0.000,0.000,0.000,0,1.000,0,0,0.0576,0.2497,-0.0045,0.0593
1535,24,1,0,0.000,-0.024,-1.000,-1.000,1,1,-0.000,0.000,0.000,0,1.000,0,0,0.0576,0.2496,-0.0043,0.0586
1536,24,1,0,0.000,-0.024,-1.000,-1.000,1,1,-0.000,0.000,0.000,0,1.000,0,0,0.0576,0.2496,-0.0043,0.0587
1537,24,1,0,0.000,-0.024,-1.000,-1.000,1,1,-0.000,0.000,0.000,0,1.000,0,0,0.0576,0.2496,-0.0043,0.0588
1538,24,1,0,0.000,-0.024,-1.000,-1.000,1,1,-0.000,0.000,0.000,0,1.000,0,0,0.0576,0.2496,-0.0043,0.0588
1539,24,1,0,0.000,-0.024,-1.000,-1.000,1,1,-0.000,0.000,0.000,0,1.000,0,0,0.0576,0.2496,-0.0043,0.0588
1540,24,1,0,-0.032,-0.024,-1.000,-1.000,1,1,-0.000,0.000,0.000,0,1.000,0,0,0.0576,0.2496,-0.0043,0.0588
1541,24,1,0,-0.504,0.016,-1.000,-1.000,1,1,0.339,0.000,0.000,0,1.000,0,0,0.0576,0.2498,-0.0043,0.0588
1542,24,1,0,-0.551,0.094,-1.000,-1.000,1,1,0.402,0.000,0.000,0,1.000,0,0,0.0576,0.2503,-0.0041,0.0585
1543,24,1,0,-0.016,-0.008,-1.000,-1.000,1,1,-0.000,0.000,0.000,0,1.000,0,0,0.0576,0.2507,-0.0040,0.0581
1544,24,1,0,-0.008,-0.008,-1.000,-1.000,1,1,-0.000,0.000,0.000,0,1.000,0,0,0.0576,0.2507,-0.0040,0.0581
1545,24,1,0,-0.559,-0.008,-1.000,-1.000,1,1,0.412,0.000,0.000,0,1.000,0,0,0.0576,0.2510,-0.0040,0.0580
1546,24,1,0,-0.299,0.024,-1.000,-1.000,1,1,0.066,0.000,0.000,0,1.000,0,0,0.0576,0.2514,-0.0038,0.0577
1547,24,1,0,-0.024,-0.008,-1.000,-1.000,1,1,-0.000,0.000,0.000,0,1.000,0,0,0.0576,0.2515,-0.0038,0.0576
1548,24,1,0,-0.016,-0.016,-1.000,-1.000,1,1,-0.000,0.000,0.000,0,1.000,0,0,0.0576,0.2515,-0.0038,0.0576
1549,24,1,0,-0.661,-0.102,-1.000,-1.000,1,1,0.549,0.000,0.000,0,1.000,0,0,0.0576,0.2518,-0.0037,0.0576
1550,24,1,0,-0.961,0.008,-1.000,-1.000,1,1,0.948,0.000,0.000,0,1.000,0,0,0.0576,0.2530,-0.0034,0.0572
1551,24,1,0,-0.016,-0.008,-1.000,-1.000,1,1,-0.000,0.000,0.000,0,1.000,0,0,0.0576,0.2535,-0.0033,0.0570
1552,24,1,0,0.000,-0.016,-1.000,-1.000,1,1,-0.000,0.000,0.000,0,1.000,0,0,0.0576,0.2535,-0.0033,0.0570
1553,24,1,0,0.000,-0.016,-1.000,-1.000,1,1,-0.000,0.000,0.000,0,1.000,0,0,0.0576,0.2535,-0.0033,0.0570
1554,24,1,0,0.016,0.024,-1.000,-1.000,1,1,-0.000,0.000,0.000,0,1.000,0,0,0.0576,0.2535,-0.0033,0.0570
1555,24,1,0,0.016,0.756,-1.000,-1.000,1,1,-0.000,0.675,0.000,0,1.000,0,0,0.0576,0.2537,-0.0029,0.0571
1556,24,1,0,0.047,0.425,-1.000,-1.000,1,1,-0.000,0.234,0.000,0,1.000,0,0,0.0576,0.2538,-0.0022,0.0569
1557,24,1,0,0.000,-0.047,-1.000,-1.000,1,1,-0.000,0.000,0.000,0,1.000,0,0,0.0576,0.2538,-0.0018,0.0570
1558,24,1,0,0.000,-0.039,-1.000,-1.000,1,1,-0.000,0.000,0.000,0,1.000,0,0,0.0576,0.2538,-0.0018,0.0569
1559,24,1,0,0.000,-0.047,-1.000,-1.000,1,1,-0.000,0.000,0.000,0,1.000,0,0,0.0576,0.2538,-0.0018,0.0569
1560,24,1,0,0.000,-0.039,-1.000,-1.000,1,1,-0.000,0.000,0.000,0,1.000,0,0,0.0576,0.2538,-0.0018,0.0569
1561,24,1,0,0.000,-0.039,-1.000,-1.000,1,1,-0.000,0.000,0.000,0,1.000,0,0,0.0576,0.2538,-0.0018,0.0569
1562,24,1,0,0.000,-0.047,-1.000,0.126,1,1,-0.000,0.000,-0.525,0,1.000,0,0,0.0576,0.2539,-0.0018,0.0568
1563,24,1,0,0.000,-0.039,-1.000,1.000,1,1,-0.000,0.000,-1.000,0,1.000,0,0,0.0576,0.2541,-0.0019,0.0566
1564,24,1,0,0.000,-0.039,-1.000,1.000,1,1,-0.000,0.000,-1.000,0,1.000,0,0,0.0576,0.2543,-0.0020,0.0565
1565,24,1,0,0.000,-0.039,-1.000,1.000,1,1,-0.000,0.000,-1.000,0,1.000,0,0,0.0576,0.2545,-0.0021,0.0564
1566,24,1,0,0.000,-0.039,-1.000,1.000,1,1,-0.000,0.000,-1.000,0,1.000,0,0,0.0576,0.2547,-0.0022,0.0564
1567,24,1,0,0.000,-0.039,-1.000,1.000,1,1,-0.000,0.000,-1.000,0,1.000,0,0,0.0576,0.2550,-0.0023,0.0563
1568,24,1,0,0.000,-0.039,-1.000,1.000,1,1,-0.000,0.000,-1.000,0,1.000,0,0,0.0576,0.2552,-0.0023,0.0563
1569,24,1,0,0.000,-0.039,-1.000,1.000,1,1,-0.000,0.000,-1.000,0,1.000,0,0,0.0576,0.2555,-0.0024,0.0563
1570,24,1,0,0.000,-0.039,-1.000,1.000,1,1,-0.000,0.000,-1.000,0,1.000,0,0,0.0576,0.2557,-0.0025,0.0562
1571,24,1,0,0.000,-0.039,-1.000,1.000,1,1,-0.000,0.000,-1.000,0,1.000,0,0,0.0576,0.2559,-0.0026,0.0562
1572,24,1,0,0.000,-0.039,-1.000,1.000,1,1,-0.000,0.000,-1.000,0,1.000,0,0,0.0576,0.2561,-0.0027,0.0562
1573,24,1,0,0.000,-0.039,-1.000,1.000,1,1,-0.000,0.000,-1.000,0,1.000,0,0,0.0576,0.2564,-0.0028,0.0562
1574,24,1,0,0.000,-0.039,-1.000,1.000,1,1,-0.000,0.000,-1.000,0,1.000,0,0,0.0576,0.2566,-0.0029,0.0562
1575,24,1,0,0.000,-0.039,-1.000,1.000,1,1,-0.000,0.000,-1.000,0,1.000,0,0,0.0576,0.2568,-0.0029,0.0562
1576,24,1,0,0.000,-0.039,-1.000,1.000,1,1,-0.000,0.000,-1.000,1,1.000,1,0,0.0576,0.2569,-0.0030,0.0562
1577,24,1,0,0.039,-0.102,-1.000,1.000,1,1,-0.000,0.000,-1.000,1,1.000,1,0,0.0576,0.2570,-0.0031,0.0562
1578,24,1,0,0.024,-0.102,-1.000,1.000,1,1,-0.000,0.000,-1.000,1,1.000,1,0,0.0576,0.2573,-0.0031,0.0563
1579,24,1,0,0.016,-0.063,-1.000,1.000,1,1,-0.000,0.000,-1.000,1,1.000,1,0,0.0576,0.2573,-0.0032,0.0563
1580,24,1,0,0.016,-0.063,-1.000,1.000,1,1,-0.000,0.000,-1.000,1,1.000,1,0,0.0576,0.2574,-0.0032,0.0563
1581,24,1,0,0.016,-0.063,-1.000,1.000,1,1,-0.000,0.000,-1.000,1,1.000,1,0,0.0576,0.2575,-0.0032,0.0564
1582,24,1,0,0.000,-0.055,-1.000,1.000,1,1,-0.000,0.000,-1.000,1,1.000,1,0,0.0576,0.2576,-0.0033,0.0564
1583,24,1,0,-0.118,0.016,-1.000,1.000,1,1,-0.000,0.000,-1.000,1,1.000,1,0,0.0576,0.2576,-0.0033,0.0564
1584,24,1,0,-0.654,0.094,-1.000,1.000,1,1,0.538,0.000,-1.000,1,1.000,1,0,0.0576,0.2578,-0.0033,0.0564
1585,24,1,0,-0.528,0.039,-1.000,1.000,1,1,0.370,0.000,-1.000,1,1.000,1,0,0.0576,0.2579,-0.0033,0.0564
1586,24,1,0,-0.118,-0.110,-1.000,1.000,1,1,-0.000,0.000,-1.000,1,1.000,1,0,0.0576,0.2580,-0.0033,0.0565
1587,24,1,0,-0.024,-0.102,-1.000,1.000,1,1,-0.000,0.000,-1.000,1,1.000,1,0,0.0576,0.2581,-0.0033,0.0565
1588,24,1,0,0.008,-0.102,-1.000,-0.945,1,1,-0.000,0.000,0.000,1,1.000,1,0,0.0576,0.2582,-0.0033,0.0565
1589,24,1,0,0.008,-0.102,-1.000,-1.000,1,1,-0.000,0.000,0.000,1,1.000,1,0,0.0576,0.2582,-0.0033,0.0565
1590,24,1,0,0.008,-0.087,-1.000,-1.000,1,1,-0.000,0.000,0.000,1,1.000,1,0,0.0576,0.2583,-0.0034,0.0565
1591,24,1,0,0.008,-0.079,-1.000,-1.000,1,1,-0.000,0.000,0.000,1,1.000,1,0,0.0576,0.2583,-0.0034,0.0565
1592,24,1,0,0.008,-0.079,-1.000,-1.000,1,1,-0.000,0.000,0.000,1,1.000,1,0,0.0576,0.2584,-0.0034,0.0565
1593,24,1,0,0.008,-0.079,-1.000,-1.000,1,1,-0.000,0.000,0.000,1,1.000,1,0,0.0576,0.2584,-0.0034,0.0565
1594,24,1,0,0.000,-0.079,-1.000,-1.000,1,1,-0.000,0.000,0.000,1,1.000,1,0,0.0576,0.2584,-0.0034,0.0565
1595,24,1,0,0.000,-0.079,-1.000,-1.000,1,1,-0.000,0.000,0.000,1,1.000,1,0,0.0576,0.2584,-0.0034,0.0565
1596,24,1,0,0.000,-0.079,-1.000,-1.000,1,1,-0.000,0.000,0.000,1,1.000,1,0,0.0576,0.2584,-0.0034,0.0565
1597,24,1,0,0.000,-0.079,-1.000,-1.000,1,1,-0.000,0.000,0.000,1,1.000,1,0,0.0576,0.2584,-0.0034,0.0565
1598,24,1,0,0.000,-0.079,-1.000,-1.000,1,1,-0.000,0.000,0.000,1,1.000,1,0,0.0576,0.2585,-0.0034,0.0565
1599,24,1,0,0.000,-0.079,-1.000,-1.000,1,1,-0.000,0.000,0.000,1,1.000,1,0,0.0576,0.2585,-0.0034,0.0565
1600,24,1,0,0.000,-0.071,-1.000,-1.000,1,1,-0.000,0.000,0.000,1,1.000,1,0,0.0576,0.2585,-0.0034,0.0565
1601,24,1,0,0.000,-0.079,-1.000,-1.000,1,1,-0.000,0.000,0.000,1,1.000,1,0,0.0576,0.2585,-0.0034,0.0565
1602,24,1,0,0.000,-0.071,-1.000,-1.000,1,1,-0.000,0.000,0.000,1,1.000,1,0,0.0576,0.2585,-0.0034,0.0565
1603,24,1,0,0.000,-0.079,-1.000,-1.000,1,1,-0.000,0.000,0.000,1,1.000,1,0,0.0576,0.2585,-0.0034,0.0565
1604,24,1,0,0.000,-0.071,-1.000,-1.000,1,1,-0.000,0.000,0.000,1,1.000,1,0,0.0576,0.2585,-0.0034,0.0565
1605,24,1,0,0.000,-0.079,-1.000,-1.000,1,1,-0.000,0.000,0.000,1,1.000,1,0,0.0576,0.2585,-0.0034,0.0565
1606,24,1,0,0.000,-0.079,-1.000,-1.000,1,1,-0.000,0.000,0.000,1,1.000,1,0,0.0576,0.2585,-0.0034,0.0565
1607,24,1,0,0.000,-0.039,-1.000,-1.000,1,1,-0.000,0.000,0.000,1,1.000,1,0,0.0576,0.2585,-0.0034,0.0565
1608,24,1,0,0.000,-0.039,-1.000,-1.000,1,1,-0.000,0.000,0.000,1,1.000,1,0,0.0576,0.2585,-0.0034,0.0565
1609,24,1,0,0.000,-0.039,-1.000,-1.000,1,1,-0.000,0.000,0.000,1,1.000,1,0,0.0576,0.2585,-0.0034,0.0565
1610,24,1,0,-0.016,-0.039,-1.000,-1.000,1,1,-0.000,0.000,0.000,1,1.000,1,0,0.0576,0.2585,-0.0034,0.0565
1611,24,1,0,-0.016,-0.039,-1.000,-1.000,1,1,-0.000,0.000,0.000,1,1.000,1,0,0.0576,0.2585,-0.0034,0.0565
1612,24,1,0,-0.008,-0.039,-1.000,-1.000,1,1,-0.000,0.000,0.000,1,1.000,1,0,0.0576,0.2585,-0.0034,0.0565
1613,24,1,0,-0.008,-0.039,-1.000,-1.000,1,1,-0.000,0.000,0.000,1,1.000,1,0,0.0576,0.2585,-0.0034,0.0565
1614,24,1,0,-0.008,-0.039,-1.000,-1.000,1,1,-0.000,0.000,0.000,1,1.000,1,0,0.0576,0.2585,-0.0034,0.0565
1615,24,1,0,-0.008,-0.039,-1.000,-1.000,1,1,-0.000,0.000,0.000,1,1.000,1,0,0.0576,0.2585,-0.0034,0.0565
1616,24,1,0,-0.008,-0.039,-1.000,-1.000,1,1,-0.000,0.000,0.000,1,1.000,1,0,0.0576,0.2585,-0.0034,0.0565
1617,24,1,0,-0.008,-0.039,-1.000,-1.000,1,1,-0.000,0.000,0.000,1,1.000,1,0,0.0576,0.2585,-0.0034,0.0565
1618,24,1,0,-0.008,-0.039,-1.000,-1.000,1,1,-0.000,0.000,0.000,1,1.000,1,0,0.0576,0.2585,-0.0034,0.0565
1619,24,1,0,-0.008,-0.039,-1.000,-1.000,1,1,-0.000,0.000,0.000,1,1.000,1,0,0.0576,0.2585,-0.0034,0.0565
1620,24,1,0,-0.008,-0.039,-1.000,-1.000,1,1,-0.000,0.000,0.000,1,1.000,1,0,0.0576,0.2585,-0.0034,0.0565
1621,24,1,0,-0.008,-0.039,-1.000,-1.000,1,1,-0.000,0.000,0.000,1,1.000,1,0,0.0576,0.2585,-0.0034,0.0565
1622,24,1,0,-0.008,-0.039,-1.000,-1.000,1,1,-0.000,0.000,0.000,1,1.000,1,0,0.0576,0.2585,-0.0034,0.0565
1623,24,1,0,-0.008,-0.039,-1.000,-1.000,1,1,-0.000,0.000,0.000,1,1.000,1,0,0.0576,0.2585,-0.0034,0.0565
1624,24,1,0,-0.008,-0.039,-1.000,-1.000,1,1,-0.000,0.000,0.000,1,1.000,1,0,0.0576,0.2585,-0.0034,0.0565
1625,24,1,0,-0.008,-0.039,-1.000,-1.000,1,1,-0.000,0.000,0.000,1,1.000,1,0,0.0576,0.2585,-0.0034,0.0565
1626,24,1,0,-0.008,-0.039,-1.000,-1.000,1,1,-0.000,0.000,0.000,1,1.000,1,0,0.0576,0.2585,-0.0034,0.0565
1627,24,1,0,-0.008,-0.039,-1.000,-1.000,1,1,-0.000,0.000,0.000,1,1.000,1,0,0.0576,0.2585,-0.0034,0.0565
1628,24,1,0,-0.008,-0.039,-1.000,-1.000,1,1,-0.000,0.000,0.000,1,1.000,1,0,0.0576,0.2584,-0.0034,0.0565
1629,24,1,0,-0.008,-0.039,-1.000,-1.000,1,1,-0.000,0.000,0.000,1,1.000,1,0,0.0576,0.2582,-0.0034,0.0565
1630,24,1,0,-0.008,-0.039,-1.000,-1.000,1,1,-0.000,0.000,0.000,1,1.000,1,0,0.0576,0.2578,-0.0032,0.0565
1631,24,1,0,-0.008,-0.039,-1.000,-1.000,1,1,-0.000,0.000,0.000,1,1.000,1,0,0.0576,0.2574,-0.0032,0.0565
1632,24,1,0,-0.008,-0.039,-1.000,-1.000,1,1,-0.000,0.000,0.000,1,1.000,1,0,0.0576,0.2571,-0.0031,0.0565
1633,24,1,0,-0.008,-0.039,-1.000,-1.000,1,1,-0.000,0.000,0.000,1,1.000,1,0,0.0576,0.2567,-0.0031,0.0565
1634,24,1,0,-0.008,-0.039,-1.000,-1.000,1,1,-0.000,0.000,0.000,1,1.000,1,0,0.0576,0.2563,-0.0030,0.0563
1635,24,1,0,-0.008,-0.039,-1.000,-1.000,1,1,-0.000,0.000,0.000,1,1.000,1,0,0.0576,0.2562,-0.0031,0.0562
1636,24,1,0,-0.008,-0.039,-1.000,-1.000,1,1,-0.000,0.000,0.000,1,1.000,1,0,0.0576,0.2570,-0.0033,0.0563
1637,24,1,0,-0.008,-0.039,-1.000,-1.000,1,1,-0.000,0.000,0.000,0,1.000,0,0,0.0576,0.2572,-0.0034,0.0563
1638,24,1,0,-0.008,-0.039,-1.000,-1.000,1,1,-0.000,0.000,0.000,0,1.000,0,0,0.0576,0.2575,-0.0034,0.0563
1639,24,1,0,-0.008,-0.039,-1.000,-1.000,1,1,-0.000,0.000,0.000,1,1.000,1,0,0.0576,0.2575,-0.0035,0.0563
1640,24,1,0,-0.008,-0.039,-1.000,-1.000,1,1,-0.000,0.000,0.000,1,1.000,1,0,0.0576,0.2576,-0.0035,0.0563
1641,24,1,0,-0.008,-0.039,-1.000,-1.000,1,1,-0.000,0.000,0.000,1,1.000,1,0,0.0576,0.2576,-0.0035,0.0563
1642,24,1,0,-0.008,-0.039,-1.000,-1.000,1,1,-0.000,0.000,0.000,1,1.000,1,0,0.0576,0.2576,-0.0035,0.0563
1643,24,1,0,-0.008,-0.039,-1.000,-1.000,1,1,-0.000,0.000,0.000,1,1.000,1,0,0.0576,0.2576,-0.0035,0.0563
1644,24,1,0,-0.008,-0.039,-1.000,-1.000,1,1,-0.000,0.000,0.000,1,1.000,1,0,0.0576,0.2576,-0.0035,0.0563
1645,24,1,0,-0.008,-0.039,-1.000,-1.000,1,1,-0.000,0.000,0.000,1,1.000,1,0,0.0576,0.2576,-0.0035,0.0563
1646,24,1,0,-0.008,-0.039,-1.000,-1.000,1,1,-0.000,0.000,0.000,1,1.000,1,0,0.0576,0.2576,-0.0035,0.0563
1647,24,1,0,-0.008,-0.039,-1.000,-1.000,1,1,-0.000,0.000,0.000,1,1.000,1,0,0.0576,0.2576,-0.0035,0.0563
1648,24,1,0,-0.008,-0.039,-1.000,-1.000,1,1,-0.000,0.000,0.000,1,1.000,1,0,0.0576,0.2576,-0.0035,0.0563
1649,24,1,0,-0.008,-0.039,-1.000,-1.000,1,1,-0.000,0.000,0.000,1,1.000,1,0,0.0576,0.2576,-0.0035,0.0563
1650,24,1,0,-0.008,-0.039,-1.000,-1.000,1,1,-0.000,0.000,0.000,1,1.000,1,0,0.0576,0.2576,-0.0035,0.0563
1651,24,1,0,-0.008,-0.039,-1.000,-1.000,1,1,-0.000,0.000,0.000,1,1.000,1,0,0.0576,0.2576,-0.0034,0.0562
1652,24,1,0,-0.008,-0.039,-1.000,-1.000,1,1,-0.000,0.000,0.000,1,1.000,1,0,0.0576,0.2576,-0.0029,0.0562
1653,24,1,0,-0.008,-0.039,-1.000,-1.000,1,1,-0.000,0.000,0.000,1,1.000,1,0,0.0576,0.2575,-0.0030,0.0564
1654,24,1,0,-0.008,-0.039,-1.000,-1.000,1,1,-0.000,0.000,0.000,1,1.000,1,0,0.0576,0.2576,-0.0030,0.0564
1655,24,1,0,-0.008,-0.039,-1.000,-1.000,1,1,-0.000,0.000,0.000,1,1.000,1,0,0.0576,0.2583,-0.0032,0.0565
1656,24,1,0,-0.008,-0.039,-1.000,-1.000,1,1,-0.000,0.000,0.000,1,1.000,1,0,0.0576,0.2585,-0.0032,0.0567
1657,24,1,0,-0.008,-0.039,-1.000,-1.000,1,1,-0.000,0.000,0.000,1,1.000,1,0,0.0576,0.2586,-0.0033,0.0566
1658,24,1,0,-0.008,-0.039,-1.000,-1.000,1,1,-0.000,0.000,0.000,1,1.000,1,0,0.0576,0.2588,-0.0034,0.0567
1659,24,1,0,-0.008,-0.039,-1.000,-1.000,1,1,-0.000,0.000,0.000,1,1.000,1,0,0.0576,0.2587,-0.0034,0.0567
1660,24,1,0,-0.008,-0.039,-1.000,-1.000,1,1,-0.000,0.000,0.000,1,1.000,1,0,0.0576,0.2588,-0.0034,0.0567
1661,24,1,0,-0.008,-0.039,-1.000,-1.000,1,1,-0.000,0.000,0.000,1,1.000,1,0,0.0576,0.2589,-0.0036,0.0568
1662,24,1,0,-0.008,-0.039,-1.000,-1.000,1,1,-0.000,0.000,0.000,1,1.000,1,0,0.0576,0.2592,-0.0037,0.0574
1663,24,1,0,-0.008,-0.039,-1.000,-1.000,1,1,-0.000,0.000,0.000,1,1.000,1,0,0.0576,0.2593,-0.0037,0.0574
1664,24,1,0,-0.008,-0.039,-1.000,-1.000,1,1,-0.000,0.000,0.000,1,1.000,1,0,0.0576,0.2594,-0.0037,0.0574
1665,24,1,0,-0.008,-0.039,-1.000,-1.000,1,1,-0.000,0.000,0.000,1,1.000,1,0,0.0576,0.2594,-0.0038,0.0574
1666,24,1,0,-0.008,-0.039,-1.000,-1.000,1,1,-0.000,0.000,0.000,1,1.000,1,0,0.0576,0.2595,-0.0038,0.0574
1667,24,1,0,-0.008,-0.039,-1.000,-1.000,1,1,-0.000,0.000,0.000,1,1.000,1,0,0.0576,0.2595,-0.0038,0.0574
1668,24,1,0,-0.008,-0.039,-1.000,-1.000,1,1,-0.000,0.000,0.000,1,1.000,1,0,0.0576,0.2595,-0.0039,0.0574
1669,24,1,1,-0.008,-0.039,-1.000,-1.000,1,1,0.000,0.000,0.000,1,1.000,1,1,0.0576,0.2596,-0.0039,0.0574
1670,25,1,0,-0.008,-0.039,-1.000,-1.000,1,1,-0.000,0.000,0.000,0,0.333,0,0,0.0591,0.2481,-0.0025,0.0600
1671,25,1,0,-0.008,-0.039,-1.000,-1.000,1,1,-0.000,0.000,0.000,0,0.667,0,0,0.0584,0.2484,-0.0027,0.0611
1672,25,1,0,-0.008,-0.039,-1.000,-1.000,1,1,-0.000,0.000,0.000,0,1.000,0,0,0.0576,0.2492,-0.0042,0.0600
1673,25,1,0,-0.008,-0.039,-1.000,-1.000,1,1,-0.000,0.000,0.000,0,1.000,0,0,0.0576,0.2497,-0.0036,0.0586
1674,25,1,0,-0.008,-0.039,-1.000,-1.000,1,1,-0.000,0.000,0.000,0,1.000,0,0,0.0576,0.2496,-0.0042,0.0585
1675,25,1,0,-0.008,-0.039,-1.000,-1.000,1,1,-0.000,0.000,0.000,0,1.000,0,0,0.0576,0.2497,-0.0042,0.0585
1676,25,1,0,-0.008,-0.039,-1.000,-1.000,1,1,-0.000,0.000,0.000,0,1.000,0,0,0.0576,0.2496,-0.0042,0.0586
1677,25,1,0,-0.008,-0.039,-1.000,-1.000,1,1,-0.000,0.000,0.000,0,1.000,0,0,0.0576,0.2497,-0.0042,0.0586
1678,25,1,0,-0.008,-0.039,-1.000,-1.000,1,1,-0.000,0.000,0.000,0,1.000,0,0,0.0576,0.2497,-0.0042,0.0586
1679,25,1,0,0.000,-0.039,-1.000,-1.000,1,1,-0.000,0.000,0.000,0,1.000,0,0,0.0576,0.2497,-0.0042,0.0586
1680,25,1,0,0.000,-0.039,-1.000,-1.000,1,1,-0.000,0.000,0.000,0,1.000,0,0,0.0576,0.2497,-0.0042,0.0586
1681,25,1,0,0.000,-0.039,-1.000,-1.000,1,1,-0.000,0.000,0.000,0,1.000,0,0,0.0576,0.2497,-0.0042,0.0586
1682,25,1,0,0.000,-0.039,-1.000,-1.000,1,1,-0.000,0.000,0.000,0,1.000,0,0,0.0576,0.2497,-0.0042,0.0586
1683,25,1,0,0.000,-0.039,-1.000,-1.000,1,1,-0.000,0.000,0.000,0,1.000,0,0,0.0576,0.2497,-0.0042,0.0586
1684,25,1,0,0.000,-0.039,-1.000,-1.000,1,1,-0.000,0.000,0.000,0,1.000,0,0,0.0576,0.2497,-0.0042,0.0586
1685,25,1,0,0.000,-0.039,-1.000,-1.000,1,1,-0.000,0.000,0.000,0,1.000,0,0,0.0576,0.2497,-0.0042,0.0586
1686,25,1,0,0.000,-0.039,-1.000,-1.000,1,1,-0.000,0.000,0.000,0,1.000,0,0,0.0576,0.2497,-0.0042,0.0586
1687,25,1,0,0.000,-0.039,-1.000,-1.000,1,1,-0.000,0.000,0.000,0,1.000,0,0,0.0576,0.2497,-0.0042,0.0586
1688,25,1,0,-0.016,-0.008,-1.000,-1.000,1,1,-0.000,0.000,0.000,0,1.000,0,0,0.0576,0.2497,-0.0042,0.0586
1689,25,1,0,-0.008,-0.016,-1.000,-1.000,1,1,-0.000,0.000,0.000,0,1.000,0,0,0.0576,0.2497,-0.0042,0.0586
1690,25,1,0,0.000,-0.016,-1.000,-1.000,1,1,-0.000,0.000,0.000,0,1.000,0,0,0.0576,0.2497,-0.0042,0.0586
1691,25,1,0,0.000,0.031,-1.000,-1.000,1,1,-0.000,0.000,0.000,0,1.000,0,0,0.0576,0.2497,-0.0042,0.0586
1692,25,1,0,-0.008,0.142,-1.000,-1.000,1,1,-0.000,0.000,0.000,0,1.000,0,0,0.0576,0.2497,-0.0042,0.0586
1693,25,1,0,0.047,0.409,-1.000,-1.000,1,1,-0.000,0.213,0.000,0,1.000,0,0,0.0576,0.2497,-0.0041,0.0586
1694,25,1,0,0.126,0.622,-1.000,-1.000,1,1,-0.000,0.496,0.000,0,1.000,0,0,0.0576,0.2498,-0.0035,0.0584
1695,25,1,0,0.000,-0.055,-1.000,-1.000,1,1,-0.000,0.000,0.000,0,1.000,0,0,0.0576,0.2500,-0.0032,0.0581
1696,25,1,0,0.008,0.016,-1.000,-1.000,1,1,-0.000,0.000,0.000,0,1.000,0,0,0.0576,0.2500,-0.0032,0.0581
1697,25,1,0,0.008,0.693,-1.000,-1.000,1,1,-0.000,0.591,0.000,0,1.000,0,0,0.0576,0.2501,-0.0027,0.0580
1698,25,1,0,0.055,0.425,-1.000,-1.000,1,1,-0.000,0.234,0.000,0,1.000,0,0,0.0576,0.2503,-0.0021,0.0576
1699,25,1,0,0.024,-0.016,-1.000,-1.000,1,1,-0.000,0.000,0.000,0,1.000,0,0,0.0576,0.2504,-0.0018,0.0576
1700,25,1,0,0.024,-0.016,-1.000,-1.000,1,1,-0.000,0.000,0.000,0,1.000,0,0,0.0576,0.2504,-0.0018,0.0576
1701,25,1,0,0.016,0.457,-1.000,-1.000,1,1,-0.000,0.276,0.000,0,1.000,0,0,0.0576,0.2504,-0.0016,0.0575
1702,25,1,0,0.110,1.000,-1.000,-1.000,1,1,-0.000,1.000,0.000,0,1.000,0,0,0.0576,0.2508,-0.0004,0.0572
1703,25,1,0,0.000,-0.071,-1.000,-1.000,1,1,-0.000,0.000,0.000,0,1.000,0,0,0.0576,0.2512,0.0000,0.0566
1704,25,1,0,0.016,-0.071,-1.000,-1.000,1,1,-0.000,0.000,0.000,0,1.000,0,0,0.0576,0.2512,-0.0000,0.0568
1705,25,1,0,0.016,-0.071,-1.000,-0.819,1,1,-0.000,0.000,-0.011,0,1.000,0,0,0.0576,0.2512,0.0000,0.0568
1706,25,1,0,0.016,-0.071,-1.000,1.000,1,1,-0.000,0.000,-1.000,0,1.000,0,0,0.0576,0.2510,0.0001,0.0567
1707,25,1,0,0.016,-0.063,-1.000,1.000,1,1,-0.000,0.000,-1.000,0,1.000,0,0,0.0576,0.2508,0.0003,0.0565
1708,25,1,0,0.016,-0.063,-1.000,1.000,1,1,-0.000,0.000,-1.000,0,1.000,0,0,0.0576,0.2507,0.0005,0.0564
1709,25,1,0,0.016,-0.063,-1.000,1.000,1,1,-0.000,0.000,-1.000,0,1.000,0,0,0.0576,0.2505,0.0007,0.0563
1710,25,1,0,0.016,-0.063,-1.000,1.000,1,1,-0.000,0.000,-1.000,0,1.000,0,0,0.0576,0.2504,0.0008,0.0563
1711,25,1,0,0.016,-0.071,-1.000,1.000,1,1,-0.000,0.000,-1.000,0,1.000,0,0,0.0576,0.2503,0.0009,0.0562
1712,25,1,0,0.016,-0.079,-1.000,1.000,1,1,-0.000,0.000,-1.000,0,1.000,0,0,0.0576,0.2502,0.0009,0.0562
1713,25,1,0,-0.055,-0.071,-1.000,1.000,1,1,-0.000,0.000,-1.000,0,1.000,0,0,0.0576,0.2501,0.0010,0.0563
1714,25,1,0,-0.559,-0.039,-1.000,1.000,1,1,0.412,0.000,-1.000,0,1.000,0,0,0.0576,0.2502,0.0011,0.0563
1715,25,1,0,-1.000,-0.039,-1.000,1.000,1,1,1.000,0.000,-1.000,0,1.000,0,0,0.0576,0.2506,0.0013,0.0563
1716,25,1,0,-1.000,-0.039,-1.000,1.000,1,1,1.000,0.000,-1.000,0,1.000,0,0,0.0576,0.2511,0.0019,0.0564
1717,25,1,0,-0.165,-0.158,-1.000,-1.000,1,1,-0.000,0.000,0.000,0,1.000,0,0,0.0576,0.2516,0.0024,0.0565
1718,25,1,0,-0.008,-0.110,-1.000,-1.000,1,1,-0.000,0.000,0.000,0,1.000,0,0,0.0576,0.2517,0.0026,0.0565
1719,25,1,0,-0.008,-0.110,-1.000,-1.000,1,1,-0.000,0.000,0.000,0,1.000,0,0,0.0576,0.2518,0.0027,0.0565
1720,25,1,0,0.008,-0.110,-1.000,-1.000,1,1,-0.000,0.000,0.000,0,1.000,0,0,0.0576,0.2518,0.0027,0.0564
1721,25,1,0,0.016,-0.102,-1.000,-1.000,1,1,-0.000,0.000,0.000,0,1.000,0,0,0.0576,0.2518,0.0028,0.0564
1722,25,1,0,0.024,-0.102,-1.000,-1.000,1,1,-0.000,0.000,0.000,0,1.000,0,0,0.0576,0.2518,0.0028,0.0564
1723,25,1,0,0.024,-0.102,-1.000,-1.000,1,1,-0.000,0.000,0.000,0,1.000,0,0,0.0576,0.2518,0.0028,0.0564
1724,25,1,0,0.024,-0.102,-1.000,-1.000,1,1,-0.000,0.000,0.000,0,1.000,0,0,0.0576,0.2518,0.0028,0.0564
1725,25,1,0,0.024,-0.102,-1.000,-1.000,1,1,-0.000,0.000,0.000,0,1.000,0,0,0.0576,0.2518,0.0028,0.0563
1726,25,1,1,0.024,-0.095,-1.000,-1.000,1,1,0.000,0.000,0.000,1,1.000,1,1,0.0576,0.2518,0.0029,0.0563
1727,26,1,0,0.008,-0.071,-1.000,-1.000,1,1,-0.000,0.000,0.000,0,0.333,0,0,0.0619,0.2536,-0.0018,0.0636
1728,26,1,0,0.008,-0.071,-1.000,-1.000,1,1,-0.000,0.000,0.000,0,0.667,0,0,0.0598,0.2520,-0.0027,0.0622
1729,26,1,0,0.008,-0.071,-1.000,-1.000,1,1,-0.000,0.000,0.000,0,1.000,0,0,0.0576,0.2503,-0.0034,0.0599
1730,26,1,0,0.008,-0.071,-1.000,-1.000,1,1,-0.000,0.000,0.000,0,1.000,0,0,0.0576,0.2496,-0.0040,0.0586
1731,26,1,0,0.008,-0.071,-1.000,-1.000,1,1,-0.000,0.000,0.000,0,1.000,0,0,0.0576,0.2496,-0.0040,0.0586
1732,26,1,0,0.008,-0.071,-1.000,-1.000,1,1,-0.000,0.000,0.000,0,1.000,0,0,0.0576,0.2496,-0.0040,0.0587
1733,26,1,0,0.008,-0.071,-1.000,-1.000,1,1,-0.000,0.000,0.000,0,1.000,0,0,0.0576,0.2496,-0.0041,0.0588
1734,26,1,0,0.000,-0.063,-1.000,-1.000,1,1,-0.000,0.000,0.000,0,1.000,0,0,0.0576,0.2496,-0.0041,0.0588
1735,26,1,0,-0.032,-0.039,-1.000,-1.000,1,1,-0.000,0.000,0.000,0,1.000,0,0,0.0576,0.2496,-0.0041,0.0588
1736,26,1,0,-0.047,-0.024,-1.000,-1.000,1,1,-0.000,0.000,0.000,0,1.000,0,0,0.0576,0.2496,-0.0041,0.0588
1737,26,1,0,-0.118,0.031,-1.000,-1.000,1,1,-0.000,0.000,0.000,0,1.000,0,0,0.0576,0.2496,-0.0041,0.0588
1738,26,1,0,-0.787,0.402,-1.000,-1.000,1,1,0.717,0.202,0.000,0,1.000,0,0,0.0576,0.2498,-0.0041,0.0587
1739,26,1,0,-0.268,0.252,-1.000,-1.000,1,1,0.024,0.003,0.000,0,1.000,0,0,0.0576,0.2503,-0.0038,0.0581
1740,26,1,0,0.016,-0.008,-1.000,-1.000,1,1,-0.000,0.000,0.000,0,1.000,0,0,0.0576,0.2503,-0.0039,0.0580
1741,26,1,0,0.016,-0.008,-1.000,-1.000,1,1,-0.000,0.000,0.000,0,1.000,0,0,0.0576,0.2503,-0.0039,0.0580
1742,26,1,0,-0.110,0.055,-1.000,-1.000,1,1,-0.000,0.000,0.000,0,1.000,0,0,0.0576,0.2503,-0.0039,0.0580
1743,26,1,0,-0.913,0.512,-1.000,-1.000,1,1,0.885,0.349,0.000,0,1.000,0,0,0.0576,0.2507,-0.0037,0.0579
1744,26,1,0,-0.008,0.000,-1.000,-1.000,1,1,-0.000,0.000,0.000,0,1.000,0,0,0.0576,0.2514,-0.0033,0.0571
1745,26,1,0,0.016,-0.032,-1.000,-1.000,1,1,-0.000,0.000,0.000,0,1.000,0,0,0.0576,0.2514,-0.0033,0.0570
1746,26,1,0,0.016,-0.032,-1.000,-1.000,1,1,-0.000,0.000,0.000,0,1.000,0,0,0.0576,0.2514,-0.0033,0.0570
1747,26,1,0,-0.055,-0.008,-1.000,-1.000,1,1,-0.000,0.000,0.000,0,1.000,0,0,0.0576,0.2514,-0.0033,0.0571
1748,26,1,0,-1.000,0.181,-1.000,-1.000,1,1,1.000,0.000,0.000,0,1.000,0,0,0.0576,0.2519,-0.0033,0.0570
1749,26,1,0,-0.339,0.157,-1.000,-1.000,1,1,0.118,0.000,0.000,0,1.000,0,0,0.0576,0.2526,-0.0033,0.0565
1750,26,1,0,0.008,-0.039,-1.000,-1.000,1,1,-0.000,0.000,0.000,0,1.000,0,0,0.0576,0.2527,-0.0033,0.0565
1751,26,1,0,0.008,-0.039,-1.000,-1.000,1,1,-0.000,0.000,0.000,0,1.000,0,0,0.0576,0.2527,-0.0034,0.0565
1752,26,1,0,0.008,-0.039,-1.000,-1.000,1,1,-0.000,0.000,0.000,0,1.000,0,0,0.0576,0.2527,-0.0034,0.0565
1753,26,1,0,0.008,-0.039,-1.000,-1.000,1,1,-0.000,0.000,0.000,0,1.000,0,0,0.0576,0.2527,-0.0034,0.0565
1754,26,1,0,-0.063,0.551,-1.000,-1.000,1,1,-0.000,0.402,0.000,0,1.000,0,0,0.0576,0.2527,-0.0032,0.0565
1755,26,1,0,-0.063,1.000,-1.000,-1.000,1,1,-0.000,1.000,0.000,0,1.000,0,0,0.0576,0.2525,-0.0023,0.0561
1756,26,1,0,0.000,-0.071,-1.000,-1.000,1,1,-0.000,0.000,0.000,0,1.000,0,0,0.0576,0.2523,-0.0014,0.0553
1757,26,1,0,0.016,-0.071,-1.000,-1.000,1,1,-0.000,0.000,0.000,0,1.000,0,0,0.0576,0.2523,-0.0014,0.0553
1758,26,1,0,0.016,-0.071,-1.000,-1.000,1,1,-0.000,0.000,0.000,0,1.000,0,0,0.0576,0.2523,-0.0014,0.0553
1759,26,1,0,0.016,-0.071,-1.000,-1.000,1,1,-0.000,0.000,0.000,0,1.000,0,0,0.0576,0.2523,-0.0014,0.0553
1760,26,1,0,0.016,-0.063,-1.000,-1.000,1,1,-0.000,0.000,0.000,0,1.000,0,0,0.0576,0.2523,-0.0014,0.0553
1761,26,1,0,0.016,-0.063,-1.000,-1.000,1,1,-0.000,0.000,0.000,0,1.000,0,0,0.0576,0.2523,-0.0014,0.0553
1762,26,1,0,0.016,-0.063,-1.000,-1.000,1,1,-0.000,0.000,0.000,0,1.000,0,0,0.0576,0.2523,-0.0014,0.0553
1763,26,1,1,0.016,-0.063,-1.000,-1.000,1,1,0.000,0.000,0.000,1,1.000,1,1,0.0576,0.2523,-0.0014,0.0553
1764,27,1,0,0.016,-0.063,-1.000,-1.000,1,1,-0.000,0.000,0.000,0,0.333,0,0,0.0609,0.2501,-0.0036,0.0623
1765,27,1,0,0.016,-0.063,-1.000,-1.000,1,1,-0.000,0.000,0.000,0,0.667,0,0,0.0593,0.2499,-0.0040,0.0613
1766,27,1,0,0.016,-0.063,-1.000,-1.000,1,1,-0.000,0.000,0.000,0,1.000,0,0,0.0576,0.2494,-0.0040,0.0595
1767,27,1,0,0.016,-0.063,-1.000,-1.000,1,1,-0.000,0.000,0.000,0,1.000,0,0,0.0576,0.2495,-0.0042,0.0586
1768,27,1,0,0.016,-0.063,-1.000,-1.000,1,1,-0.000,0.000,0.000,0,1.000,0,0,0.0576,0.2496,-0.0041,0.0587
1769,27,1,0,0.016,-0.063,-1.000,-1.000,1,1,-0.000,0.000,0.000,0,1.000,0,0,0.0576,0.2496,-0.0041,0.0588
1770,27,1,0,0.016,-0.063,-1.000,-1.000,1,1,-0.000,0.000,0.000,0,1.000,0,0,0.0576,0.2496,-0.0041,0.0588
1771,27,1,0,0.016,-0.063,-1.000,-1.000,1,1,-0.000,0.000,0.000,0,1.000,0,0,0.0576,0.2495,-0.0041,0.0588
1772,27,1,0,0.008,-0.063,-1.000,-1.000,1,1,-0.000,0.000,0.000,0,1.000,0,0,0.0576,0.2496,-0.0041,0.0588
1773,27,1,0,0.008,-0.039,-1.000,-1.000,1,1,-0.000,0.000,0.000,0,1.000,0,0,0.0576,0.2496,-0.0041,0.0588
1774,27,1,0,0.016,-0.016,-1.000,-1.000,1,1,-0.000,0.000,0.000,0,1.000,0,0,0.0576,0.2496,-0.0041,0.0588
1775,27,1,0,0.016,-0.008,-1.000,-1.000,1,1,-0.000,0.000,0.000,0,1.000,0,0,0.0576,0.2496,-0.0041,0.0588
1776,27,1,0,0.016,0.031,-1.000,-1.000,1,1,-0.000,0.000,0.000,0,1.000,0,0,0.0576,0.2496,-0.0041,0.0588
1777,27,1,0,0.126,0.622,-1.000,-1.000,1,1,-0.000,0.496,0.000,0,1.000,0,0,0.0576,0.2495,-0.0038,0.0588
1778,27,1,0,0.331,0.583,-1.000,-1.000,1,1,-0.108,0.444,0.000,0,1.000,0,0,0.0576,0.2495,-0.0026,0.0587
1779,27,1,0,0.016,-0.047,-1.000,-1.000,1,1,-0.000,0.000,0.000,0,1.000,0,0,0.0576,0.2494,-0.0022,0.0588
1780,27,1,0,0.008,-0.047,-1.000,-1.000,1,1,-0.000,0.000,0.000,0,1.000,0,0,0.0576,0.2494,-0.0022,0.0588
1781,27,1,0,0.016,0.008,-1.000,-1.000,1,1,-0.000,0.000,0.000,0,1.000,0,0,0.0576,0.2494,-0.0022,0.0588
1782,27,1,0,0.016,0.016,-1.000,-1.000,1,1,-0.000,0.000,0.000,0,1.000,0,0,0.0576,0.2494,-0.0022,0.0588
1783,27,1,0,-0.354,0.016,-1.000,-1.000,1,1,0.139,0.000,0.000,0,1.000,0,0,0.0576,0.2495,-0.0021,0.0588
1784,27,1,0,-1.000,0.016,-1.000,-1.000,1,1,1.000,0.000,0.000,0,1.000,0,0,0.0576,0.2504,-0.0020,0.0586
1785,27,1,0,0.000,0.000,-1.000,-1.000,1,1,-0.000,0.000,0.000,0,1.000,0,0,0.0576,0.2516,-0.0019,0.0578
1786,27,1,0,0.000,-0.008,-1.000,-1.000,1,1,-0.000,0.000,0.000,0,1.000,0,0,0.0576,0.2515,-0.0019,0.0577
1787,27,1,0,-0.032,0.008,-1.000,-1.000,1,1,-0.000,0.000,0.000,0,1.000,0,0,0.0576,0.2516,-0.0019,0.0578
1788,27,1,0,-0.197,0.087,-1.000,-1.000,1,1,-0.000,0.000,0.000,0,1.000,0,0,0.0576,0.2515,-0.0020,0.0578
1789,27,1,0,-0.543,0.220,-1.000,-1.000,1,1,0.391,0.000,0.000,0,1.000,0,0,0.0576,0.2519,-0.0019,0.0578
1790,27,1,0,0.008,-0.008,-1.000,-1.000,1,1,-0.000,0.000,0.000,0,1.000,0,0,0.0576,0.2524,-0.0019,0.0577
1791,27,1,0,0.008,-0.008,-1.000,-1.000,1,1,-0.000,0.000,0.000,0,1.000,0,0,0.0576,0.2524,-0.0019,0.0576
1792,27,1,0,0.008,-0.008,-1.000,1.000,1,1,-0.000,0.000,-1.000,0,1.000,0,0,0.0576,0.2525,-0.0019,0.0576
1793,27,1,0,0.008,-0.008,-1.000,1.000,1,1,-0.000,0.000,-1.000,0,1.000,0,0,0.0576,0.2528,-0.0017,0.0576
1794,27,1,0,0.008,-0.008,-1.000,1.000,1,1,-0.000,0.000,-1.000,0,1.000,0,0,0.0576,0.2530,-0.0016,0.0575
1795,27,1,0,0.008,0.102,-1.000,1.000,1,1,-0.000,0.000,-1.000,0,1.000,0,0,0.0576,0.2533,-0.0016,0.0575
1796,27,1,0,0.039,0.134,-1.000,1.000,1,1,-0.000,0.000,-1.000,0,1.000,0,0,0.0576,0.2534,-0.0015,0.0575
1797,27,1,0,0.016,-0.055,-1.000,-1.000,1,1,-0.000,0.000,0.000,0,1.000,0,0,0.0576,0.2535,-0.0015,0.0574
1798,27,1,0,0.378,0.000,-1.000,-1.000,1,1,-0.171,0.000,0.000,0,1.000,0,0,0.0576,0.2535,-0.0015,0.0575
1799,27,1,0,0.535,0.898,-1.000,-1.000,1,1,-0.381,0.863,0.000,0,1.000,0,0,0.0576,0.2531,-0.0007,0.0574
1800,27,1,0,0.181,0.409,-1.000,-1.000,1,1,-0.000,0.213,0.000,0,1.000,0,0,0.0576,0.2528,0.0002,0.0576
1801,27,1,0,0.008,-0.055,-1.000,-1.000,1,1,-0.000,0.000,0.000,0,1.000,0,0,0.0576,0.2529,0.0004,0.0577
1802,27,1,0,0.024,-0.047,-1.000,-1.000,1,1,-0.000,0.000,0.000,0,1.000,0,0,0.0576,0.2528,0.0005,0.0577
1803,27,1,0,0.039,-0.102,-1.000,-1.000,1,1,-0.000,0.000,0.000,0,1.000,0,0,0.0576,0.2528,0.0005,0.0577
1804,27,1,0,-0.008,-0.756,-1.000,-1.000,1,1,-0.000,-0.675,0.000,0,1.000,0,0,0.0576,0.2528,0.0001,0.0576
1805,27,1,0,-0.008,-0.047,-1.000,-1.000,1,1,-0.000,0.000,0.000,0,1.000,0,0,0.0576,0.2526,-0.0005,0.0574
1806,27,1,0,-0.008,-0.032,-1.000,-1.000,1,1,-0.000,0.000,0.000,0,1.000,0,0,0.0576,0.2527,-0.0004,0.0573
1807,27,1,0,0.000,-0.032,-1.000,-1.000,1,1,-0.000,0.000,0.000,0,1.000,0,0,0.0576,0.2527,-0.0005,0.0573
1808,27,1,1,0.000,-0.032,-1.000,-1.000,1,1,0.000,0.000,0.000,1,1.000,1,1,0.0576,0.2527,-0.0005,0.0573
1809,28,1,0,0.000,-0.032,-1.000,-1.000,1,1,-0.000,0.000,0.000,0,0.333,0,0,0.0641,0.2468,-0.0020,0.0665
1810,28,1,0,0.000,-0.032,-1.000,-1.000,1,1,-0.000,0.000,0.000,0,0.667,0,0,0.0608,0.2480,-0.0025,0.0644
1811,28,1,0,-0.008,-0.032,-1.000,-1.000,1,1,-0.000,0.000,0.000,0,1.000,0,0,0.0576,0.2483,-0.0031,0.0628
1812,28,1,0,-0.008,-0.032,-1.000,-1.000,1,1,-0.000,0.000,0.000,0,1.000,0,0,0.0576,0.2488,-0.0036,0.0610
1813,28,1,0,-0.008,-0.032,-1.000,-1.000,1,1,-0.000,0.000,0.000,0,1.000,0,0,0.0576,0.2490,-0.0039,0.0596
1814,28,1,0,-0.008,-0.032,-1.000,-1.000,1,1,-0.000,0.000,0.000,0,1.000,0,0,0.0576,0.2493,-0.0040,0.0588
1815,28,1,0,0.000,-0.032,-1.000,-1.000,1,1,-0.000,0.000,0.000,0,1.000,0,0,0.0576,0.2493,-0.0041,0.0589
1816,28,1,0,0.000,-0.032,-1.000,-1.000,1,1,-0.000,0.000,0.000,0,1.000,0,0,0.0576,0.2494,-0.0042,0.0590
1817,28,1,0,0.000,-0.032,-1.000,-1.000,1,1,-0.000,0.000,0.000,0,1.000,0,0,0.0576,0.2494,-0.0042,0.0590
1818,28,1,0,0.000,-0.032,-1.000,-1.000,1,1,-0.000,0.000,0.000,0,1.000,0,0,0.0576,0.2494,-0.0042,0.0590
1819,28,1,0,-0.024,-0.032,-1.000,-1.000,1,1,-0.000,0.000,0.000,0,1.000,0,0,0.0576,0.2494,-0.0042,0.0590
1820,28,1,0,-0.339,0.008,-1.000,-1.000,1,1,0.118,0.000,0.000,0,1.000,0,0,0.0576,0.2494,-0.0042,0.0590
1821,28,1,0,-0.693,0.016,-1.000,-1.000,1,1,0.591,0.000,0.000,0,1.000,0,0,0.0576,0.2500,-0.0041,0.0591
1822,28,1,0,-0.016,0.000,-1.000,-1.000,1,1,-0.000,0.000,0.000,0,1.000,0,0,0.0576,0.2509,-0.0040,0.0592
1823,28,1,0,0.000,-0.016,-1.000,-1.000,1,1,-0.000,0.000,0.000,0,1.000,0,0,0.0576,0.2507,-0.0040,0.0591
1824,28,1,0,-0.008,-0.016,-1.000,-1.000,1,1,-0.000,0.000,0.000,0,1.000,0,0,0.0576,0.2508,-0.0040,0.0590
1825,28,1,0,-0.961,0.016,-1.000,-1.000,1,1,0.948,0.000,0.000,0,1.000,0,0,0.0576,0.2517,-0.0040,0.0591
1826,28,1,0,0.000,0.000,-1.000,-1.000,1,1,-0.000,0.000,0.000,0,1.000,0,0,0.0576,0.2533,-0.0039,0.0594
1827,28,1,0,0.008,-0.008,-1.000,-1.000,1,1,-0.000,0.000,0.000,0,1.000,0,0,0.0576,0.2530,-0.0040,0.0594
1828,28,1,0,0.008,-0.008,-1.000,-1.000,1,1,-0.000,0.000,0.000,0,1.000,0,0,0.0576,0.2531,-0.0039,0.0593
1829,28,1,0,0.008,-0.008,-1.000,-1.000,1,1,-0.000,0.000,0.000,0,1.000,0,0,0.0576,0.2531,-0.0039,0.0593
1830,28,1,0,0.008,-0.008,-1.000,-0.378,1,1,-0.000,0.000,-0.251,0,1.000,0,0,0.0576,0.2531,-0.0039,0.0593
1831,28,1,0,0.008,-0.008,-1.000,1.000,1,1,-0.000,0.000,-1.000,0,1.000,0,0,0.0576,0.2530,-0.0038,0.0593
1832,28,1,0,0.008,-0.008,-1.000,1.000,1,1,-0.000,0.000,-1.000,0,1.000,0,0,0.0576,0.2528,-0.0035,0.0592
1833,28,1,0,0.008,-0.008,-1.000,1.000,1,1,-0.000,0.000,-1.000,0,1.000,0,0,0.0576,0.2526,-0.0034,0.0591
1834,28,1,0,0.008,-0.008,-1.000,1.000,1,1,-0.000,0.000,-1.000,0,1.000,0,0,0.0576,0.2524,-0.0031,0.0590
1835,28,1,0,0.008,-0.008,-1.000,1.000,1,1,-0.000,0.000,-1.000,0,1.000,0,0,0.0576,0.2521,-0.0029,0.0589
1836,28,1,0,0.008,-0.008,-1.000,1.000,1,1,-0.000,0.000,-1.000,0,1.000,0,0,0.0576,0.2519,-0.0026,0.0588
1837,28,1,0,0.008,-0.008,-1.000,1.000,1,1,-0.000,0.000,-1.000,0,1.000,0,0,0.0576,0.2517,-0.0024,0.0586
1838,28,1,0,0.008,-0.008,-1.000,1.000,1,1,-0.000,0.000,-1.000,0,1.000,0,0,0.0576,0.2514,-0.0021,0.0586
1839,28,1,0,0.008,-0.008,-1.000,1.000,1,1,-0.000,0.000,-1.000,0,1.000,0,0,0.0576,0.2511,-0.0018,0.0584
1840,28,1,0,0.008,-0.008,-1.000,1.000,1,1,-0.000,0.000,-1.000,0,1.000,0,0,0.0576,0.2509,-0.0015,0.0583
1841,28,1,0,0.008,0.008,-1.000,1.000,1,1,-0.000,0.000,-1.000,0,1.000,0,0,0.0576,0.2507,-0.0012,0.0582
1842,28,1,0,0.063,0.252,-1.000,1.000,1,1,-0.000,0.003,-1.000,0,1.000,0,0,0.0576,0.2505,-0.0010,0.0581
1843,28,1,0,0.331,0.913,-1.000,1.000,1,1,-0.108,0.884,-1.000,0,1.000,0,0,0.0576,0.2504,-0.0000,0.0580
1844,28,1,0,-0.024,-0.008,-1.000,1.000,1,1,-0.000,0.000,-1.000,0,1.000,0,0,0.0576,0.2503,0.0009,0.0578
1845,28,1,0,0.000,-0.032,-1.000,1.000,1,1,-0.000,0.000,-1.000,0,1.000,0,0,0.0576,0.2501,0.0011,0.0580
1846,28,1,0,0.000,-0.032,-1.000,1.000,1,1,-0.000,0.000,-1.000,0,1.000,0,0,0.0576,0.2500,0.0012,0.0580
1847,28,1,0,0.000,-0.032,-1.000,1.000,1,1,-0.000,0.000,-1.000,0,1.000,0,0,0.0576,0.2499,0.0013,0.0579
1848,28,1,0,0.000,-0.032,-1.000,1.000,1,1,-0.000,0.000,-1.000,0,1.000,0,0,0.0576,0.2498,0.0014,0.0579
1849,28,1,0,0.000,-0.032,-1.000,1.000,1,1,-0.000,0.000,-1.000,0,1.000,0,0,0.0576,0.2497,0.0015,0.0579
1850,28,1,0,0.000,-0.032,-1.000,1.000,1,1,-0.000,0.000,-1.000,0,1.000,0,0,0.0576,0.2495,0.0016,0.0579
1851,28,1,0,0.000,-0.032,-1.000,1.000,1,1,-0.000,0.000,-1.000,0,1.000,0,0,0.0576,0.2495,0.0017,0.0579
1852,28,1,0,0.000,-0.032,-1.000,1.000,1,1,-0.000,0.000,-1.000,0,1.000,0,0,0.0576,0.2494,0.0018,0.0580
1853,28,1,0,0.000,-0.063,-1.000,1.000,1,1,-0.000,0.000,-1.000,0,1.000,0,0,0.0576,0.2493,0.0019,0.0580
1854,28,1,0,0.000,-0.055,-1.000,1.000,1,1,-0.000,0.000,-1.000,0,1.000,0,0,0.0576,0.2493,0.0020,0.0581
1855,28,1,0,0.000,-0.055,-1.000,1.000,1,1,-0.000,0.000,-1.000,0,1.000,0,0,0.0576,0.2492,0.0020,0.0581
1856,28,1,0,0.000,-0.055,-1.000,1.000,1,1,-0.000,0.000,-1.000,0,1.000,0,0,0.0576,0.2492,0.0021,0.0582
1857,28,1,0,0.000,-0.055,-1.000,1.000,1,1,-0.000,0.000,-1.000,0,1.000,0,0,0.0576,0.2492,0.0021,0.0582
1858,28,1,0,0.000,-0.055,-1.000,0.567,1,1,-0.000,0.000,-0.765,0,1.000,0,0,0.0576,0.2492,0.0021,0.0583
1859,28,1,0,0.000,-0.055,-1.000,-1.000,1,1,-0.000,0.000,0.000,0,1.000,0,0,0.0576,0.2491,0.0022,0.0583
1860,28,1,0,0.000,-0.055,-1.000,-1.000,1,1,-0.000,0.000,0.000,0,1.000,0,0,0.0576,0.2491,0.0022,0.0582
1861,28,1,1,0.008,-0.055,-1.000,-1.000,1,1,0.000,0.000,0.000,1,1.000,1,1,0.0576,0.2491,0.0022,0.0582
1862,29,1,0,0.000,-0.055,-1.000,-1.000,1,1,-0.000,0.000,0.000,0,0.333,0,0,0.0619,0.2503,-0.0065,0.0639
1863,29,1,0,0.000,-0.055,-1.000,-1.000,1,1,-0.000,0.000,0.000,0,0.667,0,0,0.0598,0.2500,-0.0057,0.0624
1864,29,1,0,0.000,-0.055,-1.000,-1.000,1,1,-0.000,0.000,0.000,0,1.000,0,0,0.0576,0.2495,-0.0048,0.0600
1865,29,1,0,0.000,-0.055,-1.000,-1.000,1,1,-0.000,0.000,0.000,0,1.000,0,0,0.0576,0.2494,-0.0043,0.0587
1866,29,1,0,0.000,-0.055,-1.000,-1.000,1,1,-0.000,0.000,0.000,0,1.000,0,0,0.0576,0.2495,-0.0044,0.0588
1867,29,1,0,0.000,-0.055,-1.000,-1.000,1,1,-0.000,0.000,0.000,0,1.000,0,0,0.0576,0.2495,-0.0044,0.0589
1868,29,1,0,0.000,-0.039,-1.000,-1.000,1,1,-0.000,0.000,0.000,0,1.000,0,0,0.0576,0.2495,-0.0044,0.0589
1869,29,1,0,-0.016,0.110,-1.000,-1.000,1,1,-0.000,0.000,0.000,0,1.000,0,0,0.0576,0.2495,-0.0044,0.0589
1870,29,1,0,-0.087,0.402,-1.000,-1.000,1,1,-0.000,0.202,0.000,0,1.000,0,0,0.0576,0.2495,-0.0043,0.0589
1871,29,1,0,-0.087,0.354,-1.000,-1.000,1,1,-0.000,0.139,0.000,0,1.000,0,0,0.0576,0.2496,-0.0040,0.0591
1872,29,1,0,-0.024,0.047,-1.000,-1.000,1,1,-0.000,0.000,0.000,0,1.000,0,0,0.0576,0.2496,-0.0038,0.0592
1873,29,1,0,-0.039,0.047,-1.000,-1.000,1,1,-0.000,0.000,0.000,0,1.000,0,0,0.0576,0.2496,-0.0038,0.0591
1874,29,1,0,-0.181,0.551,-1.000,-1.000,1,1,-0.000,0.402,0.000,0,1.000,0,0,0.0576,0.2496,-0.0035,0.0591
1875,29,1,0,-0.181,0.559,-1.000,-1.000,1,1,-0.000,0.412,0.000,0,1.000,0,0,0.0576,0.2497,-0.0025,0.0594
1876,29,1,0,-0.079,0.520,-1.000,-1.000,1,1,-0.000,0.360,0.000,0,1.000,0,0,0.0576,0.2497,-0.0018,0.0598
1877,29,1,0,-0.024,0.024,-1.000,-1.000,1,1,-0.000,0.000,0.000,0,1.000,0,0,0.0576,0.2498,-0.0014,0.0600
1878,29,1,0,0.000,0.008,-1.000,-1.000,1,1,-0.000,0.000,0.000,0,1.000,0,0,0.0576,0.2497,-0.0014,0.0600
1879,29,1,0,0.000,0.000,-1.000,-1.000,1,1,-0.000,0.000,0.000,0,1.000,0,0,0.0576,0.2497,-0.0013,0.0600
1880,29,1,0,-0.032,-0.032,-1.000,-1.000,1,1,-0.000,0.000,0.000,0,1.000,0,0,0.0576,0.2497,-0.0013,0.0599
1881,29,1,0,-0.158,0.000,-1.000,-1.000,1,1,-0.000,0.000,0.000,0,1.000,0,0,0.0576,0.2497,-0.0013,0.0599
1882,29,1,0,-0.882,0.181,-1.000,-1.000,1,1,0.843,0.000,0.000,0,1.000,0,0,0.0576,0.2504,-0.0011,0.0598
1883,29,1,0,-0.693,0.197,-1.000,-1.000,1,1,0.591,0.000,0.000,0,1.000,0,0,0.0576,0.2523,-0.0009,0.0595
1884,29,1,0,-0.055,0.008,-1.000,-1.000,1,1,-0.000,0.000,0.000,0,1.000,0,0,0.0576,0.2528,-0.0007,0.0592
1885,29,1,0,-0.071,0.008,-1.000,-1.000,1,1,-0.000,0.000,0.000,0,1.000,0,0,0.0576,0.2528,-0.0007,0.0592
1886,29,1,0,-0.039,-0.039,-1.000,-1.000,1,1,-0.000,0.000,0.000,0,1.000,0,0,0.0576,0.2528,-0.0008,0.0593
1887,29,1,0,0.000,-0.047,-1.000,-1.000,1,1,-0.000,0.000,0.000,0,1.000,0,0,0.0576,0.2529,-0.0008,0.0593
1888,29,1,0,0.016,-0.047,-1.000,0.339,1,1,-0.000,0.000,-0.641,0,1.000,0,0,0.0576,0.2529,-0.0009,0.0593
1889,29,1,0,0.016,-0.047,-1.000,1.000,1,1,-0.000,0.000,-1.000,0,1.000,0,0,0.0576,0.2530,-0.0012,0.0592
1890,29,1,0,0.063,-0.047,-1.000,1.000,1,1,-0.000,0.000,-1.000,0,1.000,0,0,0.0576,0.2532,-0.0016,0.0589
1891,29,1,0,0.291,-0.213,-1.000,1.000,1,1,-0.055,0.000,-1.000,0,1.000,0,0,0.0576,0.2534,-0.0020,0.0586
1892,29,1,0,0.181,-0.055,-1.000,1.000,1,1,-0.000,0.000,-1.000,0,1.000,0,0,0.0576,0.2535,-0.0024,0.0583
1893,29,1,0,0.047,-0.039,-1.000,1.000,1,1,-0.000,0.000,-1.000,0,1.000,0,0,0.0576,0.2537,-0.0028,0.0581
1894,29,1,0,0.047,0.008,-1.000,1.000,1,1,-0.000,0.000,-1.000,0,1.000,0,0,0.0576,0.2539,-0.0032,0.0580
1895,29,1,0,0.197,0.126,-1.000,1.000,1,1,-0.000,0.000,-1.000,0,1.000,0,0,0.0576,0.2540,-0.0036,0.0578
1896,29,1,0,0.945,0.142,-1.000,1.000,1,1,-0.926,0.000,-1.000,0,1.000,0,0,0.0576,0.2536,-0.0038,0.0578
1897,29,1,0,1.000,0.102,-1.000,1.000,1,1,-1.000,0.000,-1.000,0,1.000,0,0,0.0576,0.2518,-0.0045,0.0581
1898,29,1,0,1.000,0.102,-1.000,1.000,1,1,-1.000,0.000,-1.000,0,1.000,0,0,0.0576,0.2499,-0.0050,0.0585
1899,29,1,0,1.000,0.165,-1.000,1.000,1,1,-1.000,0.000,-1.000,0,1.000,0,0,0.0576,0.2483,-0.0057,0.0591
1900,29,1,0,0.882,0.551,-1.000,1.000,1,1,-0.842,0.402,-1.000,0,1.000,0,0,0.0576,0.2471,-0.0063,0.0597
1901,29,1,0,-0.008,-0.008,-1.000,-1.000,1,1,-0.000,0.000,0.000,0,1.000,0,0,0.0576,0.2463,-0.0065,0.0599
1902,29,1,0,0.016,-0.008,-1.000,-1.000,1,1,-0.000,0.000,0.000,0,1.000,0,0,0.0576,0.2463,-0.0065,0.0599
1903,29,1,1,0.016,-0.016,-1.000,-1.000,1,1,0.000,0.000,0.000,1,1.000,1,1,0.0576,0.2463,-0.0065,0.0599
1904,30,1,0,0.000,-0.016,-1.000,-1.000,1,1,-0.000,0.000,0.000,0,0.333,0,0,0.0586,0.2512,-0.0071,0.0591
1905,30,1,0,0.000,-0.016,-1.000,-1.000,1,1,-0.000,0.000,0.000,0,0.667,0,0,0.0581,0.2508,-0.0060,0.0598
1906,30,1,0,0.000,-0.016,-1.000,-1.000,1,1,-0.000,0.000,0.000,0,1.000,0,0,0.0576,0.2501,-0.0049,0.0590
1907,30,1,0,0.000,-0.016,-1.000,-1.000,1,1,-0.000,0.000,0.000,0,1.000,0,0,0.0576,0.2499,-0.0044,0.0586
1908,30,1,0,0.000,-0.016,-1.000,-1.000,1,1,-0.000,0.000,0.000,0,1.000,0,0,0.0576,0.2498,-0.0044,0.0586
1909,30,1,0,0.000,-0.016,-1.000,-1.000,1,1,-0.000,0.000,0.000,0,1.000,0,0,0.0576,0.2498,-0.0044,0.0586
1910,30,1,0,0.000,-0.016,-1.000,-1.000,1,1,-0.000,0.000,0.000,0,1.000,0,0,0.0576,0.2498,-0.0044,0.0586
1911,30,1,0,0.000,-0.016,-1.000,-1.000,1,1,-0.000,0.000,0.000,0,1.000,0,0,0.0576,0.2498,-0.0044,0.0586
1912,30,1,0,0.008,0.016,-1.000,-1.000,1,1,-0.000,0.000,0.000,0,1.000,0,0,0.0576,0.2498,-0.0044,0.0586
1913,30,1,0,0.008,0.024,-1.000,-1.000,1,1,-0.000,0.000,0.000,0,1.000,0,0,0.0576,0.2498,-0.0044,0.0586
1914,30,1,0,0.008,0.260,-1.000,-1.000,1,1,-0.000,0.013,0.000,0,1.000,0,0,0.0576,0.2498,-0.0044,0.0586
1915,30,1,0,0.008,0.260,-1.000,-1.000,1,1,-0.000,0.013,0.000,0,1.000,0,0,0.0576,0.2498,-0.0044,0.0586
1916,30,1,0,0.008,0.016,-1.000,-1.000,1,1,-0.000,0.000,0.000,0,1.000,0,0,0.0576,0.2498,-0.0044,0.0586
1917,30,1,0,-0.008,0.567,-1.000,-1.000,1,1,-0.000,0.423,0.000,0,1.000,0,0,0.0576,0.2499,-0.0043,0.0587
1918,30,1,0,0.000,0.717,-1.000,-1.000,1,1,-0.000,0.622,0.000,0,1.000,0,0,0.0576,0.2504,-0.0038,0.0589
1919,30,1,0,0.055,0.622,-1.000,-1.000,1,1,-0.000,0.496,0.000,0,1.000,0,0,0.0576,0.2511,-0.0031,0.0592
1920,30,1,0,-0.008,-0.039,-1.000,-1.000,1,1,-0.000,0.000,0.000,0,1.000,0,0,0.0576,0.2513,-0.0028,0.0595
1921,30,1,0,0.008,-0.039,-1.000,-1.000,1,1,-0.000,0.000,0.000,0,1.000,0,0,0.0576,0.2512,-0.0028,0.0594
1922,30,1,0,0.008,0.551,-1.000,-1.000,1,1,-0.000,0.402,0.000,0,1.000,0,0,0.0576,0.2514,-0.0027,0.0594
1923,30,1,0,0.008,0.913,-1.000,-1.000,1,1,-0.000,0.884,0.000,0,1.000,0,0,0.0576,0.2521,-0.0020,0.0597
1924,30,1,0,-0.008,0.008,-1.000,-1.000,1,1,-0.000,0.000,0.000,0,1.000,0,0,0.0576,0.2528,-0.0014,0.0602
1925,30,1,0,0.000,-0.024,-1.000,-1.000,1,1,-0.000,0.000,0.000,0,1.000,0,0,0.0576,0.2526,-0.0015,0.0602
1926,30,1,0,0.024,-0.016,-1.000,-1.000,1,1,-0.000,0.000,0.000,0,1.000,0,0,0.0576,0.2527,-0.0014,0.0601
1927,30,1,0,0.008,-0.016,-1.000,1.000,1,1,-0.000,0.000,-1.000,0,1.000,0,0,0.0576,0.2526,-0.0015,0.0600
1928,30,1,0,0.008,-0.016,-1.000,1.000,1,1,-0.000,0.000,-1.000,0,1.000,0,0,0.0576,0.2528,-0.0016,0.0589
1929,30,1,0,0.008,-0.016,-1.000,1.000,1,1,-0.000,0.000,-1.000,0,1.000,0,0,0.0576,0.2528,-0.0018,0.0577
1930,30,1,0,0.008,-0.016,-1.000,1.000,1,1,-0.000,0.000,-1.000,0,1.000,0,0,0.0576,0.2529,-0.0021,0.0569
1931,30,1,0,0.008,-0.016,-1.000,1.000,1,1,-0.000,0.000,-1.000,0,1.000,0,0,0.0576,0.2530,-0.0023,0.0563
1932,30,1,0,0.008,-0.016,-1.000,1.000,1,1,-0.000,0.000,-1.000,0,1.000,0,0,0.0576,0.2531,-0.0025,0.0562
1933,30,1,0,0.008,-0.016,-1.000,1.000,1,1,-0.000,0.000,-1.000,0,1.000,0,0,0.0576,0.2532,-0.0026,0.0561
1934,30,1,0,0.008,-0.016,-1.000,1.000,1,1,-0.000,0.000,-1.000,0,1.000,0,0,0.0576,0.2533,-0.0028,0.0560
1935,30,1,0,-0.047,0.008,-1.000,1.000,1,1,-0.000,0.000,-1.000,0,1.000,0,0,0.0576,0.2533,-0.0029,0.0559
1936,30,1,0,-0.236,0.252,-1.000,1.000,1,1,-0.000,0.003,-1.000,0,1.000,0,0,0.0576,0.2534,-0.0029,0.0559
1937,30,1,0,-0.307,0.331,-1.000,1.000,1,1,0.076,0.108,-1.000,0,1.000,0,0,0.0576,0.2534,-0.0030,0.0560
1938,30,1,0,-0.039,0.008,-1.000,1.000,1,1,-0.000,0.000,-1.000,0,1.000,0,0,0.0576,0.2535,-0.0030,0.0560
1939,30,1,0,0.000,-0.016,-1.000,-0.008,1,1,-0.000,0.000,-0.452,0,1.000,0,0,0.0576,0.2536,-0.0030,0.0560
1940,30,1,1,0.008,-0.024,-1.000,-1.000,1,1,0.000,0.000,0.000,1,1.000,1,1,0.0576,0.2536,-0.0030,0.0559
1941,31,1,0,0.024,-0.024,-1.000,-1.000,1,1,-0.000,0.000,0.000,0,0.333,0,0,0.0592,0.2539,-0.0073,0.0596
1942,31,1,0,0.024,-0.016,-1.000,-1.000,1,1,-0.000,0.000,0.000,0,0.667,0,0,0.0584,0.2524,-0.0066,0.0600
1943,31,1,0,0.024,-0.024,-1.000,-1.000,1,1,-0.000,0.000,0.000,0,1.000,0,0,0.0576,0.2509,-0.0052,0.0594
1944,31,1,0,0.024,-0.024,-1.000,-1.000,1,1,-0.000,0.000,0.000,0,1.000,0,0,0.0576,0.2497,-0.0044,0.0586
1945,31,1,0,0.024,-0.024,-1.000,-1.000,1,1,-0.000,0.000,0.000,0,1.000,0,0,0.0576,0.2498,-0.0043,0.0587
1946,31,1,0,0.024,-0.024,-1.000,-1.000,1,1,-0.000,0.000,0.000,0,1.000,0,0,0.0576,0.2498,-0.0043,0.0587
1947,31,1,0,0.024,-0.024,-1.000,-1.000,1,1,-0.000,0.000,0.000,0,1.000,0,0,0.0576,0.2498,-0.0043,0.0587
1948,31,1,0,0.024,-0.016,-1.000,-1.000,1,1,-0.000,0.000,0.000,0,1.000,0,0,0.0576,0.2498,-0.0043,0.0587
1949,31,1,0,0.000,-0.016,-1.000,-1.000,1,1,-0.000,0.000,0.000,0,1.000,0,0,0.0576,0.2498,-0.0043,0.0587
1950,31,1,0,0.000,-0.008,-1.000,-1.000,1,1,-0.000,0.000,0.000,0,1.000,0,0,0.0576,0.2498,-0.0043,0.0587
1951,31,1,0,0.000,0.047,-1.000,-1.000,1,1,-0.000,0.000,0.000,0,1.000,0,0,0.0576,0.2498,-0.0043,0.0587
1952,31,1,0,0.008,0.661,-1.000,-1.000,1,1,-0.000,0.549,0.000,0,1.000,0,0,0.0576,0.2500,-0.0039,0.0588
1953,31,1,0,0.031,0.772,-1.000,-1.000,1,1,-0.000,0.696,0.000,0,1.000,0,0,0.0576,0.2504,-0.0028,0.0589
1954,31,1,0,0.063,0.472,-1.000,-1.000,1,1,-0.000,0.297,0.000,0,1.000,0,0,0.0576,0.2510,-0.0022,0.0592
1955,31,1,0,0.031,0.205,-1.000,-1.000,1,1,-0.000,0.000,0.000,0,1.000,0,0,0.0576,0.2510,-0.0018,0.0593
1956,31,1,0,0.031,0.205,-1.000,-1.000,1,1,-0.000,0.000,0.000,0,1.000,0,0,0.0576,0.2511,-0.0017,0.0593
1957,31,1,0,0.031,0.000,-1.000,-1.000,1,1,-0.000,0.000,0.000,0,1.000,0,0,0.0576,0.2511,-0.0017,0.0593
1958,31,1,0,0.031,-0.024,-1.000,-1.000,1,1,-0.000,0.000,0.000,0,1.000,0,0,0.0576,0.2511,-0.0017,0.0593
1959,31,1,0,-0.063,0.000,-1.000,-1.000,1,1,-0.000,0.000,0.000,0,1.000,0,0,0.0576,0.2511,-0.0017,0.0593
1960,31,1,0,-1.000,0.197,-1.000,-1.000,1,1,1.000,0.000,0.000,0,0.938,0,0,0.0578,0.2515,-0.0014,0.0591
1961,31,1,0,-0.504,0.110,-1.000,-1.000,1,1,0.339,0.000,0.000,0,1.000,0,0,0.0576,0.2524,-0.0007,0.0588
1962,31,1,0,-0.016,0.000,-1.000,-1.000,1,1,-0.000,0.000,0.000,0,1.000,0,0,0.0576,0.2522,-0.0004,0.0585
1963,31,1,0,0.000,-0.016,-1.000,-1.000,1,1,-0.000,0.000,0.000,0,1.000,0,0,0.0576,0.2522,-0.0004,0.0585
1964,31,1,0,0.000,-0.016,-1.000,-1.000,1,1,-0.000,0.000,0.000,0,1.000,0,0,0.0576,0.2522,-0.0004,0.0585
1965,31,1,0,0.000,-0.016,-1.000,1.000,1,1,-0.000,0.000,-1.000,0,1.000,0,0,0.0576,0.2523,-0.0004,0.0583
1966,31,1,0,0.000,-0.016,-1.000,1.000,1,1,-0.000,0.000,-1.000,0,1.000,0,0,0.0576,0.2525,-0.0005,0.0572
1967,31,1,0,0.000,-0.016,-1.000,1.000,1,1,-0.000,0.000,-1.000,0,1.000,0,0,0.0576,0.2526,-0.0007,0.0563
1968,31,1,0,0.000,-0.016,-1.000,1.000,1,1,-0.000,0.000,-1.000,0,1.000,0,0,0.0576,0.2527,-0.0009,0.0557
1969,31,1,0,0.000,-0.016,-1.000,1.000,1,1,-0.000,0.000,-1.000,0,1.000,0,0,0.0576,0.2527,-0.0011,0.0549
1970,31,1,0,0.000,-0.016,-1.000,1.000,1,1,-0.000,0.000,-1.000,0,1.000,0,0,0.0576,0.2529,-0.0012,0.0547
1971,31,1,0,0.000,-0.016,-1.000,1.000,1,1,-0.000,0.000,-1.000,0,1.000,0,0,0.0576,0.2531,-0.0014,0.0545
1972,31,1,0,0.000,-0.016,-1.000,1.000,1,1,-0.000,0.000,-1.000,0,1.000,0,0,0.0576,0.2531,-0.0015,0.0544
1973,31,1,0,0.000,-0.016,-1.000,1.000,1,1,-0.000,0.000,-1.000,0,1.000,0,0,0.0576,0.2532,-0.0016,0.0544
1974,31,1,0,0.000,-0.016,-1.000,0.134,1,1,-0.000,0.000,-0.529,0,1.000,0,0,0.0576,0.2533,-0.0017,0.0544
1975,31,1,1,0.000,-0.016,-1.000,-1.000,1,1,0.000,0.000,0.000,1,1.000,1,1,0.0576,0.2533,-0.0017,0.0544
1976,32,1,0,0.000,-0.016,-1.000,-1.000,1,1,-0.000,0.000,0.000,0,0.333,0,0,0.0584,0.2546,-0.0070,0.0593
1977,32,1,0,0.000,-0.016,-1.000,-1.000,1,1,-0.000,0.000,0.000,0,0.667,0,0,0.0580,0.2532,-0.0068,0.0603
1978,32,1,0,0.000,-0.016,-1.000,-1.000,1,1,-0.000,0.000,0.000,0,1.000,0,0,0.0576,0.2509,-0.0051,0.0595
1979,32,1,0,0.000,-0.016,-1.000,-1.000,1,1,-0.000,0.000,0.000,0,1.000,0,0,0.0576,0.2497,-0.0044,0.0588
1980,32,1,0,0.000,-0.016,-1.000,-1.000,1,1,-0.000,0.000,0.000,0,1.000,0,0,0.0576,0.2498,-0.0043,0.0588
1981,32,1,0,0.000,-0.016,-1.000,-1.000,1,1,-0.000,0.000,0.000,0,1.000,0,0,0.0576,0.2498,-0.0043,0.0588
1982,32,1,0,0.000,-0.016,-1.000,-1.000,1,1,-0.000,0.000,0.000,0,1.000,0,0,0.0576,0.2498,-0.0043,0.0588
1983,32,1,0,0.000,-0.016,-1.000,-1.000,1,1,-0.000,0.000,0.000,0,1.000,0,0,0.0576,0.2498,-0.0043,0.0588
1984,32,1,0,0.000,-0.016,-1.000,-1.000,1,1,-0.000,0.000,0.000,0,1.000,0,0,0.0576,0.2498,-0.0043,0.0588
1985,32,1,0,0.000,0.016,-1.000,-1.000,1,1,-0.000,0.000,0.000,0,1.000,0,0,0.0576,0.2498,-0.0043,0.0588
1986,32,1,0,0.000,0.244,-1.000,-1.000,1,1,-0.000,0.000,0.000,0,1.000,0,0,0.0576,0.2498,-0.0043,0.0588
1987,32,1,0,-0.039,0.787,-1.000,-1.000,1,1,-0.000,0.717,0.000,0,1.000,0,0,0.0576,0.2500,-0.0038,0.0589
1988,32,1,0,0.000,0.008,-1.000,-1.000,1,1,-0.000,0.000,0.000,0,1.000,0,0,0.0576,0.2505,-0.0032,0.0588
1989,32,1,0,0.008,0.008,-1.000,-1.000,1,1,-0.000,0.000,0.000,0,1.000,0,0,0.0576,0.2503,-0.0031,0.0588
1990,32,1,0,-0.063,0.858,-1.000,-1.000,1,1,-0.000,0.811,0.000,0,1.000,0,0,0.0576,0.2508,-0.0023,0.0589
1991,32,1,0,-0.063,0.835,-1.000,-1.000,1,1,-0.000,0.780,0.000,0,1.000,0,0,0.0576,0.2515,-0.0011,0.0590
1992,32,1,0,0.008,0.008,-1.000,-1.000,1,1,-0.000,0.000,0.000,0,1.000,0,0,0.0576,0.2520,-0.0004,0.0590
1993,32,1,0,0.008,-0.024,-1.000,-1.000,1,1,-0.000,0.000,0.000,0,1.000,0,0,0.0576,0.2519,-0.0001,0.0591
1994,32,1,0,0.008,-0.024,-1.000,-1.000,1,1,-0.000,0.000,0.000,0,1.000,0,0,0.0576,0.2519,-0.0001,0.0591
1995,32,1,0,0.008,-0.024,-1.000,1.000,1,1,-0.000,0.000,-1.000,0,1.000,0,0,0.0576,0.2519,-0.0000,0.0589
1996,32,1,0,0.000,-0.024,-1.000,1.000,1,1,-0.000,0.000,-1.000,0,1.000,0,0,0.0576,0.2520,-0.0000,0.0577
1997,32,1,0,0.000,-0.024,-1.000,1.000,1,1,-0.000,0.000,-1.000,0,1.000,0,0,0.0576,0.2520,-0.0002,0.0566
1998,32,1,0,0.000,-0.024,-1.000,1.000,1,1,-0.000,0.000,-1.000,0,1.000,0,0,0.0576,0.2521,-0.0003,0.0557
1999,32,1,0,0.000,-0.024,-1.000,1.000,1,1,-0.000,0.000,-1.000,0,1.000,0,0,0.0576,0.2522,-0.0005,0.0550
2000,32,1,0,0.000,-0.024,-1.000,1.000,1,1,-0.000,0.000,-1.000,0,1.000,0,0,0.0576,0.2523,-0.0006,0.0547
2001,32,1,0,0.000,-0.024,-1.000,1.000,1,1,-0.000,0.000,-1.000,0,1.000,0,0,0.0576,0.2523,-0.0007,0.0545
2002,32,1,0,0.000,-0.024,-1.000,1.000,1,1,-0.000,0.000,-1.000,0,1.000,0,0,0.0576,0.2524,-0.0007,0.0544
2003,32,1,0,0.000,-0.016,-1.000,1.000,1,1,-0.000,0.000,-1.000,0,1.000,0,0,0.0576,0.2524,-0.0008,0.0544
2004,32,1,1,0.000,-0.016,-1.000,1.000,1,1,0.000,0.000,0.000,1,1.000,1,1,0.0576,0.2525,-0.0008,0.0544
2005,33,1,0,0.008,-0.024,-1.000,-1.000,1,1,-0.000,0.000,0.000,0,0.333,0,0,0.0598,0.2500,-0.0047,0.0610
2006,33,1,0,0.008,-0.024,-1.000,-1.000,1,1,-0.000,0.000,0.000,0,0.667,0,0,0.0587,0.2501,-0.0046,0.0609
2007,33,1,0,0.000,-0.024,-1.000,-1.000,1,1,-0.000,0.000,0.000,0,1.000,0,0,0.0576,0.2495,-0.0043,0.0599
2008,33,1,0,0.000,-0.024,-1.000,-1.000,1,1,-0.000,0.000,0.000,0,1.000,0,0,0.0576,0.2495,-0.0042,0.0589
2009,33,1,0,0.000,-0.024,-1.000,-1.000,1,1,-0.000,0.000,0.000,0,1.000,0,0,0.0576,0.2496,-0.0042,0.0589
2010,33,1,0,0.000,-0.024,-1.000,-1.000,1,1,-0.000,0.000,0.000,0,1.000,0,0,0.0576,0.2496,-0.0042,0.0590
2011,33,1,0,0.000,-0.024,-1.000,-1.000,1,1,-0.000,0.000,0.000,0,1.000,0,0,0.0576,0.2496,-0.0042,0.0590
2012,33,1,0,0.000,-0.016,-1.000,-1.000,1,1,-0.000,0.000,0.000,0,1.000,0,0,0.0576,0.2496,-0.0042,0.0590
2013,33,1,0,0.000,0.039,-1.000,-1.000,1,1,-0.000,0.000,0.000,0,1.000,0,0,0.0576,0.2496,-0.0042,0.0590
2014,33,1,0,0.079,0.835,-1.000,-1.000,1,1,-0.000,0.780,0.000,0,1.000,0,0,0.0576,0.2497,-0.0034,0.0592
2015,33,1,0,0.016,0.252,-1.000,-1.000,1,1,-0.000,0.003,0.000,0,1.000,0,0,0.0576,0.2497,-0.0029,0.0593
2016,33,1,0,0.008,-0.024,-1.000,-1.000,1,1,-0.000,0.000,0.000,0,1.000,0,0,0.0576,0.2497,-0.0026,0.0593
2017,33,1,0,0.008,-0.024,-1.000,-1.000,1,1,-0.000,0.000,0.000,0,1.000,0,0,0.0576,0.2497,-0.0026,0.0593
2018,33,1,0,0.008,0.016,-1.000,-1.000,1,1,-0.000,0.000,0.000,0,1.000,0,0,0.0576,0.2497,-0.0026,0.0593
2019,33,1,0,-0.008,0.913,-1.000,-1.000,1,1,-0.000,0.884,0.000,0,1.000,0,0,0.0576,0.2498,-0.0017,0.0594
2020,33,1,0,0.134,0.559,-1.000,-1.000,1,1,-0.000,0.412,0.000,0,1.000,0,0,0.0576,0.2500,-0.0005,0.0597
2021,33,1,0,0.008,-0.039,-1.000,-1.000,1,1,-0.000,0.000,0.000,0,1.000,0,0,0.0576,0.2501,0.0000,0.0600
2022,33,1,0,0.008,-0.039,-1.000,-1.000,1,1,-0.000,0.000,0.000,0,1.000,0,0,0.0576,0.2501,0.0001,0.0600
2023,33,1,0,-0.386,0.000,-1.000,-1.000,1,1,0.181,0.000,0.000,0,1.000,0,0,0.0576,0.2502,0.0002,0.0599
2024,33,1,0,-0.969,0.008,-1.000,-1.000,1,1,0.958,0.000,0.000,0,1.000,0,0,0.0576,0.2512,0.0006,0.0597
2025,33,1,0,-0.008,-0.032,-1.000,-1.000,1,1,-0.000,0.000,0.000,0,1.000,0,0,0.0576,0.2524,0.0008,0.0592
2026,33,1,0,-0.008,-0.039,-1.000,-1.000,1,1,-0.000,0.000,0.000,0,1.000,0,0,0.0576,0.2522,0.0007,0.0590
2027,33,1,0,-0.008,-0.039,-1.000,-1.000,1,1,-0.000,0.000,0.000,0,1.000,0,0,0.0576,0.2523,0.0008,0.0590
2028,33,1,0,-0.008,-0.039,-1.000,-1.000,1,1,-0.000,0.000,0.000,0,1.000,0,0,0.0576,0.2523,0.0007,0.0591
2029,33,1,0,0.008,-0.039,-1.000,-0.417,1,1,-0.000,0.000,-0.230,0,1.000,0,0,0.0576,0.2523,0.0007,0.0591
2030,33,1,0,0.008,-0.039,-1.000,1.000,1,1,-0.000,0.000,-1.000,0,1.000,0,0,0.0576,0.2525,0.0006,0.0591
2031,33,1,0,0.008,-0.039,-1.000,1.000,1,1,-0.000,0.000,-1.000,0,1.000,0,0,0.0576,0.2529,0.0004,0.0589
2032,33,1,0,0.008,-0.039,-1.000,1.000,1,1,-0.000,0.000,-1.000,0,1.000,0,0,0.0576,0.2531,0.0002,0.0586
2033,33,1,0,0.008,-0.039,-1.000,1.000,1,1,-0.000,0.000,-1.000,0,1.000,0,0,0.0576,0.2536,-0.0001,0.0584
2034,33,1,0,0.008,-0.039,-1.000,1.000,1,1,-0.000,0.000,-1.000,0,1.000,0,0,0.0576,0.2538,-0.0004,0.0581
2035,33,1,0,0.008,-0.039,-1.000,1.000,1,1,-0.000,0.000,-1.000,0,1.000,0,0,0.0576,0.2541,-0.0006,0.0580
2036,33,1,0,0.008,-0.039,-1.000,1.000,1,1,-0.000,0.000,-1.000,0,1.000,0,0,0.0576,0.2543,-0.0008,0.0579
2037,33,1,0,0.008,-0.039,-1.000,1.000,1,1,-0.000,0.000,-1.000,0,1.000,0,0,0.0576,0.2546,-0.0011,0.0578
2038,33,1,0,0.008,-0.039,-1.000,1.000,1,1,-0.000,0.000,-1.000,0,1.000,0,0,0.0576,0.2548,-0.0013,0.0577
2039,33,1,0,0.008,-0.063,-1.000,1.000,1,1,-0.000,0.000,-1.000,0,1.000,0,0,0.0576,0.2551,-0.0016,0.0576
2040,33,1,0,0.008,-0.095,-1.000,1.000,1,1,-0.000,0.000,-1.000,0,1.000,0,0,0.0576,0.2553,-0.0019,0.0575
2041,33,1,0,0.000,-0.079,-1.000,1.000,1,1,-0.000,0.000,-1.000,0,1.000,0,0,0.0576,0.2556,-0.0022,0.0576
2042,33,1,0,0.000,-0.039,-1.000,1.000,1,1,-0.000,0.000,-1.000,0,1.000,0,0,0.0576,0.2558,-0.0024,0.0576
2043,33,1,0,0.000,-0.024,-1.000,1.000,1,1,-0.000,0.000,-1.000,0,1.000,0,0,0.0576,0.2560,-0.0027,0.0575
2044,33,1,0,0.024,-0.024,-1.000,-1.000,1,1,-0.000,0.000,0.000,0,1.000,0,0,0.0576,0.2561,-0.0028,0.0575
2045,33,1,0,0.031,-0.024,-1.000,-1.000,1,1,-0.000,0.000,0.000,0,1.000,0,0,0.0576,0.2561,-0.0028,0.0575
2046,33,1,0,0.024,-0.016,-1.000,-1.000,1,1,-0.000,0.000,0.000,0,1.000,0,0,0.0576,0.2561,-0.0028,0.0575
2047,33,1,0,0.024,-0.016,-1.000,-1.000,1,1,-0.000,0.000,0.000,0,1.000,0,0,0.0576,0.2561,-0.0028,0.0575
2048,33,1,0,0.016,-0.016,-1.000,-1.000,1,1,-0.000,0.000,0.000,0,1.000,0,0,0.0576,0.2561,-0.0028,0.0575
2049,33,1,0,0.016,-0.016,-1.000,-1.000,1,1,-0.000,0.000,0.000,0,1.000,0,0,0.0576,0.2561,-0.0028,0.0575
2050,33,1,1,0.016,-0.016,-1.000,-1.000,1,1,0.000,0.000,0.000,1,1.000,1,1,0.0576,0.2561,-0.0028,0.0575
2051,34,1,0,0.016,-0.016,-1.000,-1.000,1,1,-0.000,0.000,0.000,0,0.333,0,0,0.0595,0.2516,-0.0008,0.0604
2052,34,1,0,0.016,-0.016,-1.000,-1.000,1,1,-0.000,0.000,0.000,0,0.667,0,0,0.0586,0.2511,-0.0023,0.0605
2053,34,1,0,0.016,-0.024,-1.000,-1.000,1,1,-0.000,0.000,0.000,0,1.000,0,0,0.0576,0.2499,-0.0034,0.0592
2054,34,1,0,0.016,-0.016,-1.000,-1.000,1,1,-0.000,0.000,0.000,0,1.000,0,0,0.0576,0.2497,-0.0040,0.0587
2055,34,1,0,0.016,-0.024,-1.000,-1.000,1,1,-0.000,0.000,0.000,0,1.000,0,0,0.0576,0.2497,-0.0042,0.0588
2056,34,1,0,0.016,-0.024,-1.000,-1.000,1,1,-0.000,0.000,0.000,0,1.000,0,0,0.0576,0.2497,-0.0042,0.0588
2057,34,1,0,0.016,-0.016,-1.000,-1.000,1,1,-0.000,0.000,0.000,0,1.000,0,0,0.0576,0.2497,-0.0042,0.0588
2058,34,1,0,0.008,-0.016,-1.000,-1.000,1,1,-0.000,0.000,0.000,0,1.000,0,0,0.0576,0.2497,-0.0042,0.0589
2059,34,1,0,-0.016,-0.016,-1.000,-1.000,1,1,-0.000,0.000,0.000,0,1.000,0,0,0.0576,0.2497,-0.0042,0.0589
2060,34,1,0,-0.504,0.000,-1.000,-1.000,1,1,0.339,0.000,0.000,0,1.000,0,0,0.0576,0.2498,-0.0044,0.0588
2061,34,1,0,-1.000,0.016,-1.000,-1.000,1,1,1.000,0.000,0.000,0,1.000,0,0,0.0576,0.2506,-0.0048,0.0586
2062,34,1,0,-0.024,-0.016,-1.000,-1.000,1,1,-0.000,0.000,0.000,0,1.000,0,0,0.0576,0.2516,-0.0048,0.0583
2063,34,1,0,0.016,-0.047,-1.000,-1.000,1,1,-0.000,0.000,0.000,0,1.000,0,0,0.0576,0.2516,-0.0049,0.0583
2064,34,1,0,-0.032,-0.024,-1.000,-1.000,1,1,-0.000,0.000,0.000,0,1.000,0,0,0.0576,0.2516,-0.0049,0.0584
2065,34,1,0,-0.638,0.094,-1.000,-1.000,1,1,0.517,0.000,0.000,0,1.000,0,0,0.0576,0.2519,-0.0050,0.0585
2066,34,1,0,-0.110,0.087,-1.000,-1.000,1,1,-0.000,0.000,0.000,0,1.000,0,0,0.0576,0.2524,-0.0051,0.0584
2067,34,1,0,0.000,-0.016,-1.000,-1.000,1,1,-0.000,0.000,0.000,0,1.000,0,0,0.0576,0.2524,-0.0051,0.0584
2068,34,1,0,0.000,-0.016,-1.000,-1.000,1,1,-0.000,0.000,0.000,0,1.000,0,0,0.0576,0.2524,-0.0051,0.0584
2069,34,1,0,0.000,0.008,-1.000,-1.000,1,1,-0.000,0.000,0.000,0,1.000,0,0,0.0576,0.2524,-0.0051,0.0584
2070,34,1,0,0.047,0.898,-1.000,-1.000,1,1,-0.000,0.863,0.000,0,1.000,0,0,0.0576,0.2522,-0.0049,0.0583
2071,34,1,0,0.118,1.000,-1.000,-1.000,1,1,-0.000,1.000,0.000,0,1.000,0,0,0.0576,0.2514,-0.0039,0.0575
2072,34,1,0,-0.008,-0.039,-1.000,-1.000,1,1,-0.000,0.000,0.000,0,1.000,0,0,0.0576,0.2512,-0.0033,0.0570
2073,34,1,0,0.000,-0.039,-1.000,-1.000,1,1,-0.000,0.000,0.000,0,1.000,0,0,0.0576,0.2511,-0.0033,0.0570
2074,34,1,0,-0.008,-0.039,-1.000,-1.000,1,1,-0.000,0.000,0.000,0,1.000,0,0,0.0576,0.2511,-0.0033,0.0570
2075,34,1,0,-0.063,0.094,-1.000,-1.000,1,1,-0.000,0.000,0.000,0,1.000,0,0,0.0576,0.2511,-0.0033,0.0570
2076,34,1,0,-0.551,0.866,-1.000,-1.000,1,1,0.402,0.821,0.000,0,0.948,0,0,0.0578,0.2512,-0.0031,0.0569
2077,34,1,0,0.000,-0.016,-1.000,-1.000,1,1,-0.000,0.000,0.000,0,1.000,0,0,0.0576,0.2512,-0.0025,0.0563
2078,34,1,0,0.000,-0.016,-1.000,-1.000,1,1,-0.000,0.000,0.000,0,1.000,0,0,0.0576,0.2512,-0.0026,0.0563
2079,34,1,0,-0.008,-0.016,-1.000,-1.000,1,1,-0.000,0.000,0.000,0,1.000,0,0,0.0576,0.2512,-0.0026,0.0563
2080,34,1,0,-0.197,0.307,-1.000,-1.000,1,1,-0.000,0.076,0.000,0,1.000,0,0,0.0576,0.2512,-0.0026,0.0563
2081,34,1,0,-0.370,0.724,-1.000,-1.000,1,1,0.160,0.633,0.000,0,1.000,0,0,0.0576,0.2510,-0.0023,0.0562
2082,34,1,0,0.000,-0.024,-1.000,-1.000,1,1,-0.000,0.000,0.000,0,1.000,0,0,0.0576,0.2510,-0.0020,0.0560
2083,34,1,0,0.000,-0.032,-1.000,-1.000,1,1,-0.000,0.000,0.000,0,1.000,0,0,0.0576,0.2510,-0.0020,0.0560
2084,34,1,0,0.000,0.000,-1.000,-1.000,1,1,-0.000,0.000,0.000,0,1.000,0,0,0.0576,0.2510,-0.0020,0.0560
2085,34,1,0,-0.236,0.764,-1.000,-1.000,1,1,-0.000,0.685,0.000,0,1.000,0,0,0.0576,0.2508,-0.0017,0.0559
2086,34,1,0,-0.016,-0.055,-1.000,-1.000,1,1,-0.000,0.000,0.000,0,1.000,0,0,0.0576,0.2507,-0.0013,0.0558
2087,34,1,0,0.000,-0.039,-1.000,-1.000,1,1,-0.000,0.000,0.000,0,1.000,0,0,0.0576,0.2507,-0.0013,0.0557
2088,34,1,0,0.000,-0.039,-1.000,-1.000,1,1,-0.000,0.000,0.000,0,1.000,0,0,0.0576,0.2507,-0.0013,0.0557
2089,34,1,0,0.000,-0.039,-1.000,-1.000,1,1,-0.000,0.000,0.000,0,1.000,0,0,0.0576,0.2507,-0.0013,0.0557
2090,34,1,0,0.000,-0.039,-1.000,-1.000,1,1,-0.000,0.000,0.000,0,1.000,0,0,0.0576,0.2507,-0.0013,0.0557
2091,34,1,0,0.000,-0.039,-1.000,0.701,1,1,-0.000,0.000,-0.837,0,1.000,0,0,0.0576,0.2507,-0.0013,0.0556
2092,34,1,0,0.000,-0.039,-1.000,1.000,1,1,-0.000,0.000,-1.000,0,1.000,0,0,0.0576,0.2509,-0.0009,0.0548
2093,34,1,0,0.000,-0.039,-1.000,1.000,1,1,-0.000,0.000,-1.000,0,1.000,0,0,0.0576,0.2511,-0.0008,0.0547
2094,34,1,0,0.000,-0.039,-1.000,1.000,1,1,-0.000,0.000,-1.000,0,1.000,0,0,0.0576,0.2513,-0.0007,0.0546
2095,34,1,0,0.000,-0.039,-1.000,1.000,1,1,-0.000,0.000,-1.000,0,1.000,0,0,0.0576,0.2514,-0.0006,0.0546
2096,34,1,0,0.000,-0.039,-1.000,1.000,1,1,-0.000,0.000,-1.000,0,1.000,0,0,0.0576,0.2516,-0.0005,0.0546
2097,34,1,1,0.000,-0.039,-1.000,0.929,1,1,0.000,0.000,0.000,1,1.000,1,1,0.0576,0.2517,-0.0005,0.0546
2098,35,1,0,0.000,-0.039,-1.000,-1.000,1,1,-0.000,0.000,0.000,0,0.333,0,0,0.0635,0.2542,-0.0081,0.0656
2099,35,1,0,-0.008,-0.039,-1.000,-1.000,1,1,-0.000,0.000,0.000,0,0.667,0,0,0.0605,0.2524,-0.0072,0.0637
2100,35,1,0,-0.008,-0.039,-1.000,-1.000,1,1,-0.000,0.000,0.000,0,1.000,0,0,0.0576,0.2507,-0.0055,0.0612
2101,35,1,0,-0.008,-0.039,-1.000,-1.000,1,1,-0.000,0.000,0.000,0,1.000,0,0,0.0576,0.2494,-0.0044,0.0587
2102,35,1,0,-0.008,-0.039,-1.000,-1.000,1,1,-0.000,0.000,0.000,0,1.000,0,0,0.0576,0.2497,-0.0045,0.0589
2103,35,1,0,-0.008,-0.039,-1.000,-1.000,1,1,-0.000,0.000,0.000,0,1.000,0,0,0.0576,0.2496,-0.0045,0.0590
2104,35,1,0,-0.008,-0.039,-1.000,-1.000,1,1,-0.000,0.000,0.000,0,1.000,0,0,0.0576,0.2496,-0.0045,0.0590
2105,35,1,0,-0.008,-0.039,-1.000,-1.000,1,1,-0.000,0.000,0.000,0,1.000,0,0,0.0576,0.2496,-0.0045,0.0590
2106,35,1,0,-0.032,-0.039,-1.000,-1.000,1,1,-0.000,0.000,0.000,0,1.000,0,0,0.0576,0.2496,-0.0045,0.0590
2107,35,1,0,-0.732,0.031,-1.000,-1.000,1,1,0.643,0.000,0.000,0,1.000,0,0,0.0576,0.2500,-0.0042,0.0589
2108,35,1,0,-1.000,0.094,-1.000,-1.000,1,1,1.000,0.000,0.000,0,1.000,0,0,0.0576,0.2514,-0.0038,0.0583
2109,35,1,0,-0.024,-0.008,-1.000,-1.000,1,1,-0.000,0.000,0.000,0,1.000,0,0,0.0576,0.2522,-0.0033,0.0575
2110,35,1,0,0.000,-0.024,-1.000,-1.000,1,1,-0.000,0.000,0.000,0,1.000,0,0,0.0576,0.2522,-0.0033,0.0574
2111,35,1,0,-0.008,-0.032,-1.000,-1.000,1,1,-0.000,0.000,0.000,0,1.000,0,0,0.0576,0.2522,-0.0033,0.0575
2112,35,1,0,0.000,-0.032,-1.000,-1.000,1,1,-0.000,0.000,0.000,0,1.000,0,0,0.0576,0.2522,-0.0034,0.0576
2113,35,1,0,0.000,-0.032,-1.000,-1.000,1,1,-0.000,0.000,0.000,0,1.000,0,0,0.0576,0.2523,-0.0034,0.0576
2114,35,1,0,-0.095,0.780,-1.000,-1.000,1,1,-0.000,0.706,0.000,0,1.000,0,0,0.0576,0.2525,-0.0030,0.0576
2115,35,1,0,0.228,0.890,-1.000,-1.000,1,1,-0.000,0.853,0.000,0,1.000,0,0,0.0576,0.2530,-0.0014,0.0582
2116,35,1,0,0.008,-0.047,-1.000,-1.000,1,1,-0.000,0.000,0.000,0,1.000,0,0,0.0576,0.2534,-0.0007,0.0586
2117,35,1,0,0.008,-0.047,-1.000,-1.000,1,1,-0.000,0.000,0.000,0,1.000,0,0,0.0576,0.2532,-0.0005,0.0586
2118,35,1,0,0.008,-0.047,-1.000,-1.000,1,1,-0.000,0.000,0.000,0,1.000,0,0,0.0576,0.2533,-0.0004,0.0585
2119,35,1,0,0.008,-0.047,-1.000,1.000,1,1,-0.000,0.000,-1.000,0,1.000,0,0,0.0576,0.2533,-0.0005,0.0584
2120,35,1,0,0.008,-0.047,-1.000,1.000,1,1,-0.000,0.000,-1.000,0,1.000,0,0,0.0576,0.2537,-0.0008,0.0580
2121,35,1,0,0.008,-0.047,-1.000,1.000,1,1,-0.000,0.000,-1.000,0,1.000,0,0,0.0576,0.2539,-0.0011,0.0575
2122,35,1,0,0.008,-0.047,-1.000,1.000,1,1,-0.000,0.000,-1.000,0,1.000,0,0,0.0576,0.2542,-0.0015,0.0573
2123,35,1,0,0.008,-0.047,-1.000,1.000,1,1,-0.000,0.000,-1.000,0,1.000,0,0,0.0576,0.2544,-0.0018,0.0569
2124,35,1,0,0.008,-0.047,-1.000,1.000,1,1,-0.000,0.000,-1.000,0,1.000,0,0,0.0576,0.2547,-0.0022,0.0569
2125,35,1,0,0.008,-0.047,-1.000,1.000,1,1,-0.000,0.000,-1.000,0,1.000,0,0,0.0576,0.2549,-0.0025,0.0568
2126,35,1,0,0.000,-0.047,-1.000,1.000,1,1,-0.000,0.000,-1.000,0,1.000,0,0,0.0576,0.2551,-0.0028,0.0567
2127,35,1,0,-0.032,-0.024,-1.000,1.000,1,1,-0.000,0.000,-1.000,0,1.000,0,0,0.0576,0.2553,-0.0030,0.0567
2128,35,1,0,0.008,-0.016,-1.000,1.000,1,1,-0.000,0.000,-1.000,0,1.000,0,0,0.0576,0.2555,-0.0032,0.0567
2129,35,1,0,0.039,-0.024,-1.000,1.000,1,1,-0.000,0.000,-1.000,0,1.000,0,0,0.0576,0.2556,-0.0033,0.0567
2130,35,1,0,0.055,-0.016,-1.000,1.000,1,1,-0.000,0.000,-1.000,0,1.000,0,0,0.0576,0.2558,-0.0034,0.0567
2131,35,1,0,0.055,-0.016,-1.000,1.000,1,1,-0.000,0.000,-1.000,0,1.000,0,0,0.0576,0.2559,-0.0035,0.0567
2132,35,1,0,0.079,-0.016,-1.000,1.000,1,1,-0.000,0.000,-1.000,0,1.000,0,0,0.0576,0.2560,-0.0036,0.0568
2133,35,1,0,1.000,0.197,-1.000,0.260,1,1,-1.000,0.000,-0.598,0,1.000,0,0,0.0576,0.2558,-0.0038,0.0568
2134,35,1,0,1.000,0.197,-1.000,-1.000,1,1,-1.000,0.000,0.000,0,1.000,0,0,0.0576,0.2554,-0.0042,0.0568
2135,35,1,0,0.000,-0.032,-1.000,-1.000,1,1,-0.000,0.000,0.000,0,1.000,0,0,0.0576,0.2552,-0.0044,0.0568
2136,35,1,0,0.000,-0.032,-1.000,-1.000,1,1,-0.000,0.000,0.000,0,1.000,0,0,0.0576,0.2551,-0.0044,0.0568
2137,35,1,0,0.024,-0.032,-1.000,-1.000,1,1,-0.000,0.000,0.000,0,1.000,0,0,0.0576,0.2551,-0.0044,0.0568
2138,35,1,0,0.063,-0.032,-1.000,-1.000,1,1,-0.000,0.000,0.000,0,1.000,0,0,0.0576,0.2551,-0.0044,0.0568
2139,35,1,0,0.976,0.315,-1.000,-1.000,1,1,-0.968,0.087,0.000,0,1.000,0,0,0.0576,0.2547,-0.0047,0.0568
2140,35,1,0,1.000,0.063,-1.000,-1.000,1,1,-1.000,0.000,0.000,0,1.000,0,0,0.0576,0.2536,-0.0051,0.0568
2141,35,1,0,0.008,-0.055,-1.000,-1.000,1,1,-0.000,0.000,0.000,0,1.000,0,0,0.0576,0.2531,-0.0053,0.0570
2142,35,1,0,0.008,-0.055,-1.000,-1.000,1,1,-0.000,0.000,0.000,0,1.000,0,0,0.0576,0.2530,-0.0054,0.0570
2143,35,1,0,0.008,-0.055,-1.000,-1.000,1,1,-0.000,0.000,0.000,0,1.000,0,0,0.0576,0.2530,-0.0054,0.0570
2144,35,1,0,0.008,-0.055,-1.000,-1.000,1,1,-0.000,0.000,0.000,0,1.000,0,0,0.0576,0.2530,-0.0054,0.0569
2145,35,1,1,0.000,-0.055,-1.000,-1.000,1,1,0.000,0.000,0.000,1,1.000,1,1,0.0576,0.2530,-0.0054,0.0569
2146,36,1,0,0.008,-0.055,-1.000,-1.000,1,1,-0.000,0.000,0.000,0,0.333,0,0,0.0598,0.2487,-0.0067,0.0609
2147,36,1,0,-0.008,-0.024,-1.000,-1.000,1,1,-0.000,0.000,0.000,0,0.667,0,0,0.0587,0.2493,-0.0062,0.0607
2148,36,1,0,-0.016,-0.016,-1.000,-1.000,1,1,-0.000,0.000,0.000,0,1.000,0,0,0.0576,0.2494,-0.0051,0.0597
2149,36,1,0,-0.008,-0.016,-1.000,-1.000,1,1,-0.000,0.000,0.000,0,1.000,0,0,0.0576,0.2496,-0.0045,0.0590
2150,36,1,0,-0.008,-0.016,-1.000,-1.000,1,1,-0.000,0.000,0.000,0,1.000,0,0,0.0576,0.2496,-0.0045,0.0590
2151,36,1,0,-0.008,-0.016,-1.000,-1.000,1,1,-0.000,0.000,0.000,0,1.000,0,0,0.0576,0.2496,-0.0045,0.0590
2152,36,1,0,-0.008,-0.016,-1.000,-1.000,1,1,-0.000,0.000,0.000,0,1.000,0,0,0.0576,0.2496,-0.0045,0.0590
2153,36,1,0,0.000,-0.016,-1.000,-1.000,1,1,-0.000,0.000,0.000,0,1.000,0,0,0.0576,0.2496,-0.0045,0.0591
2154,36,1,0,0.024,0.055,-1.000,-1.000,1,1,-0.000,0.000,0.000,0,1.000,0,0,0.0576,0.2496,-0.0045,0.0591
2155,36,1,0,0.055,0.717,-1.000,-1.000,1,1,-0.000,0.622,0.000,0,1.000,0,0,0.0576,0.2497,-0.0042,0.0593
2156,36,1,0,0.055,0.740,-1.000,-1.000,1,1,-0.000,0.654,0.000,0,1.000,0,0,0.0576,0.2496,-0.0034,0.0599
2157,36,1,0,0.008,0.047,-1.000,-1.000,1,1,-0.000,0.000,0.000,0,1.000,0,0,0.0576,0.2496,-0.0031,0.0604
2158,36,1,0,0.024,-0.008,-1.000,-1.000,1,1,-0.000,0.000,0.000,0,1.000,0,0,0.0576,0.2495,-0.0030,0.0604
2159,36,1,0,0.024,-0.008,-1.000,-1.000,1,1,-0.000,0.000,0.000,0,1.000,0,0,0.0576,0.2495,-0.0029,0.0603
2160,36,1,0,0.031,0.031,-1.000,-1.000,1,1,-0.000,0.000,0.000,0,1.000,0,0,0.0576,0.2495,-0.0029,0.0603
2161,36,1,0,0.024,0.008,-1.000,1.000,1,1,-0.000,0.000,-1.000,0,1.000,0,0,0.0576,0.2494,-0.0032,0.0601
2162,36,1,0,0.016,0.008,-1.000,1.000,1,1,-0.000,0.000,-1.000,0,1.000,0,0,0.0576,0.2493,-0.0036,0.0595
2163,36,1,0,0.024,0.039,-1.000,1.000,1,1,-0.000,0.000,-1.000,0,1.000,0,0,0.0576,0.2493,-0.0041,0.0592
2164,36,1,0,-0.110,0.551,-1.000,1.000,1,1,-0.000,0.402,-1.000,0,1.000,0,0,0.0576,0.2492,-0.0046,0.0589
2165,36,1,0,-0.504,0.913,-1.000,1.000,1,1,0.339,0.884,-1.000,0,1.000,0,0,0.0576,0.2494,-0.0045,0.0589
2166,36,1,0,-0.661,0.811,-1.000,1.000,1,1,0.549,0.748,-1.000,0,1.000,0,0,0.0576,0.2502,-0.0041,0.0592
2167,36,1,0,-0.661,0.803,-1.000,1.000,1,1,0.549,0.738,-1.000,0,1.000,0,0,0.0576,0.2513,-0.0037,0.0595
2168,36,1,0,-0.071,0.260,-1.000,-0.228,1,1,-0.000,0.013,-0.332,0,1.000,0,0,0.0576,0.2519,-0.0036,0.0596
2169,36,1,0,0.016,0.016,-1.000,-1.000,1,1,-0.000,0.000,0.000,0,1.000,0,0,0.0576,0.2518,-0.0037,0.0595
2170,36,1,0,0.000,0.016,-1.000,-1.000,1,1,-0.000,0.000,0.000,0,1.000,0,0,0.0576,0.2518,-0.0037,0.0595
2171,36,1,0,-0.803,0.654,-1.000,-1.000,1,1,0.738,0.538,0.000,0,1.000,0,0,0.0576,0.2525,-0.0034,0.0597
2172,36,1,0,-0.795,0.677,-1.000,-1.000,1,1,0.727,0.570,0.000,0,1.000,0,0,0.0576,0.2546,-0.0029,0.0604
2173,36,1,0,-0.732,0.756,-1.000,1.000,1,1,0.643,0.675,-1.000,0,1.000,0,0,0.0576,0.2560,-0.0025,0.0611
2174,36,1,0,-0.016,-0.055,-1.000,1.000,1,1,-0.000,0.000,-1.000,0,1.000,0,0,0.0576,0.2562,-0.0026,0.0611
2175,36,1,0,-0.008,-0.039,-1.000,1.000,1,1,-0.000,0.000,-1.000,0,1.000,0,0,0.0576,0.2563,-0.0032,0.0606
2176,36,1,0,0.087,-0.063,-1.000,1.000,1,1,-0.000,0.000,-1.000,0,1.000,0,0,0.0576,0.2562,-0.0037,0.0601
2177,36,1,0,0.669,-0.173,-1.000,1.000,1,1,-0.559,0.000,-1.000,0,1.000,0,0,0.0576,0.2556,-0.0043,0.0596
2178,36,1,0,0.220,0.039,-1.000,1.000,1,1,-0.000,0.000,-1.000,0,1.000,0,0,0.0576,0.2547,-0.0050,0.0589
2179,36,1,0,0.008,0.016,-1.000,1.000,1,1,-0.000,0.000,-1.000,0,1.000,0,0,0.0576,0.2548,-0.0052,0.0587
2180,36,1,0,0.008,0.008,-1.000,1.000,1,1,-0.000,0.000,-1.000,0,1.000,0,0,0.0576,0.2547,-0.0054,0.0587
2181,36,1,0,-0.008,0.252,-1.000,1.000,1,1,-0.000,0.003,-1.000,0,1.000,0,0,0.0576,0.2546,-0.0057,0.0586
2182,36,1,0,-0.079,0.780,-1.000,1.000,1,1,-0.000,0.706,-1.000,0,1.000,0,0,0.0576,0.2546,-0.0058,0.0587
2183,36,1,0,-0.087,0.260,-1.000,1.000,1,1,-0.000,0.013,-1.000,0,1.000,0,0,0.0576,0.2545,-0.0059,0.0586
2184,36,1,1,-0.008,-0.032,-1.000,-1.000,1,1,0.000,0.000,0.000,1,1.000,1,1,0.0576,0.2545,-0.0060,0.0586
2185,37,1,0,0.000,-0.032,-1.000,-1.000,1,1,-0.000,0.000,0.000,0,0.333,0,0,0.0601,0.2488,-0.0028,0.0614
2186,37,1,0,0.000,-0.032,-1.000,-1.000,1,1,-0.000,0.000,0.000,0,0.667,0,0,0.0589,0.2492,-0.0036,0.0611
2187,37,1,0,0.000,0.016,-1.000,-1.000,1,1,-0.000,0.000,0.000,0,1.000,0,0,0.0576,0.2492,-0.0039,0.0596
2188,37,1,0,0.024,0.008,-1.000,-1.000,1,1,-0.000,0.000,0.000,0,1.000,0,0,0.0576,0.2495,-0.0041,0.0589
2189,37,1,0,0.024,0.008,-1.000,-1.000,1,1,-0.000,0.000,0.000,0,1.000,0,0,0.0576,0.2496,-0.0042,0.0589
2190,37,1,0,0.024,0.008,-1.000,-1.000,1,1,-0.000,0.000,0.000,0,1.000,0,0,0.0576,0.2496,-0.0042,0.0590
2191,37,1,0,0.024,0.055,-1.000,-1.000,1,1,-0.000,0.000,0.000,0,1.000,0,0,0.0576,0.2496,-0.0042,0.0590
2192,37,1,0,0.016,0.748,-1.000,-1.000,1,1,-0.000,0.664,0.000,0,1.000,0,0,0.0576,0.2496,-0.0037,0.0589
2193,37,1,0,0.150,0.717,-1.000,-1.000,1,1,-0.000,0.622,0.000,0,1.000,0,0,0.0576,0.2496,-0.0025,0.0585
2194,37,1,0,0.016,-0.008,-1.000,-1.000,1,1,-0.000,0.000,0.000,0,1.000,0,0,0.0576,0.2497,-0.0018,0.0583
2195,37,1,0,0.024,-0.008,-1.000,-1.000,1,1,-0.000,0.000,0.000,0,1.000,0,0,0.0576,0.2496,-0.0018,0.0583
2196,37,1,0,0.024,-0.008,-1.000,-1.000,1,1,-0.000,0.000,0.000,0,1.000,0,0,0.0576,0.2497,-0.0018,0.0583
2197,37,1,0,0.000,-0.016,-1.000,-1.000,1,1,-0.000,0.000,0.000,0,1.000,0,0,0.0576,0.2497,-0.0018,0.0583
2198,37,1,0,-0.142,-0.008,-1.000,-1.000,1,1,-0.000,0.000,0.000,0,1.000,0,0,0.0576,0.2497,-0.0018,0.0583
2199,37,1,0,-1.000,0.055,-1.000,-1.000,1,1,1.000,0.000,0.000,0,1.000,0,0,0.0576,0.2505,-0.0017,0.0583
2200,37,1,0,-0.016,-0.016,-1.000,-1.000,1,1,-0.000,0.000,0.000,0,1.000,0,0,0.0576,0.2521,-0.0015,0.0582
2201,37,1,0,0.000,-0.016,-1.000,-1.000,1,1,-0.000,0.000,0.000,0,1.000,0,0,0.0576,0.2518,-0.0015,0.0580
2202,37,1,0,0.000,-0.016,-1.000,-1.000,1,1,-0.000,0.000,0.000,0,1.000,0,0,0.0576,0.2519,-0.0015,0.0579
2203,37,1,0,0.000,-0.016,-1.000,-1.000,1,1,-0.000,0.000,0.000,0,1.000,0,0,0.0576,0.2518,-0.0016,0.0580
2204,37,1,0,0.000,-0.016,-1.000,1.000,1,1,-0.000,0.000,-1.000,0,1.000,0,0,0.0576,0.2519,-0.0014,0.0580
2205,37,1,0,0.000,-0.016,-1.000,1.000,1,1,-0.000,0.000,-1.000,0,1.000,0,0,0.0576,0.2518,-0.0010,0.0578
2206,37,1,0,0.000,-0.016,-1.000,1.000,1,1,-0.000,0.000,-1.000,0,1.000,0,0,0.0576,0.2518,-0.0007,0.0577
2207,37,1,0,0.000,-0.016,-1.000,1.000,1,1,-0.000,0.000,-1.000,0,1.000,0,0,0.0576,0.2517,-0.0003,0.0575
2208,37,1,0,0.000,-0.016,-1.000,1.000,1,1,-0.000,0.000,-1.000,0,1.000,0,0,0.0576,0.2517,-0.0001,0.0575
2209,37,1,0,0.008,-0.039,-1.000,1.000,1,1,-0.000,0.000,-1.000,0,1.000,0,0,0.0576,0.2517,0.0000,0.0574
2210,37,1,0,0.000,-0.063,-1.000,1.000,1,1,-0.000,0.000,-1.000,0,1.000,0,0,0.0576,0.2517,0.0002,0.0574
2211,37,1,0,0.134,-0.417,-1.000,1.000,1,1,-0.000,-0.223,-1.000,0,1.000,0,0,0.0576,0.2517,0.0003,0.0574
2212,37,1,0,0.291,-0.654,-1.000,1.000,1,1,-0.055,-0.538,-1.000,0,1.000,0,0,0.0576,0.2515,0.0002,0.0574
2213,37,1,0,0.031,-0.039,-1.000,1.000,1,1,-0.000,0.000,-1.000,0,1.000,0,0,0.0576,0.2515,0.0001,0.0574
2214,37,1,0,0.024,-0.008,-1.000,1.000,1,1,-0.000,0.000,-1.000,0,1.000,0,0,0.0576,0.2514,0.0002,0.0574
2215,37,1,0,0.016,-0.520,-1.000,1.000,1,1,-0.000,-0.360,-1.000,0,1.000,0,0,0.0576,0.2514,0.0003,0.0574
2216,37,1,0,0.063,-1.000,-1.000,1.000,1,1,-0.000,-1.000,-1.000,0,1.000,0,0,0.0576,0.2513,-0.0002,0.0575
2217,37,1,0,0.118,-1.000,-1.000,1.000,1,1,-0.000,-1.000,-1.000,0,1.000,0,0,0.0576,0.2511,-0.0015,0.0578
2218,37,1,0,0.031,-0.063,-1.000,1.000,1,1,-0.000,0.000,-1.000,0,1.000,0,0,0.0576,0.2509,-0.0019,0.0581
2219,37,1,0,0.031,-0.024,-1.000,1.000,1,1,-0.000,0.000,-1.000,0,1.000,0,0,0.0576,0.2509,-0.0016,0.0578
2220,37,1,0,0.031,-0.008,-1.000,1.000,1,1,-0.000,0.000,-1.000,0,1.000,0,0,0.0576,0.2509,-0.0013,0.0577
2221,37,1,0,0.008,0.008,-1.000,1.000,1,1,-0.000,0.000,-1.000,0,1.000,0,0,0.0576,0.2509,-0.0009,0.0577
2222,37,1,0,-0.016,0.000,-1.000,1.000,1,1,-0.000,0.000,-1.000,0,1.000,0,0,0.0576,0.2508,-0.0006,0.0576
2223,37,1,0,-0.008,-0.024,-1.000,1.000,1,1,-0.000,0.000,-1.000,0,1.000,0,0,0.0576,0.2508,-0.0003,0.0576
2224,37,1,0,0.016,-0.654,-1.000,1.000,1,1,-0.000,-0.538,-1.000,0,1.000,0,0,0.0576,0.2508,-0.0003,0.0575
2225,37,1,0,0.244,-1.000,-1.000,1.000,1,1,-0.000,-1.000,-1.000,0,1.000,0,0,0.0576,0.2507,-0.0012,0.0578
2226,37,1,0,0.197,-0.220,-1.000,1.000,1,1,-0.000,0.000,-1.000,0,1.000,0,0,0.0576,0.2504,-0.0017,0.0582
2227,37,1,0,0.039,-0.039,-1.000,1.000,1,1,-0.000,0.000,-1.000,0,1.000,0,0,0.0576,0.2504,-0.0015,0.0579
2228,37,1,0,0.024,-0.008,-1.000,1.000,1,1,-0.000,0.000,-1.000,0,1.000,0,0,0.0576,0.2504,-0.0012,0.0578
2229,37,1,0,0.024,-0.008,-1.000,1.000,1,1,-0.000,0.000,-1.000,0,1.000,0,0,0.0576,0.2504,-0.0008,0.0578
2230,37,1,0,0.000,-0.016,-1.000,1.000,1,1,-0.000,0.000,-1.000,0,1.000,0,0,0.0576,0.2504,-0.0005,0.0577
2231,37,1,0,-0.047,-0.039,-1.000,1.000,1,1,-0.000,0.000,-1.000,0,1.000,0,0,0.0576,0.2504,-0.0002,0.0576
2232,37,1,0,-0.835,-0.039,-1.000,1.000,1,1,0.780,0.000,-1.000,0,1.000,0,0,0.0576,0.2511,0.0002,0.0576
2233,37,1,0,-0.748,-0.299,-1.000,1.000,1,1,0.664,-0.066,-1.000,0,1.000,0,0,0.0576,0.2525,0.0005,0.0575
2234,37,1,0,-0.063,-0.465,-1.000,-0.661,1,1,-0.000,-0.286,-0.097,0,1.000,0,0,0.0576,0.2533,0.0005,0.0576
2235,37,1,0,0.008,-0.110,-1.000,-1.000,1,1,-0.000,0.000,0.000,0,1.000,0,0,0.0576,0.2532,0.0003,0.0576
2236,37,1,0,0.008,-0.110,-1.000,-1.000,1,1,-0.000,0.000,0.000,0,1.000,0,0,0.0576,0.2532,0.0003,0.0576
2237,37,1,0,-0.008,-0.110,-1.000,-1.000,1,1,-0.000,0.000,0.000,0,1.000,0,0,0.0576,0.2532,0.0003,0.0576
2238,37,1,0,-0.016,-0.110,-1.000,-1.000,1,1,-0.000,0.000,0.000,0,1.000,0,0,0.0576,0.2533,0.0004,0.0576
2239,37,1,0,0.039,-0.150,-1.000,-1.000,1,1,-0.000,0.000,0.000,0,1.000,0,0,0.0576,0.2532,0.0003,0.0576
2240,37,1,0,0.047,-0.063,-1.000,-1.000,1,1,-0.000,0.000,0.000,0,1.000,0,0,0.0576,0.2532,0.0003,0.0576
2241,37,1,1,0.016,-0.047,-1.000,-1.000,1,1,0.000,0.000,0.000,1,1.000,1,1,0.0576,0.2532,0.0003,0.0576
2242,38,1,0,0.016,-0.047,-1.000,-1.000,1,1,-0.000,0.000,0.000,0,0.333,0,0,0.0613,0.2529,-0.0007,0.0627
2243,38,1,0,0.016,-0.047,-1.000,-1.000,1,1,-0.000,0.000,0.000,0,0.667,0,0,0.0594,0.2517,-0.0023,0.0618
2244,38,1,0,0.016,-0.047,-1.000,-1.000,1,1,-0.000,0.000,0.000,0,1.000,0,0,0.0576,0.2503,-0.0032,0.0600
2245,38,1,0,0.016,-0.047,-1.000,-1.000,1,1,-0.000,0.000,0.000,0,1.000,0,0,0.0576,0.2498,-0.0040,0.0592
2246,38,1,0,0.016,-0.047,-1.000,-1.000,1,1,-0.000,0.000,0.000,0,1.000,0,0,0.0576,0.2496,-0.0041,0.0587
2247,38,1,0,0.016,-0.047,-1.000,-1.000,1,1,-0.000,0.000,0.000,0,1.000,0,0,0.0576,0.2496,-0.0041,0.0588
2248,38,1,0,0.016,-0.047,-1.000,-1.000,1,1,-0.000,0.000,0.000,0,1.000,0,0,0.0576,0.2496,-0.0042,0.0588
2249,38,1,0,0.016,-0.047,-1.000,-1.000,1,1,-0.000,0.000,0.000,0,1.000,0,0,0.0576,0.2496,-0.0042,0.0588
2250,38,1,0,0.008,0.260,-1.000,-1.000,1,1,-0.000,0.013,0.000,0,1.000,0,0,0.0576,0.2496,-0.0042,0.0589
2251,38,1,0,0.000,0.905,-1.000,-1.000,1,1,-0.000,0.874,0.000,0,1.000,0,0,0.0576,0.2494,-0.0035,0.0588
2252,38,1,0,-0.063,0.094,-1.000,-1.000,1,1,-0.000,0.000,0.000,0,1.000,0,0,0.0576,0.2493,-0.0029,0.0584
2253,38,1,0,0.008,0.016,-1.000,-1.000,1,1,-0.000,0.000,0.000,0,1.000,0,0,0.0576,0.2493,-0.0028,0.0586
2254,38,1,0,0.008,0.213,-1.000,-1.000,1,1,-0.000,0.000,0.000,0,1.000,0,0,0.0576,0.2493,-0.0028,0.0586
2255,38,1,0,-0.063,1.000,-1.000,-1.000,1,1,-0.000,1.000,0.000,0,1.000,0,0,0.0576,0.2491,-0.0020,0.0585
2256,38,1,0,-0.008,-0.016,-1.000,-1.000,1,1,-0.000,0.000,0.000,0,1.000,0,0,0.0576,0.2490,-0.0012,0.0581
2257,38,1,0,0.024,-0.039,-1.000,-1.000,1,1,-0.000,0.000,0.000,0,1.000,0,0,0.0576,0.2489,-0.0012,0.0582
2258,38,1,0,0.024,-0.039,-1.000,-1.000,1,1,-0.000,0.000,0.000,0,1.000,0,0,0.0576,0.2489,-0.0012,0.0582
2259,38,1,0,-0.016,-0.039,-1.000,-1.000,1,1,-0.000,0.000,0.000,0,1.000,0,0,0.0576,0.2489,-0.0012,0.0582
2260,38,1,0,-0.071,0.016,-1.000,-1.000,1,1,-0.000,0.000,0.000,0,1.000,0,0,0.0576,0.2489,-0.0011,0.0582
2261,38,1,0,-0.961,0.402,-1.000,-1.000,1,1,0.948,0.202,0.000,0,1.000,0,0,0.0576,0.2493,-0.0012,0.0580
2262,38,1,0,-0.961,0.402,-1.000,-1.000,1,1,0.948,0.202,0.000,0,1.000,0,0,0.0576,0.2505,-0.0013,0.0570
2263,38,1,0,-0.047,-0.016,-1.000,-1.000,1,1,-0.000,0.000,0.000,0,1.000,0,0,0.0576,0.2511,-0.0013,0.0559
2264,38,1,0,-0.008,-0.039,-1.000,-1.000,1,1,-0.000,0.000,0.000,0,1.000,0,0,0.0576,0.2512,-0.0013,0.0559
2265,38,1,0,0.000,-0.039,-1.000,-1.000,1,1,-0.000,0.000,0.000,0,1.000,0,0,0.0576,0.2512,-0.0013,0.0559
2266,38,1,0,-0.008,-0.039,-1.000,-1.000,1,1,-0.000,0.000,0.000,0,1.000,0,0,0.0576,0.2512,-0.0013,0.0559
2267,38,1,0,-0.213,0.008,-1.000,-1.000,1,1,-0.000,0.000,0.000,0,1.000,0,0,0.0576,0.2512,-0.0013,0.0559
2268,38,1,0,-1.000,0.126,-1.000,-1.000,1,1,1.000,0.000,0.000,0,1.000,0,0,0.0576,0.2518,-0.0016,0.0557
2269,38,1,0,-0.008,-0.039,-1.000,-1.000,1,1,-0.000,0.000,0.000,0,1.000,0,0,0.0576,0.2522,-0.0015,0.0554
2270,38,1,0,-0.008,-0.039,-1.000,-1.000,1,1,-0.000,0.000,0.000,0,1.000,0,0,0.0576,0.2522,-0.0016,0.0552
2271,38,1,0,-0.008,-0.039,-1.000,-1.000,1,1,-0.000,0.000,0.000,0,1.000,0,0,0.0576,0.2523,-0.0016,0.0552
2272,38,1,0,-0.008,-0.039,-1.000,-1.000,1,1,-0.000,0.000,0.000,0,1.000,0,0,0.0576,0.2523,-0.0016,0.0552
2273,38,1,0,-0.055,0.000,-1.000,-1.000,1,1,-0.000,0.000,0.000,0,1.000,0,0,0.0576,0.2523,-0.0016,0.0552
2274,38,1,0,-0.063,-0.008,-1.000,-1.000,1,1,-0.000,0.000,0.000,0,1.000,0,0,0.0576,0.2523,-0.0016,0.0552
2275,38,1,0,-0.055,-0.008,-1.000,-1.000,1,1,-0.000,0.000,0.000,0,1.000,0,0,0.0576,0.2523,-0.0016,0.0552
2276,38,1,0,-0.008,-0.024,-1.000,-1.000,1,1,-0.000,0.000,0.000,0,1.000,0,0,0.0576,0.2523,-0.0016,0.0552
2277,38,1,0,-0.008,-0.024,-1.000,-1.000,1,1,-0.000,0.000,0.000,0,1.000,0,0,0.0576,0.2523,-0.0016,0.0552
2278,38,1,0,-0.008,-0.024,-1.000,-1.000,1,1,-0.000,0.000,0.000,0,1.000,0,0,0.0576,0.2523,-0.0016,0.0552
2279,38,1,1,-0.008,-0.024,-1.000,-1.000,1,1,0.000,0.000,0.000,1,1.000,1,1,0.0576,0.2523,-0.0016,0.0552
2280,39,1,0,0.000,-0.024,-1.000,-1.000,1,1,-0.000,0.000,0.000,0,0.333,0,0,0.0614,0.2480,-0.0025,0.0630
2281,39,1,0,0.000,-0.024,-1.000,-1.000,1,1,-0.000,0.000,0.000,0,0.667,0,0,0.0595,0.2488,-0.0034,0.0621
2282,39,1,0,-0.008,-0.024,-1.000,-1.000,1,1,-0.000,0.000,0.000,0,1.000,0,0,0.0576,0.2489,-0.0037,0.0604
2283,39,1,0,0.000,-0.024,-1.000,-1.000,1,1,-0.000,0.000,0.000,0,1.000,0,0,0.0576,0.2493,-0.0041,0.0594
2284,39,1,0,-0.008,-0.024,-1.000,-1.000,1,1,-0.000,0.000,0.000,0,1.000,0,0,0.0576,0.2494,-0.0041,0.0588
2285,39,1,0,-0.008,-0.024,-1.000,-1.000,1,1,-0.000,0.000,0.000,0,1.000,0,0,0.0576,0.2495,-0.0042,0.0589
2286,39,1,0,-0.016,-0.024,-1.000,-1.000,1,1,-0.000,0.000,0.000,0,1.000,0,0,0.0576,0.2495,-0.0042,0.0589
2287,39,1,0,-0.165,0.008,-1.000,-1.000,1,1,-0.000,0.000,0.000,0,1.000,0,0,0.0576,0.2495,-0.0042,0.0590
2288,39,1,0,-0.780,0.094,-1.000,-1.000,1,1,0.706,0.000,0.000,0,1.000,0,0,0.0576,0.2500,-0.0042,0.0590
2289,39,1,0,-0.055,0.024,-1.000,-1.000,1,1,-0.000,0.000,0.000,0,1.000,0,0,0.0576,0.2511,-0.0041,0.0591
2290,39,1,0,0.000,-0.008,-1.000,-1.000,1,1,-0.000,0.000,0.000,0,1.000,0,0,0.0576,0.2509,-0.0041,0.0591
2291,39,1,0,0.000,-0.016,-1.000,-1.000,1,1,-0.000,0.000,0.000,0,1.000,0,0,0.0576,0.2509,-0.0041,0.0591
2292,39,1,0,-0.850,0.228,-1.000,-1.000,1,1,0.801,0.000,0.000,0,1.000,0,0,0.0576,0.2518,-0.0040,0.0591
2293,39,1,0,-0.276,0.220,-1.000,-1.000,1,1,0.034,0.000,0.000,0,1.000,0,0,0.0576,0.2532,-0.0040,0.0594
2294,39,1,0,-0.008,-0.032,-1.000,-1.000,1,1,-0.000,0.000,0.000,0,1.000,0,0,0.0576,0.2529,-0.0040,0.0594
2295,39,1,0,-0.008,-0.032,-1.000,-1.000,1,1,-0.000,0.000,0.000,0,1.000,0,0,0.0576,0.2530,-0.0040,0.0593
2296,39,1,0,-0.008,-0.032,-1.000,-1.000,1,1,-0.000,0.000,0.000,0,1.000,0,0,0.0576,0.2530,-0.0040,0.0593
2297,39,1,0,0.000,-0.032,-1.000,-1.000,1,1,-0.000,0.000,0.000,0,1.000,0,0,0.0576,0.2530,-0.0040,0.0593
2298,39,1,0,-0.205,1.000,-1.000,-1.000,1,1,-0.000,1.000,0.000,0,1.000,0,0,0.0576,0.2531,-0.0032,0.0592
2299,39,1,0,-0.008,0.976,-1.000,-1.000,1,1,-0.000,0.968,0.000,0,1.000,0,0,0.0576,0.2532,-0.0013,0.0584
2300,39,1,0,0.016,0.008,-1.000,-1.000,1,1,-0.000,0.000,0.000,0,1.000,0,0,0.0576,0.2533,-0.0001,0.0579
2301,39,1,0,0.024,-0.016,-1.000,-1.000,1,1,-0.000,0.000,0.000,0,1.000,0,0,0.0576,0.2533,-0.0001,0.0580
2302,39,1,0,0.016,-0.016,-1.000,-1.000,1,1,-0.000,0.000,0.000,0,1.000,0,0,0.0576,0.2533,-0.0000,0.0580
2303,39,1,0,0.024,-0.016,-1.000,-1.000,1,1,-0.000,0.000,0.000,0,1.000,0,0,0.0576,0.2533,-0.0000,0.0580
2304,39,1,0,0.008,0.110,-1.000,-1.000,1,1,-0.000,0.000,0.000,0,1.000,0,0,0.0576,0.2533,-0.0000,0.0579
2305,39,1,0,-0.047,0.748,-1.000,-1.000,1,1,-0.000,0.664,0.000,0,1.000,0,0,0.0576,0.2533,0.0006,0.0578
2306,39,1,0,-0.008,-0.055,-1.000,-1.000,1,1,-0.000,0.000,0.000,0,1.000,0,0,0.0576,0.2535,0.0009,0.0580
2307,39,1,0,-0.008,-0.055,-1.000,-1.000,1,1,-0.000,0.000,0.000,0,1.000,0,0,0.0576,0.2534,0.0009,0.0581
2308,39,1,0,-0.008,-0.055,-1.000,-1.000,1,1,-0.000,0.000,0.000,0,1.000,0,0,0.0576,0.2534,0.0010,0.0580
2309,39,1,0,-0.008,-0.055,-1.000,1.000,1,1,-0.000,0.000,-1.000,0,1.000,0,0,0.0576,0.2533,0.0010,0.0580
2310,39,1,0,-0.008,-0.055,-1.000,1.000,1,1,-0.000,0.000,-1.000,0,1.000,0,0,0.0576,0.2533,0.0012,0.0580
2311,39,1,0,0.142,-0.606,-1.000,1.000,1,1,-0.000,-0.475,-1.000,0,1.000,0,0,0.0576,0.2531,0.0012,0.0581
2312,39,1,0,0.165,-0.449,-1.000,1.000,1,1,-0.000,-0.265,-1.000,0,1.000,0,0,0.0576,0.2528,0.0010,0.0581
2313,39,1,0,0.016,-0.039,-1.000,1.000,1,1,-0.000,0.000,-1.000,0,1.000,0,0,0.0576,0.2527,0.0010,0.0580
2314,39,1,0,0.016,-0.047,-1.000,1.000,1,1,-0.000,0.000,-1.000,0,1.000,0,0,0.0576,0.2526,0.0012,0.0580
2315,39,1,0,0.205,-0.764,-1.000,1.000,1,1,-0.000,-0.685,-1.000,0,1.000,0,0,0.0576,0.2523,0.0010,0.0580
2316,39,1,0,0.268,-1.000,-1.000,1.000,1,1,-0.024,-1.000,-1.000,0,1.000,0,0,0.0576,0.2519,-0.0001,0.0581
2317,39,1,0,0.047,-0.158,-1.000,1.000,1,1,-0.000,0.000,-1.000,0,1.000,0,0,0.0576,0.2516,-0.0006,0.0581
2318,39,1,0,0.008,-0.024,-1.000,1.000,1,1,-0.000,0.000,-1.000,0,1.000,0,0,0.0576,0.2514,-0.0002,0.0578
2319,39,1,0,0.024,0.000,-1.000,1.000,1,1,-0.000,0.000,-1.000,0,1.000,0,0,0.0576,0.2513,-0.0000,0.0576
2320,39,1,0,0.024,0.000,-1.000,1.000,1,1,-0.000,0.000,-1.000,0,1.000,0,0,0.0576,0.2512,0.0002,0.0577
2321,39,1,0,0.102,0.000,-1.000,1.000,1,1,-0.000,0.000,-1.000,0,1.000,0,0,0.0576,0.2511,0.0003,0.0577
2322,39,1,0,1.000,0.110,-1.000,1.000,1,1,-1.000,0.000,-1.000,0,1.000,0,0,0.0576,0.2500,0.0005,0.0576
2323,39,1,0,0.795,0.000,-1.000,1.000,1,1,-0.727,0.000,-1.000,0,1.000,0,0,0.0576,0.2486,0.0004,0.0577
2324,39,1,0,-0.016,-0.095,-1.000,1.000,1,1,-0.000,0.000,-1.000,0,1.000,0,0,0.0576,0.2482,0.0005,0.0578
2325,39,1,0,-0.008,-0.055,-1.000,-1.000,1,1,-0.000,0.000,0.000,0,1.000,0,0,0.0576,0.2482,0.0005,0.0578
2326,39,1,0,0.000,-0.055,-1.000,-1.000,1,1,-0.000,0.000,0.000,0,1.000,0,0,0.0576,0.2482,0.0005,0.0578
2327,39,1,0,0.016,-0.055,-1.000,-1.000,1,1,-0.000,0.000,0.000,0,1.000,0,0,0.0576,0.2482,0.0005,0.0578
2328,39,1,1,-0.008,-0.055,-1.000,-1.000,1,1,0.000,0.000,0.000,1,1.000,1,1,0.0576,0.2482,0.0005,0.0578
2329,40,1,0,-0.016,-0.055,-1.000,-1.000,1,1,-0.000,0.000,0.000,0,0.333,0,0,0.0628,0.2503,-0.0027,0.0649
2330,40,1,0,-0.016,-0.055,-1.000,-1.000,1,1,-0.000,0.000,0.000,0,0.667,0,0,0.0602,0.2501,-0.0035,0.0634
2331,40,1,0,-0.016,-0.055,-1.000,-1.000,1,1,-0.000,0.000,0.000,0,1.000,0,0,0.0576,0.2497,-0.0038,0.0612
2332,40,1,0,-0.016,-0.055,-1.000,-1.000,1,1,-0.000,0.000,0.000,0,1.000,0,0,0.0576,0.2494,-0.0041,0.0596
2333,40,1,0,-0.016,-0.055,-1.000,-1.000,1,1,-0.000,0.000,0.000,0,1.000,0,0,0.0576,0.2495,-0.0042,0.0588
2334,40,1,0,-0.008,-0.055,-1.000,-1.000,1,1,-0.000,0.000,0.000,0,1.000,0,0,0.0576,0.2495,-0.0043,0.0589
2335,40,1,0,-0.016,-0.055,-1.000,-1.000,1,1,-0.000,0.000,0.000,0,1.000,0,0,0.0576,0.2495,-0.0043,0.0590
2336,40,1,0,-0.047,-0.016,-1.000,-1.000,1,1,-0.000,0.000,0.000,0,1.000,0,0,0.0576,0.2495,-0.0043,0.0590
2337,40,1,0,-0.898,0.205,-1.000,-1.000,1,1,0.864,0.000,0.000,0,1.000,0,0,0.0576,0.2502,-0.0042,0.0590
2338,40,1,0,-0.441,0.244,-1.000,-1.000,1,1,0.255,0.000,0.000,0,1.000,0,0,0.0576,0.2517,-0.0043,0.0587
2339,40,1,0,0.000,-0.016,-1.000,-1.000,1,1,-0.000,0.000,0.000,0,1.000,0,0,0.0576,0.2517,-0.0042,0.0584
2340,40,1,0,0.000,-0.016,-1.000,-1.000,1,1,-0.000,0.000,0.000,0,1.000,0,0,0.0576,0.2518,-0.0042,0.0584
2341,40,1,0,-0.063,0.016,-1.000,-1.000,1,1,-0.000,0.000,0.000,0,1.000,0,0,0.0576,0.2518,-0.0042,0.0584
2342,40,1,0,-0.654,0.260,-1.000,-1.000,1,1,0.538,0.013,0.000,0,1.000,0,0,0.0576,0.2524,-0.0042,0.0584
2343,40,1,0,0.008,0.000,-1.000,-1.000,1,1,-0.000,0.000,0.000,0,1.000,0,0,0.0576,0.2532,-0.0042,0.0583
2344,40,1,0,0.008,-0.008,-1.000,-1.000,1,1,-0.000,0.000,0.000,0,1.000,0,0,0.0576,0.2531,-0.0042,0.0582
2345,40,1,0,0.000,0.000,-1.000,-1.000,1,1,-0.000,0.000,0.000,0,1.000,0,0,0.0576,0.2531,-0.0042,0.0582
2346,40,1,0,-0.039,0.811,-1.000,-1.000,1,1,-0.000,0.748,0.000,0,1.000,0,0,0.0576,0.2531,-0.0037,0.0582
2347,40,1,0,0.047,0.842,-1.000,-1.000,1,1,-0.000,0.790,0.000,0,1.000,0,0,0.0576,0.2531,-0.0020,0.0577
2348,40,1,0,0.008,-0.039,-1.000,-1.000,1,1,-0.000,0.000,0.000,0,1.000,0,0,0.0576,0.2531,-0.0011,0.0575
2349,40,1,0,0.024,-0.039,-1.000,-1.000,1,1,-0.000,0.000,0.000,0,1.000,0,0,0.0576,0.2531,-0.0011,0.0576
2350,40,1,0,0.024,-0.039,-1.000,-1.000,1,1,-0.000,0.000,0.000,0,1.000,0,0,0.0576,0.2531,-0.0010,0.0576
2351,40,1,0,0.024,-0.039,-1.000,-1.000,1,1,-0.000,0.000,0.000,0,1.000,0,0,0.0576,0.2531,-0.0010,0.0575
2352,40,1,0,0.024,-0.039,-1.000,-1.000,1,1,-0.000,0.000,0.000,0,1.000,0,0,0.0576,0.2531,-0.0010,0.0575
2353,40,1,0,0.024,-0.039,-1.000,-0.567,1,1,-0.000,0.000,-0.148,0,1.000,0,0,0.0576,0.2530,-0.0010,0.0575
2354,40,1,0,0.016,-0.039,-1.000,1.000,1,1,-0.000,0.000,-1.000,0,1.000,0,0,0.0576,0.2531,-0.0009,0.0575
2355,40,1,0,0.016,-0.039,-1.000,1.000,1,1,-0.000,0.000,-1.000,0,1.000,0,0,0.0576,0.2533,-0.0008,0.0575
2356,40,1,0,0.016,-0.039,-1.000,1.000,1,1,-0.000,0.000,-1.000,0,1.000,0,0,0.0576,0.2534,-0.0006,0.0574
2357,40,1,0,0.024,-0.039,-1.000,1.000,1,1,-0.000,0.000,-1.000,0,1.000,0,0,0.0576,0.2535,-0.0003,0.0574
2358,40,1,0,0.031,-0.055,-1.000,1.000,1,1,-0.000,0.000,-1.000,0,1.000,0,0,0.0576,0.2537,-0.0002,0.0573
2359,40,1,0,0.016,-0.039,-1.000,1.000,1,1,-0.000,0.000,-1.000,0,1.000,0,0,0.0576,0.2538,0.0001,0.0573
2360,40,1,0,0.016,0.016,-1.000,1.000,1,1,-0.000,0.000,-1.000,0,1.000,0,0,0.0576,0.2540,0.0002,0.0573
2361,40,1,0,0.024,0.016,-1.000,1.000,1,1,-0.000,0.000,-1.000,0,1.000,0,0,0.0576,0.2542,0.0004,0.0573
2362,40,1,0,0.024,-0.047,-1.000,1.000,1,1,-0.000,0.000,-1.000,0,1.000,0,0,0.0576,0.2543,0.0005,0.0573
2363,40,1,0,0.000,-0.087,-1.000,1.000,1,1,-0.000,0.000,-1.000,0,1.000,0,0,0.0576,0.2545,0.0006,0.0573
2364,40,1,0,0.000,-0.087,-1.000,1.000,1,1,-0.000,0.000,-1.000,0,1.000,0,0,0.0576,0.2546,0.0007,0.0573
2365,40,1,0,0.000,-0.087,-1.000,1.000,1,1,-0.000,0.000,-1.000,0,1.000,0,0,0.0576,0.2547,0.0008,0.0572
2366,40,1,0,0.000,-0.087,-1.000,1.000,1,1,-0.000,0.000,-1.000,0,1.000,0,0,0.0576,0.2548,0.0009,0.0572
2367,40,1,0,0.000,-0.087,-1.000,1.000,1,1,-0.000,0.000,-1.000,0,1.000,0,0,0.0576,0.2550,0.0009,0.0572
2368,40,1,0,0.008,-0.087,-1.000,-1.000,1,1,-0.000,0.000,0.000,0,1.000,0,0,0.0576,0.2550,0.0010,0.0571
2369,40,1,1,0.008,-0.087,-1.000,-1.000,1,1,0.000,0.000,0.000,1,1.000,1,1,0.0576,0.2550,0.0010,0.0572
2370,41,1,0,0.008,-0.079,-1.000,-1.000,1,1,-0.000,0.000,0.000,0,0.333,0,0,0.0613,0.2486,-0.0053,0.0628
2371,41,1,0,0.008,-0.079,-1.000,-1.000,1,1,-0.000,0.000,0.000,0,0.667,0,0,0.0595,0.2491,-0.0050,0.0620
2372,41,1,0,0.008,-0.079,-1.000,-1.000,1,1,-0.000,0.000,0.000,0,1.000,0,0,0.0576,0.2491,-0.0044,0.0600
2373,41,1,0,0.008,-0.063,-1.000,-1.000,1,1,-0.000,0.000,0.000,0,1.000,0,0,0.0576,0.2495,-0.0043,0.0588
2374,41,1,0,0.008,-0.055,-1.000,-1.000,1,1,-0.000,0.000,0.000,0,1.000,0,0,0.0576,0.2495,-0.0043,0.0589
2375,41,1,0,0.008,-0.016,-1.000,-1.000,1,1,-0.000,0.000,0.000,0,1.000,0,0,0.0576,0.2495,-0.0043,0.0590
2376,41,1,0,-0.008,0.016,-1.000,-1.000,1,1,-0.000,0.000,0.000,0,1.000,0,0,0.0576,0.2495,-0.0043,0.0590
2377,41,1,0,-0.047,0.528,-1.000,-1.000,1,1,-0.000,0.370,0.000,0,1.000,0,0,0.0576,0.2495,-0.0040,0.0591
2378,41,1,0,0.008,0.268,-1.000,-1.000,1,1,-0.000,0.024,0.000,0,1.000,0,0,0.0576,0.2496,-0.0035,0.0593
2379,41,1,0,0.008,-0.024,-1.000,-1.000,1,1,-0.000,0.000,0.000,0,1.000,0,0,0.0576,0.2495,-0.0036,0.0592
2380,41,1,0,0.008,-0.039,-1.000,-1.000,1,1,-0.000,0.000,0.000,0,1.000,0,0,0.0576,0.2496,-0.0036,0.0592
2381,41,1,0,0.008,-0.008,-1.000,-1.000,1,1,-0.000,0.000,0.000,0,1.000,0,0,0.0576,0.2495,-0.0036,0.0592
2382,41,1,0,-0.102,0.842,-1.000,-1.000,1,1,-0.000,0.790,0.000,0,1.000,0,0,0.0576,0.2495,-0.0029,0.0592
2383,41,1,0,0.102,0.614,-1.000,-1.000,1,1,-0.000,0.486,0.000,0,1.000,0,0,0.0576,0.2496,-0.0014,0.0595
2384,41,1,0,0.000,-0.047,-1.000,-1.000,1,1,-0.000,0.000,0.000,0,1.000,0,0,0.0576,0.2495,-0.0008,0.0597
2385,41,1,0,0.008,-0.047,-1.000,-1.000,1,1,-0.000,0.000,0.000,0,1.000,0,0,0.0576,0.2495,-0.0007,0.0597
2386,41,1,0,0.008,-0.047,-1.000,-1.000,1,1,-0.000,0.000,0.000,0,1.000,0,0,0.0576,0.2495,-0.0007,0.0597
2387,41,1,0,-0.409,0.102,-1.000,-1.000,1,1,0.213,0.000,0.000,0,1.000,0,0,0.0576,0.2496,-0.0006,0.0597
2388,41,1,0,-1.000,0.118,-1.000,-1.000,1,1,1.000,0.000,0.000,0,1.000,0,0,0.0576,0.2510,-0.0006,0.0597
2389,41,1,0,-0.016,-0.047,-1.000,-1.000,1,1,-0.000,0.000,0.000,0,1.000,0,0,0.0576,0.2524,-0.0004,0.0599
2390,41,1,0,-0.008,-0.047,-1.000,-1.000,1,1,-0.000,0.000,0.000,0,1.000,0,0,0.0576,0.2522,-0.0005,0.0598
2391,41,1,0,0.000,-0.047,-1.000,-1.000,1,1,-0.000,0.000,0.000,0,1.000,0,0,0.0576,0.2523,-0.0004,0.0598
2392,41,1,0,0.000,-0.047,-1.000,-1.000,1,1,-0.000,0.000,0.000,0,1.000,0,0,0.0576,0.2522,-0.0005,0.0599
2393,41,1,0,0.000,-0.047,-1.000,1.000,1,1,-0.000,0.000,-1.000,0,1.000,0,0,0.0576,0.2523,-0.0005,0.0599
2394,41,1,0,0.000,-0.047,-1.000,1.000,1,1,-0.000,0.000,-1.000,0,1.000,0,0,0.0576,0.2521,-0.0007,0.0599
2395,41,1,0,0.000,-0.047,-1.000,1.000,1,1,-0.000,0.000,-1.000,0,1.000,0,0,0.0576,0.2520,-0.0011,0.0598
2396,41,1,0,0.000,-0.047,-1.000,1.000,1,1,-0.000,0.000,-1.000,0,1.000,0,0,0.0576,0.2520,-0.0013,0.0597
2397,41,1,0,0.000,-0.047,-1.000,1.000,1,1,-0.000,0.000,-1.000,0,1.000,0,0,0.0576,0.2519,-0.0015,0.0596
2398,41,1,0,0.000,-0.047,-1.000,1.000,1,1,-0.000,0.000,-1.000,0,1.000,0,0,0.0576,0.2517,-0.0018,0.0595
2399,41,1,0,0.000,-0.039,-1.000,1.000,1,1,-0.000,0.000,-1.000,0,1.000,0,0,0.0576,0.2516,-0.0021,0.0594
2400,41,1,0,0.000,-0.024,-1.000,1.000,1,1,-0.000,0.000,-1.000,0,1.000,0,0,0.0576,0.2515,-0.0024,0.0593
2401,41,1,0,0.000,-0.024,-1.000,1.000,1,1,-0.000,0.000,-1.000,0,1.000,0,0,0.0576,0.2514,-0.0026,0.0592
2402,41,1,0,0.000,-0.016,-1.000,1.000,1,1,-0.000,0.000,-1.000,0,1.000,0,0,0.0576,0.2513,-0.0028,0.0592
2403,41,1,0,0.016,-0.016,-1.000,-1.000,1,1,-0.000,0.000,0.000,0,1.000,0,0,0.0576,0.2513,-0.0030,0.0591
2404,41,1,1,0.016,-0.016,-1.000,-1.000,1,1,0.000,0.000,0.000,1,1.000,1,1,0.0576,0.2513,-0.0030,0.0591
2405,42,1,0,0.008,-0.039,-1.000,-1.000,1,1,-0.000,0.000,0.000,0,0.333,0,0,0.0621,0.2486,-0.0019,0.0642
2406,42,1,0,0.000,-0.039,-1.000,-1.000,1,1,-0.000,0.000,0.000,0,0.667,0,0,0.0598,0.2492,-0.0030,0.0627
2407,42,1,0,-0.008,-0.032,-1.000,-1.000,1,1,-0.000,0.000,0.000,0,1.000,0,0,0.0576,0.2493,-0.0035,0.0610
2408,42,1,0,-0.016,-0.032,-1.000,-1.000,1,1,-0.000,0.000,0.000,0,1.000,0,0,0.0576,0.2494,-0.0040,0.0597
2409,42,1,0,-0.016,-0.032,-1.000,-1.000,1,1,-0.000,0.000,0.000,0,1.000,0,0,0.0576,0.2494,-0.0041,0.0588
2410,42,1,0,-0.016,-0.032,-1.000,-1.000,1,1,-0.000,0.000,0.000,0,1.000,0,0,0.0576,0.2495,-0.0042,0.0589
2411,42,1,0,-0.008,-0.032,-1.000,-1.000,1,1,-0.000,0.000,0.000,0,1.000,0,0,0.0576,0.2495,-0.0043,0.0589
2412,42,1,0,-0.008,-0.016,-1.000,-1.000,1,1,-0.000,0.000,0.000,0,1.000,0,0,0.0576,0.2495,-0.0043,0.0590
2413,42,1,0,0.008,0.008,-1.000,-1.000,1,1,-0.000,0.000,0.000,0,1.000,0,0,0.0576,0.2495,-0.0043,0.0590
2414,42,1,0,-0.008,0.244,-1.000,-1.000,1,1,-0.000,0.000,0.000,0,1.000,0,0,0.0576,0.2495,-0.0043,0.0590
2415,42,1,0,-0.150,0.913,-1.000,-1.000,1,1,-0.000,0.884,0.000,0,1.000,0,0,0.0576,0.2496,-0.0035,0.0589
2416,42,1,0,-0.024,-0.008,-1.000,-1.000,1,1,-0.000,0.000,0.000,0,1.000,0,0,0.0576,0.2496,-0.0027,0.0583
2417,42,1,0,0.008,-0.016,-1.000,-1.000,1,1,-0.000,0.000,0.000,0,1.000,0,0,0.0576,0.2496,-0.0026,0.0585
2418,42,1,0,0.008,-0.008,-1.000,-1.000,1,1,-0.000,0.000,0.000,0,1.000,0,0,0.0576,0.2496,-0.0026,0.0585
2419,42,1,0,0.150,1.000,-1.000,-1.000,1,1,-0.000,1.000,0.000,0,1.000,0,0,0.0576,0.2496,-0.0017,0.0585
2420,42,1,0,0.291,0.622,-1.000,-1.000,1,1,-0.055,0.496,0.000,0,1.000,0,0,0.0576,0.2498,-0.0002,0.0577
2421,42,1,0,0.000,-0.047,-1.000,-1.000,1,1,-0.000,0.000,0.000,0,1.000,0,0,0.0576,0.2498,0.0001,0.0578
2422,42,1,0,0.000,-0.047,-1.000,-1.000,1,1,-0.000,0.000,0.000,0,1.000,0,0,0.0576,0.2498,0.0001,0.0579
2423,42,1,0,-0.008,-0.047,-1.000,-1.000,1,1,-0.000,0.000,0.000,0,1.000,0,0,0.0576,0.2498,0.0001,0.0578
2424,42,1,0,-0.063,-0.024,-1.000,-1.000,1,1,-0.000,0.000,0.000,0,1.000,0,0,0.0576,0.2498,0.0001,0.0578
2425,42,1,0,-0.913,0.024,-1.000,-1.000,1,1,0.885,0.000,0.000,0,1.000,0,0,0.0576,0.2504,0.0003,0.0578
2426,42,1,0,-0.780,0.079,-1.000,-1.000,1,1,0.706,0.000,0.000,0,1.000,0,0,0.0576,0.2523,0.0004,0.0577
2427,42,1,0,-0.032,-0.008,-1.000,-1.000,1,1,-0.000,0.000,0.000,0,1.000,0,0,0.0576,0.2531,0.0005,0.0576
2428,42,1,0,0.000,-0.024,-1.000,-1.000,1,1,-0.000,0.000,0.000,0,1.000,0,0,0.0576,0.2531,0.0005,0.0576
2429,42,1,0,0.000,-0.032,-1.000,-1.000,1,1,-0.000,0.000,0.000,0,1.000,0,0,0.0576,0.2531,0.0005,0.0577
2430,42,1,0,0.000,-0.032,-1.000,-1.000,1,1,-0.000,0.000,0.000,0,1.000,0,0,0.0576,0.2531,0.0005,0.0577
2431,42,1,0,0.000,-0.039,-1.000,1.000,1,1,-0.000,0.000,-1.000,0,1.000,0,0,0.0576,0.2531,0.0006,0.0577
2432,42,1,0,0.039,-0.039,-1.000,1.000,1,1,-0.000,0.000,-1.000,0,1.000,0,0,0.0576,0.2531,0.0008,0.0577
2433,42,1,0,0.961,-0.102,-1.000,1.000,1,1,-0.947,0.000,-1.000,0,1.000,0,0,0.0576,0.2523,0.0010,0.0576
2434,42,1,0,1.000,-0.213,-1.000,1.000,1,1,-1.000,0.000,-1.000,0,1.000,0,0,0.0576,0.2502,0.0011,0.0576
2435,42,1,0,0.953,-0.386,-1.000,1.000,1,1,-0.937,-0.181,-1.000,0,1.000,0,0,0.0576,0.2491,0.0009,0.0578
2436,42,1,0,0.016,-0.047,-1.000,1.000,1,1,-0.000,0.000,-1.000,0,1.000,0,0,0.0576,0.2485,0.0010,0.0578
2437,42,1,0,0.016,-0.039,-1.000,1.000,1,1,-0.000,0.000,-1.000,0,1.000,0,0,0.0576,0.2484,0.0012,0.0577
2438,42,1,0,0.016,-0.039,-1.000,1.000,1,1,-0.000,0.000,-1.000,0,1.000,0,0,0.0576,0.2484,0.0014,0.0577
2439,42,1,0,0.008,0.016,-1.000,1.000,1,1,-0.000,0.000,-1.000,0,1.000,0,0,0.0576,0.2484,0.0015,0.0577
2440,42,1,0,-0.095,0.079,-1.000,1.000,1,1,-0.000,0.000,-1.000,0,1.000,0,0,0.0576,0.2485,0.0016,0.0577
2441,42,1,0,-0.504,0.079,-1.000,1.000,1,1,0.339,0.000,-1.000,0,1.000,0,0,0.0576,0.2487,0.0017,0.0577
2442,42,1,0,-0.961,0.409,-1.000,1.000,1,1,0.948,0.213,-1.000,0,1.000,0,0,0.0576,0.2495,0.0023,0.0576
2443,42,1,0,-0.197,0.071,-1.000,1.000,1,1,-0.000,0.000,-1.000,0,1.000,0,0,0.0576,0.2501,0.0026,0.0575
2444,42,1,0,-0.008,-0.063,-1.000,1.000,1,1,-0.000,0.000,-1.000,0,1.000,0,0,0.0576,0.2501,0.0027,0.0577
2445,42,1,0,0.000,-0.063,-1.000,1.000,1,1,-0.000,0.000,-1.000,0,1.000,0,0,0.0576,0.2502,0.0028,0.0579
2446,42,1,0,0.000,-0.063,-1.000,1.000,1,1,-0.000,0.000,-1.000,0,1.000,0,0,0.0576,0.2502,0.0028,0.0580
2447,42,1,0,0.000,-0.063,-1.000,1.000,1,1,-0.000,0.000,-1.000,0,1.000,0,0,0.0576,0.2503,0.0028,0.0581
2448,42,1,0,0.008,-0.063,-1.000,-1.000,1,1,-0.000,0.000,0.000,0,1.000,0,0,0.0576,0.2503,0.0029,0.0582
2449,42,1,0,0.008,-0.063,-1.000,-1.000,1,1,-0.000,0.000,0.000,0,1.000,0,0,0.0576,0.2503,0.0030,0.0582
2450,42,1,1,0.008,-0.063,-1.000,-1.000,1,1,0.000,0.000,0.000,1,1.000,1,1,0.0576,0.2503,0.0031,0.0582
2451,43,1,0,0.008,-0.063,-1.000,-1.000,1,1,-0.000,0.000,0.000,0,0.333,0,0,0.0636,0.2512,-0.0046,0.0659
2452,43,1,0,0.008,-0.063,-1.000,-1.000,1,1,-0.000,0.000,0.000,0,0.667,0,0,0.0606,0.2506,-0.0046,0.0637
2453,43,1,0,0.008,-0.063,-1.000,-1.000,1,1,-0.000,0.000,0.000,0,1.000,0,0,0.0576,0.2499,-0.0044,0.0613
2454,43,1,0,0.008,-0.063,-1.000,-1.000,1,1,-0.000,0.000,0.000,0,1.000,0,0,0.0576,0.2494,-0.0043,0.0595
2455,43,1,0,0.008,-0.063,-1.000,-1.000,1,1,-0.000,0.000,0.000,0,1.000,0,0,0.0576,0.2495,-0.0043,0.0588
2456,43,1,0,0.008,-0.063,-1.000,-1.000,1,1,-0.000,0.000,0.000,0,1.000,0,0,0.0576,0.2495,-0.0043,0.0589
2457,43,1,0,0.008,-0.063,-1.000,-1.000,1,1,-0.000,0.000,0.000,0,1.000,0,0,0.0576,0.2495,-0.0043,0.0590
2458,43,1,0,0.008,-0.055,-1.000,-1.000,1,1,-0.000,0.000,0.000,0,1.000,0,0,0.0576,0.2495,-0.0043,0.0590
2459,43,1,0,-0.008,-0.016,-1.000,-1.000,1,1,-0.000,0.000,0.000,0,1.000,0,0,0.0576,0.2495,-0.0043,0.0590
2460,43,1,0,-0.008,0.102,-1.000,-1.000,1,1,-0.000,0.000,0.000,0,1.000,0,0,0.0576,0.2495,-0.0043,0.0590
2461,43,1,0,0.079,0.669,-1.000,-1.000,1,1,-0.000,0.559,0.000,0,1.000,0,0,0.0576,0.2495,-0.0037,0.0590
2462,43,1,0,0.118,0.142,-1.000,-1.000,1,1,-0.000,0.000,0.000,0,1.000,0,0,0.0576,0.2496,-0.0031,0.0591
2463,43,1,0,0.016,-0.063,-1.000,-1.000,1,1,-0.000,0.000,0.000,0,1.000,0,0,0.0576,0.2495,-0.0031,0.0591
2464,43,1,0,0.016,-0.055,-1.000,-1.000,1,1,-0.000,0.000,0.000,0,1.000,0,0,0.0576,0.2496,-0.0031,0.0591
2465,43,1,0,0.157,0.772,-1.000,-1.000,1,1,-0.000,0.696,0.000,0,1.000,0,0,0.0576,0.2496,-0.0024,0.0591
2466,43,1,0,0.323,0.858,-1.000,-1.000,1,1,-0.097,0.811,0.000,0,1.000,0,0,0.0576,0.2496,-0.0010,0.0591
2467,43,1,0,0.016,-0.032,-1.000,-1.000,1,1,-0.000,0.000,0.000,0,1.000,0,0,0.0576,0.2496,-0.0001,0.0594
2468,43,1,0,0.024,-0.032,-1.000,-1.000,1,1,-0.000,0.000,0.000,0,1.000,0,0,0.0576,0.2496,0.0001,0.0594
2469,43,1,0,-0.008,-0.032,-1.000,-1.000,1,1,-0.000,0.000,0.000,0,1.000,0,0,0.0576,0.2496,0.0001,0.0594
2470,43,1,0,-0.724,0.039,-1.000,-1.000,1,1,0.633,0.000,0.000,0,1.000,0,0,0.0576,0.2499,0.0003,0.0593
2471,43,1,0,-1.000,0.047,-1.000,-1.000,1,1,1.000,0.000,0.000,0,1.000,0,0,0.0576,0.2517,0.0006,0.0587
2472,43,1,0,-0.197,-0.087,-1.000,-1.000,1,1,-0.000,0.000,0.000,0,1.000,0,0,0.0576,0.2530,0.0007,0.0581
2473,43,1,0,0.000,-0.079,-1.000,-1.000,1,1,-0.000,0.000,0.000,0,1.000,0,0,0.0576,0.2528,0.0007,0.0582
2474,43,1,0,0.000,-0.071,-1.000,-1.000,1,1,-0.000,0.000,0.000,0,1.000,0,0,0.0576,0.2529,0.0007,0.0582
2475,43,1,0,0.000,-0.071,-1.000,0.346,1,1,-0.000,0.000,-0.645,0,1.000,0,0,0.0576,0.2529,0.0007,0.0582
2476,43,1,0,0.000,-0.071,-1.000,1.000,1,1,-0.000,0.000,-1.000,0,1.000,0,0,0.0576,0.2531,0.0007,0.0582
2477,43,1,0,0.016,-0.071,-1.000,1.000,1,1,-0.000,0.000,-1.000,0,1.000,0,0,0.0576,0.2534,0.0007,0.0582
2478,43,1,0,0.063,-0.158,-1.000,1.000,1,1,-0.000,0.000,-1.000,0,1.000,0,0,0.0576,0.2536,0.0006,0.0581
2479,43,1,0,0.016,-0.717,-1.000,1.000,1,1,-0.000,-0.622,-1.000,0,1.000,0,0,0.0576,0.2538,-0.0001,0.0579
2480,43,1,0,-0.032,-0.756,-1.000,1.000,1,1,-0.000,-0.675,-1.000,0,1.000,0,0,0.0576,0.2539,-0.0014,0.0578
2481,43,1,0,0.079,-0.102,-1.000,1.000,1,1,-0.000,0.000,-1.000,0,1.000,0,0,0.0576,0.2543,-0.0024,0.0579
2482,43,1,0,0.094,0.000,-1.000,1.000,1,1,-0.000,0.000,-1.000,0,1.000,0,0,0.0576,0.2545,-0.0027,0.0576
2483,43,1,0,0.291,0.118,-1.000,1.000,1,1,-0.055,0.000,-1.000,0,1.000,0,0,0.0576,0.2547,-0.0027,0.0576
2484,43,1,0,0.535,0.299,-1.000,1.000,1,1,-0.381,0.066,-1.000,0,1.000,0,0,0.0576,0.2546,-0.0027,0.0576
2485,43,1,0,0.528,0.307,-1.000,1.000,1,1,-0.370,0.076,-1.000,0,1.000,0,0,0.0576,0.2544,-0.0028,0.0576
2486,43,1,0,0.213,0.252,-1.000,1.000,1,1,-0.000,0.003,-1.000,0,1.000,0,0,0.0576,0.2543,-0.0028,0.0578
2487,43,1,0,-0.032,-0.008,-1.000,1.000,1,1,-0.000,0.000,-1.000,0,1.000,0,0,0.0576,0.2545,-0.0028,0.0578
2488,43,1,0,-0.016,-0.008,-1.000,1.000,1,1,-0.000,0.000,-1.000,0,1.000,0,0,0.0576,0.2546,-0.0028,0.0577
2489,43,1,0,-0.024,-0.008,-1.000,1.000,1,1,-0.000,0.000,-1.000,0,1.000,0,0,0.0576,0.2548,-0.0028,0.0576
2490,43,1,0,0.000,-0.008,-1.000,1.000,1,1,-0.000,0.000,-1.000,0,1.000,0,0,0.0576,0.2550,-0.0029,0.0576
2491,43,1,0,0.031,-0.024,-1.000,1.000,1,1,-0.000,0.000,-1.000,0,1.000,0,0,0.0576,0.2552,-0.0029,0.0576
2492,43,1,0,0.189,-0.024,-1.000,1.000,1,1,-0.000,0.000,-1.000,0,1.000,0,0,0.0576,0.2554,-0.0029,0.0575
2493,43,1,0,1.000,0.118,-1.000,1.000,1,1,-1.000,0.000,-1.000,0,1.000,0,0,0.0576,0.2549,-0.0031,0.0576
2494,43,1,0,0.929,0.189,-1.000,1.000,1,1,-0.905,0.000,-1.000,0,1.000,0,0,0.0576,0.2540,-0.0033,0.0578
2495,43,1,0,0.756,0.189,-1.000,1.000,1,1,-0.675,0.000,-1.000,0,1.000,0,0,0.0576,0.2527,-0.0035,0.0581
2496,43,1,0,0.354,0.354,-1.000,1.000,1,1,-0.139,0.139,-1.000,0,1.000,0,0,0.0576,0.2522,-0.0035,0.0582
2497,43,1,0,0.307,0.630,-1.000,1.000,1,1,-0.076,0.507,-1.000,0,1.000,0,0,0.0576,0.2523,-0.0028,0.0581
2498,43,1,0,0.031,0.102,-1.000,1.000,1,1,-0.000,0.000,-1.000,0,1.000,0,0,0.0576,0.2525,-0.0024,0.0579
2499,43,1,0,0.008,-0.039,-1.000,1.000,1,1,-0.000,0.000,-1.000,0,1.000,0,0,0.0576,0.2527,-0.0023,0.0579
2500,43,1,0,0.031,-0.008,-1.000,1.000,1,1,-0.000,0.000,-1.000,0,1.000,0,0,0.0576,0.2530,-0.0022,0.0579
2501,43,1,0,0.150,0.134,-1.000,1.000,1,1,-0.000,0.000,-1.000,0,1.000,0,0,0.0576,0.2533,-0.0023,0.0578
2502,43,1,0,0.795,0.709,-1.000,1.000,1,1,-0.727,0.612,-1.000,0,1.000,0,0,0.0576,0.2529,-0.0016,0.0579
2503,43,1,0,0.992,0.370,-1.000,1.000,1,1,-0.989,0.160,-1.000,0,1.000,0,0,0.0576,0.2516,-0.0011,0.0581
2504,43,1,0,0.008,-0.079,-1.000,1.000,1,1,-0.000,0.000,-1.000,0,1.000,0,0,0.0576,0.2506,-0.0009,0.0587
2505,43,1,0,0.008,-0.039,-1.000,1.000,1,1,-0.000,0.000,-1.000,0,1.000,0,0,0.0576,0.2509,-0.0007,0.0587
2506,43,1,0,0.008,-0.039,-1.000,1.000,1,1,-0.000,0.000,-1.000,0,1.000,0,0,0.0576,0.2511,-0.0008,0.0585
2507,43,1,0,0.008,-0.039,-1.000,1.000,1,1,-0.000,0.000,-1.000,0,1.000,0,0,0.0576,0.2515,-0.0008,0.0584
2508,43,1,0,0.008,-0.039,-1.000,1.000,1,1,-0.000,0.000,-1.000,0,1.000,0,0,0.0576,0.2517,-0.0008,0.0583
2509,43,1,0,0.008,-0.039,-1.000,1.000,1,1,-0.000,0.000,-1.000,0,1.000,0,0,0.0576,0.2520,-0.0008,0.0582
2510,43,1,0,0.008,-0.039,-1.000,1.000,1,1,-0.000,0.000,-1.000,0,1.000,0,0,0.0576,0.2523,-0.0009,0.0582
2511,43,1,0,0.008,-0.039,-1.000,1.000,1,1,-0.000,0.000,-1.000,0,1.000,0,0,0.0576,0.2526,-0.0009,0.0581
2512,43,1,0,0.008,-0.039,-1.000,1.000,1,1,-0.000,0.000,-1.000,0,1.000,0,0,0.0576,0.2529,-0.0009,0.0580
2513,43,1,0,0.008,-0.039,-1.000,1.000,1,1,-0.000,0.000,-1.000,0,1.000,0,0,0.0576,0.2532,-0.0010,0.0580
2514,43,1,0,0.008,-0.039,-1.000,1.000,1,1,-0.000,0.000,-1.000,0,1.000,0,0,0.0576,0.2535,-0.0011,0.0578
2515,43,1,0,0.008,-0.039,-1.000,1.000,1,1,-0.000,0.000,-1.000,0,1.000,0,0,0.0576,0.2536,-0.0011,0.0578
2516,43,1,0,0.008,-0.039,-1.000,1.000,1,1,-0.000,0.000,-1.000,0,1.000,0,0,0.0576,0.2538,-0.0012,0.0577
2517,43,1,0,0.008,-0.039,-1.000,1.000,1,1,-0.000,0.000,-1.000,0,1.000,0,0,0.0576,0.2540,-0.0012,0.0576
2518,43,1,0,0.008,-0.039,-1.000,1.000,1,1,-0.000,0.000,-1.000,0,1.000,0,0,0.0576,0.2542,-0.0013,0.0575
2519,43,1,0,0.008,-0.039,-1.000,1.000,1,1,-0.000,0.000,-1.000,0,1.000,0,0,0.0576,0.2545,-0.0014,0.0576
2520,43,1,0,0.008,-0.039,-1.000,1.000,1,1,-0.000,0.000,-1.000,0,1.000,0,0,0.0576,0.2547,-0.0014,0.0576
2521,43,1,0,0.008,-0.039,-1.000,1.000,1,1,-0.000,0.000,-1.000,0,1.000,0,0,0.0576,0.2551,-0.0015,0.0576
2522,43,1,0,0.008,-0.039,-1.000,1.000,1,1,-0.000,0.000,-1.000,0,1.000,0,0,0.0576,0.2552,-0.0015,0.0576
2523,43,1,0,0.008,-0.039,-1.000,-1.000,1,1,-0.000,0.000,0.000,0,1.000,0,0,0.0576,0.2553,-0.0015,0.0576
2524,43,1,1,0.008,-0.039,-1.000,-1.000,1,1,0.000,0.000,0.000,1,1.000,1,1,0.0576,0.2553,-0.0015,0.0576
2525,44,1,0,0.008,-0.039,-1.000,-1.000,1,1,-0.000,0.000,0.000,0,0.333,0,0,0.0579,0.2505,-0.0011,0.0578
2526,44,1,0,0.008,-0.039,-1.000,-1.000,1,1,-0.000,0.000,0.000,0,0.667,0,0,0.0578,0.2505,-0.0027,0.0593
2527,44,1,0,0.008,-0.039,-1.000,-1.000,1,1,-0.000,0.000,0.000,0,1.000,0,0,0.0576,0.2498,-0.0036,0.0588
2528,44,1,0,0.008,-0.039,-1.000,-1.000,1,1,-0.000,0.000,0.000,0,1.000,0,0,0.0576,0.2497,-0.0040,0.0587
2529,44,1,0,0.008,-0.039,-1.000,-1.000,1,1,-0.000,0.000,0.000,0,1.000,0,0,0.0576,0.2497,-0.0041,0.0587
2530,44,1,0,0.008,-0.039,-1.000,-1.000,1,1,-0.000,0.000,0.000,0,1.000,0,0,0.0576,0.2497,-0.0041,0.0587
2531,44,1,0,0.008,-0.039,-1.000,-1.000,1,1,-0.000,0.000,0.000,0,1.000,0,0,0.0576,0.2497,-0.0041,0.0587
2532,44,1,0,0.000,-0.039,-1.000,-1.000,1,1,-0.000,0.000,0.000,0,1.000,0,0,0.0576,0.2497,-0.0041,0.0587
2533,44,1,0,-0.047,0.008,-1.000,-1.000,1,1,-0.000,0.000,0.000,0,1.000,0,0,0.0576,0.2497,-0.0041,0.0587
2534,44,1,0,-0.087,0.228,-1.000,-1.000,1,1,-0.000,0.000,0.000,0,1.000,0,0,0.0576,0.2497,-0.0041,0.0587
2535,44,1,0,-0.087,0.299,-1.000,-1.000,1,1,-0.000,0.066,0.000,0,1.000,0,0,0.0576,0.2497,-0.0041,0.0587
2536,44,1,0,-0.087,0.559,-1.000,-1.000,1,1,-0.000,0.412,0.000,0,1.000,0,0,0.0576,0.2496,-0.0041,0.0587
2537,44,1,0,-0.063,0.559,-1.000,-1.000,1,1,-0.000,0.412,0.000,0,1.000,0,0,0.0576,0.2493,-0.0039,0.0587
2538,44,1,0,0.031,0.559,-1.000,-1.000,1,1,-0.000,0.412,0.000,0,1.000,0,0,0.0576,0.2491,-0.0037,0.0587
2539,44,1,0,0.031,0.622,-1.000,-1.000,1,1,-0.000,0.496,0.000,0,1.000,0,0,0.0576,0.2488,-0.0035,0.0587
2540,44,1,0,0.039,0.732,-1.000,-1.000,1,1,-0.000,0.643,0.000,0,1.000,0,0,0.0576,0.2485,-0.0032,0.0586
2541,44,1,0,0.039,0.732,-1.000,-1.000,1,1,-0.000,0.643,0.000,0,1.000,0,0,0.0576,0.2482,-0.0030,0.0586
2542,44,1,0,0.071,0.693,-1.000,-1.000,1,1,-0.000,0.591,0.000,0,1.000,0,0,0.0576,0.2479,-0.0027,0.0586
2543,44,1,0,0.063,0.693,-1.000,-1.000,1,1,-0.000,0.591,0.000,0,1.000,0,0,0.0576,0.2475,-0.0023,0.0586
2544,44,1,0,-0.732,0.685,-1.000,-1.000,1,1,0.643,0.580,0.000,0,0.926,0,0,0.0577,0.2475,-0.0022,0.0586
2545,44,1,0,-0.850,0.614,-1.000,-1.000,1,1,0.801,0.486,0.000,0,0.854,0,0,0.0577,0.2479,-0.0022,0.0585
2546,44,1,0,-0.205,0.000,-1.000,-1.000,1,1,-0.000,0.000,0.000,0,1.000,0,0,0.0576,0.2482,-0.0024,0.0583
2547,44,1,0,-0.016,-0.055,-1.000,-1.000,1,1,-0.000,0.000,0.000,0,1.000,0,0,0.0576,0.2481,-0.0025,0.0583
2548,44,1,0,-0.016,-0.055,-1.000,-1.000,1,1,-0.000,0.000,0.000,0,1.000,0,0,0.0576,0.2481,-0.0025,0.0583
2549,44,1,0,-1.000,0.260,-1.000,-1.000,1,1,1.000,0.013,0.000,0,1.000,0,0,0.0576,0.2486,-0.0027,0.0583
2550,44,1,0,-1.000,0.260,-1.000,-1.000,1,1,1.000,0.013,0.000,0,1.000,0,0,0.0576,0.2497,-0.0039,0.0579
2551,44,1,0,-0.039,-0.016,-1.000,-1.000,1,1,-0.000,0.000,0.000,0,1.000,0,0,0.0576,0.2504,-0.0040,0.0577
2552,44,1,0,0.000,-0.039,-1.000,-1.000,1,1,-0.000,0.000,0.000,0,1.000,0,0,0.0576,0.2505,-0.0041,0.0578
2553,44,1,0,0.000,-0.039,-1.000,-1.000,1,1,-0.000,0.000,0.000,0,1.000,0,0,0.0576,0.2505,-0.0041,0.0578
2554,44,1,0,-0.276,0.252,-1.000,-1.000,1,1,0.034,0.003,0.000,0,1.000,0,0,0.0576,0.2505,-0.0041,0.0578
2555,44,1,0,-0.890,0.551,-1.000,-1.000,1,1,0.853,0.402,0.000,0,0.952,0,0,0.0577,0.2509,-0.0042,0.0578
2556,44,1,0,-0.063,0.055,-1.000,-1.000,1,1,-0.000,0.000,0.000,0,1.000,0,0,0.0576,0.2515,-0.0043,0.0576
2557,44,1,0,-0.016,0.000,-1.000,-1.000,1,1,-0.000,0.000,0.000,0,1.000,0,0,0.0576,0.2515,-0.0043,0.0576
2558,44,1,0,-0.551,0.291,-1.000,-1.000,1,1,0.402,0.055,0.000,0,1.000,0,0,0.0576,0.2517,-0.0045,0.0576
2559,44,1,0,-0.906,0.520,-1.000,-1.000,1,1,0.874,0.360,0.000,0,0.965,0,0,0.0576,0.2524,-0.0047,0.0577
2560,44,1,0,-0.850,0.323,-1.000,-1.000,1,1,0.801,0.097,0.000,0,1.000,0,0,0.0576,0.2535,-0.0050,0.0578
2561,44,1,0,-0.039,-0.032,-1.000,-1.000,1,1,-0.000,0.000,0.000,0,1.000,0,0,0.0576,0.2542,-0.0054,0.0581
2562,44,1,0,-0.024,-0.032,-1.000,-1.000,1,1,-0.000,0.000,0.000,0,1.000,0,0,0.0576,0.2543,-0.0054,0.0581
2563,44,1,0,-0.016,0.008,-1.000,-1.000,1,1,-0.000,0.000,0.000,0,1.000,0,0,0.0576,0.2543,-0.0055,0.0581
2564,44,1,0,0.008,0.000,-1.000,-1.000,1,1,-0.000,0.000,0.000,0,1.000,0,0,0.0576,0.2543,-0.0055,0.0581
2565,44,1,0,0.331,0.598,-1.000,-1.000,1,1,-0.108,0.465,0.000,0,1.000,0,0,0.0576,0.2542,-0.0054,0.0581
2566,44,1,0,0.945,0.465,-1.000,-1.000,1,1,-0.926,0.286,0.000,0,1.000,0,0,0.0576,0.2535,-0.0050,0.0581
2567,44,1,0,1.000,0.260,-1.000,-1.000,1,1,-1.000,0.013,0.000,0,1.000,0,0,0.0576,0.2515,-0.0046,0.0576
2568,44,1,0,0.000,-0.039,-1.000,-1.000,1,1,-0.000,0.000,0.000,0,1.000,0,0,0.0576,0.2507,-0.0043,0.0577
2569,44,1,0,0.000,-0.032,-1.000,-1.000,1,1,-0.000,0.000,0.000,0,1.000,0,0,0.0576,0.2506,-0.0043,0.0577
2570,44,1,0,0.071,0.024,-1.000,-1.000,1,1,-0.000,0.000,0.000,0,1.000,0,0,0.0576,0.2506,-0.0043,0.0577
2571,44,1,0,0.220,0.646,-1.000,-1.000,1,1,-0.000,0.528,0.000,0,1.000,0,0,0.0576,0.2506,-0.0042,0.0577
2572,44,1,0,0.102,1.000,-1.000,-1.000,1,1,-0.000,1.000,0.000,0,0.901,0,0,0.0577,0.2501,-0.0037,0.0575
2573,44,1,0,0.102,1.000,-1.000,-1.000,1,1,-0.000,1.000,0.000,0,0.802,0,0,0.0577,0.2497,-0.0031,0.0573
2574,44,1,0,0.252,0.992,-1.000,-1.000,1,1,-0.003,0.989,0.000,0,0.708,0,0,0.0578,0.2492,-0.0026,0.0574
2575,44,1,0,-0.008,-0.032,-1.000,-1.000,1,1,-0.000,0.000,0.000,0,1.000,0,0,0.0576,0.2488,-0.0024,0.0575
2576,44,1,0,0.000,-0.032,-1.000,-1.000,1,1,-0.000,0.000,0.000,0,1.000,0,0,0.0576,0.2486,-0.0025,0.0574
2577,44,1,0,0.024,-0.032,-1.000,-1.000,1,1,-0.000,0.000,0.000,0,1.000,0,0,0.0576,0.2485,-0.0024,0.0574
2578,44,1,0,-0.032,-0.032,-1.000,-1.000,1,1,-0.000,0.000,0.000,0,1.000,0,0,0.0576,0.2485,-0.0024,0.0574
2579,44,1,0,-0.071,-0.032,-1.000,-1.000,1,1,-0.000,0.000,0.000,0,1.000,0,0,0.0576,0.2485,-0.0024,0.0574
2580,44,1,1,-0.016,-0.032,-1.000,-1.000,1,1,0.000,0.000,0.000,1,1.000,1,1,0.0576,0.2485,-0.0024,0.0573
2581,45,1,0,-0.024,-0.032,-1.000,-1.000,1,1,-0.000,0.000,0.000,0,0.333,0,0,0.0623,0.2468,-0.0056,0.0642
2582,45,1,0,-0.024,-0.032,-1.000,-1.000,1,1,-0.000,0.000,0.000,0,0.667,0,0,0.0600,0.2481,-0.0051,0.0628
2583,45,1,0,-0.024,-0.032,-1.000,-1.000,1,1,-0.000,0.000,0.000,0,1.000,0,0,0.0576,0.2487,-0.0044,0.0603
2584,45,1,0,-0.024,-0.032,-1.000,-1.000,1,1,-0.000,0.000,0.000,0,1.000,0,0,0.0576,0.2494,-0.0043,0.0590
2585,45,1,0,-0.016,-0.032,-1.000,-1.000,1,1,-0.000,0.000,0.000,0,1.000,0,0,0.0576,0.2494,-0.0043,0.0589
2586,45,1,0,-0.016,-0.032,-1.000,-1.000,1,1,-0.000,0.000,0.000,0,1.000,0,0,0.0576,0.2495,-0.0043,0.0590
2587,45,1,0,-0.008,-0.032,-1.000,-1.000,1,1,-0.000,0.000,0.000,0,1.000,0,0,0.0576,0.2495,-0.0043,0.0590
2588,45,1,0,0.000,0.016,-1.000,-1.000,1,1,-0.000,0.000,0.000,0,1.000,0,0,0.0576,0.2495,-0.0044,0.0590
2589,45,1,0,0.008,0.417,-1.000,-1.000,1,1,-0.000,0.223,0.000,0,1.000,0,0,0.0576,0.2495,-0.0042,0.0590
2590,45,1,0,0.118,0.780,-1.000,-1.000,1,1,-0.000,0.706,0.000,0,1.000,0,0,0.0576,0.2495,-0.0031,0.0592
2591,45,1,0,0.016,0.000,-1.000,-1.000,1,1,-0.000,0.000,0.000,0,1.000,0,0,0.0576,0.2494,-0.0026,0.0594
2592,45,1,0,0.024,-0.016,-1.000,-1.000,1,1,-0.000,0.000,0.000,0,1.000,0,0,0.0576,0.2494,-0.0024,0.0594
2593,45,1,0,0.024,0.008,-1.000,-1.000,1,1,-0.000,0.000,0.000,0,1.000,0,0,0.0576,0.2494,-0.0024,0.0594
2594,45,1,0,0.126,0.417,-1.000,-1.000,1,1,-0.000,0.223,0.000,0,1.000,0,0,0.0576,0.2494,-0.0021,0.0594
2595,45,1,0,0.260,0.772,-1.000,-1.000,1,1,-0.013,0.696,0.000,0,1.000,0,0,0.0576,0.2493,-0.0012,0.0595
2596,45,1,0,-0.008,-0.039,-1.000,-1.000,1,1,-0.000,0.000,0.000,0,1.000,0,0,0.0576,0.2494,-0.0006,0.0597
2597,45,1,0,-0.071,0.000,-1.000,-1.000,1,1,-0.000,0.000,0.000,0,1.000,0,0,0.0576,0.2494,-0.0005,0.0599
2598,45,1,0,-1.000,0.063,-1.000,-1.000,1,1,1.000,0.000,0.000,0,1.000,0,0,0.0576,0.2502,-0.0004,0.0599
2599,45,1,0,-0.661,0.213,-1.000,-1.000,1,1,0.549,0.000,0.000,0,1.000,0,0,0.0576,0.2520,-0.0003,0.0604
2600,45,1,0,0.000,-0.047,-1.000,-1.000,1,1,-0.000,0.000,0.000,0,1.000,0,0,0.0576,0.2524,-0.0003,0.0606
2601,45,1,0,0.000,-0.047,-1.000,-1.000,1,1,-0.000,0.000,0.000,0,1.000,0,0,0.0576,0.2524,-0.0003,0.0606
2602,45,1,0,0.008,-0.047,-1.000,-1.000,1,1,-0.000,0.000,0.000,0,1.000,0,0,0.0576,0.2525,-0.0003,0.0606
2603,45,1,0,0.000,-0.047,-1.000,1.000,1,1,-0.000,0.000,-1.000,0,1.000,0,0,0.0576,0.2524,-0.0003,0.0606
2604,45,1,0,0.000,-0.047,-1.000,1.000,1,1,-0.000,0.000,-1.000,0,1.000,0,0,0.0576,0.2520,-0.0005,0.0606
2605,45,1,0,0.000,-0.047,-1.000,1.000,1,1,-0.000,0.000,-1.000,0,1.000,0,0,0.0576,0.2516,-0.0007,0.0603
2606,45,1,0,0.024,-0.047,-1.000,1.000,1,1,-0.000,0.000,-1.000,0,1.000,0,0,0.0576,0.2513,-0.0010,0.0601
2607,45,1,0,0.039,-0.039,-1.000,1.000,1,1,-0.000,0.000,-1.000,0,1.000,0,0,0.0576,0.2509,-0.0012,0.0599
2608,45,1,0,0.024,-0.016,-1.000,1.000,1,1,-0.000,0.000,-1.000,0,1.000,0,0,0.0576,0.2505,-0.0015,0.0598
2609,45,1,0,0.008,0.008,-1.000,1.000,1,1,-0.000,0.000,-1.000,0,1.000,0,0,0.0576,0.2502,-0.0017,0.0596
2610,45,1,0,0.039,0.409,-1.000,1.000,1,1,-0.000,0.213,-1.000,0,1.000,0,0,0.0576,0.2498,-0.0019,0.0594
2611,45,1,0,0.457,0.921,-1.000,1.000,1,1,-0.276,0.895,-1.000,0,1.000,0,0,0.0576,0.2493,-0.0011,0.0593
2612,45,1,0,0.354,0.551,-1.000,1.000,1,1,-0.139,0.402,-1.000,0,1.000,0,0,0.0576,0.2489,-0.0002,0.0595
2613,45,1,0,0.000,-0.047,-1.000,1.000,1,1,-0.000,0.000,-1.000,0,1.000,0,0,0.0576,0.2486,-0.0002,0.0597
2614,45,1,0,0.000,-0.047,-1.000,1.000,1,1,-0.000,0.000,-1.000,0,1.000,0,0,0.0576,0.2483,-0.0003,0.0596
2615,45,1,0,0.031,-0.039,-1.000,1.000,1,1,-0.000,0.000,-1.000,0,1.000,0,0,0.0576,0.2481,-0.0004,0.0594
2616,45,1,0,0.031,-0.032,-1.000,1.000,1,1,-0.000,0.000,-1.000,0,1.000,0,0,0.0576,0.2479,-0.0006,0.0592
2617,45,1,0,0.031,-0.016,-1.000,1.000,1,1,-0.000,0.000,-1.000,0,1.000,0,0,0.0576,0.2478,-0.0007,0.0591
2618,45,1,0,0.031,-0.016,-1.000,1.000,1,1,-0.000,0.000,-1.000,0,1.000,0,0,0.0576,0.2476,-0.0009,0.0590
2619,45,1,0,0.031,-0.016,-1.000,1.000,1,1,-0.000,0.000,-1.000,0,1.000,0,0,0.0576,0.2474,-0.0010,0.0589
2620,45,1,0,0.031,-0.016,-1.000,1.000,1,1,-0.000,0.000,-1.000,0,1.000,0,0,0.0576,0.2472,-0.0011,0.0588
2621,45,1,0,0.031,-0.016,-1.000,1.000,1,1,-0.000,0.000,-1.000,0,1.000,0,0,0.0576,0.2470,-0.0013,0.0587
2622,45,1,0,0.031,-0.016,-1.000,1.000,1,1,-0.000,0.000,-1.000,0,1.000,0,0,0.0576,0.2468,-0.0014,0.0586
2623,45,1,0,0.031,-0.016,-1.000,1.000,1,1,-0.000,0.000,-1.000,0,1.000,0,0,0.0576,0.2467,-0.0016,0.0586
2624,45,1,0,0.031,-0.016,-1.000,1.000,1,1,-0.000,0.000,-1.000,0,1.000,0,0,0.0576,0.2465,-0.0018,0.0586
2625,45,1,0,0.031,-0.016,-1.000,-1.000,1,1,-0.000,0.000,0.000,0,1.000,0,0,0.0576,0.2464,-0.0020,0.0585
2626,45,1,1,0.031,-0.016,-1.000,-1.000,1,1,0.000,0.000,0.000,1,1.000,1,1,0.0576,0.2464,-0.0020,0.0585
2627,46,1,0,0.008,-0.016,-1.000,-1.000,1,1,-0.000,0.000,0.000,0,0.333,0,0,0.0604,0.2459,-0.0036,0.0616
2628,46,1,0,0.008,-0.016,-1.000,-1.000,1,1,-0.000,0.000,0.000,0,0.667,0,0,0.0590,0.2476,-0.0040,0.0612
2629,46,1,0,0.000,-0.016,-1.000,-1.000,1,1,-0.000,0.000,0.000,0,1.000,0,0,0.0576,0.2487,-0.0040,0.0598
2630,46,1,0,-0.008,-0.016,-1.000,-1.000,1,1,-0.000,0.000,0.000,0,1.000,0,0,0.0576,0.2495,-0.0042,0.0590
2631,46,1,0,-0.032,-0.016,-1.000,-1.000,1,1,-0.000,0.000,0.000,0,1.000,0,0,0.0576,0.2495,-0.0042,0.0588
2632,46,1,0,-0.032,-0.016,-1.000,-1.000,1,1,-0.000,0.000,0.000,0,1.000,0,0,0.0576,0.2495,-0.0042,0.0588
2633,46,1,0,-0.039,-0.016,-1.000,-1.000,1,1,-0.000,0.000,0.000,0,1.000,0,0,0.0576,0.2496,-0.0042,0.0589
2634,46,1,0,-0.039,-0.008,-1.000,-1.000,1,1,-0.000,0.000,0.000,0,1.000,0,0,0.0576,0.2496,-0.0042,0.0589
2635,46,1,0,-0.039,-0.008,-1.000,-1.000,1,1,-0.000,0.000,0.000,0,1.000,0,0,0.0576,0.2495,-0.0042,0.0589
2636,46,1,0,-0.032,-0.008,-1.000,-1.000,1,1,-0.000,0.000,0.000,0,1.000,0,0,0.0576,0.2495,-0.0042,0.0589
2637,46,1,0,-0.024,0.031,-1.000,-1.000,1,1,-0.000,0.000,0.000,0,1.000,0,0,0.0576,0.2496,-0.0042,0.0589
2638,46,1,0,0.071,0.417,-1.000,-1.000,1,1,-0.000,0.223,0.000,0,1.000,0,0,0.0576,0.2496,-0.0041,0.0589
2639,46,1,0,0.370,0.905,-1.000,-1.000,1,1,-0.160,0.874,0.000,0,1.000,0,0,0.0576,0.2496,-0.0030,0.0588
2640,46,1,0,0.000,-0.016,-1.000,-1.000,1,1,-0.000,0.000,0.000,0,1.000,0,0,0.0576,0.2496,-0.0021,0.0584
2641,46,1,0,0.031,-0.039,-1.000,-1.000,1,1,-0.000,0.000,0.000,0,1.000,0,0,0.0576,0.2496,-0.0020,0.0585
2642,46,1,0,0.031,-0.039,-1.000,-1.000,1,1,-0.000,0.000,0.000,0,1.000,0,0,0.0576,0.2497,-0.0020,0.0585
2643,46,1,0,0.031,-0.039,-1.000,-1.000,1,1,-0.000,0.000,0.000,0,1.000,0,0,0.0576,0.2496,-0.0020,0.0585
2644,46,1,0,-0.047,0.000,-1.000,-1.000,1,1,-0.000,0.000,0.000,0,1.000,0,0,0.0576,0.2496,-0.0020,0.0585
2645,46,1,0,-0.685,0.252,-1.000,-1.000,1,1,0.580,0.003,0.000,0,1.000,0,0,0.0576,0.2499,-0.0019,0.0586
2646,46,1,0,-0.394,0.205,-1.000,-1.000,1,1,0.192,0.000,0.000,0,1.000,0,0,0.0576,0.2504,-0.0017,0.0590
2647,46,1,0,-0.008,-0.039,-1.000,-1.000,1,1,-0.000,0.000,0.000,0,1.000,0,0,0.0576,0.2505,-0.0016,0.0591
2648,46,1,0,-0.008,-0.047,-1.000,-1.000,1,1,-0.000,0.000,0.000,0,1.000,0,0,0.0576,0.2506,-0.0016,0.0591
2649,46,1,0,-0.055,-0.039,-1.000,-1.000,1,1,-0.000,0.000,0.000,0,1.000,0,0,0.0576,0.2506,-0.0016,0.0591
2650,46,1,0,0.008,-0.039,-1.000,-1.000,1,1,-0.000,0.000,0.000,0,1.000,0,0,0.0576,0.2506,-0.0016,0.0591
2651,46,1,0,0.024,-0.047,-1.000,-1.000,1,1,-0.000,0.000,0.000,0,1.000,0,0,0.0576,0.2505,-0.0016,0.0591
2652,46,1,0,0.016,-0.047,-1.000,1.000,1,1,-0.000,0.000,-1.000,0,1.000,0,0,0.0576,0.2503,-0.0015,0.0590
2653,46,1,0,0.016,-0.047,-1.000,1.000,1,1,-0.000,0.000,-1.000,0,1.000,0,0,0.0576,0.2498,-0.0015,0.0586
2654,46,1,0,0.016,-0.047,-1.000,1.000,1,1,-0.000,0.000,-1.000,0,1.000,0,0,0.0576,0.2495,-0.0015,0.0583
2655,46,1,0,0.016,-0.047,-1.000,1.000,1,1,-0.000,0.000,-1.000,0,1.000,0,0,0.0576,0.2491,-0.0015,0.0581
2656,46,1,0,-0.008,0.008,-1.000,1.000,1,1,-0.000,0.000,-1.000,0,1.000,0,0,0.0576,0.2488,-0.0014,0.0579
2657,46,1,0,-0.504,0.205,-1.000,1.000,1,1,0.339,0.000,-1.000,0,1.000,0,0,0.0576,0.2487,-0.0014,0.0579
2658,46,1,0,-1.000,0.236,-1.000,1.000,1,1,1.000,0.000,-1.000,0,1.000,0,0,0.0576,0.2489,-0.0013,0.0580
2659,46,1,0,-1.000,0.228,-1.000,1.000,1,1,1.000,0.000,-1.000,0,1.000,0,0,0.0576,0.2492,-0.0009,0.0581
2660,46,1,0,-0.780,0.213,-1.000,1.000,1,1,0.706,0.000,-1.000,0,1.000,0,0,0.0576,0.2495,-0.0005,0.0584
2661,46,1,0,-0.457,0.102,-1.000,1.000,1,1,0.276,0.000,-1.000,0,1.000,0,0,0.0576,0.2495,-0.0004,0.0584
2662,46,1,0,-0.008,-0.047,-1.000,1.000,1,1,-0.000,0.000,-1.000,0,1.000,0,0,0.0576,0.2493,-0.0003,0.0582
2663,46,1,0,0.016,-0.055,-1.000,1.000,1,1,-0.000,0.000,-1.000,0,1.000,0,0,0.0576,0.2490,-0.0004,0.0581
2664,46,1,0,0.016,-0.055,-1.000,-1.000,1,1,-0.000,0.000,0.000,0,1.000,0,0,0.0576,0.2489,-0.0004,0.0580
2665,46,1,0,0.024,-0.055,-1.000,-1.000,1,1,-0.000,0.000,0.000,0,1.000,0,0,0.0576,0.2489,-0.0004,0.0580
2666,46,1,0,0.079,-0.055,-1.000,-1.000,1,1,-0.000,0.000,0.000,0,1.000,0,0,0.0576,0.2489,-0.0004,0.0580
2667,46,1,0,1.000,-0.071,-1.000,-1.000,1,1,-1.000,0.000,0.000,0,1.000,0,0,0.0576,0.2485,-0.0005,0.0579
2668,46,1,0,1.000,-0.102,-1.000,-1.000,1,1,-1.000,0.000,0.000,0,1.000,0,0,0.0576,0.2479,-0.0006,0.0577
2669,46,1,0,0.291,-0.213,-1.000,-1.000,1,1,-0.055,0.000,0.000,0,1.000,0,0,0.0576,0.2477,-0.0007,0.0576
2670,46,1,0,0.008,-0.047,-1.000,-1.000,1,1,-0.000,0.000,0.000,0,1.000,0,0,0.0576,0.2477,-0.0007,0.0576
2671,46,1,0,0.008,-0.047,-1.000,-1.000,1,1,-0.000,0.000,0.000,0,1.000,0,0,0.0576,0.2477,-0.0007,0.0576
2672,46,1,0,0.008,-0.047,-1.000,-0.370,1,1,-0.000,0.000,-0.255,0,1.000,0,0,0.0576,0.2477,-0.0007,0.0576
2673,46,1,0,-0.441,0.102,-1.000,1.000,1,1,0.255,0.000,-1.000,0,1.000,0,0,0.0576,0.2476,-0.0007,0.0576
2674,46,1,0,-1.000,0.110,-1.000,1.000,1,1,1.000,0.000,-1.000,0,1.000,0,0,0.0576,0.2477,-0.0006,0.0577
2675,46,1,0,-1.000,0.055,-1.000,1.000,1,1,1.000,0.000,-1.000,0,1.000,0,0,0.0576,0.2480,-0.0005,0.0578
2676,46,1,0,-1.000,-0.024,-1.000,1.000,1,1,1.000,0.000,-1.000,0,1.000,0,0,0.0576,0.2483,-0.0003,0.0578
2677,46,1,0,-0.661,-0.118,-1.000,1.000,1,1,0.549,0.000,-1.000,0,1.000,0,0,0.0576,0.2485,-0.0001,0.0578
2678,46,1,0,-0.283,-0.110,-1.000,1.000,1,1,0.045,0.000,-1.000,0,1.000,0,0,0.0576,0.2484,-0.0001,0.0578
2679,46,1,0,-0.976,-0.110,-1.000,1.000,1,1,0.969,0.000,-1.000,0,1.000,0,0,0.0576,0.2486,-0.0001,0.0578
2680,46,1,0,-1.000,-0.118,-1.000,1.000,1,1,1.000,0.000,-1.000,0,1.000,0,0,0.0576,0.2490,0.0003,0.0579
2681,46,1,0,-1.000,-0.118,-1.000,1.000,1,1,1.000,0.000,-1.000,0,1.000,0,0,0.0576,0.2494,0.0005,0.0580
2682,46,1,0,-0.906,-0.528,-1.000,1.000,1,1,0.874,-0.370,-1.000,0,1.000,0,0,0.0576,0.2498,0.0008,0.0583
2683,46,1,0,-0.165,-0.441,-1.000,1.000,1,1,-0.000,-0.255,-1.000,0,1.000,0,0,0.0576,0.2497,0.0005,0.0582
2684,46,1,0,-0.024,-0.102,-1.000,1.000,1,1,-0.000,0.000,-1.000,0,1.000,0,0,0.0576,0.2494,0.0004,0.0579
2685,46,1,0,0.000,-0.095,-1.000,-1.000,1,1,-0.000,0.000,0.000,0,1.000,0,0,0.0576,0.2492,0.0004,0.0577
2686,46,1,1,0.008,-0.095,-1.000,-1.000,1,1,0.000,0.000,0.000,1,1.000,1,1,0.0576,0.2492,0.0004,0.0577
2687,47,1,0,0.008,-0.055,-1.000,-1.000,1,1,-0.000,0.000,0.000,0,0.333,0,0,0.0597,0.2486,-0.0019,0.0605
2688,47,1,0,0.008,-0.055,-1.000,-1.000,1,1,-0.000,0.000,0.000,0,0.667,0,0,0.0587,0.2492,-0.0031,0.0607
2689,47,1,0,0.008,-0.055,-1.000,-1.000,1,1,-0.000,0.000,0.000,0,1.000,0,0,0.0576,0.2493,-0.0036,0.0594
2690,47,1,0,0.008,-0.055,-1.000,-1.000,1,1,-0.000,0.000,0.000,0,1.000,0,0,0.0576,0.2496,-0.0040,0.0588
2691,47,1,0,0.008,-0.055,-1.000,-1.000,1,1,-0.000,0.000,0.000,0,1.000,0,0,0.0576,0.2496,-0.0041,0.0587
2692,47,1,0,0.008,-0.055,-1.000,-1.000,1,1,-0.000,0.000,0.000,0,1.000,0,0,0.0576,0.2496,-0.0041,0.0587
2693,47,1,0,0.008,-0.055,-1.000,-1.000,1,1,-0.000,0.000,0.000,0,1.000,0,0,0.0576,0.2496,-0.0042,0.0588
2694,47,1,0,0.016,0.031,-1.000,-1.000,1,1,-0.000,0.000,0.000,0,1.000,0,0,0.0576,0.2496,-0.0042,0.0588
2695,47,1,0,0.031,0.803,-1.000,-1.000,1,1,-0.000,0.738,0.000,0,1.000,0,0,0.0576,0.2497,-0.0038,0.0587
2696,47,1,0,0.039,1.000,-1.000,-1.000,1,1,-0.000,1.000,0.000,0,1.000,0,0,0.0576,0.2499,-0.0026,0.0580
2697,47,1,0,0.000,-0.008,-1.000,-1.000,1,1,-0.000,0.000,0.000,0,1.000,0,0,0.0576,0.2501,-0.0020,0.0574
2698,47,1,0,0.024,-0.008,-1.000,-1.000,1,1,-0.000,0.000,0.000,0,1.000,0,0,0.0576,0.2501,-0.0019,0.0574
2699,47,1,0,-0.008,0.551,-1.000,-1.000,1,1,-0.000,0.402,0.000,0,1.000,0,0,0.0576,0.2502,-0.0018,0.0574
2700,47,1,0,-0.095,0.858,-1.000,-1.000,1,1,-0.000,0.811,0.000,0,1.000,0,0,0.0576,0.2503,-0.0010,0.0571
2701,47,1,0,0.000,-0.039,-1.000,-1.000,1,1,-0.000,0.000,0.000,0,1.000,0,0,0.0576,0.2506,-0.0005,0.0567
2702,47,1,0,0.000,-0.055,-1.000,-1.000,1,1,-0.000,0.000,0.000,0,1.000,0,0,0.0576,0.2506,-0.0005,0.0567
2703,47,1,0,0.008,-0.055,-1.000,-1.000,1,1,-0.000,0.000,0.000,0,1.000,0,0,0.0576,0.2506,-0.0005,0.0567
2704,47,1,0,0.008,-0.055,-1.000,0.504,1,1,-0.000,0.000,-0.730,0,1.000,0,0,0.0576,0.2505,-0.0004,0.0567
2705,47,1,0,0.008,-0.055,-1.000,1.000,1,1,-0.000,0.000,-1.000,0,1.000,0,0,0.0576,0.2505,-0.0001,0.0566
2706,47,1,0,0.008,-0.055,-1.000,0.276,1,1,-0.000,0.000,-0.606,0,1.000,0,0,0.0576,0.2505,0.0001,0.0565
2707,47,1,0,0.008,-0.055,-1.000,1.000,1,1,-0.000,0.000,-1.000,0,1.000,0,0,0.0576,0.2505,0.0003,0.0564
2708,47,1,0,0.008,-0.055,-1.000,1.000,1,1,-0.000,0.000,-1.000,0,1.000,0,0,0.0576,0.2505,0.0005,0.0563
2709,47,1,0,0.008,-0.055,-1.000,1.000,1,1,-0.000,0.000,-1.000,0,1.000,0,0,0.0576,0.2505,0.0006,0.0563
2710,47,1,0,0.071,0.079,-1.000,1.000,1,1,-0.000,0.000,-1.000,0,1.000,0,0,0.0576,0.2505,0.0007,0.0563
2711,47,1,0,0.677,0.811,-1.000,1.000,1,1,-0.570,0.748,-1.000,0,1.000,0,0,0.0576,0.2504,0.0008,0.0564
2712,47,1,0,0.724,0.583,-1.000,1.000,1,1,-0.633,0.444,-1.000,0,1.000,0,0,0.0576,0.2502,0.0009,0.0564
2713,47,1,0,0.000,0.008,-1.000,1.000,1,1,-0.000,0.000,-1.000,0,1.000,0,0,0.0576,0.2501,0.0010,0.0566
2714,47,1,0,0.008,-0.016,-1.000,1.000,1,1,-0.000,0.000,-1.000,0,1.000,0,0,0.0576,0.2501,0.0011,0.0566
2715,47,1,0,0.008,-0.008,-1.000,1.000,1,1,-0.000,0.000,-1.000,0,1.000,0,0,0.0576,0.2500,0.0011,0.0566
2716,47,1,0,0.008,0.000,-1.000,1.000,1,1,-0.000,0.000,-1.000,0,1.000,0,0,0.0576,0.2500,0.0012,0.0566
2717,47,1,0,-0.677,0.189,-1.000,-1.000,1,1,0.570,0.000,0.000,0,1.000,0,0,0.0576,0.2501,0.0013,0.0566
2718,47,1,0,-1.000,-0.102,-1.000,-1.000,1,1,1.000,0.000,0.000,0,1.000,0,0,0.0576,0.2505,0.0014,0.0565
2719,47,1,0,-1.000,-0.283,-1.000,-1.000,1,1,1.000,-0.045,0.000,0,1.000,0,0,0.0576,0.2511,0.0018,0.0564
2720,47,1,0,0.000,-0.102,-1.000,-1.000,1,1,-0.000,0.000,0.000,0,1.000,0,0,0.0576,0.2517,0.0021,0.0563
2721,47,1,1,0.000,-0.055,-1.000,-1.000,1,1,0.000,0.000,0.000,1,1.000,1,1,0.0576,0.2519,0.0023,0.0563
2722,48,1,0,0.000,-0.008,-1.000,-1.000,1,1,-0.000,0.000,0.000,0,0.333,0,0,0.0605,0.2487,-0.0065,0.0620
2723,48,1,0,0.000,-0.016,-1.000,-1.000,1,1,-0.000,0.000,0.000,0,0.667,0,0,0.0591,0.2494,-0.0058,0.0615
2724,48,1,0,0.000,-0.016,-1.000,-1.000,1,1,-0.000,0.000,0.000,0,1.000,0,0,0.0576,0.2493,-0.0049,0.0600
2725,48,1,0,0.000,-0.016,-1.000,-1.000,1,1,-0.000,0.000,0.000,0,1.000,0,0,0.0576,0.2495,-0.0043,0.0589
2726,48,1,0,0.000,-0.016,-1.000,-1.000,1,1,-0.000,0.000,0.000,0,1.000,0,0,0.0576,0.2495,-0.0044,0.0589
2727,48,1,0,0.000,-0.016,-1.000,-1.000,1,1,-0.000,0.000,0.000,0,1.000,0,0,0.0576,0.2495,-0.0044,0.0590
2728,48,1,0,0.000,-0.016,-1.000,-1.000,1,1,-0.000,0.000,0.000,0,1.000,0,0,0.0576,0.2495,-0.0044,0.0590
2729,48,1,0,0.000,-0.016,-1.000,-1.000,1,1,-0.000,0.000,0.000,0,1.000,0,0,0.0576,0.2495,-0.0044,0.0590
2730,48,1,0,0.000,-0.016,-1.000,-1.000,1,1,-0.000,0.000,0.000,0,1.000,0,0,0.0576,0.2495,-0.0044,0.0590
2731,48,1,0,0.000,-0.016,-1.000,-1.000,1,1,-0.000,0.000,0.000,0,1.000,0,0,0.0576,0.2495,-0.0044,0.0590
2732,48,1,0,0.000,-0.016,-1.000,-1.000,1,1,-0.000,0.000,0.000,0,1.000,0,0,0.0576,0.2495,-0.0044,0.0590
2733,48,1,0,0.000,-0.016,-1.000,-1.000,1,1,-0.000,0.000,0.000,0,1.000,0,0,0.0576,0.2495,-0.0044,0.0590
2734,48,1,0,0.000,-0.016,-1.000,-1.000,1,1,-0.000,0.000,0.000,0,1.000,0,0,0.0576,0.2495,-0.0044,0.0590
2735,48,1,0,0.000,-0.016,-1.000,-1.000,1,1,-0.000,0.000,0.000,0,1.000,0,0,0.0576,0.2495,-0.0044,0.0590
2736,48,1,0,0.000,-0.016,-1.000,-1.000,1,1,-0.000,0.000,0.000,0,1.000,0,0,0.0576,0.2495,-0.0044,0.0590
2737,48,1,0,0.000,-0.016,-1.000,-1.000,1,1,-0.000,0.000,0.000,0,1.000,0,0,0.0576,0.2495,-0.0044,0.0590
2738,48,1,0,0.000,-0.016,-1.000,-1.000,1,1,-0.000,0.000,0.000,0,1.000,0,0,0.0576,0.2496,-0.0044,0.0590
2739,48,1,0,0.000,-0.016,-1.000,-1.000,1,1,-0.000,0.000,0.000,0,1.000,0,0,0.0576,0.2496,-0.0044,0.0590
2740,48,1,0,-0.079,0.252,-1.000,-1.000,1,1,-0.000,0.003,0.000,0,1.000,0,0,0.0576,0.2496,-0.0044,0.0590
2741,48,1,0,-0.142,1.000,-1.000,-1.000,1,1,-0.000,1.000,0.000,0,1.000,0,0,0.0576,0.2496,-0.0037,0.0592
2742,48,1,0,-0.016,-0.047,-1.000,-1.000,1,1,-0.000,0.000,0.000,0,1.000,0,0,0.0576,0.2496,-0.0031,0.0600
2743,48,1,0,0.008,-0.039,-1.000,-1.000,1,1,-0.000,0.000,0.000,0,1.000,0,0,0.0576,0.2495,-0.0028,0.0600
2744,48,1,0,0.008,-0.016,-1.000,-1.000,1,1,-0.000,0.000,0.000,0,1.000,0,0,0.0576,0.2495,-0.0027,0.0599
2745,48,1,0,0.008,-0.016,-1.000,-1.000,1,1,-0.000,0.000,0.000,0,1.000,0,0,0.0576,0.2495,-0.0027,0.0599
2746,48,1,0,-0.079,0.008,-1.000,-1.000,1,1,-0.000,0.000,0.000,0,1.000,0,0,0.0576,0.2495,-0.0027,0.0599
2747,48,1,0,-1.000,-0.039,-1.000,-1.000,1,1,1.000,0.000,0.000,0,1.000,0,0,0.0576,0.2506,-0.0028,0.0599
2748,48,1,0,-0.370,-0.118,-1.000,-1.000,1,1,0.160,0.000,0.000,0,1.000,0,0,0.0576,0.2522,-0.0026,0.0600
2749,48,1,0,-0.008,-0.079,-1.000,-1.000,1,1,-0.000,0.000,0.000,0,1.000,0,0,0.0576,0.2521,-0.0026,0.0599
2750,48,1,0,-0.008,-0.024,-1.000,-1.000,1,1,-0.000,0.000,0.000,0,1.000,0,0,0.0576,0.2522,-0.0026,0.0599
2751,48,1,0,-0.047,-0.024,-1.000,-1.000,1,1,-0.000,0.000,0.000,0,1.000,0,0,0.0576,0.2522,-0.0026,0.0600
2752,48,1,0,0.000,-0.024,-1.000,-0.953,1,1,-0.000,0.000,0.000,0,1.000,0,0,0.0576,0.2522,-0.0026,0.0600
2753,48,1,0,0.000,-0.024,-1.000,1.000,1,1,-0.000,0.000,-1.000,0,1.000,0,0,0.0576,0.2522,-0.0028,0.0600
2754,48,1,0,0.000,-0.024,-1.000,1.000,1,1,-0.000,0.000,-1.000,0,1.000,0,0,0.0576,0.2521,-0.0034,0.0597
2755,48,1,0,0.000,-0.024,-1.000,1.000,1,1,-0.000,0.000,-1.000,0,1.000,0,0,0.0576,0.2520,-0.0039,0.0592
2756,48,1,0,0.024,-0.024,-1.000,1.000,1,1,-0.000,0.000,-1.000,0,1.000,0,0,0.0576,0.2519,-0.0044,0.0588
2757,48,1,0,0.024,0.047,-1.000,1.000,1,1,-0.000,0.000,-1.000,0,1.000,0,0,0.0576,0.2519,-0.0047,0.0586
2758,48,1,0,0.071,0.992,-1.000,1.000,1,1,-0.000,0.989,-1.000,0,1.000,0,0,0.0576,0.2519,-0.0046,0.0587
2759,48,1,0,0.008,1.000,-1.000,1.000,1,1,-0.000,1.000,-1.000,0,1.000,0,0,0.0576,0.2519,-0.0038,0.0592
2760,48,1,0,0.000,0.717,-1.000,1.000,1,1,-0.000,0.622,-1.000,0,1.000,0,0,0.0576,0.2519,-0.0032,0.0599
2761,48,1,0,0.047,-0.008,-1.000,1.000,1,1,-0.000,0.000,-1.000,0,1.000,0,0,0.0576,0.2518,-0.0031,0.0600
2762,48,1,0,0.031,0.024,-1.000,1.000,1,1,-0.000,0.000,-1.000,0,1.000,0,0,0.0576,0.2515,-0.0035,0.0596
2763,48,1,0,0.079,0.913,-1.000,1.000,1,1,-0.000,0.884,-1.000,0,1.000,0,0,0.0576,0.2516,-0.0033,0.0593
2764,48,1,0,0.134,0.929,-1.000,1.000,1,1,-0.000,0.905,-1.000,0,1.000,0,0,0.0576,0.2516,-0.0025,0.0599
2765,48,1,0,0.094,1.000,-1.000,1.000,1,1,-0.000,1.000,-1.000,0,1.000,0,0,0.0576,0.2515,-0.0015,0.0608
2766,48,1,0,0.063,1.000,-1.000,1.000,1,1,-0.000,1.000,-1.000,0,1.000,0,0,0.0576,0.2515,-0.0003,0.0615
2767,48,1,0,0.063,1.000,-1.000,1.000,1,1,-0.000,1.000,-1.000,0,1.000,0,0,0.0576,0.2513,0.0008,0.0623
2768,48,1,0,0.291,0.992,-1.000,1.000,1,1,-0.055,0.989,-1.000,0,1.000,0,0,0.0576,0.2512,0.0019,0.0630
2769,48,1,0,0.598,0.528,-1.000,1.000,1,1,-0.465,0.370,-1.000,0,1.000,0,0,0.0576,0.2510,0.0022,0.0636
2770,48,1,0,0.134,0.016,-1.000,1.000,1,1,-0.000,0.000,-1.000,0,1.000,0,0,0.0576,0.2504,0.0021,0.0637
2771,48,1,0,0.016,-0.008,-1.000,1.000,1,1,-0.000,0.000,-1.000,0,1.000,0,0,0.0576,0.2504,0.0018,0.0634
2772,48,1,0,0.016,-0.008,-1.000,1.000,1,1,-0.000,0.000,-1.000,0,1.000,0,0,0.0576,0.2501,0.0014,0.0628
2773,48,1,0,0.016,-0.008,-1.000,-0.496,1,1,-0.000,0.000,-0.187,0,1.000,0,0,0.0576,0.2500,0.0012,0.0624
2774,48,1,0,0.016,-0.008,-1.000,-1.000,1,1,-0.000,0.000,0.000,0,1.000,0,0,0.0576,0.2500,0.0011,0.0624
2775,48,1,0,0.016,-0.008,-1.000,-1.000,1,1,-0.000,0.000,0.000,0,1.000,0,0,0.0576,0.2500,0.0011,0.0624
2776,48,1,0,0.016,-0.008,-1.000,-1.000,1,1,-0.000,0.000,0.000,0,1.000,0,0,0.0576,0.2500,0.0011,0.0624
2777,48,1,1,0.016,-0.008,-1.000,-1.000,1,1,0.000,0.000,0.000,1,1.000,1,1,0.0576,0.2500,0.0011,0.0624
2778,49,1,0,0.016,-0.008,-1.000,-1.000,1,1,-0.000,0.000,0.000,0,0.333,0,0,0.0644,0.2474,-0.0010,0.0674
2779,49,1,0,0.008,-0.008,-1.000,-1.000,1,1,-0.000,0.000,0.000,0,0.667,0,0,0.0610,0.2484,-0.0017,0.0655
2780,49,1,0,0.016,-0.008,-1.000,-1.000,1,1,-0.000,0.000,0.000,0,1.000,0,0,0.0576,0.2487,-0.0028,0.0642
2781,49,1,0,0.016,-0.008,-1.000,-1.000,1,1,-0.000,0.000,0.000,0,1.000,0,0,0.0576,0.2491,-0.0033,0.0623
2782,49,1,0,0.008,-0.008,-1.000,-1.000,1,1,-0.000,0.000,0.000,0,1.000,0,0,0.0576,0.2492,-0.0038,0.0608
2783,49,1,0,0.016,-0.008,-1.000,-1.000,1,1,-0.000,0.000,0.000,0,1.000,0,0,0.0576,0.2493,-0.0040,0.0594
2784,49,1,0,0.008,-0.008,-1.000,-1.000,1,1,-0.000,0.000,0.000,0,1.000,0,0,0.0576,0.2494,-0.0041,0.0589
2785,49,1,0,-0.008,-0.008,-1.000,-1.000,1,1,-0.000,0.000,0.000,0,1.000,0,0,0.0576,0.2495,-0.0041,0.0590
2786,49,1,0,-0.047,-0.008,-1.000,-1.000,1,1,-0.000,0.000,0.000,0,1.000,0,0,0.0576,0.2495,-0.0042,0.0590
2787,49,1,0,-0.559,0.000,-1.000,-1.000,1,1,0.412,0.000,0.000,0,1.000,0,0,0.0576,0.2498,-0.0042,0.0591
2788,49,1,0,-0.732,0.000,-1.000,-1.000,1,1,0.643,0.000,0.000,0,1.000,0,0,0.0576,0.2510,-0.0040,0.0591
2789,49,1,0,-0.055,0.000,-1.000,-1.000,1,1,-0.000,0.000,0.000,0,1.000,0,0,0.0576,0.2518,-0.0040,0.0592
2790,49,1,0,-0.032,0.000,-1.000,-1.000,1,1,-0.000,0.000,0.000,0,1.000,0,0,0.0576,0.2517,-0.0040,0.0592
2791,49,1,0,-0.047,0.000,-1.000,-1.000,1,1,-0.000,0.000,0.000,0,1.000,0,0,0.0576,0.2518,-0.0040,0.0592
2792,49,1,0,-0.189,0.000,-1.000,-1.000,1,1,-0.000,0.000,0.000,0,1.000,0,0,0.0576,0.2518,-0.0040,0.0592
2793,49,1,0,0.000,-0.008,-1.000,-1.000,1,1,-0.000,0.000,0.000,0,1.000,0,0,0.0576,0.2518,-0.0040,0.0592
2794,49,1,0,0.000,-0.008,-1.000,-1.000,1,1,-0.000,0.000,0.000,0,1.000,0,0,0.0576,0.2518,-0.0040,0.0592
2795,49,1,0,0.016,-0.008,-1.000,-1.000,1,1,-0.000,0.000,0.000,0,1.000,0,0,0.0576,0.2518,-0.0040,0.0592
2796,49,1,0,0.024,0.094,-1.000,-1.000,1,1,-0.000,0.000,0.000,0,1.000,0,0,0.0576,0.2518,-0.0040,0.0592
2797,49,1,0,-0.087,0.795,-1.000,-1.000,1,1,-0.000,0.727,0.000,0,1.000,0,0,0.0576,0.2519,-0.0034,0.0592
2798,49,1,0,-0.024,0.189,-1.000,-1.000,1,1,-0.000,0.000,0.000,0,1.000,0,0,0.0576,0.2520,-0.0028,0.0586
2799,49,1,0,-0.008,-0.024,-1.000,-1.000,1,1,-0.000,0.000,0.000,0,1.000,0,0,0.0576,0.2520,-0.0028,0.0586
2800,49,1,0,-0.008,-0.024,-1.000,-1.000,1,1,-0.000,0.000,0.000,0,1.000,0,0,0.0576,0.2520,-0.0028,0.0586
2801,49,1,0,-0.008,-0.024,-1.000,-1.000,1,1,-0.000,0.000,0.000,0,1.000,0,0,0.0576,0.2520,-0.0028,0.0586
2802,49,1,0,0.000,-0.024,-1.000,-1.000,1,1,-0.000,0.000,0.000,0,1.000,0,0,0.0576,0.2520,-0.0028,0.0586
2803,49,1,0,0.055,0.520,-1.000,-1.000,1,1,-0.000,0.360,0.000,0,1.000,0,0,0.0576,0.2521,-0.0025,0.0585
2804,49,1,0,0.000,0.701,-1.000,-1.000,1,1,-0.000,0.601,0.000,0,1.000,0,0,0.0576,0.2521,-0.0013,0.0583
2805,49,1,0,0.000,0.016,-1.000,-1.000,1,1,-0.000,0.000,0.000,0,1.000,0,0,0.0576,0.2522,-0.0008,0.0579
2806,49,1,0,0.000,-0.016,-1.000,-1.000,1,1,-0.000,0.000,0.000,0,1.000,0,0,0.0576,0.2522,-0.0008,0.0580
2807,49,1,0,0.008,-0.032,-1.000,-1.000,1,1,-0.000,0.000,0.000,0,1.000,0,0,0.0576,0.2522,-0.0008,0.0580
2808,49,1,0,0.008,-0.039,-1.000,-0.087,1,1,-0.000,0.000,-0.409,0,1.000,0,0,0.0576,0.2521,-0.0007,0.0579
2809,49,1,0,0.000,-0.039,-1.000,1.000,1,1,-0.000,0.000,-1.000,0,1.000,0,0,0.0576,0.2520,-0.0004,0.0578
2810,49,1,0,0.000,-0.016,-1.000,1.000,1,1,-0.000,0.000,-1.000,0,1.000,0,0,0.0576,0.2519,-0.0000,0.0578
2811,49,1,0,0.024,-0.016,-1.000,1.000,1,1,-0.000,0.000,-1.000,0,1.000,0,0,0.0576,0.2518,0.0002,0.0577
2812,49,1,0,0.024,-0.016,-1.000,1.000,1,1,-0.000,0.000,-1.000,0,1.000,0,0,0.0576,0.2517,0.0004,0.0577
2813,49,1,0,0.008,-0.016,-1.000,1.000,1,1,-0.000,0.000,-1.000,0,1.000,0,0,0.0576,0.2515,0.0006,0.0577
2814,49,1,0,-0.315,0.039,-1.000,1.000,1,1,0.087,0.000,-1.000,0,1.000,0,0,0.0576,0.2514,0.0008,0.0577
2815,49,1,0,-1.000,0.039,-1.000,1.000,1,1,1.000,0.000,-1.000,0,1.000,0,0,0.0576,0.2523,0.0012,0.0579
2816,49,1,0,-1.000,-0.142,-1.000,1.000,1,1,1.000,0.000,-1.000,0,1.000,0,0,0.0576,0.2541,0.0017,0.0580
2817,49,1,0,-1.000,-0.213,-1.000,1.000,1,1,1.000,0.000,-1.000,0,1.000,0,0,0.0576,0.2551,0.0020,0.0581
2818,49,1,0,-0.654,-0.268,-1.000,1.000,1,1,0.538,-0.024,-1.000,0,1.000,0,0,0.0576,0.2559,0.0022,0.0582
2819,49,1,0,-0.024,-0.118,-1.000,1.000,1,1,-0.000,0.000,-1.000,0,1.000,0,0,0.0576,0.2561,0.0024,0.0582
2820,49,1,0,0.000,-0.110,-1.000,1.000,1,1,-0.000,0.000,-1.000,0,1.000,0,0,0.0576,0.2561,0.0025,0.0581
2821,49,1,0,0.000,-0.102,-1.000,1.000,1,1,-0.000,0.000,-1.000,0,1.000,0,0,0.0576,0.2560,0.0027,0.0582
2822,49,1,0,0.000,-0.102,-1.000,1.000,1,1,-0.000,0.000,-1.000,0,1.000,0,0,0.0576,0.2560,0.0029,0.0582
2823,49,1,0,0.000,-0.102,-1.000,0.260,1,1,-0.000,0.000,-0.598,0,1.000,0,0,0.0576,0.2559,0.0029,0.0582
2824,49,1,0,0.008,-0.095,-1.000,-1.000,1,1,-0.000,0.000,0.000,0,1.000,0,0,0.0576,0.2559,0.0030,0.0582
2825,49,1,1,0.008,-0.095,-1.000,-1.000,1,1,0.000,0.000,0.000,1,1.000,1,1,0.0576,0.2559,0.0030,0.0582
2826,50,1,0,0.008,-0.071,-1.000,-1.000,1,1,-0.000,0.000,0.000,0,0.333,0,0,0.0642,0.2493,-0.0017,0.0667
2827,50,1,0,0.008,-0.071,-1.000,-1.000,1,1,-0.000,0.000,0.000,0,0.667,0,0,0.0609,0.2496,-0.0024,0.0648
2828,50,1,0,0.008,-0.071,-1.000,-1.000,1,1,-0.000,0.000,0.000,0,1.000,0,0,0.0576,0.2495,-0.0033,0.0631
2829,50,1,0,0.000,-0.071,-1.000,-1.000,1,1,-0.000,0.000,0.000,0,1.000,0,0,0.0576,0.2494,-0.0037,0.0615
2830,50,1,0,0.000,-0.071,-1.000,-1.000,1,1,-0.000,0.000,0.000,0,1.000,0,0,0.0576,0.2492,-0.0040,0.0597
2831,50,1,0,0.000,-0.071,-1.000,-1.000,1,1,-0.000,0.000,0.000,0,1.000,0,0,0.0576,0.2493,-0.0043,0.0590
2832,50,1,0,-0.039,-0.039,-1.000,-1.000,1,1,-0.000,0.000,0.000,0,1.000,0,0,0.0576,0.2494,-0.0043,0.0592
2833,50,1,0,-0.087,0.000,-1.000,-1.000,1,1,-0.000,0.000,0.000,0,1.000,0,0,0.0576,0.2494,-0.0043,0.0592
2834,50,1,0,-0.858,0.008,-1.000,-1.000,1,1,0.811,0.000,0.000,0,1.000,0,0,0.0576,0.2500,-0.0043,0.0592
2835,50,1,0,-0.039,0.000,-1.000,-1.000,1,1,-0.000,0.000,0.000,0,1.000,0,0,0.0576,0.2514,-0.0042,0.0592
2836,50,1,0,-0.016,0.000,-1.000,-1.000,1,1,-0.000,0.000,0.000,0,1.000,0,0,0.0576,0.2511,-0.0043,0.0589
2837,50,1,0,-0.158,0.039,-1.000,-1.000,1,1,-0.000,0.000,0.000,0,1.000,0,0,0.0576,0.2512,-0.0042,0.0588
2838,50,1,0,-0.693,0.244,-1.000,-1.000,1,1,0.591,0.000,0.000,0,1.000,0,0,0.0576,0.2518,-0.0043,0.0588
2839,50,1,0,0.024,-0.008,-1.000,-1.000,1,1,-0.000,0.000,0.000,0,1.000,0,0,0.0576,0.2527,-0.0043,0.0587
2840,50,1,0,0.024,-0.016,-1.000,-1.000,1,1,-0.000,0.000,0.000,0,1.000,0,0,0.0576,0.2526,-0.0043,0.0586
2841,50,1,0,-0.008,0.024,-1.000,-1.000,1,1,-0.000,0.000,0.000,0,1.000,0,0,0.0576,0.2526,-0.0043,0.0586
2842,50,1,0,-0.126,0.780,-1.000,-1.000,1,1,-0.000,0.706,0.000,0,1.000,0,0,0.0576,0.2526,-0.0037,0.0586
2843,50,1,0,0.228,0.622,-1.000,-1.000,1,1,-0.000,0.496,0.000,0,1.000,0,0,0.0576,0.2526,-0.0026,0.0581
2844,50,1,0,0.016,-0.039,-1.000,-1.000,1,1,-0.000,0.000,0.000,0,1.000,0,0,0.0576,0.2527,-0.0020,0.0579
2845,50,1,0,0.016,-0.039,-1.000,-1.000,1,1,-0.000,0.000,0.000,0,1.000,0,0,0.0576,0.2527,-0.0020,0.0579
2846,50,1,0,0.016,-0.039,-1.000,-1.000,1,1,-0.000,0.000,0.000,0,1.000,0,0,0.0576,0.2527,-0.0020,0.0579
2847,50,1,0,-0.032,0.055,-1.000,-1.000,1,1,-0.000,0.000,0.000,0,1.000,0,0,0.0576,0.2527,-0.0020,0.0579
2848,50,1,0,-0.032,0.457,-1.000,-1.000,1,1,-0.000,0.276,0.000,0,1.000,0,0,0.0576,0.2527,-0.0017,0.0578
2849,50,1,0,0.008,-0.016,-1.000,-1.000,1,1,-0.000,0.000,0.000,0,1.000,0,0,0.0576,0.2526,-0.0013,0.0576
2850,50,1,0,0.008,-0.039,-1.000,-1.000,1,1,-0.000,0.000,0.000,0,1.000,0,0,0.0576,0.2527,-0.0014,0.0577
2851,50,1,0,0.008,-0.008,-1.000,-1.000,1,1,-0.000,0.000,0.000,0,1.000,0,0,0.0576,0.2527,-0.0014,0.0577
2852,50,1,0,0.031,0.480,-1.000,-1.000,1,1,-0.000,0.307,0.000,0,1.000,0,0,0.0576,0.2527,-0.0012,0.0577
2853,50,1,0,0.055,0.402,-1.000,-1.000,1,1,-0.000,0.202,0.000,0,1.000,0,0,0.0576,0.2527,-0.0006,0.0574
2854,50,1,0,0.000,-0.079,-1.000,-1.000,1,1,-0.000,0.000,0.000,0,1.000,0,0,0.0576,0.2527,-0.0003,0.0574
2855,50,1,0,0.000,-0.039,-1.000,-1.000,1,1,-0.000,0.000,0.000,0,1.000,0,0,0.0576,0.2527,-0.0003,0.0574
2856,50,1,0,0.000,-0.039,-1.000,-1.000,1,1,-0.000,0.000,0.000,0,1.000,0,0,0.0576,0.2527,-0.0003,0.0574
2857,50,1,0,0.008,-0.039,-1.000,-1.000,1,1,-0.000,0.000,0.000,0,1.000,0,0,0.0576,0.2527,-0.0003,0.0574
2858,50,1,0,0.000,-0.039,-1.000,1.000,1,1,-0.000,0.000,-1.000,0,1.000,0,0,0.0576,0.2527,-0.0002,0.0574
2859,50,1,0,0.000,-0.039,-1.000,1.000,1,1,-0.000,0.000,-1.000,0,1.000,0,0,0.0576,0.2527,0.0000,0.0574
2860,50,1,0,0.000,-0.039,-1.000,1.000,1,1,-0.000,0.000,-1.000,0,1.000,0,0,0.0576,0.2528,0.0002,0.0574
2861,50,1,0,0.008,-0.039,-1.000,1.000,1,1,-0.000,0.000,-1.000,0,1.000,0,0,0.0576,0.2528,0.0003,0.0574
2862,50,1,0,0.024,-0.039,-1.000,1.000,1,1,-0.000,0.000,-1.000,0,1.000,0,0,0.0576,0.2529,0.0005,0.0574
2863,50,1,0,0.047,-0.071,-1.000,1.000,1,1,-0.000,0.000,-1.000,0,1.000,0,0,0.0576,0.2530,0.0006,0.0574
2864,50,1,0,0.173,-0.252,-1.000,1.000,1,1,-0.000,-0.003,-1.000,0,1.000,0,0,0.0576,0.2530,0.0008,0.0574
2865,50,1,0,0.299,-0.575,-1.000,1.000,1,1,-0.066,-0.433,-1.000,0,1.000,0,0,0.0576,0.2530,0.0008,0.0574
2866,50,1,0,0.008,-0.055,-1.000,1.000,1,1,-0.000,0.000,-1.000,0,1.000,0,0,0.0576,0.2530,0.0008,0.0574
2867,50,1,0,-0.039,-0.087,-1.000,1.000,1,1,-0.000,0.000,-1.000,0,1.000,0,0,0.0576,0.2531,0.0009,0.0574
2868,50,1,0,-0.535,-0.906,-1.000,1.000,1,1,0.381,-0.874,-1.000,0,1.000,0,0,0.0576,0.2533,0.0006,0.0574
2869,50,1,0,-0.535,-0.709,-1.000,1.000,1,1,0.381,-0.612,-1.000,0,1.000,0,0,0.0576,0.2541,0.0001,0.0576
2870,50,1,0,-0.118,-0.087,-1.000,1.000,1,1,-0.000,0.000,-1.000,0,1.000,0,0,0.0576,0.2545,-0.0001,0.0575
2871,50,1,0,-0.032,-0.039,-1.000,1.000,1,1,-0.000,0.000,-1.000,0,1.000,0,0,0.0576,0.2545,0.0002,0.0574
2872,50,1,0,-0.032,-0.102,-1.000,1.000,1,1,-0.000,0.000,-1.000,0,1.000,0,0,0.0576,0.2546,0.0004,0.0574
2873,50,1,0,-0.016,-0.102,-1.000,-0.992,1,1,-0.000,0.000,0.000,0,1.000,0,0,0.0576,0.2547,0.0004,0.0574
2874,50,1,0,-0.008,-0.102,-1.000,-1.000,1,1,-0.000,0.000,0.000,0,1.000,0,0,0.0576,0.2547,0.0004,0.0574
2875,50,1,0,-0.008,-0.102,-1.000,-1.000,1,1,-0.000,0.000,0.000,0,1.000,0,0,0.0576,0.2546,0.0004,0.0574
2876,50,1,0,-0.008,-0.102,-1.000,-1.000,1,1,-0.000,0.000,0.000,0,1.000,0,0,0.0576,0.2546,0.0004,0.0574
2877,50,1,0,-0.016,-0.110,-1.000,-1.000,1,1,-0.000,0.000,0.000,0,1.000,0,0,0.0576,0.2546,0.0004,0.0574
2878,50,1,0,-0.504,-0.906,-1.000,-1.000,1,1,0.339,-0.874,0.000,0,1.000,0,0,0.0576,0.2550,-0.0003,0.0575
2879,50,1,0,-0.339,-0.693,-1.000,-1.000,1,1,0.118,-0.591,0.000,0,1.000,0,0,0.0576,0.2557,-0.0014,0.0582
2880,50,1,0,-0.016,-0.071,-1.000,-1.000,1,1,-0.000,0.000,0.000,0,1.000,0,0,0.0576,0.2558,-0.0023,0.0583
2881,50,1,0,-0.016,-0.047,-1.000,-1.000,1,1,-0.000,0.000,0.000,0,1.000,0,0,0.0576,0.2559,-0.0023,0.0583
2882,50,1,0,-0.016,-0.047,-1.000,-1.000,1,1,-0.000,0.000,0.000,0,1.000,0,0,0.0576,0.2559,-0.0023,0.0583
2883,50,1,0,-0.016,-0.047,-1.000,-1.000,1,1,-0.000,0.000,0.000,0,1.000,0,0,0.0576,0.2559,-0.0023,0.0583
2884,50,1,1,-0.016,-0.047,-1.000,-1.000,1,1,0.000,0.000,0.000,1,1.000,1,1,0.0576,0.2559,-0.0023,0.0584
2885,51,1,0,-0.016,-0.047,-1.000,-1.000,1,1,-0.000,0.000,0.000,0,0.333,0,0,0.0635,0.2509,-0.0017,0.0657
2886,51,1,0,-0.016,-0.047,-1.000,-1.000,1,1,-0.000,0.000,0.000,0,0.667,0,0,0.0606,0.2504,-0.0028,0.0640
2887,51,1,0,-0.016,-0.047,-1.000,-1.000,1,1,-0.000,0.000,0.000,0,1.000,0,0,0.0576,0.2500,-0.0033,0.0622
2888,51,1,0,-0.016,-0.047,-1.000,-1.000,1,1,-0.000,0.000,0.000,0,1.000,0,0,0.0576,0.2495,-0.0040,0.0607
2889,51,1,0,-0.016,-0.047,-1.000,-1.000,1,1,-0.000,0.000,0.000,0,1.000,0,0,0.0576,0.2494,-0.0042,0.0592
2890,51,1,0,-0.016,-0.047,-1.000,-1.000,1,1,-0.000,0.000,0.000,0,1.000,0,0,0.0576,0.2495,-0.0043,0.0590
2891,51,1,0,-0.016,-0.047,-1.000,-1.000,1,1,-0.000,0.000,0.000,0,1.000,0,0,0.0576,0.2495,-0.0043,0.0591
2892,51,1,0,-0.016,-0.008,-1.000,-1.000,1,1,-0.000,0.000,0.000,0,1.000,0,0,0.0576,0.2495,-0.0043,0.0591
2893,51,1,0,-0.016,0.008,-1.000,-1.000,1,1,-0.000,0.000,0.000,0,1.000,0,0,0.0576,0.2495,-0.0043,0.0591
2894,51,1,0,-0.016,0.008,-1.000,-1.000,1,1,-0.000,0.000,0.000,0,1.000,0,0,0.0576,0.2495,-0.0043,0.0591
2895,51,1,0,-0.016,-0.008,-1.000,-1.000,1,1,-0.000,0.000,0.000,0,1.000,0,0,0.0576,0.2495,-0.0043,0.0591
2896,51,1,0,-0.008,-0.008,-1.000,-1.000,1,1,-0.000,0.000,0.000,0,1.000,0,0,0.0576,0.2495,-0.0043,0.0591
2897,51,1,0,-0.008,0.031,-1.000,1.000,1,1,-0.000,0.000,-1.000,0,1.000,0,0,0.0576,0.2496,-0.0043,0.0591
2898,51,1,0,-0.047,0.669,-1.000,1.000,1,1,-0.000,0.559,-1.000,0,1.000,0,0,0.0576,0.2498,-0.0033,0.0589
2899,51,1,0,-0.087,0.701,-1.000,0.929,1,1,-0.000,0.601,-0.961,0,1.000,0,0,0.0576,0.2499,-0.0019,0.0584
2900,51,1,0,0.000,0.016,-1.000,-1.000,1,1,-0.000,0.000,0.000,0,1.000,0,0,0.0576,0.2501,-0.0012,0.0582
2901,51,1,0,0.016,-0.039,-1.000,-1.000,1,1,-0.000,0.000,0.000,0,1.000,0,0,0.0576,0.2501,-0.0011,0.0582
2902,51,1,0,0.016,-0.047,-1.000,-1.000,1,1,-0.000,0.000,0.000,0,1.000,0,0,0.0576,0.2501,-0.0011,0.0582
2903,51,1,0,-0.071,-0.039,-1.000,-1.000,1,1,-0.000,0.000,0.000,0,1.000,0,0,0.0576,0.2500,-0.0011,0.0582
2904,51,1,0,-1.000,0.110,-1.000,-1.000,1,1,1.000,0.000,0.000,0,1.000,0,0,0.0576,0.2510,-0.0010,0.0581
2905,51,1,0,-0.016,-0.008,-1.000,-1.000,1,1,-0.000,0.000,0.000,0,1.000,0,0,0.0576,0.2522,-0.0010,0.0574
2906,51,1,0,-0.008,-0.016,-1.000,-1.000,1,1,-0.000,0.000,0.000,0,1.000,0,0,0.0576,0.2520,-0.0009,0.0571
2907,51,1,0,-0.008,-0.016,-1.000,-1.000,1,1,-0.000,0.000,0.000,0,1.000,0,0,0.0576,0.2522,-0.0009,0.0571
2908,51,1,0,-0.008,-0.016,-1.000,-1.000,1,1,-0.000,0.000,0.000,0,1.000,0,0,0.0576,0.2521,-0.0010,0.0572
2909,51,1,0,-0.008,-0.016,-1.000,-1.000,1,1,-0.000,0.000,0.000,0,1.000,0,0,0.0576,0.2522,-0.0010,0.0572
2910,51,1,0,-0.134,0.016,-1.000,1.000,1,1,-0.000,0.000,-1.000,0,1.000,0,0,0.0576,0.2523,-0.0009,0.0572
2911,51,1,0,-0.803,0.102,-1.000,1.000,1,1,0.738,0.000,-1.000,0,1.000,0,0,0.0576,0.2530,-0.0006,0.0569
2912,51,1,0,-0.008,-0.008,-1.000,-0.433,1,1,-0.000,0.000,-0.221,0,1.000,0,0,0.0576,0.2536,-0.0005,0.0568
2913,51,1,0,0.000,-0.047,-1.000,-1.000,1,1,-0.000,0.000,0.000,0,1.000,0,0,0.0576,0.2536,-0.0005,0.0568
2914,51,1,0,0.008,-0.047,-1.000,-1.000,1,1,-0.000,0.000,0.000,0,1.000,0,0,0.0576,0.2536,-0.0005,0.0568
2915,51,1,0,0.000,-0.047,-1.000,-1.000,1,1,-0.000,0.000,0.000,0,1.000,0,0,0.0576,0.2536,-0.0005,0.0568
2916,51,1,0,0.008,-0.047,-1.000,-1.000,1,1,-0.000,0.000,0.000,0,1.000,0,0,0.0576,0.2536,-0.0005,0.0568
2917,51,1,0,0.008,-0.047,-1.000,-1.000,1,1,-0.000,0.000,0.000,0,1.000,0,0,0.0576,0.2536,-0.0005,0.0568
2918,51,1,0,0.024,-0.047,-1.000,-1.000,1,1,-0.000,0.000,0.000,0,1.000,0,0,0.0576,0.2536,-0.0005,0.0568
2919,51,1,0,0.614,-0.055,-1.000,-1.000,1,1,-0.486,0.000,0.000,0,1.000,0,0,0.0576,0.2534,-0.0005,0.0568
2920,51,1,0,0.000,-0.055,-1.000,-1.000,1,1,-0.000,0.000,0.000,0,1.000,0,0,0.0576,0.2531,-0.0005,0.0570
2921,51,1,0,0.000,-0.055,-1.000,-1.000,1,1,-0.000,0.000,0.000,0,1.000,0,0,0.0576,0.2531,-0.0004,0.0570
2922,51,1,0,0.000,-0.055,-1.000,-1.000,1,1,-0.000,0.000,0.000,0,1.000,0,0,0.0576,0.2531,-0.0004,0.0570
2923,51,1,0,0.008,-0.055,-1.000,-1.000,1,1,-0.000,0.000,0.000,0,1.000,0,0,0.0576,0.2531,-0.0004,0.0569
2924,51,1,0,0.008,-0.055,-1.000,-1.000,1,1,-0.000,0.000,0.000,0,1.000,0,0,0.0576,0.2531,-0.0004,0.0570
2925,51,1,0,0.000,-0.055,-1.000,-1.000,1,1,-0.000,0.000,0.000,0,1.000,0,0,0.0576,0.2531,-0.0004,0.0569
2926,51,1,1,0.008,-0.055,-1.000,-1.000,1,1,0.000,0.000,0.000,1,1.000,1,1,0.0576,0.2531,-0.0004,0.0569
2927,52,1,0,0.000,-0.055,-1.000,-1.000,1,1,-0.000,0.000,0.000,0,0.333,0,0,0.0582,0.2501,-0.0006,0.0584
2928,52,1,0,0.000,-0.055,-1.000,-1.000,1,1,-0.000,0.000,0.000,0,0.667,0,0,0.0579,0.2500,-0.0025,0.0598
2929,52,1,0,0.000,-0.055,-1.000,-1.000,1,1,-0.000,0.000,0.000,0,1.000,0,0,0.0576,0.2497,-0.0034,0.0590
2930,52,1,0,0.000,-0.055,-1.000,-1.000,1,1,-0.000,0.000,0.000,0,1.000,0,0,0.0576,0.2497,-0.0041,0.0587
2931,52,1,0,0.000,-0.055,-1.000,-1.000,1,1,-0.000,0.000,0.000,0,1.000,0,0,0.0576,0.2497,-0.0042,0.0587
2932,52,1,0,0.000,-0.055,-1.000,-1.000,1,1,-0.000,0.000,0.000,0,1.000,0,0,0.0576,0.2497,-0.0042,0.0588
2933,52,1,0,0.000,-0.055,-1.000,-1.000,1,1,-0.000,0.000,0.000,0,1.000,0,0,0.0576,0.2497,-0.0043,0.0588
2934,52,1,0,0.000,-0.055,-1.000,-1.000,1,1,-0.000,0.000,0.000,0,1.000,0,0,0.0576,0.2497,-0.0042,0.0588
2935,52,1,0,0.000,-0.055,-1.000,-1.000,1,1,-0.000,0.000,0.000,0,1.000,0,0,0.0576,0.2497,-0.0043,0.0588
2936,52,1,0,0.000,-0.008,-1.000,-1.000,1,1,-0.000,0.000,0.000,0,1.000,0,0,0.0576,0.2497,-0.0043,0.0588
2937,52,1,0,0.000,0.008,-1.000,-1.000,1,1,-0.000,0.000,0.000,0,1.000,0,0,0.0576,0.2497,-0.0043,0.0588
2938,52,1,0,0.000,0.008,-1.000,-1.000,1,1,-0.000,0.000,0.000,0,1.000,0,0,0.0576,0.2497,-0.0043,0.0588
2939,52,1,0,0.000,0.008,-1.000,-0.654,1,1,-0.000,0.000,-0.101,0,1.000,0,0,0.0576,0.2497,-0.0043,0.0588
2940,52,1,0,0.000,0.008,-1.000,1.000,1,1,-0.000,0.000,-1.000,0,1.000,0,0,0.0576,0.2497,-0.0043,0.0586
2941,52,1,0,0.000,0.244,-1.000,1.000,1,1,-0.000,0.000,-1.000,0,1.000,0,0,0.0576,0.2498,-0.0039,0.0579
2942,52,1,0,0.063,0.701,-1.000,1.000,1,1,-0.000,0.601,-1.000,0,1.000,0,0,0.0576,0.2499,-0.0035,0.0574
2943,52,1,0,0.071,0.480,-1.000,1.000,1,1,-0.000,0.307,-1.000,0,1.000,0,0,0.0576,0.2499,-0.0033,0.0571
2944,52,1,0,-0.008,0.000,-1.000,-0.394,1,1,-0.000,0.000,-0.243,0,1.000,0,0,0.0576,0.2500,-0.0032,0.0568
2945,52,1,0,0.000,-0.024,-1.000,-1.000,1,1,-0.000,0.000,0.000,0,1.000,0,0,0.0576,0.2500,-0.0032,0.0568
2946,52,1,0,0.000,0.260,-1.000,-1.000,1,1,-0.000,0.013,0.000,0,1.000,0,0,0.0576,0.2500,-0.0032,0.0568
2947,52,1,0,0.024,0.764,-1.000,-1.000,1,1,-0.000,0.685,0.000,0,1.000,0,0,0.0576,0.2499,-0.0032,0.0568
2948,52,1,0,0.094,0.142,-1.000,-1.000,1,1,-0.000,0.000,0.000,0,1.000,0,0,0.0576,0.2498,-0.0032,0.0568
2949,52,1,0,0.016,-0.039,-1.000,-1.000,1,1,-0.000,0.000,0.000,0,1.000,0,0,0.0576,0.2498,-0.0032,0.0568
2950,52,1,0,0.008,0.031,-1.000,-1.000,1,1,-0.000,0.000,0.000,0,1.000,0,0,0.0576,0.2498,-0.0032,0.0568
2951,52,1,0,-0.118,0.850,-1.000,-1.000,1,1,-0.000,0.800,0.000,0,0.951,0,0,0.0577,0.2497,-0.0032,0.0568
2952,52,1,0,-0.457,0.874,-1.000,-1.000,1,1,0.276,0.832,0.000,0,0.855,0,0,0.0577,0.2497,-0.0031,0.0568
2953,52,1,0,-0.126,0.598,-1.000,-1.000,1,1,-0.000,0.465,0.000,0,0.967,0,0,0.0577,0.2497,-0.0031,0.0567
2954,52,1,0,-0.008,-0.063,-1.000,-1.000,1,1,-0.000,0.000,0.000,0,1.000,0,0,0.0576,0.2496,-0.0031,0.0566
2955,52,1,0,0.000,-0.063,-1.000,-1.000,1,1,-0.000,0.000,0.000,0,1.000,0,0,0.0576,0.2496,-0.0031,0.0566
2956,52,1,0,0.000,-0.063,-1.000,-1.000,1,1,-0.000,0.000,0.000,0,1.000,0,0,0.0576,0.2496,-0.0031,0.0566
2957,52,1,1,0.000,-0.063,-1.000,-1.000,1,1,0.000,0.000,0.000,1,1.000,1,1,0.0576,0.2496,-0.0031,0.0566
2958,53,1,0,0.000,-0.063,-1.000,-1.000,1,1,-0.000,0.000,0.000,0,0.333,0,0,0.0593,0.2491,-0.0034,0.0599
2959,53,1,0,-0.016,-0.008,-1.000,-1.000,1,1,-0.000,0.000,0.000,0,0.667,0,0,0.0584,0.2494,-0.0040,0.0603
2960,53,1,0,-0.095,0.087,-1.000,-1.000,1,1,-0.000,0.000,0.000,0,1.000,0,0,0.0576,0.2494,-0.0041,0.0594
2961,53,1,0,-0.291,0.669,-1.000,-1.000,1,1,0.055,0.559,0.000,0,1.000,0,0,0.0576,0.2497,-0.0036,0.0587
2962,53,1,0,-0.032,0.811,-1.000,-1.000,1,1,-0.000,0.748,0.000,0,1.000,0,0,0.0576,0.2497,-0.0026,0.0584
2963,53,1,0,0.000,0.008,-1.000,-1.000,1,1,-0.000,0.000,0.000,0,1.000,0,0,0.0576,0.2497,-0.0018,0.0582
2964,53,1,0,0.016,0.008,-1.000,-1.000,1,1,-0.000,0.000,0.000,0,1.000,0,0,0.0576,0.2497,-0.0018,0.0583
2965,53,1,0,0.181,0.850,-1.000,-1.000,1,1,-0.000,0.800,0.000,0,1.000,0,0,0.0576,0.2497,-0.0010,0.0582
2966,53,1,0,0.331,0.732,-1.000,-1.000,1,1,-0.108,0.643,0.000,0,1.000,0,0,0.0576,0.2498,0.0001,0.0577
2967,53,1,0,-0.008,-0.039,-1.000,-1.000,1,1,-0.000,0.000,0.000,0,1.000,0,0,0.0576,0.2499,0.0005,0.0578
2968,53,1,0,-0.008,-0.039,-1.000,-1.000,1,1,-0.000,0.000,0.000,0,1.000,0,0,0.0576,0.2499,0.0005,0.0578
2969,53,1,0,-0.095,-0.039,-1.000,-1.000,1,1,-0.000,0.000,0.000,0,1.000,0,0,0.0576,0.2499,0.0005,0.0578
2970,53,1,0,-1.000,-0.181,-1.000,-1.000,1,1,1.000,0.000,0.000,0,1.000,0,0,0.0576,0.2506,0.0007,0.0578
2971,53,1,0,-0.134,0.008,-1.000,-1.000,1,1,-0.000,0.000,0.000,0,1.000,0,0,0.0576,0.2517,0.0009,0.0577
2972,53,1,0,-0.008,-0.008,-1.000,-1.000,1,1,-0.000,0.000,0.000,0,1.000,0,0,0.0576,0.2516,0.0009,0.0576
2973,53,1,0,-0.008,-0.047,-1.000,-1.000,1,1,-0.000,0.000,0.000,0,1.000,0,0,0.0576,0.2517,0.0009,0.0576
2974,53,1,0,-0.346,-0.150,-1.000,-1.000,1,1,0.129,0.000,0.000,0,1.000,0,0,0.0576,0.2517,0.0009,0.0576
2975,53,1,0,-0.850,-0.252,-1.000,-1.000,1,1,0.801,-0.003,0.000,0,1.000,0,0,0.0576,0.2526,0.0009,0.0577
2976,53,1,0,-0.016,-0.063,-1.000,-1.000,1,1,-0.000,0.000,0.000,0,1.000,0,0,0.0576,0.2536,0.0010,0.0575
2977,53,1,0,0.008,-0.063,-1.000,-1.000,1,1,-0.000,0.000,0.000,0,1.000,0,0,0.0576,0.2535,0.0010,0.0575
2978,53,1,0,0.008,-0.063,-1.000,-1.000,1,1,-0.000,0.000,0.000,0,1.000,0,0,0.0576,0.2536,0.0010,0.0575
2979,53,1,0,-0.039,-0.102,-1.000,-1.000,1,1,-0.000,0.000,0.000,0,1.000,0,0,0.0576,0.2536,0.0010,0.0575
2980,53,1,0,-0.528,-0.339,-1.000,-1.000,1,1,0.370,-0.118,0.000,0,1.000,0,0,0.0576,0.2538,0.0009,0.0576
2981,53,1,0,-0.016,-0.095,-1.000,-1.000,1,1,-0.000,0.000,0.000,0,1.000,0,0,0.0576,0.2541,0.0007,0.0575
2982,53,1,0,0.008,-0.047,-1.000,-1.000,1,1,-0.000,0.000,0.000,0,1.000,0,0,0.0576,0.2541,0.0007,0.0574
2983,53,1,0,0.008,-0.047,-1.000,-1.000,1,1,-0.000,0.000,0.000,0,1.000,0,0,0.0576,0.2541,0.0007,0.0574
2984,53,1,0,0.008,-0.047,-1.000,-1.000,1,1,-0.000,0.000,0.000,0,1.000,0,0,0.0576,0.2541,0.0007,0.0574
2985,53,1,0,0.008,-0.047,-1.000,-1.000,1,1,-0.000,0.000,0.000,0,1.000,0,0,0.0576,0.2541,0.0007,0.0574
2986,53,1,0,0.008,-0.047,-1.000,-1.000,1,1,-0.000,0.000,0.000,0,1.000,0,0,0.0576,0.2541,0.0007,0.0574
2987,53,1,0,0.008,-0.047,-1.000,-1.000,1,1,-0.000,0.000,0.000,0,1.000,0,0,0.0576,0.2541,0.0007,0.0574
2988,53,1,0,0.008,-0.047,-1.000,-1.000,1,1,-0.000,0.000,0.000,0,1.000,0,0,0.0576,0.2541,0.0007,0.0574
2989,53,1,0,0.000,-0.079,-1.000,-1.000,1,1,-0.000,0.000,0.000,0,1.000,0,0,0.0576,0.2541,0.0007,0.0574
2990,53,1,0,0.000,-0.079,-1.000,0.079,1,1,-0.000,0.000,-0.499,0,1.000,0,0,0.0576,0.2541,0.0007,0.0574
2991,53,1,0,0.008,-0.630,-1.000,1.000,1,1,-0.000,-0.507,-1.000,0,1.000,0,0,0.0576,0.2542,0.0006,0.0574
2992,53,1,0,0.394,-0.890,-1.000,1.000,1,1,-0.192,-0.853,-1.000,0,1.000,0,0,0.0576,0.2541,0.0000,0.0574
2993,53,1,0,0.197,-0.158,-1.000,1.000,1,1,-0.000,0.000,-1.000,0,1.000,0,0,0.0576,0.2540,-0.0004,0.0577
2994,53,1,0,0.024,-0.039,-1.000,1.000,1,1,-0.000,0.000,-1.000,0,1.000,0,0,0.0576,0.2541,-0.0002,0.0575
2995,53,1,0,0.000,-0.016,-1.000,1.000,1,1,-0.000,0.000,-1.000,0,1.000,0,0,0.0576,0.2542,0.0001,0.0574
2996,53,1,0,-0.409,-0.276,-1.000,1.000,1,1,0.213,-0.034,-1.000,0,1.000,0,0,0.0576,0.2543,0.0003,0.0573
2997,53,1,0,-0.472,-0.535,-1.000,1.000,1,1,0.297,-0.381,-1.000,0,1.000,0,0,0.0576,0.2547,0.0002,0.0574
2998,53,1,0,-0.354,-0.654,-1.000,1.000,1,1,0.139,-0.538,-1.000,0,1.000,0,0,0.0576,0.2551,-0.0002,0.0574
2999,53,1,0,0.055,-0.213,-1.000,1.000,1,1,-0.000,0.000,-1.000,0,1.000,0,0,0.0576,0.2554,-0.0004,0.0577
3000,53,1,0,0.047,-0.063,-1.000,1.000,1,1,-0.000,0.000,-1.000,0,1.000,0,0,0.0576,0.2554,-0.0004,0.0576
3001,53,1,0,-0.008,0.008,-1.000,1.000,1,1,-0.000,0.000,-1.000,0,1.000,0,0,0.0576,0.2554,-0.0002,0.0576
3002,53,1,0,0.000,0.000,-1.000,-0.512,1,1,-0.000,0.000,-0.178,0,1.000,0,0,0.0576,0.2555,-0.0002,0.0576
3003,53,1,0,0.008,-0.024,-1.000,-1.000,1,1,-0.000,0.000,0.000,0,1.000,0,0,0.0576,0.2555,-0.0002,0.0576
3004,53,1,0,0.008,-0.032,-1.000,-1.000,1,1,-0.000,0.000,0.000,0,1.000,0,0,0.0576,0.2555,-0.0002,0.0576
3005,53,1,0,0.008,-0.032,-1.000,-1.000,1,1,-0.000,0.000,0.000,0,1.000,0,0,0.0576,0.2555,-0.0002,0.0576
3006,53,1,1,0.000,-0.032,-1.000,-1.000,1,1,0.000,0.000,0.000,1,1.000,1,1,0.0576,0.2555,-0.0002,0.0576
3007,54,1,0,0.000,-0.032,-1.000,-1.000,1,1,-0.000,0.000,0.000,0,0.333,0,0,0.0629,0.2489,-0.0023,0.0647
3008,54,1,0,0.000,-0.032,-1.000,-1.000,1,1,-0.000,0.000,0.000,0,0.667,0,0,0.0602,0.2494,-0.0031,0.0635
3009,54,1,0,0.000,-0.032,-1.000,-1.000,1,1,-0.000,0.000,0.000,0,1.000,0,0,0.0576,0.2491,-0.0035,0.0615
3010,54,1,0,0.000,-0.032,-1.000,-1.000,1,1,-0.000,0.000,0.000,0,1.000,0,0,0.0576,0.2491,-0.0041,0.0602
3011,54,1,0,0.000,-0.032,-1.000,-1.000,1,1,-0.000,0.000,0.000,0,1.000,0,0,0.0576,0.2493,-0.0042,0.0590
3012,54,1,0,0.000,-0.032,-1.000,-1.000,1,1,-0.000,0.000,0.000,0,1.000,0,0,0.0576,0.2493,-0.0043,0.0591
3013,54,1,0,0.000,-0.032,-1.000,-1.000,1,1,-0.000,0.000,0.000,0,1.000,0,0,0.0576,0.2493,-0.0044,0.0591
3014,54,1,0,0.000,-0.032,-1.000,-1.000,1,1,-0.000,0.000,0.000,0,1.000,0,0,0.0576,0.2493,-0.0044,0.0592
3015,54,1,0,0.000,-0.032,-1.000,-1.000,1,1,-0.000,0.000,0.000,0,1.000,0,0,0.0576,0.2493,-0.0044,0.0592
3016,54,1,0,0.000,-0.032,-1.000,-1.000,1,1,-0.000,0.000,0.000,0,1.000,0,0,0.0576,0.2493,-0.0043,0.0592
3017,54,1,0,0.000,-0.032,-1.000,-1.000,1,1,-0.000,0.000,0.000,0,1.000,0,0,0.0576,0.2493,-0.0044,0.0592
3018,54,1,0,0.000,-0.032,-1.000,-1.000,1,1,-0.000,0.000,0.000,0,1.000,0,0,0.0576,0.2493,-0.0044,0.0592
3019,54,1,0,0.000,-0.032,-1.000,-1.000,1,1,-0.000,0.000,0.000,0,1.000,0,0,0.0576,0.2493,-0.0044,0.0592
3020,54,1,0,0.000,-0.032,-1.000,-1.000,1,1,-0.000,0.000,0.000,0,1.000,0,0,0.0576,0.2493,-0.0044,0.0592
3021,54,1,0,0.000,-0.032,-1.000,-1.000,1,1,-0.000,0.000,0.000,0,1.000,0,0,0.0576,0.2493,-0.0044,0.0592
3022,54,1,0,0.000,-0.032,-1.000,-1.000,1,1,-0.000,0.000,0.000,0,1.000,0,0,0.0576,0.2493,-0.0044,0.0592
3023,54,1,0,0.000,-0.032,-1.000,-1.000,1,1,-0.000,0.000,0.000,0,1.000,0,0,0.0576,0.2493,-0.0044,0.0592
3024,54,1,0,0.000,-0.032,-1.000,-1.000,1,1,-0.000,0.000,0.000,0,1.000,0,0,0.0576,0.2493,-0.0044,0.0592
3025,54,1,0,0.000,-0.032,-1.000,-1.000,1,1,-0.000,0.000,0.000,0,1.000,0,0,0.0576,0.2493,-0.0044,0.0592
3026,54,1,0,0.000,-0.032,-1.000,-1.000,1,1,-0.000,0.000,0.000,0,1.000,0,0,0.0576,0.2493,-0.0044,0.0592
3027,54,1,0,0.000,-0.032,-1.000,-1.000,1,1,-0.000,0.000,0.000,0,1.000,0,0,0.0576,0.2493,-0.0044,0.0592
3028,54,1,0,0.000,-0.032,-1.000,-1.000,1,1,-0.000,0.000,0.000,0,1.000,0,0,0.0576,0.2493,-0.0044,0.0592
3029,54,1,0,0.000,-0.032,-1.000,-1.000,1,1,-0.000,0.000,0.000,0,1.000,0,0,0.0576,0.2493,-0.0044,0.0592
3030,54,1,0,0.000,-0.032,-1.000,-1.000,1,1,-0.000,0.000,0.000,0,1.000,0,0,0.0576,0.2493,-0.0044,0.0592
3031,54,1,0,0.000,-0.032,-1.000,-1.000,1,1,-0.000,0.000,0.000,0,1.000,0,0,0.0576,0.2493,-0.0044,0.0592
3032,54,1,0,0.000,-0.032,-1.000,-1.000,1,1,-0.000,0.000,0.000,0,1.000,0,0,0.0576,0.2493,-0.0044,0.0592
3033,54,1,0,0.000,-0.032,-1.000,-1.000,1,1,-0.000,0.000,0.000,0,1.000,0,0,0.0576,0.2493,-0.0044,0.0592
3034,54,1,0,0.000,-0.032,-1.000,-1.000,1,1,-0.000,0.000,0.000,0,1.000,0,0,0.0576,0.2493,-0.0044,0.0592
3035,54,1,0,0.000,-0.032,-1.000,-1.000,1,1,-0.000,0.000,0.000,0,1.000,0,0,0.0576,0.2493,-0.0044,0.0592
3036,54,1,0,0.000,-0.032,-1.000,-1.000,1,1,-0.000,0.000,0.000,0,1.000,0,0,0.0576,0.2493,-0.0044,0.0592
3037,54,1,0,0.000,-0.032,-1.000,-1.000,1,1,-0.000,0.000,0.000,0,1.000,0,0,0.0576,0.2493,-0.0044,0.0592
3038,54,1,0,0.000,-0.032,-1.000,-1.000,1,1,-0.000,0.000,0.000,0,1.000,0,0,0.0576,0.2493,-0.0044,0.0592
3039,54,1,0,0.000,-0.032,-1.000,-1.000,1,1,-0.000,0.000,0.000,0,1.000,0,0,0.0576,0.2493,-0.0044,0.0592
3040,54,1,0,0.000,-0.032,-1.000,-1.000,1,1,-0.000,0.000,0.000,0,1.000,0,0,0.0576,0.2493,-0.0044,0.0592
3041,54,1,0,0.000,-0.032,-1.000,-1.000,1,1,-0.000,0.000,0.000,0,1.000,0,0,0.0576,0.2493,-0.0043,0.0593
3042,54,1,0,0.000,-0.032,-1.000,-1.000,1,1,-0.000,0.000,0.000,0,1.000,0,0,0.0576,0.2494,-0.0043,0.0594
3043,54,1,0,0.000,-0.032,-1.000,-1.000,1,1,-0.000,0.000,0.000,0,1.000,0,0,0.0576,0.2493,-0.0043,0.0594
3044,54,1,0,0.000,-0.032,-1.000,-1.000,1,1,-0.000,0.000,0.000,0,1.000,0,0,0.0576,0.2494,-0.0043,0.0594
3045,54,1,0,0.000,-0.032,-1.000,-1.000,1,1,-0.000,0.000,0.000,0,1.000,0,0,0.0576,0.2494,-0.0043,0.0594
3046,54,1,0,0.000,-0.032,-1.000,-1.000,1,1,-0.000,0.000,0.000,0,1.000,0,0,0.0576,0.2494,-0.0042,0.0595
3047,54,1,0,0.000,-0.032,-1.000,-1.000,1,1,-0.000,0.000,0.000,0,1.000,0,0,0.0576,0.2494,-0.0041,0.0594
3048,54,1,0,0.000,-0.032,-1.000,-1.000,1,1,-0.000,0.000,0.000,0,1.000,0,0,0.0576,0.2495,-0.0041,0.0595
3049,54,1,0,0.000,-0.032,-1.000,-1.000,1,1,-0.000,0.000,0.000,0,1.000,0,0,0.0576,0.2496,-0.0041,0.0595
3050,54,1,0,0.000,-0.032,-1.000,-1.000,1,1,-0.000,0.000,0.000,0,1.000,0,0,0.0576,0.2497,-0.0041,0.0595
3051,54,1,0,0.000,-0.032,-1.000,-1.000,1,1,-0.000,0.000,0.000,0,1.000,0,0,0.0576,0.2497,-0.0041,0.0595
3052,54,1,0,0.000,-0.032,-1.000,-1.000,1,1,-0.000,0.000,0.000,0,1.000,0,0,0.0576,0.2497,-0.0041,0.0595
3053,54,1,0,0.000,-0.032,-1.000,-1.000,1,1,-0.000,0.000,0.000,0,1.000,0,0,0.0576,0.2496,-0.0041,0.0597
3054,54,1,0,0.000,-0.032,-1.000,-1.000,1,1,-0.000,0.000,0.000,0,1.000,0,0,0.0576,0.2495,-0.0037,0.0600
3055,54,1,0,0.000,-0.032,-1.000,-1.000,1,1,-0.000,0.000,0.000,0,1.000,0,0,0.0576,0.2494,-0.0034,0.0601
3056,54,1,0,0.000,-0.032,-1.000,-1.000,1,1,-0.000,0.000,0.000,0,1.000,0,0,0.0576,0.2491,-0.0037,0.0599
3057,54,1,0,0.000,-0.032,-1.000,-1.000,1,1,-0.000,0.000,0.000,0,1.000,0,0,0.0576,0.2492,-0.0039,0.0594
3058,54,1,0,0.000,-0.032,-1.000,-1.000,1,1,-0.000,0.000,0.000,0,1.000,0,0,0.0576,0.2493,-0.0042,0.0593
3059,54,1,0,0.000,-0.032,-1.000,-1.000,1,1,-0.000,0.000,0.000,0,1.000,0,0,0.0576,0.2493,-0.0043,0.0593
3060,54,1,0,0.000,-0.032,-1.000,-1.000,1,1,-0.000,0.000,0.000,0,1.000,0,0,0.0576,0.2493,-0.0043,0.0593
3061,54,1,0,0.000,-0.032,-1.000,-1.000,1,1,-0.000,0.000,0.000,0,1.000,0,0,0.0576,0.2493,-0.0043,0.0593
3062,54,1,0,0.000,-0.032,-1.000,-1.000,1,1,-0.000,0.000,0.000,0,1.000,0,0,0.0576,0.2493,-0.0043,0.0593
3063,54,1,0,0.000,-0.032,-1.000,-1.000,1,1,-0.000,0.000,0.000,0,1.000,0,0,0.0576,0.2493,-0.0043,0.0593
3064,54,1,0,0.000,-0.032,-1.000,-1.000,1,1,-0.000,0.000,0.000,0,1.000,0,0,0.0576,0.2493,-0.0043,0.0593
3065,54,1,1,0.000,-0.032,-1.000,-1.000,1,1,0.000,0.000,0.000,1,1.000,1,1,0.0576,0.2493,-0.0043,0.0593
3066,55,1,0,0.000,-0.032,-1.000,-1.000,1,1,-0.000,0.000,0.000,0,0.333,0,0,0.0590,0.2461,-0.0069,0.0601
3067,55,1,0,0.000,-0.032,-1.000,-1.000,1,1,-0.000,0.000,0.000,0,0.667,0,0,0.0583,0.2478,-0.0062,0.0610
3068,55,1,0,0.000,-0.032,-1.000,-1.000,1,1,-0.000,0.000,0.000,0,1.000,0,0,0.0576,0.2487,-0.0051,0.0599
3069,55,1,0,0.000,-0.032,-1.000,-1.000,1,1,-0.000,0.000,0.000,0,1.000,0,0,0.0576,0.2494,-0.0043,0.0591
3070,55,1,0,0.000,-0.032,-1.000,-1.000,1,1,-0.000,0.000,0.000,0,1.000,0,0,0.0576,0.2494,-0.0045,0.0591
3071,55,1,0,0.000,-0.032,-1.000,-1.000,1,1,-0.000,0.000,0.000,0,1.000,0,0,0.0576,0.2494,-0.0045,0.0591
3072,55,1,0,0.000,-0.032,-1.000,-1.000,1,1,-0.000,0.000,0.000,0,1.000,0,0,0.0576,0.2494,-0.0045,0.0591
3073,55,1,1,-0.016,-0.032,-1.000,-1.000,1,1,0.000,0.000,0.000,1,1.000,1,1,0.0576,0.2494,-0.0045,0.0591
3074,56,1,0,-0.008,-0.032,-1.000,-1.000,1,1,-0.000,0.000,0.000,0,0.333,0,0,0.0574,0.2515,-0.0032,0.0577
3075,56,1,0,-0.008,-0.032,-1.000,-1.000,1,1,-0.000,0.000,0.000,0,0.667,0,0,0.0575,0.2509,-0.0040,0.0587
3076,56,1,0,-0.008,-0.032,-1.000,-1.000,1,1,-0.000,0.000,0.000,0,1.000,0,0,0.0576,0.2501,-0.0041,0.0587
3077,56,1,0,-0.008,-0.032,-1.000,-1.000,1,1,-0.000,0.000,0.000,0,1.000,0,0,0.0576,0.2498,-0.0042,0.0587
3078,56,1,0,-0.008,-0.032,-1.000,-1.000,1,1,-0.000,0.000,0.000,0,1.000,0,0,0.0576,0.2498,-0.0042,0.0587
3079,56,1,0,-0.008,-0.032,-1.000,-1.000,1,1,-0.000,0.000,0.000,0,1.000,0,0,0.0576,0.2498,-0.0042,0.0587
3080,56,1,0,-0.008,-0.032,-1.000,-1.000,1,1,-0.000,0.000,0.000,0,1.000,0,0,0.0576,0.2498,-0.0042,0.0587
3081,56,1,0,0.000,-0.032,-1.000,-1.000,1,1,-0.000,0.000,0.000,0,1.000,0,0,0.0576,0.2498,-0.0042,0.0587
3082,56,1,0,0.016,0.260,-1.000,-1.000,1,1,-0.000,0.013,0.000,0,1.000,0,0,0.0576,0.2498,-0.0042,0.0587
3083,56,1,0,0.016,0.811,-1.000,-1.000,1,1,-0.000,0.748,0.000,0,1.000,0,0,0.0576,0.2496,-0.0035,0.0588
3084,56,1,0,-0.032,0.016,-1.000,-1.000,1,1,-0.000,0.000,0.000,0,1.000,0,0,0.0576,0.2494,-0.0031,0.0589
3085,56,1,0,-0.008,-0.008,-1.000,-1.000,1,1,-0.000,0.000,0.000,0,1.000,0,0,0.0576,0.2494,-0.0029,0.0590
3086,56,1,0,-0.008,-0.008,-1.000,-1.000,1,1,-0.000,0.000,0.000,0,1.000,0,0,0.0576,0.2494,-0.0029,0.0590
3087,56,1,0,-0.016,-0.008,-1.000,-1.000,1,1,-0.000,0.000,0.000,0,1.000,0,0,0.0576,0.2494,-0.0029,0.0590
3088,56,1,0,-0.252,0.315,-1.000,-1.000,1,1,0.003,0.087,0.000,0,1.000,0,0,0.0576,0.2494,-0.0028,0.0590
3089,56,1,0,-0.457,0.772,-1.000,-1.000,1,1,0.276,0.696,0.000,0,1.000,0,0,0.0576,0.2492,-0.0022,0.0590
3090,56,1,0,0.000,-0.039,-1.000,-1.000,1,1,-0.000,0.000,0.000,0,1.000,0,0,0.0576,0.2491,-0.0017,0.0590
3091,56,1,0,0.000,-0.016,-1.000,-1.000,1,1,-0.000,0.000,0.000,0,1.000,0,0,0.0576,0.2491,-0.0016,0.0591
3092,56,1,0,-0.024,0.008,-1.000,-1.000,1,1,-0.000,0.000,0.000,0,1.000,0,0,0.0576,0.2491,-0.0016,0.0591
3093,56,1,0,-0.071,0.764,-1.000,-1.000,1,1,-0.000,0.685,0.000,0,1.000,0,0,0.0576,0.2489,-0.0009,0.0591
3094,56,1,0,0.087,0.402,-1.000,-1.000,1,1,-0.000,0.202,0.000,0,1.000,0,0,0.0576,0.2488,-0.0004,0.0593
3095,56,1,0,0.000,-0.039,-1.000,-1.000,1,1,-0.000,0.000,0.000,0,1.000,0,0,0.0576,0.2488,-0.0003,0.0595
3096,56,1,0,-0.008,-0.024,-1.000,-1.000,1,1,-0.000,0.000,0.000,0,1.000,0,0,0.0576,0.2488,-0.0003,0.0595
3097,56,1,0,0.000,-0.024,-1.000,-1.000,1,1,-0.000,0.000,0.000,0,1.000,0,0,0.0576,0.2488,-0.0003,0.0595
3098,56,1,0,-0.016,-0.024,-1.000,-1.000,1,1,-0.000,0.000,0.000,0,1.000,0,0,0.0576,0.2488,-0.0003,0.0595
3099,56,1,0,-0.039,-0.024,-1.000,-1.000,1,1,-0.000,0.000,0.000,0,1.000,0,0,0.0576,0.2488,-0.0003,0.0595
3100,56,1,0,-0.008,-0.039,-1.000,-0.866,1,1,-0.000,0.000,0.000,0,1.000,0,0,0.0576,0.2488,-0.0003,0.0595
3101,56,1,0,-0.008,-0.032,-1.000,1.000,1,1,-0.000,0.000,-1.000,0,1.000,0,0,0.0576,0.2487,-0.0004,0.0593
3102,56,1,0,-0.008,-0.032,-1.000,1.000,1,1,-0.000,0.000,-1.000,0,1.000,0,0,0.0576,0.2485,-0.0004,0.0585
3103,56,1,0,-0.008,-0.032,-1.000,1.000,1,1,-0.000,0.000,-1.000,0,1.000,0,0,0.0576,0.2486,-0.0004,0.0580
3104,56,1,0,-0.008,-0.032,-1.000,1.000,1,1,-0.000,0.000,-1.000,0,1.000,0,0,0.0576,0.2486,-0.0003,0.0577
3105,56,1,0,0.031,0.055,-1.000,1.000,1,1,-0.000,0.000,-1.000,0,1.000,0,0,0.0576,0.2485,-0.0004,0.0574
3106,56,1,0,0.449,0.717,-1.000,1.000,1,1,-0.265,0.622,-1.000,0,1.000,0,0,0.0576,0.2486,-0.0002,0.0574
3107,56,1,0,0.386,0.701,-1.000,1.000,1,1,-0.181,0.601,-1.000,0,1.000,0,0,0.0576,0.2487,-0.0001,0.0575
3108,56,1,0,-0.008,-0.055,-1.000,1.000,1,1,-0.000,0.000,-1.000,0,1.000,0,0,0.0576,0.2488,-0.0000,0.0575
3109,56,1,0,0.008,-0.055,-1.000,1.000,1,1,-0.000,0.000,-1.000,0,1.000,0,0,0.0576,0.2487,-0.0000,0.0575
3110,56,1,0,0.000,-0.055,-1.000,1.000,1,1,-0.000,0.000,-1.000,0,1.000,0,0,0.0576,0.2488,-0.0001,0.0574
3111,56,1,0,-0.079,-0.039,-1.000,1.000,1,1,-0.000,0.000,-1.000,0,1.000,0,0,0.0576,0.2488,-0.0001,0.0574
3112,56,1,0,-0.976,-0.323,-1.000,-1.000,1,1,0.969,-0.097,0.000,0,0.898,0,0,0.0576,0.2488,-0.0002,0.0574
3113,56,1,0,-1.000,-0.260,-1.000,-1.000,1,1,1.000,-0.013,0.000,0,0.768,0,0,0.0575,0.2489,-0.0003,0.0573
3114,56,1,0,-0.654,-0.205,-1.000,-1.000,1,1,0.538,0.000,0.000,0,0.850,0,0,0.0576,0.2489,-0.0004,0.0573
3115,56,1,0,-0.008,-0.095,-1.000,-1.000,1,1,-0.000,0.000,0.000,0,1.000,0,0,0.0576,0.2489,-0.0005,0.0572
3116,56,1,0,0.000,-0.095,-1.000,-1.000,1,1,-0.000,0.000,0.000,0,1.000,0,0,0.0576,0.2488,-0.0005,0.0572
3117,56,1,0,-0.969,-0.063,-1.000,-1.000,1,1,0.958,0.000,0.000,0,0.887,0,0,0.0576,0.2489,-0.0005,0.0572
3118,56,1,0,-1.000,-0.055,-1.000,-1.000,1,1,1.000,0.000,0.000,0,0.754,0,0,0.0575,0.2490,-0.0007,0.0572
3119,56,1,0,-1.000,-0.055,-1.000,-1.000,1,1,1.000,0.000,0.000,0,0.621,0,0,0.0575,0.2492,-0.0009,0.0571
3120,56,1,0,-1.000,-0.189,-1.000,-1.000,1,1,1.000,0.000,0.000,0,0.488,0,0,0.0574,0.2496,-0.0014,0.0568
3121,56,1,0,-1.000,-0.252,-1.000,-1.000,1,1,1.000,-0.003,0.000,0,0.355,0,0,0.0574,0.2499,-0.0018,0.0566
3122,56,1,0,-0.512,-0.260,-1.000,-1.000,1,1,0.349,-0.013,0.000,0,0.528,0,0,0.0575,0.2501,-0.0022,0.0564
3123,56,1,0,0.008,-0.087,-1.000,-1.000,1,1,-0.000,0.000,0.000,0,0.861,0,0,0.0576,0.2501,-0.0026,0.0563
3124,56,1,0,0.008,-0.008,-1.000,-1.000,1,1,-0.000,0.000,0.000,0,1.000,0,0,0.0576,0.2501,-0.0028,0.0563
3125,56,1,0,0.008,0.346,-1.000,-1.000,1,1,-0.000,0.129,0.000,0,1.000,0,0,0.0576,0.2500,-0.0028,0.0563
3126,56,1,0,-0.134,1.000,-1.000,-1.000,1,1,-0.000,1.000,0.000,0,1.000,0,0,0.0576,0.2498,-0.0026,0.0562
3127,56,1,0,-0.512,0.913,-1.000,-1.000,1,1,0.349,0.884,0.000,0,1.000,0,0,0.0576,0.2498,-0.0022,0.0564
3128,56,1,0,-1.000,0.291,-1.000,-1.000,1,1,1.000,0.055,0.000,0,0.858,0,0,0.0576,0.2497,-0.0018,0.0564
3129,56,1,0,-1.000,0.055,-1.000,-1.000,1,1,1.000,0.000,0.000,0,0.725,0,0,0.0575,0.2497,-0.0018,0.0564
3130,56,1,0,-0.906,0.102,-1.000,-1.000,1,1,0.874,0.000,0.000,0,0.651,0,0,0.0575,0.2497,-0.0018,0.0563
3131,56,1,0,-1.000,0.228,-1.000,-1.000,1,1,1.000,0.000,0.000,0,0.518,0,0,0.0574,0.2498,-0.0019,0.0562
3132,56,1,0,-1.000,0.228,-1.000,-1.000,1,1,1.000,0.000,0.000,0,0.385,0,0,0.0574,0.2501,-0.0022,0.0562
3133,56,1,0,-1.000,0.228,-1.000,-1.000,1,1,1.000,0.000,0.000,0,0.252,0,0,0.0573,0.2506,-0.0025,0.0557
3134,56,1,0,-1.000,0.228,-1.000,-1.000,1,1,1.000,0.000,0.000,0,0.119,0,0,0.0573,0.2509,-0.0024,0.0555
3135,56,1,0,-0.559,0.118,-1.000,-1.000,1,1,0.412,0.000,0.000,0,0.260,0,0,0.0574,0.2510,-0.0026,0.0554
3136,56,1,0,-0.071,0.000,-1.000,-1.000,1,1,-0.000,0.000,0.000,0,0.593,0,0,0.0575,0.2509,-0.0027,0.0555
3137,56,1,0,-0.535,0.071,-1.000,-1.000,1,1,0.381,0.000,0.000,0,0.749,0,0,0.0575,0.2508,-0.0028,0.0555
3138,56,1,0,-1.000,0.197,-1.000,-1.000,1,1,1.000,0.000,0.000,0,0.616,0,0,0.0575,0.2508,-0.0030,0.0555
3139,56,1,0,-1.000,0.197,-1.000,-1.000,1,1,1.000,0.000,0.000,0,0.483,0,0,0.0574,0.2510,-0.0033,0.0556
3140,56,1,0,-0.992,0.197,-1.000,-1.000,1,1,0.990,0.000,0.000,0,0.355,0,0,0.0574,0.2512,-0.0035,0.0557
3141,56,1,0,-0.008,-0.008,-1.000,-0.213,1,1,-0.000,0.000,-0.341,0,0.668,0,0,0.0575,0.2512,-0.0037,0.0556
3142,56,1,0,-0.008,-0.008,-1.000,1.000,1,1,-0.000,0.000,-1.000,0,0.940,0,0,0.0576,0.2511,-0.0037,0.0557
3143,56,1,0,-0.008,-0.016,-1.000,1.000,1,1,-0.000,0.000,-1.000,0,1.000,0,0,0.0576,0.2510,-0.0037,0.0556
3144,56,1,0,0.024,0.024,-1.000,1.000,1,1,-0.000,0.000,-1.000,0,1.000,0,0,0.0576,0.2511,-0.0037,0.0556
3145,56,1,0,0.315,0.992,-1.000,1.000,1,1,-0.087,0.989,-1.000,0,1.000,0,0,0.0576,0.2509,-0.0035,0.0555
3146,56,1,0,0.386,0.992,-1.000,1.000,1,1,-0.181,0.989,-1.000,0,1.000,0,0,0.0576,0.2507,-0.0032,0.0554
3147,56,1,0,0.764,0.756,-1.000,1.000,1,1,-0.685,0.675,-1.000,0,1.000,0,0,0.0576,0.2506,-0.0029,0.0555
3148,56,1,0,1.000,0.260,-1.000,1.000,1,1,-1.000,0.013,-1.000,0,1.000,0,0,0.0576,0.2505,-0.0026,0.0555
3149,56,1,0,1.000,0.134,-1.000,1.000,1,1,-1.000,0.000,-1.000,0,1.000,0,0,0.0576,0.2505,-0.0024,0.0555
3150,56,1,0,1.000,0.315,-1.000,1.000,1,1,-1.000,0.087,-1.000,0,1.000,0,0,0.0576,0.2505,-0.0023,0.0555
3151,56,1,0,1.000,0.244,-1.000,1.000,1,1,-1.000,0.000,-1.000,0,1.000,0,0,0.0576,0.2505,-0.0022,0.0555
3152,56,1,0,0.126,-0.110,-1.000,1.000,1,1,-0.000,0.000,-1.000,0,1.000,0,0,0.0576,0.2505,-0.0021,0.0555
3153,56,1,0,0.087,-0.079,-1.000,1.000,1,1,-0.000,0.000,-1.000,0,1.000,0,0,0.0576,0.2505,-0.0021,0.0555
3154,56,1,0,0.110,0.031,-1.000,1.000,1,1,-0.000,0.000,-1.000,0,1.000,0,0,0.0576,0.2505,-0.0021,0.0555
3155,56,1,0,1.000,0.260,-1.000,1.000,1,1,-1.000,0.013,-1.000,0,1.000,0,0,0.0576,0.2505,-0.0021,0.0555
3156,56,1,0,1.000,0.055,-1.000,1.000,1,1,-1.000,0.000,-1.000,0,1.000,0,0,0.0576,0.2505,-0.0021,0.0555
3157,56,1,0,1.000,-0.102,-1.000,1.000,1,1,-1.000,0.000,-1.000,0,1.000,0,0,0.0576,0.2505,-0.0021,0.0555
3158,56,1,0,1.000,-0.268,-1.000,1.000,1,1,-1.000,-0.024,-1.000,0,1.000,0,0,0.0576,0.2505,-0.0020,0.0555
3159,56,1,0,0.441,-0.291,-1.000,1.000,1,1,-0.255,-0.055,-1.000,0,1.000,0,0,0.0576,0.2505,-0.0020,0.0555
3160,56,1,0,0.039,-0.008,-1.000,1.000,1,1,-0.000,0.000,-1.000,0,1.000,0,0,0.0576,0.2505,-0.0018,0.0554
3161,56,1,0,0.000,-0.008,-1.000,1.000,1,1,-0.000,0.000,-1.000,0,1.000,0,0,0.0576,0.2505,-0.0018,0.0555
3162,56,1,0,0.000,-0.008,-1.000,1.000,1,1,-0.000,0.000,-1.000,0,1.000,0,0,0.0576,0.2505,-0.0018,0.0555
3163,56,1,0,0.071,-0.008,-1.000,1.000,1,1,-0.000,0.000,-1.000,0,1.000,0,0,0.0576,0.2505,-0.0018,0.0555
3164,56,1,0,0.535,0.047,-1.000,1.000,1,1,-0.381,0.000,-1.000,0,1.000,0,0,0.0576,0.2505,-0.0018,0.0555
3165,56,1,0,0.512,0.055,-1.000,1.000,1,1,-0.349,0.000,-1.000,0,1.000,0,0,0.0576,0.2505,-0.0017,0.0555
3166,56,1,0,-0.008,-0.024,-1.000,1.000,1,1,-0.000,0.000,-1.000,0,1.000,0,0,0.0576,0.2505,-0.0017,0.0555
3167,56,1,0,-0.016,-0.024,-1.000,1.000,1,1,-0.000,0.000,-1.000,0,1.000,0,0,0.0576,0.2505,-0.0017,0.0555
3168,56,1,0,-0.016,-0.024,-1.000,1.000,1,1,-0.000,0.000,-1.000,0,1.000,0,0,0.0576,0.2504,-0.0017,0.0555
3169,56,1,1,-0.008,-0.024,-1.000,1.000,1,1,0.000,0.000,0.000,1,1.000,1,1,0.0576,0.2504,-0.0017,0.0555
3170,57,1,0,0.000,-0.024,-1.000,-1.000,1,1,-0.000,0.000,0.000,0,0.333,0,0,0.0590,0.2475,-0.0041,0.0602
3171,57,1,0,0.000,-0.024,-1.000,-1.000,1,1,-0.000,0.000,0.000,0,0.667,0,0,0.0583,0.2485,-0.0046,0.0611
3172,57,1,0,-0.016,-0.024,-1.000,-1.000,1,1,-0.000,0.000,0.000,0,1.000,0,0,0.0576,0.2491,-0.0044,0.0596
3173,57,1,0,-0.024,-0.024,-1.000,-1.000,1,1,-0.000,0.000,0.000,0,1.000,0,0,0.0576,0.2497,-0.0041,0.0587
3174,57,1,0,-0.457,-0.024,-1.000,-1.000,1,1,0.276,0.000,0.000,0,1.000,0,0,0.0576,0.2497,-0.0043,0.0588
3175,57,1,0,-0.890,-0.024,-1.000,-1.000,1,1,0.853,0.000,0.000,0,1.000,0,0,0.0576,0.2503,-0.0042,0.0592
3176,57,1,0,-0.890,-0.024,-1.000,-1.000,1,1,0.853,0.000,0.000,0,1.000,0,0,0.0576,0.2515,-0.0041,0.0603
3177,57,1,0,-0.551,-0.024,-1.000,-1.000,1,1,0.402,0.000,0.000,0,1.000,0,0,0.0576,0.2522,-0.0040,0.0611
3178,57,1,0,-0.008,-0.024,-1.000,-1.000,1,1,-0.000,0.000,0.000,0,1.000,0,0,0.0576,0.2525,-0.0039,0.0614
3179,57,1,0,0.000,-0.024,-1.000,-1.000,1,1,-0.000,0.000,0.000,0,1.000,0,0,0.0576,0.2525,-0.0039,0.0614
3180,57,1,0,0.000,-0.024,-1.000,-1.000,1,1,-0.000,0.000,0.000,0,1.000,0,0,0.0576,0.2525,-0.0039,0.0614
3181,57,1,0,0.000,-0.024,-1.000,0.213,1,1,-0.000,0.000,-0.572,0,1.000,0,0,0.0576,0.2524,-0.0039,0.0613
3182,57,1,0,0.000,-0.024,-1.000,1.000,1,1,-0.000,0.000,-1.000,0,1.000,0,0,0.0576,0.2520,-0.0039,0.0610
3183,57,1,0,0.000,-0.024,-1.000,1.000,1,1,-0.000,0.000,-1.000,0,1.000,0,0,0.0576,0.2513,-0.0039,0.0605
3184,57,1,0,0.000,-0.024,-1.000,1.000,1,1,-0.000,0.000,-1.000,0,1.000,0,0,0.0576,0.2507,-0.0039,0.0600
3185,57,1,0,0.000,-0.024,-1.000,1.000,1,1,-0.000,0.000,-1.000,0,1.000,0,0,0.0576,0.2501,-0.0039,0.0594
3186,57,1,0,-0.032,-0.008,-1.000,1.000,1,1,-0.000,0.000,-1.000,0,1.000,0,0,0.0576,0.2496,-0.0038,0.0589
3187,57,1,0,-1.000,0.205,-1.000,1.000,1,1,1.000,0.000,-1.000,0,1.000,0,0,0.0576,0.2497,-0.0038,0.0588
3188,57,1,0,-1.000,0.252,-1.000,-1.000,1,1,1.000,0.003,0.000,0,1.000,0,0,0.0576,0.2505,-0.0035,0.0593
3189,57,1,0,-1.000,0.252,-1.000,-1.000,1,1,1.000,0.003,0.000,0,1.000,0,0,0.0576,0.2517,-0.0034,0.0606
3190,57,1,0,-1.000,0.260,-1.000,-1.000,1,1,1.000,0.013,0.000,0,1.000,0,0,0.0576,0.2529,-0.0032,0.0616
3191,57,1,0,-0.961,0.268,-1.000,-1.000,1,1,0.948,0.024,0.000,0,1.000,0,0,0.0576,0.2542,-0.0029,0.0627
3192,57,1,0,0.000,-0.039,-1.000,-1.000,1,1,-0.000,0.000,0.000,0,1.000,0,0,0.0576,0.2548,-0.0029,0.0635
3193,57,1,0,0.024,-0.047,-1.000,-1.000,1,1,-0.000,0.000,0.000,0,1.000,0,0,0.0576,0.2548,-0.0028,0.0636
3194,57,1,0,0.008,-0.047,-1.000,-1.000,1,1,-0.000,0.000,0.000,0,1.000,0,0,0.0576,0.2548,-0.0028,0.0635
3195,57,1,0,-0.370,0.016,-1.000,-1.000,1,1,0.160,0.000,0.000,0,1.000,0,0,0.0576,0.2548,-0.0028,0.0635
3196,57,1,0,-1.000,0.118,-1.000,-1.000,1,1,1.000,0.000,0.000,0,1.000,0,0,0.0576,0.2556,-0.0027,0.0640
3197,57,1,0,-1.000,0.118,-1.000,-1.000,1,1,1.000,0.000,0.000,0,1.000,0,0,0.0576,0.2571,-0.0026,0.0654
3198,57,1,0,-1.000,0.071,-1.000,-1.000,1,1,1.000,0.000,0.000,0,1.000,0,0,0.0576,0.2582,-0.0024,0.0666
3199,57,1,0,-0.158,-0.047,-1.000,-1.000,1,1,-0.000,0.000,0.000,0,1.000,0,0,0.0576,0.2589,-0.0024,0.0674
3200,57,1,0,0.008,-0.079,-1.000,-1.000,1,1,-0.000,0.000,0.000,0,1.000,0,0,0.0576,0.2588,-0.0024,0.0675
3201,57,1,0,0.016,-0.079,-1.000,0.992,1,1,-0.000,0.000,-0.996,0,1.000,0,0,0.0576,0.2586,-0.0023,0.0673
3202,57,1,0,0.008,-0.079,-1.000,1.000,1,1,-0.000,0.000,-1.000,0,1.000,0,0,0.0576,0.2580,-0.0023,0.0668
3203,57,1,0,0.008,-0.079,-1.000,1.000,1,1,-0.000,0.000,-1.000,0,1.000,0,0,0.0576,0.2574,-0.0023,0.0663
3204,57,1,0,0.008,-0.079,-1.000,1.000,1,1,-0.000,0.000,-1.000,0,1.000,0,0,0.0576,0.2568,-0.0023,0.0657
3205,57,1,0,0.008,-0.063,-1.000,1.000,1,1,-0.000,0.000,-1.000,0,1.000,0,0,0.0576,0.2562,-0.0022,0.0652
3206,57,1,0,0.008,-0.039,-1.000,1.000,1,1,-0.000,0.000,-1.000,0,1.000,0,0,0.0576,0.2555,-0.0022,0.0646
3207,57,1,0,0.008,-0.039,-1.000,1.000,1,1,-0.000,0.000,-1.000,0,1.000,0,0,0.0576,0.2550,-0.0021,0.0642
3208,57,1,0,0.008,-0.008,-1.000,1.000,1,1,-0.000,0.000,-1.000,0,1.000,0,0,0.0576,0.2543,-0.0021,0.0636
3209,57,1,0,0.008,-0.008,-1.000,1.000,1,1,-0.000,0.000,-1.000,0,1.000,0,0,0.0576,0.2537,-0.0020,0.0630
3210,57,1,0,0.008,-0.008,-1.000,1.000,1,1,-0.000,0.000,-1.000,0,1.000,0,0,0.0576,0.2530,-0.0020,0.0624
3211,57,1,0,0.008,-0.008,-1.000,1.000,1,1,-0.000,0.000,-1.000,0,1.000,0,0,0.0576,0.2523,-0.0019,0.0618
3212,57,1,0,0.008,-0.008,-1.000,1.000,1,1,-0.000,0.000,-1.000,0,1.000,0,0,0.0576,0.2518,-0.0018,0.0613
3213,57,1,0,0.008,-0.008,-1.000,1.000,1,1,-0.000,0.000,-1.000,0,1.000,0,0,0.0576,0.2511,-0.0018,0.0607
3214,57,1,0,0.008,-0.008,-1.000,1.000,1,1,-0.000,0.000,-1.000,0,1.000,0,0,0.0576,0.2504,-0.0017,0.0601
3215,57,1,0,0.008,-0.008,-1.000,1.000,1,1,-0.000,0.000,-1.000,0,1.000,0,0,0.0576,0.2498,-0.0016,0.0595
3216,57,1,0,0.008,-0.008,-1.000,1.000,1,1,-0.000,0.000,-1.000,0,1.000,0,0,0.0576,0.2494,-0.0016,0.0590
3217,57,1,0,0.008,-0.008,-1.000,1.000,1,1,-0.000,0.000,-1.000,0,1.000,0,0,0.0576,0.2490,-0.0016,0.0587
3218,57,1,0,0.000,-0.008,-1.000,1.000,1,1,-0.000,0.000,-1.000,0,1.000,0,0,0.0576,0.2488,-0.0016,0.0584
3219,57,1,0,0.000,-0.008,-1.000,1.000,1,1,-0.000,0.000,-1.000,0,1.000,0,0,0.0576,0.2485,-0.0016,0.0583
3220,57,1,0,-0.016,-0.008,-1.000,1.000,1,1,-0.000,0.000,-1.000,0,1.000,0,0,0.0576,0.2482,-0.0016,0.0582
3221,57,1,0,-0.520,-0.008,-1.000,1.000,1,1,0.360,0.000,-1.000,0,1.000,0,0,0.0576,0.2481,-0.0016,0.0581
3222,57,1,0,-1.000,-0.008,-1.000,1.000,1,1,1.000,0.000,-1.000,0,1.000,0,0,0.0576,0.2482,-0.0016,0.0582
3223,57,1,0,-1.000,-0.008,-1.000,1.000,1,1,1.000,0.000,-1.000,0,1.000,0,0,0.0576,0.2485,-0.0013,0.0583
3224,57,1,0,-1.000,-0.008,-1.000,1.000,1,1,1.000,0.000,-1.000,0,1.000,0,0,0.0576,0.2488,-0.0012,0.0584
3225,57,1,0,-1.000,-0.008,-1.000,1.000,1,1,1.000,0.000,-1.000,0,1.000,0,0,0.0576,0.2492,-0.0010,0.0586
3226,57,1,0,-1.000,-0.008,-1.000,1.000,1,1,1.000,0.000,-1.000,0,1.000,0,0,0.0576,0.2496,-0.0007,0.0588
3227,57,1,0,-0.992,-0.307,-1.000,1.000,1,1,0.990,-0.076,-1.000,0,1.000,0,0,0.0576,0.2501,-0.0004,0.0590
3228,57,1,0,-0.906,-0.520,-1.000,1.000,1,1,0.874,-0.360,-1.000,0,1.000,0,0,0.0576,0.2506,-0.0004,0.0594
3229,57,1,0,-0.906,-0.520,-1.000,1.000,1,1,0.874,-0.360,-1.000,0,1.000,0,0,0.0576,0.2509,-0.0011,0.0597
3230,57,1,0,-0.906,-0.520,-1.000,1.000,1,1,0.874,-0.360,-1.000,0,1.000,0,0,0.0576,0.2514,-0.0016,0.0602
3231,57,1,0,-0.906,-0.520,-1.000,1.000,1,1,0.874,-0.360,-1.000,0,1.000,0,0,0.0576,0.2519,-0.0023,0.0607
3232,57,1,0,-0.906,0.205,-1.000,1.000,1,1,0.874,0.000,-1.000,0,1.000,0,0,0.0576,0.2523,-0.0024,0.0611
3233,57,1,0,-0.898,0.441,-1.000,1.000,1,1,0.864,0.255,-1.000,0,1.000,0,0,0.0576,0.2528,-0.0021,0.0615
3234,57,1,0,-0.543,0.260,-1.000,1.000,1,1,0.391,0.013,-1.000,0,1.000,0,0,0.0576,0.2532,-0.0016,0.0618
3235,57,1,0,0.000,-0.071,-1.000,1.000,1,1,-0.000,0.000,-1.000,0,1.000,0,0,0.0576,0.2528,-0.0017,0.0617
3236,57,1,0,0.008,-0.071,-1.000,-1.000,1,1,-0.000,0.000,0.000,0,1.000,0,0,0.0576,0.2524,-0.0016,0.0613
3237,57,1,0,0.008,-0.071,-1.000,-1.000,1,1,-0.000,0.000,0.000,0,1.000,0,0,0.0576,0.2524,-0.0016,0.0613
3238,57,1,1,0.008,-0.063,-1.000,-1.000,1,1,0.000,0.000,0.000,1,1.000,1,1,0.0576,0.2524,-0.0016,0.0613
3239,58,1,0,0.008,-0.063,-1.000,-1.000,1,1,-0.000,0.000,0.000,0,0.333,0,0,0.0615,0.2549,-0.0053,0.0633
3240,58,1,0,0.008,-0.063,-1.000,-1.000,1,1,-0.000,0.000,0.000,0,0.667,0,0,0.0596,0.2527,-0.0054,0.0621
3241,58,1,0,0.008,-0.063,-1.000,-1.000,1,1,-0.000,0.000,0.000,0,1.000,0,0,0.0576,0.2507,-0.0048,0.0602
3242,58,1,0,0.008,-0.063,-1.000,-1.000,1,1,-0.000,0.000,0.000,0,1.000,0,0,0.0576,0.2495,-0.0045,0.0589
3243,58,1,0,0.008,-0.063,-1.000,-1.000,1,1,-0.000,0.000,0.000,0,1.000,0,0,0.0576,0.2497,-0.0046,0.0589
3244,58,1,0,0.016,0.031,-1.000,-1.000,1,1,-0.000,0.000,0.000,0,1.000,0,0,0.0576,0.2496,-0.0046,0.0590
3245,58,1,0,0.024,0.701,-1.000,-1.000,1,1,-0.000,0.601,0.000,0,1.000,0,0,0.0576,0.2497,-0.0039,0.0591
3246,58,1,0,0.047,0.850,-1.000,-1.000,1,1,-0.000,0.800,0.000,0,1.000,0,0,0.0576,0.2498,-0.0024,0.0593
3247,58,1,0,-0.055,-0.039,-1.000,-1.000,1,1,-0.000,0.000,0.000,0,1.000,0,0,0.0576,0.2499,-0.0015,0.0593
3248,58,1,0,-0.016,-0.063,-1.000,-1.000,1,1,-0.000,0.000,0.000,0,1.000,0,0,0.0576,0.2499,-0.0013,0.0593
3249,58,1,0,-0.024,-0.063,-1.000,-1.000,1,1,-0.000,0.000,0.000,0,1.000,0,0,0.0576,0.2499,-0.0012,0.0593
3250,58,1,0,-0.559,-0.165,-1.000,-1.000,1,1,0.412,0.000,0.000,0,1.000,0,0,0.0576,0.2500,-0.0011,0.0591
3251,58,1,0,-0.622,-0.158,-1.000,-1.000,1,1,0.496,0.000,0.000,0,1.000,0,0,0.0576,0.2504,-0.0009,0.0587
3252,58,1,0,-0.016,0.008,-1.000,-1.000,1,1,-0.000,0.000,0.000,0,1.000,0,0,0.0576,0.2507,-0.0009,0.0583
3253,58,1,0,0.000,-0.016,-1.000,-1.000,1,1,-0.000,0.000,0.000,0,1.000,0,0,0.0576,0.2507,-0.0009,0.0583
3254,58,1,0,-0.134,0.000,-1.000,-1.000,1,1,-0.000,0.000,0.000,0,1.000,0,0,0.0576,0.2507,-0.0009,0.0583
3255,58,1,0,-1.000,0.094,-1.000,-1.000,1,1,1.000,0.000,0.000,0,0.959,0,0,0.0579,0.2511,-0.0008,0.0582
3256,58,1,0,-0.268,0.016,-1.000,-1.000,1,1,0.024,0.000,0.000,0,1.000,0,0,0.0576,0.2519,-0.0005,0.0575
3257,58,1,0,-0.016,-0.047,-1.000,-1.000,1,1,-0.000,0.000,0.000,0,1.000,0,0,0.0576,0.2516,-0.0005,0.0572
3258,58,1,0,-0.016,-0.047,-1.000,-1.000,1,1,-0.000,0.000,0.000,0,1.000,0,0,0.0576,0.2517,-0.0005,0.0572
3259,58,1,0,-0.016,-0.047,-1.000,-1.000,1,1,-0.000,0.000,0.000,0,1.000,0,0,0.0576,0.2517,-0.0005,0.0572
3260,58,1,0,-0.016,-0.047,-1.000,1.000,1,1,-0.000,0.000,-1.000,0,1.000,0,0,0.0576,0.2520,-0.0006,0.0570
3261,58,1,0,-0.016,-0.047,-1.000,1.000,1,1,-0.000,0.000,-1.000,0,1.000,0,0,0.0576,0.2524,-0.0006,0.0564
3262,58,1,0,-0.016,-0.047,-1.000,1.000,1,1,-0.000,0.000,-1.000,0,1.000,0,0,0.0576,0.2526,-0.0007,0.0558
3263,58,1,0,-0.016,-0.047,-1.000,1.000,1,1,-0.000,0.000,-1.000,0,1.000,0,0,0.0576,0.2529,-0.0009,0.0553
3264,58,1,0,-0.016,-0.047,-1.000,1.000,1,1,-0.000,0.000,-1.000,0,1.000,0,0,0.0576,0.2532,-0.0010,0.0549
3265,58,1,0,-0.016,-0.047,-1.000,1.000,1,1,-0.000,0.000,-1.000,0,1.000,0,0,0.0576,0.2535,-0.0011,0.0547
3266,58,1,0,-0.008,-0.047,-1.000,1.000,1,1,-0.000,0.000,-1.000,0,1.000,0,0,0.0576,0.2538,-0.0012,0.0546
3267,58,1,0,-0.008,-0.047,-1.000,1.000,1,1,-0.000,0.000,-1.000,0,1.000,0,0,0.0576,0.2541,-0.0012,0.0545
3268,58,1,0,-0.008,-0.047,-1.000,-1.000,1,1,-0.000,0.000,0.000,0,1.000,0,0,0.0576,0.2542,-0.0013,0.0545
3269,58,1,1,-0.008,-0.047,-1.000,-1.000,1,1,0.000,0.000,0.000,1,1.000,1,1,0.0576,0.2542,-0.0013,0.0545
3270,59,1,0,-0.008,-0.047,-1.000,-1.000,1,1,-0.000,0.000,0.000,0,0.333,0,0,0.0581,0.2536,-0.0045,0.0585
3271,59,1,0,-0.008,-0.047,-1.000,-1.000,1,1,-0.000,0.000,0.000,0,0.667,0,0,0.0579,0.2522,-0.0047,0.0595
3272,59,1,0,-0.008,-0.047,-1.000,-1.000,1,1,-0.000,0.000,0.000,0,1.000,0,0,0.0576,0.2506,-0.0046,0.0592
3273,59,1,0,-0.008,-0.047,-1.000,-1.000,1,1,-0.000,0.000,0.000,0,1.000,0,0,0.0576,0.2497,-0.0045,0.0589
3274,59,1,0,-0.008,-0.047,-1.000,-1.000,1,1,-0.000,0.000,0.000,0,1.000,0,0,0.0576,0.2497,-0.0044,0.0589
3275,59,1,0,-0.008,-0.047,-1.000,-1.000,1,1,-0.000,0.000,0.000,0,1.000,0,0,0.0576,0.2497,-0.0044,0.0589
3276,59,1,0,-0.008,-0.047,-1.000,-1.000,1,1,-0.000,0.000,0.000,0,1.000,0,0,0.0576,0.2497,-0.0044,0.0589
3277,59,1,0,-0.008,-0.047,-1.000,-1.000,1,1,-0.000,0.000,0.000,0,1.000,0,0,0.0576,0.2497,-0.0044,0.0589
3278,59,1,0,-0.039,-0.039,-1.000,-1.000,1,1,-0.000,0.000,0.000,0,1.000,0,0,0.0576,0.2497,-0.0045,0.0589
3279,59,1,0,-0.142,0.016,-1.000,-1.000,1,1,-0.000,0.000,0.000,0,1.000,0,0,0.0576,0.2497,-0.0045,0.0589
3280,59,1,0,-0.693,0.252,-1.000,-1.000,1,1,0.591,0.003,0.000,0,1.000,0,0,0.0576,0.2497,-0.0044,0.0589
3281,59,1,0,-0.709,0.260,-1.000,-1.000,1,1,0.612,0.013,0.000,0,1.000,0,0,0.0576,0.2497,-0.0044,0.0588
3282,59,1,0,-0.063,0.047,-1.000,-1.000,1,1,-0.000,0.000,0.000,0,1.000,0,0,0.0576,0.2497,-0.0043,0.0587
3283,59,1,0,-0.039,0.024,-1.000,-1.000,1,1,-0.000,0.000,0.000,0,1.000,0,0,0.0576,0.2498,-0.0043,0.0587
3284,59,1,0,-0.032,0.024,-1.000,-1.000,1,1,-0.000,0.000,0.000,0,1.000,0,0,0.0576,0.2498,-0.0043,0.0587
3285,59,1,0,-0.465,0.614,-1.000,-1.000,1,1,0.286,0.486,0.000,0,1.000,0,0,0.0576,0.2498,-0.0040,0.0586
3286,59,1,0,-1.000,0.252,-1.000,-1.000,1,1,1.000,0.003,0.000,0,0.839,0,0,0.0578,0.2501,-0.0034,0.0583
3287,59,1,0,-0.795,-0.197,-1.000,-1.000,1,1,0.727,0.000,0.000,0,0.814,0,0,0.0578,0.2506,-0.0031,0.0583
3288,59,1,0,-0.008,-0.055,-1.000,-1.000,1,1,-0.000,0.000,0.000,0,1.000,0,0,0.0576,0.2503,-0.0030,0.0581
3289,59,1,0,-0.008,-0.055,-1.000,-1.000,1,1,-0.000,0.000,0.000,0,1.000,0,0,0.0576,0.2500,-0.0030,0.0580
3290,59,1,0,-0.008,-0.039,-1.000,-1.000,1,1,-0.000,0.000,0.000,0,1.000,0,0,0.0576,0.2500,-0.0030,0.0580
3291,59,1,0,-0.087,0.559,-1.000,-1.000,1,1,-0.000,0.412,0.000,0,1.000,0,0,0.0576,0.2500,-0.0026,0.0581
3292,59,1,0,0.071,0.913,-1.000,-1.000,1,1,-0.000,0.884,0.000,0,1.000,0,0,0.0576,0.2501,-0.0011,0.0582
3293,59,1,0,0.016,-0.008,-1.000,-1.000,1,1,-0.000,0.000,0.000,0,1.000,0,0,0.0576,0.2501,-0.0002,0.0582
3294,59,1,0,0.000,-0.032,-1.000,-1.000,1,1,-0.000,0.000,0.000,0,1.000,0,0,0.0576,0.2501,-0.0000,0.0582
3295,59,1,0,-0.032,-0.032,-1.000,-0.693,1,1,-0.000,0.000,-0.080,0,1.000,0,0,0.0576,0.2501,-0.0000,0.0582
3296,59,1,0,-0.291,-0.032,-1.000,1.000,1,1,0.055,0.000,-1.000,0,1.000,0,0,0.0576,0.2501,0.0001,0.0580
3297,59,1,0,-1.000,-0.102,-1.000,1.000,1,1,1.000,0.000,-1.000,0,0.912,0,0,0.0577,0.2506,0.0002,0.0569
3298,59,1,0,-1.000,-0.102,-1.000,1.000,1,1,1.000,0.000,-1.000,0,0.825,0,0,0.0578,0.2511,-0.0001,0.0562
3299,59,1,0,-0.543,-0.095,-1.000,1.000,1,1,0.391,0.000,-1.000,0,1.000,0,0,0.0576,0.2512,-0.0003,0.0549
3300,59,1,0,-0.150,-0.095,-1.000,1.000,1,1,-0.000,0.000,-1.000,0,1.000,0,0,0.0576,0.2512,-0.0003,0.0545
3301,59,1,0,-0.047,-0.095,-1.000,1.000,1,1,-0.000,0.000,-1.000,0,1.000,0,0,0.0576,0.2513,-0.0003,0.0543
3302,59,1,0,-0.008,-0.055,-1.000,1.000,1,1,-0.000,0.000,-1.000,0,1.000,0,0,0.0576,0.2513,-0.0003,0.0543
3303,59,1,0,-0.008,-0.055,-1.000,1.000,1,1,-0.000,0.000,-1.000,0,1.000,0,0,0.0576,0.2514,-0.0004,0.0543
3304,59,1,0,-0.008,-0.055,-1.000,1.000,1,1,-0.000,0.000,-1.000,0,1.000,0,0,0.0576,0.2515,-0.0005,0.0543
3305,59,1,1,-0.008,-0.055,-1.000,1.000,1,1,0.000,0.000,0.000,1,1.000,1,1,0.0576,0.2515,-0.0006,0.0543
3306,60,1,0,-0.008,-0.055,-1.000,-1.000,1,1,-0.000,0.000,0.000,0,0.333,0,0,0.0620,0.2537,-0.0037,0.0640
3307,60,1,0,-0.008,-0.055,-1.000,-1.000,1,1,-0.000,0.000,0.000,0,0.667,0,0,0.0598,0.2521,-0.0042,0.0629
3308,60,1,0,-0.008,-0.055,-1.000,-1.000,1,1,-0.000,0.000,0.000,0,1.000,0,0,0.0576,0.2503,-0.0041,0.0605
3309,60,1,0,-0.008,-0.055,-1.000,-1.000,1,1,-0.000,0.000,0.000,0,1.000,0,0,0.0576,0.2494,-0.0044,0.0590
3310,60,1,0,-0.008,-0.055,-1.000,-1.000,1,1,-0.000,0.000,0.000,0,1.000,0,0,0.0576,0.2495,-0.0044,0.0589
3311,60,1,0,-0.008,-0.055,-1.000,-1.000,1,1,-0.000,0.000,0.000,0,1.000,0,0,0.0576,0.2495,-0.0044,0.0590
3312,60,1,0,-0.008,-0.055,-1.000,-1.000,1,1,-0.000,0.000,0.000,0,1.000,0,0,0.0576,0.2495,-0.0044,0.0590
3313,60,1,0,-0.039,-0.055,-1.000,-1.000,1,1,-0.000,0.000,0.000,0,1.000,0,0,0.0576,0.2495,-0.0044,0.0591
3314,60,1,0,-0.811,0.087,-1.000,-1.000,1,1,0.748,0.000,0.000,0,1.000,0,0,0.0576,0.2498,-0.0043,0.0590
3315,60,1,0,-0.819,0.268,-1.000,-1.000,1,1,0.759,0.024,0.000,0,1.000,0,0,0.0576,0.2507,-0.0043,0.0582
3316,60,1,0,-0.039,0.016,-1.000,-1.000,1,1,-0.000,0.000,0.000,0,1.000,0,0,0.0576,0.2513,-0.0040,0.0575
3317,60,1,0,0.000,-0.008,-1.000,-1.000,1,1,-0.000,0.000,0.000,0,1.000,0,0,0.0576,0.2513,-0.0041,0.0576
3318,60,1,0,-0.055,0.260,-1.000,-1.000,1,1,-0.000,0.013,0.000,0,1.000,0,0,0.0576,0.2514,-0.0041,0.0577
3319,60,1,0,-0.047,0.850,-1.000,-1.000,1,1,-0.000,0.800,0.000,0,1.000,0,0,0.0576,0.2513,-0.0034,0.0576
3320,60,1,0,0.039,0.386,-1.000,-1.000,1,1,-0.000,0.181,0.000,0,1.000,0,0,0.0576,0.2514,-0.0027,0.0572
3321,60,1,0,0.008,0.008,-1.000,-1.000,1,1,-0.000,0.000,0.000,0,1.000,0,0,0.0576,0.2514,-0.0022,0.0572
3322,60,1,0,0.008,0.016,-1.000,-1.000,1,1,-0.000,0.000,0.000,0,1.000,0,0,0.0576,0.2513,-0.0023,0.0572
3323,60,1,0,-0.032,0.504,-1.000,-1.000,1,1,-0.000,0.339,0.000,0,1.000,0,0,0.0576,0.2514,-0.0020,0.0572
3324,60,1,0,-0.079,0.598,-1.000,-1.000,1,1,-0.000,0.465,0.000,0,1.000,0,0,0.0576,0.2514,-0.0010,0.0571
3325,60,1,0,-0.016,-0.008,-1.000,-1.000,1,1,-0.000,0.000,0.000,0,1.000,0,0,0.0576,0.2514,-0.0006,0.0571
3326,60,1,0,-0.008,-0.032,-1.000,-1.000,1,1,-0.000,0.000,0.000,0,1.000,0,0,0.0576,0.2514,-0.0005,0.0572
3327,60,1,0,-0.008,-0.032,-1.000,1.000,1,1,-0.000,0.000,-1.000,0,1.000,0,0,0.0576,0.2516,-0.0004,0.0570
3328,60,1,0,-0.008,-0.032,-1.000,1.000,1,1,-0.000,0.000,-1.000,0,1.000,0,0,0.0576,0.2520,-0.0003,0.0566
3329,60,1,0,-0.008,-0.032,-1.000,1.000,1,1,-0.000,0.000,-1.000,0,1.000,0,0,0.0576,0.2524,-0.0003,0.0561
3330,60,1,0,-0.008,-0.032,-1.000,1.000,1,1,-0.000,0.000,-1.000,0,1.000,0,0,0.0576,0.2527,-0.0002,0.0558
3331,60,1,0,-0.008,-0.032,-1.000,1.000,1,1,-0.000,0.000,-1.000,0,1.000,0,0,0.0576,0.2530,-0.0002,0.0555
3332,60,1,0,-0.008,-0.032,-1.000,1.000,1,1,-0.000,0.000,-1.000,0,1.000,0,0,0.0576,0.2533,-0.0002,0.0553
3333,60,1,0,-0.008,-0.032,-1.000,1.000,1,1,-0.000,0.000,-1.000,0,1.000,0,0,0.0576,0.2536,-0.0002,0.0550
3334,60,1,0,-0.008,-0.032,-1.000,1.000,1,1,-0.000,0.000,-1.000,0,1.000,0,0,0.0576,0.2539,-0.0003,0.0547
3335,60,1,0,-0.008,-0.032,-1.000,1.000,1,1,-0.000,0.000,-1.000,0,1.000,0,0,0.0576,0.2542,-0.0002,0.0547
3336,60,1,0,-0.008,-0.032,-1.000,1.000,1,1,-0.000,0.000,-1.000,0,1.000,0,0,0.0576,0.2545,-0.0002,0.0546
3337,60,1,0,-0.008,-0.032,-1.000,1.000,1,1,-0.000,0.000,-1.000,0,1.000,0,0,0.0576,0.2548,-0.0002,0.0545
3338,60,1,1,-0.008,-0.032,-1.000,1.000,1,1,0.000,0.000,0.000,1,1.000,1,1,0.0576,0.2549,-0.0002,0.0545
3339,61,1,0,-0.008,-0.032,-1.000,-1.000,1,1,-0.000,0.000,0.000,0,0.333,0,0,0.0582,0.2515,-0.0049,0.0586
3340,61,1,0,-0.008,-0.032,-1.000,-1.000,1,1,-0.000,0.000,0.000,0,0.667,0,0,0.0579,0.2511,-0.0051,0.0597
3341,61,1,0,-0.008,-0.032,-1.000,-1.000,1,1,-0.000,0.000,0.000,0,1.000,0,0,0.0576,0.2501,-0.0047,0.0593
3342,61,1,0,-0.008,-0.032,-1.000,-1.000,1,1,-0.000,0.000,0.000,0,1.000,0,0,0.0576,0.2497,-0.0045,0.0589
3343,61,1,0,-0.008,-0.032,-1.000,-1.000,1,1,-0.000,0.000,0.000,0,1.000,0,0,0.0576,0.2497,-0.0045,0.0589
3344,61,1,0,-0.008,-0.032,-1.000,-1.000,1,1,-0.000,0.000,0.000,0,1.000,0,0,0.0576,0.2497,-0.0045,0.0589
3345,61,1,0,-0.008,0.016,-1.000,-1.000,1,1,-0.000,0.000,0.000,0,1.000,0,0,0.0576,0.2497,-0.0045,0.0589
3346,61,1,0,0.047,0.551,-1.000,-1.000,1,1,-0.000,0.402,0.000,0,1.000,0,0,0.0576,0.2498,-0.0042,0.0590
3347,61,1,0,0.071,0.520,-1.000,-1.000,1,1,-0.000,0.360,0.000,0,1.000,0,0,0.0576,0.2500,-0.0033,0.0591
3348,61,1,0,0.000,0.024,-1.000,-1.000,1,1,-0.000,0.000,0.000,0,1.000,0,0,0.0576,0.2502,-0.0030,0.0591
3349,61,1,0,0.008,0.252,-1.000,-1.000,1,1,-0.000,0.003,0.000,0,1.000,0,0,0.0576,0.2501,-0.0030,0.0591
3350,61,1,0,0.260,0.921,-1.000,-1.000,1,1,-0.013,0.895,0.000,0,1.000,0,0,0.0576,0.2505,-0.0021,0.0591
3351,61,1,0,0.260,0.748,-1.000,-1.000,1,1,-0.013,0.664,0.000,0,1.000,0,0,0.0576,0.2511,-0.0006,0.0592
3352,61,1,0,0.024,0.055,-1.000,-1.000,1,1,-0.000,0.000,0.000,0,1.000,0,0,0.0576,0.2512,0.0002,0.0594
3353,61,1,0,0.000,-0.032,-1.000,-1.000,1,1,-0.000,0.000,0.000,0,1.000,0,0,0.0576,0.2512,0.0003,0.0594
3354,61,1,0,-0.016,-0.039,-1.000,-1.000,1,1,-0.000,0.000,0.000,0,1.000,0,0,0.0576,0.2512,0.0004,0.0594
3355,61,1,0,-0.181,0.031,-1.000,-1.000,1,1,-0.000,0.000,0.000,0,1.000,0,0,0.0576,0.2512,0.0004,0.0594
3356,61,1,0,-0.677,0.205,-1.000,-1.000,1,1,0.570,0.000,0.000,0,1.000,0,0,0.0576,0.2513,0.0006,0.0594
3357,61,1,0,-0.110,0.016,-1.000,-1.000,1,1,-0.000,0.000,0.000,0,1.000,0,0,0.0576,0.2514,0.0008,0.0592
3358,61,1,0,-0.008,-0.047,-1.000,-1.000,1,1,-0.000,0.000,0.000,0,1.000,0,0,0.0576,0.2514,0.0008,0.0592
3359,61,1,0,0.000,-0.047,-1.000,-1.000,1,1,-0.000,0.000,0.000,0,1.000,0,0,0.0576,0.2514,0.0008,0.0592
3360,61,1,0,0.000,-0.047,-1.000,1.000,1,1,-0.000,0.000,-1.000,0,1.000,0,0,0.0576,0.2515,0.0007,0.0589
3361,61,1,0,0.000,-0.047,-1.000,1.000,1,1,-0.000,0.000,-1.000,0,1.000,0,0,0.0576,0.2516,0.0007,0.0579
3362,61,1,0,0.000,-0.047,-1.000,1.000,1,1,-0.000,0.000,-1.000,0,1.000,0,0,0.0576,0.2518,0.0004,0.0572
3363,61,1,0,0.000,-0.047,-1.000,1.000,1,1,-0.000,0.000,-1.000,0,1.000,0,0,0.0576,0.2520,0.0002,0.0565
3364,61,1,0,0.000,-0.047,-1.000,1.000,1,1,-0.000,0.000,-1.000,0,1.000,0,0,0.0576,0.2523,-0.0001,0.0554
3365,61,1,0,0.000,-0.047,-1.000,1.000,1,1,-0.000,0.000,-1.000,0,1.000,0,0,0.0576,0.2524,-0.0002,0.0548
3366,61,1,0,0.000,-0.047,-1.000,1.000,1,1,-0.000,0.000,-1.000,0,1.000,0,0,0.0576,0.2526,-0.0002,0.0545
3367,61,1,0,0.000,-0.047,-1.000,1.000,1,1,-0.000,0.000,-1.000,0,1.000,0,0,0.0576,0.2527,-0.0003,0.0544
3368,61,1,0,0.000,-0.047,-1.000,1.000,1,1,-0.000,0.000,-1.000,0,1.000,0,0,0.0576,0.2527,-0.0004,0.0544
3369,61,1,0,0.000,-0.047,-1.000,1.000,1,1,-0.000,0.000,-1.000,0,1.000,0,0,0.0576,0.2528,-0.0005,0.0543
3370,61,1,0,0.000,-0.047,-1.000,1.000,1,1,-0.000,0.000,-1.000,0,1.000,0,0,0.0576,0.2529,-0.0006,0.0543
3371,61,1,0,0.000,-0.047,-1.000,1.000,1,1,-0.000,0.000,-1.000,0,1.000,0,0,0.0576,0.2530,-0.0007,0.0544
3372,61,1,1,0.000,-0.047,-1.000,1.000,1,1,0.000,0.000,0.000,1,1.000,1,1,0.0576,0.2530,-0.0007,0.0543
3373,62,1,0,0.000,-0.047,-1.000,-1.000,1,1,-0.000,0.000,0.000,0,0.333,0,0,0.0590,0.2543,-0.0036,0.0597
3374,62,1,0,0.000,-0.047,-1.000,-1.000,1,1,-0.000,0.000,0.000,0,0.667,0,0,0.0583,0.2527,-0.0042,0.0602
3375,62,1,0,0.000,-0.047,-1.000,-1.000,1,1,-0.000,0.000,0.000,0,1.000,0,0,0.0576,0.2507,-0.0043,0.0595
3376,62,1,0,0.000,-0.047,-1.000,-1.000,1,1,-0.000,0.000,0.000,0,1.000,0,0,0.0576,0.2496,-0.0044,0.0589
3377,62,1,0,0.000,-0.047,-1.000,-1.000,1,1,-0.000,0.000,0.000,0,1.000,0,0,0.0576,0.2498,-0.0045,0.0589
3378,62,1,0,0.000,-0.047,-1.000,-1.000,1,1,-0.000,0.000,0.000,0,1.000,0,0,0.0576,0.2497,-0.0045,0.0589
3379,62,1,0,0.000,-0.047,-1.000,-1.000,1,1,-0.000,0.000,0.000,0,1.000,0,0,0.0576,0.2497,-0.0044,0.0589
3380,62,1,0,0.000,-0.047,-1.000,-1.000,1,1,-0.000,0.000,0.000,0,1.000,0,0,0.0576,0.2497,-0.0044,0.0590
3381,62,1,0,0.024,-0.047,-1.000,-1.000,1,1,-0.000,0.000,0.000,0,1.000,0,0,0.0576,0.2497,-0.0044,0.0590
3382,62,1,0,0.047,0.016,-1.000,-1.000,1,1,-0.000,0.000,0.000,0,1.000,0,0,0.0576,0.2497,-0.0044,0.0590
3383,62,1,0,0.055,0.772,-1.000,-1.000,1,1,-0.000,0.696,0.000,0,1.000,0,0,0.0576,0.2496,-0.0037,0.0590
3384,62,1,0,0.016,0.457,-1.000,-1.000,1,1,-0.000,0.276,0.000,0,1.000,0,0,0.0576,0.2496,-0.0028,0.0589
3385,62,1,0,0.000,0.094,-1.000,-1.000,1,1,-0.000,0.000,0.000,0,1.000,0,0,0.0576,0.2496,-0.0022,0.0590
3386,62,1,0,0.000,0.031,-1.000,-1.000,1,1,-0.000,0.000,0.000,0,1.000,0,0,0.0576,0.2496,-0.0022,0.0589
3387,62,1,0,-0.102,0.858,-1.000,-1.000,1,1,-0.000,0.811,0.000,0,1.000,0,0,0.0576,0.2495,-0.0014,0.0590
3388,62,1,0,0.031,0.220,-1.000,-1.000,1,1,-0.000,0.000,0.000,0,1.000,0,0,0.0576,0.2495,-0.0007,0.0588
3389,62,1,0,0.008,-0.039,-1.000,-1.000,1,1,-0.000,0.000,0.000,0,1.000,0,0,0.0576,0.2495,-0.0005,0.0590
3390,62,1,0,0.016,-0.039,-1.000,-1.000,1,1,-0.000,0.000,0.000,0,1.000,0,0,0.0576,0.2495,-0.0005,0.0590
3391,62,1,0,-0.039,0.000,-1.000,-1.000,1,1,-0.000,0.000,0.000,0,1.000,0,0,0.0576,0.2495,-0.0005,0.0589
3392,62,1,0,-1.000,0.126,-1.000,-1.000,1,1,1.000,0.000,0.000,0,0.860,0,0,0.0579,0.2497,-0.0004,0.0589
3393,62,1,0,-0.512,-0.024,-1.000,-1.000,1,1,0.349,0.000,0.000,0,1.000,0,0,0.0576,0.2499,-0.0005,0.0584
3394,62,1,0,-0.032,-0.047,-1.000,-1.000,1,1,-0.000,0.000,0.000,0,1.000,0,0,0.0576,0.2497,-0.0005,0.0581
3395,62,1,0,-0.032,-0.047,-1.000,-1.000,1,1,-0.000,0.000,0.000,0,1.000,0,0,0.0576,0.2498,-0.0006,0.0581
3396,62,1,0,-0.961,-0.047,-1.000,-1.000,1,1,0.948,0.000,0.000,0,0.885,0,0,0.0579,0.2500,-0.0005,0.0582
3397,62,1,0,-1.000,-0.102,-1.000,-1.000,1,1,1.000,0.000,0.000,0,0.745,0,0,0.0581,0.2507,-0.0007,0.0578
3398,62,1,0,-0.016,-0.079,-1.000,-1.000,1,1,-0.000,0.000,0.000,0,1.000,0,0,0.0576,0.2507,-0.0008,0.0573
3399,62,1,0,0.000,-0.079,-1.000,-1.000,1,1,-0.000,0.000,0.000,0,1.000,0,0,0.0576,0.2504,-0.0009,0.0570
3400,62,1,0,0.000,-0.071,-1.000,1.000,1,1,-0.000,0.000,-1.000,0,1.000,0,0,0.0576,0.2505,-0.0008,0.0569
3401,62,1,0,0.000,-0.071,-1.000,1.000,1,1,-0.000,0.000,-1.000,0,1.000,0,0,0.0576,0.2507,-0.0009,0.0564
3402,62,1,0,0.000,-0.079,-1.000,1.000,1,1,-0.000,0.000,-1.000,0,1.000,0,0,0.0576,0.2511,-0.0009,0.0553
3403,62,1,0,0.000,-0.071,-1.000,1.000,1,1,-0.000,0.000,-1.000,0,1.000,0,0,0.0576,0.2513,-0.0009,0.0548
3404,62,1,0,0.000,-0.079,-1.000,1.000,1,1,-0.000,0.000,-1.000,0,1.000,0,0,0.0576,0.2514,-0.0009,0.0545
3405,62,1,0,0.000,-0.071,-1.000,1.000,1,1,-0.000,0.000,-1.000,0,1.000,0,0,0.0576,0.2516,-0.0010,0.0544
3406,62,1,0,0.000,-0.071,-1.000,1.000,1,1,-0.000,0.000,-1.000,0,1.000,0,0,0.0576,0.2517,-0.0010,0.0544
3407,62,1,1,0.000,-0.071,-1.000,1.000,1,1,0.000,0.000,0.000,1,1.000,1,1,0.0576,0.2518,-0.0010,0.0544
3408,63,1,0,0.000,-0.079,-1.000,-1.000,1,1,-0.000,0.000,0.000,0,0.333,0,0,0.0626,0.2473,-0.0067,0.0647
3409,63,1,0,0.000,-0.079,-1.000,-1.000,1,1,-0.000,0.000,0.000,0,0.667,0,0,0.0601,0.2483,-0.0060,0.0633
3410,63,1,0,0.000,-0.071,-1.000,-1.000,1,1,-0.000,0.000,0.000,0,1.000,0,0,0.0576,0.2487,-0.0049,0.0608
3411,63,1,0,0.000,-0.079,-1.000,-1.000,1,1,-0.000,0.000,0.000,0,1.000,0,0,0.0576,0.2492,-0.0044,0.0594
3412,63,1,0,0.000,-0.071,-1.000,-1.000,1,1,-0.000,0.000,0.000,0,1.000,0,0,0.0576,0.2492,-0.0045,0.0592
3413,63,1,0,0.000,-0.071,-1.000,-1.000,1,1,-0.000,0.000,0.000,0,1.000,0,0,0.0576,0.2492,-0.0045,0.0592
3414,63,1,0,0.000,-0.039,-1.000,-1.000,1,1,-0.000,0.000,0.000,0,1.000,0,0,0.0576,0.2493,-0.0045,0.0593
3415,63,1,0,-0.063,-0.008,-1.000,-1.000,1,1,-0.000,0.000,0.000,0,1.000,0,0,0.0576,0.2493,-0.0045,0.0593
3416,63,1,0,-0.646,0.063,-1.000,-1.000,1,1,0.528,0.000,0.000,0,1.000,0,0,0.0576,0.2497,-0.0044,0.0593
3417,63,1,0,-0.362,0.102,-1.000,-1.000,1,1,0.150,0.000,0.000,0,1.000,0,0,0.0576,0.2507,-0.0045,0.0595
3418,63,1,0,-0.016,-0.008,-1.000,-1.000,1,1,-0.000,0.000,0.000,0,1.000,0,0,0.0576,0.2507,-0.0045,0.0595
3419,63,1,0,-0.008,-0.008,-1.000,-1.000,1,1,-0.000,0.000,0.000,0,1.000,0,0,0.0576,0.2508,-0.0045,0.0595
3420,63,1,0,-0.181,0.016,-1.000,-1.000,1,1,-0.000,0.000,0.000,0,1.000,0,0,0.0576,0.2507,-0.0045,0.0595
3421,63,1,0,-0.906,0.063,-1.000,-1.000,1,1,0.874,0.000,0.000,0,1.000,0,0,0.0576,0.2516,-0.0046,0.0595
3422,63,1,0,-0.024,-0.032,-1.000,-1.000,1,1,-0.000,0.000,0.000,0,1.000,0,0,0.0576,0.2531,-0.0047,0.0600
3423,63,1,0,-0.008,-0.032,-1.000,-1.000,1,1,-0.000,0.000,0.000,0,1.000,0,0,0.0576,0.2528,-0.0047,0.0599
3424,63,1,0,-0.008,0.087,-1.000,-1.000,1,1,-0.000,0.000,0.000,0,1.000,0,0,0.0576,0.2529,-0.0047,0.0599
3425,63,1,0,0.031,1.000,-1.000,-1.000,1,1,-0.000,1.000,0.000,0,1.000,0,0,0.0576,0.2529,-0.0037,0.0602
3426,63,1,0,0.063,0.567,-1.000,-1.000,1,1,-0.000,0.423,0.000,0,1.000,0,0,0.0576,0.2530,-0.0027,0.0606
3427,63,1,0,-0.008,-0.016,-1.000,-1.000,1,1,-0.000,0.000,0.000,0,1.000,0,0,0.0576,0.2529,-0.0020,0.0610
3428,63,1,0,0.000,0.000,-1.000,-1.000,1,1,-0.000,0.000,0.000,0,1.000,0,0,0.0576,0.2529,-0.0020,0.0609
3429,63,1,0,0.000,-0.008,-1.000,-1.000,1,1,-0.000,0.000,0.000,0,1.000,0,0,0.0576,0.2529,-0.0019,0.0608
3430,63,1,0,0.000,-0.008,-1.000,-1.000,1,1,-0.000,0.000,0.000,0,1.000,0,0,0.0576,0.2529,-0.0019,0.0608
3431,63,1,0,0.000,-0.016,-1.000,-1.000,1,1,-0.000,0.000,0.000,0,1.000,0,0,0.0576,0.2529,-0.0019,0.0608
3432,63,1,0,0.000,-0.016,-1.000,1.000,1,1,-0.000,0.000,-1.000,0,1.000,0,0,0.0576,0.2528,-0.0020,0.0608
3433,63,1,0,0.000,-0.016,-1.000,1.000,1,1,-0.000,0.000,-1.000,0,1.000,0,0,0.0576,0.2525,-0.0024,0.0606
3434,63,1,0,0.000,-0.016,-1.000,1.000,1,1,-0.000,0.000,-1.000,0,1.000,0,0,0.0576,0.2522,-0.0027,0.0603
3435,63,1,0,0.000,-0.016,-1.000,1.000,1,1,-0.000,0.000,-1.000,0,1.000,0,0,0.0576,0.2519,-0.0030,0.0602
3436,63,1,0,0.000,-0.016,-1.000,1.000,1,1,-0.000,0.000,-1.000,0,1.000,0,0,0.0576,0.2516,-0.0034,0.0600
3437,63,1,0,0.000,-0.016,-1.000,1.000,1,1,-0.000,0.000,-1.000,0,1.000,0,0,0.0576,0.2514,-0.0037,0.0598
3438,63,1,0,0.039,0.047,-1.000,1.000,1,1,-0.000,0.000,-1.000,0,1.000,0,0,0.0576,0.2510,-0.0041,0.0595
3439,63,1,0,0.031,0.047,-1.000,1.000,1,1,-0.000,0.000,-1.000,0,1.000,0,0,0.0576,0.2508,-0.0046,0.0593
3440,63,1,0,0.016,0.008,-1.000,1.000,1,1,-0.000,0.000,-1.000,0,1.000,0,0,0.0576,0.2505,-0.0049,0.0590
3441,63,1,0,0.016,0.008,-1.000,1.000,1,1,-0.000,0.000,-1.000,0,1.000,0,0,0.0576,0.2503,-0.0051,0.0589
3442,63,1,0,0.016,0.008,-1.000,1.000,1,1,-0.000,0.000,-1.000,0,1.000,0,0,0.0576,0.2501,-0.0054,0.0589
3443,63,1,0,0.016,0.008,-1.000,1.000,1,1,-0.000,0.000,-1.000,0,1.000,0,0,0.0576,0.2498,-0.0061,0.0589
3444,63,1,1,0.016,-0.016,-1.000,0.307,1,1,0.000,0.000,0.000,1,1.000,1,1,0.0576,0.2498,-0.0064,0.0590
3445,64,1,0,0.016,-0.016,-1.000,-1.000,1,1,-0.000,0.000,0.000,0,0.333,0,0,0.0582,0.2507,-0.0079,0.0591
3446,64,1,0,0.016,-0.016,-1.000,-1.000,1,1,-0.000,0.000,0.000,0,0.667,0,0,0.0579,0.2505,-0.0069,0.0604
3447,64,1,0,0.016,-0.016,-1.000,-1.000,1,1,-0.000,0.000,0.000,0,1.000,0,0,0.0576,0.2499,-0.0053,0.0595
3448,64,1,0,0.008,-0.016,-1.000,-1.000,1,1,-0.000,0.000,0.000,0,1.000,0,0,0.0576,0.2497,-0.0047,0.0590
3449,64,1,0,0.008,-0.016,-1.000,-1.000,1,1,-0.000,0.000,0.000,0,1.000,0,0,0.0576,0.2497,-0.0047,0.0590
3450,64,1,0,0.008,-0.016,-1.000,-1.000,1,1,-0.000,0.000,0.000,0,1.000,0,0,0.0576,0.2497,-0.0047,0.0590
3451,64,1,0,0.008,-0.016,-1.000,-1.000,1,1,-0.000,0.000,0.000,0,1.000,0,0,0.0576,0.2497,-0.0047,0.0590
3452,64,1,0,0.008,-0.016,-1.000,-1.000,1,1,-0.000,0.000,0.000,0,1.000,0,0,0.0576,0.2497,-0.0047,0.0590
3453,64,1,0,0.008,0.016,-1.000,-1.000,1,1,-0.000,0.000,0.000,0,1.000,0,0,0.0576,0.2497,-0.0047,0.0590
3454,64,1,0,0.008,0.528,-1.000,-1.000,1,1,-0.000,0.370,0.000,0,1.000,0,0,0.0576,0.2498,-0.0047,0.0590
3455,64,1,0,0.008,0.748,-1.000,-1.000,1,1,-0.000,0.664,0.000,0,1.000,0,0,0.0576,0.2501,-0.0044,0.0591
3456,64,1,0,-0.047,0.315,-1.000,-1.000,1,1,-0.000,0.087,0.000,0,1.000,0,0,0.0576,0.2505,-0.0043,0.0592
3457,64,1,0,-0.032,-0.016,-1.000,-1.000,1,1,-0.000,0.000,0.000,0,1.000,0,0,0.0576,0.2505,-0.0042,0.0593
3458,64,1,0,-0.032,0.000,-1.000,-1.000,1,1,-0.000,0.000,0.000,0,1.000,0,0,0.0576,0.2505,-0.0042,0.0593
3459,64,1,0,0.118,0.913,-1.000,-1.000,1,1,-0.000,0.884,0.000,0,1.000,0,0,0.0576,0.2508,-0.0041,0.0593
3460,64,1,0,0.118,1.000,-1.000,-1.000,1,1,-0.000,1.000,0.000,0,1.000,0,0,0.0576,0.2517,-0.0038,0.0597
3461,64,1,0,0.000,-0.008,-1.000,-1.000,1,1,-0.000,0.000,0.000,0,1.000,0,0,0.0576,0.2522,-0.0035,0.0600
3462,64,1,0,0.000,-0.039,-1.000,-1.000,1,1,-0.000,0.000,0.000,0,1.000,0,0,0.0576,0.2521,-0.0035,0.0600
3463,64,1,0,0.000,-0.016,-1.000,-1.000,1,1,-0.000,0.000,0.000,0,1.000,0,0,0.0576,0.2521,-0.0035,0.0600
3464,64,1,0,-0.039,0.016,-1.000,-1.000,1,1,-0.000,0.000,0.000,0,1.000,0,0,0.0576,0.2521,-0.0035,0.0600
3465,64,1,0,-0.575,0.024,-1.000,-1.000,1,1,0.433,0.000,0.000,0,1.000,0,0,0.0576,0.2524,-0.0033,0.0600
3466,64,1,0,-0.646,0.016,-1.000,-1.000,1,1,0.528,0.000,0.000,0,1.000,0,0,0.0576,0.2534,-0.0029,0.0600
3467,64,1,0,-0.528,0.016,-1.000,-1.000,1,1,0.370,0.000,0.000,0,1.000,0,0,0.0576,0.2544,-0.0024,0.0600
3468,64,1,0,-0.008,-0.032,-1.000,-1.000,1,1,-0.000,0.000,0.000,0,1.000,0,0,0.0576,0.2548,-0.0022,0.0600
3469,64,1,0,-0.008,-0.032,-1.000,-1.000,1,1,-0.000,0.000,0.000,0,1.000,0,0,0.0576,0.2548,-0.0023,0.0600
3470,64,1,0,0.000,-0.032,-1.000,-1.000,1,1,-0.000,0.000,0.000,0,1.000,0,0,0.0576,0.2548,-0.0023,0.0600
3471,64,1,0,0.000,-0.039,-1.000,-1.000,1,1,-0.000,0.000,0.000,0,1.000,0,0,0.0576,0.2548,-0.0023,0.0600
3472,64,1,0,-0.008,-0.039,-1.000,-1.000,1,1,-0.000,0.000,0.000,0,1.000,0,0,0.0576,0.2548,-0.0023,0.0600
3473,64,1,0,0.016,-0.063,-1.000,-1.000,1,1,-0.000,0.000,0.000,0,1.000,0,0,0.0576,0.2548,-0.0023,0.0600
3474,64,1,0,0.024,-0.063,-1.000,-1.000,1,1,-0.000,0.000,0.000,0,1.000,0,0,0.0576,0.2548,-0.0023,0.0600
3475,64,1,0,0.024,-0.063,-1.000,-1.000,1,1,-0.000,0.000,0.000,0,1.000,0,0,0.0576,0.2548,-0.0023,0.0600
3476,64,1,1,0.008,-0.063,-1.000,-1.000,1,1,0.000,0.000,0.000,1,1.000,1,1,0.0576,0.2548,-0.0023,0.0600
3477,65,1,0,0.008,-0.063,-1.000,-1.000,1,1,-0.000,0.000,0.000,0,0.333,0,0,0.0582,0.2545,-0.0013,0.0584
3478,65,1,0,0.008,-0.063,-1.000,-1.000,1,1,-0.000,0.000,0.000,0,0.667,0,0,0.0579,0.2527,-0.0031,0.0599
3479,65,1,0,0.000,-0.063,-1.000,-1.000,1,1,-0.000,0.000,0.000,0,1.000,0,0,0.0576,0.2506,-0.0038,0.0592
3480,65,1,0,0.000,-0.063,-1.000,-1.000,1,1,-0.000,0.000,0.000,0,1.000,0,0,0.0576,0.2497,-0.0042,0.0589
3481,65,1,0,0.000,-0.063,-1.000,-1.000,1,1,-0.000,0.000,0.000,0,1.000,0,0,0.0576,0.2498,-0.0043,0.0589
3482,65,1,0,0.000,-0.063,-1.000,-1.000,1,1,-0.000,0.000,0.000,0,1.000,0,0,0.0576,0.2497,-0.0044,0.0589
3483,65,1,0,0.000,-0.063,-1.000,-1.000,1,1,-0.000,0.000,0.000,0,1.000,0,0,0.0576,0.2498,-0.0044,0.0589
3484,65,1,0,0.000,-0.063,-1.000,-1.000,1,1,-0.000,0.000,0.000,0,1.000,0,0,0.0576,0.2498,-0.0044,0.0589
3485,65,1,0,-0.362,0.055,-1.000,-1.000,1,1,0.150,0.000,0.000,0,1.000,0,0,0.0576,0.2498,-0.0044,0.0589
3486,65,1,0,-0.661,0.323,-1.000,-1.000,1,1,0.549,0.097,0.000,0,1.000,0,0,0.0576,0.2498,-0.0045,0.0589
3487,65,1,0,-0.441,0.480,-1.000,-1.000,1,1,0.255,0.307,0.000,0,1.000,0,0,0.0576,0.2499,-0.0046,0.0588
3488,65,1,0,-0.024,0.307,-1.000,-1.000,1,1,-0.000,0.076,0.000,0,1.000,0,0,0.0576,0.2498,-0.0045,0.0588
3489,65,1,0,-0.024,0.016,-1.000,-1.000,1,1,-0.000,0.000,0.000,0,1.000,0,0,0.0576,0.2498,-0.0044,0.0588
3490,65,1,0,0.008,0.008,-1.000,-1.000,1,1,-0.000,0.000,0.000,0,1.000,0,0,0.0576,0.2498,-0.0044,0.0588
3491,65,1,0,0.173,0.551,-1.000,-1.000,1,1,-0.000,0.402,0.000,0,1.000,0,0,0.0576,0.2497,-0.0041,0.0587
3492,65,1,0,0.055,1.000,-1.000,-1.000,1,1,-0.000,1.000,0.000,0,1.000,0,0,0.0576,0.2492,-0.0028,0.0588
3493,65,1,0,-0.063,0.354,-1.000,-1.000,1,1,-0.000,0.139,0.000,0,1.000,0,0,0.0576,0.2490,-0.0021,0.0587
3494,65,1,0,0.008,-0.008,-1.000,-1.000,1,1,-0.000,0.000,0.000,0,1.000,0,0,0.0576,0.2489,-0.0018,0.0589
3495,65,1,0,0.024,-0.016,-1.000,-1.000,1,1,-0.000,0.000,0.000,0,1.000,0,0,0.0576,0.2489,-0.0018,0.0588
3496,65,1,0,0.000,-0.016,-1.000,-1.000,1,1,-0.000,0.000,0.000,0,1.000,0,0,0.0576,0.2489,-0.0018,0.0588
3497,65,1,0,-0.559,-0.016,-1.000,-1.000,1,1,0.412,0.000,0.000,0,1.000,0,0,0.0576,0.2489,-0.0019,0.0588
3498,65,1,0,-1.000,-0.008,-1.000,-1.000,1,1,1.000,0.000,0.000,0,0.895,0,0,0.0577,0.2493,-0.0022,0.0586
3499,65,1,0,-0.244,-0.008,-1.000,-1.000,1,1,-0.000,0.000,0.000,0,1.000,0,0,0.0576,0.2495,-0.0028,0.0584
3500,65,1,0,-0.016,-0.008,-1.000,-1.000,1,1,-0.000,0.000,0.000,0,1.000,0,0,0.0576,0.2493,-0.0028,0.0584
3501,65,1,0,-0.063,0.055,-1.000,-1.000,1,1,-0.000,0.000,0.000,0,1.000,0,0,0.0576,0.2493,-0.0028,0.0584
3502,65,1,0,-0.055,0.055,-1.000,-1.000,1,1,-0.000,0.000,0.000,0,1.000,0,0,0.0576,0.2493,-0.0028,0.0584
3503,65,1,0,-0.102,0.047,-1.000,-1.000,1,1,-0.000,0.000,0.000,0,1.000,0,0,0.0576,0.2493,-0.0028,0.0584
3504,65,1,0,-0.134,0.031,-1.000,-1.000,1,1,-0.000,0.000,0.000,0,1.000,0,0,0.0576,0.2493,-0.0028,0.0584
3505,65,1,0,-1.000,0.031,-1.000,-1.000,1,1,1.000,0.000,0.000,0,0.895,0,0,0.0577,0.2497,-0.0030,0.0585
3506,65,1,0,-1.000,0.094,-1.000,-1.000,1,1,1.000,0.000,0.000,0,0.790,0,0,0.0578,0.2505,-0.0038,0.0583
3507,65,1,0,-1.000,0.094,-1.000,-1.000,1,1,1.000,0.000,0.000,0,0.684,0,0,0.0579,0.2515,-0.0042,0.0580
3508,65,1,0,-1.000,0.071,-1.000,-1.000,1,1,1.000,0.000,0.000,0,0.579,0,0,0.0580,0.2528,-0.0046,0.0582
3509,65,1,0,-0.008,-0.032,-1.000,-1.000,1,1,-0.000,0.000,0.000,0,0.913,0,0,0.0577,0.2527,-0.0051,0.0582
3510,65,1,0,0.000,-0.032,-1.000,-1.000,1,1,-0.000,0.000,0.000,0,1.000,0,0,0.0576,0.2514,-0.0055,0.0584
3511,65,1,0,-0.362,0.102,-1.000,-1.000,1,1,0.150,0.000,0.000,0,1.000,0,0,0.0576,0.2512,-0.0057,0.0585
3512,65,1,0,-0.165,0.102,-1.000,-1.000,1,1,-0.000,0.000,0.000,0,1.000,0,0,0.0576,0.2512,-0.0057,0.0585
3513,65,1,0,0.000,-0.008,-1.000,-1.000,1,1,-0.000,0.000,0.000,0,1.000,0,0,0.0576,0.2512,-0.0057,0.0585
3514,65,1,0,-0.008,0.024,-1.000,-1.000,1,1,-0.000,0.000,0.000,0,1.000,0,0,0.0576,0.2512,-0.0057,0.0585
3515,65,1,0,-0.961,0.394,-1.000,-1.000,1,1,0.948,0.192,0.000,0,0.873,0,0,0.0577,0.2515,-0.0058,0.0586
3516,65,1,0,-1.000,0.252,-1.000,-1.000,1,1,1.000,0.003,0.000,0,0.767,0,0,0.0578,0.2527,-0.0075,0.0583
3517,65,1,0,-1.000,0.244,-1.000,-1.000,1,1,1.000,0.000,0.000,0,0.662,0,0,0.0579,0.2536,-0.0080,0.0584
3518,65,1,0,-0.134,0.079,-1.000,-1.000,1,1,-0.000,0.000,0.000,0,0.995,0,0,0.0576,0.2534,-0.0089,0.0584
3519,65,1,0,0.008,-0.008,-1.000,-1.000,1,1,-0.000,0.000,0.000,0,1.000,0,0,0.0576,0.2524,-0.0096,0.0581
3520,65,1,0,0.008,-0.008,-1.000,-1.000,1,1,-0.000,0.000,0.000,0,1.000,0,0,0.0576,0.2525,-0.0097,0.0581
3521,65,1,0,0.016,0.016,-1.000,-1.000,1,1,-0.000,0.000,0.000,0,1.000,0,0,0.0576,0.2524,-0.0098,0.0581
3522,65,1,0,0.016,0.087,-1.000,-1.000,1,1,-0.000,0.000,0.000,0,1.000,0,0,0.0576,0.2525,-0.0097,0.0581
3523,65,1,1,0.008,-0.032,-1.000,-1.000,1,1,0.000,0.000,0.000,1,1.000,1,1,0.0576,0.2525,-0.0098,0.0581
3524,66,1,0,0.000,-0.032,-1.000,-1.000,1,1,-0.000,0.000,0.000,0,0.333,0,0,0.0599,0.2492,-0.0065,0.0613
3525,66,1,0,0.000,-0.032,-1.000,-1.000,1,1,-0.000,0.000,0.000,0,0.667,0,0,0.0588,0.2496,-0.0060,0.0612
3526,66,1,0,0.000,-0.032,-1.000,-1.000,1,1,-0.000,0.000,0.000,0,1.000,0,0,0.0576,0.2495,-0.0052,0.0599
3527,66,1,0,0.000,-0.032,-1.000,-1.000,1,1,-0.000,0.000,0.000,0,1.000,0,0,0.0576,0.2497,-0.0046,0.0591
3528,66,1,0,0.000,-0.032,-1.000,-1.000,1,1,-0.000,0.000,0.000,0,1.000,0,0,0.0576,0.2496,-0.0047,0.0592
3529,66,1,0,0.000,-0.032,-1.000,-1.000,1,1,-0.000,0.000,0.000,0,1.000,0,0,0.0576,0.2496,-0.0046,0.0592
3530,66,1,0,0.000,0.008,-1.000,-1.000,1,1,-0.000,0.000,0.000,0,1.000,0,0,0.0576,0.2496,-0.0046,0.0593
3531,66,1,0,-0.236,0.346,-1.000,-1.000,1,1,-0.000,0.129,0.000,0,1.000,0,0,0.0576,0.2496,-0.0046,0.0593
3532,66,1,0,-0.898,0.528,-1.000,-1.000,1,1,0.864,0.370,0.000,0,1.000,0,0,0.0576,0.2505,-0.0042,0.0595
3533,66,1,0,-0.394,0.260,-1.000,-1.000,1,1,0.192,0.013,0.000,0,1.000,0,0,0.0576,0.2521,-0.0037,0.0597
3534,66,1,0,-0.024,-0.008,-1.000,-1.000,1,1,-0.000,0.000,0.000,0,1.000,0,0,0.0576,0.2520,-0.0037,0.0597
3535,66,1,0,-0.016,-0.008,-1.000,-1.000,1,1,-0.000,0.000,0.000,0,1.000,0,0,0.0576,0.2521,-0.0037,0.0597
3536,66,1,0,0.000,-0.008,-1.000,-1.000,1,1,-0.000,0.000,0.000,0,1.000,0,0,0.0576,0.2521,-0.0037,0.0597
3537,66,1,0,0.071,-0.008,-1.000,-1.000,1,1,-0.000,0.000,0.000,0,1.000,0,0,0.0576,0.2522,-0.0037,0.0597
3538,66,1,0,0.764,0.276,-1.000,-1.000,1,1,-0.685,0.034,0.000,0,1.000,0,0,0.0576,0.2515,-0.0037,0.0596
3539,66,1,0,0.008,-0.039,-1.000,-1.000,1,1,-0.000,0.000,0.000,0,1.000,0,0,0.0576,0.2505,-0.0038,0.0597
3540,66,1,0,0.008,-0.039,-1.000,-1.000,1,1,-0.000,0.000,0.000,0,1.000,0,0,0.0576,0.2507,-0.0038,0.0598
3541,66,1,0,0.008,-0.039,-1.000,1.000,1,1,-0.000,0.000,-1.000,0,1.000,0,0,0.0576,0.2505,-0.0041,0.0596
3542,66,1,0,0.008,-0.039,-1.000,1.000,1,1,-0.000,0.000,-1.000,0,1.000,0,0,0.0576,0.2505,-0.0044,0.0592
3543,66,1,0,0.008,-0.039,-1.000,1.000,1,1,-0.000,0.000,-1.000,0,1.000,0,0,0.0576,0.2504,-0.0049,0.0587
3544,66,1,0,0.008,-0.039,-1.000,1.000,1,1,-0.000,0.000,-1.000,0,1.000,0,0,0.0576,0.2505,-0.0052,0.0587
3545,66,1,0,0.016,0.047,-1.000,1.000,1,1,-0.000,0.000,-1.000,0,1.000,0,0,0.0576,0.2505,-0.0061,0.0586
3546,66,1,0,0.244,0.913,-1.000,1.000,1,1,-0.000,0.884,-1.000,0,1.000,0,0,0.0576,0.2507,-0.0063,0.0586
3547,66,1,0,0.268,1.000,-1.000,1.000,1,1,-0.024,1.000,-1.000,0,1.000,0,0,0.0576,0.2507,-0.0056,0.0588
3548,66,1,0,0.268,1.000,-1.000,1.000,1,1,-0.024,1.000,-1.000,0,1.000,0,0,0.0576,0.2508,-0.0046,0.0593
3549,66,1,0,0.268,1.000,-1.000,1.000,1,1,-0.024,1.000,-1.000,0,1.000,0,0,0.0576,0.2509,-0.0038,0.0598
3550,66,1,0,0.220,1.000,-1.000,1.000,1,1,-0.000,1.000,-1.000,0,1.000,0,0,0.0576,0.2510,-0.0028,0.0604
3551,66,1,0,0.213,0.780,-1.000,1.000,1,1,-0.000,0.706,-1.000,0,1.000,0,0,0.0576,0.2511,-0.0023,0.0609
3552,66,1,0,0.024,0.000,-1.000,1.000,1,1,-0.000,0.000,-1.000,0,1.000,0,0,0.0576,0.2511,-0.0022,0.0610
3553,66,1,0,0.024,-0.008,-1.000,1.000,1,1,-0.000,0.000,-1.000,0,1.000,0,0,0.0576,0.2509,-0.0025,0.0606
3554,66,1,0,0.024,-0.008,-1.000,1.000,1,1,-0.000,0.000,-1.000,0,1.000,0,0,0.0576,0.2509,-0.0030,0.0601
3555,66,1,0,0.024,-0.016,-1.000,0.323,1,1,-0.000,0.000,-0.632,0,1.000,0,0,0.0576,0.2509,-0.0035,0.0597
3556,66,1,1,0.016,-0.016,-1.000,-1.000,1,1,0.000,0.000,0.000,1,1.000,1,1,0.0576,0.2509,-0.0036,0.0595
3557,67,1,0,-0.016,-0.016,-1.000,-1.000,1,1,-0.000,0.000,0.000,0,0.333,0,0,0.0632,0.2477,-0.0033,0.0654
3558,67,1,0,-0.055,-0.016,-1.000,-1.000,1,1,-0.000,0.000,0.000,0,0.667,0,0,0.0604,0.2487,-0.0038,0.0640
3559,67,1,0,-0.638,-0.016,-1.000,-1.000,1,1,0.517,0.000,0.000,0,1.000,0,0,0.0576,0.2492,-0.0040,0.0623
3560,67,1,0,-0.638,-0.016,-1.000,-1.000,1,1,0.517,0.000,0.000,0,1.000,0,0,0.0576,0.2507,-0.0044,0.0611
3561,67,1,0,-0.134,-0.016,-1.000,-1.000,1,1,-0.000,0.000,0.000,0,1.000,0,0,0.0576,0.2514,-0.0042,0.0599
3562,67,1,0,0.000,-0.039,-1.000,-1.000,1,1,-0.000,0.000,0.000,0,1.000,0,0,0.0576,0.2517,-0.0042,0.0594
3563,67,1,0,0.000,-0.039,-1.000,-1.000,1,1,-0.000,0.000,0.000,0,1.000,0,0,0.0576,0.2517,-0.0043,0.0594
3564,67,1,0,-0.039,-0.024,-1.000,-1.000,1,1,-0.000,0.000,0.000,0,1.000,0,0,0.0576,0.2517,-0.0043,0.0595
3565,67,1,0,-0.850,0.071,-1.000,-1.000,1,1,0.801,0.000,0.000,0,1.000,0,0,0.0576,0.2525,-0.0043,0.0596
3566,67,1,0,-0.173,0.110,-1.000,-1.000,1,1,-0.000,0.000,0.000,0,1.000,0,0,0.0576,0.2539,-0.0043,0.0599
3567,67,1,0,-0.008,-0.016,-1.000,-1.000,1,1,-0.000,0.000,0.000,0,1.000,0,0,0.0576,0.2537,-0.0043,0.0599
3568,67,1,0,0.000,-0.008,-1.000,-1.000,1,1,-0.000,0.000,0.000,0,1.000,0,0,0.0576,0.2537,-0.0042,0.0598
3569,67,1,0,0.000,-0.008,-1.000,0.898,1,1,-0.000,0.000,-0.944,0,1.000,0,0,0.0576,0.2537,-0.0043,0.0598
3570,67,1,0,0.000,-0.016,-1.000,1.000,1,1,-0.000,0.000,-1.000,0,1.000,0,0,0.0576,0.2536,-0.0042,0.0598
3571,67,1,0,0.000,-0.008,-1.000,1.000,1,1,-0.000,0.000,-1.000,0,1.000,0,0,0.0576,0.2534,-0.0042,0.0598
3572,67,1,0,0.000,-0.016,-1.000,1.000,1,1,-0.000,0.000,-1.000,0,1.000,0,0,0.0576,0.2533,-0.0040,0.0597
3573,67,1,0,0.150,0.622,-1.000,1.000,1,1,-0.000,0.496,-1.000,0,1.000,0,0,0.0576,0.2531,-0.0034,0.0596
3574,67,1,0,0.299,1.000,-1.000,1.000,1,1,-0.066,1.000,-1.000,0,1.000,0,0,0.0576,0.2530,-0.0020,0.0596
3575,67,1,0,0.047,-0.102,-1.000,1.000,1,1,-0.000,0.000,-1.000,0,1.000,0,0,0.0576,0.2528,-0.0007,0.0594
3576,67,1,0,0.016,-0.063,-1.000,1.000,1,1,-0.000,0.000,-1.000,0,1.000,0,0,0.0576,0.2525,-0.0000,0.0592
3577,67,1,0,0.016,-0.063,-1.000,1.000,1,1,-0.000,0.000,-1.000,0,1.000,0,0,0.0576,0.2523,0.0001,0.0591
3578,67,1,0,0.016,-0.063,-1.000,1.000,1,1,-0.000,0.000,-1.000,0,1.000,0,0,0.0576,0.2521,0.0002,0.0590
3579,67,1,0,-0.016,0.165,-1.000,1.000,1,1,-0.000,0.000,-1.000,0,1.000,0,0,0.0576,0.2520,0.0003,0.0590
3580,67,1,0,-0.646,0.622,-1.000,1.000,1,1,0.528,0.496,-1.000,0,1.000,0,0,0.0576,0.2522,0.0009,0.0589
3581,67,1,0,-1.000,0.236,-1.000,1.000,1,1,1.000,0.000,-1.000,0,1.000,0,0,0.0576,0.2536,0.0015,0.0592
3582,67,1,0,-0.976,-0.339,-1.000,1.000,1,1,0.969,-0.118,-1.000,0,1.000,0,0,0.0576,0.2547,0.0016,0.0594
3583,67,1,0,-0.551,-0.898,-1.000,1.000,1,1,0.402,-0.864,-1.000,0,1.000,0,0,0.0576,0.2554,0.0009,0.0595
3584,67,1,0,-0.079,-0.441,-1.000,1.000,1,1,-0.000,-0.255,-1.000,0,1.000,0,0,0.0576,0.2561,-0.0003,0.0600
3585,67,1,0,0.000,-0.063,-1.000,1.000,1,1,-0.000,0.000,-1.000,0,1.000,0,0,0.0576,0.2561,-0.0006,0.0600
3586,67,1,0,0.000,-0.039,-1.000,1.000,1,1,-0.000,0.000,-1.000,0,1.000,0,0,0.0576,0.2561,-0.0006,0.0600
3587,67,1,0,0.000,-0.039,-1.000,0.992,1,1,-0.000,0.000,-0.996,0,1.000,0,0,0.0576,0.2560,-0.0005,0.0600
3588,67,1,0,0.000,-0.039,-1.000,-1.000,1,1,-0.000,0.000,0.000,0,1.000,0,0,0.0576,0.2560,-0.0005,0.0600
3589,67,1,1,0.000,-0.039,-1.000,-1.000,1,1,0.000,0.000,0.000,1,1.000,1,1,0.0576,0.2560,-0.0005,0.0600
3590,68,1,0,0.000,-0.039,-1.000,-1.000,1,1,-0.000,0.000,0.000,0,0.333,0,0,0.0646,0.2557,-0.0060,0.0672
3591,68,1,0,0.000,-0.039,-1.000,-1.000,1,1,-0.000,0.000,0.000,0,0.667,0,0,0.0611,0.2534,-0.0058,0.0652
3592,68,1,0,0.000,-0.039,-1.000,-1.000,1,1,-0.000,0.000,0.000,0,1.000,0,0,0.0576,0.2512,-0.0051,0.0621
3593,68,1,0,0.000,-0.039,-1.000,-1.000,1,1,-0.000,0.000,0.000,0,1.000,0,0,0.0576,0.2495,-0.0046,0.0595
3594,68,1,0,0.000,-0.039,-1.000,-1.000,1,1,-0.000,0.000,0.000,0,1.000,0,0,0.0576,0.2497,-0.0046,0.0593
3595,68,1,0,0.000,-0.039,-1.000,-1.000,1,1,-0.000,0.000,0.000,0,1.000,0,0,0.0576,0.2496,-0.0046,0.0594
3596,68,1,0,0.000,-0.039,-1.000,-1.000,1,1,-0.000,0.000,0.000,0,1.000,0,0,0.0576,0.2496,-0.0046,0.0594
3597,68,1,0,-0.008,0.016,-1.000,-1.000,1,1,-0.000,0.000,0.000,0,1.000,0,0,0.0576,0.2496,-0.0046,0.0594
3598,68,1,0,-0.032,0.039,-1.000,-1.000,1,1,-0.000,0.000,0.000,0,1.000,0,0,0.0576,0.2496,-0.0046,0.0594
3599,68,1,0,-0.024,0.465,-1.000,-1.000,1,1,-0.000,0.286,0.000,0,1.000,0,0,0.0576,0.2497,-0.0045,0.0595
3600,68,1,0,-0.134,0.772,-1.000,-1.000,1,1,-0.000,0.696,0.000,0,1.000,0,0,0.0576,0.2498,-0.0033,0.0596
3601,68,1,0,0.008,0.016,-1.000,-1.000,1,1,-0.000,0.000,0.000,0,1.000,0,0,0.0576,0.2498,-0.0025,0.0595
3602,68,1,0,0.008,0.000,-1.000,-1.000,1,1,-0.000,0.000,0.000,0,1.000,0,0,0.0576,0.2497,-0.0024,0.0596
3603,68,1,0,0.008,0.567,-1.000,-1.000,1,1,-0.000,0.423,0.000,0,1.000,0,0,0.0576,0.2498,-0.0020,0.0596
3604,68,1,0,0.173,0.701,-1.000,-1.000,1,1,-0.000,0.601,0.000,0,1.000,0,0,0.0576,0.2499,-0.0007,0.0597
3605,68,1,0,0.000,-0.039,-1.000,-1.000,1,1,-0.000,0.000,0.000,0,1.000,0,0,0.0576,0.2500,-0.0001,0.0598
3606,68,1,0,0.016,-0.039,-1.000,-1.000,1,1,-0.000,0.000,0.000,0,1.000,0,0,0.0576,0.2500,-0.0000,0.0598
3607,68,1,0,0.016,-0.039,-1.000,-1.000,1,1,-0.000,0.000,0.000,0,1.000,0,0,0.0576,0.2501,-0.0000,0.0598
3608,68,1,0,0.008,-0.039,-1.000,-1.000,1,1,-0.000,0.000,0.000,0,1.000,0,0,0.0576,0.2500,0.0000,0.0598
3609,68,1,0,-0.032,0.000,-1.000,-1.000,1,1,-0.000,0.000,0.000,0,1.000,0,0,0.0576,0.2500,0.0000,0.0598
3610,68,1,0,-0.063,0.024,-1.000,-1.000,1,1,-0.000,0.000,0.000,0,1.000,0,0,0.0576,0.2500,0.0000,0.0598
3611,68,1,0,-0.008,-0.016,-1.000,1.000,1,1,-0.000,0.000,-1.000,0,1.000,0,0,0.0576,0.2502,0.0001,0.0597
3612,68,1,0,-0.032,-0.016,-1.000,1.000,1,1,-0.000,0.000,-1.000,0,1.000,0,0,0.0576,0.2506,0.0000,0.0593
3613,68,1,0,-0.039,-0.016,-1.000,1.000,1,1,-0.000,0.000,-1.000,0,1.000,0,0,0.0576,0.2511,-0.0000,0.0589
3614,68,1,0,-0.047,-0.016,-1.000,1.000,1,1,-0.000,0.000,-1.000,0,1.000,0,0,0.0576,0.2516,-0.0002,0.0584
3615,68,1,0,-0.055,-0.008,-1.000,1.000,1,1,-0.000,0.000,-1.000,0,1.000,0,0,0.0576,0.2522,-0.0003,0.0580
3616,68,1,0,-0.055,-0.008,-1.000,1.000,1,1,-0.000,0.000,-1.000,0,1.000,0,0,0.0576,0.2527,-0.0004,0.0576
3617,68,1,0,-0.071,0.008,-1.000,1.000,1,1,-0.000,0.000,-1.000,0,1.000,0,0,0.0576,0.2531,-0.0006,0.0573
3618,68,1,0,-0.071,0.008,-1.000,1.000,1,1,-0.000,0.000,-1.000,0,1.000,0,0,0.0576,0.2534,-0.0007,0.0569
3619,68,1,0,-0.071,0.008,-1.000,1.000,1,1,-0.000,0.000,-1.000,0,1.000,0,0,0.0576,0.2536,-0.0008,0.0566
3620,68,1,0,-0.071,0.008,-1.000,1.000,1,1,-0.000,0.000,-1.000,0,1.000,0,0,0.0576,0.2540,-0.0010,0.0563
3621,68,1,0,-0.063,-0.032,-1.000,1.000,1,1,-0.000,0.000,-1.000,0,1.000,0,0,0.0576,0.2542,-0.0011,0.0561
3622,68,1,0,-0.063,-0.039,-1.000,1.000,1,1,-0.000,0.000,-1.000,0,1.000,0,0,0.0576,0.2545,-0.0012,0.0560
3623,68,1,0,-0.063,-0.039,-1.000,1.000,1,1,-0.000,0.000,-1.000,0,1.000,0,0,0.0576,0.2548,-0.0013,0.0560
3624,68,1,0,-0.055,-0.039,-1.000,1.000,1,1,-0.000,0.000,-1.000,0,1.000,0,0,0.0576,0.2552,-0.0016,0.0559
3625,68,1,0,-0.063,-0.039,-1.000,1.000,1,1,-0.000,0.000,-1.000,0,1.000,0,0,0.0576,0.2554,-0.0017,0.0559
3626,68,1,0,-0.220,-0.008,-1.000,1.000,1,1,-0.000,0.000,-1.000,0,1.000,0,0,0.0576,0.2556,-0.0019,0.0559
3627,68,1,0,-0.213,-0.008,-1.000,1.000,1,1,-0.000,0.000,-1.000,0,1.000,0,0,0.0576,0.2558,-0.0020,0.0559
3628,68,1,0,-0.039,0.000,-1.000,1.000,1,1,-0.000,0.000,-1.000,0,1.000,0,0,0.0576,0.2560,-0.0021,0.0559
3629,68,1,0,0.008,-0.008,-1.000,1.000,1,1,-0.000,0.000,-1.000,0,1.000,0,0,0.0576,0.2562,-0.0023,0.0561
3630,68,1,0,0.008,-0.008,-1.000,1.000,1,1,-0.000,0.000,-1.000,0,1.000,0,0,0.0576,0.2563,-0.0023,0.0561
3631,68,1,0,0.008,-0.016,-1.000,1.000,1,1,-0.000,0.000,-1.000,0,1.000,0,0,0.0576,0.2564,-0.0024,0.0561
3632,68,1,0,0.008,-0.016,-1.000,1.000,1,1,-0.000,0.000,-1.000,0,1.000,0,0,0.0576,0.2566,-0.0025,0.0562
3633,68,1,0,0.039,-0.016,-1.000,0.449,1,1,-0.000,0.000,-0.700,0,1.000,0,0,0.0576,0.2569,-0.0026,0.0564
3634,68,1,0,0.039,-0.016,-1.000,0.543,1,1,-0.000,0.000,-0.752,0,1.000,0,0,0.0576,0.2571,-0.0028,0.0566
3635,68,1,0,0.047,-0.016,-1.000,-1.000,1,1,-0.000,0.000,0.000,0,1.000,0,0,0.0576,0.2571,-0.0028,0.0566
3636,68,1,0,0.047,-0.016,-1.000,-1.000,1,1,-0.000,0.000,0.000,0,1.000,0,0,0.0576,0.2572,-0.0028,0.0566
3637,68,1,0,0.031,-0.016,-1.000,-1.000,1,1,-0.000,0.000,0.000,0,1.000,0,0,0.0576,0.2572,-0.0028,0.0566
3638,68,1,0,0.031,-0.016,-1.000,-1.000,1,1,-0.000,0.000,0.000,0,1.000,0,0,0.0576,0.2572,-0.0028,0.0566
3639,68,1,0,0.039,-0.016,-1.000,-1.000,1,1,-0.000,0.000,0.000,0,1.000,0,0,0.0576,0.2572,-0.0028,0.0566
3640,68,1,0,0.827,-0.008,-1.000,-1.000,1,1,-0.769,0.000,0.000,0,1.000,0,0,0.0576,0.2572,-0.0029,0.0566
3641,68,1,0,1.000,0.016,-1.000,-1.000,1,1,-1.000,0.000,0.000,0,1.000,0,0,0.0576,0.2569,-0.0029,0.0566
3642,68,1,0,1.000,0.016,-1.000,-1.000,1,1,-1.000,0.000,0.000,0,1.000,0,0,0.0576,0.2567,-0.0030,0.0565
3643,68,1,0,0.031,-0.039,-1.000,-1.000,1,1,-0.000,0.000,0.000,0,1.000,0,0,0.0576,0.2564,-0.0031,0.0565
3644,68,1,0,0.024,-0.032,-1.000,-1.000,1,1,-0.000,0.000,0.000,0,1.000,0,0,0.0576,0.2564,-0.0032,0.0565
3645,68,1,0,0.110,0.000,-1.000,-1.000,1,1,-0.000,0.000,0.000,0,1.000,0,0,0.0576,0.2564,-0.0032,0.0565
3646,68,1,0,0.307,0.016,-1.000,-1.000,1,1,-0.076,0.000,0.000,0,1.000,0,0,0.0576,0.2564,-0.0032,0.0565
3647,68,1,0,0.504,-0.016,-1.000,-1.000,1,1,-0.339,0.000,0.000,0,1.000,0,0,0.0576,0.2563,-0.0032,0.0565
3648,68,1,0,1.000,0.055,-1.000,-1.000,1,1,-1.000,0.000,0.000,0,1.000,0,0,0.0576,0.2559,-0.0033,0.0565
3649,68,1,0,1.000,0.055,-1.000,-1.000,1,1,-1.000,0.000,0.000,0,1.000,0,0,0.0576,0.2549,-0.0036,0.0568
3650,68,1,0,1.000,0.142,-1.000,-1.000,1,1,-1.000,0.000,0.000,0,1.000,0,0,0.0576,0.2542,-0.0039,0.0571
3651,68,1,0,0.968,0.197,-1.000,-1.000,1,1,-0.958,0.000,0.000,0,1.000,0,0,0.0576,0.2531,-0.0044,0.0576
3652,68,1,0,0.362,0.110,-1.000,-1.000,1,1,-0.150,0.000,0.000,0,1.000,0,0,0.0576,0.2523,-0.0046,0.0580
3653,68,1,0,0.000,-0.039,-1.000,-1.000,1,1,-0.000,0.000,0.000,0,1.000,0,0,0.0576,0.2522,-0.0046,0.0580
3654,68,1,0,0.063,-0.024,-1.000,-1.000,1,1,-0.000,0.000,0.000,0,1.000,0,0,0.0576,0.2521,-0.0046,0.0579
3655,68,1,0,0.827,0.260,-1.000,-1.000,1,1,-0.769,0.013,0.000,0,1.000,0,0,0.0576,0.2518,-0.0047,0.0580
3656,68,1,0,0.717,0.409,-1.000,-1.000,1,1,-0.622,0.213,0.000,0,1.000,0,0,0.0576,0.2506,-0.0049,0.0586
3657,68,1,0,0.008,-0.016,-1.000,-1.000,1,1,-0.000,0.000,0.000,0,1.000,0,0,0.0576,0.2501,-0.0051,0.0590
3658,68,1,0,0.008,-0.016,-1.000,-1.000,1,1,-0.000,0.000,0.000,0,1.000,0,0,0.0576,0.2500,-0.0050,0.0590
3659,68,1,0,-0.008,0.055,-1.000,-1.000,1,1,-0.000,0.000,0.000,0,1.000,0,0,0.0576,0.2500,-0.0049,0.0589
3660,68,1,0,-0.457,0.913,-1.000,-1.000,1,1,0.276,0.884,0.000,0,1.000,0,0,0.0576,0.2503,-0.0041,0.0588
3661,68,1,0,-0.205,0.748,-1.000,-1.000,1,1,-0.000,0.664,0.000,0,1.000,0,0,0.0576,0.2507,-0.0025,0.0586
3662,68,1,0,-0.008,-0.063,-1.000,-1.000,1,1,-0.000,0.000,0.000,0,1.000,0,0,0.0576,0.2508,-0.0016,0.0589
3663,68,1,0,0.008,-0.063,-1.000,-1.000,1,1,-0.000,0.000,0.000,0,1.000,0,0,0.0576,0.2507,-0.0013,0.0589
3664,68,1,0,0.008,-0.024,-1.000,-1.000,1,1,-0.000,0.000,0.000,0,1.000,0,0,0.0576,0.2507,-0.0013,0.0589
3665,68,1,0,0.016,0.551,-1.000,-1.000,1,1,-0.000,0.402,0.000,0,1.000,0,0,0.0576,0.2508,-0.0009,0.0589
3666,68,1,0,0.173,0.724,-1.000,-1.000,1,1,-0.000,0.633,0.000,0,1.000,0,0,0.0576,0.2509,0.0002,0.0590
3667,68,1,0,0.000,-0.055,-1.000,-1.000,1,1,-0.000,0.000,0.000,0,1.000,0,0,0.0576,0.2511,0.0009,0.0591
3668,68,1,0,0.000,-0.055,-1.000,1.000,1,1,-0.000,0.000,-1.000,0,1.000,0,0,0.0576,0.2511,0.0011,0.0592
3669,68,1,0,0.000,-0.055,-1.000,1.000,1,1,-0.000,0.000,-1.000,0,1.000,0,0,0.0576,0.2516,0.0011,0.0588
3670,68,1,0,0.000,-0.055,-1.000,1.000,1,1,-0.000,0.000,-1.000,0,1.000,0,0,0.0576,0.2521,0.0009,0.0584
3671,68,1,0,0.000,-0.055,-1.000,1.000,1,1,-0.000,0.000,-1.000,0,1.000,0,0,0.0576,0.2527,0.0007,0.0581
3672,68,1,0,0.000,-0.055,-1.000,1.000,1,1,-0.000,0.000,-1.000,0,1.000,0,0,0.0576,0.2532,0.0005,0.0578
3673,68,1,0,0.000,-0.055,-1.000,1.000,1,1,-0.000,0.000,-1.000,0,1.000,0,0,0.0576,0.2536,0.0004,0.0575
3674,68,1,0,0.000,-0.055,-1.000,1.000,1,1,-0.000,0.000,-1.000,0,1.000,0,0,0.0576,0.2539,0.0003,0.0571
3675,68,1,0,0.000,-0.055,-1.000,1.000,1,1,-0.000,0.000,-1.000,0,1.000,0,0,0.0576,0.2542,0.0001,0.0568
3676,68,1,0,0.000,-0.055,-1.000,1.000,1,1,-0.000,0.000,-1.000,0,1.000,0,0,0.0576,0.2545,-0.0000,0.0566
3677,68,1,0,0.000,-0.055,-1.000,1.000,1,1,-0.000,0.000,-1.000,0,1.000,0,0,0.0576,0.2548,-0.0001,0.0565
3678,68,1,0,0.000,-0.055,-1.000,1.000,1,1,-0.000,0.000,-1.000,0,1.000,0,0,0.0576,0.2550,-0.0001,0.0564
3679,68,1,0,0.000,-0.055,-1.000,1.000,1,1,-0.000,0.000,-1.000,0,1.000,0,0,0.0576,0.2553,-0.0002,0.0563
3680,68,1,0,-0.039,-0.063,-1.000,1.000,1,1,-0.000,0.000,-1.000,0,1.000,0,0,0.0576,0.2556,-0.0004,0.0562
3681,68,1,0,-0.496,-0.205,-1.000,1.000,1,1,0.328,0.000,-1.000,0,1.000,0,0,0.0576,0.2559,-0.0005,0.0562
3682,68,1,0,-0.724,-0.189,-1.000,1.000,1,1,0.633,0.000,-1.000,0,1.000,0,0,0.0576,0.2563,-0.0006,0.0562
3683,68,1,0,-1.000,-0.079,-1.000,1.000,1,1,1.000,0.000,-1.000,0,1.000,0,0,0.0576,0.2567,-0.0006,0.0563
3684,68,1,0,-1.000,0.094,-1.000,1.000,1,1,1.000,0.000,-1.000,0,1.000,0,0,0.0576,0.2571,-0.0006,0.0563
3685,68,1,0,-1.000,0.244,-1.000,1.000,1,1,1.000,0.000,-1.000,0,1.000,0,0,0.0576,0.2574,-0.0007,0.0564
3686,68,1,0,-1.000,0.244,-1.000,1.000,1,1,1.000,0.000,-1.000,1,1.000,1,0,0.0576,0.2576,-0.0007,0.0564
3687,68,1,0,-1.000,0.205,-1.000,1.000,1,1,1.000,0.000,-1.000,1,1.000,1,0,0.0576,0.2579,-0.0008,0.0565
3688,68,1,0,-1.000,0.094,-1.000,1.000,1,1,1.000,0.000,-1.000,1,1.000,1,0,0.0576,0.2581,-0.0008,0.0565
3689,68,1,0,-1.000,0.016,-1.000,-0.165,1,1,1.000,0.000,-0.367,1,1.000,1,0,0.0576,0.2583,-0.0009,0.0565
3690,68,1,0,-1.000,0.016,-1.000,-1.000,1,1,1.000,0.000,0.000,1,1.000,1,0,0.0576,0.2585,-0.0009,0.0565
3691,68,1,0,-1.000,0.016,-1.000,-1.000,1,1,1.000,0.000,0.000,1,1.000,1,0,0.0576,0.2587,-0.0011,0.0566
3692,68,1,0,-1.000,0.016,-1.000,-1.000,1,1,1.000,0.000,0.000,1,1.000,1,0,0.0576,0.2589,-0.0013,0.0568
3693,68,1,0,-1.000,0.008,-1.000,-1.000,1,1,1.000,0.000,0.000,1,1.000,1,0,0.0576,0.2590,-0.0013,0.0568
3694,68,1,0,-1.000,0.102,-1.000,-1.000,1,1,1.000,0.000,0.000,1,1.000,1,0,0.0576,0.2590,-0.0013,0.0568
3695,68,1,0,-1.000,0.252,-1.000,-1.000,1,1,1.000,0.003,0.000,1,1.000,1,0,0.0576,0.2589,-0.0013,0.0568
3696,68,1,0,-1.000,0.252,-1.000,-1.000,1,1,1.000,0.003,0.000,1,1.000,1,0,0.0576,0.2589,-0.0013,0.0568
3697,68,1,0,-0.173,0.031,-1.000,-1.000,1,1,-0.000,0.000,0.000,1,1.000,1,0,0.0576,0.2589,-0.0013,0.0568
3698,68,1,1,0.000,-0.039,-1.000,-1.000,1,1,0.000,0.000,0.000,1,1.000,1,1,0.0576,0.2589,-0.0013,0.0568
3699,69,1,0,0.000,-0.039,-1.000,-1.000,1,1,-0.000,0.000,0.000,0,0.333,0,0,0.0630,0.2549,-0.0043,0.0658
3700,69,1,0,0.000,-0.039,-1.000,-1.000,1,1,-0.000,0.000,0.000,0,0.667,0,0,0.0603,0.2553,-0.0044,0.0670
3701,69,1,0,0.000,-0.039,-1.000,-1.000,1,1,-0.000,0.000,0.000,0,1.000,0,0,0.0576,0.2541,-0.0052,0.0659
3702,69,1,0,0.000,-0.039,-1.000,-1.000,1,1,-0.000,0.000,0.000,0,1.000,0,0,0.0576,0.2521,-0.0044,0.0632
3703,69,1,0,0.000,-0.039,-1.000,-1.000,1,1,-0.000,0.000,0.000,0,1.000,0,0,0.0576,0.2510,-0.0048,0.0618
3704,69,1,0,0.000,-0.039,-1.000,-1.000,1,1,-0.000,0.000,0.000,0,1.000,0,0,0.0576,0.2497,-0.0042,0.0591
3705,69,1,0,0.000,-0.039,-1.000,-1.000,1,1,-0.000,0.000,0.000,0,1.000,0,0,0.0576,0.2497,-0.0045,0.0590
3706,69,1,0,0.000,-0.039,-1.000,-1.000,1,1,-0.000,0.000,0.000,0,1.000,0,0,0.0576,0.2498,-0.0044,0.0592
3707,69,1,0,0.000,-0.039,-1.000,-1.000,1,1,-0.000,0.000,0.000,0,1.000,0,0,0.0576,0.2497,-0.0044,0.0592
3708,69,1,0,-0.047,0.000,-1.000,-1.000,1,1,-0.000,0.000,0.000,0,1.000,0,0,0.0576,0.2497,-0.0045,0.0592
3709,69,1,0,-0.654,0.228,-1.000,-1.000,1,1,0.538,0.000,0.000,0,1.000,0,0,0.0576,0.2500,-0.0043,0.0591
3710,69,1,0,-0.748,0.402,-1.000,-1.000,1,1,0.664,0.202,0.000,0,1.000,0,0,0.0576,0.2506,-0.0041,0.0587
3711,69,1,0,-0.008,0.024,-1.000,-1.000,1,1,-0.000,0.000,0.000,0,1.000,0,0,0.0576,0.2513,-0.0038,0.0580
3712,69,1,0,0.008,0.016,-1.000,-1.000,1,1,-0.000,0.000,0.000,0,1.000,0,0,0.0576,0.2513,-0.0038,0.0580
3713,69,1,0,-0.362,0.780,-1.000,-1.000,1,1,0.150,0.706,0.000,0,1.000,0,0,0.0576,0.2515,-0.0032,0.0580
3714,69,1,0,-0.488,0.913,-1.000,-1.000,1,1,0.318,0.884,0.000,0,1.000,0,0,0.0576,0.2519,-0.0014,0.0578
3715,69,1,0,-0.032,0.039,-1.000,-1.000,1,1,-0.000,0.000,0.000,0,1.000,0,0,0.0576,0.2522,-0.0004,0.0574
3716,69,1,0,-0.008,-0.032,-1.000,-1.000,1,1,-0.000,0.000,0.000,0,1.000,0,0,0.0576,0.2522,-0.0003,0.0574
3717,69,1,0,-0.008,-0.055,-1.000,-1.000,1,1,-0.000,0.000,0.000,0,1.000,0,0,0.0576,0.2522,-0.0002,0.0574
3718,69,1,0,-0.079,0.008,-1.000,-1.000,1,1,-0.000,0.000,0.000,0,1.000,0,0,0.0576,0.2522,-0.0002,0.0574
3719,69,1,0,-1.000,0.102,-1.000,-1.000,1,1,1.000,0.000,0.000,0,1.000,0,0,0.0576,0.2528,-0.0000,0.0572
3720,69,1,0,-0.016,-0.008,-1.000,-1.000,1,1,-0.000,0.000,0.000,0,1.000,0,0,0.0576,0.2533,-0.0001,0.0565
3721,69,1,0,0.008,-0.008,-1.000,-1.000,1,1,-0.000,0.000,0.000,0,1.000,0,0,0.0576,0.2533,-0.0002,0.0565
3722,69,1,0,0.008,-0.008,-1.000,-1.000,1,1,-0.000,0.000,0.000,0,1.000,0,0,0.0576,0.2533,-0.0001,0.0567
3723,69,1,0,0.000,-0.008,-1.000,-1.000,1,1,-0.000,0.000,0.000,0,1.000,0,0,0.0576,0.2533,-0.0001,0.0567
3724,69,1,0,-0.150,-0.008,-1.000,-1.000,1,1,-0.000,0.000,0.000,0,1.000,0,0,0.0576,0.2533,-0.0001,0.0567
3725,69,1,0,-1.000,-0.087,-1.000,-1.000,1,1,1.000,0.000,0.000,0,1.000,0,0,0.0576,0.2538,-0.0001,0.0565
3726,69,1,0,0.000,-0.102,-1.000,-1.000,1,1,-0.000,0.000,0.000,0,1.000,0,0,0.0576,0.2542,-0.0002,0.0561
3727,69,1,0,0.008,-0.063,-1.000,-1.000,1,1,-0.000,0.000,0.000,0,1.000,0,0,0.0576,0.2542,-0.0002,0.0561
3728,69,1,0,0.008,-0.063,-1.000,1.000,1,1,-0.000,0.000,-1.000,0,1.000,0,0,0.0576,0.2543,-0.0002,0.0561
3729,69,1,0,0.008,-0.063,-1.000,1.000,1,1,-0.000,0.000,-1.000,0,1.000,0,0,0.0576,0.2545,-0.0002,0.0560
3730,69,1,0,0.008,-0.063,-1.000,1.000,1,1,-0.000,0.000,-1.000,0,1.000,0,0,0.0576,0.2548,-0.0002,0.0560
3731,69,1,0,0.008,-0.063,-1.000,1.000,1,1,-0.000,0.000,-1.000,0,1.000,0,0,0.0576,0.2551,-0.0002,0.0559
3732,69,1,0,0.008,-0.063,-1.000,1.000,1,1,-0.000,0.000,-1.000,0,1.000,0,0,0.0576,0.2554,-0.0002,0.0559
3733,69,1,0,0.008,-0.063,-1.000,1.000,1,1,-0.000,0.000,-1.000,0,1.000,0,0,0.0576,0.2556,-0.0002,0.0558
3734,69,1,0,0.008,-0.063,-1.000,1.000,1,1,-0.000,0.000,-1.000,0,1.000,0,0,0.0576,0.2559,-0.0003,0.0558
3735,69,1,0,0.008,-0.063,-1.000,1.000,1,1,-0.000,0.000,-1.000,0,1.000,0,0,0.0576,0.2561,-0.0003,0.0558
3736,69,1,0,0.008,-0.063,-1.000,1.000,1,1,-0.000,0.000,-1.000,0,1.000,0,0,0.0576,0.2563,-0.0004,0.0558
3737,69,1,0,0.008,-0.063,-1.000,0.567,1,1,-0.000,0.000,-0.765,1,1.000,1,0,0.0576,0.2564,-0.0004,0.0559
3738,69,1,0,0.008,-0.063,-1.000,-1.000,1,1,-0.000,0.000,0.000,1,1.000,1,0,0.0576,0.2565,-0.0004,0.0558
3739,69,1,0,0.008,-0.063,-1.000,-1.000,1,1,-0.000,0.000,0.000,1,1.000,1,0,0.0576,0.2565,-0.0004,0.0558
3740,69,1,1,0.008,-0.063,-1.000,-1.000,1,1,0.000,0.000,0.000,1,1.000,1,1,0.0576,0.2566,-0.0004,0.0558
3741,70,1,0,0.008,-0.063,-1.000,-1.000,1,1,-0.000,0.000,0.000,0,0.333,0,0,0.0609,0.2559,-0.0064,0.0622
3742,70,1,0,0.008,-0.039,-1.000,-1.000,1,1,-0.000,0.000,0.000,0,0.667,0,0,0.0592,0.2535,-0.0061,0.0619
3743,70,1,0,0.008,-0.032,-1.000,-1.000,1,1,-0.000,0.000,0.000,0,1.000,0,0,0.0576,0.2508,-0.0051,0.0603
3744,70,1,0,0.000,-0.032,-1.000,-1.000,1,1,-0.000,0.000,0.000,0,1.000,0,0,0.0576,0.2496,-0.0045,0.0592
3745,70,1,0,0.000,0.000,-1.000,-1.000,1,1,-0.000,0.000,0.000,0,1.000,0,0,0.0576,0.2497,-0.0046,0.0592
3746,70,1,0,0.000,0.283,-1.000,-1.000,1,1,-0.000,0.045,0.000,0,1.000,0,0,0.0576,0.2497,-0.0045,0.0593
3747,70,1,0,-0.095,0.968,-1.000,-1.000,1,1,-0.000,0.958,0.000,0,1.000,0,0,0.0576,0.2499,-0.0034,0.0595
3748,70,1,0,-0.032,-0.008,-1.000,-1.000,1,1,-0.000,0.000,0.000,0,1.000,0,0,0.0576,0.2503,-0.0027,0.0594
3749,70,1,0,-0.008,-0.024,-1.000,-1.000,1,1,-0.000,0.000,0.000,0,1.000,0,0,0.0576,0.2501,-0.0024,0.0595
3750,70,1,0,-0.008,-0.024,-1.000,-1.000,1,1,-0.000,0.000,0.000,0,1.000,0,0,0.0576,0.2501,-0.0023,0.0595
3751,70,1,0,-0.087,0.921,-1.000,-1.000,1,1,-0.000,0.895,0.000,0,1.000,0,0,0.0576,0.2503,-0.0014,0.0597
3752,70,1,0,-0.063,0.968,-1.000,-1.000,1,1,-0.000,0.958,0.000,0,1.000,0,0,0.0576,0.2509,0.0000,0.0598
3753,70,1,0,0.000,-0.024,-1.000,-1.000,1,1,-0.000,0.000,0.000,0,1.000,0,0,0.0576,0.2513,0.0012,0.0603
3754,70,1,0,0.000,-0.032,-1.000,-1.000,1,1,-0.000,0.000,0.000,0,1.000,0,0,0.0576,0.2513,0.0016,0.0602
3755,70,1,0,0.000,-0.032,-1.000,0.094,1,1,-0.000,0.000,-0.508,0,1.000,0,0,0.0576,0.2513,0.0017,0.0601
3756,70,1,0,0.000,-0.032,-1.000,1.000,1,1,-0.000,0.000,-1.000,0,1.000,0,0,0.0576,0.2515,0.0017,0.0596
3757,70,1,0,0.000,-0.032,-1.000,1.000,1,1,-0.000,0.000,-1.000,0,1.000,0,0,0.0576,0.2519,0.0015,0.0587
3758,70,1,0,-0.039,-0.016,-1.000,1.000,1,1,-0.000,0.000,-1.000,0,1.000,0,0,0.0576,0.2523,0.0013,0.0582
3759,70,1,0,-0.402,-0.213,-1.000,1.000,1,1,0.202,0.000,-1.000,0,1.000,0,0,0.0576,0.2529,0.0010,0.0575
3760,70,1,0,-0.898,-0.520,-1.000,1.000,1,1,0.864,-0.360,-1.000,0,1.000,0,0,0.0576,0.2535,0.0005,0.0567
3761,70,1,0,-0.961,-0.394,-1.000,1.000,1,1,0.948,-0.192,-1.000,0,1.000,0,0,0.0576,0.2539,0.0003,0.0559
3762,70,1,0,-0.354,-0.173,-1.000,1.000,1,1,0.139,0.000,-1.000,0,1.000,0,0,0.0576,0.2542,0.0000,0.0558
3763,70,1,0,0.000,-0.087,-1.000,1.000,1,1,-0.000,0.000,-1.000,0,1.000,0,0,0.0576,0.2544,-0.0000,0.0558
3764,70,1,0,0.000,-0.055,-1.000,1.000,1,1,-0.000,0.000,-1.000,0,1.000,0,0,0.0576,0.2545,-0.0001,0.0558
3765,70,1,0,-0.260,-0.024,-1.000,1.000,1,1,0.013,0.000,-1.000,0,1.000,0,0,0.0576,0.2547,-0.0002,0.0558
3766,70,1,0,-0.417,0.008,-1.000,1.000,1,1,0.223,0.000,-1.000,0,1.000,0,0,0.0576,0.2548,-0.0003,0.0558
3767,70,1,0,-0.087,0.016,-1.000,1.000,1,1,-0.000,0.000,-1.000,0,1.000,0,0,0.0576,0.2549,-0.0003,0.0558
3768,70,1,0,0.008,-0.039,-1.000,1.000,1,1,-0.000,0.000,-1.000,0,1.000,0,0,0.0576,0.2550,-0.0004,0.0558
3769,70,1,0,0.016,-0.039,-1.000,1.000,1,1,-0.000,0.000,-1.000,0,1.000,0,0,0.0576,0.2550,-0.0005,0.0558
3770,70,1,0,0.016,-0.039,-1.000,1.000,1,1,-0.000,0.000,-1.000,0,1.000,0,0,0.0576,0.2551,-0.0006,0.0558
3771,70,1,0,-0.008,-0.039,-1.000,1.000,1,1,-0.000,0.000,-1.000,0,1.000,0,0,0.0576,0.2552,-0.0007,0.0558
3772,70,1,0,-0.016,-0.039,-1.000,1.000,1,1,-0.000,0.000,-1.000,0,1.000,0,0,0.0576,0.2553,-0.0008,0.0558
3773,70,1,0,-0.008,-0.039,-1.000,1.000,1,1,-0.000,0.000,-1.000,0,1.000,0,0,0.0576,0.2553,-0.0010,0.0558
3774,70,1,0,0.024,-0.039,-1.000,1.000,1,1,-0.000,0.000,-1.000,0,1.000,0,0,0.0576,0.2554,-0.0012,0.0558
3775,70,1,0,0.055,0.000,-1.000,1.000,1,1,-0.000,0.000,-1.000,0,1.000,0,0,0.0576,0.2554,-0.0013,0.0558
3776,70,1,0,0.299,-0.032,-1.000,1.000,1,1,-0.066,0.000,-1.000,0,1.000,0,0,0.0576,0.2555,-0.0016,0.0558
3777,70,1,0,1.000,-0.039,-1.000,1.000,1,1,-1.000,0.000,-1.000,0,1.000,0,0,0.0576,0.2555,-0.0018,0.0559
3778,70,1,0,1.000,-0.181,-1.000,1.000,1,1,-1.000,0.000,-1.000,0,1.000,0,0,0.0576,0.2555,-0.0020,0.0559
3779,70,1,0,1.000,-0.189,-1.000,1.000,1,1,-1.000,0.000,-1.000,0,1.000,0,0,0.0576,0.2555,-0.0021,0.0559
3780,70,1,0,1.000,-0.189,-1.000,1.000,1,1,-1.000,0.000,-1.000,0,1.000,0,0,0.0576,0.2555,-0.0022,0.0559
3781,70,1,0,1.000,-0.189,-1.000,1.000,1,1,-1.000,0.000,-1.000,0,1.000,0,0,0.0576,0.2554,-0.0023,0.0559
3782,70,1,0,1.000,-0.181,-1.000,1.000,1,1,-1.000,0.000,-1.000,0,1.000,0,0,0.0576,0.2554,-0.0025,0.0560
3783,70,1,0,1.000,-0.102,-1.000,1.000,1,1,-1.000,0.000,-1.000,0,1.000,0,0,0.0576,0.2554,-0.0026,0.0560
3784,70,1,0,1.000,0.055,-1.000,1.000,1,1,-1.000,0.000,-1.000,0,1.000,0,0,0.0576,0.2553,-0.0028,0.0560
3785,70,1,0,0.945,0.457,-1.000,1.000,1,1,-0.926,0.276,-1.000,0,1.000,0,0,0.0576,0.2553,-0.0029,0.0560
3786,70,1,0,0.929,0.512,-1.000,1.000,1,1,-0.905,0.349,-1.000,0,1.000,0,0,0.0576,0.2553,-0.0030,0.0560
3787,70,1,0,1.000,0.102,-1.000,1.000,1,1,-1.000,0.000,-1.000,0,1.000,0,0,0.0576,0.2552,-0.0030,0.0560
3788,70,1,0,1.000,0.063,-1.000,0.378,1,1,-1.000,0.000,-0.662,0,1.000,0,0,0.0576,0.2552,-0.0031,0.0560
3789,70,1,0,1.000,0.205,-1.000,-1.000,1,1,-1.000,0.000,0.000,0,1.000,0,0,0.0576,0.2551,-0.0033,0.0560
3790,70,1,0,0.945,0.457,-1.000,-1.000,1,1,-0.926,0.276,0.000,0,1.000,0,0,0.0576,0.2550,-0.0034,0.0560
3791,70,1,0,0.913,0.551,-1.000,-1.000,1,1,-0.884,0.402,0.000,0,1.000,0,0,0.0576,0.2550,-0.0034,0.0560
3792,70,1,0,1.000,0.102,-1.000,-1.000,1,1,-1.000,0.000,0.000,0,1.000,0,0,0.0576,0.2549,-0.0035,0.0561
3793,70,1,0,1.000,-0.024,-1.000,-1.000,1,1,-1.000,0.000,0.000,0,1.000,0,0,0.0576,0.2547,-0.0036,0.0561
3794,70,1,0,1.000,0.118,-1.000,-1.000,1,1,-1.000,0.000,0.000,0,1.000,0,0,0.0576,0.2546,-0.0038,0.0561
3795,70,1,0,1.000,0.236,-1.000,-1.000,1,1,-1.000,0.000,0.000,0,1.000,0,0,0.0576,0.2544,-0.0040,0.0561
3796,70,1,0,1.000,0.236,-1.000,-1.000,1,1,-1.000,0.000,0.000,0,1.000,0,0,0.0576,0.2541,-0.0042,0.0561
3797,70,1,0,1.000,0.236,-1.000,-1.000,1,1,-1.000,0.000,0.000,0,1.000,0,0,0.0576,0.2539,-0.0044,0.0561
3798,70,1,0,-0.008,-0.047,-1.000,-1.000,1,1,-0.000,0.000,0.000,0,1.000,0,0,0.0576,0.2537,-0.0046,0.0561
3799,70,1,0,-0.008,-0.055,-1.000,-1.000,1,1,-0.000,0.000,0.000,0,1.000,0,0,0.0576,0.2536,-0.0047,0.0561
3800,70,1,0,-0.008,-0.055,-1.000,-1.000,1,1,-0.000,0.000,0.000,0,1.000,0,0,0.0576,0.2536,-0.0047,0.0561
3801,70,1,0,0.000,-0.055,-1.000,-1.000,1,1,-0.000,0.000,0.000,0,1.000,0,0,0.0576,0.2536,-0.0047,0.0561
3802,70,1,0,0.000,-0.055,-1.000,-1.000,1,1,-0.000,0.000,0.000,0,1.000,0,0,0.0576,0.2536,-0.0048,0.0562
3803,70,1,0,-0.008,-0.055,-1.000,-1.000,1,1,-0.000,0.000,0.000,0,1.000,0,0,0.0576,0.2536,-0.0048,0.0562
3804,70,1,0,0.000,-0.055,-1.000,-1.000,1,1,-0.000,0.000,0.000,0,1.000,0,0,0.0576,0.2536,-0.0048,0.0562
3805,70,1,0,-0.008,-0.055,-1.000,-1.000,1,1,-0.000,0.000,0.000,0,1.000,0,0,0.0576,0.2536,-0.0048,0.0562
3806,70,1,0,-0.008,-0.055,-1.000,-1.000,1,1,-0.000,0.000,0.000,0,1.000,0,0,0.0576,0.2536,-0.0048,0.0562
3807,70,1,0,-0.008,-0.055,-1.000,-1.000,1,1,-0.000,0.000,0.000,0,1.000,0,0,0.0576,0.2536,-0.0048,0.0562
3808,70,1,0,0.000,-0.055,-1.000,-1.000,1,1,-0.000,0.000,0.000,0,1.000,0,0,0.0576,0.2536,-0.0048,0.0562
3809,70,1,0,0.000,-0.055,-1.000,-1.000,1,1,-0.000,0.000,0.000,0,1.000,0,0,0.0576,0.2536,-0.0048,0.0562
3810,70,1,1,0.000,-0.055,-1.000,-1.000,1,1,0.000,0.000,0.000,1,1.000,1,1,0.0576,0.2536,-0.0048,0.0562
3811,71,1,0,0.000,-0.055,-1.000,-1.000,1,1,-0.000,0.000,0.000,0,0.333,0,0,0.0600,0.2491,-0.0043,0.0613
3812,71,1,0,-0.008,-0.055,-1.000,-1.000,1,1,-0.000,0.000,0.000,0,0.667,0,0,0.0588,0.2497,-0.0044,0.0612
3813,71,1,0,0.000,-0.047,-1.000,-1.000,1,1,-0.000,0.000,0.000,0,1.000,0,0,0.0576,0.2493,-0.0042,0.0600
3814,71,1,0,-0.008,-0.055,-1.000,-1.000,1,1,-0.000,0.000,0.000,0,1.000,0,0,0.0576,0.2496,-0.0043,0.0591
3815,71,1,0,-0.008,-0.055,-1.000,-1.000,1,1,-0.000,0.000,0.000,0,1.000,0,0,0.0576,0.2496,-0.0043,0.0591
3816,71,1,0,-0.008,-0.055,-1.000,-1.000,1,1,-0.000,0.000,0.000,0,1.000,0,0,0.0576,0.2496,-0.0043,0.0591
3817,71,1,0,0.000,-0.047,-1.000,-1.000,1,1,-0.000,0.000,0.000,0,1.000,0,0,0.0576,0.2496,-0.0043,0.0592
3818,71,1,0,-0.032,0.024,-1.000,-1.000,1,1,-0.000,0.000,0.000,0,1.000,0,0,0.0576,0.2496,-0.0043,0.0592
3819,71,1,0,-0.606,0.638,-1.000,-1.000,1,1,0.475,0.517,0.000,0,1.000,0,0,0.0576,0.2500,-0.0039,0.0592
3820,71,1,0,-0.236,0.488,-1.000,-1.000,1,1,-0.000,0.318,0.000,0,1.000,0,0,0.0576,0.2508,-0.0028,0.0592
3821,71,1,0,0.024,0.000,-1.000,-1.000,1,1,-0.000,0.000,0.000,0,1.000,0,0,0.0576,0.2507,-0.0025,0.0591
3822,71,1,0,0.008,0.000,-1.000,-1.000,1,1,-0.000,0.000,0.000,0,1.000,0,0,0.0576,0.2507,-0.0025,0.0591
3823,71,1,0,-0.055,0.024,-1.000,-1.000,1,1,-0.000,0.000,0.000,0,1.000,0,0,0.0576,0.2507,-0.0025,0.0591
3824,71,1,0,-0.937,0.339,-1.000,-1.000,1,1,0.916,0.118,0.000,0,1.000,0,0,0.0576,0.2517,-0.0023,0.0591
3825,71,1,0,-0.016,-0.008,-1.000,-1.000,1,1,-0.000,0.000,0.000,0,1.000,0,0,0.0576,0.2531,-0.0021,0.0591
3826,71,1,0,0.000,-0.016,-1.000,-1.000,1,1,-0.000,0.000,0.000,0,1.000,0,0,0.0576,0.2528,-0.0021,0.0590
3827,71,1,0,-0.016,0.000,-1.000,-1.000,1,1,-0.000,0.000,0.000,0,1.000,0,0,0.0576,0.2530,-0.0021,0.0590
3828,71,1,0,-0.331,0.260,-1.000,-1.000,1,1,0.108,0.013,0.000,0,1.000,0,0,0.0576,0.2530,-0.0021,0.0590
3829,71,1,0,0.031,-0.039,-1.000,-1.000,1,1,-0.000,0.000,0.000,0,1.000,0,0,0.0576,0.2532,-0.0020,0.0590
3830,71,1,0,0.024,-0.047,-1.000,-1.000,1,1,-0.000,0.000,0.000,0,1.000,0,0,0.0576,0.2531,-0.0020,0.0590
3831,71,1,0,0.000,0.457,-1.000,-1.000,1,1,-0.000,0.276,0.000,0,1.000,0,0,0.0576,0.2532,-0.0019,0.0590
3832,71,1,0,0.000,0.622,-1.000,-1.000,1,1,-0.000,0.496,0.000,0,1.000,0,0,0.0576,0.2532,-0.0009,0.0590
3833,71,1,0,0.000,-0.039,-1.000,-1.000,1,1,-0.000,0.000,0.000,0,1.000,0,0,0.0576,0.2533,-0.0005,0.0590
3834,71,1,0,0.008,-0.039,-1.000,-1.000,1,1,-0.000,0.000,0.000,0,1.000,0,0,0.0576,0.2533,-0.0004,0.0590
3835,71,1,0,0.000,-0.039,-1.000,-1.000,1,1,-0.000,0.000,0.000,0,1.000,0,0,0.0576,0.2533,-0.0004,0.0590
3836,71,1,0,0.000,-0.039,-1.000,-1.000,1,1,-0.000,0.000,0.000,0,1.000,0,0,0.0576,0.2533,-0.0004,0.0590
3837,71,1,0,0.000,-0.039,-1.000,0.110,1,1,-0.000,0.000,-0.516,0,1.000,0,0,0.0576,0.2533,-0.0004,0.0590
3838,71,1,0,0.008,-0.039,-1.000,1.000,1,1,-0.000,0.000,-1.000,0,1.000,0,0,0.0576,0.2533,-0.0003,0.0590
3839,71,1,0,0.008,-0.039,-1.000,1.000,1,1,-0.000,0.000,-1.000,0,1.000,0,0,0.0576,0.2533,-0.0004,0.0590
3840,71,1,0,0.024,-0.071,-1.000,1.000,1,1,-0.000,0.000,-1.000,0,1.000,0,0,0.0576,0.2534,-0.0004,0.0590
3841,71,1,0,0.016,-0.646,-1.000,1.000,1,1,-0.000,-0.528,-1.000,0,1.000,0,0,0.0576,0.2535,-0.0008,0.0590
3842,71,1,0,-0.158,-0.764,-1.000,1.000,1,1,-0.000,-0.685,-1.000,0,1.000,0,0,0.0576,0.2535,-0.0024,0.0588
3843,71,1,0,-0.142,0.016,-1.000,1.000,1,1,-0.000,0.000,-1.000,0,1.000,0,0,0.0576,0.2536,-0.0031,0.0589
3844,71,1,0,-0.055,0.094,-1.000,1.000,1,1,-0.000,0.000,-1.000,0,1.000,0,0,0.0576,0.2537,-0.0032,0.0589
3845,71,1,0,-0.449,0.850,-1.000,1.000,1,1,0.265,0.800,-1.000,0,1.000,0,0,0.0576,0.2541,-0.0026,0.0589
3846,71,1,0,-0.362,0.409,-1.000,1.000,1,1,0.150,0.213,-1.000,0,1.000,0,0,0.0576,0.2548,-0.0014,0.0588
3847,71,1,0,-0.039,-0.079,-1.000,-1.000,1,1,-0.000,0.000,0.000,0,1.000,0,0,0.0576,0.2548,-0.0012,0.0590
3848,71,1,0,-0.039,-0.079,-1.000,-1.000,1,1,-0.000,0.000,0.000,0,1.000,0,0,0.0576,0.2548,-0.0011,0.0590
3849,71,1,0,-0.890,-0.055,-1.000,-1.000,1,1,0.853,0.000,0.000,0,1.000,0,0,0.0576,0.2556,-0.0011,0.0589
3850,71,1,0,-1.000,0.228,-1.000,-1.000,1,1,1.000,0.000,0.000,0,1.000,0,0,0.0576,0.2566,-0.0012,0.0590
3851,71,1,0,-0.008,0.000,-1.000,-1.000,1,1,-0.000,0.000,0.000,0,1.000,0,0,0.0576,0.2572,-0.0012,0.0588
3852,71,1,0,0.000,-0.032,-1.000,-1.000,1,1,-0.000,0.000,0.000,0,1.000,0,0,0.0576,0.2572,-0.0012,0.0589
3853,71,1,0,-0.055,-0.039,-1.000,-1.000,1,1,-0.000,0.000,0.000,0,1.000,0,0,0.0576,0.2572,-0.0012,0.0590
3854,71,1,0,-1.000,-0.150,-1.000,-1.000,1,1,1.000,0.000,0.000,0,1.000,0,0,0.0576,0.2579,-0.0013,0.0590
3855,71,1,0,-0.598,-0.158,-1.000,-1.000,1,1,0.465,0.000,0.000,0,1.000,0,0,0.0576,0.2588,-0.0013,0.0591
3856,71,1,0,0.024,-0.102,-1.000,-1.000,1,1,-0.000,0.000,0.000,0,1.000,0,0,0.0576,0.2593,-0.0016,0.0594
3857,71,1,0,0.024,-0.055,-1.000,-1.000,1,1,-0.000,0.000,0.000,0,1.000,0,0,0.0576,0.2593,-0.0017,0.0595
3858,71,1,0,-0.008,-0.047,-1.000,-1.000,1,1,-0.000,0.000,0.000,0,1.000,0,0,0.0576,0.2593,-0.0017,0.0595
3859,71,1,0,-0.032,-0.047,-1.000,-1.000,1,1,-0.000,0.000,0.000,0,1.000,0,0,0.0576,0.2593,-0.0017,0.0595
3860,71,1,0,0.583,-0.047,-1.000,-1.000,1,1,-0.444,0.000,0.000,0,1.000,0,0,0.0576,0.2591,-0.0017,0.0595
3861,71,1,0,1.000,0.031,-1.000,-1.000,1,1,-1.000,0.000,0.000,0,1.000,0,0,0.0576,0.2582,-0.0017,0.0595
3862,71,1,0,1.000,0.102,-1.000,-1.000,1,1,-1.000,0.000,0.000,0,1.000,0,0,0.0576,0.2569,-0.0016,0.0595
3863,71,1,0,1.000,0.134,-1.000,-1.000,1,1,-1.000,0.000,0.000,0,1.000,0,0,0.0576,0.2556,-0.0014,0.0595
3864,71,1,0,1.000,0.142,-1.000,-1.000,1,1,-1.000,0.000,0.000,0,1.000,0,0,0.0576,0.2535,-0.0011,0.0591
3865,71,1,0,1.000,0.197,-1.000,-1.000,1,1,-1.000,0.000,0.000,0,1.000,0,0,0.0576,0.2512,-0.0011,0.0591
3866,71,1,0,1.000,0.228,-1.000,-1.000,1,1,-1.000,0.000,0.000,0,1.000,0,0,0.0576,0.2491,-0.0011,0.0593
3867,71,1,0,1.000,0.142,-1.000,-1.000,1,1,-1.000,0.000,0.000,0,1.000,0,0,0.0576,0.2478,-0.0011,0.0596
3868,71,1,0,0.409,0.118,-1.000,-1.000,1,1,-0.213,0.000,0.000,0,1.000,0,0,0.0576,0.2470,-0.0011,0.0598
3869,71,1,0,0.000,-0.032,-1.000,-1.000,1,1,-0.000,0.000,0.000,0,1.000,0,0,0.0576,0.2469,-0.0011,0.0598
3870,71,1,0,0.000,-0.032,-1.000,-1.000,1,1,-0.000,0.000,0.000,0,1.000,0,0,0.0576,0.2469,-0.0011,0.0598
3871,71,1,0,0.000,0.283,-1.000,-1.000,1,1,-0.000,0.045,0.000,0,1.000,0,0,0.0576,0.2469,-0.0011,0.0598
3872,71,1,0,0.008,0.858,-1.000,-1.000,1,1,-0.000,0.811,0.000,0,1.000,0,0,0.0576,0.2470,-0.0006,0.0598
3873,71,1,0,-0.055,-0.039,-1.000,-1.000,1,1,-0.000,0.000,0.000,0,1.000,0,0,0.0576,0.2471,-0.0001,0.0599
3874,71,1,0,0.016,-0.063,-1.000,-1.000,1,1,-0.000,0.000,0.000,0,1.000,0,0,0.0576,0.2469,0.0001,0.0601
3875,71,1,0,0.016,-0.063,-1.000,-1.000,1,1,-0.000,0.000,0.000,0,1.000,0,0,0.0576,0.2469,0.0001,0.0601
3876,71,1,0,0.016,-0.063,-1.000,-1.000,1,1,-0.000,0.000,0.000,0,1.000,0,0,0.0576,0.2469,0.0001,0.0601
3877,71,1,0,0.016,-0.063,-1.000,-1.000,1,1,-0.000,0.000,0.000,0,1.000,0,0,0.0576,0.2469,0.0001,0.0600
3878,71,1,1,0.016,-0.063,-1.000,-1.000,1,1,0.000,0.000,0.000,1,1.000,1,1,0.0576,0.2469,0.0001,0.0600
3879,72,1,0,0.000,-0.063,-1.000,-1.000,1,1,-0.000,0.000,0.000,0,0.333,0,0,0.0638,0.2525,-0.0085,0.0664
3880,72,1,0,0.000,-0.063,-1.000,-1.000,1,1,-0.000,0.000,0.000,0,0.667,0,0,0.0607,0.2515,-0.0071,0.0643
3881,72,1,0,0.000,-0.063,-1.000,-1.000,1,1,-0.000,0.000,0.000,0,1.000,0,0,0.0576,0.2501,-0.0055,0.0611
3882,72,1,0,0.000,-0.063,-1.000,-1.000,1,1,-0.000,0.000,0.000,0,1.000,0,0,0.0576,0.2497,-0.0045,0.0589
3883,72,1,0,0.000,-0.063,-1.000,-1.000,1,1,-0.000,0.000,0.000,0,1.000,0,0,0.0576,0.2497,-0.0047,0.0592
3884,72,1,0,0.000,-0.063,-1.000,-1.000,1,1,-0.000,0.000,0.000,0,1.000,0,0,0.0576,0.2497,-0.0047,0.0593
3885,72,1,0,0.000,-0.063,-1.000,-1.000,1,1,-0.000,0.000,0.000,0,1.000,0,0,0.0576,0.2497,-0.0047,0.0593
3886,72,1,0,0.000,-0.039,-1.000,-1.000,1,1,-0.000,0.000,0.000,0,1.000,0,0,0.0576,0.2497,-0.0047,0.0593
3887,72,1,0,0.000,0.031,-1.000,-1.000,1,1,-0.000,0.000,0.000,0,1.000,0,0,0.0576,0.2497,-0.0047,0.0593
3888,72,1,0,0.024,0.756,-1.000,-1.000,1,1,-0.000,0.675,0.000,0,1.000,0,0,0.0576,0.2498,-0.0040,0.0596
3889,72,1,0,-0.016,0.118,-1.000,-1.000,1,1,-0.000,0.000,0.000,0,1.000,0,0,0.0576,0.2500,-0.0036,0.0598
3890,72,1,0,0.000,0.008,-1.000,-1.000,1,1,-0.000,0.000,0.000,0,1.000,0,0,0.0576,0.2498,-0.0034,0.0598
3891,72,1,0,-0.016,0.260,-1.000,-1.000,1,1,-0.000,0.013,0.000,0,1.000,0,0,0.0576,0.2499,-0.0033,0.0598
3892,72,1,0,0.197,0.913,-1.000,-1.000,1,1,-0.000,0.884,0.000,0,1.000,0,0,0.0576,0.2500,-0.0023,0.0600
3893,72,1,0,0.008,-0.071,-1.000,-1.000,1,1,-0.000,0.000,0.000,0,1.000,0,0,0.0576,0.2504,-0.0019,0.0604
3894,72,1,0,0.008,-0.071,-1.000,-1.000,1,1,-0.000,0.000,0.000,0,1.000,0,0,0.0576,0.2503,-0.0015,0.0605
3895,72,1,0,0.008,-0.071,-1.000,-1.000,1,1,-0.000,0.000,0.000,0,1.000,0,0,0.0576,0.2503,-0.0015,0.0605
3896,72,1,0,0.008,-0.071,-1.000,-1.000,1,1,-0.000,0.000,0.000,0,1.000,0,0,0.0576,0.2503,-0.0015,0.0605
3897,72,1,0,0.008,-0.063,-1.000,-0.323,1,1,-0.000,0.000,-0.281,0,1.000,0,0,0.0576,0.2503,-0.0015,0.0605
3898,72,1,0,-0.071,0.000,-1.000,1.000,1,1,-0.000,0.000,-1.000,0,1.000,0,0,0.0576,0.2504,-0.0017,0.0604
3899,72,1,0,-1.000,0.055,-1.000,0.882,1,1,1.000,0.000,-0.936,0,1.000,0,0,0.0576,0.2515,-0.0019,0.0598
3900,72,1,0,-1.000,0.055,-1.000,-1.000,1,1,1.000,0.000,0.000,0,1.000,0,0,0.0576,0.2539,-0.0016,0.0589
3901,72,1,0,-0.362,0.055,-1.000,-1.000,1,1,0.150,0.000,0.000,0,1.000,0,0,0.0576,0.2547,-0.0014,0.0584
3902,72,1,0,-0.016,-0.024,-1.000,-1.000,1,1,-0.000,0.000,0.000,0,1.000,0,0,0.0576,0.2548,-0.0014,0.0585
3903,72,1,0,-0.016,-0.039,-1.000,-1.000,1,1,-0.000,0.000,0.000,0,1.000,0,0,0.0576,0.2548,-0.0015,0.0586
3904,72,1,0,0.008,-0.039,-1.000,-1.000,1,1,-0.000,0.000,0.000,0,1.000,0,0,0.0576,0.2549,-0.0015,0.0587
3905,72,1,0,0.291,-0.039,-1.000,-1.000,1,1,-0.055,0.000,0.000,0,1.000,0,0,0.0576,0.2549,-0.0015,0.0587
3906,72,1,0,1.000,-0.039,-1.000,-1.000,1,1,-1.000,0.000,0.000,0,1.000,0,0,0.0576,0.2543,-0.0017,0.0588
3907,72,1,0,0.220,-0.102,-1.000,-1.000,1,1,-0.000,0.000,0.000,0,1.000,0,0,0.0576,0.2531,-0.0020,0.0591
3908,72,1,0,0.016,-0.055,-1.000,-1.000,1,1,-0.000,0.000,0.000,0,1.000,0,0,0.0576,0.2534,-0.0018,0.0591
3909,72,1,0,0.024,-0.055,-1.000,-1.000,1,1,-0.000,0.000,0.000,0,1.000,0,0,0.0576,0.2533,-0.0019,0.0590
3910,72,1,0,0.024,-0.047,-1.000,-1.000,1,1,-0.000,0.000,0.000,0,1.000,0,0,0.0576,0.2534,-0.0018,0.0590
3911,72,1,0,0.016,-0.039,-1.000,1.000,1,1,-0.000,0.000,-1.000,0,1.000,0,0,0.0576,0.2534,-0.0021,0.0589
3912,72,1,0,0.016,-0.039,-1.000,1.000,1,1,-0.000,0.000,-1.000,0,1.000,0,0,0.0576,0.2536,-0.0024,0.0584
3913,72,1,0,0.102,-0.016,-1.000,1.000,1,1,-0.000,0.000,-1.000,0,1.000,0,0,0.0576,0.2538,-0.0028,0.0582
3914,72,1,0,0.858,0.520,-1.000,1.000,1,1,-0.811,0.360,-1.000,0,1.000,0,0,0.0576,0.2535,-0.0029,0.0582
3915,72,1,0,0.614,0.850,-1.000,1.000,1,1,-0.486,0.800,-1.000,0,1.000,0,0,0.0576,0.2529,-0.0027,0.0586
3916,72,1,0,0.173,1.000,-1.000,1.000,1,1,-0.000,1.000,-1.000,0,1.000,0,0,0.0576,0.2531,-0.0017,0.0592
3917,72,1,0,0.024,0.425,-1.000,1.000,1,1,-0.000,0.234,-1.000,0,1.000,0,0,0.0576,0.2538,-0.0010,0.0594
3918,72,1,0,0.071,-0.087,-1.000,1.000,1,1,-0.000,0.000,-1.000,0,1.000,0,0,0.0576,0.2540,-0.0009,0.0593
3919,72,1,0,0.543,-0.095,-1.000,1.000,1,1,-0.391,0.000,-1.000,0,1.000,0,0,0.0576,0.2540,-0.0013,0.0589
3920,72,1,0,0.842,0.354,-1.000,1.000,1,1,-0.790,0.139,-1.000,0,1.000,0,0,0.0576,0.2532,-0.0019,0.0588
3921,72,1,0,0.850,0.622,-1.000,1.000,1,1,-0.800,0.496,-1.000,0,1.000,0,0,0.0576,0.2521,-0.0020,0.0591
3922,72,1,0,0.913,0.559,-1.000,1.000,1,1,-0.884,0.412,-1.000,0,1.000,0,0,0.0576,0.2511,-0.0020,0.0597
3923,72,1,0,0.976,0.409,-1.000,1.000,1,1,-0.968,0.213,-1.000,0,1.000,0,0,0.0576,0.2495,-0.0022,0.0603
3924,72,1,0,1.000,0.394,-1.000,1.000,1,1,-1.000,0.192,-1.000,0,1.000,0,0,0.0576,0.2481,-0.0026,0.0608
3925,72,1,0,0.961,0.417,-1.000,1.000,1,1,-0.947,0.223,-1.000,0,1.000,0,0,0.0576,0.2468,-0.0031,0.0614
3926,72,1,0,0.260,1.000,-1.000,1.000,1,1,-0.013,1.000,-1.000,0,1.000,0,0,0.0576,0.2458,-0.0029,0.0619
3927,72,1,0,0.024,0.063,-1.000,-1.000,1,1,-0.000,0.000,0.000,0,1.000,0,0,0.0576,0.2461,-0.0025,0.0624
3928,72,1,0,0.008,-0.039,-1.000,-1.000,1,1,-0.000,0.000,0.000,0,1.000,0,0,0.0576,0.2460,-0.0025,0.0625
3929,72,1,1,0.008,-0.039,-1.000,-1.000,1,1,0.000,0.000,0.000,1,1.000,1,1,0.0576,0.2460,-0.0025,0.0625
3930,73,1,0,0.008,-0.039,-1.000,-1.000,1,1,-0.000,0.000,0.000,0,0.333,0,0,0.0590,0.2499,-0.0070,0.0600
3931,73,1,0,0.008,-0.039,-1.000,-1.000,1,1,-0.000,0.000,0.000,0,0.667,0,0,0.0583,0.2501,-0.0060,0.0603
3932,73,1,0,0.008,-0.039,-1.000,-1.000,1,1,-0.000,0.000,0.000,0,1.000,0,0,0.0576,0.2498,-0.0051,0.0597
3933,73,1,0,0.008,-0.039,-1.000,-1.000,1,1,-0.000,0.000,0.000,0,1.000,0,0,0.0576,0.2498,-0.0046,0.0591
3934,73,1,0,0.008,-0.039,-1.000,-1.000,1,1,-0.000,0.000,0.000,0,1.000,0,0,0.0576,0.2498,-0.0046,0.0592
3935,73,1,0,0.008,-0.039,-1.000,-1.000,1,1,-0.000,0.000,0.000,0,1.000,0,0,0.0576,0.2498,-0.0046,0.0592
3936,73,1,0,0.008,-0.039,-1.000,-1.000,1,1,-0.000,0.000,0.000,0,1.000,0,0,0.0576,0.2498,-0.0046,0.0592
3937,73,1,0,0.008,-0.039,-1.000,-1.000,1,1,-0.000,0.000,0.000,0,1.000,0,0,0.0576,0.2498,-0.0046,0.0592
3938,73,1,0,0.008,-0.039,-1.000,-1.000,1,1,-0.000,0.000,0.000,0,1.000,0,0,0.0576,0.2498,-0.0046,0.0592
3939,73,1,0,0.008,-0.039,-1.000,-1.000,1,1,-0.000,0.000,0.000,0,1.000,0,0,0.0576,0.2498,-0.0046,0.0592
3940,73,1,0,0.008,-0.039,-1.000,-1.000,1,1,-0.000,0.000,0.000,0,1.000,0,0,0.0576,0.2498,-0.0046,0.0592
3941,73,1,0,0.008,-0.039,-1.000,-1.000,1,1,-0.000,0.000,0.000,0,1.000,0,0,0.0576,0.2498,-0.0046,0.0592
3942,73,1,0,0.008,-0.039,-1.000,-1.000,1,1,-0.000,0.000,0.000,0,1.000,0,0,0.0576,0.2498,-0.0046,0.0592
3943,73,1,0,0.008,-0.039,-1.000,-1.000,1,1,-0.000,0.000,0.000,0,1.000,0,0,0.0576,0.2498,-0.0046,0.0592
3944,73,1,0,0.008,-0.039,-1.000,-1.000,1,1,-0.000,0.000,0.000,0,1.000,0,0,0.0576,0.2498,-0.0046,0.0592
3945,73,1,0,0.008,-0.039,-1.000,-1.000,1,1,-0.000,0.000,0.000,0,1.000,0,0,0.0576,0.2498,-0.0046,0.0592
3946,73,1,0,0.008,-0.039,-1.000,-1.000,1,1,-0.000,0.000,0.000,0,1.000,0,0,0.0576,0.2498,-0.0046,0.0592
3947,73,1,0,-0.008,0.063,-1.000,-1.000,1,1,-0.000,0.000,0.000,0,1.000,0,0,0.0576,0.2498,-0.0046,0.0592
3948,73,1,0,0.000,0.984,-1.000,-1.000,1,1,-0.000,0.979,0.000,0,1.000,0,0,0.0576,0.2500,-0.0042,0.0594
3949,73,1,0,-0.126,0.252,-1.000,-1.000,1,1,-0.000,0.003,0.000,0,1.000,0,0,0.0576,0.2505,-0.0038,0.0602
3950,73,1,0,0.000,-0.024,-1.000,-1.000,1,1,-0.000,0.000,0.000,0,1.000,0,0,0.0576,0.2503,-0.0038,0.0601
3951,73,1,0,0.016,0.039,-1.000,-1.000,1,1,-0.000,0.000,0.000,0,1.000,0,0,0.0576,0.2503,-0.0038,0.0601
3952,73,1,0,0.016,1.000,-1.000,-1.000,1,1,-0.000,1.000,0.000,0,1.000,0,0,0.0576,0.2505,-0.0035,0.0602
3953,73,1,0,0.016,1.000,-1.000,-1.000,1,1,-0.000,1.000,0.000,0,1.000,0,0,0.0576,0.2514,-0.0026,0.0613
3954,73,1,0,0.000,-0.032,-1.000,-1.000,1,1,-0.000,0.000,0.000,0,1.000,0,0,0.0576,0.2514,-0.0020,0.0622
3955,73,1,0,0.008,-0.032,-1.000,-1.000,1,1,-0.000,0.000,0.000,0,1.000,0,0,0.0576,0.2514,-0.0020,0.0621
3956,73,1,0,-0.024,-0.032,-1.000,-1.000,1,1,-0.000,0.000,0.000,0,1.000,0,0,0.0576,0.2514,-0.0020,0.0621
3957,73,1,0,-0.417,0.071,-1.000,-1.000,1,1,0.223,0.000,0.000,0,1.000,0,0,0.0576,0.2516,-0.0019,0.0621
3958,73,1,0,-0.551,0.102,-1.000,-1.000,1,1,0.402,0.000,0.000,0,1.000,0,0,0.0576,0.2521,-0.0016,0.0620
3959,73,1,0,-0.197,0.102,-1.000,1.000,1,1,-0.000,0.000,-1.000,0,1.000,0,0,0.0576,0.2527,-0.0018,0.0617
3960,73,1,0,-0.024,0.000,-1.000,1.000,1,1,-0.000,0.000,-1.000,0,1.000,0,0,0.0576,0.2527,-0.0021,0.0608
3961,73,1,0,0.008,-0.008,-1.000,1.000,1,1,-0.000,0.000,-1.000,0,1.000,0,0,0.0576,0.2529,-0.0026,0.0600
3962,73,1,0,0.008,-0.008,-1.000,1.000,1,1,-0.000,0.000,-1.000,0,1.000,0,0,0.0576,0.2530,-0.0031,0.0592
3963,73,1,0,-0.008,-0.008,-1.000,1.000,1,1,-0.000,0.000,-1.000,0,1.000,0,0,0.0576,0.2531,-0.0036,0.0584
3964,73,1,0,-0.016,0.055,-1.000,1.000,1,1,-0.000,0.000,-1.000,0,1.000,0,0,0.0576,0.2532,-0.0039,0.0577
3965,73,1,0,-0.008,0.055,-1.000,1.000,1,1,-0.000,0.000,-1.000,0,1.000,0,0,0.0576,0.2533,-0.0042,0.0576
3966,73,1,0,0.047,0.905,-1.000,1.000,1,1,-0.000,0.874,-1.000,0,1.000,0,0,0.0576,0.2535,-0.0043,0.0576
3967,73,1,0,-0.079,1.000,-1.000,1.000,1,1,-0.000,1.000,-1.000,0,1.000,0,0,0.0576,0.2539,-0.0042,0.0577
3968,73,1,0,0.000,0.457,-1.000,1.000,1,1,-0.000,0.276,-1.000,0,1.000,0,0,0.0576,0.2542,-0.0042,0.0576
3969,73,1,0,0.000,-0.016,-1.000,1.000,1,1,-0.000,0.000,-1.000,0,1.000,0,0,0.0576,0.2542,-0.0044,0.0575
3970,73,1,0,-0.102,0.205,-1.000,1.000,1,1,-0.000,0.000,-1.000,0,1.000,0,0,0.0576,0.2543,-0.0045,0.0575
3971,73,1,0,-0.315,0.984,-1.000,1.000,1,1,0.087,0.979,-1.000,0,1.000,0,0,0.0576,0.2546,-0.0046,0.0575
3972,73,1,0,-0.315,0.984,-1.000,1.000,1,1,0.087,0.979,-1.000,0,1.000,0,0,0.0576,0.2550,-0.0044,0.0574
3973,73,1,0,-0.315,0.984,-1.000,1.000,1,1,0.087,0.979,-1.000,0,1.000,0,0,0.0576,0.2558,-0.0042,0.0574
3974,73,1,0,-0.543,0.905,-1.000,1.000,1,1,0.391,0.874,-1.000,0,1.000,0,0,0.0576,0.2567,-0.0039,0.0574
3975,73,1,0,-1.000,0.260,-1.000,1.000,1,1,1.000,0.013,-1.000,0,1.000,0,0,0.0576,0.2574,-0.0039,0.0574
3976,73,1,0,-1.000,0.205,-1.000,1.000,1,1,1.000,0.000,-1.000,0,1.000,0,0,0.0576,0.2584,-0.0040,0.0578
3977,73,1,0,-1.000,-0.110,-1.000,1.000,1,1,1.000,0.000,-1.000,0,1.000,0,0,0.0576,0.2592,-0.0042,0.0584
3978,73,1,0,-1.000,-0.252,-1.000,-1.000,1,1,1.000,-0.003,0.000,1,1.000,1,0,0.0576,0.2598,-0.0042,0.0584
3979,73,1,0,-1.000,-0.260,-1.000,-1.000,1,1,1.000,-0.013,0.000,1,1.000,1,0,0.0576,0.2604,-0.0041,0.0584
3980,73,1,0,-1.000,-0.260,-1.000,-1.000,1,1,1.000,-0.013,0.000,1,1.000,1,0,0.0576,0.2611,-0.0040,0.0585
3981,73,1,1,-0.008,-0.024,-1.000,-1.000,1,1,0.000,0.000,0.000,1,1.000,1,1,0.0576,0.2616,-0.0039,0.0586
3982,74,1,0,-0.008,-0.024,-1.000,-1.000,1,1,-0.000,0.000,0.000,0,0.333,0,0,0.0618,0.2485,-0.0067,0.0638
3983,74,1,0,-0.008,-0.024,-1.000,-1.000,1,1,-0.000,0.000,0.000,0,0.667,0,0,0.0597,0.2492,-0.0060,0.0628
3984,74,1,0,-0.008,-0.008,-1.000,-1.000,1,1,-0.000,0.000,0.000,0,1.000,0,0,0.0576,0.2492,-0.0051,0.0608
3985,74,1,0,-0.008,0.008,-1.000,-1.000,1,1,-0.000,0.000,0.000,0,1.000,0,0,0.0576,0.2495,-0.0045,0.0592
3986,74,1,0,-0.032,0.016,-1.000,-1.000,1,1,-0.000,0.000,0.000,0,1.000,0,0,0.0576,0.2495,-0.0046,0.0593
3987,74,1,0,-0.039,0.031,-1.000,-1.000,1,1,-0.000,0.000,0.000,0,1.000,0,0,0.0576,0.2495,-0.0046,0.0594
3988,74,1,0,-0.039,0.031,-1.000,-1.000,1,1,-0.000,0.000,0.000,0,1.000,0,0,0.0576,0.2496,-0.0046,0.0594
3989,74,1,0,-0.039,0.780,-1.000,-1.000,1,1,-0.000,0.706,0.000,0,1.000,0,0,0.0576,0.2496,-0.0042,0.0595
3990,74,1,0,-0.008,0.968,-1.000,-1.000,1,1,-0.000,0.958,0.000,0,1.000,0,0,0.0576,0.2496,-0.0025,0.0602
3991,74,1,0,-0.039,0.008,-1.000,-1.000,1,1,-0.000,0.000,0.000,0,1.000,0,0,0.0576,0.2497,-0.0017,0.0609
3992,74,1,0,-0.008,-0.032,-1.000,-1.000,1,1,-0.000,0.000,0.000,0,1.000,0,0,0.0576,0.2496,-0.0013,0.0608
3993,74,1,0,0.031,0.000,-1.000,-1.000,1,1,-0.000,0.000,0.000,0,1.000,0,0,0.0576,0.2495,-0.0013,0.0608
3994,74,1,0,0.039,0.031,-1.000,-1.000,1,1,-0.000,0.000,0.000,0,1.000,0,0,0.0576,0.2495,-0.0013,0.0607
3995,74,1,0,0.024,0.016,-1.000,0.016,1,1,-0.000,0.000,-0.465,0,1.000,0,0,0.0576,0.2495,-0.0013,0.0607
3996,74,1,0,0.000,0.031,-1.000,1.000,1,1,-0.000,0.000,-1.000,0,1.000,0,0,0.0576,0.2494,-0.0016,0.0605
3997,74,1,0,0.000,0.449,-1.000,1.000,1,1,-0.000,0.265,-1.000,0,1.000,0,0,0.0576,0.2493,-0.0018,0.0604
3998,74,1,0,0.000,0.709,-1.000,1.000,1,1,-0.000,0.612,-1.000,0,1.000,0,0,0.0576,0.2492,-0.0015,0.0604
3999,74,1,0,0.000,0.772,-1.000,1.000,1,1,-0.000,0.696,-1.000,0,1.000,0,0,0.0576,0.2493,-0.0008,0.0607
4000,74,1,0,-0.339,0.772,-1.000,1.000,1,1,0.118,0.696,-1.000,0,1.000,0,0,0.0576,0.2495,-0.0002,0.0614
4001,74,1,0,-0.441,0.480,-1.000,1.000,1,1,0.255,0.307,-1.000,0,1.000,0,0,0.0576,0.2498,0.0002,0.0618
4002,74,1,0,-0.441,0.480,-1.000,1.000,1,1,0.255,0.307,-1.000,0,1.000,0,0,0.0576,0.2502,0.0005,0.0618
4003,74,1,0,-0.055,-0.008,-1.000,1.000,1,1,-0.000,0.000,-1.000,0,1.000,0,0,0.0576,0.2504,0.0007,0.0618
4004,74,1,0,-0.362,0.031,-1.000,1.000,1,1,0.150,0.000,-1.000,0,1.000,0,0,0.0576,0.2503,0.0004,0.0616
4005,74,1,0,-1.000,0.039,-1.000,1.000,1,1,1.000,0.000,-1.000,0,1.000,0,0,0.0576,0.2515,0.0000,0.0613
4006,74,1,0,-0.961,0.016,-1.000,1.000,1,1,0.948,0.000,-1.000,0,1.000,0,0,0.0576,0.2538,-0.0005,0.0612
4007,74,1,0,-0.039,0.008,-1.000,1.000,1,1,-0.000,0.000,-1.000,0,1.000,0,0,0.0576,0.2548,-0.0010,0.0610
4008,74,1,0,-0.032,0.008,-1.000,1.000,1,1,-0.000,0.000,-1.000,0,1.000,0,0,0.0576,0.2546,-0.0013,0.0608
4009,74,1,0,-0.039,0.008,-1.000,1.000,1,1,-0.000,0.000,-1.000,0,1.000,0,0,0.0576,0.2547,-0.0018,0.0607
4010,74,1,0,-0.008,-0.024,-1.000,-0.110,1,1,-0.000,0.000,-0.397,0,1.000,0,0,0.0576,0.2546,-0.0021,0.0605
4011,74,1,0,-0.008,-0.024,-1.000,1.000,1,1,-0.000,0.000,-1.000,0,1.000,0,0,0.0576,0.2546,-0.0024,0.0604
4012,74,1,0,0.000,0.008,-1.000,1.000,1,1,-0.000,0.000,-1.000,0,1.000,0,0,0.0576,0.2544,-0.0029,0.0602
4013,74,1,0,-0.110,0.087,-1.000,1.000,1,1,-0.000,0.000,-1.000,0,1.000,0,0,0.0576,0.2543,-0.0033,0.0600
4014,74,1,0,-0.504,0.449,-1.000,1.000,1,1,0.339,0.265,-1.000,0,1.000,0,0,0.0576,0.2546,-0.0035,0.0598
4015,74,1,0,-0.685,0.748,-1.000,1.000,1,1,0.580,0.664,-1.000,0,1.000,0,0,0.0576,0.2556,-0.0031,0.0600
4016,74,1,0,-0.205,0.354,-1.000,1.000,1,1,-0.000,0.139,-1.000,0,1.000,0,0,0.0576,0.2562,-0.0029,0.0604
4017,74,1,0,-0.158,0.189,-1.000,1.000,1,1,-0.000,0.000,-1.000,0,1.000,0,0,0.0576,0.2561,-0.0032,0.0603
4018,74,1,0,-0.071,0.102,-1.000,1.000,1,1,-0.000,0.000,-1.000,0,1.000,0,0,0.0576,0.2560,-0.0036,0.0601
4019,74,1,0,-0.039,0.071,-1.000,1.000,1,1,-0.000,0.000,-1.000,0,1.000,0,0,0.0576,0.2559,-0.0041,0.0599
4020,74,1,0,0.000,0.008,-1.000,-0.890,1,1,-0.000,0.000,0.000,0,1.000,0,0,0.0576,0.2559,-0.0043,0.0598
4021,74,1,1,0.016,-0.008,-1.000,-1.000,1,1,0.000,0.000,0.000,1,1.000,1,1,0.0576,0.2559,-0.0043,0.0598
4022,75,1,0,-0.008,-0.008,-1.000,-1.000,1,1,-0.000,0.000,0.000,0,0.333,0,0,0.0595,0.2554,-0.0070,0.0606
4023,75,1,0,-0.024,-0.008,-1.000,-1.000,1,1,-0.000,0.000,0.000,0,0.667,0,0,0.0586,0.2534,-0.0065,0.0607
4024,75,1,0,-0.032,-0.008,-1.000,-1.000,1,1,-0.000,0.000,0.000,0,1.000,0,0,0.0576,0.2511,-0.0052,0.0598
4025,75,1,0,-0.055,-0.032,-1.000,-1.000,1,1,-0.000,0.000,0.000,0,1.000,0,0,0.0576,0.2497,-0.0046,0.0590
4026,75,1,0,-0.055,-0.032,-1.000,-1.000,1,1,-0.000,0.000,0.000,0,1.000,0,0,0.0576,0.2499,-0.0046,0.0591
4027,75,1,0,-0.032,-0.032,-1.000,-1.000,1,1,-0.000,0.000,0.000,0,1.000,0,0,0.0576,0.2498,-0.0046,0.0591
4028,75,1,0,-0.032,-0.032,-1.000,-1.000,1,1,-0.000,0.000,0.000,0,1.000,0,0,0.0576,0.2498,-0.0046,0.0591
4029,75,1,0,-0.032,-0.032,-1.000,-1.000,1,1,-0.000,0.000,0.000,0,1.000,0,0,0.0576,0.2498,-0.0046,0.0591
4030,75,1,0,-0.032,0.016,-1.000,-1.000,1,1,-0.000,0.000,0.000,0,1.000,0,0,0.0576,0.2498,-0.0046,0.0591
4031,75,1,0,-0.039,0.260,-1.000,-1.000,1,1,-0.000,0.013,0.000,0,1.000,0,0,0.0576,0.2498,-0.0046,0.0591
4032,75,1,0,-0.047,0.433,-1.000,-1.000,1,1,-0.000,0.244,0.000,0,1.000,0,0,0.0576,0.2499,-0.0045,0.0591
4033,75,1,0,-0.055,0.433,-1.000,-1.000,1,1,-0.000,0.244,0.000,0,1.000,0,0,0.0576,0.2501,-0.0039,0.0591
4034,75,1,0,-0.055,0.378,-1.000,-1.000,1,1,-0.000,0.171,0.000,0,1.000,0,0,0.0576,0.2503,-0.0035,0.0592
4035,75,1,0,-0.055,0.315,-1.000,-1.000,1,1,-0.000,0.087,0.000,0,1.000,0,0,0.0576,0.2503,-0.0032,0.0593
4036,75,1,0,-0.055,0.315,-1.000,-1.000,1,1,-0.000,0.087,0.000,0,1.000,0,0,0.0576,0.2504,-0.0031,0.0594
4037,75,1,0,-0.055,0.315,-1.000,-1.000,1,1,-0.000,0.087,0.000,0,1.000,0,0,0.0576,0.2505,-0.0029,0.0594
4038,75,1,0,-0.055,0.315,-1.000,-1.000,1,1,-0.000,0.087,0.000,0,1.000,0,0,0.0576,0.2506,-0.0027,0.0594
4039,75,1,0,-0.079,0.315,-1.000,-1.000,1,1,-0.000,0.087,0.000,0,1.000,0,0,0.0576,0.2506,-0.0026,0.0595
4040,75,1,0,-0.110,0.323,-1.000,-1.000,1,1,-0.000,0.097,0.000,0,1.000,0,0,0.0576,0.2507,-0.0024,0.0595
4041,75,1,0,-0.236,0.268,-1.000,-1.000,1,1,-0.000,0.024,0.000,0,1.000,0,0,0.0576,0.2507,-0.0023,0.0595
4042,75,1,0,-0.646,0.213,-1.000,-1.000,1,1,0.528,0.000,0.000,0,1.000,0,0,0.0576,0.2509,-0.0020,0.0595
4043,75,1,0,-0.331,0.213,-1.000,-1.000,1,1,0.108,0.000,0.000,0,1.000,0,0,0.0576,0.2511,-0.0017,0.0592
4044,75,1,0,-0.110,0.055,-1.000,-1.000,1,1,-0.000,0.000,0.000,0,1.000,0,0,0.0576,0.2511,-0.0017,0.0592
4045,75,1,0,-0.095,0.047,-1.000,-1.000,1,1,-0.000,0.000,0.000,0,1.000,0,0,0.0576,0.2511,-0.0017,0.0592
4046,75,1,0,-0.551,0.055,-1.000,-1.000,1,1,0.402,0.000,0.000,0,1.000,0,0,0.0576,0.2512,-0.0015,0.0591
4047,75,1,0,-0.693,0.102,-1.000,-1.000,1,1,0.591,0.000,0.000,0,1.000,0,0,0.0576,0.2515,-0.0011,0.0589
4048,75,1,0,-0.158,0.102,-1.000,-1.000,1,1,-0.000,0.000,0.000,0,1.000,0,0,0.0576,0.2517,-0.0009,0.0586
4049,75,1,0,-0.047,0.008,-1.000,-1.000,1,1,-0.000,0.000,0.000,0,1.000,0,0,0.0576,0.2517,-0.0009,0.0586
4050,75,1,0,-0.559,0.016,-1.000,-1.000,1,1,0.412,0.000,0.000,0,1.000,0,0,0.0576,0.2518,-0.0007,0.0585
4051,75,1,0,-0.717,0.024,-1.000,-1.000,1,1,0.622,0.000,0.000,0,1.000,0,0,0.0576,0.2521,-0.0003,0.0582
4052,75,1,0,-0.165,0.024,-1.000,-1.000,1,1,-0.000,0.000,0.000,0,1.000,0,0,0.0576,0.2524,-0.0000,0.0579
4053,75,1,0,-0.039,-0.008,-1.000,-1.000,1,1,-0.000,0.000,0.000,0,1.000,0,0,0.0576,0.2524,0.0000,0.0579
4054,75,1,0,-0.039,-0.008,-1.000,-1.000,1,1,-0.000,0.000,0.000,0,1.000,0,0,0.0576,0.2524,0.0000,0.0579
4055,75,1,0,-0.717,-0.079,-1.000,-1.000,1,1,0.622,0.000,0.000,0,1.000,0,0,0.0576,0.2525,0.0003,0.0578
4056,75,1,0,-0.606,-0.126,-1.000,-1.000,1,1,0.475,0.000,0.000,0,1.000,0,0,0.0576,0.2529,0.0004,0.0577
4057,75,1,0,-0.016,-0.095,-1.000,-1.000,1,1,-0.000,0.000,0.000,0,1.000,0,0,0.0576,0.2531,0.0005,0.0576
4058,75,1,0,-0.008,-0.087,-1.000,-1.000,1,1,-0.000,0.000,0.000,0,1.000,0,0,0.0576,0.2531,0.0005,0.0576
4059,75,1,0,-0.008,-0.087,-1.000,-1.000,1,1,-0.000,0.000,0.000,0,1.000,0,0,0.0576,0.2531,0.0005,0.0576
4060,75,1,0,0.000,-0.087,-1.000,0.984,1,1,-0.000,0.000,-0.991,0,1.000,0,0,0.0576,0.2532,0.0004,0.0574
4061,75,1,0,0.024,-0.087,-1.000,1.000,1,1,-0.000,0.000,-1.000,0,1.000,0,0,0.0576,0.2533,0.0003,0.0566
4062,75,1,0,0.055,-0.087,-1.000,1.000,1,1,-0.000,0.000,-1.000,0,1.000,0,0,0.0576,0.2534,0.0001,0.0561
4063,75,1,0,0.126,-0.110,-1.000,1.000,1,1,-0.000,0.000,-1.000,0,1.000,0,0,0.0576,0.2535,-0.0000,0.0558
4064,75,1,0,0.126,-0.110,-1.000,1.000,1,1,-0.000,0.000,-1.000,0,1.000,0,0,0.0576,0.2536,-0.0001,0.0557
4065,75,1,0,0.126,-0.110,-1.000,1.000,1,1,-0.000,0.000,-1.000,0,1.000,0,0,0.0576,0.2537,-0.0002,0.0557
4066,75,1,0,0.150,-0.268,-1.000,1.000,1,1,-0.000,-0.024,-1.000,0,1.000,0,0,0.0576,0.2538,-0.0003,0.0557
4067,75,1,0,0.244,-0.378,-1.000,1.000,1,1,-0.000,-0.171,-1.000,0,1.000,0,0,0.0576,0.2539,-0.0005,0.0557
4068,75,1,0,0.992,0.165,-1.000,1.000,1,1,-0.989,0.000,-1.000,0,1.000,0,0,0.0576,0.2539,-0.0009,0.0557
4069,75,1,0,1.000,0.213,-1.000,1.000,1,1,-1.000,0.000,-1.000,0,1.000,0,0,0.0576,0.2538,-0.0014,0.0557
4070,75,1,0,1.000,0.213,-1.000,1.000,1,1,-1.000,0.000,-1.000,0,1.000,0,0,0.0576,0.2536,-0.0020,0.0555
4071,75,1,0,1.000,0.213,-1.000,1.000,1,1,-1.000,0.000,-1.000,0,1.000,0,0,0.0576,0.2535,-0.0023,0.0555
4072,75,1,0,1.000,0.346,-1.000,1.000,1,1,-1.000,0.129,-1.000,0,1.000,0,0,0.0576,0.2534,-0.0026,0.0555
4073,75,1,0,1.000,0.346,-1.000,1.000,1,1,-1.000,0.129,-1.000,0,1.000,0,0,0.0576,0.2533,-0.0028,0.0556
4074,75,1,0,0.984,0.386,-1.000,1.000,1,1,-0.979,0.181,-1.000,0,1.000,0,0,0.0576,0.2533,-0.0029,0.0556
4075,75,1,0,0.984,0.386,-1.000,1.000,1,1,-0.979,0.181,-1.000,0,1.000,0,0,0.0576,0.2532,-0.0031,0.0556
4076,75,1,0,0.646,0.244,-1.000,1.000,1,1,-0.528,0.000,-1.000,0,1.000,0,0,0.0576,0.2532,-0.0032,0.0556
4077,75,1,0,0.008,0.000,-1.000,1.000,1,1,-0.000,0.000,-1.000,0,1.000,0,0,0.0576,0.2532,-0.0032,0.0556
4078,75,1,0,0.008,-0.008,-1.000,1.000,1,1,-0.000,0.000,-1.000,0,1.000,0,0,0.0576,0.2532,-0.0032,0.0556
4079,75,1,0,0.008,-0.008,-1.000,1.000,1,1,-0.000,0.000,-1.000,0,1.000,0,0,0.0576,0.2533,-0.0032,0.0556
4080,75,1,1,0.008,-0.008,-1.000,1.000,1,1,0.000,0.000,0.000,1,1.000,1,1,0.0576,0.2533,-0.0032,0.0556
4081,76,1,0,0.016,-0.008,-1.000,-1.000,1,1,-0.000,0.000,0.000,0,0.333,0,0,0.0599,0.2556,-0.0054,0.0610
4082,76,1,0,0.016,-0.008,-1.000,-1.000,1,1,-0.000,0.000,0.000,0,0.667,0,0,0.0588,0.2535,-0.0055,0.0612
4083,76,1,0,-0.032,-0.008,-1.000,-1.000,1,1,-0.000,0.000,0.000,0,1.000,0,0,0.0576,0.2513,-0.0049,0.0601
4084,76,1,0,-0.047,-0.008,-1.000,-1.000,1,1,-0.000,0.000,0.000,0,1.000,0,0,0.0576,0.2498,-0.0045,0.0591
4085,76,1,0,-0.039,-0.008,-1.000,-1.000,1,1,-0.000,0.000,0.000,0,1.000,0,0,0.0576,0.2499,-0.0046,0.0592
4086,76,1,0,0.000,-0.008,-1.000,-1.000,1,1,-0.000,0.000,0.000,0,1.000,0,0,0.0576,0.2499,-0.0046,0.0592
4087,76,1,0,0.016,-0.032,-1.000,-1.000,1,1,-0.000,0.000,0.000,0,1.000,0,0,0.0576,0.2499,-0.0046,0.0592
4088,76,1,0,0.000,-0.008,-1.000,-1.000,1,1,-0.000,0.000,0.000,0,1.000,0,0,0.0576,0.2499,-0.0046,0.0592
4089,76,1,0,-0.087,0.220,-1.000,-1.000,1,1,-0.000,0.000,0.000,0,1.000,0,0,0.0576,0.2499,-0.0046,0.0592
4090,76,1,0,-0.118,0.748,-1.000,-1.000,1,1,-0.000,0.664,0.000,0,1.000,0,0,0.0576,0.2500,-0.0040,0.0592
4091,76,1,0,-0.118,0.441,-1.000,-1.000,1,1,-0.000,0.255,0.000,0,1.000,0,0,0.0576,0.2502,-0.0028,0.0593
4092,76,1,0,0.000,0.024,-1.000,-1.000,1,1,-0.000,0.000,0.000,0,1.000,0,0,0.0576,0.2502,-0.0024,0.0594
4093,76,1,0,-0.008,0.039,-1.000,-1.000,1,1,-0.000,0.000,0.000,0,1.000,0,0,0.0576,0.2502,-0.0025,0.0594
4094,76,1,0,-0.181,0.543,-1.000,-1.000,1,1,-0.000,0.391,0.000,0,1.000,0,0,0.0576,0.2502,-0.0022,0.0593
4095,76,1,0,-0.158,0.480,-1.000,-1.000,1,1,-0.000,0.307,0.000,0,1.000,0,0,0.0576,0.2504,-0.0012,0.0594
4096,76,1,0,-0.032,-0.008,-1.000,-1.000,1,1,-0.000,0.000,0.000,0,1.000,0,0,0.0576,0.2505,-0.0010,0.0595
4097,76,1,0,-0.016,-0.008,-1.000,-1.000,1,1,-0.000,0.000,0.000,0,1.000,0,0,0.0576,0.2505,-0.0009,0.0595
4098,76,1,0,-0.402,0.008,-1.000,-1.000,1,1,0.202,0.000,0.000,0,1.000,0,0,0.0576,0.2505,-0.0009,0.0595
4099,76,1,0,-0.693,0.024,-1.000,-1.000,1,1,0.591,0.000,0.000,0,1.000,0,0,0.0576,0.2506,-0.0007,0.0594
4100,76,1,0,-0.654,0.024,-1.000,-1.000,1,1,0.538,0.000,0.000,0,1.000,0,0,0.0576,0.2509,-0.0005,0.0588
4101,76,1,0,-0.032,-0.008,-1.000,-1.000,1,1,-0.000,0.000,0.000,0,1.000,0,0,0.0576,0.2510,-0.0004,0.0585
4102,76,1,0,-0.039,-0.032,-1.000,-1.000,1,1,-0.000,0.000,0.000,0,1.000,0,0,0.0576,0.2510,-0.0004,0.0585
4103,76,1,0,-0.551,0.047,-1.000,-1.000,1,1,0.402,0.000,0.000,0,1.000,0,0,0.0576,0.2510,-0.0003,0.0585
4104,76,1,0,-0.559,0.055,-1.000,-1.000,1,1,0.412,0.000,0.000,0,1.000,0,0,0.0576,0.2512,-0.0002,0.0582
4105,76,1,0,-0.567,0.055,-1.000,-1.000,1,1,0.423,0.000,0.000,0,1.000,0,0,0.0576,0.2514,-0.0000,0.0578
4106,76,1,0,-0.299,0.047,-1.000,-1.000,1,1,0.066,0.000,0.000,0,1.000,0,0,0.0576,0.2515,0.0000,0.0577
4107,76,1,0,-0.055,0.008,-1.000,-1.000,1,1,-0.000,0.000,0.000,0,1.000,0,0,0.0576,0.2515,0.0000,0.0577
4108,76,1,0,-0.102,-0.024,-1.000,-1.000,1,1,-0.000,0.000,0.000,0,1.000,0,0,0.0576,0.2515,0.0000,0.0577
4109,76,1,0,-0.866,-0.118,-1.000,-1.000,1,1,0.822,0.000,0.000,0,0.964,0,0,0.0578,0.2517,0.0001,0.0576
4110,76,1,0,-0.134,0.031,-1.000,-1.000,1,1,-0.000,0.000,0.000,0,1.000,0,0,0.0576,0.2521,0.0002,0.0574
4111,76,1,0,-0.039,-0.008,-1.000,-1.000,1,1,-0.000,0.000,0.000,0,1.000,0,0,0.0576,0.2519,0.0001,0.0574
4112,76,1,0,-0.047,-0.032,-1.000,-1.000,1,1,-0.000,0.000,0.000,0,1.000,0,0,0.0576,0.2520,0.0001,0.0573
4113,76,1,0,-0.748,-0.032,-1.000,-1.000,1,1,0.664,0.000,0.000,0,1.000,0,0,0.0576,0.2520,0.0002,0.0573
4114,76,1,0,-0.567,-0.032,-1.000,-1.000,1,1,0.423,0.000,0.000,0,1.000,0,0,0.0576,0.2522,0.0003,0.0570
4115,76,1,0,-0.032,-0.032,-1.000,-1.000,1,1,-0.000,0.000,0.000,0,1.000,0,0,0.0576,0.2523,0.0003,0.0569
4116,76,1,0,-0.016,-0.032,-1.000,-1.000,1,1,-0.000,0.000,0.000,0,1.000,0,0,0.0576,0.2523,0.0003,0.0569
4117,76,1,0,-0.016,-0.032,-1.000,-1.000,1,1,-0.000,0.000,0.000,0,1.000,0,0,0.0576,0.2523,0.0003,0.0569
4118,76,1,0,-0.016,-0.032,-1.000,-1.000,1,1,-0.000,0.000,0.000,0,1.000,0,0,0.0576,0.2523,0.0003,0.0569
4119,76,1,0,-0.016,-0.032,-1.000,-1.000,1,1,-0.000,0.000,0.000,0,1.000,0,0,0.0576,0.2523,0.0003,0.0569
4120,76,1,0,0.000,-0.032,-1.000,-1.000,1,1,-0.000,0.000,0.000,0,1.000,0,0,0.0576,0.2523,0.0003,0.0569
4121,76,1,0,0.024,-0.032,-1.000,-1.000,1,1,-0.000,0.000,0.000,0,1.000,0,0,0.0576,0.2523,0.0003,0.0569
4122,76,1,0,0.024,-0.039,-1.000,-1.000,1,1,-0.000,0.000,0.000,0,1.000,0,0,0.0576,0.2523,0.0003,0.0569
4123,76,1,0,0.000,-0.039,-1.000,1.000,1,1,-0.000,0.000,-1.000,0,1.000,0,0,0.0576,0.2525,0.0002,0.0566
4124,76,1,0,0.000,-0.032,-1.000,1.000,1,1,-0.000,0.000,-1.000,0,1.000,0,0,0.0576,0.2525,0.0001,0.0554
4125,76,1,0,0.000,-0.032,-1.000,1.000,1,1,-0.000,0.000,-1.000,0,1.000,0,0,0.0576,0.2528,-0.0000,0.0548
4126,76,1,0,0.000,-0.039,-1.000,1.000,1,1,-0.000,0.000,-1.000,0,1.000,0,0,0.0576,0.2530,-0.0001,0.0546
4127,76,1,0,0.000,-0.032,-1.000,1.000,1,1,-0.000,0.000,-1.000,0,1.000,0,0,0.0576,0.2532,-0.0001,0.0544
4128,76,1,0,0.000,-0.039,-1.000,1.000,1,1,-0.000,0.000,-1.000,0,1.000,0,0,0.0576,0.2533,-0.0002,0.0544
4129,76,1,0,0.000,-0.039,-1.000,1.000,1,1,-0.000,0.000,-1.000,0,1.000,0,0,0.0576,0.2534,-0.0003,0.0544
4130,76,1,0,0.008,-0.039,-1.000,1.000,1,1,-0.000,0.000,-1.000,0,1.000,0,0,0.0576,0.2535,-0.0004,0.0544
4131,76,1,1,0.008,-0.039,-1.000,1.000,1,1,0.000,0.000,0.000,1,1.000,1,1,0.0576,0.2536,-0.0004,0.0544
4132,77,1,0,0.000,-0.039,-1.000,-1.000,1,1,-0.000,0.000,0.000,0,0.333,0,0,0.0607,0.2529,-0.0033,0.0623
4133,77,1,0,0.000,-0.032,-1.000,-1.000,1,1,-0.000,0.000,0.000,0,0.667,0,0,0.0592,0.2518,-0.0039,0.0621
4134,77,1,0,0.000,-0.039,-1.000,-1.000,1,1,-0.000,0.000,0.000,0,1.000,0,0,0.0576,0.2504,-0.0040,0.0604
4135,77,1,0,0.000,-0.039,-1.000,-1.000,1,1,-0.000,0.000,0.000,0,1.000,0,0,0.0576,0.2497,-0.0044,0.0592
4136,77,1,0,0.000,-0.032,-1.000,-1.000,1,1,-0.000,0.000,0.000,0,1.000,0,0,0.0576,0.2497,-0.0043,0.0591
4137,77,1,0,0.000,-0.039,-1.000,-1.000,1,1,-0.000,0.000,0.000,0,1.000,0,0,0.0576,0.2497,-0.0043,0.0592
4138,77,1,0,0.000,-0.039,-1.000,-1.000,1,1,-0.000,0.000,0.000,0,1.000,0,0,0.0576,0.2497,-0.0043,0.0592
4139,77,1,0,0.000,0.016,-1.000,-1.000,1,1,-0.000,0.000,0.000,0,1.000,0,0,0.0576,0.2497,-0.0043,0.0592
4140,77,1,0,-0.063,0.417,-1.000,-1.000,1,1,-0.000,0.223,0.000,0,1.000,0,0,0.0576,0.2497,-0.0042,0.0592
4141,77,1,0,-0.063,0.740,-1.000,-1.000,1,1,-0.000,0.654,0.000,0,1.000,0,0,0.0576,0.2497,-0.0033,0.0592
4142,77,1,0,-0.008,0.063,-1.000,-1.000,1,1,-0.000,0.000,0.000,0,1.000,0,0,0.0576,0.2496,-0.0026,0.0590
4143,77,1,0,0.000,0.016,-1.000,-1.000,1,1,-0.000,0.000,0.000,0,1.000,0,0,0.0576,0.2496,-0.0025,0.0591
4144,77,1,0,-0.016,0.701,-1.000,-1.000,1,1,-0.000,0.601,0.000,0,1.000,0,0,0.0576,0.2496,-0.0018,0.0591
4145,77,1,0,-0.039,0.417,-1.000,-1.000,1,1,-0.000,0.223,0.000,0,1.000,0,0,0.0576,0.2495,-0.0011,0.0589
4146,77,1,0,-0.032,-0.016,-1.000,-1.000,1,1,-0.000,0.000,0.000,0,1.000,0,0,0.0576,0.2495,-0.0007,0.0590
4147,77,1,0,-0.032,-0.016,-1.000,-1.000,1,1,-0.000,0.000,0.000,0,1.000,0,0,0.0576,0.2495,-0.0007,0.0590
4148,77,1,0,-0.441,-0.016,-1.000,-1.000,1,1,0.255,0.000,0.000,0,1.000,0,0,0.0576,0.2496,-0.0006,0.0590
4149,77,1,0,-0.661,0.024,-1.000,-1.000,1,1,0.549,0.000,0.000,0,1.000,0,0,0.0576,0.2499,-0.0006,0.0587
4150,77,1,0,-0.158,0.047,-1.000,-1.000,1,1,-0.000,0.000,0.000,0,1.000,0,0,0.0576,0.2502,-0.0006,0.0582
4151,77,1,0,-0.047,-0.024,-1.000,-1.000,1,1,-0.000,0.000,0.000,0,1.000,0,0,0.0576,0.2503,-0.0006,0.0582
4152,77,1,0,-0.039,-0.024,-1.000,-1.000,1,1,-0.000,0.000,0.000,0,1.000,0,0,0.0576,0.2503,-0.0006,0.0582
4153,77,1,0,-0.252,0.016,-1.000,-1.000,1,1,0.003,0.000,0.000,0,1.000,0,0,0.0576,0.2503,-0.0006,0.0582
4154,77,1,0,-0.354,0.047,-1.000,-1.000,1,1,0.139,0.000,0.000,0,1.000,0,0,0.0576,0.2503,-0.0006,0.0582
4155,77,1,0,-0.032,0.008,-1.000,-1.000,1,1,-0.000,0.000,0.000,0,1.000,0,0,0.0576,0.2504,-0.0006,0.0582
4156,77,1,0,-0.016,-0.024,-1.000,-1.000,1,1,-0.000,0.000,0.000,0,1.000,0,0,0.0576,0.2504,-0.0006,0.0581
4157,77,1,0,-0.354,-0.039,-1.000,-1.000,1,1,0.139,0.000,0.000,0,1.000,0,0,0.0576,0.2505,-0.0006,0.0581
4158,77,1,0,-0.654,-0.024,-1.000,-1.000,1,1,0.538,0.000,0.000,0,1.000,0,0,0.0576,0.2508,-0.0007,0.0578
4159,77,1,0,-0.087,0.008,-1.000,-1.000,1,1,-0.000,0.000,0.000,0,1.000,0,0,0.0576,0.2512,-0.0007,0.0573
4160,77,1,0,-0.055,-0.008,-1.000,-1.000,1,1,-0.000,0.000,0.000,0,1.000,0,0,0.0576,0.2512,-0.0007,0.0573
4161,77,1,0,-0.063,-0.008,-1.000,-1.000,1,1,-0.000,0.000,0.000,0,1.000,0,0,0.0576,0.2512,-0.0007,0.0573
4162,77,1,0,-0.913,0.000,-1.000,-1.000,1,1,0.885,0.000,0.000,0,1.000,0,0,0.0576,0.2517,-0.0009,0.0570
4163,77,1,0,-0.205,0.055,-1.000,-1.000,1,1,-0.000,0.000,0.000,0,1.000,0,0,0.0576,0.2522,-0.0008,0.0560
4164,77,1,0,-0.016,-0.024,-1.000,-1.000,1,1,-0.000,0.000,0.000,0,1.000,0,0,0.0576,0.2522,-0.0009,0.0560
4165,77,1,0,-0.016,-0.032,-1.000,-1.000,1,1,-0.000,0.000,0.000,0,1.000,0,0,0.0576,0.2522,-0.0009,0.0561
4166,77,1,0,-0.032,-0.032,-1.000,-1.000,1,1,-0.000,0.000,0.000,0,1.000,0,0,0.0576,0.2522,-0.0009,0.0561
4167,77,1,0,-0.835,-0.024,-1.000,-1.000,1,1,0.780,0.000,0.000,0,1.000,0,0,0.0576,0.2525,-0.0009,0.0560
4168,77,1,0,-0.008,-0.008,-1.000,-1.000,1,1,-0.000,0.000,0.000,0,1.000,0,0,0.0576,0.2527,-0.0010,0.0555
4169,77,1,0,-0.008,-0.016,-1.000,-1.000,1,1,-0.000,0.000,0.000,0,1.000,0,0,0.0576,0.2527,-0.0011,0.0554
4170,77,1,0,-0.008,-0.016,-1.000,-1.000,1,1,-0.000,0.000,0.000,0,1.000,0,0,0.0576,0.2528,-0.0011,0.0554
4171,77,1,0,-0.008,-0.016,-1.000,1.000,1,1,-0.000,0.000,-1.000,0,1.000,0,0,0.0576,0.2529,-0.0010,0.0554
4172,77,1,0,-0.008,-0.016,-1.000,1.000,1,1,-0.000,0.000,-1.000,0,1.000,0,0,0.0576,0.2532,-0.0010,0.0551
4173,77,1,0,-0.008,-0.016,-1.000,1.000,1,1,-0.000,0.000,-1.000,0,1.000,0,0,0.0576,0.2535,-0.0010,0.0549
4174,77,1,0,-0.008,-0.016,-1.000,1.000,1,1,-0.000,0.000,-1.000,0,1.000,0,0,0.0576,0.2538,-0.0009,0.0548
4175,77,1,0,-0.008,-0.016,-1.000,1.000,1,1,-0.000,0.000,-1.000,0,1.000,0,0,0.0576,0.2541,-0.0009,0.0546
4176,77,1,0,-0.008,-0.016,-1.000,1.000,1,1,-0.000,0.000,-1.000,0,1.000,0,0,0.0576,0.2543,-0.0008,0.0545
4177,77,1,1,-0.008,-0.016,-1.000,1.000,1,1,0.000,0.000,0.000,1,1.000,1,1,0.0576,0.2545,-0.0008,0.0545
