step,ep,r1,l1,raw_ly,raw_lx,raw_r2,raw_l2,r2_ready,l2_ready,act0,act1,act2,contact,progress,paused,shielded,meas_x,meas_y,meas_z
0,0,0,0,0.000,0.000,0.000,0.000,0,0,0.000,0.000,0.000,0,0.333,0,0,0.2492,-0.0049,0.0616
1,0,0,0,0.000,0.000,0.000,0.000,0,0,0.000,0.000,0.000,0,0.667,0,0,0.2488,-0.0043,0.0574
2,0,0,0,0.000,0.000,0.000,0.000,0,0,0.000,0.000,0.000,0,1.000,0,0,0.2489,-0.0046,0.0567
3,0,0,0,0.000,0.000,0.000,0.000,0,0,0.000,0.000,0.000,0,1.000,0,0,0.2489,-0.0044,0.0570
4,0,0,0,0.000,0.000,0.000,0.000,0,0,0.000,0.000,0.000,0,1.000,0,0,0.2489,-0.0045,0.0572
5,0,0,0,0.000,0.000,0.000,0.000,0,0,0.000,0.000,0.000,0,1.000,0,0,0.2489,-0.0045,0.0572
6,0,0,0,0.000,0.000,0.000,0.000,0,0,0.000,0.000,0.000,0,1.000,0,0,0.2489,-0.0045,0.0572
7,0,0,0,0.000,0.000,0.000,0.000,0,0,0.000,0.000,0.000,0,1.000,0,0,0.2489,-0.0045,0.0572
8,0,0,0,0.000,0.000,0.000,0.000,0,0,0.000,0.000,0.000,0,1.000,0,0,0.2489,-0.0045,0.0572
9,0,0,0,0.000,0.000,0.000,0.000,0,0,0.000,0.000,0.000,0,1.000,0,0,0.2489,-0.0045,0.0572
10,0,0,0,0.000,0.000,0.000,0.000,0,0,0.000,0.000,0.000,0,1.000,0,0,0.2489,-0.0045,0.0572
11,0,0,0,0.000,0.000,0.000,0.000,0,0,0.000,0.000,0.000,0,1.000,0,0,0.2489,-0.0045,0.0572
12,0,0,0,0.000,0.000,0.000,0.000,0,0,0.000,0.000,0.000,0,1.000,0,0,0.2489,-0.0045,0.0572
13,0,0,0,0.000,0.000,0.000,0.000,0,0,0.000,0.000,0.000,0,1.000,0,0,0.2489,-0.0045,0.0572
14,0,0,0,0.000,0.000,0.000,0.000,0,0,0.000,0.000,0.000,0,1.000,0,0,0.2489,-0.0045,0.0572
15,0,0,0,0.000,0.000,0.000,0.000,0,0,0.000,0.000,0.000,0,1.000,0,0,0.2489,-0.0045,0.0572
16,0,0,0,0.000,0.000,0.000,0.000,0,0,0.000,0.000,0.000,0,1.000,0,0,0.2489,-0.0045,0.0572
17,0,0,0,0.000,0.000,0.000,0.000,0,0,0.000,0.000,0.000,0,1.000,0,0,0.2489,-0.0045,0.0572
18,0,0,0,0.000,0.000,0.000,0.000,0,0,0.000,0.000,0.000,0,1.000,0,0,0.2489,-0.0045,0.0572
19,0,0,0,0.000,0.000,0.000,0.000,0,0,0.000,0.000,0.000,0,1.000,0,0,0.2489,-0.0045,0.0572
20,0,0,0,0.000,0.000,0.000,0.000,0,0,0.000,0.000,0.000,0,1.000,0,0,0.2489,-0.0045,0.0572
21,0,0,0,0.000,0.000,0.000,0.000,0,0,0.000,0.000,0.000,0,1.000,0,0,0.2489,-0.0045,0.0572
22,0,0,0,0.000,0.000,0.000,0.000,0,0,0.000,0.000,0.000,0,1.000,0,0,0.2489,-0.0045,0.0572
23,0,0,0,0.000,0.000,0.000,0.000,0,0,0.000,0.000,0.000,0,1.000,0,0,0.2489,-0.0045,0.0572
24,0,0,0,0.000,0.000,0.000,0.000,0,0,0.000,0.000,0.000,0,1.000,0,0,0.2489,-0.0045,0.0572
25,0,0,0,0.000,0.000,0.000,0.000,0,0,0.000,0.000,0.000,0,1.000,0,0,0.2489,-0.0045,0.0572
26,0,0,0,0.000,0.000,0.000,0.000,0,0,0.000,0.000,0.000,0,1.000,0,0,0.2489,-0.0045,0.0572
27,0,0,0,0.000,0.000,0.000,0.000,0,0,0.000,0.000,0.000,0,1.000,0,0,0.2489,-0.0045,0.0572
28,0,0,0,0.000,0.000,0.000,0.000,0,0,0.000,0.000,0.000,0,1.000,0,0,0.2489,-0.0045,0.0572
29,0,0,0,0.000,0.000,0.000,0.000,0,0,0.000,0.000,0.000,0,1.000,0,0,0.2489,-0.0045,0.0572
30,0,0,0,0.000,0.000,0.000,0.000,0,0,0.000,0.000,0.000,0,1.000,0,0,0.2489,-0.0045,0.0572
31,0,0,0,0.000,0.000,0.000,0.000,0,0,0.000,0.000,0.000,0,1.000,0,0,0.2489,-0.0045,0.0572
32,0,0,0,0.000,0.000,0.000,0.000,0,0,0.000,0.000,0.000,0,1.000,0,0,0.2489,-0.0045,0.0572
33,0,0,0,0.000,0.000,0.000,0.000,0,0,0.000,0.000,0.000,0,1.000,0,0,0.2489,-0.0045,0.0572
34,0,0,0,0.000,0.000,0.000,0.000,0,0,0.000,0.000,0.000,0,1.000,0,0,0.2489,-0.0045,0.0572
35,0,0,0,0.000,0.000,0.000,0.000,0,0,0.000,0.000,0.000,0,1.000,0,0,0.2489,-0.0045,0.0572
36,0,0,0,0.000,0.000,0.000,0.000,0,0,0.000,0.000,0.000,0,1.000,0,0,0.2489,-0.0045,0.0572
37,0,0,0,0.000,0.000,0.000,0.000,0,0,0.000,0.000,0.000,0,1.000,0,0,0.2489,-0.0045,0.0572
38,0,0,0,0.000,0.000,0.000,0.000,0,0,0.000,0.000,0.000,0,1.000,0,0,0.2489,-0.0045,0.0572
39,0,0,0,0.000,0.000,0.000,0.000,0,0,0.000,0.000,0.000,0,1.000,0,0,0.2489,-0.0045,0.0572
40,0,0,0,0.000,0.000,0.000,0.000,0,0,0.000,0.000,0.000,0,1.000,0,0,0.2489,-0.0045,0.0572
41,0,0,0,0.000,0.000,0.000,0.000,0,0,0.000,0.000,0.000,0,1.000,0,0,0.2489,-0.0045,0.0572
42,0,0,0,0.000,0.000,0.000,0.000,0,0,0.000,0.000,0.000,0,1.000,0,0,0.2489,-0.0045,0.0572
43,0,0,0,0.000,0.000,0.000,0.000,0,0,0.000,0.000,0.000,0,1.000,0,0,0.2489,-0.0045,0.0572
44,0,0,0,0.000,0.000,0.000,0.000,0,0,0.000,0.000,0.000,0,1.000,0,0,0.2489,-0.0045,0.0572
45,0,0,0,0.000,0.000,0.000,0.000,0,0,0.000,0.000,0.000,0,1.000,0,0,0.2489,-0.0045,0.0572
46,0,0,0,0.000,0.000,0.000,0.000,0,0,0.000,0.000,0.000,0,1.000,0,0,0.2489,-0.0045,0.0572
47,0,0,0,0.000,0.000,0.000,0.000,0,0,0.000,0.000,0.000,0,1.000,0,0,0.2489,-0.0045,0.0572
48,0,0,0,0.000,0.000,0.000,0.000,0,0,0.000,0.000,0.000,0,1.000,0,0,0.2489,-0.0045,0.0572
49,0,0,0,0.000,0.000,0.000,0.000,0,0,0.000,0.000,0.000,0,1.000,0,0,0.2489,-0.0045,0.0572
50,0,0,0,0.000,0.000,0.000,0.000,0,0,0.000,0.000,0.000,0,1.000,0,0,0.2489,-0.0045,0.0572
51,0,0,0,0.000,0.000,0.000,0.000,0,0,0.000,0.000,0.000,0,1.000,0,0,0.2489,-0.0045,0.0572
52,0,0,0,0.000,0.000,0.000,0.000,0,0,0.000,0.000,0.000,0,1.000,0,0,0.2489,-0.0045,0.0572
53,0,0,0,0.000,0.000,0.000,0.000,0,0,0.000,0.000,0.000,0,1.000,0,0,0.2489,-0.0045,0.0572
54,0,0,0,0.000,0.000,0.000,0.000,0,0,0.000,0.000,0.000,0,1.000,0,0,0.2489,-0.0045,0.0572
55,0,0,0,0.000,0.000,0.000,0.000,0,0,0.000,0.000,0.000,0,1.000,0,0,0.2489,-0.0045,0.0572
56,0,0,0,0.000,0.000,0.000,0.000,0,0,0.000,0.000,0.000,0,1.000,0,0,0.2489,-0.0045,0.0572
57,0,0,0,0.000,0.000,0.000,0.000,0,0,0.000,0.000,0.000,0,1.000,0,0,0.2489,-0.0045,0.0572
58,0,0,0,0.000,0.000,0.000,0.000,0,0,0.000,0.000,0.000,0,1.000,0,0,0.2489,-0.0045,0.0572
59,0,0,0,0.000,0.000,0.000,0.000,0,0,0.000,0.000,0.000,0,1.000,0,0,0.2489,-0.0045,0.0572
60,0,0,0,0.000,0.000,0.000,0.000,0,0,0.000,0.000,0.000,0,1.000,0,0,0.2489,-0.0045,0.0572
61,0,0,0,0.000,0.000,0.000,0.000,0,0,0.000,0.000,0.000,0,1.000,0,0,0.2489,-0.0045,0.0572
62,0,0,0,0.000,0.000,0.000,0.000,0,0,0.000,0.000,0.000,0,1.000,0,0,0.2489,-0.0045,0.0572
63,0,0,0,0.000,0.000,0.000,0.000,0,0,0.000,0.000,0.000,0,1.000,0,0,0.2489,-0.0045,0.0572
64,0,0,0,0.000,0.000,0.000,0.000,0,0,0.000,0.000,0.000,0,1.000,0,0,0.2489,-0.0045,0.0572
65,0,0,0,0.000,0.000,0.000,0.000,0,0,0.000,0.000,0.000,0,1.000,0,0,0.2489,-0.0045,0.0572
66,0,0,0,0.000,0.000,0.000,0.000,0,0,0.000,0.000,0.000,0,1.000,0,0,0.2489,-0.0045,0.0572
67,0,0,0,0.000,0.000,0.000,0.000,0,0,0.000,0.000,0.000,0,1.000,0,0,0.2489,-0.0045,0.0572
68,0,0,0,0.000,0.000,0.000,0.000,0,0,0.000,0.000,0.000,0,1.000,0,0,0.2489,-0.0045,0.0572
69,0,0,0,0.000,0.000,0.000,0.000,0,0,0.000,0.000,0.000,0,1.000,0,0,0.2489,-0.0045,0.0572
70,0,0,0,0.000,0.000,0.000,0.000,0,0,0.000,0.000,0.000,0,1.000,0,0,0.2489,-0.0045,0.0572
71,0,0,0,0.000,0.000,0.000,0.000,0,0,0.000,0.000,0.000,0,1.000,0,0,0.2489,-0.0045,0.0572
72,0,0,0,0.000,0.000,0.000,0.000,0,0,0.000,0.000,0.000,0,1.000,0,0,0.2489,-0.0045,0.0572
73,0,0,0,0.000,0.000,0.000,0.000,0,0,0.000,0.000,0.000,0,1.000,0,0,0.2489,-0.0045,0.0572
74,0,0,0,0.000,0.000,0.000,0.000,0,0,0.000,0.000,0.000,0,1.000,0,0,0.2489,-0.0045,0.0572
75,0,0,0,0.000,0.000,0.000,0.000,0,0,0.000,0.000,0.000,0,1.000,0,0,0.2489,-0.0045,0.0572
76,0,0,0,0.000,0.000,0.000,0.000,0,0,0.000,0.000,0.000,0,1.000,0,0,0.2489,-0.0045,0.0572
77,0,0,0,0.000,0.000,0.000,0.000,0,0,0.000,0.000,0.000,0,1.000,0,0,0.2489,-0.0045,0.0572
78,0,0,0,0.000,0.000,0.000,0.000,0,0,0.000,0.000,0.000,0,1.000,0,0,0.2489,-0.0045,0.0572
79,0,0,0,0.000,0.000,0.000,0.000,0,0,0.000,0.000,0.000,0,1.000,0,0,0.2489,-0.0045,0.0572
80,0,0,0,0.000,0.000,0.000,0.000,0,0,0.000,0.000,0.000,0,1.000,0,0,0.2489,-0.0045,0.0572
81,0,0,0,0.000,0.000,0.000,0.000,0,0,0.000,0.000,0.000,0,1.000,0,0,0.2489,-0.0045,0.0572
82,0,0,0,0.000,0.000,0.000,0.000,0,0,0.000,0.000,0.000,0,1.000,0,0,0.2489,-0.0045,0.0572
83,0,0,0,0.000,0.000,0.000,0.000,0,0,0.000,0.000,0.000,0,1.000,0,0,0.2489,-0.0045,0.0572
84,0,0,0,0.000,0.000,0.000,0.000,0,0,0.000,0.000,0.000,0,1.000,0,0,0.2489,-0.0045,0.0572
85,0,0,0,0.000,0.000,0.000,0.000,0,0,0.000,0.000,0.000,0,1.000,0,0,0.2489,-0.0045,0.0572
86,0,0,0,0.000,0.000,0.000,0.000,0,0,0.000,0.000,0.000,0,1.000,0,0,0.2489,-0.0045,0.0572
87,0,0,0,0.000,0.000,0.000,0.000,0,0,0.000,0.000,0.000,0,1.000,0,0,0.2489,-0.0045,0.0572
88,0,0,0,0.000,0.000,0.000,0.000,0,0,0.000,0.000,0.000,0,1.000,0,0,0.2489,-0.0045,0.0572
89,0,0,0,0.000,0.000,0.000,0.000,0,0,0.000,0.000,0.000,0,1.000,0,0,0.2489,-0.0045,0.0572
90,0,0,0,0.000,0.000,0.000,0.000,0,0,0.000,0.000,0.000,0,1.000,0,0,0.2489,-0.0045,0.0572
91,0,0,0,0.000,0.000,0.000,0.000,0,0,0.000,0.000,0.000,0,1.000,0,0,0.2489,-0.0045,0.0572
92,0,0,0,0.000,0.000,0.000,0.000,0,0,0.000,0.000,0.000,0,1.000,0,0,0.2489,-0.0045,0.0572
93,0,0,0,0.000,0.000,0.000,0.000,0,0,0.000,0.000,0.000,0,1.000,0,0,0.2489,-0.0045,0.0572
94,0,0,0,0.000,0.000,0.000,0.000,0,0,0.000,0.000,0.000,0,1.000,0,0,0.2489,-0.0045,0.0572
95,0,0,0,0.055,0.000,0.000,0.000,0,0,0.000,0.000,0.000,0,1.000,0,0,0.2489,-0.0045,0.0572
96,0,0,0,0.024,0.000,0.000,0.000,0,0,0.000,0.000,0.000,0,1.000,0,0,0.2489,-0.0045,0.0572
97,0,0,0,0.024,-0.047,0.000,0.000,0,0,0.000,0.000,0.000,0,1.000,0,0,0.2489,-0.0045,0.0572
98,0,0,0,0.024,-0.047,0.000,0.000,0,0,0.000,0.000,0.000,0,1.000,0,0,0.2489,-0.0045,0.0572
99,0,0,0,0.024,-0.047,0.000,0.000,0,0,0.000,0.000,0.000,0,1.000,0,0,0.2489,-0.0045,0.0572
100,0,0,0,0.024,-0.047,0.000,0.000,0,0,0.000,0.000,0.000,0,1.000,0,0,0.2489,-0.0045,0.0572
101,0,0,0,0.024,-0.047,0.000,0.000,0,0,0.000,0.000,0.000,0,1.000,0,0,0.2489,-0.0045,0.0572
102,0,0,0,0.024,-0.047,0.000,0.000,0,0,0.000,0.000,0.000,0,1.000,0,0,0.2489,-0.0045,0.0572
103,0,0,0,0.024,-0.047,0.000,0.000,0,0,0.000,0.000,0.000,0,1.000,0,0,0.2489,-0.0045,0.0572
104,0,0,0,0.024,-0.047,0.000,0.000,0,0,0.000,0.000,0.000,0,1.000,0,0,0.2489,-0.0045,0.0572
105,0,0,0,0.024,-0.047,0.000,0.000,0,0,0.000,0.000,0.000,0,1.000,0,0,0.2489,-0.0045,0.0572
106,0,0,0,0.024,-0.047,0.000,0.000,0,0,0.000,0.000,0.000,0,1.000,0,0,0.2489,-0.0045,0.0572
107,0,0,0,0.024,-0.047,0.000,0.000,0,0,0.000,0.000,0.000,0,1.000,0,0,0.2489,-0.0045,0.0572
108,0,0,0,0.024,-0.047,0.000,0.000,0,0,0.000,0.000,0.000,0,1.000,0,0,0.2489,-0.0045,0.0572
109,0,0,0,0.024,-0.047,0.000,0.000,0,0,0.000,0.000,0.000,0,1.000,0,0,0.2489,-0.0045,0.0572
110,0,0,0,0.024,-0.047,0.000,0.000,0,0,0.000,0.000,0.000,0,1.000,0,0,0.2489,-0.0045,0.0572
111,0,0,0,0.024,-0.047,0.000,0.000,0,0,0.000,0.000,0.000,0,1.000,0,0,0.2489,-0.0045,0.0572
112,0,0,0,0.024,-0.047,0.000,0.000,0,0,0.000,0.000,0.000,0,1.000,0,0,0.2489,-0.0045,0.0572
113,0,1,0,0.024,-0.047,0.000,0.000,0,0,-0.000,0.000,0.000,0,1.000,0,0,0.2489,-0.0045,0.0572
114,0,1,0,0.024,-0.047,0.000,0.000,0,0,-0.000,0.000,0.000,0,1.000,0,0,0.2489,-0.0045,0.0572
115,0,1,0,0.024,-0.047,0.000,0.000,0,0,-0.000,0.000,0.000,0,1.000,0,0,0.2489,-0.0045,0.0572
116,0,1,0,0.024,-0.047,0.000,0.000,0,0,-0.000,0.000,0.000,0,1.000,0,0,0.2489,-0.0045,0.0572
117,0,1,0,0.024,-0.047,0.000,0.000,0,0,-0.000,0.000,0.000,0,1.000,0,0,0.2489,-0.0045,0.0572
118,0,1,0,0.024,-0.047,0.000,0.000,0,0,-0.000,0.000,0.000,0,1.000,0,0,0.2489,-0.0045,0.0572
119,0,1,0,0.024,-0.047,0.000,0.000,0,0,-0.000,0.000,0.000,0,1.000,0,0,0.2489,-0.0045,0.0572
120,0,1,0,0.024,-0.047,0.000,0.000,0,0,-0.000,0.000,0.000,0,1.000,0,0,0.2489,-0.0045,0.0572
121,0,1,0,0.024,-0.047,0.000,0.000,0,0,-0.000,0.000,0.000,0,1.000,0,0,0.2489,-0.0045,0.0572
122,0,1,0,0.024,-0.047,0.000,0.000,0,0,-0.000,0.000,0.000,0,1.000,0,0,0.2489,-0.0045,0.0572
123,0,1,0,0.024,-0.047,0.000,0.000,0,0,-0.000,0.000,0.000,0,1.000,0,0,0.2489,-0.0045,0.0572
124,0,1,0,0.024,-0.047,0.000,0.000,0,0,-0.000,0.000,0.000,0,1.000,0,0,0.2489,-0.0045,0.0572
125,0,1,0,0.024,-0.047,0.000,0.000,0,0,-0.000,0.000,0.000,0,1.000,0,0,0.2489,-0.0045,0.0572
126,0,1,0,0.024,-0.047,0.000,0.000,0,0,-0.000,0.000,0.000,0,1.000,0,0,0.2489,-0.0045,0.0572
127,0,1,0,0.024,-0.047,0.000,0.000,0,0,-0.000,0.000,0.000,0,1.000,0,0,0.2489,-0.0045,0.0572
128,0,1,0,0.024,-0.047,0.000,0.000,0,0,-0.000,0.000,0.000,0,1.000,0,0,0.2489,-0.0045,0.0572
129,0,1,0,0.024,-0.047,0.000,0.000,0,0,-0.000,0.000,0.000,0,1.000,0,0,0.2489,-0.0045,0.0572
130,0,1,0,0.024,-0.047,0.000,0.000,0,0,-0.000,0.000,0.000,0,1.000,0,0,0.2489,-0.0045,0.0572
131,0,1,0,0.024,-0.047,0.000,0.000,0,0,-0.000,0.000,0.000,0,1.000,0,0,0.2489,-0.0045,0.0572
132,0,1,0,0.024,-0.047,0.000,0.000,0,0,-0.000,0.000,0.000,0,1.000,0,0,0.2489,-0.0045,0.0572
133,0,1,0,0.024,-0.047,0.000,0.000,0,0,-0.000,0.000,0.000,0,1.000,0,0,0.2489,-0.0045,0.0572
134,0,1,0,0.024,-0.047,0.000,0.000,0,0,-0.000,0.000,0.000,0,1.000,0,0,0.2489,-0.0045,0.0572
135,0,1,0,0.024,-0.047,0.000,0.000,0,0,-0.000,0.000,0.000,0,1.000,0,0,0.2489,-0.0045,0.0572
136,0,1,0,0.024,-0.047,0.000,0.000,0,0,-0.000,0.000,0.000,0,1.000,0,0,0.2489,-0.0045,0.0572
137,0,1,0,0.024,-0.047,0.000,0.000,0,0,-0.000,0.000,0.000,0,1.000,0,0,0.2489,-0.0045,0.0572
138,0,1,0,0.024,-0.047,0.000,0.000,0,0,-0.000,0.000,0.000,0,1.000,0,0,0.2489,-0.0045,0.0572
139,0,1,0,0.024,-0.047,0.000,0.000,0,0,-0.000,0.000,0.000,0,1.000,0,0,0.2489,-0.0045,0.0572
140,0,1,0,0.024,-0.047,0.000,0.000,0,0,-0.000,0.000,0.000,0,1.000,0,0,0.2489,-0.0045,0.0572
141,0,1,0,0.024,-0.047,0.000,0.000,0,0,-0.000,0.000,0.000,0,1.000,0,0,0.2489,-0.0045,0.0572
142,0,1,0,0.024,-0.047,0.000,0.000,0,0,-0.000,0.000,0.000,0,1.000,0,0,0.2489,-0.0045,0.0572
143,0,1,0,0.024,-0.047,0.000,0.000,0,0,-0.000,0.000,0.000,0,1.000,0,0,0.2489,-0.0045,0.0572
144,0,1,0,0.024,-0.047,0.000,0.000,0,0,-0.000,0.000,0.000,0,1.000,0,0,0.2489,-0.0045,0.0572
145,0,1,0,0.024,-0.047,0.000,0.000,0,0,-0.000,0.000,0.000,0,1.000,0,0,0.2489,-0.0045,0.0572
146,0,1,0,0.024,-0.047,0.000,0.000,0,0,-0.000,0.000,0.000,0,1.000,0,0,0.2489,-0.0045,0.0572
147,0,1,0,0.024,-0.047,0.000,0.000,0,0,-0.000,0.000,0.000,0,1.000,0,0,0.2489,-0.0045,0.0572
148,0,1,0,0.024,-0.047,0.000,0.000,0,0,-0.000,0.000,0.000,0,1.000,0,0,0.2489,-0.0045,0.0572
149,0,1,0,0.024,-0.047,0.000,0.000,0,0,-0.000,0.000,0.000,0,1.000,0,0,0.2489,-0.0045,0.0572
150,0,1,0,0.024,-0.047,0.000,0.000,0,0,-0.000,0.000,0.000,0,1.000,0,0,0.2489,-0.0045,0.0572
151,0,1,0,0.024,-0.047,0.000,0.000,0,0,-0.000,0.000,0.000,0,1.000,0,0,0.2489,-0.0045,0.0572
152,0,1,0,0.024,-0.047,0.000,0.000,0,0,-0.000,0.000,0.000,0,1.000,0,0,0.2489,-0.0045,0.0572
153,0,1,0,0.024,-0.047,0.000,0.000,0,0,-0.000,0.000,0.000,0,1.000,0,0,0.2489,-0.0045,0.0572
154,1,1,0,0.024,-0.047,0.000,0.000,0,0,-0.000,0.000,0.000,0,0.250,0,0,0.2493,-0.0046,0.0617
155,1,1,0,0.024,-0.047,0.000,0.000,0,0,-0.000,0.000,0.000,0,0.500,0,0,0.2490,-0.0043,0.0580
156,1,1,0,0.024,-0.047,0.000,0.000,0,0,-0.000,0.000,0.000,0,0.750,0,0,0.2490,-0.0045,0.0571
157,1,1,0,0.024,-0.047,0.000,0.000,0,0,-0.000,0.000,0.000,0,1.000,0,0,0.2490,-0.0045,0.0573
158,1,1,0,0.024,-0.047,0.000,0.000,0,0,-0.000,0.000,0.000,0,1.000,0,0,0.2489,-0.0045,0.0572
159,1,1,0,0.024,-0.047,0.000,0.000,0,0,-0.000,0.000,0.000,0,1.000,0,0,0.2489,-0.0045,0.0572
160,1,1,0,0.024,-0.047,0.000,0.000,0,0,-0.000,0.000,0.000,0,1.000,0,0,0.2489,-0.0045,0.0573
161,1,1,0,0.024,-0.047,0.000,0.000,0,0,-0.000,0.000,0.000,0,1.000,0,0,0.2489,-0.0045,0.0573
162,1,1,0,0.024,-0.047,0.000,0.000,0,0,-0.000,0.000,0.000,0,1.000,0,0,0.2489,-0.0045,0.0573
163,1,1,0,0.024,-0.047,0.000,0.000,0,0,-0.000,0.000,0.000,0,1.000,0,0,0.2489,-0.0045,0.0573
164,1,1,0,0.024,-0.047,0.000,0.000,0,0,-0.000,0.000,0.000,0,1.000,0,0,0.2489,-0.0045,0.0573
165,1,1,0,0.024,-0.047,0.000,0.000,0,0,-0.000,0.000,0.000,0,1.000,0,0,0.2489,-0.0045,0.0573
166,1,1,0,0.024,-0.047,0.000,0.000,0,0,-0.000,0.000,0.000,0,1.000,0,0,0.2489,-0.0045,0.0573
167,1,1,0,0.024,-0.047,0.000,0.000,0,0,-0.000,0.000,0.000,0,1.000,0,0,0.2489,-0.0045,0.0573
168,1,1,0,0.024,-0.047,0.000,0.000,0,0,-0.000,0.000,0.000,0,1.000,0,0,0.2489,-0.0045,0.0573
169,1,1,0,0.024,-0.047,0.000,0.000,0,0,-0.000,0.000,0.000,0,1.000,0,0,0.2489,-0.0045,0.0573
170,1,0,0,0.024,-0.047,0.000,0.000,0,0,0.000,0.000,0.000,0,1.000,0,0,0.2489,-0.0045,0.0573
171,1,0,0,0.024,-0.047,0.000,0.000,0,0,0.000,0.000,0.000,0,1.000,0,0,0.2489,-0.0045,0.0573
172,1,0,0,0.024,-0.047,0.000,0.000,0,0,0.000,0.000,0.000,0,1.000,0,0,0.2489,-0.0045,0.0573
173,1,0,0,0.024,-0.047,0.000,0.000,0,0,0.000,0.000,0.000,0,1.000,0,0,0.2489,-0.0045,0.0573
174,1,0,0,0.024,-0.047,0.000,0.000,0,0,0.000,0.000,0.000,0,1.000,0,0,0.2489,-0.0045,0.0573
175,1,0,0,0.024,-0.047,0.000,0.000,0,0,0.000,0.000,0.000,0,1.000,0,0,0.2489,-0.0045,0.0573
176,1,0,0,0.024,-0.047,0.000,0.000,0,0,0.000,0.000,0.000,0,1.000,0,0,0.2489,-0.0045,0.0573
177,1,0,0,0.024,-0.047,0.000,0.000,0,0,0.000,0.000,0.000,0,1.000,0,0,0.2489,-0.0045,0.0573
178,1,0,0,0.024,-0.047,0.000,0.000,0,0,0.000,0.000,0.000,0,1.000,0,0,0.2489,-0.0045,0.0573
179,1,0,0,0.024,-0.047,0.000,0.000,0,0,0.000,0.000,0.000,0,1.000,0,0,0.2489,-0.0045,0.0573
180,1,0,0,0.024,-0.047,0.000,0.000,0,0,0.000,0.000,0.000,0,1.000,0,0,0.2489,-0.0045,0.0573
181,1,0,0,0.024,-0.047,0.000,0.000,0,0,0.000,0.000,0.000,0,1.000,0,0,0.2489,-0.0045,0.0573
182,1,0,0,0.024,-0.047,0.000,0.000,0,0,0.000,0.000,0.000,0,1.000,0,0,0.2489,-0.0045,0.0573
183,1,0,0,0.024,-0.047,0.000,0.000,0,0,0.000,0.000,0.000,0,1.000,0,0,0.2489,-0.0045,0.0573
184,1,0,0,0.024,-0.047,0.000,0.000,0,0,0.000,0.000,0.000,0,1.000,0,0,0.2489,-0.0045,0.0573
185,1,0,0,0.024,-0.047,0.000,0.000,0,0,0.000,0.000,0.000,0,1.000,0,0,0.2489,-0.0045,0.0573
186,1,0,0,0.024,-0.047,0.000,0.000,0,0,0.000,0.000,0.000,0,1.000,0,0,0.2489,-0.0045,0.0573
187,1,0,0,0.024,-0.047,0.000,0.000,0,0,0.000,0.000,0.000,0,1.000,0,0,0.2489,-0.0045,0.0573
188,1,0,0,0.024,-0.047,0.000,0.000,0,0,0.000,0.000,0.000,0,1.000,0,0,0.2489,-0.0045,0.0573
189,1,0,0,0.024,-0.047,0.000,0.000,0,0,0.000,0.000,0.000,0,1.000,0,0,0.2489,-0.0045,0.0573
190,1,0,0,0.024,-0.047,0.000,0.000,0,0,0.000,0.000,0.000,0,1.000,0,0,0.2489,-0.0045,0.0573
191,1,0,0,0.024,-0.047,0.000,0.000,0,0,0.000,0.000,0.000,0,1.000,0,0,0.2489,-0.0045,0.0573
192,1,0,0,0.024,-0.047,0.000,0.000,0,0,0.000,0.000,0.000,0,1.000,0,0,0.2489,-0.0045,0.0573
193,1,0,0,0.024,-0.047,0.000,0.000,0,0,0.000,0.000,0.000,0,1.000,0,0,0.2489,-0.0045,0.0573
194,1,0,0,0.024,-0.047,0.000,0.000,0,0,0.000,0.000,0.000,0,1.000,0,0,0.2489,-0.0045,0.0573
195,1,0,0,0.024,-0.047,0.000,0.000,0,0,0.000,0.000,0.000,0,1.000,0,0,0.2489,-0.0045,0.0573
196,1,0,0,0.024,-0.047,0.000,0.000,0,0,0.000,0.000,0.000,0,1.000,0,0,0.2489,-0.0045,0.0573
197,1,0,0,0.024,-0.047,0.000,0.000,0,0,0.000,0.000,0.000,0,1.000,0,0,0.2489,-0.0045,0.0573
198,1,0,0,0.024,-0.047,0.000,0.000,0,0,0.000,0.000,0.000,0,1.000,0,0,0.2489,-0.0045,0.0573
199,1,0,0,0.024,-0.047,0.000,0.000,0,0,0.000,0.000,0.000,0,1.000,0,0,0.2489,-0.0045,0.0573
200,1,0,0,0.024,-0.047,0.000,0.000,0,0,0.000,0.000,0.000,0,1.000,0,0,0.2489,-0.0045,0.0573
201,1,0,0,0.024,-0.047,0.000,0.000,0,0,0.000,0.000,0.000,0,1.000,0,0,0.2489,-0.0045,0.0573
202,1,0,0,0.024,-0.047,0.000,0.000,0,0,0.000,0.000,0.000,0,1.000,0,0,0.2489,-0.0045,0.0573
203,1,0,0,0.024,-0.047,0.000,0.000,0,0,0.000,0.000,0.000,0,1.000,0,0,0.2489,-0.0045,0.0573
204,1,0,0,0.024,-0.047,0.000,0.000,0,0,0.000,0.000,0.000,0,1.000,0,0,0.2489,-0.0045,0.0573
205,1,0,0,0.024,-0.047,0.000,0.000,0,0,0.000,0.000,0.000,0,1.000,0,0,0.2489,-0.0045,0.0573
206,1,0,0,0.024,-0.047,0.000,0.000,0,0,0.000,0.000,0.000,0,1.000,0,0,0.2489,-0.0045,0.0573
207,1,0,0,0.024,-0.047,0.000,0.000,0,0,0.000,0.000,0.000,0,1.000,0,0,0.2489,-0.0045,0.0573
208,1,0,0,0.024,-0.047,0.000,0.000,0,0,0.000,0.000,0.000,0,1.000,0,0,0.2489,-0.0045,0.0573
209,1,0,0,0.024,-0.047,0.000,0.000,0,0,0.000,0.000,0.000,0,1.000,0,0,0.2489,-0.0045,0.0573
210,1,0,0,0.024,-0.047,0.000,0.000,0,0,0.000,0.000,0.000,0,1.000,0,0,0.2489,-0.0045,0.0573
211,1,0,0,0.024,-0.047,0.000,0.000,0,0,0.000,0.000,0.000,0,1.000,0,0,0.2489,-0.0045,0.0573
212,1,0,0,0.024,-0.047,0.000,0.000,0,0,0.000,0.000,0.000,0,1.000,0,0,0.2489,-0.0045,0.0573
213,1,0,0,0.024,-0.047,0.000,0.000,0,0,0.000,0.000,0.000,0,1.000,0,0,0.2489,-0.0045,0.0573
214,1,0,0,0.024,-0.047,0.000,0.000,0,0,0.000,0.000,0.000,0,1.000,0,0,0.2489,-0.0045,0.0573
215,1,0,0,0.024,-0.047,0.000,0.000,0,0,0.000,0.000,0.000,0,1.000,0,0,0.2489,-0.0045,0.0573
216,1,0,0,0.024,-0.047,0.000,0.000,0,0,0.000,0.000,0.000,0,1.000,0,0,0.2489,-0.0045,0.0573
217,1,0,0,0.024,-0.047,0.000,0.000,0,0,0.000,0.000,0.000,0,1.000,0,0,0.2489,-0.0045,0.0573
218,1,0,0,0.024,-0.047,0.000,0.000,0,0,0.000,0.000,0.000,0,1.000,0,0,0.2489,-0.0045,0.0573
219,1,0,0,0.024,-0.047,0.000,0.000,0,0,0.000,0.000,0.000,0,1.000,0,0,0.2489,-0.0045,0.0573
220,1,0,0,0.024,-0.047,0.000,0.000,0,0,0.000,0.000,0.000,0,1.000,0,0,0.2489,-0.0045,0.0573
221,1,0,0,0.024,-0.047,0.000,0.000,0,0,0.000,0.000,0.000,0,1.000,0,0,0.2489,-0.0045,0.0573
222,1,0,0,0.016,-0.047,0.000,0.000,0,0,0.000,0.000,0.000,0,1.000,0,0,0.2489,-0.0045,0.0573
223,1,0,0,0.016,-0.047,0.000,0.000,0,0,0.000,0.000,0.000,0,1.000,0,0,0.2489,-0.0045,0.0573
224,1,0,0,0.016,-0.047,0.000,0.000,0,0,0.000,0.000,0.000,0,1.000,0,0,0.2489,-0.0045,0.0573
225,1,0,0,0.016,-0.047,0.000,0.000,0,0,0.000,0.000,0.000,0,1.000,0,0,0.2489,-0.0045,0.0573
226,1,0,0,0.016,-0.047,0.000,0.000,0,0,0.000,0.000,0.000,0,1.000,0,0,0.2489,-0.0045,0.0573
227,1,0,0,0.016,-0.047,0.000,0.000,0,0,0.000,0.000,0.000,0,1.000,0,0,0.2489,-0.0045,0.0573
228,1,0,0,0.016,-0.047,0.000,0.000,0,0,0.000,0.000,0.000,0,1.000,0,0,0.2489,-0.0045,0.0573
229,1,0,0,0.016,-0.047,0.000,0.000,0,0,0.000,0.000,0.000,0,1.000,0,0,0.2489,-0.0045,0.0573
230,1,0,0,0.016,-0.047,0.000,0.000,0,0,0.000,0.000,0.000,0,1.000,0,0,0.2489,-0.0045,0.0573
231,1,0,0,0.016,-0.047,0.000,0.000,0,0,0.000,0.000,0.000,0,1.000,0,0,0.2489,-0.0045,0.0573
232,1,0,0,0.016,-0.047,0.000,0.000,0,0,0.000,0.000,0.000,0,1.000,0,0,0.2489,-0.0045,0.0573
233,1,0,0,0.016,-0.047,0.000,0.000,0,0,0.000,0.000,0.000,0,1.000,0,0,0.2489,-0.0045,0.0573
234,1,0,0,0.016,-0.047,0.000,0.000,0,0,0.000,0.000,0.000,0,1.000,0,0,0.2489,-0.0045,0.0573
235,1,0,0,0.016,-0.047,0.000,0.000,0,0,0.000,0.000,0.000,0,1.000,0,0,0.2489,-0.0045,0.0573
236,1,0,0,0.016,-0.047,0.000,0.000,0,0,0.000,0.000,0.000,0,1.000,0,0,0.2489,-0.0045,0.0573
237,1,0,0,0.016,-0.047,0.000,0.000,0,0,0.000,0.000,0.000,0,1.000,0,0,0.2489,-0.0045,0.0573
238,1,0,0,0.016,-0.047,0.000,0.000,0,0,0.000,0.000,0.000,0,1.000,0,0,0.2489,-0.0045,0.0573
239,1,0,0,0.016,-0.047,0.000,0.000,0,0,0.000,0.000,0.000,0,1.000,0,0,0.2489,-0.0045,0.0573
240,1,0,0,0.016,-0.047,0.000,0.000,0,0,0.000,0.000,0.000,0,1.000,0,0,0.2489,-0.0045,0.0573
241,1,0,0,0.016,-0.047,0.000,0.000,0,0,0.000,0.000,0.000,0,1.000,0,0,0.2489,-0.0045,0.0573
242,1,0,0,0.016,-0.047,0.000,0.000,0,0,0.000,0.000,0.000,0,1.000,0,0,0.2489,-0.0045,0.0573
243,1,0,0,0.016,-0.047,0.000,0.000,0,0,0.000,0.000,0.000,0,1.000,0,0,0.2489,-0.0045,0.0573
244,1,0,0,0.016,-0.047,0.000,0.000,0,0,0.000,0.000,0.000,0,1.000,0,0,0.2489,-0.0045,0.0573
245,1,0,0,0.016,-0.047,0.000,0.000,0,0,0.000,0.000,0.000,0,1.000,0,0,0.2489,-0.0045,0.0573
246,1,0,0,0.016,-0.047,0.000,0.000,0,0,0.000,0.000,0.000,0,1.000,0,0,0.2489,-0.0045,0.0573
247,1,0,0,0.008,-0.047,0.000,0.000,0,0,0.000,0.000,0.000,0,1.000,0,0,0.2489,-0.0045,0.0573
248,1,0,0,0.008,-0.047,0.000,0.000,0,0,0.000,0.000,0.000,0,1.000,0,0,0.2489,-0.0045,0.0573
249,1,0,0,0.008,-0.047,0.000,0.000,0,0,0.000,0.000,0.000,0,1.000,0,0,0.2489,-0.0045,0.0573
250,1,0,0,0.008,-0.047,0.000,0.000,0,0,0.000,0.000,0.000,0,1.000,0,0,0.2489,-0.0045,0.0573
251,1,0,0,0.008,-0.047,0.000,0.000,0,0,0.000,0.000,0.000,0,1.000,0,0,0.2489,-0.0045,0.0573
252,1,0,0,0.016,-0.047,0.000,0.000,0,0,0.000,0.000,0.000,0,1.000,0,0,0.2489,-0.0045,0.0573
253,1,0,0,0.016,-0.047,0.000,0.000,0,0,0.000,0.000,0.000,0,1.000,0,0,0.2489,-0.0045,0.0573
254,1,0,0,0.016,-0.047,0.000,0.000,0,0,0.000,0.000,0.000,0,1.000,0,0,0.2489,-0.0045,0.0573
255,1,0,0,0.016,-0.047,0.000,0.000,0,0,0.000,0.000,0.000,0,1.000,0,0,0.2489,-0.0045,0.0573
256,1,0,0,0.016,-0.047,0.000,0.000,0,0,0.000,0.000,0.000,0,1.000,0,0,0.2489,-0.0045,0.0573
257,1,0,0,0.016,-0.047,0.000,0.000,0,0,0.000,0.000,0.000,0,1.000,0,0,0.2489,-0.0045,0.0573
258,1,0,0,0.016,-0.047,0.000,0.000,0,0,0.000,0.000,0.000,0,1.000,0,0,0.2489,-0.0045,0.0573
259,1,0,0,0.008,-0.047,0.000,0.000,0,0,0.000,0.000,0.000,0,1.000,0,0,0.2489,-0.0045,0.0573
260,1,0,0,0.008,-0.047,0.000,0.000,0,0,0.000,0.000,0.000,0,1.000,0,0,0.2489,-0.0045,0.0573
261,1,0,0,0.016,-0.047,0.000,0.000,0,0,0.000,0.000,0.000,0,1.000,0,0,0.2489,-0.0045,0.0573
262,1,0,0,0.008,-0.047,0.000,0.000,0,0,0.000,0.000,0.000,0,1.000,0,0,0.2489,-0.0045,0.0573
263,1,0,0,0.016,-0.047,0.000,0.000,0,0,0.000,0.000,0.000,0,1.000,0,0,0.2489,-0.0045,0.0573
264,1,0,0,0.016,-0.047,0.000,0.000,0,0,0.000,0.000,0.000,0,1.000,0,0,0.2489,-0.0045,0.0573
265,1,0,0,0.008,-0.047,0.000,0.000,0,0,0.000,0.000,0.000,0,1.000,0,0,0.2489,-0.0045,0.0573
266,1,0,0,0.016,-0.047,0.000,0.000,0,0,0.000,0.000,0.000,0,1.000,0,0,0.2489,-0.0045,0.0573
267,1,0,0,0.016,-0.047,0.000,0.000,0,0,0.000,0.000,0.000,0,1.000,0,0,0.2489,-0.0045,0.0573
268,1,0,0,0.016,-0.047,0.000,0.000,0,0,0.000,0.000,0.000,0,1.000,0,0,0.2489,-0.0045,0.0573
269,1,0,0,0.016,-0.047,0.000,0.000,0,0,0.000,0.000,0.000,0,1.000,0,0,0.2489,-0.0045,0.0573
270,1,0,0,0.008,-0.047,0.000,0.000,0,0,0.000,0.000,0.000,0,1.000,0,0,0.2489,-0.0045,0.0573
271,1,0,0,0.016,-0.047,0.000,0.000,0,0,0.000,0.000,0.000,0,1.000,0,0,0.2489,-0.0045,0.0573
272,1,0,0,0.016,-0.047,0.000,0.000,0,0,0.000,0.000,0.000,0,1.000,0,0,0.2489,-0.0045,0.0573
273,1,0,0,0.016,-0.047,0.000,0.000,0,0,0.000,0.000,0.000,0,1.000,0,0,0.2489,-0.0045,0.0573
274,1,0,0,0.016,-0.047,0.000,0.000,0,0,0.000,0.000,0.000,0,1.000,0,0,0.2489,-0.0045,0.0573
275,1,0,0,0.016,-0.047,0.000,0.000,0,0,0.000,0.000,0.000,0,1.000,0,0,0.2489,-0.0045,0.0573
276,1,0,0,0.016,-0.047,0.000,0.000,0,0,0.000,0.000,0.000,0,1.000,0,0,0.2489,-0.0045,0.0573
277,1,0,0,0.016,-0.047,0.000,0.000,0,0,0.000,0.000,0.000,0,1.000,0,0,0.2489,-0.0045,0.0573
278,1,0,0,0.008,-0.047,0.000,0.000,0,0,0.000,0.000,0.000,0,1.000,0,0,0.2489,-0.0045,0.0573
279,1,0,0,0.016,-0.047,0.000,0.000,0,0,0.000,0.000,0.000,0,1.000,0,0,0.2489,-0.0045,0.0573
280,1,0,0,0.008,-0.047,0.000,0.000,0,0,0.000,0.000,0.000,0,1.000,0,0,0.2489,-0.0045,0.0573
281,1,0,0,0.016,-0.047,0.000,0.000,0,0,0.000,0.000,0.000,0,1.000,0,0,0.2489,-0.0045,0.0573
282,1,0,0,0.016,-0.047,0.000,0.000,0,0,0.000,0.000,0.000,0,1.000,0,0,0.2489,-0.0045,0.0573
283,1,0,0,0.016,-0.047,0.000,0.000,0,0,0.000,0.000,0.000,0,1.000,0,0,0.2489,-0.0045,0.0573
284,1,0,0,0.016,-0.047,0.000,0.000,0,0,0.000,0.000,0.000,0,1.000,0,0,0.2489,-0.0045,0.0573
285,1,0,0,0.016,-0.047,0.000,0.000,0,0,0.000,0.000,0.000,0,1.000,0,0,0.2489,-0.0045,0.0573
286,1,0,0,0.016,-0.047,0.000,0.000,0,0,0.000,0.000,0.000,0,1.000,0,0,0.2489,-0.0045,0.0573
287,1,0,0,0.016,-0.047,0.000,0.000,0,0,0.000,0.000,0.000,0,1.000,0,0,0.2489,-0.0045,0.0573
288,1,0,0,0.016,-0.047,0.000,0.000,0,0,0.000,0.000,0.000,0,1.000,0,0,0.2489,-0.0045,0.0573
289,1,0,0,0.016,-0.047,0.000,0.000,0,0,0.000,0.000,0.000,0,1.000,0,0,0.2489,-0.0045,0.0573
290,1,0,0,0.016,-0.047,0.000,0.000,0,0,0.000,0.000,0.000,0,1.000,0,0,0.2489,-0.0045,0.0573
291,1,0,0,0.016,-0.047,0.000,0.000,0,0,0.000,0.000,0.000,0,1.000,0,0,0.2489,-0.0045,0.0573
292,1,0,0,0.016,-0.047,0.000,0.000,0,0,0.000,0.000,0.000,0,1.000,0,0,0.2489,-0.0045,0.0573
293,1,0,0,0.016,-0.047,0.000,0.000,0,0,0.000,0.000,0.000,0,1.000,0,0,0.2489,-0.0045,0.0573
294,1,0,0,0.008,-0.047,0.000,0.000,0,0,0.000,0.000,0.000,0,1.000,0,0,0.2489,-0.0045,0.0573
295,1,0,0,0.016,-0.047,0.000,0.000,0,0,0.000,0.000,0.000,0,1.000,0,0,0.2489,-0.0045,0.0573
296,1,0,0,0.016,-0.047,0.000,0.000,0,0,0.000,0.000,0.000,0,1.000,0,0,0.2489,-0.0045,0.0573
297,1,0,0,0.016,-0.047,0.000,0.000,0,0,0.000,0.000,0.000,0,1.000,0,0,0.2489,-0.0045,0.0573
298,1,0,0,0.016,-0.047,0.000,0.000,0,0,0.000,0.000,0.000,0,1.000,0,0,0.2489,-0.0045,0.0573
299,1,0,0,0.016,-0.047,0.000,0.000,0,0,0.000,0.000,0.000,0,1.000,0,0,0.2489,-0.0045,0.0573
300,1,0,0,0.016,-0.047,0.000,0.000,0,0,0.000,0.000,0.000,0,1.000,0,0,0.2489,-0.0045,0.0573
301,1,0,0,0.016,-0.047,0.000,0.000,0,0,0.000,0.000,0.000,0,1.000,0,0,0.2489,-0.0045,0.0573
302,1,0,0,0.016,-0.047,0.000,0.000,0,0,0.000,0.000,0.000,0,1.000,0,0,0.2489,-0.0045,0.0573
303,1,0,0,0.008,-0.047,0.000,0.000,0,0,0.000,0.000,0.000,0,1.000,0,0,0.2489,-0.0045,0.0573
304,1,0,0,0.008,-0.047,0.000,0.000,0,0,0.000,0.000,0.000,0,1.000,0,0,0.2489,-0.0045,0.0573
305,1,0,0,0.008,-0.047,0.000,0.000,0,0,0.000,0.000,0.000,0,1.000,0,0,0.2489,-0.0045,0.0573
306,1,0,0,0.016,-0.047,0.000,0.000,0,0,0.000,0.000,0.000,0,1.000,0,0,0.2489,-0.0045,0.0573
307,1,0,0,0.016,-0.047,0.000,0.000,0,0,0.000,0.000,0.000,0,1.000,0,0,0.2489,-0.0045,0.0573
308,1,0,0,0.016,-0.047,0.000,0.000,0,0,0.000,0.000,0.000,0,1.000,0,0,0.2489,-0.0045,0.0573
309,2,0,0,0.016,-0.047,0.000,0.000,0,0,0.000,0.000,0.000,0,0.250,0,0,0.2493,-0.0047,0.0615
310,2,0,0,0.016,-0.047,0.000,0.000,0,0,0.000,0.000,0.000,0,0.500,0,0,0.2491,-0.0043,0.0581
311,2,0,0,0.016,-0.047,0.000,0.000,0,0,0.000,0.000,0.000,0,0.750,0,0,0.2491,-0.0045,0.0572
312,2,0,0,0.008,-0.047,0.000,0.000,0,0,0.000,0.000,0.000,0,1.000,0,0,0.2490,-0.0045,0.0573
313,2,0,0,0.016,-0.047,0.000,0.000,0,0,0.000,0.000,0.000,0,1.000,0,0,0.2489,-0.0045,0.0572
314,2,0,0,0.016,-0.047,0.000,0.000,0,0,0.000,0.000,0.000,0,1.000,0,0,0.2489,-0.0045,0.0573
315,2,0,0,0.008,-0.047,0.000,0.000,0,0,0.000,0.000,0.000,0,1.000,0,0,0.2489,-0.0045,0.0573
316,2,0,0,0.008,-0.047,0.000,0.000,0,0,0.000,0.000,0.000,0,1.000,0,0,0.2489,-0.0045,0.0573
317,2,0,0,0.016,-0.047,0.000,0.000,0,0,0.000,0.000,0.000,0,1.000,0,0,0.2489,-0.0045,0.0573
318,2,0,0,0.008,-0.047,0.000,0.000,0,0,0.000,0.000,0.000,0,1.000,0,0,0.2489,-0.0045,0.0573
319,2,0,0,0.016,-0.047,0.000,0.000,0,0,0.000,0.000,0.000,0,1.000,0,0,0.2489,-0.0045,0.0573
320,2,0,0,0.016,-0.047,0.000,0.000,0,0,0.000,0.000,0.000,0,1.000,0,0,0.2489,-0.0045,0.0573
321,2,0,0,0.016,-0.047,0.000,0.000,0,0,0.000,0.000,0.000,0,1.000,0,0,0.2489,-0.0045,0.0573
322,2,0,0,0.016,-0.047,0.000,0.000,0,0,0.000,0.000,0.000,0,1.000,0,0,0.2489,-0.0045,0.0573
323,2,0,0,0.016,-0.047,0.000,0.000,0,0,0.000,0.000,0.000,0,1.000,0,0,0.2489,-0.0045,0.0573
324,2,0,0,0.016,-0.047,0.000,0.000,0,0,0.000,0.000,0.000,0,1.000,0,0,0.2489,-0.0045,0.0573
325,2,0,0,0.016,-0.047,0.000,0.000,0,0,0.000,0.000,0.000,0,1.000,0,0,0.2489,-0.0045,0.0573
326,2,0,0,0.016,-0.047,0.000,0.000,0,0,0.000,0.000,0.000,0,1.000,0,0,0.2489,-0.0045,0.0573
327,2,0,0,0.016,-0.047,0.000,0.000,0,0,0.000,0.000,0.000,0,1.000,0,0,0.2489,-0.0045,0.0573
328,2,0,0,0.016,-0.047,0.000,0.000,0,0,0.000,0.000,0.000,0,1.000,0,0,0.2489,-0.0045,0.0573
329,2,0,0,0.016,-0.047,0.000,0.000,0,0,0.000,0.000,0.000,0,1.000,0,0,0.2489,-0.0045,0.0573
330,2,0,0,0.016,-0.047,0.000,0.000,0,0,0.000,0.000,0.000,0,1.000,0,0,0.2489,-0.0045,0.0573
331,2,0,0,0.016,-0.047,0.000,0.000,0,0,0.000,0.000,0.000,0,1.000,0,0,0.2489,-0.0045,0.0573
332,2,0,0,0.016,-0.047,0.000,0.000,0,0,0.000,0.000,0.000,0,1.000,0,0,0.2489,-0.0045,0.0573
333,2,0,0,0.016,-0.047,0.000,0.000,0,0,0.000,0.000,0.000,0,1.000,0,0,0.2489,-0.0045,0.0573
334,2,0,0,0.008,-0.047,0.000,0.000,0,0,0.000,0.000,0.000,0,1.000,0,0,0.2489,-0.0045,0.0573
335,2,0,0,0.016,-0.047,0.000,0.000,0,0,0.000,0.000,0.000,0,1.000,0,0,0.2489,-0.0045,0.0573
336,2,0,0,0.016,-0.047,0.000,0.000,0,0,0.000,0.000,0.000,0,1.000,0,0,0.2489,-0.0045,0.0573
337,2,0,0,0.016,-0.047,0.000,0.000,0,0,0.000,0.000,0.000,0,1.000,0,0,0.2489,-0.0045,0.0573
338,2,0,0,0.016,-0.047,0.000,0.000,0,0,0.000,0.000,0.000,0,1.000,0,0,0.2489,-0.0045,0.0573
339,2,0,0,0.016,-0.047,0.000,0.000,0,0,0.000,0.000,0.000,0,1.000,0,0,0.2489,-0.0045,0.0573
340,2,0,0,0.016,-0.047,0.000,0.000,0,0,0.000,0.000,0.000,0,1.000,0,0,0.2489,-0.0045,0.0573
341,2,0,0,0.016,-0.047,0.000,0.000,0,0,0.000,0.000,0.000,0,1.000,0,0,0.2489,-0.0045,0.0573
342,2,0,0,0.016,-0.047,0.000,0.000,0,0,0.000,0.000,0.000,0,1.000,0,0,0.2489,-0.0045,0.0573
343,2,0,0,0.016,-0.047,0.000,0.000,0,0,0.000,0.000,0.000,0,1.000,0,0,0.2489,-0.0045,0.0573
344,2,0,0,0.016,-0.047,0.000,0.000,0,0,0.000,0.000,0.000,0,1.000,0,0,0.2489,-0.0045,0.0573
345,2,0,0,0.016,-0.047,0.000,0.000,0,0,0.000,0.000,0.000,0,1.000,0,0,0.2489,-0.0045,0.0573
346,2,0,0,0.016,-0.047,0.000,0.000,0,0,0.000,0.000,0.000,0,1.000,0,0,0.2489,-0.0045,0.0573
347,2,0,0,0.016,-0.047,0.000,0.000,0,0,0.000,0.000,0.000,0,1.000,0,0,0.2489,-0.0045,0.0573
348,2,0,0,0.016,-0.047,0.000,0.000,0,0,0.000,0.000,0.000,0,1.000,0,0,0.2489,-0.0045,0.0573
349,2,0,0,0.016,-0.047,0.000,0.000,0,0,0.000,0.000,0.000,0,1.000,0,0,0.2489,-0.0045,0.0573
350,2,0,0,0.016,-0.047,0.000,0.000,0,0,0.000,0.000,0.000,0,1.000,0,0,0.2489,-0.0045,0.0573
351,2,0,0,0.016,-0.047,0.000,0.000,0,0,0.000,0.000,0.000,0,1.000,0,0,0.2489,-0.0045,0.0573
352,2,0,0,0.016,-0.047,0.000,0.000,0,0,0.000,0.000,0.000,0,1.000,0,0,0.2489,-0.0045,0.0573
353,2,0,0,0.016,-0.047,0.000,0.000,0,0,0.000,0.000,0.000,0,1.000,0,0,0.2489,-0.0045,0.0573
354,2,0,0,0.016,-0.047,0.000,0.000,0,0,0.000,0.000,0.000,0,1.000,0,0,0.2489,-0.0045,0.0573
355,2,0,0,0.008,-0.047,0.000,0.000,0,0,0.000,0.000,0.000,0,1.000,0,0,0.2489,-0.0045,0.0573
356,2,0,0,0.016,-0.047,0.000,0.000,0,0,0.000,0.000,0.000,0,1.000,0,0,0.2489,-0.0045,0.0573
357,2,0,0,0.016,-0.047,0.000,0.000,0,0,0.000,0.000,0.000,0,1.000,0,0,0.2489,-0.0045,0.0573
358,2,0,0,0.016,-0.047,0.000,0.000,0,0,0.000,0.000,0.000,0,1.000,0,0,0.2489,-0.0045,0.0573
359,2,0,0,0.016,-0.047,0.000,0.000,0,0,0.000,0.000,0.000,0,1.000,0,0,0.2489,-0.0045,0.0573
360,2,0,0,0.016,-0.047,0.000,0.000,0,0,0.000,0.000,0.000,0,1.000,0,0,0.2489,-0.0045,0.0573
361,2,0,0,0.008,-0.047,0.000,0.000,0,0,0.000,0.000,0.000,0,1.000,0,0,0.2489,-0.0045,0.0573
362,2,0,0,0.016,-0.047,0.000,0.000,0,0,0.000,0.000,0.000,0,1.000,0,0,0.2489,-0.0045,0.0573
363,2,0,0,0.016,-0.047,0.000,0.000,0,0,0.000,0.000,0.000,0,1.000,0,0,0.2489,-0.0045,0.0573
364,2,0,0,0.016,-0.047,0.000,0.000,0,0,0.000,0.000,0.000,0,1.000,0,0,0.2489,-0.0045,0.0573
365,2,0,0,0.016,-0.047,0.000,0.000,0,0,0.000,0.000,0.000,0,1.000,0,0,0.2489,-0.0045,0.0573
366,2,0,0,0.016,-0.047,0.000,0.000,0,0,0.000,0.000,0.000,0,1.000,0,0,0.2489,-0.0045,0.0573
367,2,0,0,0.016,-0.047,0.000,0.000,0,0,0.000,0.000,0.000,0,1.000,0,0,0.2489,-0.0045,0.0573
368,2,0,0,0.016,-0.047,0.000,0.000,0,0,0.000,0.000,0.000,0,1.000,0,0,0.2489,-0.0045,0.0573
369,2,0,0,0.016,-0.047,0.000,0.000,0,0,0.000,0.000,0.000,0,1.000,0,0,0.2489,-0.0045,0.0573
370,2,0,0,0.016,-0.047,0.000,0.000,0,0,0.000,0.000,0.000,0,1.000,0,0,0.2489,-0.0045,0.0573
371,2,0,0,0.016,-0.047,0.000,0.000,0,0,0.000,0.000,0.000,0,1.000,0,0,0.2489,-0.0045,0.0573
372,2,0,0,0.016,-0.047,0.000,0.000,0,0,0.000,0.000,0.000,0,1.000,0,0,0.2489,-0.0045,0.0573
373,2,0,0,0.008,-0.047,0.000,0.000,0,0,0.000,0.000,0.000,0,1.000,0,0,0.2489,-0.0045,0.0573
374,2,0,0,0.016,-0.047,0.000,0.000,0,0,0.000,0.000,0.000,0,1.000,0,0,0.2489,-0.0045,0.0573
375,2,0,0,0.008,-0.047,0.000,0.000,0,0,0.000,0.000,0.000,0,1.000,0,0,0.2489,-0.0045,0.0573
376,2,0,0,0.016,-0.047,0.000,0.000,0,0,0.000,0.000,0.000,0,1.000,0,0,0.2489,-0.0045,0.0573
377,2,0,0,0.016,-0.047,0.000,0.000,0,0,0.000,0.000,0.000,0,1.000,0,0,0.2489,-0.0045,0.0573
378,2,0,0,0.016,-0.047,0.000,0.000,0,0,0.000,0.000,0.000,0,1.000,0,0,0.2489,-0.0045,0.0573
379,2,0,0,0.016,-0.047,0.000,0.000,0,0,0.000,0.000,0.000,0,1.000,0,0,0.2489,-0.0045,0.0573
380,2,0,0,0.016,-0.047,0.000,0.000,0,0,0.000,0.000,0.000,0,1.000,0,0,0.2489,-0.0045,0.0573
381,2,0,0,0.016,-0.047,0.000,0.000,0,0,0.000,0.000,0.000,0,1.000,0,0,0.2489,-0.0045,0.0573
382,2,0,0,0.016,-0.047,0.000,0.000,0,0,0.000,0.000,0.000,0,1.000,0,0,0.2489,-0.0045,0.0573
383,2,0,0,0.016,-0.047,0.000,0.000,0,0,0.000,0.000,0.000,0,1.000,0,0,0.2489,-0.0045,0.0573
384,2,0,0,0.016,-0.047,0.000,0.000,0,0,0.000,0.000,0.000,0,1.000,0,0,0.2489,-0.0045,0.0573
385,2,0,0,0.008,-0.047,0.000,0.000,0,0,0.000,0.000,0.000,0,1.000,0,0,0.2489,-0.0045,0.0573
386,2,0,0,0.016,-0.047,0.000,0.000,0,0,0.000,0.000,0.000,0,1.000,0,0,0.2489,-0.0045,0.0573
387,2,0,0,0.016,-0.047,0.000,0.000,0,0,0.000,0.000,0.000,0,1.000,0,0,0.2489,-0.0045,0.0573
388,2,0,0,0.016,-0.047,0.000,0.000,0,0,0.000,0.000,0.000,0,1.000,0,0,0.2489,-0.0045,0.0573
389,2,0,0,0.008,-0.047,0.000,0.000,0,0,0.000,0.000,0.000,0,1.000,0,0,0.2489,-0.0045,0.0573
390,2,0,0,0.016,-0.047,0.000,0.000,0,0,0.000,0.000,0.000,0,1.000,0,0,0.2489,-0.0045,0.0573
391,2,0,0,0.016,-0.047,0.000,0.000,0,0,0.000,0.000,0.000,0,1.000,0,0,0.2489,-0.0045,0.0573
392,2,0,0,0.016,-0.047,0.000,0.000,0,0,0.000,0.000,0.000,0,1.000,0,0,0.2489,-0.0045,0.0573
393,2,0,0,0.016,-0.047,0.000,0.000,0,0,0.000,0.000,0.000,0,1.000,0,0,0.2489,-0.0045,0.0573
394,2,0,0,0.016,-0.047,0.000,0.000,0,0,0.000,0.000,0.000,0,1.000,0,0,0.2489,-0.0045,0.0573
395,2,0,0,0.016,-0.047,0.000,0.000,0,0,0.000,0.000,0.000,0,1.000,0,0,0.2489,-0.0045,0.0573
396,2,0,0,0.016,-0.047,0.000,0.000,0,0,0.000,0.000,0.000,0,1.000,0,0,0.2489,-0.0045,0.0573
397,2,0,0,0.016,-0.047,0.000,0.000,0,0,0.000,0.000,0.000,0,1.000,0,0,0.2489,-0.0045,0.0573
398,2,0,0,0.016,-0.047,0.000,0.000,0,0,0.000,0.000,0.000,0,1.000,0,0,0.2489,-0.0045,0.0573
399,2,0,0,0.016,-0.047,0.000,0.000,0,0,0.000,0.000,0.000,0,1.000,0,0,0.2489,-0.0045,0.0573
400,2,0,0,0.016,-0.047,0.000,0.000,0,0,0.000,0.000,0.000,0,1.000,0,0,0.2489,-0.0045,0.0573
401,2,0,0,0.016,-0.047,0.000,0.000,0,0,0.000,0.000,0.000,0,1.000,0,0,0.2489,-0.0045,0.0573
402,2,0,0,0.016,-0.047,0.000,0.000,0,0,0.000,0.000,0.000,0,1.000,0,0,0.2489,-0.0045,0.0573
403,2,0,0,0.016,-0.047,0.000,0.000,0,0,0.000,0.000,0.000,0,1.000,0,0,0.2489,-0.0045,0.0573
404,2,0,0,0.016,-0.047,0.000,0.000,0,0,0.000,0.000,0.000,0,1.000,0,0,0.2489,-0.0045,0.0573
405,2,0,0,0.016,-0.047,0.000,0.000,0,0,0.000,0.000,0.000,0,1.000,0,0,0.2489,-0.0045,0.0573
406,2,1,0,0.016,-0.047,0.000,0.000,0,0,-0.000,0.000,0.000,0,1.000,0,0,0.2489,-0.0045,0.0573
407,2,1,0,0.016,-0.047,0.000,0.000,0,0,-0.000,0.000,0.000,0,1.000,0,0,0.2489,-0.0045,0.0573
408,2,1,0,0.016,-0.047,0.000,0.000,0,0,-0.000,0.000,0.000,0,1.000,0,0,0.2489,-0.0045,0.0573
409,2,1,0,0.016,-0.047,0.000,0.000,0,0,-0.000,0.000,0.000,0,1.000,0,0,0.2489,-0.0045,0.0573
410,2,1,0,0.016,-0.047,0.000,0.000,0,0,-0.000,0.000,0.000,0,1.000,0,0,0.2489,-0.0045,0.0573
411,2,1,0,0.016,-0.047,0.000,0.000,0,0,-0.000,0.000,0.000,0,1.000,0,0,0.2489,-0.0045,0.0573
412,2,1,0,0.016,-0.047,0.000,0.000,0,0,-0.000,0.000,0.000,0,1.000,0,0,0.2489,-0.0045,0.0573
413,2,1,0,0.016,-0.047,0.000,0.000,0,0,-0.000,0.000,0.000,0,1.000,0,0,0.2489,-0.0045,0.0573
414,2,1,0,0.016,-0.047,0.000,0.000,0,0,-0.000,0.000,0.000,0,1.000,0,0,0.2489,-0.0045,0.0573
415,2,1,0,0.016,-0.047,0.000,0.000,0,0,-0.000,0.000,0.000,0,1.000,0,0,0.2489,-0.0045,0.0573
416,2,1,0,0.016,-0.047,0.000,0.000,0,0,-0.000,0.000,0.000,0,1.000,0,0,0.2489,-0.0045,0.0573
417,2,1,0,0.016,-0.047,0.000,0.000,0,0,-0.000,0.000,0.000,0,1.000,0,0,0.2489,-0.0045,0.0573
418,2,1,0,0.016,-0.047,0.000,0.000,0,0,-0.000,0.000,0.000,0,1.000,0,0,0.2489,-0.0045,0.0573
419,2,1,0,0.008,-0.047,0.000,0.000,0,0,-0.000,0.000,0.000,0,1.000,0,0,0.2489,-0.0045,0.0573
420,2,1,0,0.008,-0.047,0.000,0.000,0,0,-0.000,0.000,0.000,0,1.000,0,0,0.2489,-0.0045,0.0573
421,2,1,0,0.016,-0.047,0.000,0.000,0,0,-0.000,0.000,0.000,0,1.000,0,0,0.2489,-0.0045,0.0573
422,2,1,0,0.008,-0.047,0.000,0.000,0,0,-0.000,0.000,0.000,0,1.000,0,0,0.2489,-0.0045,0.0573
423,2,1,0,0.008,-0.047,0.000,0.000,0,0,-0.000,0.000,0.000,0,1.000,0,0,0.2489,-0.0045,0.0573
424,2,1,0,0.008,-0.047,0.000,0.000,0,0,-0.000,0.000,0.000,0,1.000,0,0,0.2489,-0.0045,0.0573
425,2,1,0,0.008,-0.047,0.000,0.000,0,0,-0.000,0.000,0.000,0,1.000,0,0,0.2489,-0.0045,0.0573
426,2,1,0,0.008,-0.047,0.000,0.000,0,0,-0.000,0.000,0.000,0,1.000,0,0,0.2489,-0.0045,0.0573
427,2,1,0,0.008,-0.047,0.000,0.000,0,0,-0.000,0.000,0.000,0,1.000,0,0,0.2489,-0.0045,0.0573
428,2,1,0,0.008,-0.047,0.000,0.000,0,0,-0.000,0.000,0.000,0,1.000,0,0,0.2489,-0.0045,0.0573
429,2,1,0,0.008,-0.047,0.000,0.000,0,0,-0.000,0.000,0.000,0,1.000,0,0,0.2489,-0.0045,0.0573
430,2,1,0,0.008,-0.047,0.000,0.000,0,0,-0.000,0.000,0.000,0,1.000,0,0,0.2489,-0.0045,0.0573
431,2,1,0,0.016,-0.047,0.000,0.000,0,0,-0.000,0.000,0.000,0,1.000,0,0,0.2489,-0.0045,0.0573
432,2,1,0,0.008,-0.047,0.000,0.000,0,0,-0.000,0.000,0.000,0,1.000,0,0,0.2489,-0.0045,0.0573
433,2,1,0,0.016,-0.047,0.000,0.000,0,0,-0.000,0.000,0.000,0,1.000,0,0,0.2489,-0.0045,0.0573
434,2,1,0,0.008,-0.047,0.000,0.000,0,0,-0.000,0.000,0.000,0,1.000,0,0,0.2489,-0.0045,0.0573
435,2,1,0,0.008,-0.047,0.000,0.000,0,0,-0.000,0.000,0.000,0,1.000,0,0,0.2489,-0.0045,0.0573
436,2,1,0,0.008,-0.047,0.000,0.000,0,0,-0.000,0.000,0.000,0,1.000,0,0,0.2489,-0.0045,0.0573
437,2,1,0,0.008,-0.047,0.000,0.000,0,0,-0.000,0.000,0.000,0,1.000,0,0,0.2489,-0.0045,0.0573
438,2,1,0,0.008,-0.047,0.000,0.000,0,0,-0.000,0.000,0.000,0,1.000,0,0,0.2489,-0.0045,0.0573
439,2,1,0,0.008,-0.047,0.000,0.000,0,0,-0.000,0.000,0.000,0,1.000,0,0,0.2489,-0.0045,0.0573
440,2,1,0,0.008,-0.047,0.000,0.000,0,0,-0.000,0.000,0.000,0,1.000,0,0,0.2489,-0.0045,0.0573
441,2,1,0,0.008,-0.047,0.000,0.000,0,0,-0.000,0.000,0.000,0,1.000,0,0,0.2489,-0.0045,0.0573
442,2,1,0,0.008,-0.047,0.000,0.000,0,0,-0.000,0.000,0.000,0,1.000,0,0,0.2489,-0.0045,0.0573
443,2,1,0,0.008,-0.047,0.000,0.000,0,0,-0.000,0.000,0.000,0,1.000,0,0,0.2489,-0.0045,0.0573
444,2,1,0,0.008,-0.047,0.000,0.000,0,0,-0.000,0.000,0.000,0,1.000,0,0,0.2489,-0.0045,0.0573
445,2,1,0,0.008,-0.047,0.000,0.000,0,0,-0.000,0.000,0.000,0,1.000,0,0,0.2489,-0.0045,0.0573
446,2,1,0,0.008,-0.047,0.000,0.000,0,0,-0.000,0.000,0.000,0,1.000,0,0,0.2489,-0.0045,0.0573
447,2,1,0,0.008,-0.047,0.000,0.000,0,0,-0.000,0.000,0.000,0,1.000,0,0,0.2489,-0.0045,0.0573
448,2,1,0,0.008,-0.047,0.000,0.000,0,0,-0.000,0.000,0.000,0,1.000,0,0,0.2489,-0.0045,0.0573
449,2,1,0,0.008,-0.047,0.000,0.000,0,0,-0.000,0.000,0.000,0,1.000,0,0,0.2489,-0.0045,0.0573
450,2,1,0,0.008,-0.047,0.000,0.000,0,0,-0.000,0.000,0.000,0,1.000,0,0,0.2489,-0.0045,0.0573
451,2,1,0,0.016,-0.047,0.000,0.000,0,0,-0.000,0.000,0.000,0,1.000,0,0,0.2489,-0.0045,0.0573
452,2,1,0,0.008,-0.047,0.000,0.000,0,0,-0.000,0.000,0.000,0,1.000,0,0,0.2489,-0.0045,0.0573
453,2,1,0,0.016,-0.047,0.000,0.000,0,0,-0.000,0.000,0.000,0,1.000,0,0,0.2489,-0.0045,0.0573
454,2,1,0,0.016,-0.047,0.000,0.000,0,0,-0.000,0.000,0.000,0,1.000,0,0,0.2489,-0.0045,0.0573
455,2,1,0,0.008,-0.047,0.000,0.000,0,0,-0.000,0.000,0.000,0,1.000,0,0,0.2489,-0.0045,0.0573
456,2,1,0,0.008,-0.047,0.000,0.000,0,0,-0.000,0.000,0.000,0,1.000,0,0,0.2489,-0.0045,0.0573
457,2,1,0,0.008,-0.047,0.000,0.000,0,0,-0.000,0.000,0.000,0,1.000,0,0,0.2489,-0.0045,0.0573
458,2,1,0,0.016,-0.047,0.000,0.000,0,0,-0.000,0.000,0.000,0,1.000,0,0,0.2489,-0.0045,0.0573
459,2,1,0,0.008,-0.047,0.000,0.000,0,0,-0.000,0.000,0.000,0,1.000,0,0,0.2489,-0.0045,0.0573
460,2,1,0,0.016,-0.047,0.000,0.000,0,0,-0.000,0.000,0.000,0,1.000,0,0,0.2489,-0.0045,0.0573
461,2,1,0,0.016,-0.047,0.000,0.000,0,0,-0.000,0.000,0.000,0,1.000,0,0,0.2489,-0.0045,0.0573
462,2,1,0,0.008,-0.047,0.000,0.000,0,0,-0.000,0.000,0.000,0,1.000,0,0,0.2489,-0.0045,0.0573
463,2,1,0,0.016,-0.047,0.000,0.000,0,0,-0.000,0.000,0.000,0,1.000,0,0,0.2489,-0.0045,0.0573
464,3,1,0,0.016,-0.047,0.000,0.000,0,0,-0.000,0.000,0.000,0,0.250,0,0,0.2493,-0.0046,0.0617
465,3,1,0,0.016,-0.047,0.000,0.000,0,0,-0.000,0.000,0.000,0,0.500,0,0,0.2490,-0.0042,0.0581
466,3,1,0,0.008,-0.047,0.000,0.000,0,0,-0.000,0.000,0.000,0,0.750,0,0,0.2491,-0.0045,0.0573
467,3,1,0,0.016,-0.047,0.000,0.000,0,0,-0.000,0.000,0.000,0,1.000,0,0,0.2490,-0.0046,0.0574
468,3,1,0,0.008,-0.047,0.000,0.000,0,0,-0.000,0.000,0.000,0,1.000,0,0,0.2489,-0.0045,0.0573
469,3,1,0,0.008,-0.047,0.000,0.000,0,0,-0.000,0.000,0.000,0,1.000,0,0,0.2490,-0.0045,0.0573
470,3,1,0,0.008,-0.047,0.000,0.000,0,0,-0.000,0.000,0.000,0,1.000,0,0,0.2490,-0.0045,0.0573
471,3,1,0,0.016,-0.047,0.000,0.000,0,0,-0.000,0.000,0.000,0,1.000,0,0,0.2490,-0.0045,0.0573
472,3,1,0,0.008,-0.047,0.000,0.000,0,0,-0.000,0.000,0.000,0,1.000,0,0,0.2490,-0.0045,0.0573
473,3,1,0,0.016,-0.047,0.000,0.000,0,0,-0.000,0.000,0.000,0,1.000,0,0,0.2490,-0.0045,0.0573
474,3,1,0,0.016,-0.047,0.000,0.000,0,0,-0.000,0.000,0.000,0,1.000,0,0,0.2490,-0.0045,0.0573
475,3,1,0,0.008,-0.047,0.000,0.000,0,0,-0.000,0.000,0.000,0,1.000,0,0,0.2490,-0.0045,0.0573
476,3,1,0,0.008,-0.047,0.000,0.000,0,0,-0.000,0.000,0.000,0,1.000,0,0,0.2490,-0.0045,0.0573
477,3,1,0,0.008,-0.047,0.000,0.000,0,0,-0.000,0.000,0.000,0,1.000,0,0,0.2490,-0.0045,0.0573
478,3,1,0,0.016,-0.047,0.000,0.000,0,0,-0.000,0.000,0.000,0,1.000,0,0,0.2490,-0.0045,0.0573
479,3,1,0,0.008,-0.047,0.000,0.000,0,0,-0.000,0.000,0.000,0,1.000,0,0,0.2490,-0.0045,0.0573
480,3,1,0,0.016,-0.047,0.000,0.000,0,0,-0.000,0.000,0.000,0,1.000,0,0,0.2490,-0.0045,0.0573
481,3,1,0,0.008,-0.047,0.000,0.000,0,0,-0.000,0.000,0.000,0,1.000,0,0,0.2490,-0.0045,0.0573
482,3,1,0,0.008,-0.047,0.000,0.000,0,0,-0.000,0.000,0.000,0,1.000,0,0,0.2490,-0.0045,0.0573
483,3,1,0,0.016,-0.047,0.000,0.000,0,0,-0.000,0.000,0.000,0,1.000,0,0,0.2490,-0.0045,0.0573
484,3,1,0,0.008,-0.047,0.000,0.000,0,0,-0.000,0.000,0.000,0,1.000,0,0,0.2490,-0.0045,0.0573
485,3,1,0,0.008,-0.047,0.000,0.000,0,0,-0.000,0.000,0.000,0,1.000,0,0,0.2490,-0.0045,0.0573
486,3,1,0,0.008,-0.047,0.000,0.000,0,0,-0.000,0.000,0.000,0,1.000,0,0,0.2490,-0.0045,0.0573
487,3,1,0,0.016,-0.047,0.000,0.000,0,0,-0.000,0.000,0.000,0,1.000,0,0,0.2490,-0.0045,0.0573
488,3,1,0,0.016,-0.047,0.000,0.000,0,0,-0.000,0.000,0.000,0,1.000,0,0,0.2490,-0.0045,0.0573
489,3,1,0,0.008,-0.047,0.000,0.000,0,0,-0.000,0.000,0.000,0,1.000,0,0,0.2490,-0.0045,0.0573
490,3,1,0,0.016,-0.047,0.000,0.000,0,0,-0.000,0.000,0.000,0,1.000,0,0,0.2490,-0.0045,0.0573
491,3,0,0,0.008,-0.047,0.000,0.000,0,0,0.000,0.000,0.000,0,1.000,0,0,0.2490,-0.0045,0.0573
492,3,0,0,0.016,-0.047,0.000,0.000,0,0,0.000,0.000,0.000,0,1.000,0,0,0.2490,-0.0045,0.0573
493,3,0,0,0.008,-0.047,0.000,0.000,0,0,0.000,0.000,0.000,0,1.000,0,0,0.2490,-0.0045,0.0573
494,3,0,0,0.016,-0.047,0.000,0.000,0,0,0.000,0.000,0.000,0,1.000,0,0,0.2490,-0.0045,0.0573
495,3,0,0,0.008,-0.047,0.000,0.000,0,0,0.000,0.000,0.000,0,1.000,0,0,0.2490,-0.0045,0.0573
496,3,0,0,0.016,-0.047,0.000,0.000,0,0,0.000,0.000,0.000,0,1.000,0,0,0.2490,-0.0045,0.0573
497,3,0,0,0.016,-0.047,0.000,0.000,0,0,0.000,0.000,0.000,0,1.000,0,0,0.2490,-0.0045,0.0573
498,3,0,0,0.016,-0.047,0.000,0.000,0,0,0.000,0.000,0.000,0,1.000,0,0,0.2490,-0.0045,0.0573
499,3,0,0,0.016,-0.047,0.000,0.000,0,0,0.000,0.000,0.000,0,1.000,0,0,0.2490,-0.0045,0.0573
500,3,0,0,0.008,-0.047,0.000,0.000,0,0,0.000,0.000,0.000,0,1.000,0,0,0.2490,-0.0045,0.0573
501,3,0,0,0.008,-0.047,0.000,0.000,0,0,0.000,0.000,0.000,0,1.000,0,0,0.2490,-0.0045,0.0573
502,3,0,0,0.008,-0.047,0.000,0.000,0,0,0.000,0.000,0.000,0,1.000,0,0,0.2490,-0.0045,0.0573
503,3,0,0,0.008,-0.047,0.000,0.000,0,0,0.000,0.000,0.000,0,1.000,0,0,0.2490,-0.0045,0.0573
504,3,0,0,0.008,-0.047,0.000,0.000,0,0,0.000,0.000,0.000,0,1.000,0,0,0.2490,-0.0045,0.0573
505,3,0,0,0.016,-0.047,0.000,0.000,0,0,0.000,0.000,0.000,0,1.000,0,0,0.2490,-0.0045,0.0573
506,3,0,0,0.016,-0.047,0.000,0.000,0,0,0.000,0.000,0.000,0,1.000,0,0,0.2490,-0.0045,0.0573
507,3,0,0,0.008,-0.047,0.000,0.000,0,0,0.000,0.000,0.000,0,1.000,0,0,0.2490,-0.0045,0.0573
508,3,0,0,0.016,-0.047,0.000,0.000,0,0,0.000,0.000,0.000,0,1.000,0,0,0.2490,-0.0045,0.0573
509,3,0,0,0.008,-0.047,0.000,0.000,0,0,0.000,0.000,0.000,0,1.000,0,0,0.2490,-0.0045,0.0573
510,3,0,0,0.008,-0.047,0.000,0.000,0,0,0.000,0.000,0.000,0,1.000,0,0,0.2490,-0.0045,0.0573
511,3,0,0,0.008,-0.047,0.000,0.000,0,0,0.000,0.000,0.000,0,1.000,0,0,0.2490,-0.0045,0.0573
512,3,0,0,0.008,-0.047,0.000,0.000,0,0,0.000,0.000,0.000,0,1.000,0,0,0.2490,-0.0045,0.0573
513,3,0,0,0.016,-0.047,0.000,0.000,0,0,0.000,0.000,0.000,0,1.000,0,0,0.2490,-0.0045,0.0573
514,3,0,0,0.008,-0.047,0.000,0.000,0,0,0.000,0.000,0.000,0,1.000,0,0,0.2490,-0.0045,0.0573
515,3,0,0,0.016,-0.047,0.000,0.000,0,0,0.000,0.000,0.000,0,1.000,0,0,0.2490,-0.0045,0.0573
516,3,0,0,0.008,-0.047,0.000,0.000,0,0,0.000,0.000,0.000,0,1.000,0,0,0.2490,-0.0045,0.0573
517,3,0,0,0.016,-0.047,0.000,0.000,0,0,0.000,0.000,0.000,0,1.000,0,0,0.2490,-0.0045,0.0573
518,3,0,0,0.008,-0.047,0.000,0.000,0,0,0.000,0.000,0.000,0,1.000,0,0,0.2490,-0.0045,0.0573
519,3,0,0,0.016,-0.047,0.000,0.000,0,0,0.000,0.000,0.000,0,1.000,0,0,0.2490,-0.0045,0.0573
520,3,0,0,0.008,-0.047,0.000,0.000,0,0,0.000,0.000,0.000,0,1.000,0,0,0.2490,-0.0045,0.0573
521,3,0,0,0.016,-0.047,0.000,0.000,0,0,0.000,0.000,0.000,0,1.000,0,0,0.2490,-0.0045,0.0573
522,3,0,0,0.016,-0.047,0.000,0.000,0,0,0.000,0.000,0.000,0,1.000,0,0,0.2490,-0.0045,0.0573
523,3,0,0,0.008,-0.047,0.000,0.000,0,0,0.000,0.000,0.000,0,1.000,0,0,0.2490,-0.0045,0.0573
524,3,0,0,0.016,-0.047,0.000,0.000,0,0,0.000,0.000,0.000,0,1.000,0,0,0.2490,-0.0045,0.0573
525,3,0,0,0.008,-0.047,0.000,0.000,0,0,0.000,0.000,0.000,0,1.000,0,0,0.2490,-0.0045,0.0573
526,3,0,0,0.016,-0.047,0.000,0.000,0,0,0.000,0.000,0.000,0,1.000,0,0,0.2490,-0.0045,0.0573
527,3,0,0,0.008,-0.047,0.000,0.000,0,0,0.000,0.000,0.000,0,1.000,0,0,0.2490,-0.0045,0.0573
528,3,0,0,0.016,-0.047,0.000,0.000,0,0,0.000,0.000,0.000,0,1.000,0,0,0.2490,-0.0045,0.0573
529,3,0,0,0.008,-0.047,0.000,0.000,0,0,0.000,0.000,0.000,0,1.000,0,0,0.2490,-0.0045,0.0573
530,3,0,0,0.008,-0.047,0.000,0.000,0,0,0.000,0.000,0.000,0,1.000,0,0,0.2490,-0.0045,0.0573
531,3,0,0,0.016,-0.047,0.000,0.000,0,0,0.000,0.000,0.000,0,1.000,0,0,0.2490,-0.0045,0.0573
532,3,0,0,0.008,-0.047,0.000,0.000,0,0,0.000,0.000,0.000,0,1.000,0,0,0.2490,-0.0045,0.0573
533,3,0,0,0.016,-0.047,0.000,0.000,0,0,0.000,0.000,0.000,0,1.000,0,0,0.2490,-0.0045,0.0573
534,3,0,0,0.008,-0.047,0.000,0.000,0,0,0.000,0.000,0.000,0,1.000,0,0,0.2490,-0.0045,0.0573
535,3,0,0,0.008,-0.047,0.000,0.000,0,0,0.000,0.000,0.000,0,1.000,0,0,0.2490,-0.0045,0.0573
536,3,0,0,0.008,-0.047,0.000,0.000,0,0,0.000,0.000,0.000,0,1.000,0,0,0.2490,-0.0045,0.0573
537,3,0,0,0.016,-0.047,0.000,0.000,0,0,0.000,0.000,0.000,0,1.000,0,0,0.2490,-0.0045,0.0573
538,3,0,0,0.016,-0.047,0.000,0.000,0,0,0.000,0.000,0.000,0,1.000,0,0,0.2490,-0.0045,0.0573
539,3,0,0,0.016,-0.047,0.000,0.000,0,0,0.000,0.000,0.000,0,1.000,0,0,0.2490,-0.0045,0.0573
540,3,0,0,0.016,-0.047,0.000,0.000,0,0,0.000,0.000,0.000,0,1.000,0,0,0.2490,-0.0045,0.0573
541,3,0,0,0.008,-0.047,0.000,0.000,0,0,0.000,0.000,0.000,0,1.000,0,0,0.2490,-0.0045,0.0573
542,3,0,0,0.016,-0.047,0.000,0.000,0,0,0.000,0.000,0.000,0,1.000,0,0,0.2490,-0.0045,0.0573
543,3,0,0,0.008,-0.047,0.000,0.000,0,0,0.000,0.000,0.000,0,1.000,0,0,0.2490,-0.0045,0.0573
544,3,0,0,0.008,-0.047,0.000,0.000,0,0,0.000,0.000,0.000,0,1.000,0,0,0.2490,-0.0045,0.0573
545,3,0,0,0.008,-0.047,0.000,0.000,0,0,0.000,0.000,0.000,0,1.000,0,0,0.2490,-0.0045,0.0573
546,3,0,0,0.016,-0.047,0.000,0.000,0,0,0.000,0.000,0.000,0,1.000,0,0,0.2490,-0.0045,0.0573
547,3,0,0,0.016,-0.047,0.000,0.000,0,0,0.000,0.000,0.000,0,1.000,0,0,0.2490,-0.0045,0.0573
548,3,0,0,0.016,-0.047,0.000,0.000,0,0,0.000,0.000,0.000,0,1.000,0,0,0.2490,-0.0045,0.0573
549,3,0,0,0.024,0.008,0.000,0.000,0,0,0.000,0.000,0.000,0,1.000,0,0,0.2490,-0.0045,0.0573
550,3,0,0,0.205,1.000,0.000,0.000,0,0,0.000,0.000,0.000,0,1.000,0,0,0.2490,-0.0045,0.0573
551,3,0,0,0.205,1.000,0.000,0.000,0,0,0.000,0.000,0.000,0,1.000,0,0,0.2490,-0.0045,0.0573
552,3,0,0,0.197,1.000,0.000,0.000,0,0,0.000,0.000,0.000,0,1.000,0,0,0.2490,-0.0045,0.0573
553,3,0,0,0.205,1.000,0.000,0.000,0,0,0.000,0.000,0.000,0,1.000,0,0,0.2490,-0.0045,0.0573
554,3,0,0,0.205,1.000,0.000,0.000,0,0,0.000,0.000,0.000,0,1.000,0,0,0.2490,-0.0045,0.0573
555,3,0,0,0.205,1.000,0.000,0.000,0,0,0.000,0.000,0.000,0,1.000,0,0,0.2490,-0.0045,0.0573
556,3,0,0,0.205,1.000,0.000,0.000,0,0,0.000,0.000,0.000,0,1.000,0,0,0.2490,-0.0045,0.0573
557,3,0,0,0.205,1.000,0.000,0.000,0,0,0.000,0.000,0.000,0,1.000,0,0,0.2490,-0.0045,0.0573
558,3,0,0,0.197,1.000,0.000,0.000,0,0,0.000,0.000,0.000,0,1.000,0,0,0.2490,-0.0045,0.0573
559,3,0,0,0.205,1.000,0.000,0.000,0,0,0.000,0.000,0.000,0,1.000,0,0,0.2490,-0.0045,0.0573
560,3,0,0,0.197,1.000,0.000,0.000,0,0,0.000,0.000,0.000,0,1.000,0,0,0.2490,-0.0045,0.0573
561,3,0,0,0.205,1.000,0.000,0.000,0,0,0.000,0.000,0.000,0,1.000,0,0,0.2490,-0.0045,0.0573
562,3,0,0,0.134,0.795,0.000,0.000,0,0,0.000,0.000,0.000,0,1.000,0,0,0.2490,-0.0045,0.0573
563,3,0,0,0.024,-0.024,0.000,0.000,0,0,0.000,0.000,0.000,0,1.000,0,0,0.2490,-0.0045,0.0573
564,3,0,0,0.055,-0.244,0.000,0.000,0,0,0.000,0.000,0.000,0,1.000,0,0,0.2490,-0.0045,0.0573
565,3,0,0,0.094,-1.000,0.000,0.000,0,0,0.000,0.000,0.000,0,1.000,0,0,0.2490,-0.0045,0.0573
566,3,0,0,0.094,-1.000,0.000,0.000,0,0,0.000,0.000,0.000,0,1.000,0,0,0.2490,-0.0045,0.0573
567,3,0,0,0.094,-1.000,0.000,0.000,0,0,0.000,0.000,0.000,0,1.000,0,0,0.2490,-0.0045,0.0573
568,3,0,0,0.094,-1.000,0.000,0.000,0,0,0.000,0.000,0.000,0,1.000,0,0,0.2490,-0.0045,0.0573
569,3,0,0,0.094,-1.000,0.000,0.000,0,0,0.000,0.000,0.000,0,1.000,0,0,0.2490,-0.0045,0.0573
570,3,0,0,0.094,-1.000,0.000,0.000,0,0,0.000,0.000,0.000,0,1.000,0,0,0.2490,-0.0045,0.0573
571,3,0,0,0.094,-1.000,0.000,0.000,0,0,0.000,0.000,0.000,0,1.000,0,0,0.2490,-0.0045,0.0573
572,3,0,0,0.094,-1.000,0.000,0.000,0,0,0.000,0.000,0.000,0,1.000,0,0,0.2490,-0.0045,0.0573
573,3,0,0,0.094,-1.000,0.000,0.000,0,0,0.000,0.000,0.000,0,1.000,0,0,0.2490,-0.0045,0.0573
574,3,0,0,0.094,-1.000,0.000,0.000,0,0,0.000,0.000,0.000,0,1.000,0,0,0.2490,-0.0045,0.0573
575,3,0,0,0.094,-1.000,0.000,0.000,0,0,0.000,0.000,0.000,0,1.000,0,0,0.2490,-0.0045,0.0573
576,3,0,0,0.094,-1.000,0.000,0.000,0,0,0.000,0.000,0.000,0,1.000,0,0,0.2490,-0.0045,0.0573
577,3,0,0,0.094,-1.000,0.000,0.000,0,0,0.000,0.000,0.000,0,1.000,0,0,0.2490,-0.0045,0.0573
578,3,0,0,0.094,-1.000,0.000,0.000,0,0,0.000,0.000,0.000,0,1.000,0,0,0.2490,-0.0045,0.0573
579,3,0,0,0.094,-1.000,0.000,0.000,0,0,0.000,0.000,0.000,0,1.000,0,0,0.2490,-0.0045,0.0573
580,3,0,0,0.094,-1.000,0.000,0.000,0,0,0.000,0.000,0.000,0,1.000,0,0,0.2490,-0.0045,0.0573
581,3,0,0,0.087,-0.874,0.000,0.000,0,0,0.000,0.000,0.000,0,1.000,0,0,0.2490,-0.0045,0.0573
582,3,0,0,0.016,-0.055,0.000,0.000,0,0,0.000,0.000,0.000,0,1.000,0,0,0.2490,-0.0045,0.0573
583,3,0,0,0.016,-0.016,0.000,0.000,0,0,0.000,0.000,0.000,0,1.000,0,0,0.2490,-0.0045,0.0573
584,3,0,0,0.016,-0.016,0.000,0.000,0,0,0.000,0.000,0.000,0,1.000,0,0,0.2490,-0.0045,0.0573
585,3,0,0,0.016,-0.016,0.000,0.000,0,0,0.000,0.000,0.000,0,1.000,0,0,0.2490,-0.0045,0.0573
586,3,1,0,0.016,-0.016,0.000,0.000,0,0,-0.000,0.000,0.000,0,1.000,0,0,0.2490,-0.0045,0.0573
587,3,1,0,0.016,-0.016,0.000,0.000,0,0,-0.000,0.000,0.000,0,1.000,0,0,0.2490,-0.0045,0.0573
588,3,1,0,0.016,-0.016,0.000,0.000,0,0,-0.000,0.000,0.000,0,1.000,0,0,0.2490,-0.0045,0.0573
589,3,1,0,0.016,-0.016,0.000,0.000,0,0,-0.000,0.000,0.000,0,1.000,0,0,0.2490,-0.0045,0.0573
590,3,1,0,0.016,-0.016,0.000,0.000,0,0,-0.000,0.000,0.000,0,1.000,0,0,0.2490,-0.0045,0.0573
591,3,1,0,0.016,-0.016,0.000,0.000,0,0,-0.000,0.000,0.000,0,1.000,0,0,0.2490,-0.0045,0.0573
592,3,1,0,0.016,-0.016,0.000,0.000,0,0,-0.000,0.000,0.000,0,1.000,0,0,0.2490,-0.0045,0.0573
593,3,1,0,0.016,-0.016,0.000,0.000,0,0,-0.000,0.000,0.000,0,1.000,0,0,0.2490,-0.0045,0.0573
594,3,1,0,0.016,-0.016,0.000,0.000,0,0,-0.000,0.000,0.000,0,1.000,0,0,0.2490,-0.0045,0.0573
595,3,1,0,0.016,-0.016,0.000,0.000,0,0,-0.000,0.000,0.000,0,1.000,0,0,0.2490,-0.0045,0.0573
596,3,1,0,0.016,-0.016,0.000,0.000,0,0,-0.000,0.000,0.000,0,1.000,0,0,0.2490,-0.0045,0.0573
597,3,1,0,0.016,-0.016,0.000,0.000,0,0,-0.000,0.000,0.000,0,1.000,0,0,0.2490,-0.0045,0.0573
598,3,1,0,0.016,-0.016,0.000,0.000,0,0,-0.000,0.000,0.000,0,1.000,0,0,0.2490,-0.0045,0.0573
599,3,1,0,0.016,-0.016,0.000,0.000,0,0,-0.000,0.000,0.000,0,1.000,0,0,0.2490,-0.0045,0.0573
600,3,1,0,0.016,-0.016,0.000,0.000,0,0,-0.000,0.000,0.000,0,1.000,0,0,0.2490,-0.0045,0.0573
601,3,1,0,0.016,-0.016,0.000,0.000,0,0,-0.000,0.000,0.000,0,1.000,0,0,0.2490,-0.0045,0.0573
602,3,1,0,0.008,-0.016,0.000,0.000,0,0,-0.000,0.000,0.000,0,1.000,0,0,0.2490,-0.0045,0.0573
603,3,1,0,0.000,-0.016,0.000,0.000,0,0,-0.000,0.000,0.000,0,1.000,0,0,0.2490,-0.0045,0.0573
604,3,1,0,0.000,-0.016,0.000,0.000,0,0,-0.000,0.000,0.000,0,1.000,0,0,0.2490,-0.0045,0.0573
605,3,1,0,0.000,0.008,0.000,0.000,0,0,-0.000,0.000,0.000,0,1.000,0,0,0.2490,-0.0045,0.0573
606,3,1,0,0.000,0.079,0.000,0.000,0,0,-0.000,0.000,0.000,0,1.000,0,0,0.2490,-0.0045,0.0573
607,3,1,0,-0.047,1.000,0.000,0.000,0,0,-0.000,1.000,0.000,0,1.000,0,0,0.2491,-0.0039,0.0574
608,3,1,0,-0.047,0.528,0.000,0.000,0,0,-0.000,0.370,0.000,0,1.000,0,0,0.2495,-0.0025,0.0580
609,3,1,0,-0.008,0.102,0.000,0.000,0,0,-0.000,0.000,0.000,0,1.000,0,0,0.2496,-0.0021,0.0584
610,3,1,0,0.000,0.016,0.000,0.000,0,0,-0.000,0.000,0.000,0,1.000,0,0,0.2496,-0.0020,0.0584
611,3,1,0,0.000,0.008,0.000,0.000,0,0,-0.000,0.000,0.000,0,1.000,0,0,0.2496,-0.0020,0.0583
612,3,1,0,0.000,0.008,0.000,0.000,0,0,-0.000,0.000,0.000,0,1.000,0,0,0.2497,-0.0019,0.0583
613,3,1,0,0.000,0.008,0.000,0.000,0,0,-0.000,0.000,0.000,0,1.000,0,0,0.2497,-0.0019,0.0583
614,3,1,0,0.000,0.614,0.000,0.000,0,0,-0.000,0.486,0.000,0,1.000,0,0,0.2497,-0.0017,0.0583
615,3,1,0,-0.016,0.654,0.000,0.000,0,0,-0.000,0.538,0.000,0,1.000,0,0,0.2502,-0.0010,0.0588
616,3,1,0,0.000,-0.008,0.000,0.000,0,0,-0.000,0.000,0.000,0,1.000,0,0,0.2504,-0.0007,0.0592
617,3,1,0,0.000,-0.008,0.000,0.000,0,0,-0.000,0.000,0.000,0,1.000,0,0,0.2504,-0.0006,0.0593
618,3,1,0,0.000,-0.008,0.000,0.000,0,0,-0.000,0.000,0.000,0,1.000,0,0,0.2504,-0.0006,0.0593
619,4,1,0,0.000,-0.063,0.000,0.000,0,0,-0.000,0.000,0.000,0,0.071,0,0,0.2496,-0.0036,0.0617
620,4,1,0,0.000,-0.748,0.000,0.000,0,0,-0.000,-0.664,0.000,0,0.143,0,0,0.2506,-0.0021,0.0585
621,4,1,0,0.000,-0.079,0.000,0.000,0,0,-0.000,0.000,0.000,0,0.214,0,0,0.2506,-0.0023,0.0588
622,4,1,0,0.000,-0.008,0.000,0.000,0,0,-0.000,0.000,0.000,0,0.286,0,0,0.2506,-0.0025,0.0590
623,4,1,0,0.000,-0.008,0.000,0.000,0,0,-0.000,0.000,0.000,0,0.357,0,0,0.2505,-0.0026,0.0590
624,4,1,0,0.000,-0.008,0.000,0.000,0,0,-0.000,0.000,0.000,0,0.429,0,0,0.2504,-0.0028,0.0589
625,4,1,0,0.000,-0.016,0.000,0.000,0,0,-0.000,0.000,0.000,0,0.500,0,0,0.2503,-0.0030,0.0588
626,4,1,0,-0.008,-0.016,0.000,0.000,0,0,-0.000,0.000,0.000,0,0.571,0,0,0.2502,-0.0033,0.0586
627,4,1,0,-0.008,-0.016,0.000,0.000,0,0,-0.000,0.000,0.000,0,0.643,0,0,0.2501,-0.0035,0.0585
628,4,1,0,-0.008,-0.016,0.000,0.000,0,0,-0.000,0.000,0.000,0,0.714,0,0,0.2500,-0.0037,0.0583
629,4,1,0,-0.008,-0.016,0.000,0.000,0,0,-0.000,0.000,0.000,0,0.786,0,0,0.2499,-0.0039,0.0582
630,4,1,0,-0.008,-0.016,0.000,0.000,0,0,-0.000,0.000,0.000,0,0.857,0,0,0.2498,-0.0041,0.0581
631,4,1,0,-0.008,-0.016,0.000,0.000,0,0,-0.000,0.000,0.000,0,0.929,0,0,0.2496,-0.0043,0.0579
632,4,1,0,-0.008,-0.016,0.000,0.000,0,0,-0.000,0.000,0.000,0,1.000,0,0,0.2495,-0.0045,0.0578
633,4,1,0,-0.008,-0.016,0.000,0.000,0,0,-0.000,0.000,0.000,0,1.000,0,0,0.2495,-0.0047,0.0577
634,4,1,0,-0.008,-0.016,0.000,0.000,0,0,-0.000,0.000,0.000,0,1.000,0,0,0.2495,-0.0047,0.0576
635,4,1,0,-0.008,-0.016,0.000,0.000,0,0,-0.000,0.000,0.000,0,1.000,0,0,0.2495,-0.0047,0.0577
636,4,1,1,-0.008,-0.016,0.000,0.000,0,0,0.000,0.000,0.000,1,1.000,1,1,0.2495,-0.0047,0.0577
637,5,1,0,-0.008,-0.016,0.000,0.000,0,0,-0.000,0.000,0.000,0,0.250,0,0,0.2494,-0.0049,0.0617
638,5,1,0,-0.008,-0.016,0.000,0.000,0,0,-0.000,0.000,0.000,0,0.500,0,0,0.2490,-0.0045,0.0578
639,5,1,0,-0.008,-0.016,0.000,0.000,0,0,-0.000,0.000,0.000,0,0.750,0,0,0.2491,-0.0047,0.0568
640,5,1,0,-0.008,-0.016,0.000,0.000,0,0,-0.000,0.000,0.000,0,1.000,0,0,0.2490,-0.0046,0.0570
641,5,1,0,-0.008,-0.016,0.000,0.000,0,0,-0.000,0.000,0.000,0,1.000,0,0,0.2490,-0.0045,0.0571
642,5,1,0,-0.008,-0.016,0.000,0.000,0,0,-0.000,0.000,0.000,0,1.000,0,0,0.2489,-0.0045,0.0571
643,5,1,0,-0.008,-0.016,0.000,0.000,0,0,-0.000,0.000,0.000,0,1.000,0,0,0.2489,-0.0045,0.0571
644,5,1,0,-0.008,-0.016,0.000,0.000,0,0,-0.000,0.000,0.000,0,1.000,0,0,0.2489,-0.0045,0.0571
645,5,1,0,-0.008,-0.016,0.000,0.000,0,0,-0.000,0.000,0.000,0,1.000,0,0,0.2489,-0.0045,0.0571
646,5,1,0,-0.008,-0.016,0.000,0.000,0,0,-0.000,0.000,0.000,0,1.000,0,0,0.2489,-0.0045,0.0571
647,5,1,0,-0.008,-0.016,0.000,0.000,0,0,-0.000,0.000,0.000,0,1.000,0,0,0.2489,-0.0045,0.0571
648,5,1,0,-0.008,-0.016,0.000,0.000,0,0,-0.000,0.000,0.000,0,1.000,0,0,0.2489,-0.0045,0.0571
649,5,1,0,-0.008,-0.016,0.000,0.000,0,0,-0.000,0.000,0.000,0,1.000,0,0,0.2489,-0.0045,0.0571
650,5,1,0,-0.008,-0.016,0.000,0.000,0,0,-0.000,0.000,0.000,0,1.000,0,0,0.2489,-0.0045,0.0571
651,5,1,0,-0.008,-0.016,0.000,0.000,0,0,-0.000,0.000,0.000,0,1.000,0,0,0.2489,-0.0045,0.0571
652,5,1,0,-0.008,-0.016,0.000,0.000,0,0,-0.000,0.000,0.000,0,1.000,0,0,0.2489,-0.0045,0.0571
653,5,1,0,-0.008,-0.016,0.000,0.000,0,0,-0.000,0.000,0.000,0,1.000,0,0,0.2489,-0.0045,0.0571
654,5,1,0,-0.008,-0.016,0.000,0.000,0,0,-0.000,0.000,0.000,0,1.000,0,0,0.2489,-0.0045,0.0571
655,5,1,0,-0.008,-0.016,0.000,0.000,0,0,-0.000,0.000,0.000,0,1.000,0,0,0.2489,-0.0045,0.0571
656,5,1,0,-0.008,-0.016,0.000,0.000,0,0,-0.000,0.000,0.000,0,1.000,0,0,0.2489,-0.0045,0.0571
657,5,1,0,-0.008,-0.016,0.000,0.000,0,0,-0.000,0.000,0.000,0,1.000,0,0,0.2490,-0.0045,0.0571
658,5,1,0,-0.008,-0.016,0.000,0.000,0,0,-0.000,0.000,0.000,0,1.000,0,0,0.2489,-0.0045,0.0571
659,5,1,0,-0.008,-0.016,0.000,0.000,0,0,-0.000,0.000,0.000,0,1.000,0,0,0.2489,-0.0045,0.0571
660,5,1,0,0.000,-0.016,0.000,0.000,0,0,-0.000,0.000,0.000,0,1.000,0,0,0.2489,-0.0045,0.0571
661,5,1,0,0.000,-0.016,0.000,0.000,0,0,-0.000,0.000,0.000,0,1.000,0,0,0.2489,-0.0045,0.0571
662,5,1,0,0.000,-0.016,0.000,0.000,0,0,-0.000,0.000,0.000,0,1.000,0,0,0.2489,-0.0045,0.0571
663,5,1,0,0.000,-0.016,0.000,0.000,0,0,-0.000,0.000,0.000,0,1.000,0,0,0.2489,-0.0045,0.0571
664,5,1,0,0.000,-0.016,0.000,0.000,0,0,-0.000,0.000,0.000,0,1.000,0,0,0.2489,-0.0045,0.0571
665,5,1,0,0.000,-0.016,0.000,0.000,0,0,-0.000,0.000,0.000,0,1.000,0,0,0.2489,-0.0045,0.0571
666,5,1,0,0.000,-0.016,0.000,0.000,0,0,-0.000,0.000,0.000,0,1.000,0,0,0.2490,-0.0045,0.0571
667,5,1,0,0.000,-0.016,0.000,0.000,0,0,-0.000,0.000,0.000,0,1.000,0,0,0.2489,-0.0045,0.0571
668,5,1,0,0.000,-0.016,0.000,0.000,0,0,-0.000,0.000,0.000,0,1.000,0,0,0.2489,-0.0045,0.0571
669,5,1,0,0.000,-0.016,0.000,0.000,0,0,-0.000,0.000,0.000,0,1.000,0,0,0.2489,-0.0045,0.0571
670,5,1,0,0.000,-0.016,0.000,0.000,0,0,-0.000,0.000,0.000,0,1.000,0,0,0.2489,-0.0045,0.0571
671,5,1,0,0.000,-0.016,0.000,0.000,0,0,-0.000,0.000,0.000,0,1.000,0,0,0.2489,-0.0045,0.0571
672,5,1,0,0.000,-0.016,0.000,0.000,0,0,-0.000,0.000,0.000,0,1.000,0,0,0.2489,-0.0045,0.0571
673,5,1,0,0.000,-0.016,0.000,0.000,0,0,-0.000,0.000,0.000,0,1.000,0,0,0.2489,-0.0045,0.0571
674,5,1,0,0.000,-0.016,0.000,0.000,0,0,-0.000,0.000,0.000,0,1.000,0,0,0.2489,-0.0045,0.0571
675,5,1,0,0.000,-0.016,0.000,0.000,0,0,-0.000,0.000,0.000,0,1.000,0,0,0.2489,-0.0045,0.0571
676,5,1,0,0.000,-0.016,0.000,0.000,0,0,-0.000,0.000,0.000,0,1.000,0,0,0.2489,-0.0045,0.0571
677,5,1,0,0.000,-0.016,0.000,0.000,0,0,-0.000,0.000,0.000,0,1.000,0,0,0.2489,-0.0045,0.0571
678,5,1,0,0.000,-0.016,0.000,0.000,0,0,-0.000,0.000,0.000,0,1.000,0,0,0.2489,-0.0045,0.0571
679,5,1,0,0.000,-0.016,0.000,0.000,0,0,-0.000,0.000,0.000,0,1.000,0,0,0.2489,-0.0045,0.0571
680,5,1,0,-0.008,-0.016,0.000,0.000,0,0,-0.000,0.000,0.000,0,1.000,0,0,0.2489,-0.0045,0.0571
681,5,1,0,0.000,-0.016,0.000,0.000,0,0,-0.000,0.000,0.000,0,1.000,0,0,0.2489,-0.0045,0.0571
682,5,1,0,0.000,-0.016,0.000,0.000,0,0,-0.000,0.000,0.000,0,1.000,0,0,0.2489,-0.0045,0.0571
683,5,1,0,0.016,-0.016,0.000,0.000,0,0,-0.000,0.000,0.000,0,1.000,0,0,0.2489,-0.0045,0.0571
684,5,1,0,0.016,0.055,0.000,0.000,0,0,-0.000,0.000,0.000,0,1.000,0,0,0.2489,-0.0045,0.0571
685,5,1,0,0.063,0.409,0.000,0.000,0,0,-0.000,0.213,0.000,0,1.000,0,0,0.2490,-0.0045,0.0571
686,5,1,0,0.008,-0.008,0.000,0.000,0,0,-0.000,0.000,0.000,0,1.000,0,0,0.2491,-0.0043,0.0571
687,5,1,0,0.008,-0.008,0.000,0.000,0,0,-0.000,0.000,0.000,0,1.000,0,0,0.2491,-0.0043,0.0571
688,5,1,0,0.016,0.008,0.000,0.000,0,0,-0.000,0.000,0.000,0,1.000,0,0,0.2491,-0.0043,0.0571
689,5,1,0,0.024,0.472,0.000,0.000,0,0,-0.000,0.297,0.000,0,1.000,0,0,0.2492,-0.0043,0.0571
690,5,1,0,0.047,0.354,0.000,0.000,0,0,-0.000,0.139,0.000,0,1.000,0,0,0.2496,-0.0039,0.0572
691,5,1,0,0.047,0.118,0.000,0.000,0,0,-0.000,0.000,0.000,0,1.000,0,0,0.2497,-0.0039,0.0572
692,5,1,0,0.047,-0.008,0.000,0.000,0,0,-0.000,0.000,0.000,0,1.000,0,0,0.2497,-0.0039,0.0572
693,5,1,0,0.047,-0.008,0.000,0.000,0,0,-0.000,0.000,0.000,0,1.000,0,0,0.2497,-0.0039,0.0572
694,5,1,0,0.047,-0.008,0.000,0.000,0,0,-0.000,0.000,0.000,0,1.000,0,0,0.2497,-0.0039,0.0572
695,5,1,0,0.047,0.102,0.000,0.000,0,0,-0.000,0.000,0.000,0,1.000,0,0,0.2497,-0.0039,0.0572
696,5,1,0,0.094,0.559,0.000,0.000,0,0,-0.000,0.412,0.000,0,1.000,0,0,0.2498,-0.0038,0.0573
697,5,1,0,0.031,0.000,0.000,0.000,0,0,-0.000,0.000,0.000,0,1.000,0,0,0.2502,-0.0034,0.0573
698,5,1,0,0.039,0.000,0.000,0.000,0,0,-0.000,0.000,0.000,0,1.000,0,0,0.2502,-0.0034,0.0573
699,5,1,0,0.039,0.087,0.000,0.000,0,0,-0.000,0.000,0.000,0,1.000,0,0,0.2502,-0.0034,0.0573
700,5,1,0,0.039,0.457,0.000,0.000,0,0,-0.000,0.276,0.000,0,1.000,0,0,0.2502,-0.0034,0.0573
701,5,1,0,0.118,0.409,0.000,0.000,0,0,-0.000,0.213,0.000,0,1.000,0,0,0.2506,-0.0031,0.0573
702,5,1,0,0.031,-0.024,0.000,0.000,0,0,-0.000,0.000,0.000,0,1.000,0,0,0.2508,-0.0029,0.0574
703,5,1,0,0.031,-0.024,0.000,0.000,0,0,-0.000,0.000,0.000,0,1.000,0,0,0.2508,-0.0029,0.0574
704,5,1,0,0.031,-0.024,0.000,0.000,0,0,-0.000,0.000,0.000,0,1.000,0,0,0.2508,-0.0029,0.0574
705,5,1,0,0.031,-0.024,0.000,0.000,0,0,-0.000,0.000,0.000,0,1.000,0,0,0.2508,-0.0029,0.0574
706,5,1,0,0.031,-0.024,0.000,0.000,0,0,-0.000,0.000,0.000,0,1.000,0,0,0.2508,-0.0029,0.0574
707,5,1,0,0.031,-0.024,0.000,0.000,0,0,-0.000,0.000,0.000,0,1.000,0,0,0.2508,-0.0029,0.0574
708,5,1,0,0.047,-0.024,0.000,0.000,0,0,-0.000,0.000,0.000,0,1.000,0,0,0.2508,-0.0029,0.0574
709,5,1,0,0.063,-0.024,0.000,0.000,0,0,-0.000,0.000,0.000,0,1.000,0,0,0.2508,-0.0029,0.0574
710,5,1,0,0.063,-0.024,0.000,0.000,0,0,-0.000,0.000,0.000,0,1.000,0,0,0.2508,-0.0029,0.0574
711,5,1,0,0.047,-0.024,0.000,0.000,0,0,-0.000,0.000,0.000,0,1.000,0,0,0.2508,-0.0029,0.0574
712,5,1,0,0.039,-0.024,0.000,0.000,0,0,-0.000,0.000,0.000,0,1.000,0,0,0.2508,-0.0029,0.0574
713,5,1,0,0.047,-0.024,0.000,0.000,0,0,-0.000,0.000,0.000,0,1.000,0,0,0.2508,-0.0029,0.0574
714,5,1,0,0.031,-0.008,0.000,0.000,0,0,-0.000,0.000,0.000,0,1.000,0,0,0.2508,-0.0029,0.0574
715,5,1,0,0.031,-0.008,0.000,0.000,0,0,-0.000,0.000,0.000,0,1.000,0,0,0.2508,-0.0029,0.0574
716,5,1,0,0.102,-0.016,0.000,0.000,0,0,-0.000,0.000,0.000,0,1.000,0,0,0.2508,-0.0029,0.0574
717,5,1,0,0.535,0.016,0.000,0.000,0,0,-0.381,0.000,0.000,0,1.000,0,0,0.2507,-0.0030,0.0574
718,5,1,0,0.039,-0.024,0.000,0.000,0,0,-0.000,0.000,0.000,0,1.000,0,0,0.2503,-0.0033,0.0574
719,5,1,0,0.055,-0.024,0.000,0.000,0,0,-0.000,0.000,0.000,0,1.000,0,0,0.2503,-0.0033,0.0574
720,5,1,0,0.055,-0.024,0.000,0.000,0,0,-0.000,0.000,0.000,0,1.000,0,0,0.2503,-0.0033,0.0574
721,5,1,0,0.031,-0.024,0.000,0.000,0,0,-0.000,0.000,0.000,0,1.000,0,0,0.2503,-0.0033,0.0574
722,5,1,0,0.039,-0.024,0.000,0.000,0,0,-0.000,0.000,0.000,0,1.000,0,0,0.2503,-0.0033,0.0574
723,5,1,0,0.063,0.016,0.000,0.000,0,0,-0.000,0.000,0.000,0,1.000,0,0,0.2503,-0.0033,0.0574
724,5,1,0,0.213,0.016,0.000,0.000,0,0,-0.000,0.000,0.000,0,1.000,0,0,0.2503,-0.0033,0.0574
725,5,1,0,0.693,0.024,0.000,0.000,0,0,-0.591,0.000,0.000,0,1.000,0,0,0.2501,-0.0035,0.0574
726,5,1,0,0.016,0.000,0.000,0.000,0,0,-0.000,0.000,0.000,0,1.000,0,0,0.2495,-0.0039,0.0573
727,5,1,0,0.016,0.000,0.000,0.000,0,0,-0.000,0.000,0.000,0,1.000,0,0,0.2496,-0.0039,0.0573
728,5,1,0,0.024,0.000,0.000,0.000,0,0,-0.000,0.000,0.000,0,1.000,0,0,0.2496,-0.0039,0.0573
729,5,1,0,-0.008,0.000,0.000,0.000,0,0,-0.000,0.000,0.000,0,1.000,0,0,0.2496,-0.0039,0.0573
730,5,1,0,-0.559,0.260,0.000,0.000,0,0,0.412,0.013,0.000,0,1.000,0,0,0.2497,-0.0038,0.0573
731,5,1,0,-0.394,0.260,0.000,0.000,0,0,0.192,0.013,0.000,0,1.000,0,0,0.2501,-0.0034,0.0573
732,5,1,0,0.000,-0.008,0.000,0.000,0,0,-0.000,0.000,0.000,0,1.000,0,0,0.2503,-0.0033,0.0573
733,5,1,0,0.000,-0.008,0.000,0.000,0,0,-0.000,0.000,0.000,0,1.000,0,0,0.2503,-0.0033,0.0574
734,5,1,0,-0.039,0.016,0.000,0.000,0,0,-0.000,0.000,0.000,0,1.000,0,0,0.2503,-0.0033,0.0574
735,5,1,0,-0.850,0.457,0.000,0.000,0,0,0.801,0.276,0.000,0,1.000,0,0,0.2508,-0.0028,0.0574
736,5,1,0,-0.087,0.087,0.000,0.000,0,0,-0.000,0.000,0.000,0,1.000,0,0,0.2518,-0.0020,0.0574
737,5,1,0,-0.008,-0.008,0.000,0.000,0,0,-0.000,0.000,0.000,0,1.000,0,0,0.2517,-0.0021,0.0574
738,5,1,0,-0.008,-0.008,0.000,0.000,0,0,-0.000,0.000,0.000,0,1.000,0,0,0.2518,-0.0021,0.0573
739,5,1,0,0.000,-0.008,0.000,0.000,0,0,-0.000,0.000,0.000,0,1.000,0,0,0.2517,-0.0021,0.0573
740,5,1,0,0.079,-0.032,0.000,0.000,0,0,-0.000,0.000,0.000,0,1.000,0,0,0.2517,-0.0021,0.0574
741,5,1,0,0.543,-0.032,0.000,0.000,0,0,-0.391,0.000,0.000,0,1.000,0,0,0.2516,-0.0021,0.0574
742,5,1,0,0.071,-0.016,0.000,0.000,0,0,-0.000,0.000,0.000,0,1.000,0,0,0.2513,-0.0024,0.0574
743,5,1,0,0.047,-0.016,0.000,0.000,0,0,-0.000,0.000,0.000,0,1.000,0,0,0.2513,-0.0024,0.0574
744,5,1,0,0.756,-0.039,0.000,0.000,0,0,-0.675,0.000,0.000,0,1.000,0,0,0.2511,-0.0026,0.0574
745,5,1,0,1.000,-0.032,0.000,0.000,0,0,-1.000,0.000,0.000,0,1.000,0,0,0.2500,-0.0035,0.0574
746,5,1,0,0.031,-0.032,0.000,0.000,0,0,-0.000,0.000,0.000,0,1.000,0,0,0.2491,-0.0043,0.0573
747,5,1,0,0.031,-0.032,0.000,0.000,0,0,-0.000,0.000,0.000,0,1.000,0,0,0.2491,-0.0042,0.0573
748,5,1,0,0.031,-0.032,0.000,0.000,0,0,-0.000,0.000,0.000,0,1.000,0,0,0.2491,-0.0042,0.0574
749,5,1,0,0.031,-0.032,0.000,0.000,0,0,-0.000,0.000,0.000,0,1.000,0,0,0.2491,-0.0042,0.0574
750,5,1,0,-0.008,-0.032,0.000,0.000,0,0,-0.000,0.000,0.000,0,1.000,0,0,0.2491,-0.0042,0.0574
751,5,1,0,-0.173,0.024,0.000,0.000,0,0,-0.000,0.000,0.000,0,1.000,0,0,0.2491,-0.0042,0.0574
752,5,1,0,-0.976,0.055,0.000,0.000,0,0,0.969,0.000,0.000,0,1.000,0,0,0.2494,-0.0040,0.0574
753,5,1,0,-0.032,0.016,0.000,0.000,0,0,-0.000,0.000,0.000,0,1.000,0,0,0.2503,-0.0031,0.0573
754,5,1,0,-0.008,-0.008,0.000,0.000,0,0,-0.000,0.000,0.000,0,1.000,0,0,0.2503,-0.0033,0.0573
755,5,1,0,-0.032,-0.008,0.000,0.000,0,0,-0.000,0.000,0.000,0,1.000,0,0,0.2503,-0.0033,0.0573
756,5,1,0,-0.047,0.000,0.000,0.000,0,0,-0.000,0.000,0.000,0,1.000,0,0,0.2503,-0.0033,0.0573
757,5,1,0,-0.055,0.000,0.000,0.000,0,0,-0.000,0.000,0.000,0,1.000,0,0,0.2503,-0.0033,0.0573
758,5,1,0,-0.016,-0.016,0.000,0.000,0,0,-0.000,0.000,0.000,0,1.000,0,0,0.2503,-0.0033,0.0573
759,5,1,0,0.008,-0.055,0.000,0.000,0,0,-0.000,0.000,0.000,0,1.000,0,0,0.2503,-0.0033,0.0573
760,5,1,0,0.000,-0.567,0.000,0.000,0,0,-0.000,-0.423,0.000,0,1.000,0,0,0.2502,-0.0033,0.0573
761,5,1,0,0.000,-0.528,0.000,0.000,0,0,-0.000,-0.370,0.000,0,1.000,0,0,0.2497,-0.0038,0.0574
762,5,1,0,0.008,-0.071,0.000,0.000,0,0,-0.000,0.000,0.000,0,1.000,0,0,0.2494,-0.0040,0.0573
763,5,1,0,0.008,-0.071,0.000,0.000,0,0,-0.000,0.000,0.000,0,1.000,0,0,0.2494,-0.0040,0.0573
764,5,1,0,0.016,-0.039,0.000,0.000,0,0,-0.000,0.000,0.000,0,1.000,0,0,0.2494,-0.0040,0.0573
765,5,1,0,0.031,0.402,0.000,0.000,0,0,-0.000,0.202,0.000,0,1.000,0,0,0.2495,-0.0040,0.0573
766,5,1,0,0.299,0.858,0.000,0.000,0,0,-0.066,0.811,0.000,0,1.000,0,0,0.2499,-0.0036,0.0573
767,5,1,0,0.016,0.071,0.000,0.000,0,0,-0.000,0.000,0.000,0,1.000,0,0,0.2505,-0.0031,0.0573
768,5,1,0,0.016,0.055,0.000,0.000,0,0,-0.000,0.000,0.000,0,1.000,0,0,0.2505,-0.0031,0.0574
769,5,1,0,0.016,0.465,0.000,0.000,0,0,-0.000,0.286,0.000,0,1.000,0,0,0.2506,-0.0031,0.0574
770,5,1,0,0.016,0.646,0.000,0.000,0,0,-0.000,0.528,0.000,0,1.000,0,0,0.2511,-0.0027,0.0574
771,5,1,0,0.016,0.016,0.000,0.000,0,0,-0.000,0.000,0.000,0,1.000,0,0,0.2515,-0.0023,0.0574
772,5,1,0,0.031,-0.008,0.000,0.000,0,0,-0.000,0.000,0.000,0,1.000,0,0,0.2515,-0.0023,0.0575
773,5,1,0,0.031,0.016,0.000,0.000,0,0,-0.000,0.000,0.000,0,1.000,0,0,0.2515,-0.0023,0.0575
774,5,1,0,0.031,0.016,0.000,0.000,0,0,-0.000,0.000,0.000,0,1.000,0,0,0.2515,-0.0023,0.0575
775,5,1,0,0.047,-0.008,0.000,0.000,0,0,-0.000,0.000,0.000,0,1.000,0,0,0.2515,-0.0023,0.0575
776,5,1,0,0.047,-0.008,0.000,0.000,0,0,-0.000,0.000,0.000,0,1.000,0,0,0.2515,-0.0023,0.0575
777,5,1,0,0.047,-0.008,0.000,0.000,0,0,-0.000,0.000,0.000,0,1.000,0,0,0.2515,-0.0023,0.0575
778,5,1,0,0.047,-0.008,0.000,0.000,0,0,-0.000,0.000,0.000,0,1.000,0,0,0.2515,-0.0023,0.0575
779,5,1,0,0.047,-0.008,0.000,0.000,0,0,-0.000,0.000,0.000,0,1.000,0,0,0.2515,-0.0023,0.0575
780,5,1,0,0.047,-0.008,0.000,0.000,0,0,-0.000,0.000,0.000,0,1.000,0,0,0.2515,-0.0023,0.0575
781,5,1,0,0.047,-0.008,0.000,0.000,0,0,-0.000,0.000,0.000,0,1.000,0,0,0.2515,-0.0023,0.0575
782,5,1,0,0.016,-0.008,0.000,-0.740,0,0,-0.000,0.000,0.000,0,1.000,0,0,0.2515,-0.0023,0.0575
783,5,1,0,-0.016,-0.008,0.000,0.968,0,0,-0.000,0.000,0.000,0,1.000,0,0,0.2515,-0.0023,0.0575
784,5,1,0,-0.008,-0.008,0.000,0.472,0,0,-0.000,0.000,0.000,0,1.000,0,0,0.2515,-0.0023,0.0575
785,5,1,0,-0.008,-0.008,0.000,-1.000,0,1,-0.000,0.000,0.000,0,1.000,0,0,0.2515,-0.0023,0.0575
786,5,1,0,0.000,-0.008,0.000,-1.000,0,1,-0.000,0.000,0.000,0,1.000,0,0,0.2515,-0.0023,0.0575
787,5,1,0,0.008,-0.008,0.000,-1.000,0,1,-0.000,0.000,0.000,0,1.000,0,0,0.2515,-0.0023,0.0575
788,5,1,0,0.016,-0.008,0.000,-1.000,0,1,-0.000,0.000,0.000,0,1.000,0,0,0.2515,-0.0023,0.0575
789,5,1,0,0.024,-0.008,0.000,-1.000,0,1,-0.000,0.000,0.000,0,1.000,0,0,0.2515,-0.0023,0.0575
790,5,1,0,0.031,-0.008,0.039,-1.000,0,1,-0.000,0.000,0.000,0,1.000,0,0,0.2515,-0.0023,0.0575
791,5,1,0,0.024,-0.008,0.921,-1.000,0,1,-0.000,0.000,0.000,0,1.000,0,0,0.2515,-0.0023,0.0575
792,6,1,0,0.024,-0.008,-1.000,-1.000,1,1,-0.000,0.000,0.000,0,0.091,0,0,0.2500,-0.0043,0.0618
793,6,1,0,0.031,-0.008,-1.000,-1.000,1,1,-0.000,0.000,0.000,0,0.182,0,0,0.2512,-0.0027,0.0574
794,6,1,0,0.031,-0.008,-1.000,-1.000,1,1,-0.000,0.000,0.000,0,0.273,0,0,0.2509,-0.0033,0.0565
795,6,1,0,0.031,-0.008,-1.000,-1.000,1,1,-0.000,0.000,0.000,0,0.364,0,0,0.2508,-0.0033,0.0569
796,6,1,0,0.031,-0.008,-1.000,-1.000,1,1,-0.000,0.000,0.000,0,0.455,0,0,0.2506,-0.0035,0.0570
797,6,1,0,0.031,-0.008,-1.000,-1.000,1,1,-0.000,0.000,0.000,0,0.545,0,0,0.2505,-0.0035,0.0571
798,6,1,0,0.031,-0.008,-1.000,-1.000,1,1,-0.000,0.000,0.000,0,0.636,0,0,0.2502,-0.0037,0.0571
799,6,1,0,0.024,-0.008,-1.000,-1.000,1,1,-0.000,0.000,0.000,0,0.727,0,0,0.2500,-0.0038,0.0571
800,6,1,0,0.016,-0.008,-1.000,-1.000,1,1,-0.000,0.000,0.000,0,0.818,0,0,0.2498,-0.0040,0.0571
801,6,1,0,0.008,-0.008,-1.000,-1.000,1,1,-0.000,0.000,0.000,0,0.909,0,0,0.2496,-0.0041,0.0571
802,6,1,0,0.008,-0.008,-1.000,-1.000,1,1,-0.000,0.000,0.000,0,1.000,0,0,0.2493,-0.0043,0.0571
803,6,1,0,0.008,-0.008,-1.000,-1.000,1,1,-0.000,0.000,0.000,0,1.000,0,0,0.2492,-0.0043,0.0571
804,6,1,0,0.016,0.071,-1.000,-1.000,1,1,-0.000,0.000,0.000,0,1.000,0,0,0.2492,-0.0044,0.0571
805,6,1,0,0.378,0.772,-1.000,-1.000,1,1,-0.171,0.696,0.000,0,1.000,0,0,0.2489,-0.0040,0.0570
806,6,1,0,0.126,0.220,-1.000,-1.000,1,1,-0.000,0.000,0.000,0,1.000,0,0,0.2485,-0.0035,0.0570
807,6,1,0,0.000,-0.047,-1.000,-1.000,1,1,-0.000,0.000,0.000,0,1.000,0,0,0.2485,-0.0034,0.0572
808,6,1,0,0.016,-0.047,-1.000,-1.000,1,1,-0.000,0.000,0.000,0,1.000,0,0,0.2485,-0.0034,0.0572
809,6,1,0,0.039,-0.047,-1.000,-1.000,1,1,-0.000,0.000,0.000,0,1.000,0,0,0.2485,-0.0034,0.0572
810,6,1,0,0.047,-0.047,-1.000,-1.000,1,1,-0.000,0.000,0.000,0,1.000,0,0,0.2485,-0.0034,0.0571
811,6,1,0,0.031,-0.047,-1.000,-1.000,1,1,-0.000,0.000,0.000,0,1.000,0,0,0.2485,-0.0034,0.0571
812,6,1,0,0.008,-0.047,-1.000,-1.000,1,1,-0.000,0.000,0.000,0,1.000,0,0,0.2485,-0.0034,0.0571
813,6,1,0,0.008,-0.047,-1.000,-1.000,1,1,-0.000,0.000,0.000,0,1.000,0,0,0.2485,-0.0034,0.0571
814,6,1,0,0.008,-0.047,-1.000,-1.000,1,1,-0.000,0.000,0.000,0,1.000,0,0,0.2485,-0.0034,0.0571
815,6,0,0,0.008,-0.047,-1.000,-1.000,1,1,0.000,0.000,0.000,0,1.000,0,0,0.2485,-0.0034,0.0571
816,6,0,0,0.008,-0.047,-1.000,-1.000,1,1,0.000,0.000,0.000,0,1.000,0,0,0.2485,-0.0034,0.0571
817,6,0,0,0.008,-0.047,-1.000,-1.000,1,1,0.000,0.000,0.000,0,1.000,0,0,0.2485,-0.0034,0.0571
818,6,0,0,0.008,-0.047,-1.000,-1.000,1,1,0.000,0.000,0.000,0,1.000,0,0,0.2485,-0.0034,0.0571
819,6,0,0,0.008,-0.047,-1.000,-1.000,1,1,0.000,0.000,0.000,0,1.000,0,0,0.2485,-0.0034,0.0571
820,6,0,0,0.008,-0.047,-1.000,-1.000,1,1,0.000,0.000,0.000,0,1.000,0,0,0.2485,-0.0034,0.0571
821,6,0,0,0.008,-0.047,-1.000,-1.000,1,1,0.000,0.000,0.000,0,1.000,0,0,0.2485,-0.0034,0.0571
822,6,0,0,0.008,-0.047,-1.000,-1.000,1,1,0.000,0.000,0.000,0,1.000,0,0,0.2485,-0.0034,0.0571
823,6,0,0,0.008,-0.047,-1.000,-1.000,1,1,0.000,0.000,0.000,0,1.000,0,0,0.2485,-0.0034,0.0571
824,6,0,0,0.008,-0.047,-1.000,-1.000,1,1,0.000,0.000,0.000,0,1.000,0,0,0.2485,-0.0034,0.0571
825,6,0,0,0.008,-0.047,-1.000,-1.000,1,1,0.000,0.000,0.000,0,1.000,0,0,0.2485,-0.0034,0.0571
826,6,0,0,0.008,-0.047,-1.000,-1.000,1,1,0.000,0.000,0.000,0,1.000,0,0,0.2485,-0.0034,0.0571
827,6,0,0,0.008,-0.047,-1.000,-1.000,1,1,0.000,0.000,0.000,0,1.000,0,0,0.2485,-0.0034,0.0571
828,6,0,0,0.008,-0.047,-1.000,-1.000,1,1,0.000,0.000,0.000,0,1.000,0,0,0.2485,-0.0034,0.0571
829,6,0,0,0.008,-0.047,-1.000,-1.000,1,1,0.000,0.000,0.000,0,1.000,0,0,0.2485,-0.0034,0.0571
830,6,0,0,0.008,-0.047,-1.000,-1.000,1,1,0.000,0.000,0.000,0,1.000,0,0,0.2485,-0.0034,0.0571
831,6,0,0,0.008,-0.047,-1.000,-1.000,1,1,0.000,0.000,0.000,0,1.000,0,0,0.2485,-0.0034,0.0571
832,6,0,0,0.008,-0.047,-1.000,-1.000,1,1,0.000,0.000,0.000,0,1.000,0,0,0.2485,-0.0034,0.0571
833,6,0,0,0.008,-0.047,-1.000,-1.000,1,1,0.000,0.000,0.000,0,1.000,0,0,0.2485,-0.0034,0.0571
834,6,0,0,0.008,-0.047,-1.000,-1.000,1,1,0.000,0.000,0.000,0,1.000,0,0,0.2485,-0.0034,0.0571
835,6,0,0,0.008,-0.047,-1.000,-1.000,1,1,0.000,0.000,0.000,0,1.000,0,0,0.2485,-0.0034,0.0571
836,6,0,0,0.008,-0.047,-1.000,-1.000,1,1,0.000,0.000,0.000,0,1.000,0,0,0.2485,-0.0034,0.0571
837,6,0,0,0.008,-0.047,-1.000,-1.000,1,1,0.000,0.000,0.000,0,1.000,0,0,0.2485,-0.0034,0.0571
838,6,0,0,0.008,-0.047,-1.000,-1.000,1,1,0.000,0.000,0.000,0,1.000,0,0,0.2485,-0.0034,0.0571
839,6,0,0,0.008,-0.047,-1.000,-1.000,1,1,0.000,0.000,0.000,0,1.000,0,0,0.2485,-0.0034,0.0571
840,6,0,0,0.008,-0.047,-1.000,-1.000,1,1,0.000,0.000,0.000,0,1.000,0,0,0.2485,-0.0034,0.0571
841,6,0,0,0.008,-0.047,-1.000,-1.000,1,1,0.000,0.000,0.000,0,1.000,0,0,0.2485,-0.0034,0.0571
842,6,0,0,0.008,-0.047,-1.000,-1.000,1,1,0.000,0.000,0.000,0,1.000,0,0,0.2485,-0.0034,0.0571
843,6,0,0,0.008,-0.047,-1.000,-1.000,1,1,0.000,0.000,0.000,0,1.000,0,0,0.2485,-0.0034,0.0571
844,6,0,0,0.008,-0.047,-1.000,-1.000,1,1,0.000,0.000,0.000,0,1.000,0,0,0.2485,-0.0034,0.0571
845,6,0,0,0.008,-0.047,-1.000,-1.000,1,1,0.000,0.000,0.000,0,1.000,0,0,0.2485,-0.0034,0.0571
846,6,0,0,0.008,-0.047,-1.000,-1.000,1,1,0.000,0.000,0.000,0,1.000,0,0,0.2485,-0.0034,0.0571
847,6,0,0,0.008,-0.047,-1.000,-1.000,1,1,0.000,0.000,0.000,0,1.000,0,0,0.2485,-0.0034,0.0571
848,6,0,0,0.008,-0.047,-1.000,-1.000,1,1,0.000,0.000,0.000,0,1.000,0,0,0.2485,-0.0034,0.0571
849,6,0,0,0.008,-0.047,-1.000,-1.000,1,1,0.000,0.000,0.000,0,1.000,0,0,0.2485,-0.0034,0.0571
850,6,0,0,0.008,-0.047,-1.000,-1.000,1,1,0.000,0.000,0.000,0,1.000,0,0,0.2485,-0.0034,0.0571
851,6,0,0,0.008,-0.047,-1.000,-1.000,1,1,0.000,0.000,0.000,0,1.000,0,0,0.2485,-0.0034,0.0571
852,6,0,0,0.008,-0.047,-1.000,-1.000,1,1,0.000,0.000,0.000,0,1.000,0,0,0.2485,-0.0034,0.0571
853,6,0,0,0.008,-0.047,-1.000,-1.000,1,1,0.000,0.000,0.000,0,1.000,0,0,0.2485,-0.0034,0.0571
854,6,0,0,0.008,-0.047,-1.000,-1.000,1,1,0.000,0.000,0.000,0,1.000,0,0,0.2485,-0.0034,0.0571
855,6,0,0,0.008,-0.047,-1.000,-1.000,1,1,0.000,0.000,0.000,0,1.000,0,0,0.2485,-0.0034,0.0571
856,6,0,0,0.008,-0.047,-1.000,-1.000,1,1,0.000,0.000,0.000,0,1.000,0,0,0.2485,-0.0034,0.0571
857,6,0,0,0.008,-0.047,-1.000,-1.000,1,1,0.000,0.000,0.000,0,1.000,0,0,0.2485,-0.0034,0.0571
858,6,0,0,0.008,-0.047,-1.000,-1.000,1,1,0.000,0.000,0.000,0,1.000,0,0,0.2485,-0.0034,0.0571
859,6,0,0,0.008,-0.047,-1.000,-1.000,1,1,0.000,0.000,0.000,0,1.000,0,0,0.2485,-0.0034,0.0571
860,6,0,0,0.008,-0.047,-1.000,-1.000,1,1,0.000,0.000,0.000,0,1.000,0,0,0.2485,-0.0034,0.0571
861,6,0,0,0.008,-0.047,-1.000,-1.000,1,1,0.000,0.000,0.000,0,1.000,0,0,0.2485,-0.0034,0.0571
862,6,0,0,0.008,-0.047,-1.000,-1.000,1,1,0.000,0.000,0.000,0,1.000,0,0,0.2485,-0.0034,0.0571
863,6,0,0,0.008,-0.047,-1.000,-1.000,1,1,0.000,0.000,0.000,0,1.000,0,0,0.2485,-0.0034,0.0571
864,6,0,0,0.008,-0.047,-1.000,-1.000,1,1,0.000,0.000,0.000,0,1.000,0,0,0.2485,-0.0034,0.0571
865,6,0,0,0.000,-0.008,-1.000,-1.000,1,1,0.000,0.000,0.000,0,1.000,0,0,0.2485,-0.0034,0.0571
866,6,0,0,0.000,-0.008,-1.000,-1.000,1,1,0.000,0.000,0.000,0,1.000,0,0,0.2485,-0.0034,0.0571
867,6,0,0,0.000,-0.008,-1.000,-1.000,1,1,0.000,0.000,0.000,0,1.000,0,0,0.2485,-0.0034,0.0571
868,6,0,0,0.000,-0.008,-1.000,-1.000,1,1,0.000,0.000,0.000,0,1.000,0,0,0.2485,-0.0034,0.0571
869,6,0,0,0.000,-0.008,-1.000,-1.000,1,1,0.000,0.000,0.000,0,1.000,0,0,0.2485,-0.0034,0.0571
870,6,0,0,0.008,-0.008,-1.000,-1.000,1,1,0.000,0.000,0.000,0,1.000,0,0,0.2485,-0.0034,0.0571
871,6,1,0,0.016,-0.008,-1.000,-1.000,1,1,-0.000,0.000,0.000,0,1.000,0,0,0.2485,-0.0034,0.0571
872,6,1,0,0.008,-0.008,-1.000,-1.000,1,1,-0.000,0.000,0.000,0,1.000,0,0,0.2485,-0.0034,0.0571
873,6,1,0,0.000,-0.008,-1.000,-1.000,1,1,-0.000,0.000,0.000,0,1.000,0,0,0.2485,-0.0034,0.0571
874,6,1,0,0.008,-0.008,-1.000,-1.000,1,1,-0.000,0.000,0.000,0,1.000,0,0,0.2485,-0.0034,0.0571
875,6,1,0,0.063,-0.039,-1.000,-1.000,1,1,-0.000,0.000,0.000,0,1.000,0,0,0.2485,-0.0034,0.0571
876,6,1,0,0.717,-0.055,-1.000,-1.000,1,1,-0.622,0.000,0.000,0,1.000,0,0,0.2484,-0.0033,0.0571
877,6,1,0,0.150,0.016,-1.000,-1.000,1,1,-0.000,0.000,0.000,0,1.000,0,0,0.2484,-0.0032,0.0572
878,6,1,0,0.016,0.000,-1.000,-1.000,1,1,-0.000,0.000,0.000,0,1.000,0,0,0.2484,-0.0032,0.0572
879,6,1,0,0.008,0.000,-1.000,-1.000,1,1,-0.000,0.000,0.000,0,1.000,0,0,0.2484,-0.0032,0.0572
880,6,1,0,0.063,-0.032,-1.000,-1.000,1,1,-0.000,0.000,0.000,0,1.000,0,0,0.2484,-0.0032,0.0572
881,6,1,0,1.000,-0.134,-1.000,-1.000,1,1,-1.000,0.000,0.000,0,1.000,0,0,0.2483,-0.0030,0.0572
882,6,1,0,0.024,-0.039,-1.000,-1.000,1,1,-0.000,0.000,0.000,0,1.000,0,0,0.2482,-0.0029,0.0574
883,6,1,0,0.008,-0.039,-1.000,-1.000,1,1,-0.000,0.000,0.000,0,1.000,0,0,0.2482,-0.0029,0.0575
884,6,1,0,-0.055,-0.016,-1.000,-1.000,1,1,-0.000,0.000,0.000,0,1.000,0,0,0.2482,-0.0029,0.0575
885,6,1,0,-0.976,-0.008,-1.000,-1.000,1,1,0.969,0.000,0.000,0,0.977,0,0,0.2483,-0.0030,0.0575
886,6,1,0,-0.165,-0.039,-1.000,-1.000,1,1,-0.000,0.000,0.000,0,1.000,0,0,0.2483,-0.0031,0.0573
887,6,1,0,0.000,-0.032,-1.000,-1.000,1,1,-0.000,0.000,0.000,0,1.000,0,0,0.2483,-0.0031,0.0573
888,6,1,0,-0.008,-0.032,-1.000,-1.000,1,1,-0.000,0.000,0.000,0,1.000,0,0,0.2483,-0.0031,0.0573
889,6,1,0,-0.055,-0.032,-1.000,-1.000,1,1,-0.000,0.000,0.000,0,1.000,0,0,0.2483,-0.0031,0.0573
890,6,1,0,-0.008,-0.110,-1.000,-1.000,1,1,-0.000,0.000,0.000,0,1.000,0,0,0.2483,-0.0031,0.0573
891,6,1,0,0.016,-0.866,-1.000,-1.000,1,1,-0.000,-0.822,0.000,0,1.000,0,0,0.2485,-0.0033,0.0573
892,6,1,0,0.031,-1.000,-1.000,-1.000,1,1,-0.000,-1.000,0.000,0,1.000,0,0,0.2488,-0.0042,0.0570
893,6,1,0,0.031,-0.465,-1.000,-1.000,1,1,-0.000,-0.286,0.000,0,1.000,0,0,0.2497,-0.0054,0.0569
894,6,1,0,0.008,-0.024,-1.000,-1.000,1,1,-0.000,0.000,0.000,0,1.000,0,0,0.2498,-0.0059,0.0567
895,6,1,0,0.008,-0.024,-1.000,-1.000,1,1,-0.000,0.000,0.000,0,1.000,0,0,0.2499,-0.0059,0.0567
896,6,1,0,0.008,0.016,-1.000,-1.000,1,1,-0.000,0.000,0.000,0,1.000,0,0,0.2499,-0.0059,0.0568
897,6,1,0,0.087,0.882,-1.000,-1.000,1,1,-0.000,0.842,0.000,0,1.000,0,0,0.2498,-0.0056,0.0568
898,6,1,0,0.087,0.842,-1.000,-1.000,1,1,-0.000,0.790,0.000,0,1.000,0,0,0.2490,-0.0043,0.0570
899,6,1,0,0.016,0.000,-1.000,-1.000,1,1,-0.000,0.000,0.000,0,1.000,0,0,0.2486,-0.0036,0.0570
900,6,1,0,0.016,-0.055,-1.000,-1.000,1,1,-0.000,0.000,0.000,0,1.000,0,0,0.2485,-0.0034,0.0571
901,6,1,0,0.000,-0.071,-1.000,-1.000,1,1,-0.000,0.000,0.000,0,1.000,0,0,0.2485,-0.0034,0.0571
902,6,1,0,-0.772,-0.252,-1.000,-1.000,1,1,0.696,-0.003,0.000,0,1.000,0,0,0.2486,-0.0035,0.0571
903,6,1,0,-0.984,-0.260,-1.000,-1.000,1,1,0.979,-0.013,0.000,0,0.977,0,0,0.2489,-0.0042,0.0570
904,6,1,0,0.008,-0.095,-1.000,-1.000,1,1,-0.000,0.000,0.000,0,1.000,0,0,0.2493,-0.0047,0.0571
905,6,1,0,0.654,-0.150,-1.000,-1.000,1,1,-0.538,0.000,0.000,0,1.000,0,0,0.2492,-0.0047,0.0570
906,6,1,0,1.000,-0.213,-1.000,-1.000,1,1,-1.000,0.000,0.000,0,1.000,0,0,0.2488,-0.0041,0.0569
907,6,1,0,1.000,-0.213,-1.000,-1.000,1,1,-1.000,0.000,0.000,0,1.000,0,0,0.2484,-0.0033,0.0570
908,6,1,0,1.000,-0.213,-1.000,-1.000,1,1,-1.000,0.000,0.000,0,1.000,0,0,0.2483,-0.0030,0.0572
909,6,1,0,-0.008,-0.063,-1.000,-1.000,1,1,-0.000,0.000,0.000,0,1.000,0,0,0.2482,-0.0029,0.0573
910,6,1,0,-1.000,0.000,-1.000,-1.000,1,1,1.000,0.000,0.000,0,0.973,0,0,0.2482,-0.0030,0.0575
911,6,1,0,-1.000,0.118,-1.000,-1.000,1,1,1.000,0.000,0.000,0,0.947,0,0,0.2484,-0.0032,0.0572
912,6,1,0,-0.236,0.055,-1.000,-1.000,1,1,-0.000,0.000,0.000,0,1.000,0,0,0.2485,-0.0033,0.0569
913,6,1,0,0.024,-0.039,-1.000,-1.000,1,1,-0.000,0.000,0.000,0,1.000,0,0,0.2485,-0.0034,0.0570
914,6,1,0,0.031,-0.039,-1.000,-1.000,1,1,-0.000,0.000,0.000,0,1.000,0,0,0.2485,-0.0034,0.0570
915,6,1,0,0.008,-0.039,-1.000,-1.000,1,1,-0.000,0.000,0.000,0,1.000,0,0,0.2485,-0.0034,0.0570
916,6,1,0,0.008,-0.039,-1.000,-1.000,1,1,-0.000,0.000,0.000,0,1.000,0,0,0.2485,-0.0034,0.0570
917,6,1,0,-0.008,-0.039,-1.000,-1.000,1,1,-0.000,0.000,0.000,0,1.000,0,0,0.2485,-0.0034,0.0570
918,6,1,0,-0.063,-0.039,-1.000,-1.000,1,1,-0.000,0.000,0.000,0,1.000,0,0,0.2485,-0.0034,0.0570
919,6,1,0,-0.780,-0.528,-1.000,-1.000,1,1,0.706,-0.370,0.000,0,1.000,0,0,0.2487,-0.0036,0.0571
920,6,1,0,0.016,-0.260,-1.000,-1.000,1,1,-0.000,-0.013,0.000,0,1.000,0,0,0.2491,-0.0046,0.0572
921,6,1,0,0.016,-0.095,-1.000,-1.000,1,1,-0.000,0.000,0.000,0,1.000,0,0,0.2491,-0.0045,0.0570
922,6,1,0,0.016,-0.071,-1.000,-1.000,1,1,-0.000,0.000,0.000,0,1.000,0,0,0.2491,-0.0046,0.0570
923,6,1,0,0.016,-0.063,-1.000,-1.000,1,1,-0.000,0.000,0.000,0,1.000,0,0,0.2491,-0.0046,0.0570
924,6,1,0,0.016,-0.063,-1.000,-1.000,1,1,-0.000,0.000,0.000,0,1.000,0,0,0.2491,-0.0046,0.0570
925,6,1,0,-0.032,-0.063,-1.000,-1.000,1,1,-0.000,0.000,0.000,0,1.000,0,0,0.2491,-0.0046,0.0570
926,6,1,0,-0.559,-0.024,-1.000,-1.000,1,1,0.412,0.000,0.000,0,1.000,0,0,0.2492,-0.0047,0.0570
927,6,1,0,-0.457,-0.039,-1.000,-1.000,1,1,0.276,0.000,0.000,0,1.000,0,0,0.2494,-0.0051,0.0572
928,6,1,0,-0.039,0.000,-1.000,-1.000,1,1,-0.000,0.000,0.000,0,1.000,0,0,0.2495,-0.0052,0.0571
929,6,1,0,-0.032,-0.016,-1.000,-1.000,1,1,-0.000,0.000,0.000,0,1.000,0,0,0.2495,-0.0052,0.0570
930,6,1,0,-0.039,-0.016,-1.000,-1.000,1,1,-0.000,0.000,0.000,0,1.000,0,0,0.2495,-0.0053,0.0570
931,6,1,0,-0.339,0.000,-1.000,-1.000,1,1,0.118,0.000,0.000,0,1.000,0,0,0.2495,-0.0053,0.0570
932,6,1,0,-0.158,0.000,-1.000,-1.000,1,1,-0.000,0.000,0.000,0,1.000,0,0,0.2496,-0.0054,0.0571
933,6,1,0,0.000,-0.032,-1.000,-1.000,1,1,-0.000,0.000,0.000,0,1.000,0,0,0.2496,-0.0054,0.0570
934,6,1,0,0.000,-0.039,-1.000,-1.000,1,1,-0.000,0.000,0.000,0,1.000,0,0,0.2496,-0.0054,0.0570
935,6,1,0,0.008,-0.039,-1.000,-1.000,1,1,-0.000,0.000,0.000,0,1.000,0,0,0.2496,-0.0054,0.0570
936,6,1,0,0.000,-0.039,-1.000,-1.000,1,1,-0.000,0.000,0.000,0,1.000,0,0,0.2496,-0.0054,0.0570
937,6,1,0,0.000,-0.039,-1.000,-1.000,1,1,-0.000,0.000,0.000,0,1.000,0,0,0.2496,-0.0054,0.0570
938,6,1,0,0.000,-0.039,-1.000,-1.000,1,1,-0.000,0.000,0.000,0,1.000,0,0,0.2496,-0.0054,0.0570
939,6,1,0,0.000,-0.039,-1.000,-1.000,1,1,-0.000,0.000,0.000,0,1.000,0,0,0.2496,-0.0054,0.0570
940,6,1,0,0.000,-0.039,-1.000,-1.000,1,1,-0.000,0.000,0.000,0,1.000,0,0,0.2496,-0.0054,0.0570
941,6,1,0,0.000,-0.039,-1.000,-1.000,1,1,-0.000,0.000,0.000,0,1.000,0,0,0.2496,-0.0054,0.0570
942,6,1,0,0.000,-0.039,-1.000,-1.000,1,1,-0.000,0.000,0.000,0,1.000,0,0,0.2496,-0.0054,0.0570
943,6,0,0,0.000,-0.039,-1.000,-1.000,1,1,0.000,0.000,0.000,0,1.000,0,0,0.2496,-0.0054,0.0570
944,6,0,0,0.000,-0.039,-1.000,-1.000,1,1,0.000,0.000,0.000,0,1.000,0,0,0.2496,-0.0054,0.0570
945,6,0,0,0.000,-0.039,-1.000,-1.000,1,1,0.000,0.000,0.000,0,1.000,0,0,0.2496,-0.0054,0.0570
946,6,0,0,0.000,-0.039,-1.000,-1.000,1,1,0.000,0.000,0.000,0,1.000,0,0,0.2496,-0.0054,0.0570
947,6,0,0,0.000,-0.039,-1.000,-1.000,1,1,0.000,0.000,0.000,0,1.000,0,0,0.2496,-0.0054,0.0570
948,6,0,0,0.000,-0.039,-1.000,-1.000,1,1,0.000,0.000,0.000,0,1.000,0,0,0.2496,-0.0054,0.0570
949,6,0,0,0.000,-0.039,-1.000,-1.000,1,1,0.000,0.000,0.000,0,1.000,0,0,0.2496,-0.0054,0.0570
950,6,0,0,0.000,-0.039,-1.000,-1.000,1,1,0.000,0.000,0.000,0,1.000,0,0,0.2496,-0.0054,0.0570
951,6,0,0,0.000,-0.039,-1.000,-1.000,1,1,0.000,0.000,0.000,0,1.000,0,0,0.2496,-0.0054,0.0570
952,6,0,0,0.000,-0.039,-1.000,-1.000,1,1,0.000,0.000,0.000,0,1.000,0,0,0.2496,-0.0054,0.0570
953,6,0,0,0.000,-0.039,-1.000,-1.000,1,1,0.000,0.000,0.000,0,1.000,0,0,0.2496,-0.0054,0.0570
954,7,0,0,0.000,-0.039,-1.000,-1.000,1,1,0.000,0.000,0.000,0,0.200,0,0,0.2494,-0.0050,0.0613
955,7,0,0,0.000,-0.039,-1.000,-1.000,1,1,0.000,0.000,0.000,0,0.400,0,0,0.2494,-0.0046,0.0580
956,7,0,0,0.000,-0.039,-1.000,-1.000,1,1,0.000,0.000,0.000,0,0.600,0,0,0.2493,-0.0047,0.0570
957,7,0,0,0.000,-0.039,-1.000,-1.000,1,1,0.000,0.000,0.000,0,0.800,0,0,0.2493,-0.0048,0.0572
958,7,0,0,0.000,-0.039,-1.000,-1.000,1,1,0.000,0.000,0.000,0,1.000,0,0,0.2491,-0.0046,0.0573
959,7,0,0,0.000,-0.039,-1.000,-1.000,1,1,0.000,0.000,0.000,0,1.000,0,0,0.2491,-0.0045,0.0572
960,7,0,0,0.000,-0.039,-1.000,-1.000,1,1,0.000,0.000,0.000,0,1.000,0,0,0.2491,-0.0045,0.0572
961,7,0,0,0.000,-0.039,-1.000,-1.000,1,1,0.000,0.000,0.000,0,1.000,0,0,0.2490,-0.0045,0.0572
962,7,0,0,0.000,-0.039,-1.000,-1.000,1,1,0.000,0.000,0.000,0,1.000,0,0,0.2490,-0.0045,0.0572
963,7,0,0,0.000,-0.039,-1.000,-1.000,1,1,0.000,0.000,0.000,0,1.000,0,0,0.2490,-0.0045,0.0572
964,7,0,0,0.000,-0.039,-1.000,-1.000,1,1,0.000,0.000,0.000,0,1.000,0,0,0.2491,-0.0045,0.0572
965,7,0,0,0.000,-0.039,-1.000,-1.000,1,1,0.000,0.000,0.000,0,1.000,0,0,0.2491,-0.0045,0.0572
966,7,0,0,0.000,-0.039,-1.000,-1.000,1,1,0.000,0.000,0.000,0,1.000,0,0,0.2490,-0.0045,0.0572
967,7,0,0,0.000,-0.039,-1.000,-1.000,1,1,0.000,0.000,0.000,0,1.000,0,0,0.2490,-0.0045,0.0572
968,7,0,0,0.000,-0.039,-1.000,-1.000,1,1,0.000,0.000,0.000,0,1.000,0,0,0.2490,-0.0045,0.0572
969,7,0,0,0.000,-0.039,-1.000,-1.000,1,1,0.000,0.000,0.000,0,1.000,0,0,0.2490,-0.0045,0.0572
970,7,0,0,0.000,-0.039,-1.000,-1.000,1,1,0.000,0.000,0.000,0,1.000,0,0,0.2490,-0.0045,0.0572
971,7,0,0,0.000,-0.039,-1.000,-1.000,1,1,0.000,0.000,0.000,0,1.000,0,0,0.2491,-0.0045,0.0572
972,7,0,0,0.000,-0.039,-1.000,-1.000,1,1,0.000,0.000,0.000,0,1.000,0,0,0.2490,-0.0045,0.0572
973,7,0,0,0.000,-0.039,-1.000,-1.000,1,1,0.000,0.000,0.000,0,1.000,0,0,0.2490,-0.0045,0.0572
974,7,0,0,0.000,-0.039,-1.000,-1.000,1,1,0.000,0.000,0.000,0,1.000,0,0,0.2490,-0.0045,0.0572
975,7,0,0,0.000,-0.039,-1.000,-1.000,1,1,0.000,0.000,0.000,0,1.000,0,0,0.2490,-0.0045,0.0572
976,7,0,0,0.000,-0.039,-1.000,-1.000,1,1,0.000,0.000,0.000,0,1.000,0,0,0.2490,-0.0045,0.0572
977,7,0,0,0.000,-0.039,-1.000,-1.000,1,1,0.000,0.000,0.000,0,1.000,0,0,0.2490,-0.0045,0.0572
978,7,0,0,0.000,-0.039,-1.000,-1.000,1,1,0.000,0.000,0.000,0,1.000,0,0,0.2490,-0.0045,0.0572
979,7,0,0,0.000,-0.039,-1.000,-1.000,1,1,0.000,0.000,0.000,0,1.000,0,0,0.2490,-0.0045,0.0572
980,7,0,0,0.000,-0.039,-1.000,-1.000,1,1,0.000,0.000,0.000,0,1.000,0,0,0.2490,-0.0045,0.0572
981,7,0,0,0.000,-0.039,-1.000,-1.000,1,1,0.000,0.000,0.000,0,1.000,0,0,0.2490,-0.0045,0.0572
982,7,0,0,0.000,-0.039,-1.000,-1.000,1,1,0.000,0.000,0.000,0,1.000,0,0,0.2490,-0.0045,0.0572
983,7,0,0,0.000,-0.039,-1.000,-1.000,1,1,0.000,0.000,0.000,0,1.000,0,0,0.2490,-0.0045,0.0572
984,7,0,0,0.000,-0.039,-1.000,-1.000,1,1,0.000,0.000,0.000,0,1.000,0,0,0.2490,-0.0045,0.0572
985,7,0,0,0.000,-0.039,-1.000,-1.000,1,1,0.000,0.000,0.000,0,1.000,0,0,0.2490,-0.0045,0.0572
986,7,0,0,0.000,-0.039,-1.000,-1.000,1,1,0.000,0.000,0.000,0,1.000,0,0,0.2490,-0.0045,0.0572
987,7,0,0,0.000,-0.032,-1.000,-1.000,1,1,0.000,0.000,0.000,0,1.000,0,0,0.2490,-0.0045,0.0572
988,7,0,0,0.000,-0.039,-1.000,-1.000,1,1,0.000,0.000,0.000,0,1.000,0,0,0.2490,-0.0045,0.0572
989,7,0,0,0.000,-0.039,-1.000,-1.000,1,1,0.000,0.000,0.000,0,1.000,0,0,0.2490,-0.0045,0.0572
990,7,0,0,0.000,-0.039,-1.000,-1.000,1,1,0.000,0.000,0.000,0,1.000,0,0,0.2490,-0.0045,0.0572
991,7,0,0,0.000,-0.039,-1.000,-1.000,1,1,0.000,0.000,0.000,0,1.000,0,0,0.2490,-0.0045,0.0572
992,7,0,0,0.000,-0.039,-1.000,-1.000,1,1,0.000,0.000,0.000,0,1.000,0,0,0.2490,-0.0045,0.0572
993,7,0,0,0.000,-0.039,-1.000,-1.000,1,1,0.000,0.000,0.000,0,1.000,0,0,0.2490,-0.0045,0.0572
994,7,0,0,0.000,-0.032,-1.000,-1.000,1,1,0.000,0.000,0.000,0,1.000,0,0,0.2490,-0.0045,0.0572
995,7,0,0,0.000,-0.039,-1.000,-1.000,1,1,0.000,0.000,0.000,0,1.000,0,0,0.2490,-0.0045,0.0572
996,7,0,0,0.000,-0.039,-1.000,-1.000,1,1,0.000,0.000,0.000,0,1.000,0,0,0.2490,-0.0045,0.0572
997,7,0,0,0.000,-0.039,-1.000,-1.000,1,1,0.000,0.000,0.000,0,1.000,0,0,0.2490,-0.0045,0.0572
998,7,0,0,0.000,-0.039,-1.000,-1.000,1,1,0.000,0.000,0.000,0,1.000,0,0,0.2490,-0.0045,0.0572
999,7,0,0,0.000,-0.039,-1.000,-1.000,1,1,0.000,0.000,0.000,0,1.000,0,0,0.2490,-0.0045,0.0572
1000,7,0,0,0.000,-0.039,-1.000,-1.000,1,1,0.000,0.000,0.000,0,1.000,0,0,0.2490,-0.0045,0.0572
1001,7,0,0,0.000,-0.032,-1.000,-1.000,1,1,0.000,0.000,0.000,0,1.000,0,0,0.2490,-0.0045,0.0572
1002,7,0,0,0.000,-0.039,-1.000,-1.000,1,1,0.000,0.000,0.000,0,1.000,0,0,0.2490,-0.0045,0.0572
1003,7,0,0,0.000,-0.039,-1.000,-1.000,1,1,0.000,0.000,0.000,0,1.000,0,0,0.2490,-0.0045,0.0572
1004,7,0,0,0.000,-0.039,-1.000,-1.000,1,1,0.000,0.000,0.000,0,1.000,0,0,0.2490,-0.0045,0.0572
1005,7,0,0,0.000,-0.032,-1.000,-1.000,1,1,0.000,0.000,0.000,0,1.000,0,0,0.2490,-0.0045,0.0572
1006,7,0,0,0.000,-0.039,-1.000,-1.000,1,1,0.000,0.000,0.000,0,1.000,0,0,0.2490,-0.0045,0.0572
1007,7,0,0,0.000,-0.039,-1.000,-1.000,1,1,0.000,0.000,0.000,0,1.000,0,0,0.2490,-0.0045,0.0572
1008,7,0,0,0.000,-0.039,-1.000,-1.000,1,1,0.000,0.000,0.000,0,1.000,0,0,0.2490,-0.0045,0.0572
1009,7,0,0,0.000,-0.039,-1.000,-1.000,1,1,0.000,0.000,0.000,0,1.000,0,0,0.2490,-0.0045,0.0572
1010,7,0,0,0.000,-0.039,-1.000,-1.000,1,1,0.000,0.000,0.000,0,1.000,0,0,0.2490,-0.0045,0.0572
1011,7,0,0,0.000,-0.039,-1.000,-1.000,1,1,0.000,0.000,0.000,0,1.000,0,0,0.2490,-0.0045,0.0572
1012,7,0,0,0.000,-0.039,-1.000,-1.000,1,1,0.000,0.000,0.000,0,1.000,0,0,0.2490,-0.0045,0.0572
1013,7,0,0,0.000,-0.039,-1.000,-1.000,1,1,0.000,0.000,0.000,0,1.000,0,0,0.2490,-0.0045,0.0572
1014,7,0,0,0.000,-0.039,-1.000,-1.000,1,1,0.000,0.000,0.000,0,1.000,0,0,0.2490,-0.0045,0.0572
1015,7,0,0,0.000,-0.039,-1.000,-1.000,1,1,0.000,0.000,0.000,0,1.000,0,0,0.2490,-0.0045,0.0572
1016,7,0,0,0.000,-0.039,-1.000,-1.000,1,1,0.000,0.000,0.000,0,1.000,0,0,0.2490,-0.0045,0.0572
1017,7,0,0,0.000,-0.039,-1.000,-1.000,1,1,0.000,0.000,0.000,0,1.000,0,0,0.2490,-0.0045,0.0572
1018,7,0,0,0.000,-0.039,-1.000,-1.000,1,1,0.000,0.000,0.000,0,1.000,0,0,0.2490,-0.0045,0.0572
1019,7,0,0,0.000,-0.039,-1.000,-1.000,1,1,0.000,0.000,0.000,0,1.000,0,0,0.2490,-0.0045,0.0572
1020,7,0,0,0.000,-0.039,-1.000,-1.000,1,1,0.000,0.000,0.000,0,1.000,0,0,0.2490,-0.0045,0.0572
1021,7,0,0,0.000,-0.039,-1.000,-1.000,1,1,0.000,0.000,0.000,0,1.000,0,0,0.2490,-0.0045,0.0572
1022,7,0,0,0.000,-0.039,-1.000,-1.000,1,1,0.000,0.000,0.000,0,1.000,0,0,0.2490,-0.0045,0.0572
1023,7,0,0,0.000,-0.032,-1.000,-1.000,1,1,0.000,0.000,0.000,0,1.000,0,0,0.2490,-0.0045,0.0572
1024,7,0,0,0.000,-0.032,-1.000,-1.000,1,1,0.000,0.000,0.000,0,1.000,0,0,0.2490,-0.0045,0.0572
1025,7,0,0,0.000,-0.039,-1.000,-1.000,1,1,0.000,0.000,0.000,0,1.000,0,0,0.2490,-0.0045,0.0572
1026,7,0,0,0.000,-0.039,-1.000,-1.000,1,1,0.000,0.000,0.000,0,1.000,0,0,0.2490,-0.0045,0.0572
1027,7,0,0,0.000,-0.039,-1.000,-1.000,1,1,0.000,0.000,0.000,0,1.000,0,0,0.2490,-0.0045,0.0572
1028,7,0,0,0.000,-0.039,-1.000,-1.000,1,1,0.000,0.000,0.000,0,1.000,0,0,0.2490,-0.0045,0.0572
1029,7,0,0,0.000,-0.039,-1.000,-1.000,1,1,0.000,0.000,0.000,0,1.000,0,0,0.2490,-0.0045,0.0572
1030,7,0,0,0.000,-0.039,-1.000,-1.000,1,1,0.000,0.000,0.000,0,1.000,0,0,0.2490,-0.0045,0.0572
1031,7,0,0,0.000,-0.039,-1.000,-1.000,1,1,0.000,0.000,0.000,0,1.000,0,0,0.2490,-0.0045,0.0572
1032,7,0,0,0.000,-0.039,-1.000,-1.000,1,1,0.000,0.000,0.000,0,1.000,0,0,0.2490,-0.0045,0.0572
1033,7,0,0,0.000,-0.039,-1.000,-1.000,1,1,0.000,0.000,0.000,0,1.000,0,0,0.2490,-0.0045,0.0572
1034,7,0,0,0.000,-0.039,-1.000,-1.000,1,1,0.000,0.000,0.000,0,1.000,0,0,0.2490,-0.0045,0.0572
1035,7,0,0,0.000,-0.039,-1.000,-1.000,1,1,0.000,0.000,0.000,0,1.000,0,0,0.2490,-0.0045,0.0572
1036,7,0,0,0.000,-0.039,-1.000,-1.000,1,1,0.000,0.000,0.000,0,1.000,0,0,0.2490,-0.0045,0.0572
1037,7,0,0,0.000,-0.039,-1.000,-1.000,1,1,0.000,0.000,0.000,0,1.000,0,0,0.2490,-0.0045,0.0572
1038,7,0,0,0.000,-0.039,-1.000,-1.000,1,1,0.000,0.000,0.000,0,1.000,0,0,0.2490,-0.0045,0.0572
1039,7,0,0,0.000,-0.039,-1.000,-1.000,1,1,0.000,0.000,0.000,0,1.000,0,0,0.2490,-0.0045,0.0572
1040,7,0,0,0.000,-0.039,-1.000,-1.000,1,1,0.000,0.000,0.000,0,1.000,0,0,0.2490,-0.0045,0.0572
1041,7,0,0,0.000,-0.032,-1.000,-1.000,1,1,0.000,0.000,0.000,0,1.000,0,0,0.2490,-0.0045,0.0572
1042,7,0,0,0.000,-0.039,-1.000,-1.000,1,1,0.000,0.000,0.000,0,1.000,0,0,0.2490,-0.0045,0.0572
1043,7,0,0,0.000,-0.039,-1.000,-1.000,1,1,0.000,0.000,0.000,0,1.000,0,0,0.2490,-0.0045,0.0572
1044,7,0,0,0.000,-0.039,-1.000,-1.000,1,1,0.000,0.000,0.000,0,1.000,0,0,0.2490,-0.0045,0.0572
1045,7,0,0,0.000,-0.039,-1.000,-1.000,1,1,0.000,0.000,0.000,0,1.000,0,0,0.2490,-0.0045,0.0572
1046,7,0,0,0.000,-0.039,-1.000,-1.000,1,1,0.000,0.000,0.000,0,1.000,0,0,0.2490,-0.0045,0.0572
1047,7,0,0,0.000,-0.039,-1.000,-1.000,1,1,0.000,0.000,0.000,0,1.000,0,0,0.2490,-0.0045,0.0572
1048,7,0,0,0.000,-0.039,-1.000,-1.000,1,1,0.000,0.000,0.000,0,1.000,0,0,0.2490,-0.0045,0.0572
1049,7,0,0,0.000,-0.039,-1.000,-1.000,1,1,0.000,0.000,0.000,0,1.000,0,0,0.2490,-0.0045,0.0572
1050,7,0,0,0.000,-0.039,-1.000,-1.000,1,1,0.000,0.000,0.000,0,1.000,0,0,0.2490,-0.0045,0.0572
1051,7,0,0,0.000,-0.039,-1.000,-1.000,1,1,0.000,0.000,0.000,0,1.000,0,0,0.2490,-0.0045,0.0572
1052,7,0,0,0.000,-0.039,-1.000,-1.000,1,1,0.000,0.000,0.000,0,1.000,0,0,0.2490,-0.0045,0.0572
1053,7,0,0,0.000,-0.039,-1.000,-1.000,1,1,0.000,0.000,0.000,0,1.000,0,0,0.2490,-0.0045,0.0572
1054,7,0,0,0.000,-0.039,-1.000,-1.000,1,1,0.000,0.000,0.000,0,1.000,0,0,0.2490,-0.0045,0.0572
1055,7,0,0,0.000,-0.039,-1.000,-1.000,1,1,0.000,0.000,0.000,0,1.000,0,0,0.2490,-0.0045,0.0572
1056,7,0,0,0.000,-0.039,-1.000,-1.000,1,1,0.000,0.000,0.000,0,1.000,0,0,0.2490,-0.0045,0.0572
1057,7,0,0,0.000,-0.039,-1.000,-1.000,1,1,0.000,0.000,0.000,0,1.000,0,0,0.2490,-0.0045,0.0572
1058,7,0,0,0.000,-0.039,-1.000,-1.000,1,1,0.000,0.000,0.000,0,1.000,0,0,0.2490,-0.0045,0.0572
1059,7,0,0,0.000,-0.039,-1.000,-1.000,1,1,0.000,0.000,0.000,0,1.000,0,0,0.2490,-0.0045,0.0572
1060,7,0,0,0.000,-0.039,-1.000,-1.000,1,1,0.000,0.000,0.000,0,1.000,0,0,0.2490,-0.0045,0.0572
1061,7,0,0,0.000,-0.039,-1.000,-1.000,1,1,0.000,0.000,0.000,0,1.000,0,0,0.2490,-0.0045,0.0572
1062,7,0,0,0.000,-0.039,-1.000,-1.000,1,1,0.000,0.000,0.000,0,1.000,0,0,0.2490,-0.0045,0.0572
1063,7,0,0,0.000,-0.039,-1.000,-1.000,1,1,0.000,0.000,0.000,0,1.000,0,0,0.2490,-0.0045,0.0572
1064,7,0,0,0.000,-0.032,-1.000,-1.000,1,1,0.000,0.000,0.000,0,1.000,0,0,0.2490,-0.0045,0.0572
1065,7,0,0,0.000,-0.039,-1.000,-1.000,1,1,0.000,0.000,0.000,0,1.000,0,0,0.2490,-0.0045,0.0572
1066,7,0,0,0.000,-0.039,-1.000,-1.000,1,1,0.000,0.000,0.000,0,1.000,0,0,0.2490,-0.0045,0.0572
1067,7,0,0,0.000,-0.039,-1.000,-1.000,1,1,0.000,0.000,0.000,0,1.000,0,0,0.2490,-0.0045,0.0572
1068,7,0,0,0.000,-0.039,-1.000,-1.000,1,1,0.000,0.000,0.000,0,1.000,0,0,0.2490,-0.0045,0.0572
1069,7,0,0,0.000,-0.039,-1.000,-1.000,1,1,0.000,0.000,0.000,0,1.000,0,0,0.2490,-0.0045,0.0572
1070,7,0,0,0.000,-0.039,-1.000,-1.000,1,1,0.000,0.000,0.000,0,1.000,0,0,0.2490,-0.0045,0.0572
1071,7,0,0,0.000,-0.039,-1.000,-1.000,1,1,0.000,0.000,0.000,0,1.000,0,0,0.2490,-0.0045,0.0572
1072,7,0,0,0.000,-0.039,-1.000,-1.000,1,1,0.000,0.000,0.000,0,1.000,0,0,0.2490,-0.0045,0.0572
1073,7,0,0,0.000,-0.039,-1.000,-1.000,1,1,0.000,0.000,0.000,0,1.000,0,0,0.2490,-0.0045,0.0572
1074,7,0,0,0.000,-0.039,-1.000,-1.000,1,1,0.000,0.000,0.000,0,1.000,0,0,0.2490,-0.0045,0.0572
1075,7,0,0,0.000,-0.039,-1.000,-1.000,1,1,0.000,0.000,0.000,0,1.000,0,0,0.2490,-0.0045,0.0572
1076,7,0,0,0.000,-0.039,-1.000,-1.000,1,1,0.000,0.000,0.000,0,1.000,0,0,0.2490,-0.0045,0.0572
1077,7,0,0,0.000,-0.039,-1.000,-1.000,1,1,0.000,0.000,0.000,0,1.000,0,0,0.2490,-0.0045,0.0572
1078,7,0,0,0.000,-0.039,-1.000,-1.000,1,1,0.000,0.000,0.000,0,1.000,0,0,0.2490,-0.0045,0.0572
1079,7,0,0,0.000,-0.039,-1.000,-1.000,1,1,0.000,0.000,0.000,0,1.000,0,0,0.2490,-0.0045,0.0572
1080,7,0,0,0.000,-0.039,-1.000,-1.000,1,1,0.000,0.000,0.000,0,1.000,0,0,0.2490,-0.0045,0.0572
1081,7,0,0,0.000,-0.039,-1.000,-1.000,1,1,0.000,0.000,0.000,0,1.000,0,0,0.2490,-0.0045,0.0572
1082,7,0,0,0.000,-0.039,-1.000,-1.000,1,1,0.000,0.000,0.000,0,1.000,0,0,0.2490,-0.0045,0.0572
1083,7,0,0,0.000,-0.032,-1.000,-1.000,1,1,0.000,0.000,0.000,0,1.000,0,0,0.2490,-0.0045,0.0572
1084,7,0,0,0.000,-0.039,-1.000,-1.000,1,1,0.000,0.000,0.000,0,1.000,0,0,0.2490,-0.0045,0.0572
1085,7,0,0,0.000,-0.039,-1.000,-1.000,1,1,0.000,0.000,0.000,0,1.000,0,0,0.2490,-0.0045,0.0572
1086,7,0,0,0.000,-0.039,-1.000,-1.000,1,1,0.000,0.000,0.000,0,1.000,0,0,0.2490,-0.0045,0.0572
1087,7,0,0,0.000,-0.039,-1.000,-1.000,1,1,0.000,0.000,0.000,0,1.000,0,0,0.2490,-0.0045,0.0572
1088,7,0,0,0.000,-0.039,-1.000,-1.000,1,1,0.000,0.000,0.000,0,1.000,0,0,0.2490,-0.0045,0.0572
1089,7,0,0,0.000,-0.039,-1.000,-1.000,1,1,0.000,0.000,0.000,0,1.000,0,0,0.2490,-0.0045,0.0572
1090,7,0,0,0.000,-0.039,-1.000,-1.000,1,1,0.000,0.000,0.000,0,1.000,0,0,0.2490,-0.0045,0.0572
1091,7,0,0,0.000,-0.039,-1.000,-1.000,1,1,0.000,0.000,0.000,0,1.000,0,0,0.2490,-0.0045,0.0572
1092,7,0,0,0.000,-0.039,-1.000,-1.000,1,1,0.000,0.000,0.000,0,1.000,0,0,0.2490,-0.0045,0.0572
1093,7,0,0,0.000,-0.039,-1.000,-1.000,1,1,0.000,0.000,0.000,0,1.000,0,0,0.2490,-0.0045,0.0572
1094,7,0,0,0.000,-0.039,-1.000,-1.000,1,1,0.000,0.000,0.000,0,1.000,0,0,0.2490,-0.0045,0.0572
1095,7,0,0,0.000,-0.039,-1.000,-1.000,1,1,0.000,0.000,0.000,0,1.000,0,0,0.2490,-0.0045,0.0572
1096,7,0,0,0.000,-0.032,-1.000,-1.000,1,1,0.000,0.000,0.000,0,1.000,0,0,0.2490,-0.0045,0.0572
1097,7,0,0,0.000,-0.039,-1.000,-1.000,1,1,0.000,0.000,0.000,0,1.000,0,0,0.2490,-0.0045,0.0572
1098,7,0,0,0.000,-0.039,-1.000,-1.000,1,1,0.000,0.000,0.000,0,1.000,0,0,0.2490,-0.0045,0.0572
1099,7,0,0,0.000,-0.039,-1.000,-1.000,1,1,0.000,0.000,0.000,0,1.000,0,0,0.2490,-0.0045,0.0572
1100,7,0,0,0.000,-0.039,-1.000,-1.000,1,1,0.000,0.000,0.000,0,1.000,0,0,0.2490,-0.0045,0.0572
1101,7,0,0,0.000,-0.039,-1.000,-1.000,1,1,0.000,0.000,0.000,0,1.000,0,0,0.2490,-0.0045,0.0572
1102,7,0,0,0.000,-0.039,-1.000,-1.000,1,1,0.000,0.000,0.000,0,1.000,0,0,0.2490,-0.0045,0.0572
1103,7,0,0,0.000,-0.039,-1.000,-1.000,1,1,0.000,0.000,0.000,0,1.000,0,0,0.2490,-0.0045,0.0572
1104,7,0,0,0.000,-0.039,-1.000,-1.000,1,1,0.000,0.000,0.000,0,1.000,0,0,0.2490,-0.0045,0.0572
1105,7,0,0,0.000,-0.039,-1.000,-1.000,1,1,0.000,0.000,0.000,0,1.000,0,0,0.2490,-0.0045,0.0572
1106,7,0,0,0.000,-0.039,-1.000,-1.000,1,1,0.000,0.000,0.000,0,1.000,0,0,0.2490,-0.0045,0.0572
1107,7,0,0,0.000,-0.039,-1.000,-1.000,1,1,0.000,0.000,0.000,0,1.000,0,0,0.2490,-0.0045,0.0572
1108,7,0,0,0.000,-0.039,-1.000,-1.000,1,1,0.000,0.000,0.000,0,1.000,0,0,0.2490,-0.0045,0.0572
1109,7,0,0,0.000,-0.039,-1.000,-1.000,1,1,0.000,0.000,0.000,0,1.000,0,0,0.2490,-0.0045,0.0572
1110,8,0,0,0.000,-0.039,-1.000,-1.000,1,1,0.000,0.000,0.000,0,0.250,0,0,0.2493,-0.0046,0.0617
1111,8,0,0,0.000,-0.039,-1.000,-1.000,1,1,0.000,0.000,0.000,0,0.500,0,0,0.2491,-0.0043,0.0581
1112,8,0,0,0.000,-0.039,-1.000,-1.000,1,1,0.000,0.000,0.000,0,0.750,0,0,0.2491,-0.0046,0.0572
1113,8,0,0,0.000,-0.039,-1.000,-1.000,1,1,0.000,0.000,0.000,0,1.000,0,0,0.2490,-0.0045,0.0573
1114,8,0,0,0.000,-0.039,-1.000,-1.000,1,1,0.000,0.000,0.000,0,1.000,0,0,0.2490,-0.0045,0.0572
1115,8,0,0,0.000,-0.039,-1.000,-1.000,1,1,0.000,0.000,0.000,0,1.000,0,0,0.2490,-0.0045,0.0572
1116,8,0,0,0.000,-0.032,-1.000,-1.000,1,1,0.000,0.000,0.000,0,1.000,0,0,0.2490,-0.0045,0.0573
1117,8,0,0,0.000,-0.039,-1.000,-1.000,1,1,0.000,0.000,0.000,0,1.000,0,0,0.2490,-0.0045,0.0573
1118,8,0,0,0.000,-0.039,-1.000,-1.000,1,1,0.000,0.000,0.000,0,1.000,0,0,0.2490,-0.0045,0.0573
1119,8,0,0,0.000,-0.039,-1.000,-1.000,1,1,0.000,0.000,0.000,0,1.000,0,0,0.2490,-0.0045,0.0573
1120,8,0,0,0.000,-0.039,-1.000,-1.000,1,1,0.000,0.000,0.000,0,1.000,0,0,0.2490,-0.0045,0.0573
1121,8,0,0,0.000,-0.039,-1.000,-1.000,1,1,0.000,0.000,0.000,0,1.000,0,0,0.2490,-0.0045,0.0573
1122,8,0,0,0.000,-0.039,-1.000,-1.000,1,1,0.000,0.000,0.000,0,1.000,0,0,0.2490,-0.0045,0.0573
1123,8,0,0,0.000,-0.039,-1.000,-1.000,1,1,0.000,0.000,0.000,0,1.000,0,0,0.2490,-0.0045,0.0573
1124,8,0,0,0.000,-0.039,-1.000,-1.000,1,1,0.000,0.000,0.000,0,1.000,0,0,0.2490,-0.0045,0.0573
1125,8,0,0,0.000,-0.039,-1.000,-1.000,1,1,0.000,0.000,0.000,0,1.000,0,0,0.2490,-0.0045,0.0573
1126,8,0,0,0.000,-0.039,-1.000,-1.000,1,1,0.000,0.000,0.000,0,1.000,0,0,0.2490,-0.0045,0.0573
1127,8,0,0,0.000,-0.039,-1.000,-1.000,1,1,0.000,0.000,0.000,0,1.000,0,0,0.2490,-0.0045,0.0573
1128,8,0,0,0.000,-0.039,-1.000,-1.000,1,1,0.000,0.000,0.000,0,1.000,0,0,0.2490,-0.0045,0.0573
1129,8,0,0,0.000,-0.039,-1.000,-1.000,1,1,0.000,0.000,0.000,0,1.000,0,0,0.2490,-0.0045,0.0573
1130,8,0,0,0.000,-0.039,-1.000,-1.000,1,1,0.000,0.000,0.000,0,1.000,0,0,0.2490,-0.0045,0.0573
1131,8,0,0,0.000,-0.039,-1.000,-1.000,1,1,0.000,0.000,0.000,0,1.000,0,0,0.2490,-0.0045,0.0573
1132,8,0,0,0.000,-0.039,-1.000,-1.000,1,1,0.000,0.000,0.000,0,1.000,0,0,0.2490,-0.0045,0.0573
1133,8,0,0,0.000,-0.039,-1.000,-1.000,1,1,0.000,0.000,0.000,0,1.000,0,0,0.2490,-0.0045,0.0573
1134,8,0,0,0.000,-0.039,-1.000,-1.000,1,1,0.000,0.000,0.000,0,1.000,0,0,0.2490,-0.0045,0.0573
1135,8,0,0,0.000,-0.039,-1.000,-1.000,1,1,0.000,0.000,0.000,0,1.000,0,0,0.2490,-0.0045,0.0573
1136,8,0,0,0.000,-0.039,-1.000,-1.000,1,1,0.000,0.000,0.000,0,1.000,0,0,0.2490,-0.0045,0.0573
1137,8,0,0,0.000,-0.039,-1.000,-1.000,1,1,0.000,0.000,0.000,0,1.000,0,0,0.2490,-0.0045,0.0573
1138,8,0,0,0.000,-0.032,-1.000,-1.000,1,1,0.000,0.000,0.000,0,1.000,0,0,0.2490,-0.0045,0.0573
1139,8,0,0,0.000,-0.039,-1.000,-1.000,1,1,0.000,0.000,0.000,0,1.000,0,0,0.2490,-0.0045,0.0573
1140,8,0,0,0.000,-0.039,-1.000,-1.000,1,1,0.000,0.000,0.000,0,1.000,0,0,0.2490,-0.0045,0.0573
1141,8,0,0,0.000,-0.039,-1.000,-1.000,1,1,0.000,0.000,0.000,0,1.000,0,0,0.2490,-0.0045,0.0573
1142,8,0,0,0.000,-0.039,-1.000,-1.000,1,1,0.000,0.000,0.000,0,1.000,0,0,0.2490,-0.0045,0.0573
1143,8,0,0,0.000,-0.039,-1.000,-1.000,1,1,0.000,0.000,0.000,0,1.000,0,0,0.2490,-0.0045,0.0573
1144,8,0,0,0.000,-0.039,-1.000,-1.000,1,1,0.000,0.000,0.000,0,1.000,0,0,0.2490,-0.0045,0.0573
1145,8,0,0,0.000,-0.039,-1.000,-1.000,1,1,0.000,0.000,0.000,0,1.000,0,0,0.2490,-0.0045,0.0573
1146,8,0,0,0.000,-0.039,-1.000,-1.000,1,1,0.000,0.000,0.000,0,1.000,0,0,0.2490,-0.0045,0.0573
1147,8,0,0,0.000,-0.039,-1.000,-1.000,1,1,0.000,0.000,0.000,0,1.000,0,0,0.2490,-0.0045,0.0573
1148,8,0,0,0.000,-0.039,-1.000,-1.000,1,1,0.000,0.000,0.000,0,1.000,0,0,0.2490,-0.0045,0.0573
1149,8,0,0,0.000,-0.039,-1.000,-1.000,1,1,0.000,0.000,0.000,0,1.000,0,0,0.2490,-0.0045,0.0573
1150,8,0,0,0.000,-0.039,-1.000,-1.000,1,1,0.000,0.000,0.000,0,1.000,0,0,0.2490,-0.0045,0.0573
1151,8,0,0,0.000,-0.039,-1.000,-1.000,1,1,0.000,0.000,0.000,0,1.000,0,0,0.2490,-0.0045,0.0573
1152,8,0,0,0.000,-0.039,-1.000,-1.000,1,1,0.000,0.000,0.000,0,1.000,0,0,0.2490,-0.0045,0.0573
1153,8,0,0,0.000,-0.039,-1.000,-1.000,1,1,0.000,0.000,0.000,0,1.000,0,0,0.2490,-0.0045,0.0573
1154,8,0,0,0.000,-0.039,-1.000,-1.000,1,1,0.000,0.000,0.000,0,1.000,0,0,0.2490,-0.0045,0.0573
1155,8,0,0,0.000,-0.039,-1.000,-1.000,1,1,0.000,0.000,0.000,0,1.000,0,0,0.2490,-0.0045,0.0573
1156,8,0,0,0.000,-0.039,-1.000,-1.000,1,1,0.000,0.000,0.000,0,1.000,0,0,0.2490,-0.0045,0.0573
1157,8,0,0,0.000,-0.039,-1.000,-1.000,1,1,0.000,0.000,0.000,0,1.000,0,0,0.2490,-0.0045,0.0573
1158,8,0,0,0.000,-0.039,-1.000,-1.000,1,1,0.000,0.000,0.000,0,1.000,0,0,0.2490,-0.0045,0.0573
1159,8,0,0,0.000,-0.039,-1.000,-1.000,1,1,0.000,0.000,0.000,0,1.000,0,0,0.2490,-0.0045,0.0573
1160,8,0,0,0.000,-0.039,-1.000,-1.000,1,1,0.000,0.000,0.000,0,1.000,0,0,0.2490,-0.0045,0.0573
1161,8,0,0,0.000,-0.039,-1.000,-1.000,1,1,0.000,0.000,0.000,0,1.000,0,0,0.2490,-0.0045,0.0573
1162,8,0,0,0.000,-0.039,-1.000,-1.000,1,1,0.000,0.000,0.000,0,1.000,0,0,0.2490,-0.0045,0.0573
1163,8,0,0,0.000,-0.039,-1.000,-1.000,1,1,0.000,0.000,0.000,0,1.000,0,0,0.2490,-0.0045,0.0573
1164,8,0,0,0.000,-0.039,-1.000,-1.000,1,1,0.000,0.000,0.000,0,1.000,0,0,0.2490,-0.0045,0.0573
1165,8,0,0,0.000,-0.039,-1.000,-1.000,1,1,0.000,0.000,0.000,0,1.000,0,0,0.2490,-0.0045,0.0573
1166,8,0,0,0.000,-0.039,-1.000,-1.000,1,1,0.000,0.000,0.000,0,1.000,0,0,0.2490,-0.0045,0.0573
1167,8,0,0,0.000,-0.039,-1.000,-1.000,1,1,0.000,0.000,0.000,0,1.000,0,0,0.2490,-0.0045,0.0573
1168,8,0,0,0.000,-0.039,-1.000,-1.000,1,1,0.000,0.000,0.000,0,1.000,0,0,0.2490,-0.0045,0.0573
1169,8,0,0,0.000,-0.039,-1.000,-1.000,1,1,0.000,0.000,0.000,0,1.000,0,0,0.2490,-0.0045,0.0573
1170,8,0,0,0.000,-0.039,-1.000,-1.000,1,1,0.000,0.000,0.000,0,1.000,0,0,0.2490,-0.0045,0.0573
1171,8,0,0,0.000,-0.039,-1.000,-1.000,1,1,0.000,0.000,0.000,0,1.000,0,0,0.2490,-0.0045,0.0573
1172,8,0,0,0.000,-0.039,-1.000,-1.000,1,1,0.000,0.000,0.000,0,1.000,0,0,0.2490,-0.0045,0.0573
1173,8,0,0,0.000,-0.039,-1.000,-1.000,1,1,0.000,0.000,0.000,0,1.000,0,0,0.2490,-0.0045,0.0573
1174,8,0,0,0.000,-0.039,-1.000,-1.000,1,1,0.000,0.000,0.000,0,1.000,0,0,0.2490,-0.0045,0.0573
1175,8,0,0,0.000,-0.039,-1.000,-1.000,1,1,0.000,0.000,0.000,0,1.000,0,0,0.2490,-0.0045,0.0573
1176,8,0,0,0.000,-0.039,-1.000,-1.000,1,1,0.000,0.000,0.000,0,1.000,0,0,0.2490,-0.0045,0.0573
1177,8,0,0,0.000,-0.032,-1.000,-1.000,1,1,0.000,0.000,0.000,0,1.000,0,0,0.2490,-0.0045,0.0573
1178,8,0,0,0.000,-0.039,-1.000,-1.000,1,1,0.000,0.000,0.000,0,1.000,0,0,0.2490,-0.0045,0.0573
1179,8,0,0,0.000,-0.039,-1.000,-1.000,1,1,0.000,0.000,0.000,0,1.000,0,0,0.2490,-0.0045,0.0573
1180,8,0,0,0.000,-0.039,-1.000,-1.000,1,1,0.000,0.000,0.000,0,1.000,0,0,0.2490,-0.0045,0.0573
1181,8,0,0,0.000,-0.039,-1.000,-1.000,1,1,0.000,0.000,0.000,0,1.000,0,0,0.2490,-0.0045,0.0573
1182,8,0,0,0.000,-0.039,-1.000,-1.000,1,1,0.000,0.000,0.000,0,1.000,0,0,0.2490,-0.0045,0.0573
1183,8,0,0,0.000,-0.039,-1.000,-1.000,1,1,0.000,0.000,0.000,0,1.000,0,0,0.2490,-0.0045,0.0573
1184,8,0,0,0.000,-0.039,-1.000,-1.000,1,1,0.000,0.000,0.000,0,1.000,0,0,0.2490,-0.0045,0.0573
1185,8,0,0,0.000,-0.039,-1.000,-1.000,1,1,0.000,0.000,0.000,0,1.000,0,0,0.2490,-0.0045,0.0573
1186,8,0,0,0.000,-0.039,-1.000,-1.000,1,1,0.000,0.000,0.000,0,1.000,0,0,0.2490,-0.0045,0.0573
1187,8,0,0,0.000,-0.039,-1.000,-1.000,1,1,0.000,0.000,0.000,0,1.000,0,0,0.2490,-0.0045,0.0573
1188,8,0,0,0.000,-0.039,-1.000,-1.000,1,1,0.000,0.000,0.000,0,1.000,0,0,0.2490,-0.0045,0.0573
1189,8,0,0,0.000,-0.039,-1.000,-1.000,1,1,0.000,0.000,0.000,0,1.000,0,0,0.2490,-0.0045,0.0573
1190,8,0,0,0.000,-0.039,-1.000,-1.000,1,1,0.000,0.000,0.000,0,1.000,0,0,0.2490,-0.0045,0.0573
1191,8,0,0,0.000,-0.039,-1.000,-1.000,1,1,0.000,0.000,0.000,0,1.000,0,0,0.2490,-0.0045,0.0573
1192,8,0,0,0.000,-0.039,-1.000,-1.000,1,1,0.000,0.000,0.000,0,1.000,0,0,0.2490,-0.0045,0.0573
1193,8,0,0,0.000,-0.039,-1.000,-1.000,1,1,0.000,0.000,0.000,0,1.000,0,0,0.2490,-0.0045,0.0573
1194,8,0,0,0.000,-0.039,-1.000,-1.000,1,1,0.000,0.000,0.000,0,1.000,0,0,0.2490,-0.0045,0.0573
1195,8,0,0,0.000,-0.032,-1.000,-1.000,1,1,0.000,0.000,0.000,0,1.000,0,0,0.2490,-0.0045,0.0573
1196,8,0,0,0.000,-0.039,-1.000,-1.000,1,1,0.000,0.000,0.000,0,1.000,0,0,0.2490,-0.0045,0.0573
1197,8,0,0,0.000,-0.039,-1.000,-1.000,1,1,0.000,0.000,0.000,0,1.000,0,0,0.2490,-0.0045,0.0573
1198,8,0,0,0.000,-0.039,-1.000,-1.000,1,1,0.000,0.000,0.000,0,1.000,0,0,0.2490,-0.0045,0.0573
1199,8,0,0,0.000,-0.039,-1.000,-1.000,1,1,0.000,0.000,0.000,0,1.000,0,0,0.2490,-0.0045,0.0573
1200,8,0,0,0.000,-0.039,-1.000,-1.000,1,1,0.000,0.000,0.000,0,1.000,0,0,0.2490,-0.0045,0.0573
1201,8,0,0,0.000,-0.039,-1.000,-1.000,1,1,0.000,0.000,0.000,0,1.000,0,0,0.2490,-0.0045,0.0573
1202,8,0,0,0.000,-0.039,-1.000,-1.000,1,1,0.000,0.000,0.000,0,1.000,0,0,0.2490,-0.0045,0.0573
1203,8,0,0,0.000,-0.039,-1.000,-1.000,1,1,0.000,0.000,0.000,0,1.000,0,0,0.2490,-0.0045,0.0573
1204,8,0,0,0.000,-0.039,-1.000,-1.000,1,1,0.000,0.000,0.000,0,1.000,0,0,0.2490,-0.0045,0.0573
1205,8,0,0,0.000,-0.039,-1.000,-1.000,1,1,0.000,0.000,0.000,0,1.000,0,0,0.2490,-0.0045,0.0573
1206,8,0,0,0.000,-0.039,-1.000,-1.000,1,1,0.000,0.000,0.000,0,1.000,0,0,0.2490,-0.0045,0.0573
1207,8,0,0,0.000,-0.039,-1.000,-1.000,1,1,0.000,0.000,0.000,0,1.000,0,0,0.2490,-0.0045,0.0573
1208,8,0,0,0.000,-0.039,-1.000,-1.000,1,1,0.000,0.000,0.000,0,1.000,0,0,0.2490,-0.0045,0.0573
1209,8,0,0,0.000,-0.032,-1.000,-1.000,1,1,0.000,0.000,0.000,0,1.000,0,0,0.2490,-0.0045,0.0573
1210,8,0,0,0.000,-0.039,-1.000,-1.000,1,1,0.000,0.000,0.000,0,1.000,0,0,0.2490,-0.0045,0.0573
1211,8,0,0,0.000,-0.039,-1.000,-1.000,1,1,0.000,0.000,0.000,0,1.000,0,0,0.2490,-0.0045,0.0573
1212,8,0,0,0.000,-0.039,-1.000,-1.000,1,1,0.000,0.000,0.000,0,1.000,0,0,0.2490,-0.0045,0.0573
1213,8,0,0,0.000,-0.039,-1.000,-1.000,1,1,0.000,0.000,0.000,0,1.000,0,0,0.2490,-0.0045,0.0573
1214,8,0,0,0.000,-0.039,-1.000,-1.000,1,1,0.000,0.000,0.000,0,1.000,0,0,0.2490,-0.0045,0.0573
1215,8,0,0,0.000,-0.039,-1.000,-1.000,1,1,0.000,0.000,0.000,0,1.000,0,0,0.2490,-0.0045,0.0573
1216,8,0,0,0.000,-0.032,-1.000,-1.000,1,1,0.000,0.000,0.000,0,1.000,0,0,0.2490,-0.0045,0.0573
1217,8,0,0,0.000,-0.039,-1.000,-1.000,1,1,0.000,0.000,0.000,0,1.000,0,0,0.2490,-0.0045,0.0573
1218,8,0,0,0.000,-0.039,-1.000,-1.000,1,1,0.000,0.000,0.000,0,1.000,0,0,0.2490,-0.0045,0.0573
1219,8,0,0,0.000,-0.039,-1.000,-1.000,1,1,0.000,0.000,0.000,0,1.000,0,0,0.2490,-0.0045,0.0573
1220,8,0,0,0.000,-0.039,-1.000,-1.000,1,1,0.000,0.000,0.000,0,1.000,0,0,0.2490,-0.0045,0.0573
1221,8,0,0,0.000,-0.039,-1.000,-1.000,1,1,0.000,0.000,0.000,0,1.000,0,0,0.2490,-0.0045,0.0573
1222,8,0,0,0.000,-0.039,-1.000,-1.000,1,1,0.000,0.000,0.000,0,1.000,0,0,0.2490,-0.0045,0.0573
1223,8,0,0,0.000,-0.039,-1.000,-1.000,1,1,0.000,0.000,0.000,0,1.000,0,0,0.2490,-0.0045,0.0573
1224,8,0,0,0.000,-0.039,-1.000,-1.000,1,1,0.000,0.000,0.000,0,1.000,0,0,0.2490,-0.0045,0.0573
1225,8,0,0,0.000,-0.039,-1.000,-1.000,1,1,0.000,0.000,0.000,0,1.000,0,0,0.2490,-0.0045,0.0573
1226,8,0,0,0.000,-0.039,-1.000,-1.000,1,1,0.000,0.000,0.000,0,1.000,0,0,0.2490,-0.0045,0.0573
1227,8,0,0,0.000,-0.039,-1.000,-1.000,1,1,0.000,0.000,0.000,0,1.000,0,0,0.2490,-0.0045,0.0573
1228,8,0,0,0.000,-0.039,-1.000,-1.000,1,1,0.000,0.000,0.000,0,1.000,0,0,0.2490,-0.0045,0.0573
1229,8,0,0,0.000,-0.039,-1.000,-1.000,1,1,0.000,0.000,0.000,0,1.000,0,0,0.2490,-0.0045,0.0573
1230,8,0,0,0.000,-0.039,-1.000,-1.000,1,1,0.000,0.000,0.000,0,1.000,0,0,0.2490,-0.0045,0.0573
1231,8,0,0,0.000,-0.039,-1.000,-1.000,1,1,0.000,0.000,0.000,0,1.000,0,0,0.2490,-0.0045,0.0573
1232,8,0,0,0.000,-0.039,-1.000,-1.000,1,1,0.000,0.000,0.000,0,1.000,0,0,0.2490,-0.0045,0.0573
1233,8,0,0,0.000,-0.039,-1.000,-1.000,1,1,0.000,0.000,0.000,0,1.000,0,0,0.2490,-0.0045,0.0573
1234,8,0,0,0.000,-0.039,-1.000,-1.000,1,1,0.000,0.000,0.000,0,1.000,0,0,0.2490,-0.0045,0.0573
1235,8,0,0,0.000,-0.039,-1.000,-1.000,1,1,0.000,0.000,0.000,0,1.000,0,0,0.2490,-0.0045,0.0573
1236,8,0,0,0.000,-0.039,-1.000,-1.000,1,1,0.000,0.000,0.000,0,1.000,0,0,0.2490,-0.0045,0.0573
1237,8,0,0,0.000,-0.039,-1.000,-1.000,1,1,0.000,0.000,0.000,0,1.000,0,0,0.2490,-0.0045,0.0573
1238,8,0,0,0.000,-0.039,-1.000,-1.000,1,1,0.000,0.000,0.000,0,1.000,0,0,0.2490,-0.0045,0.0573
1239,8,0,0,0.000,-0.039,-1.000,-1.000,1,1,0.000,0.000,0.000,0,1.000,0,0,0.2490,-0.0045,0.0573
1240,8,0,0,0.000,-0.039,-1.000,-1.000,1,1,0.000,0.000,0.000,0,1.000,0,0,0.2490,-0.0045,0.0573
1241,8,0,0,0.000,-0.039,-1.000,-1.000,1,1,0.000,0.000,0.000,0,1.000,0,0,0.2490,-0.0045,0.0573
1242,8,0,0,0.000,-0.039,-1.000,-1.000,1,1,0.000,0.000,0.000,0,1.000,0,0,0.2490,-0.0045,0.0573
1243,8,0,0,0.000,-0.039,-1.000,-1.000,1,1,0.000,0.000,0.000,0,1.000,0,0,0.2490,-0.0045,0.0573
1244,8,0,0,0.000,-0.039,-1.000,-1.000,1,1,0.000,0.000,0.000,0,1.000,0,0,0.2490,-0.0045,0.0573
1245,8,1,0,0.000,-0.039,-1.000,-1.000,1,1,-0.000,0.000,0.000,0,1.000,0,0,0.2490,-0.0045,0.0573
1246,8,1,0,0.000,-0.039,-1.000,-1.000,1,1,-0.000,0.000,0.000,0,1.000,0,0,0.2490,-0.0045,0.0573
1247,8,1,0,0.000,-0.039,-1.000,-1.000,1,1,-0.000,0.000,0.000,0,1.000,0,0,0.2490,-0.0045,0.0573
1248,8,1,0,0.000,-0.039,-1.000,-1.000,1,1,-0.000,0.000,0.000,0,1.000,0,0,0.2490,-0.0045,0.0573
1249,8,1,0,0.000,-0.039,-1.000,-1.000,1,1,-0.000,0.000,0.000,0,1.000,0,0,0.2490,-0.0045,0.0573
1250,8,1,0,0.000,-0.039,-1.000,-1.000,1,1,-0.000,0.000,0.000,0,1.000,0,0,0.2490,-0.0045,0.0573
1251,8,1,0,0.000,-0.039,-1.000,-1.000,1,1,-0.000,0.000,0.000,0,1.000,0,0,0.2490,-0.0045,0.0573
1252,8,1,0,0.000,-0.039,-1.000,-1.000,1,1,-0.000,0.000,0.000,0,1.000,0,0,0.2490,-0.0045,0.0573
1253,8,1,0,0.000,-0.039,-1.000,-1.000,1,1,-0.000,0.000,0.000,0,1.000,0,0,0.2490,-0.0045,0.0573
1254,8,1,0,0.000,-0.039,-1.000,-1.000,1,1,-0.000,0.000,0.000,0,1.000,0,0,0.2490,-0.0045,0.0573
1255,8,1,0,0.000,-0.039,-1.000,-1.000,1,1,-0.000,0.000,0.000,0,1.000,0,0,0.2490,-0.0045,0.0573
1256,8,1,0,0.000,-0.039,-1.000,-1.000,1,1,-0.000,0.000,0.000,0,1.000,0,0,0.2490,-0.0045,0.0573
1257,8,1,0,0.000,-0.039,-1.000,-1.000,1,1,-0.000,0.000,0.000,0,1.000,0,0,0.2490,-0.0045,0.0573
1258,8,1,0,0.000,-0.039,-1.000,-1.000,1,1,-0.000,0.000,0.000,0,1.000,0,0,0.2490,-0.0045,0.0573
1259,8,1,0,0.000,-0.039,-1.000,-1.000,1,1,-0.000,0.000,0.000,0,1.000,0,0,0.2490,-0.0045,0.0573
1260,8,1,0,0.000,-0.039,-1.000,-1.000,1,1,-0.000,0.000,0.000,0,1.000,0,0,0.2490,-0.0045,0.0573
1261,8,1,0,0.000,-0.039,-1.000,-1.000,1,1,-0.000,0.000,0.000,0,1.000,0,0,0.2490,-0.0045,0.0573
1262,8,1,0,0.000,-0.039,-1.000,-1.000,1,1,-0.000,0.000,0.000,0,1.000,0,0,0.2490,-0.0045,0.0573
1263,8,1,0,0.000,-0.039,-1.000,-1.000,1,1,-0.000,0.000,0.000,0,1.000,0,0,0.2490,-0.0045,0.0573
1264,8,1,0,0.000,-0.039,-1.000,-1.000,1,1,-0.000,0.000,0.000,0,1.000,0,0,0.2490,-0.0045,0.0573
1265,9,1,0,0.000,-0.039,-1.000,-1.000,1,1,-0.000,0.000,0.000,0,0.250,0,0,0.2493,-0.0046,0.0617
1266,9,1,0,0.000,-0.039,-1.000,-1.000,1,1,-0.000,0.000,0.000,0,0.500,0,0,0.2491,-0.0043,0.0582
1267,9,1,0,0.000,-0.039,-1.000,-1.000,1,1,-0.000,0.000,0.000,0,0.750,0,0,0.2491,-0.0046,0.0573
1268,9,1,0,0.000,-0.039,-1.000,-1.000,1,1,-0.000,0.000,0.000,0,1.000,0,0,0.2490,-0.0045,0.0574
1269,9,1,0,0.000,-0.039,-1.000,-1.000,1,1,-0.000,0.000,0.000,0,1.000,0,0,0.2490,-0.0045,0.0573
1270,9,1,0,0.000,-0.039,-1.000,-1.000,1,1,-0.000,0.000,0.000,0,1.000,0,0,0.2489,-0.0045,0.0573
1271,9,1,0,0.000,-0.039,-1.000,-1.000,1,1,-0.000,0.000,0.000,0,1.000,0,0,0.2490,-0.0045,0.0573
1272,9,1,0,0.000,-0.039,-1.000,-1.000,1,1,-0.000,0.000,0.000,0,1.000,0,0,0.2490,-0.0045,0.0573
1273,9,1,0,0.000,-0.039,-1.000,-1.000,1,1,-0.000,0.000,0.000,0,1.000,0,0,0.2490,-0.0045,0.0573
1274,9,1,0,0.000,-0.039,-1.000,-1.000,1,1,-0.000,0.000,0.000,0,1.000,0,0,0.2490,-0.0045,0.0573
1275,9,1,0,0.000,-0.039,-1.000,-1.000,1,1,-0.000,0.000,0.000,0,1.000,0,0,0.2490,-0.0045,0.0573
1276,9,1,0,0.000,-0.039,-1.000,-1.000,1,1,-0.000,0.000,0.000,0,1.000,0,0,0.2490,-0.0045,0.0573
1277,9,1,0,0.000,-0.039,-1.000,-1.000,1,1,-0.000,0.000,0.000,0,1.000,0,0,0.2490,-0.0045,0.0573
1278,9,1,0,0.000,-0.039,-1.000,-1.000,1,1,-0.000,0.000,0.000,0,1.000,0,0,0.2490,-0.0045,0.0573
1279,9,1,0,0.000,-0.039,-1.000,-1.000,1,1,-0.000,0.000,0.000,0,1.000,0,0,0.2490,-0.0045,0.0573
1280,9,1,0,0.000,-0.039,-1.000,-1.000,1,1,-0.000,0.000,0.000,0,1.000,0,0,0.2490,-0.0045,0.0573
1281,9,1,0,0.000,-0.039,-1.000,-1.000,1,1,-0.000,0.000,0.000,0,1.000,0,0,0.2490,-0.0045,0.0573
1282,9,1,0,0.000,-0.039,-1.000,-1.000,1,1,-0.000,0.000,0.000,0,1.000,0,0,0.2490,-0.0045,0.0573
1283,9,1,0,0.000,-0.039,-1.000,-1.000,1,1,-0.000,0.000,0.000,0,1.000,0,0,0.2490,-0.0045,0.0573
1284,9,1,0,0.000,-0.039,-1.000,-1.000,1,1,-0.000,0.000,0.000,0,1.000,0,0,0.2490,-0.0045,0.0573
1285,9,1,0,0.000,-0.039,-1.000,-1.000,1,1,-0.000,0.000,0.000,0,1.000,0,0,0.2490,-0.0045,0.0573
1286,9,1,0,0.000,-0.039,-1.000,-1.000,1,1,-0.000,0.000,0.000,0,1.000,0,0,0.2490,-0.0045,0.0573
1287,9,1,0,0.000,-0.039,-1.000,-1.000,1,1,-0.000,0.000,0.000,0,1.000,0,0,0.2490,-0.0045,0.0573
1288,9,1,0,0.000,-0.039,-1.000,-1.000,1,1,-0.000,0.000,0.000,0,1.000,0,0,0.2490,-0.0045,0.0573
1289,9,1,0,0.000,-0.039,-1.000,-1.000,1,1,-0.000,0.000,0.000,0,1.000,0,0,0.2490,-0.0045,0.0573
1290,9,1,0,0.000,-0.039,-1.000,-1.000,1,1,-0.000,0.000,0.000,0,1.000,0,0,0.2490,-0.0045,0.0573
1291,9,1,0,0.000,-0.039,-1.000,-1.000,1,1,-0.000,0.000,0.000,0,1.000,0,0,0.2490,-0.0045,0.0573
1292,9,1,0,0.000,-0.039,-1.000,-1.000,1,1,-0.000,0.000,0.000,0,1.000,0,0,0.2490,-0.0045,0.0573
1293,9,1,0,0.000,-0.039,-1.000,-1.000,1,1,-0.000,0.000,0.000,0,1.000,0,0,0.2490,-0.0045,0.0573
1294,9,1,0,0.000,-0.039,-1.000,-1.000,1,1,-0.000,0.000,0.000,0,1.000,0,0,0.2490,-0.0045,0.0573
1295,9,1,0,0.000,-0.039,-1.000,-1.000,1,1,-0.000,0.000,0.000,0,1.000,0,0,0.2490,-0.0045,0.0573
1296,9,1,0,0.000,-0.039,-1.000,-1.000,1,1,-0.000,0.000,0.000,0,1.000,0,0,0.2490,-0.0045,0.0573
1297,9,1,0,0.000,-0.039,-1.000,-1.000,1,1,-0.000,0.000,0.000,0,1.000,0,0,0.2490,-0.0045,0.0573
1298,9,1,0,0.000,-0.039,-1.000,-1.000,1,1,-0.000,0.000,0.000,0,1.000,0,0,0.2490,-0.0045,0.0573
1299,9,1,0,0.000,-0.039,-1.000,-1.000,1,1,-0.000,0.000,0.000,0,1.000,0,0,0.2490,-0.0045,0.0573
1300,9,1,0,0.000,-0.039,-1.000,-1.000,1,1,-0.000,0.000,0.000,0,1.000,0,0,0.2490,-0.0045,0.0573
1301,9,1,0,0.000,-0.039,-1.000,-1.000,1,1,-0.000,0.000,0.000,0,1.000,0,0,0.2490,-0.0045,0.0573
1302,9,1,0,0.000,-0.039,-1.000,-1.000,1,1,-0.000,0.000,0.000,0,1.000,0,0,0.2490,-0.0045,0.0573
1303,9,1,0,0.000,-0.039,-1.000,-1.000,1,1,-0.000,0.000,0.000,0,1.000,0,0,0.2490,-0.0045,0.0573
1304,9,1,0,0.000,-0.039,-1.000,-1.000,1,1,-0.000,0.000,0.000,0,1.000,0,0,0.2490,-0.0045,0.0573
1305,9,1,0,0.000,-0.039,-1.000,-1.000,1,1,-0.000,0.000,0.000,0,1.000,0,0,0.2490,-0.0045,0.0573
1306,9,1,0,0.000,-0.039,-1.000,-1.000,1,1,-0.000,0.000,0.000,0,1.000,0,0,0.2490,-0.0045,0.0573
1307,9,1,0,0.000,-0.039,-1.000,-1.000,1,1,-0.000,0.000,0.000,0,1.000,0,0,0.2490,-0.0045,0.0573
1308,9,1,0,0.000,-0.039,-1.000,-1.000,1,1,-0.000,0.000,0.000,0,1.000,0,0,0.2490,-0.0045,0.0573
1309,9,1,0,0.000,-0.039,-1.000,-1.000,1,1,-0.000,0.000,0.000,0,1.000,0,0,0.2490,-0.0045,0.0573
1310,9,1,0,0.000,-0.039,-1.000,-1.000,1,1,-0.000,0.000,0.000,0,1.000,0,0,0.2490,-0.0045,0.0573
1311,9,1,0,0.000,-0.039,-1.000,-1.000,1,1,-0.000,0.000,0.000,0,1.000,0,0,0.2490,-0.0045,0.0573
1312,9,1,0,0.000,-0.039,-1.000,-1.000,1,1,-0.000,0.000,0.000,0,1.000,0,0,0.2490,-0.0045,0.0573
1313,9,1,0,0.000,-0.039,-1.000,-1.000,1,1,-0.000,0.000,0.000,0,1.000,0,0,0.2490,-0.0045,0.0573
1314,9,1,0,0.000,-0.039,-1.000,-1.000,1,1,-0.000,0.000,0.000,0,1.000,0,0,0.2490,-0.0045,0.0573
1315,9,1,0,0.000,-0.039,-1.000,-1.000,1,1,-0.000,0.000,0.000,0,1.000,0,0,0.2490,-0.0045,0.0573
1316,9,1,0,0.000,-0.032,-1.000,-1.000,1,1,-0.000,0.000,0.000,0,1.000,0,0,0.2490,-0.0045,0.0573
1317,9,1,0,0.000,-0.039,-1.000,-1.000,1,1,-0.000,0.000,0.000,0,1.000,0,0,0.2490,-0.0045,0.0573
1318,9,1,0,0.000,-0.039,-1.000,-1.000,1,1,-0.000,0.000,0.000,0,1.000,0,0,0.2490,-0.0045,0.0573
1319,9,1,0,0.000,-0.039,-1.000,-1.000,1,1,-0.000,0.000,0.000,0,1.000,0,0,0.2490,-0.0045,0.0573
1320,9,1,0,0.000,-0.039,-1.000,-1.000,1,1,-0.000,0.000,0.000,0,1.000,0,0,0.2490,-0.0045,0.0573
1321,9,1,0,0.000,-0.039,-1.000,-1.000,1,1,-0.000,0.000,0.000,0,1.000,0,0,0.2490,-0.0045,0.0573
1322,9,1,0,0.000,-0.039,-1.000,-1.000,1,1,-0.000,0.000,0.000,0,1.000,0,0,0.2490,-0.0045,0.0573
1323,9,1,0,0.000,-0.039,-1.000,-1.000,1,1,-0.000,0.000,0.000,0,1.000,0,0,0.2490,-0.0045,0.0573
1324,9,1,0,0.000,-0.039,-1.000,-1.000,1,1,-0.000,0.000,0.000,0,1.000,0,0,0.2490,-0.0045,0.0573
1325,9,1,0,0.000,-0.039,-1.000,-1.000,1,1,-0.000,0.000,0.000,0,1.000,0,0,0.2490,-0.0045,0.0573
1326,9,1,0,0.000,-0.039,-1.000,-1.000,1,1,-0.000,0.000,0.000,0,1.000,0,0,0.2490,-0.0045,0.0573
1327,9,1,0,0.000,-0.047,-1.000,-1.000,1,1,-0.000,0.000,0.000,0,1.000,0,0,0.2490,-0.0045,0.0573
1328,9,1,0,0.000,-0.039,-1.000,-1.000,1,1,-0.000,0.000,0.000,0,1.000,0,0,0.2490,-0.0045,0.0573
1329,9,1,0,0.000,-0.039,-1.000,-1.000,1,1,-0.000,0.000,0.000,0,1.000,0,0,0.2490,-0.0045,0.0573
1330,9,1,0,0.000,-0.039,-1.000,-1.000,1,1,-0.000,0.000,0.000,0,1.000,0,0,0.2490,-0.0045,0.0573
1331,9,1,0,0.000,-0.039,-1.000,-1.000,1,1,-0.000,0.000,0.000,0,1.000,0,0,0.2490,-0.0045,0.0573
1332,9,1,0,0.000,-0.039,-1.000,-1.000,1,1,-0.000,0.000,0.000,0,1.000,0,0,0.2490,-0.0045,0.0573
1333,9,1,0,0.000,-0.039,-1.000,-1.000,1,1,-0.000,0.000,0.000,0,1.000,0,0,0.2490,-0.0045,0.0573
1334,9,1,0,0.000,-0.039,-1.000,-1.000,1,1,-0.000,0.000,0.000,0,1.000,0,0,0.2490,-0.0045,0.0573
1335,9,1,0,0.000,-0.039,-1.000,-1.000,1,1,-0.000,0.000,0.000,0,1.000,0,0,0.2490,-0.0045,0.0573
1336,9,1,0,0.000,-0.039,-1.000,-1.000,1,1,-0.000,0.000,0.000,0,1.000,0,0,0.2490,-0.0045,0.0573
1337,9,1,0,0.000,-0.039,-1.000,-1.000,1,1,-0.000,0.000,0.000,0,1.000,0,0,0.2490,-0.0045,0.0573
1338,9,1,0,0.000,-0.039,-1.000,-1.000,1,1,-0.000,0.000,0.000,0,1.000,0,0,0.2490,-0.0045,0.0573
1339,9,1,0,0.000,-0.039,-1.000,-1.000,1,1,-0.000,0.000,0.000,0,1.000,0,0,0.2490,-0.0045,0.0573
1340,9,1,0,0.000,-0.039,-1.000,-1.000,1,1,-0.000,0.000,0.000,0,1.000,0,0,0.2490,-0.0045,0.0573
1341,9,1,0,0.000,-0.039,-1.000,-1.000,1,1,-0.000,0.000,0.000,0,1.000,0,0,0.2490,-0.0045,0.0573
1342,9,1,0,0.000,-0.039,-1.000,-1.000,1,1,-0.000,0.000,0.000,0,1.000,0,0,0.2490,-0.0045,0.0573
1343,9,1,0,0.000,-0.039,-1.000,-1.000,1,1,-0.000,0.000,0.000,0,1.000,0,0,0.2490,-0.0045,0.0573
1344,9,1,0,0.000,-0.039,-1.000,-1.000,1,1,-0.000,0.000,0.000,0,1.000,0,0,0.2490,-0.0045,0.0573
1345,9,1,0,0.000,-0.039,-1.000,-1.000,1,1,-0.000,0.000,0.000,0,1.000,0,0,0.2490,-0.0045,0.0573
1346,9,1,0,0.000,-0.039,-1.000,-1.000,1,1,-0.000,0.000,0.000,0,1.000,0,0,0.2490,-0.0045,0.0573
1347,9,1,0,0.000,-0.039,-1.000,-1.000,1,1,-0.000,0.000,0.000,0,1.000,0,0,0.2490,-0.0045,0.0573
1348,9,1,0,0.000,-0.039,-1.000,-1.000,1,1,-0.000,0.000,0.000,0,1.000,0,0,0.2490,-0.0045,0.0573
1349,9,1,0,0.000,-0.039,-1.000,-1.000,1,1,-0.000,0.000,0.000,0,1.000,0,0,0.2490,-0.0045,0.0573
1350,9,1,0,0.000,-0.039,-1.000,-1.000,1,1,-0.000,0.000,0.000,0,1.000,0,0,0.2490,-0.0045,0.0573
1351,9,1,0,0.000,-0.039,-1.000,-1.000,1,1,-0.000,0.000,0.000,0,1.000,0,0,0.2490,-0.0045,0.0573
1352,9,1,0,0.000,-0.039,-1.000,-1.000,1,1,-0.000,0.000,0.000,0,1.000,0,0,0.2490,-0.0045,0.0573
1353,9,0,0,0.000,-0.039,-1.000,-1.000,1,1,0.000,0.000,0.000,0,1.000,0,0,0.2490,-0.0045,0.0573
1354,9,0,0,0.000,-0.039,-1.000,-1.000,1,1,0.000,0.000,0.000,0,1.000,0,0,0.2490,-0.0045,0.0573
1355,9,0,0,0.000,-0.039,-1.000,-1.000,1,1,0.000,0.000,0.000,0,1.000,0,0,0.2490,-0.0045,0.0573
1356,9,0,0,0.000,-0.039,-1.000,-1.000,1,1,0.000,0.000,0.000,0,1.000,0,0,0.2490,-0.0045,0.0573
1357,9,0,0,0.000,-0.039,-1.000,-1.000,1,1,0.000,0.000,0.000,0,1.000,0,0,0.2490,-0.0045,0.0573
1358,9,0,0,0.000,-0.039,-1.000,-1.000,1,1,0.000,0.000,0.000,0,1.000,0,0,0.2490,-0.0045,0.0573
1359,9,0,0,0.000,-0.039,-1.000,-1.000,1,1,0.000,0.000,0.000,0,1.000,0,0,0.2490,-0.0045,0.0573
1360,9,0,0,0.000,-0.039,-1.000,-1.000,1,1,0.000,0.000,0.000,0,1.000,0,0,0.2490,-0.0045,0.0573
1361,9,0,0,0.000,-0.039,-1.000,-1.000,1,1,0.000,0.000,0.000,0,1.000,0,0,0.2490,-0.0045,0.0573
1362,9,0,0,0.000,-0.039,-1.000,-1.000,1,1,0.000,0.000,0.000,0,1.000,0,0,0.2490,-0.0045,0.0573
1363,9,0,0,0.000,-0.039,-1.000,-1.000,1,1,0.000,0.000,0.000,0,1.000,0,0,0.2490,-0.0045,0.0573
1364,9,0,0,0.000,-0.039,-1.000,-1.000,1,1,0.000,0.000,0.000,0,1.000,0,0,0.2490,-0.0045,0.0573
1365,9,0,0,0.000,-0.039,-1.000,-1.000,1,1,0.000,0.000,0.000,0,1.000,0,0,0.2490,-0.0045,0.0573
1366,9,0,0,0.000,-0.039,-1.000,-1.000,1,1,0.000,0.000,0.000,0,1.000,0,0,0.2490,-0.0045,0.0573
1367,9,0,0,0.000,-0.039,-1.000,-1.000,1,1,0.000,0.000,0.000,0,1.000,0,0,0.2490,-0.0045,0.0573
1368,9,0,0,0.000,-0.039,-1.000,-1.000,1,1,0.000,0.000,0.000,0,1.000,0,0,0.2490,-0.0045,0.0573
1369,9,0,0,0.000,-0.039,-1.000,-1.000,1,1,0.000,0.000,0.000,0,1.000,0,0,0.2490,-0.0045,0.0573
1370,9,0,0,0.000,-0.039,-1.000,-1.000,1,1,0.000,0.000,0.000,0,1.000,0,0,0.2490,-0.0045,0.0573
1371,9,0,0,0.000,-0.039,-1.000,-1.000,1,1,0.000,0.000,0.000,0,1.000,0,0,0.2490,-0.0045,0.0573
1372,9,0,0,0.000,-0.039,-1.000,-1.000,1,1,0.000,0.000,0.000,0,1.000,0,0,0.2490,-0.0045,0.0573
1373,9,0,0,0.000,-0.039,-1.000,-1.000,1,1,0.000,0.000,0.000,0,1.000,0,0,0.2490,-0.0045,0.0573
1374,9,0,0,0.000,-0.039,-1.000,-1.000,1,1,0.000,0.000,0.000,0,1.000,0,0,0.2490,-0.0045,0.0573
1375,9,0,0,0.000,-0.039,-1.000,-1.000,1,1,0.000,0.000,0.000,0,1.000,0,0,0.2490,-0.0045,0.0573
1376,9,0,0,0.000,-0.039,-1.000,-1.000,1,1,0.000,0.000,0.000,0,1.000,0,0,0.2490,-0.0045,0.0573
1377,9,0,0,0.000,-0.039,-1.000,-1.000,1,1,0.000,0.000,0.000,0,1.000,0,0,0.2490,-0.0045,0.0573
1378,9,0,0,0.000,-0.039,-1.000,-1.000,1,1,0.000,0.000,0.000,0,1.000,0,0,0.2490,-0.0045,0.0573
1379,9,0,0,0.000,-0.032,-1.000,-1.000,1,1,0.000,0.000,0.000,0,1.000,0,0,0.2490,-0.0045,0.0573
1380,9,0,0,0.000,-0.039,-1.000,-1.000,1,1,0.000,0.000,0.000,0,1.000,0,0,0.2490,-0.0045,0.0573
1381,9,0,0,0.000,-0.039,-1.000,-1.000,1,1,0.000,0.000,0.000,0,1.000,0,0,0.2490,-0.0045,0.0573
1382,9,0,0,0.000,-0.039,-1.000,-1.000,1,1,0.000,0.000,0.000,0,1.000,0,0,0.2490,-0.0045,0.0573
1383,9,0,0,0.000,-0.039,-1.000,-1.000,1,1,0.000,0.000,0.000,0,1.000,0,0,0.2490,-0.0045,0.0573
1384,9,0,0,0.000,-0.039,-1.000,-1.000,1,1,0.000,0.000,0.000,0,1.000,0,0,0.2490,-0.0045,0.0573
1385,9,0,0,0.000,-0.039,-1.000,-1.000,1,1,0.000,0.000,0.000,0,1.000,0,0,0.2490,-0.0045,0.0573
1386,9,0,0,0.000,-0.039,-1.000,-1.000,1,1,0.000,0.000,0.000,0,1.000,0,0,0.2490,-0.0045,0.0573
1387,9,0,0,0.000,-0.039,-1.000,-1.000,1,1,0.000,0.000,0.000,0,1.000,0,0,0.2490,-0.0045,0.0573
1388,9,0,0,0.000,-0.039,-1.000,-1.000,1,1,0.000,0.000,0.000,0,1.000,0,0,0.2490,-0.0045,0.0573
1389,9,0,0,0.000,-0.039,-1.000,-1.000,1,1,0.000,0.000,0.000,0,1.000,0,0,0.2490,-0.0045,0.0573
1390,9,0,0,0.000,-0.039,-1.000,-1.000,1,1,0.000,0.000,0.000,0,1.000,0,0,0.2490,-0.0045,0.0573
1391,9,0,0,0.000,-0.039,-1.000,-1.000,1,1,0.000,0.000,0.000,0,1.000,0,0,0.2490,-0.0045,0.0573
1392,9,0,0,0.000,-0.039,-1.000,-1.000,1,1,0.000,0.000,0.000,0,1.000,0,0,0.2490,-0.0045,0.0573
1393,9,0,0,0.000,-0.039,-1.000,-1.000,1,1,0.000,0.000,0.000,0,1.000,0,0,0.2490,-0.0045,0.0573
1394,9,0,0,0.000,-0.039,-1.000,-1.000,1,1,0.000,0.000,0.000,0,1.000,0,0,0.2490,-0.0045,0.0573
1395,9,0,0,0.000,-0.039,-1.000,-1.000,1,1,0.000,0.000,0.000,0,1.000,0,0,0.2490,-0.0045,0.0573
1396,9,0,0,0.000,-0.039,-1.000,-1.000,1,1,0.000,0.000,0.000,0,1.000,0,0,0.2490,-0.0045,0.0573
1397,9,0,0,0.000,-0.039,-1.000,-1.000,1,1,0.000,0.000,0.000,0,1.000,0,0,0.2490,-0.0045,0.0573
1398,9,0,0,0.000,-0.039,-1.000,-1.000,1,1,0.000,0.000,0.000,0,1.000,0,0,0.2490,-0.0045,0.0573
1399,9,0,0,0.000,-0.039,-1.000,-1.000,1,1,0.000,0.000,0.000,0,1.000,0,0,0.2490,-0.0045,0.0573
1400,9,0,0,0.000,-0.039,-1.000,-1.000,1,1,0.000,0.000,0.000,0,1.000,0,0,0.2490,-0.0045,0.0573
1401,9,0,0,0.000,-0.039,-1.000,-1.000,1,1,0.000,0.000,0.000,0,1.000,0,0,0.2490,-0.0045,0.0573
1402,9,0,0,0.000,-0.039,-1.000,-1.000,1,1,0.000,0.000,0.000,0,1.000,0,0,0.2490,-0.0045,0.0573
1403,9,0,0,0.000,-0.039,-1.000,-1.000,1,1,0.000,0.000,0.000,0,1.000,0,0,0.2490,-0.0045,0.0573
1404,9,0,0,0.000,-0.039,-1.000,-1.000,1,1,0.000,0.000,0.000,0,1.000,0,0,0.2490,-0.0045,0.0573
1405,9,0,0,0.000,-0.039,-1.000,-1.000,1,1,0.000,0.000,0.000,0,1.000,0,0,0.2490,-0.0045,0.0573
1406,9,0,0,0.000,-0.039,-1.000,-1.000,1,1,0.000,0.000,0.000,0,1.000,0,0,0.2490,-0.0045,0.0573
1407,9,0,0,0.000,-0.039,-1.000,-1.000,1,1,0.000,0.000,0.000,0,1.000,0,0,0.2490,-0.0045,0.0573
1408,9,0,0,0.000,-0.039,-1.000,-1.000,1,1,0.000,0.000,0.000,0,1.000,0,0,0.2490,-0.0045,0.0573
1409,9,0,0,0.000,-0.039,-1.000,-1.000,1,1,0.000,0.000,0.000,0,1.000,0,0,0.2490,-0.0045,0.0573
1410,9,0,0,0.000,-0.039,-1.000,-1.000,1,1,0.000,0.000,0.000,0,1.000,0,0,0.2490,-0.0045,0.0573
1411,9,0,0,0.000,-0.039,-1.000,-1.000,1,1,0.000,0.000,0.000,0,1.000,0,0,0.2490,-0.0045,0.0573
1412,9,0,0,0.000,-0.039,-1.000,-1.000,1,1,0.000,0.000,0.000,0,1.000,0,0,0.2490,-0.0045,0.0573
1413,9,0,0,0.000,-0.039,-1.000,-1.000,1,1,0.000,0.000,0.000,0,1.000,0,0,0.2490,-0.0045,0.0573
1414,9,0,0,0.000,-0.039,-1.000,-1.000,1,1,0.000,0.000,0.000,0,1.000,0,0,0.2490,-0.0045,0.0573
1415,9,0,0,0.000,-0.039,-1.000,-1.000,1,1,0.000,0.000,0.000,0,1.000,0,0,0.2490,-0.0045,0.0573
1416,9,0,0,0.000,-0.039,-1.000,-1.000,1,1,0.000,0.000,0.000,0,1.000,0,0,0.2490,-0.0045,0.0573
1417,9,0,0,0.000,-0.039,-1.000,-1.000,1,1,0.000,0.000,0.000,0,1.000,0,0,0.2490,-0.0045,0.0573
1418,9,0,0,0.000,-0.039,-1.000,-1.000,1,1,0.000,0.000,0.000,0,1.000,0,0,0.2490,-0.0045,0.0573
1419,9,0,0,0.000,-0.039,-1.000,-1.000,1,1,0.000,0.000,0.000,0,1.000,0,0,0.2490,-0.0045,0.0573
1420,10,0,0,0.000,-0.039,-1.000,-1.000,1,1,0.000,0.000,0.000,0,0.333,0,0,0.2493,-0.0048,0.0618
1421,10,0,0,0.000,-0.039,-1.000,-1.000,1,1,0.000,0.000,0.000,0,0.667,0,0,0.2489,-0.0043,0.0576
1422,10,0,0,0.000,-0.039,-1.000,-1.000,1,1,0.000,0.000,0.000,0,1.000,0,0,0.2490,-0.0046,0.0567
1423,10,0,0,0.000,-0.039,-1.000,-1.000,1,1,0.000,0.000,0.000,0,1.000,0,0,0.2490,-0.0045,0.0570
1424,10,0,0,0.000,-0.039,-1.000,-1.000,1,1,0.000,0.000,0.000,0,1.000,0,0,0.2490,-0.0045,0.0572
1425,10,0,0,0.000,-0.039,-1.000,-1.000,1,1,0.000,0.000,0.000,0,1.000,0,0,0.2490,-0.0045,0.0572
1426,10,0,0,0.000,-0.032,-1.000,-1.000,1,1,0.000,0.000,0.000,0,1.000,0,0,0.2490,-0.0045,0.0572
1427,10,0,0,0.000,-0.039,-1.000,-1.000,1,1,0.000,0.000,0.000,0,1.000,0,0,0.2490,-0.0045,0.0572
1428,10,0,0,0.000,-0.032,-1.000,-1.000,1,1,0.000,0.000,0.000,0,1.000,0,0,0.2490,-0.0045,0.0572
1429,10,0,0,0.000,-0.039,-1.000,-1.000,1,1,0.000,0.000,0.000,0,1.000,0,0,0.2490,-0.0045,0.0572
1430,10,0,0,0.000,-0.039,-1.000,-1.000,1,1,0.000,0.000,0.000,0,1.000,0,0,0.2490,-0.0045,0.0572
1431,10,0,0,0.000,-0.039,-1.000,-1.000,1,1,0.000,0.000,0.000,0,1.000,0,0,0.2490,-0.0045,0.0572
1432,10,0,0,0.000,-0.039,-1.000,-1.000,1,1,0.000,0.000,0.000,0,1.000,0,0,0.2490,-0.0045,0.0572
1433,10,0,0,0.000,-0.039,-1.000,-1.000,1,1,0.000,0.000,0.000,0,1.000,0,0,0.2490,-0.0045,0.0572
1434,10,0,0,0.000,-0.039,-1.000,-1.000,1,1,0.000,0.000,0.000,0,1.000,0,0,0.2490,-0.0045,0.0572
1435,10,0,0,0.000,-0.039,-1.000,-1.000,1,1,0.000,0.000,0.000,0,1.000,0,0,0.2490,-0.0045,0.0572
1436,10,0,0,0.000,-0.039,-1.000,-1.000,1,1,0.000,0.000,0.000,0,1.000,0,0,0.2490,-0.0045,0.0572
1437,10,0,0,0.000,-0.039,-1.000,-1.000,1,1,0.000,0.000,0.000,0,1.000,0,0,0.2490,-0.0045,0.0572
1438,10,0,0,0.000,-0.039,-1.000,-1.000,1,1,0.000,0.000,0.000,0,1.000,0,0,0.2490,-0.0045,0.0572
1439,10,0,0,0.000,-0.039,-1.000,-1.000,1,1,0.000,0.000,0.000,0,1.000,0,0,0.2490,-0.0045,0.0572
1440,10,0,0,0.000,-0.039,-1.000,-1.000,1,1,0.000,0.000,0.000,0,1.000,0,0,0.2490,-0.0045,0.0572
1441,10,0,0,0.000,-0.039,-1.000,-1.000,1,1,0.000,0.000,0.000,0,1.000,0,0,0.2490,-0.0045,0.0572
1442,10,0,0,0.000,-0.032,-1.000,-1.000,1,1,0.000,0.000,0.000,0,1.000,0,0,0.2490,-0.0045,0.0572
1443,10,0,0,0.000,-0.039,-1.000,-1.000,1,1,0.000,0.000,0.000,0,1.000,0,0,0.2490,-0.0045,0.0572
1444,10,0,0,0.000,-0.039,-1.000,-1.000,1,1,0.000,0.000,0.000,0,1.000,0,0,0.2490,-0.0045,0.0572
1445,10,0,0,0.000,-0.039,-1.000,-1.000,1,1,0.000,0.000,0.000,0,1.000,0,0,0.2490,-0.0045,0.0572
1446,10,0,0,0.000,-0.039,-1.000,-1.000,1,1,0.000,0.000,0.000,0,1.000,0,0,0.2490,-0.0045,0.0572
1447,10,0,0,0.000,-0.032,-1.000,-1.000,1,1,0.000,0.000,0.000,0,1.000,0,0,0.2490,-0.0045,0.0572
1448,10,0,0,0.000,-0.039,-1.000,-1.000,1,1,0.000,0.000,0.000,0,1.000,0,0,0.2490,-0.0045,0.0572
1449,10,0,0,0.000,-0.039,-1.000,-1.000,1,1,0.000,0.000,0.000,0,1.000,0,0,0.2490,-0.0045,0.0572
1450,10,0,0,0.000,-0.039,-1.000,-1.000,1,1,0.000,0.000,0.000,0,1.000,0,0,0.2490,-0.0045,0.0572
1451,10,0,0,0.000,-0.039,-1.000,-1.000,1,1,0.000,0.000,0.000,0,1.000,0,0,0.2490,-0.0045,0.0572
1452,10,0,0,0.000,-0.039,-1.000,-1.000,1,1,0.000,0.000,0.000,0,1.000,0,0,0.2490,-0.0045,0.0572
1453,10,0,0,0.000,-0.039,-1.000,-1.000,1,1,0.000,0.000,0.000,0,1.000,0,0,0.2490,-0.0045,0.0572
1454,10,0,0,0.000,-0.039,-1.000,-1.000,1,1,0.000,0.000,0.000,0,1.000,0,0,0.2490,-0.0045,0.0572
1455,10,0,0,0.000,-0.039,-1.000,-1.000,1,1,0.000,0.000,0.000,0,1.000,0,0,0.2490,-0.0045,0.0572
1456,10,0,0,0.000,-0.039,-1.000,-1.000,1,1,0.000,0.000,0.000,0,1.000,0,0,0.2490,-0.0045,0.0572
1457,10,0,0,0.000,-0.039,-1.000,-1.000,1,1,0.000,0.000,0.000,0,1.000,0,0,0.2490,-0.0045,0.0572
1458,10,0,0,0.000,-0.039,-1.000,-1.000,1,1,0.000,0.000,0.000,0,1.000,0,0,0.2490,-0.0045,0.0572
1459,10,0,0,0.000,-0.039,-1.000,-1.000,1,1,0.000,0.000,0.000,0,1.000,0,0,0.2490,-0.0045,0.0572
1460,10,0,0,0.000,-0.032,-1.000,-1.000,1,1,0.000,0.000,0.000,0,1.000,0,0,0.2490,-0.0045,0.0572
1461,10,0,0,0.000,-0.039,-1.000,-1.000,1,1,0.000,0.000,0.000,0,1.000,0,0,0.2490,-0.0045,0.0572
1462,10,0,0,0.000,-0.039,-1.000,-1.000,1,1,0.000,0.000,0.000,0,1.000,0,0,0.2490,-0.0045,0.0572
1463,10,0,0,0.000,-0.039,-1.000,-1.000,1,1,0.000,0.000,0.000,0,1.000,0,0,0.2490,-0.0045,0.0572
1464,10,0,0,0.000,-0.039,-1.000,-1.000,1,1,0.000,0.000,0.000,0,1.000,0,0,0.2490,-0.0045,0.0572
1465,10,0,0,0.000,-0.039,-1.000,-1.000,1,1,0.000,0.000,0.000,0,1.000,0,0,0.2490,-0.0045,0.0572
1466,10,0,0,0.000,-0.039,-1.000,-1.000,1,1,0.000,0.000,0.000,0,1.000,0,0,0.2490,-0.0045,0.0572
1467,10,0,0,0.000,-0.039,-1.000,-1.000,1,1,0.000,0.000,0.000,0,1.000,0,0,0.2490,-0.0045,0.0572
1468,10,0,0,0.000,-0.039,-1.000,-1.000,1,1,0.000,0.000,0.000,0,1.000,0,0,0.2490,-0.0045,0.0572
1469,10,0,0,0.000,-0.039,-1.000,-1.000,1,1,0.000,0.000,0.000,0,1.000,0,0,0.2490,-0.0045,0.0572
1470,10,0,0,0.000,-0.039,-1.000,-1.000,1,1,0.000,0.000,0.000,0,1.000,0,0,0.2490,-0.0045,0.0572
1471,10,0,0,0.000,-0.039,-1.000,-1.000,1,1,0.000,0.000,0.000,0,1.000,0,0,0.2490,-0.0045,0.0572
1472,10,0,0,0.000,-0.039,-1.000,-1.000,1,1,0.000,0.000,0.000,0,1.000,0,0,0.2490,-0.0045,0.0572
1473,10,0,0,0.000,-0.039,-1.000,-1.000,1,1,0.000,0.000,0.000,0,1.000,0,0,0.2490,-0.0045,0.0572
1474,10,0,0,0.000,-0.039,-1.000,-1.000,1,1,0.000,0.000,0.000,0,1.000,0,0,0.2490,-0.0045,0.0572
1475,10,0,0,0.000,-0.039,-1.000,-1.000,1,1,0.000,0.000,0.000,0,1.000,0,0,0.2490,-0.0045,0.0572
1476,10,0,0,0.000,-0.039,-1.000,-1.000,1,1,0.000,0.000,0.000,0,1.000,0,0,0.2490,-0.0045,0.0572
1477,10,0,0,0.000,-0.039,-1.000,-1.000,1,1,0.000,0.000,0.000,0,1.000,0,0,0.2490,-0.0045,0.0572
1478,10,0,0,0.000,-0.039,-1.000,-1.000,1,1,0.000,0.000,0.000,0,1.000,0,0,0.2490,-0.0045,0.0572
1479,10,0,0,0.000,-0.039,-1.000,-1.000,1,1,0.000,0.000,0.000,0,1.000,0,0,0.2490,-0.0045,0.0572
1480,10,0,0,0.000,-0.039,-1.000,-1.000,1,1,0.000,0.000,0.000,0,1.000,0,0,0.2490,-0.0045,0.0572
1481,10,0,0,0.000,-0.039,-1.000,-1.000,1,1,0.000,0.000,0.000,0,1.000,0,0,0.2490,-0.0045,0.0572
1482,10,0,0,0.000,-0.039,-1.000,-1.000,1,1,0.000,0.000,0.000,0,1.000,0,0,0.2490,-0.0045,0.0572
1483,10,0,0,0.000,-0.039,-1.000,-1.000,1,1,0.000,0.000,0.000,0,1.000,0,0,0.2490,-0.0045,0.0572
1484,10,0,0,0.000,-0.039,-1.000,-1.000,1,1,0.000,0.000,0.000,0,1.000,0,0,0.2490,-0.0045,0.0572
1485,10,0,0,0.000,-0.039,-1.000,-1.000,1,1,0.000,0.000,0.000,0,1.000,0,0,0.2490,-0.0045,0.0572
1486,10,0,0,0.000,-0.039,-1.000,-1.000,1,1,0.000,0.000,0.000,0,1.000,0,0,0.2490,-0.0045,0.0572
1487,10,0,0,0.000,-0.039,-1.000,-1.000,1,1,0.000,0.000,0.000,0,1.000,0,0,0.2490,-0.0045,0.0572
1488,10,0,0,0.000,-0.039,-1.000,-1.000,1,1,0.000,0.000,0.000,0,1.000,0,0,0.2490,-0.0045,0.0572
1489,10,0,0,0.000,-0.039,-1.000,-1.000,1,1,0.000,0.000,0.000,0,1.000,0,0,0.2490,-0.0045,0.0572
1490,10,0,0,0.000,-0.039,-1.000,-1.000,1,1,0.000,0.000,0.000,0,1.000,0,0,0.2490,-0.0045,0.0572
1491,10,0,0,0.000,-0.039,-1.000,-1.000,1,1,0.000,0.000,0.000,0,1.000,0,0,0.2490,-0.0045,0.0572
1492,10,0,0,0.000,-0.039,-1.000,-1.000,1,1,0.000,0.000,0.000,0,1.000,0,0,0.2490,-0.0045,0.0572
1493,10,0,0,0.000,-0.039,-1.000,-1.000,1,1,0.000,0.000,0.000,0,1.000,0,0,0.2490,-0.0045,0.0572
1494,10,0,0,0.000,-0.039,-1.000,-1.000,1,1,0.000,0.000,0.000,0,1.000,0,0,0.2490,-0.0045,0.0572
1495,10,0,0,0.000,-0.039,-1.000,-1.000,1,1,0.000,0.000,0.000,0,1.000,0,0,0.2490,-0.0045,0.0572
1496,10,0,0,0.000,-0.032,-1.000,-1.000,1,1,0.000,0.000,0.000,0,1.000,0,0,0.2490,-0.0045,0.0572
1497,10,0,0,0.000,-0.039,-1.000,-1.000,1,1,0.000,0.000,0.000,0,1.000,0,0,0.2490,-0.0045,0.0572
1498,10,0,0,0.000,-0.039,-1.000,-1.000,1,1,0.000,0.000,0.000,0,1.000,0,0,0.2490,-0.0045,0.0572
1499,10,0,0,0.000,-0.039,-1.000,-1.000,1,1,0.000,0.000,0.000,0,1.000,0,0,0.2490,-0.0045,0.0572
1500,10,0,0,0.000,-0.039,-1.000,-1.000,1,1,0.000,0.000,0.000,0,1.000,0,0,0.2490,-0.0045,0.0572
1501,10,0,0,0.000,-0.039,-1.000,-1.000,1,1,0.000,0.000,0.000,0,1.000,0,0,0.2490,-0.0045,0.0572
1502,10,0,0,0.000,-0.039,-1.000,-1.000,1,1,0.000,0.000,0.000,0,1.000,0,0,0.2490,-0.0045,0.0572
1503,10,0,0,0.000,-0.039,-1.000,-1.000,1,1,0.000,0.000,0.000,0,1.000,0,0,0.2490,-0.0045,0.0572
1504,10,0,0,0.000,-0.039,-1.000,-1.000,1,1,0.000,0.000,0.000,0,1.000,0,0,0.2490,-0.0045,0.0572
1505,10,0,0,0.000,-0.039,-1.000,-1.000,1,1,0.000,0.000,0.000,0,1.000,0,0,0.2490,-0.0045,0.0572
1506,10,0,0,0.000,-0.039,-1.000,-1.000,1,1,0.000,0.000,0.000,0,1.000,0,0,0.2490,-0.0045,0.0572
1507,10,0,0,0.000,-0.039,-1.000,-1.000,1,1,0.000,0.000,0.000,0,1.000,0,0,0.2490,-0.0045,0.0572
1508,10,0,0,0.000,-0.039,-1.000,-1.000,1,1,0.000,0.000,0.000,0,1.000,0,0,0.2490,-0.0045,0.0572
1509,10,0,0,0.000,-0.039,-1.000,-1.000,1,1,0.000,0.000,0.000,0,1.000,0,0,0.2490,-0.0045,0.0572
1510,10,0,0,0.000,-0.039,-1.000,-1.000,1,1,0.000,0.000,0.000,0,1.000,0,0,0.2490,-0.0045,0.0572
1511,10,0,0,0.000,-0.039,-1.000,-1.000,1,1,0.000,0.000,0.000,0,1.000,0,0,0.2490,-0.0045,0.0572
1512,10,0,0,0.000,-0.039,-1.000,-1.000,1,1,0.000,0.000,0.000,0,1.000,0,0,0.2490,-0.0045,0.0572
1513,10,0,0,0.000,-0.039,-1.000,-1.000,1,1,0.000,0.000,0.000,0,1.000,0,0,0.2490,-0.0045,0.0572
1514,10,0,0,0.000,-0.039,-1.000,-1.000,1,1,0.000,0.000,0.000,0,1.000,0,0,0.2490,-0.0045,0.0572
1515,10,0,0,0.000,-0.039,-1.000,-1.000,1,1,0.000,0.000,0.000,0,1.000,0,0,0.2490,-0.0045,0.0572
1516,10,0,0,0.000,-0.039,-1.000,-1.000,1,1,0.000,0.000,0.000,0,1.000,0,0,0.2490,-0.0045,0.0572
1517,10,0,0,0.000,-0.039,-1.000,-1.000,1,1,0.000,0.000,0.000,0,1.000,0,0,0.2490,-0.0045,0.0572
1518,10,0,0,0.000,-0.039,-1.000,-1.000,1,1,0.000,0.000,0.000,0,1.000,0,0,0.2490,-0.0045,0.0572
1519,10,0,0,0.000,-0.039,-1.000,-1.000,1,1,0.000,0.000,0.000,0,1.000,0,0,0.2490,-0.0045,0.0572
1520,10,0,0,0.000,-0.039,-1.000,-1.000,1,1,0.000,0.000,0.000,0,1.000,0,0,0.2490,-0.0045,0.0572
1521,10,0,0,0.000,-0.039,-1.000,-1.000,1,1,0.000,0.000,0.000,0,1.000,0,0,0.2490,-0.0045,0.0572
1522,10,0,0,0.000,-0.039,-1.000,-1.000,1,1,0.000,0.000,0.000,0,1.000,0,0,0.2490,-0.0045,0.0572
1523,10,0,0,0.000,-0.039,-1.000,-1.000,1,1,0.000,0.000,0.000,0,1.000,0,0,0.2490,-0.0045,0.0572
1524,10,0,0,0.000,-0.032,-1.000,-1.000,1,1,0.000,0.000,0.000,0,1.000,0,0,0.2490,-0.0045,0.0572
1525,10,0,0,0.000,-0.039,-1.000,-1.000,1,1,0.000,0.000,0.000,0,1.000,0,0,0.2490,-0.0045,0.0572
1526,10,0,0,0.000,-0.039,-1.000,-1.000,1,1,0.000,0.000,0.000,0,1.000,0,0,0.2490,-0.0045,0.0572
1527,10,0,0,0.000,-0.039,-1.000,-1.000,1,1,0.000,0.000,0.000,0,1.000,0,0,0.2490,-0.0045,0.0572
1528,10,0,0,0.000,-0.039,-1.000,-1.000,1,1,0.000,0.000,0.000,0,1.000,0,0,0.2490,-0.0045,0.0572
1529,10,0,0,0.000,-0.039,-1.000,-1.000,1,1,0.000,0.000,0.000,0,1.000,0,0,0.2490,-0.0045,0.0572
1530,10,0,0,0.000,-0.039,-1.000,-1.000,1,1,0.000,0.000,0.000,0,1.000,0,0,0.2490,-0.0045,0.0572
1531,10,0,0,0.000,-0.039,-1.000,-1.000,1,1,0.000,0.000,0.000,0,1.000,0,0,0.2490,-0.0045,0.0572
1532,10,0,0,0.000,-0.039,-1.000,-1.000,1,1,0.000,0.000,0.000,0,1.000,0,0,0.2490,-0.0045,0.0572
1533,10,0,0,0.000,-0.039,-1.000,-1.000,1,1,0.000,0.000,0.000,0,1.000,0,0,0.2490,-0.0045,0.0572
1534,10,0,0,0.000,-0.039,-1.000,-1.000,1,1,0.000,0.000,0.000,0,1.000,0,0,0.2490,-0.0045,0.0572
1535,10,0,0,0.000,-0.039,-1.000,-1.000,1,1,0.000,0.000,0.000,0,1.000,0,0,0.2490,-0.0045,0.0572
1536,10,0,0,0.000,-0.039,-1.000,-1.000,1,1,0.000,0.000,0.000,0,1.000,0,0,0.2490,-0.0045,0.0572
1537,10,0,0,0.000,-0.039,-1.000,-1.000,1,1,0.000,0.000,0.000,0,1.000,0,0,0.2490,-0.0045,0.0572
1538,10,0,0,0.000,-0.039,-1.000,-1.000,1,1,0.000,0.000,0.000,0,1.000,0,0,0.2490,-0.0045,0.0572
1539,10,0,0,0.000,-0.039,-1.000,-1.000,1,1,0.000,0.000,0.000,0,1.000,0,0,0.2490,-0.0045,0.0572
1540,10,0,0,0.000,-0.039,-1.000,-1.000,1,1,0.000,0.000,0.000,0,1.000,0,0,0.2490,-0.0045,0.0572
1541,10,0,0,0.000,-0.039,-1.000,-1.000,1,1,0.000,0.000,0.000,0,1.000,0,0,0.2490,-0.0045,0.0572
1542,10,0,0,0.000,-0.039,-1.000,-1.000,1,1,0.000,0.000,0.000,0,1.000,0,0,0.2490,-0.0045,0.0572
1543,10,0,0,0.000,-0.039,-1.000,-1.000,1,1,0.000,0.000,0.000,0,1.000,0,0,0.2490,-0.0045,0.0572
1544,10,0,0,0.000,-0.039,-1.000,-1.000,1,1,0.000,0.000,0.000,0,1.000,0,0,0.2490,-0.0045,0.0572
1545,10,0,0,0.000,-0.039,-1.000,-1.000,1,1,0.000,0.000,0.000,0,1.000,0,0,0.2490,-0.0045,0.0572
1546,10,0,0,0.000,-0.039,-1.000,-1.000,1,1,0.000,0.000,0.000,0,1.000,0,0,0.2490,-0.0045,0.0572
1547,10,0,0,0.000,-0.039,-1.000,-1.000,1,1,0.000,0.000,0.000,0,1.000,0,0,0.2490,-0.0045,0.0572
1548,10,0,0,0.000,-0.039,-1.000,-1.000,1,1,0.000,0.000,0.000,0,1.000,0,0,0.2490,-0.0045,0.0572
1549,10,0,0,0.000,-0.039,-1.000,-1.000,1,1,0.000,0.000,0.000,0,1.000,0,0,0.2490,-0.0045,0.0572
1550,10,0,0,0.000,-0.039,-1.000,-1.000,1,1,0.000,0.000,0.000,0,1.000,0,0,0.2490,-0.0045,0.0572
1551,10,0,0,0.000,-0.039,-1.000,-1.000,1,1,0.000,0.000,0.000,0,1.000,0,0,0.2490,-0.0045,0.0572
1552,10,0,0,0.000,-0.039,-1.000,-1.000,1,1,0.000,0.000,0.000,0,1.000,0,0,0.2490,-0.0045,0.0572
1553,10,0,0,0.000,-0.039,-1.000,-1.000,1,1,0.000,0.000,0.000,0,1.000,0,0,0.2490,-0.0045,0.0572
1554,10,0,0,0.000,-0.039,-1.000,-1.000,1,1,0.000,0.000,0.000,0,1.000,0,0,0.2490,-0.0045,0.0572
1555,10,0,0,0.000,-0.032,-1.000,-1.000,1,1,0.000,0.000,0.000,0,1.000,0,0,0.2490,-0.0045,0.0572
1556,10,0,0,0.000,-0.032,-1.000,-1.000,1,1,0.000,0.000,0.000,0,1.000,0,0,0.2490,-0.0045,0.0572
1557,10,0,0,0.000,-0.039,-1.000,-1.000,1,1,0.000,0.000,0.000,0,1.000,0,0,0.2490,-0.0045,0.0572
1558,10,0,0,0.000,-0.032,-1.000,-1.000,1,1,0.000,0.000,0.000,0,1.000,0,0,0.2490,-0.0045,0.0572
1559,10,0,0,0.000,-0.039,-1.000,-1.000,1,1,0.000,0.000,0.000,0,1.000,0,0,0.2490,-0.0045,0.0572
1560,10,0,0,0.000,-0.039,-1.000,-1.000,1,1,0.000,0.000,0.000,0,1.000,0,0,0.2490,-0.0045,0.0572
1561,10,0,0,0.000,-0.039,-1.000,-1.000,1,1,0.000,0.000,0.000,0,1.000,0,0,0.2490,-0.0045,0.0572
1562,10,0,0,0.000,-0.039,-1.000,-1.000,1,1,0.000,0.000,0.000,0,1.000,0,0,0.2490,-0.0045,0.0572
1563,10,0,0,0.000,-0.039,-1.000,-1.000,1,1,0.000,0.000,0.000,0,1.000,0,0,0.2490,-0.0045,0.0572
1564,10,0,0,0.000,-0.039,-1.000,-1.000,1,1,0.000,0.000,0.000,0,1.000,0,0,0.2490,-0.0045,0.0572
1565,10,0,0,0.000,-0.039,-1.000,-1.000,1,1,0.000,0.000,0.000,0,1.000,0,0,0.2490,-0.0045,0.0572
1566,10,0,0,0.000,-0.039,-1.000,-1.000,1,1,0.000,0.000,0.000,0,1.000,0,0,0.2490,-0.0045,0.0572
1567,10,0,0,0.000,-0.039,-1.000,-1.000,1,1,0.000,0.000,0.000,0,1.000,0,0,0.2490,-0.0045,0.0572
1568,10,0,0,0.000,-0.039,-1.000,-1.000,1,1,0.000,0.000,0.000,0,1.000,0,0,0.2490,-0.0045,0.0572
1569,10,0,0,0.000,-0.039,-1.000,-1.000,1,1,0.000,0.000,0.000,0,1.000,0,0,0.2490,-0.0045,0.0572
1570,10,0,0,0.000,-0.039,-1.000,-1.000,1,1,0.000,0.000,0.000,0,1.000,0,0,0.2490,-0.0045,0.0572
1571,10,0,0,0.000,-0.039,-1.000,-1.000,1,1,0.000,0.000,0.000,0,1.000,0,0,0.2490,-0.0045,0.0572
1572,10,0,0,0.000,-0.039,-1.000,-1.000,1,1,0.000,0.000,0.000,0,1.000,0,0,0.2490,-0.0045,0.0572
1573,10,0,0,0.000,-0.032,-1.000,-1.000,1,1,0.000,0.000,0.000,0,1.000,0,0,0.2490,-0.0045,0.0572
1574,11,0,0,0.000,-0.039,-1.000,-1.000,1,1,0.000,0.000,0.000,0,0.250,0,0,0.2493,-0.0048,0.0616
1575,11,0,0,0.000,-0.039,-1.000,-1.000,1,1,0.000,0.000,0.000,0,0.500,0,0,0.2491,-0.0042,0.0581
1576,11,0,0,0.000,-0.039,-1.000,-1.000,1,1,0.000,0.000,0.000,0,0.750,0,0,0.2491,-0.0045,0.0574
1577,11,0,0,0.000,-0.039,-1.000,-1.000,1,1,0.000,0.000,0.000,0,1.000,0,0,0.2490,-0.0046,0.0574
1578,11,0,0,0.000,-0.039,-1.000,-1.000,1,1,0.000,0.000,0.000,0,1.000,0,0,0.2490,-0.0045,0.0573
1579,11,0,0,0.000,-0.039,-1.000,-1.000,1,1,0.000,0.000,0.000,0,1.000,0,0,0.2490,-0.0045,0.0573
1580,11,0,0,0.000,-0.039,-1.000,-1.000,1,1,0.000,0.000,0.000,0,1.000,0,0,0.2490,-0.0045,0.0573
1581,11,0,0,0.000,-0.039,-1.000,-1.000,1,1,0.000,0.000,0.000,0,1.000,0,0,0.2490,-0.0045,0.0573
1582,11,0,0,0.000,-0.039,-1.000,-1.000,1,1,0.000,0.000,0.000,0,1.000,0,0,0.2490,-0.0045,0.0573
1583,11,0,0,0.000,-0.039,-1.000,-1.000,1,1,0.000,0.000,0.000,0,1.000,0,0,0.2490,-0.0045,0.0573
1584,11,0,0,0.000,-0.039,-1.000,-1.000,1,1,0.000,0.000,0.000,0,1.000,0,0,0.2490,-0.0045,0.0573
1585,11,0,0,0.000,-0.039,-1.000,-1.000,1,1,0.000,0.000,0.000,0,1.000,0,0,0.2490,-0.0045,0.0573
1586,11,0,0,0.000,-0.039,-1.000,-1.000,1,1,0.000,0.000,0.000,0,1.000,0,0,0.2490,-0.0045,0.0573
1587,11,0,0,0.000,-0.039,-1.000,-1.000,1,1,0.000,0.000,0.000,0,1.000,0,0,0.2490,-0.0045,0.0573
1588,11,0,0,0.000,-0.039,-1.000,-1.000,1,1,0.000,0.000,0.000,0,1.000,0,0,0.2490,-0.0045,0.0573
1589,11,0,0,0.000,-0.032,-1.000,-1.000,1,1,0.000,0.000,0.000,0,1.000,0,0,0.2490,-0.0045,0.0573
1590,11,0,0,0.000,-0.039,-1.000,-1.000,1,1,0.000,0.000,0.000,0,1.000,0,0,0.2490,-0.0045,0.0573
1591,11,0,0,0.000,-0.039,-1.000,-1.000,1,1,0.000,0.000,0.000,0,1.000,0,0,0.2490,-0.0045,0.0573
1592,11,0,0,0.000,-0.032,-1.000,-1.000,1,1,0.000,0.000,0.000,0,1.000,0,0,0.2490,-0.0045,0.0573
1593,11,0,0,0.000,-0.039,-1.000,-1.000,1,1,0.000,0.000,0.000,0,1.000,0,0,0.2490,-0.0045,0.0573
1594,11,0,0,0.000,-0.039,-1.000,-1.000,1,1,0.000,0.000,0.000,0,1.000,0,0,0.2490,-0.0045,0.0573
1595,11,0,0,0.000,-0.039,-1.000,-1.000,1,1,0.000,0.000,0.000,0,1.000,0,0,0.2490,-0.0045,0.0573
1596,11,0,0,0.000,-0.039,-1.000,-1.000,1,1,0.000,0.000,0.000,0,1.000,0,0,0.2490,-0.0045,0.0573
1597,11,0,0,0.000,-0.039,-1.000,-1.000,1,1,0.000,0.000,0.000,0,1.000,0,0,0.2490,-0.0045,0.0573
1598,11,0,0,0.000,-0.032,-1.000,-1.000,1,1,0.000,0.000,0.000,0,1.000,0,0,0.2490,-0.0045,0.0573
1599,11,0,0,0.000,-0.039,-1.000,-1.000,1,1,0.000,0.000,0.000,0,1.000,0,0,0.2490,-0.0045,0.0573
1600,11,0,0,0.000,-0.039,-1.000,-1.000,1,1,0.000,0.000,0.000,0,1.000,0,0,0.2490,-0.0045,0.0573
1601,11,0,0,0.000,-0.039,-1.000,-1.000,1,1,0.000,0.000,0.000,0,1.000,0,0,0.2490,-0.0045,0.0573
1602,11,0,0,0.000,-0.039,-1.000,-1.000,1,1,0.000,0.000,0.000,0,1.000,0,0,0.2490,-0.0045,0.0573
1603,11,0,0,0.000,-0.039,-1.000,-1.000,1,1,0.000,0.000,0.000,0,1.000,0,0,0.2490,-0.0045,0.0573
1604,11,0,0,0.000,-0.039,-1.000,-1.000,1,1,0.000,0.000,0.000,0,1.000,0,0,0.2490,-0.0045,0.0573
1605,11,0,0,0.000,-0.039,-1.000,-1.000,1,1,0.000,0.000,0.000,0,1.000,0,0,0.2490,-0.0045,0.0573
1606,11,0,0,0.000,-0.039,-1.000,-1.000,1,1,0.000,0.000,0.000,0,1.000,0,0,0.2490,-0.0045,0.0573
1607,11,0,0,0.000,-0.039,-1.000,-1.000,1,1,0.000,0.000,0.000,0,1.000,0,0,0.2490,-0.0045,0.0573
1608,11,0,0,0.000,-0.039,-1.000,-1.000,1,1,0.000,0.000,0.000,0,1.000,0,0,0.2490,-0.0045,0.0573
1609,11,0,0,0.000,-0.039,-1.000,-1.000,1,1,0.000,0.000,0.000,0,1.000,0,0,0.2490,-0.0045,0.0573
1610,11,0,0,0.000,-0.032,-1.000,-1.000,1,1,0.000,0.000,0.000,0,1.000,0,0,0.2490,-0.0045,0.0573
1611,11,0,0,0.000,-0.039,-1.000,-1.000,1,1,0.000,0.000,0.000,0,1.000,0,0,0.2490,-0.0045,0.0573
1612,11,0,0,0.000,-0.039,-1.000,-1.000,1,1,0.000,0.000,0.000,0,1.000,0,0,0.2490,-0.0045,0.0573
1613,11,0,0,0.000,-0.039,-1.000,-1.000,1,1,0.000,0.000,0.000,0,1.000,0,0,0.2490,-0.0045,0.0573
1614,11,0,0,0.000,-0.032,-1.000,-1.000,1,1,0.000,0.000,0.000,0,1.000,0,0,0.2490,-0.0045,0.0573
1615,11,0,0,0.000,-0.039,-1.000,-1.000,1,1,0.000,0.000,0.000,0,1.000,0,0,0.2490,-0.0045,0.0573
1616,11,0,0,0.000,-0.039,-1.000,-1.000,1,1,0.000,0.000,0.000,0,1.000,0,0,0.2490,-0.0045,0.0573
1617,11,0,0,0.000,-0.039,-1.000,-1.000,1,1,0.000,0.000,0.000,0,1.000,0,0,0.2490,-0.0045,0.0573
1618,11,0,0,0.000,-0.039,-1.000,-1.000,1,1,0.000,0.000,0.000,0,1.000,0,0,0.2490,-0.0045,0.0573
1619,11,0,0,0.000,-0.039,-1.000,-1.000,1,1,0.000,0.000,0.000,0,1.000,0,0,0.2490,-0.0045,0.0573
1620,11,0,0,0.000,-0.039,-1.000,-1.000,1,1,0.000,0.000,0.000,0,1.000,0,0,0.2490,-0.0045,0.0573
1621,11,0,0,0.000,-0.039,-1.000,-1.000,1,1,0.000,0.000,0.000,0,1.000,0,0,0.2490,-0.0045,0.0573
1622,11,0,0,0.000,-0.039,-1.000,-1.000,1,1,0.000,0.000,0.000,0,1.000,0,0,0.2490,-0.0045,0.0573
1623,11,0,0,0.000,-0.039,-1.000,-1.000,1,1,0.000,0.000,0.000,0,1.000,0,0,0.2490,-0.0045,0.0573
1624,11,0,0,0.000,-0.039,-1.000,-1.000,1,1,0.000,0.000,0.000,0,1.000,0,0,0.2490,-0.0045,0.0573
1625,11,0,0,0.000,-0.039,-1.000,-1.000,1,1,0.000,0.000,0.000,0,1.000,0,0,0.2490,-0.0045,0.0573
1626,11,0,0,0.000,-0.039,-1.000,-1.000,1,1,0.000,0.000,0.000,0,1.000,0,0,0.2490,-0.0045,0.0573
1627,11,0,0,0.000,-0.039,-1.000,-1.000,1,1,0.000,0.000,0.000,0,1.000,0,0,0.2490,-0.0045,0.0573
1628,11,0,0,0.000,-0.039,-1.000,-1.000,1,1,0.000,0.000,0.000,0,1.000,0,0,0.2490,-0.0045,0.0573
1629,11,0,0,0.000,-0.039,-1.000,-1.000,1,1,0.000,0.000,0.000,0,1.000,0,0,0.2490,-0.0045,0.0573
1630,11,0,0,0.000,-0.039,-1.000,-1.000,1,1,0.000,0.000,0.000,0,1.000,0,0,0.2490,-0.0045,0.0573
1631,11,0,0,0.000,-0.039,-1.000,-1.000,1,1,0.000,0.000,0.000,0,1.000,0,0,0.2490,-0.0045,0.0573
1632,11,0,0,0.000,-0.039,-1.000,-1.000,1,1,0.000,0.000,0.000,0,1.000,0,0,0.2490,-0.0045,0.0573
1633,11,0,0,0.000,-0.039,-1.000,-1.000,1,1,0.000,0.000,0.000,0,1.000,0,0,0.2490,-0.0045,0.0573
1634,11,0,0,0.000,-0.039,-1.000,-1.000,1,1,0.000,0.000,0.000,0,1.000,0,0,0.2490,-0.0045,0.0573
1635,11,0,0,0.000,-0.039,-1.000,-1.000,1,1,0.000,0.000,0.000,0,1.000,0,0,0.2490,-0.0045,0.0573
1636,11,0,0,0.000,-0.039,-1.000,-1.000,1,1,0.000,0.000,0.000,0,1.000,0,0,0.2490,-0.0045,0.0573
1637,11,0,0,0.000,-0.039,-1.000,-1.000,1,1,0.000,0.000,0.000,0,1.000,0,0,0.2490,-0.0045,0.0573
1638,11,0,0,0.000,-0.039,-1.000,-1.000,1,1,0.000,0.000,0.000,0,1.000,0,0,0.2490,-0.0045,0.0573
1639,11,0,0,0.000,-0.039,-1.000,-1.000,1,1,0.000,0.000,0.000,0,1.000,0,0,0.2490,-0.0045,0.0573
1640,11,0,0,0.000,-0.039,-1.000,-1.000,1,1,0.000,0.000,0.000,0,1.000,0,0,0.2490,-0.0045,0.0573
1641,11,0,0,0.000,-0.039,-1.000,-1.000,1,1,0.000,0.000,0.000,0,1.000,0,0,0.2490,-0.0045,0.0573
1642,11,0,0,0.000,-0.039,-1.000,-1.000,1,1,0.000,0.000,0.000,0,1.000,0,0,0.2490,-0.0045,0.0573
1643,11,0,0,0.000,-0.039,-1.000,-1.000,1,1,0.000,0.000,0.000,0,1.000,0,0,0.2490,-0.0045,0.0573
1644,11,0,0,0.000,-0.039,-1.000,-1.000,1,1,0.000,0.000,0.000,0,1.000,0,0,0.2490,-0.0045,0.0573
1645,11,0,0,0.000,-0.039,-1.000,-1.000,1,1,0.000,0.000,0.000,0,1.000,0,0,0.2490,-0.0045,0.0573
1646,11,0,0,0.000,-0.039,-1.000,-1.000,1,1,0.000,0.000,0.000,0,1.000,0,0,0.2489,-0.0045,0.0573
1647,11,0,0,0.000,-0.039,-1.000,-1.000,1,1,0.000,0.000,0.000,0,1.000,0,0,0.2490,-0.0045,0.0573
1648,11,0,0,0.000,-0.039,-1.000,-1.000,1,1,0.000,0.000,0.000,0,1.000,0,0,0.2490,-0.0045,0.0573
1649,11,0,0,0.000,-0.039,-1.000,-1.000,1,1,0.000,0.000,0.000,0,1.000,0,0,0.2490,-0.0045,0.0573
1650,11,0,0,0.000,-0.039,-1.000,-1.000,1,1,0.000,0.000,0.000,0,1.000,0,0,0.2490,-0.0045,0.0573
1651,11,0,0,0.000,-0.039,-1.000,-1.000,1,1,0.000,0.000,0.000,0,1.000,0,0,0.2490,-0.0045,0.0573
1652,11,0,0,0.000,-0.039,-1.000,-1.000,1,1,0.000,0.000,0.000,0,1.000,0,0,0.2490,-0.0045,0.0573
1653,11,0,0,0.000,-0.039,-1.000,-1.000,1,1,0.000,0.000,0.000,0,1.000,0,0,0.2490,-0.0045,0.0573
1654,11,0,0,0.000,-0.039,-1.000,-1.000,1,1,0.000,0.000,0.000,0,1.000,0,0,0.2490,-0.0045,0.0573
1655,11,0,0,0.000,-0.039,-1.000,-1.000,1,1,0.000,0.000,0.000,0,1.000,0,0,0.2490,-0.0045,0.0573
1656,11,0,0,0.000,-0.039,-1.000,-1.000,1,1,0.000,0.000,0.000,0,1.000,0,0,0.2490,-0.0045,0.0573
1657,11,0,0,0.000,-0.039,-1.000,-1.000,1,1,0.000,0.000,0.000,0,1.000,0,0,0.2490,-0.0045,0.0573
1658,11,0,0,0.000,-0.039,-1.000,-1.000,1,1,0.000,0.000,0.000,0,1.000,0,0,0.2490,-0.0045,0.0573
1659,11,0,0,0.000,-0.039,-1.000,-1.000,1,1,0.000,0.000,0.000,0,1.000,0,0,0.2490,-0.0045,0.0573
1660,11,0,0,0.000,-0.039,-1.000,-1.000,1,1,0.000,0.000,0.000,0,1.000,0,0,0.2490,-0.0045,0.0573
1661,11,0,0,0.000,-0.039,-1.000,-1.000,1,1,0.000,0.000,0.000,0,1.000,0,0,0.2490,-0.0045,0.0573
1662,11,0,0,0.000,-0.039,-1.000,-1.000,1,1,0.000,0.000,0.000,0,1.000,0,0,0.2490,-0.0045,0.0573
1663,11,0,0,0.000,-0.039,-1.000,-1.000,1,1,0.000,0.000,0.000,0,1.000,0,0,0.2490,-0.0045,0.0573
1664,11,0,0,0.000,-0.039,-1.000,-1.000,1,1,0.000,0.000,0.000,0,1.000,0,0,0.2490,-0.0045,0.0573
1665,11,0,0,0.000,-0.039,-1.000,-1.000,1,1,0.000,0.000,0.000,0,1.000,0,0,0.2490,-0.0045,0.0573
1666,11,0,0,0.000,-0.039,-1.000,-1.000,1,1,0.000,0.000,0.000,0,1.000,0,0,0.2490,-0.0045,0.0573
1667,11,0,0,0.000,-0.032,-1.000,-1.000,1,1,0.000,0.000,0.000,0,1.000,0,0,0.2490,-0.0045,0.0573
1668,11,0,0,0.000,-0.039,-1.000,-1.000,1,1,0.000,0.000,0.000,0,1.000,0,0,0.2490,-0.0045,0.0573
1669,11,0,0,0.000,-0.039,-1.000,-1.000,1,1,0.000,0.000,0.000,0,1.000,0,0,0.2490,-0.0045,0.0573
1670,11,0,0,0.000,-0.039,-1.000,-1.000,1,1,0.000,0.000,0.000,0,1.000,0,0,0.2490,-0.0045,0.0573
1671,11,0,0,0.000,-0.039,-1.000,-1.000,1,1,0.000,0.000,0.000,0,1.000,0,0,0.2490,-0.0045,0.0573
1672,11,0,0,0.000,-0.039,-1.000,-1.000,1,1,0.000,0.000,0.000,0,1.000,0,0,0.2490,-0.0045,0.0573
1673,11,0,0,0.000,-0.039,-1.000,-1.000,1,1,0.000,0.000,0.000,0,1.000,0,0,0.2490,-0.0045,0.0573
1674,11,0,0,0.000,-0.039,-1.000,-1.000,1,1,0.000,0.000,0.000,0,1.000,0,0,0.2490,-0.0045,0.0573
1675,11,0,0,0.000,-0.039,-1.000,-1.000,1,1,0.000,0.000,0.000,0,1.000,0,0,0.2490,-0.0045,0.0573
1676,11,0,0,0.000,-0.039,-1.000,-1.000,1,1,0.000,0.000,0.000,0,1.000,0,0,0.2490,-0.0045,0.0573
1677,11,0,0,0.000,-0.039,-1.000,-1.000,1,1,0.000,0.000,0.000,0,1.000,0,0,0.2490,-0.0045,0.0573
1678,11,0,0,0.000,-0.039,-1.000,-1.000,1,1,0.000,0.000,0.000,0,1.000,0,0,0.2490,-0.0045,0.0573
1679,11,0,0,0.000,-0.039,-1.000,-1.000,1,1,0.000,0.000,0.000,0,1.000,0,0,0.2490,-0.0045,0.0573
1680,11,0,0,0.000,-0.039,-1.000,-1.000,1,1,0.000,0.000,0.000,0,1.000,0,0,0.2490,-0.0045,0.0573
1681,11,0,0,0.000,-0.039,-1.000,-1.000,1,1,0.000,0.000,0.000,0,1.000,0,0,0.2489,-0.0045,0.0573
1682,11,0,0,0.000,-0.039,-1.000,-1.000,1,1,0.000,0.000,0.000,0,1.000,0,0,0.2489,-0.0045,0.0573
1683,11,0,0,0.000,-0.039,-1.000,-1.000,1,1,0.000,0.000,0.000,0,1.000,0,0,0.2490,-0.0045,0.0573
1684,11,0,0,0.000,-0.039,-1.000,-1.000,1,1,0.000,0.000,0.000,0,1.000,0,0,0.2490,-0.0045,0.0573
1685,11,0,0,0.000,-0.039,-1.000,-1.000,1,1,0.000,0.000,0.000,0,1.000,0,0,0.2490,-0.0045,0.0573
1686,11,0,0,0.000,-0.039,-1.000,-1.000,1,1,0.000,0.000,0.000,0,1.000,0,0,0.2490,-0.0045,0.0573
1687,11,0,0,0.000,-0.039,-1.000,-1.000,1,1,0.000,0.000,0.000,0,1.000,0,0,0.2490,-0.0045,0.0573
1688,11,0,0,0.000,-0.039,-1.000,-1.000,1,1,0.000,0.000,0.000,0,1.000,0,0,0.2490,-0.0045,0.0573
1689,11,0,0,0.000,-0.039,-1.000,-1.000,1,1,0.000,0.000,0.000,0,1.000,0,0,0.2490,-0.0045,0.0573
1690,11,0,0,0.000,-0.039,-1.000,-1.000,1,1,0.000,0.000,0.000,0,1.000,0,0,0.2490,-0.0045,0.0573
1691,11,0,0,0.000,-0.039,-1.000,-1.000,1,1,0.000,0.000,0.000,0,1.000,0,0,0.2490,-0.0045,0.0573
1692,11,0,0,0.000,-0.039,-1.000,-1.000,1,1,0.000,0.000,0.000,0,1.000,0,0,0.2490,-0.0045,0.0573
1693,11,0,0,0.000,-0.039,-1.000,-1.000,1,1,0.000,0.000,0.000,0,1.000,0,0,0.2490,-0.0045,0.0573
1694,11,0,0,0.000,-0.039,-1.000,-1.000,1,1,0.000,0.000,0.000,0,1.000,0,0,0.2490,-0.0045,0.0573
1695,11,0,0,0.000,-0.039,-1.000,-1.000,1,1,0.000,0.000,0.000,0,1.000,0,0,0.2490,-0.0045,0.0573
1696,11,0,0,0.000,-0.039,-1.000,-1.000,1,1,0.000,0.000,0.000,0,1.000,0,0,0.2490,-0.0045,0.0573
1697,11,0,0,0.000,-0.039,-1.000,-1.000,1,1,0.000,0.000,0.000,0,1.000,0,0,0.2490,-0.0045,0.0573
1698,11,0,0,0.000,-0.039,-1.000,-1.000,1,1,0.000,0.000,0.000,0,1.000,0,0,0.2490,-0.0045,0.0573
1699,11,0,0,0.000,-0.039,-1.000,-1.000,1,1,0.000,0.000,0.000,0,1.000,0,0,0.2490,-0.0045,0.0573
1700,11,0,0,0.000,-0.039,-1.000,-1.000,1,1,0.000,0.000,0.000,0,1.000,0,0,0.2490,-0.0045,0.0573
1701,11,0,0,0.000,-0.039,-1.000,-1.000,1,1,0.000,0.000,0.000,0,1.000,0,0,0.2490,-0.0045,0.0573
1702,11,0,0,0.000,-0.039,-1.000,-1.000,1,1,0.000,0.000,0.000,0,1.000,0,0,0.2490,-0.0045,0.0573
1703,11,0,0,0.000,-0.039,-1.000,-1.000,1,1,0.000,0.000,0.000,0,1.000,0,0,0.2490,-0.0045,0.0573
1704,11,0,0,0.000,-0.039,-1.000,-1.000,1,1,0.000,0.000,0.000,0,1.000,0,0,0.2490,-0.0045,0.0573
1705,11,0,0,0.000,-0.039,-1.000,-1.000,1,1,0.000,0.000,0.000,0,1.000,0,0,0.2490,-0.0045,0.0573
1706,11,0,0,0.000,-0.039,-1.000,-1.000,1,1,0.000,0.000,0.000,0,1.000,0,0,0.2490,-0.0045,0.0573
1707,11,0,0,0.000,-0.039,-1.000,-1.000,1,1,0.000,0.000,0.000,0,1.000,0,0,0.2490,-0.0045,0.0573
1708,11,0,0,0.000,-0.039,-1.000,-1.000,1,1,0.000,0.000,0.000,0,1.000,0,0,0.2490,-0.0045,0.0573
1709,11,0,0,0.000,-0.039,-1.000,-1.000,1,1,0.000,0.000,0.000,0,1.000,0,0,0.2490,-0.0045,0.0573
1710,11,0,0,0.000,-0.039,-1.000,-1.000,1,1,0.000,0.000,0.000,0,1.000,0,0,0.2490,-0.0045,0.0573
1711,11,0,0,0.000,-0.039,-1.000,-1.000,1,1,0.000,0.000,0.000,0,1.000,0,0,0.2490,-0.0045,0.0573
1712,11,0,0,0.000,-0.039,-1.000,-1.000,1,1,0.000,0.000,0.000,0,1.000,0,0,0.2490,-0.0045,0.0573
1713,11,0,0,0.000,-0.039,-1.000,-1.000,1,1,0.000,0.000,0.000,0,1.000,0,0,0.2490,-0.0045,0.0573
1714,11,0,0,0.000,-0.039,-1.000,-1.000,1,1,0.000,0.000,0.000,0,1.000,0,0,0.2490,-0.0045,0.0573
1715,11,0,0,0.000,-0.039,-1.000,-1.000,1,1,0.000,0.000,0.000,0,1.000,0,0,0.2490,-0.0045,0.0573
1716,11,0,0,0.000,-0.039,-1.000,-1.000,1,1,0.000,0.000,0.000,0,1.000,0,0,0.2490,-0.0045,0.0573
1717,11,0,0,0.000,-0.039,-1.000,-1.000,1,1,0.000,0.000,0.000,0,1.000,0,0,0.2490,-0.0045,0.0573
1718,11,0,0,0.000,-0.039,-1.000,-1.000,1,1,0.000,0.000,0.000,0,1.000,0,0,0.2490,-0.0045,0.0573
1719,11,0,0,0.000,-0.039,-1.000,-1.000,1,1,0.000,0.000,0.000,0,1.000,0,0,0.2490,-0.0045,0.0573
1720,11,0,0,0.000,-0.032,-1.000,-1.000,1,1,0.000,0.000,0.000,0,1.000,0,0,0.2490,-0.0045,0.0573
1721,11,0,0,0.000,-0.039,-1.000,-1.000,1,1,0.000,0.000,0.000,0,1.000,0,0,0.2490,-0.0045,0.0573
1722,11,0,0,0.000,-0.039,-1.000,-1.000,1,1,0.000,0.000,0.000,0,1.000,0,0,0.2490,-0.0045,0.0573
1723,11,0,0,0.000,-0.039,-1.000,-1.000,1,1,0.000,0.000,0.000,0,1.000,0,0,0.2490,-0.0045,0.0573
1724,11,0,0,0.000,-0.039,-1.000,-1.000,1,1,0.000,0.000,0.000,0,1.000,0,0,0.2490,-0.0045,0.0573
1725,11,0,0,0.000,-0.039,-1.000,-1.000,1,1,0.000,0.000,0.000,0,1.000,0,0,0.2490,-0.0045,0.0573
1726,11,0,0,0.000,-0.039,-1.000,-1.000,1,1,0.000,0.000,0.000,0,1.000,0,0,0.2490,-0.0045,0.0573
1727,11,0,0,0.000,-0.039,-1.000,-1.000,1,1,0.000,0.000,0.000,0,1.000,0,0,0.2490,-0.0045,0.0573
1728,11,0,0,0.000,-0.039,-1.000,-1.000,1,1,0.000,0.000,0.000,0,1.000,0,0,0.2490,-0.0045,0.0573
1729,12,0,0,0.000,-0.039,-1.000,-1.000,1,1,0.000,0.000,0.000,0,0.333,0,0,0.2494,-0.0048,0.0617
1730,12,0,0,0.000,-0.039,-1.000,-1.000,1,1,0.000,0.000,0.000,0,0.667,0,0,0.2489,-0.0043,0.0576
1731,12,0,0,0.000,-0.039,-1.000,-1.000,1,1,0.000,0.000,0.000,0,1.000,0,0,0.2490,-0.0046,0.0567
1732,12,0,0,0.000,-0.032,-1.000,-1.000,1,1,0.000,0.000,0.000,0,1.000,0,0,0.2490,-0.0045,0.0571
1733,12,0,0,0.000,-0.039,-1.000,-1.000,1,1,0.000,0.000,0.000,0,1.000,0,0,0.2490,-0.0045,0.0572
1734,12,0,0,0.000,-0.039,-1.000,-1.000,1,1,0.000,0.000,0.000,0,1.000,0,0,0.2490,-0.0045,0.0572
1735,12,0,0,0.000,-0.039,-1.000,-1.000,1,1,0.000,0.000,0.000,0,1.000,0,0,0.2490,-0.0045,0.0572
1736,12,0,0,0.000,-0.039,-1.000,-1.000,1,1,0.000,0.000,0.000,0,1.000,0,0,0.2490,-0.0045,0.0572
1737,12,0,0,0.000,-0.039,-1.000,-1.000,1,1,0.000,0.000,0.000,0,1.000,0,0,0.2490,-0.0045,0.0572
1738,12,0,0,0.000,-0.039,-1.000,-1.000,1,1,0.000,0.000,0.000,0,1.000,0,0,0.2490,-0.0045,0.0572
1739,12,0,0,0.000,-0.039,-1.000,-1.000,1,1,0.000,0.000,0.000,0,1.000,0,0,0.2490,-0.0045,0.0572
1740,12,0,0,0.000,-0.039,-1.000,-1.000,1,1,0.000,0.000,0.000,0,1.000,0,0,0.2490,-0.0045,0.0572
1741,12,0,0,0.000,-0.032,-1.000,-1.000,1,1,0.000,0.000,0.000,0,1.000,0,0,0.2490,-0.0045,0.0572
1742,12,0,0,0.000,-0.039,-1.000,-1.000,1,1,0.000,0.000,0.000,0,1.000,0,0,0.2490,-0.0045,0.0572
1743,12,0,0,0.000,-0.039,-1.000,-1.000,1,1,0.000,0.000,0.000,0,1.000,0,0,0.2490,-0.0045,0.0572
1744,12,0,0,0.000,-0.039,-1.000,-1.000,1,1,0.000,0.000,0.000,0,1.000,0,0,0.2490,-0.0045,0.0572
1745,12,0,0,0.000,-0.039,-1.000,-1.000,1,1,0.000,0.000,0.000,0,1.000,0,0,0.2490,-0.0045,0.0572
1746,12,0,0,0.000,-0.039,-1.000,-1.000,1,1,0.000,0.000,0.000,0,1.000,0,0,0.2490,-0.0045,0.0572
1747,12,0,0,0.000,-0.039,-1.000,-1.000,1,1,0.000,0.000,0.000,0,1.000,0,0,0.2490,-0.0045,0.0572
1748,12,0,0,0.000,-0.039,-1.000,-1.000,1,1,0.000,0.000,0.000,0,1.000,0,0,0.2490,-0.0045,0.0572
1749,12,0,0,0.000,-0.039,-1.000,-1.000,1,1,0.000,0.000,0.000,0,1.000,0,0,0.2490,-0.0045,0.0572
1750,12,0,0,0.000,-0.039,-1.000,-1.000,1,1,0.000,0.000,0.000,0,1.000,0,0,0.2490,-0.0045,0.0572
1751,12,0,0,0.000,-0.039,-1.000,-1.000,1,1,0.000,0.000,0.000,0,1.000,0,0,0.2490,-0.0045,0.0572
1752,12,0,0,0.000,-0.039,-1.000,-1.000,1,1,0.000,0.000,0.000,0,1.000,0,0,0.2490,-0.0045,0.0572
1753,12,0,0,0.000,-0.039,-1.000,-1.000,1,1,0.000,0.000,0.000,0,1.000,0,0,0.2490,-0.0045,0.0572
1754,12,0,0,0.000,-0.039,-1.000,-1.000,1,1,0.000,0.000,0.000,0,1.000,0,0,0.2490,-0.0045,0.0572
1755,12,0,0,0.000,-0.039,-1.000,-1.000,1,1,0.000,0.000,0.000,0,1.000,0,0,0.2490,-0.0045,0.0572
1756,12,0,0,0.000,-0.039,-1.000,-1.000,1,1,0.000,0.000,0.000,0,1.000,0,0,0.2490,-0.0045,0.0572
1757,12,0,0,0.000,-0.039,-1.000,-1.000,1,1,0.000,0.000,0.000,0,1.000,0,0,0.2490,-0.0045,0.0572
1758,12,0,0,0.000,-0.039,-1.000,-1.000,1,1,0.000,0.000,0.000,0,1.000,0,0,0.2490,-0.0045,0.0572
1759,12,0,0,0.000,-0.039,-1.000,-1.000,1,1,0.000,0.000,0.000,0,1.000,0,0,0.2490,-0.0045,0.0572
1760,12,0,0,0.000,-0.039,-1.000,-1.000,1,1,0.000,0.000,0.000,0,1.000,0,0,0.2490,-0.0045,0.0572
1761,12,0,0,0.000,-0.039,-1.000,-1.000,1,1,0.000,0.000,0.000,0,1.000,0,0,0.2490,-0.0045,0.0572
1762,12,0,0,0.000,-0.039,-1.000,-1.000,1,1,0.000,0.000,0.000,0,1.000,0,0,0.2490,-0.0045,0.0572
1763,12,0,0,0.000,-0.039,-1.000,-1.000,1,1,0.000,0.000,0.000,0,1.000,0,0,0.2490,-0.0045,0.0572
1764,12,0,0,0.000,-0.039,-1.000,-1.000,1,1,0.000,0.000,0.000,0,1.000,0,0,0.2490,-0.0045,0.0572
1765,12,0,0,0.000,-0.039,-1.000,-1.000,1,1,0.000,0.000,0.000,0,1.000,0,0,0.2490,-0.0045,0.0572
1766,12,0,0,0.000,-0.039,-1.000,-1.000,1,1,0.000,0.000,0.000,0,1.000,0,0,0.2490,-0.0045,0.0572
1767,12,0,0,0.000,-0.039,-1.000,-1.000,1,1,0.000,0.000,0.000,0,1.000,0,0,0.2490,-0.0045,0.0572
1768,12,0,0,0.000,-0.039,-1.000,-1.000,1,1,0.000,0.000,0.000,0,1.000,0,0,0.2490,-0.0045,0.0572
1769,12,0,0,0.000,-0.039,-1.000,-1.000,1,1,0.000,0.000,0.000,0,1.000,0,0,0.2490,-0.0045,0.0572
1770,12,0,0,0.000,-0.039,-1.000,-1.000,1,1,0.000,0.000,0.000,0,1.000,0,0,0.2490,-0.0045,0.0572
1771,12,0,0,0.000,-0.039,-1.000,-1.000,1,1,0.000,0.000,0.000,0,1.000,0,0,0.2490,-0.0045,0.0572
1772,12,0,0,0.000,-0.039,-1.000,-1.000,1,1,0.000,0.000,0.000,0,1.000,0,0,0.2490,-0.0045,0.0572
1773,12,0,0,0.000,-0.039,-1.000,-1.000,1,1,0.000,0.000,0.000,0,1.000,0,0,0.2490,-0.0045,0.0572
1774,12,0,0,0.000,-0.039,-1.000,-1.000,1,1,0.000,0.000,0.000,0,1.000,0,0,0.2490,-0.0045,0.0572
1775,12,0,0,0.000,-0.039,-1.000,-1.000,1,1,0.000,0.000,0.000,0,1.000,0,0,0.2490,-0.0045,0.0572
1776,12,0,0,0.000,-0.039,-1.000,-1.000,1,1,0.000,0.000,0.000,0,1.000,0,0,0.2490,-0.0045,0.0572
1777,12,0,0,0.000,-0.039,-1.000,-1.000,1,1,0.000,0.000,0.000,0,1.000,0,0,0.2490,-0.0045,0.0572
1778,12,0,0,0.000,-0.039,-1.000,-1.000,1,1,0.000,0.000,0.000,0,1.000,0,0,0.2490,-0.0045,0.0572
1779,12,0,0,0.000,-0.039,-1.000,-1.000,1,1,0.000,0.000,0.000,0,1.000,0,0,0.2490,-0.0045,0.0572
1780,12,0,0,0.000,-0.039,-1.000,-1.000,1,1,0.000,0.000,0.000,0,1.000,0,0,0.2490,-0.0045,0.0572
1781,12,0,0,0.000,-0.039,-1.000,-1.000,1,1,0.000,0.000,0.000,0,1.000,0,0,0.2490,-0.0045,0.0572
1782,12,0,0,0.000,-0.039,-1.000,-1.000,1,1,0.000,0.000,0.000,0,1.000,0,0,0.2490,-0.0045,0.0572
1783,12,0,0,0.000,-0.039,-1.000,-1.000,1,1,0.000,0.000,0.000,0,1.000,0,0,0.2490,-0.0045,0.0572
1784,12,0,0,0.000,-0.039,-1.000,-1.000,1,1,0.000,0.000,0.000,0,1.000,0,0,0.2490,-0.0045,0.0572
1785,12,0,0,0.000,-0.039,-1.000,-1.000,1,1,0.000,0.000,0.000,0,1.000,0,0,0.2490,-0.0045,0.0572
1786,12,0,0,0.000,-0.039,-1.000,-1.000,1,1,0.000,0.000,0.000,0,1.000,0,0,0.2490,-0.0045,0.0572
1787,12,0,0,0.000,-0.039,-1.000,-1.000,1,1,0.000,0.000,0.000,0,1.000,0,0,0.2490,-0.0045,0.0572
1788,12,0,0,0.000,-0.039,-1.000,-1.000,1,1,0.000,0.000,0.000,0,1.000,0,0,0.2490,-0.0045,0.0572
1789,12,0,0,0.000,-0.039,-1.000,-1.000,1,1,0.000,0.000,0.000,0,1.000,0,0,0.2490,-0.0045,0.0572
1790,12,0,0,0.000,-0.039,-1.000,-1.000,1,1,0.000,0.000,0.000,0,1.000,0,0,0.2490,-0.0045,0.0572
1791,12,0,0,0.000,-0.039,-1.000,-1.000,1,1,0.000,0.000,0.000,0,1.000,0,0,0.2490,-0.0045,0.0572
1792,12,0,0,0.000,-0.039,-1.000,-1.000,1,1,0.000,0.000,0.000,0,1.000,0,0,0.2490,-0.0045,0.0572
1793,12,0,0,0.000,-0.039,-1.000,-1.000,1,1,0.000,0.000,0.000,0,1.000,0,0,0.2490,-0.0045,0.0572
1794,12,0,0,0.000,-0.039,-1.000,-1.000,1,1,0.000,0.000,0.000,0,1.000,0,0,0.2489,-0.0045,0.0572
1795,12,0,0,0.000,-0.039,-1.000,-1.000,1,1,0.000,0.000,0.000,0,1.000,0,0,0.2490,-0.0045,0.0572
1796,12,0,0,0.000,-0.039,-1.000,-1.000,1,1,0.000,0.000,0.000,0,1.000,0,0,0.2489,-0.0045,0.0572
1797,12,0,0,0.000,-0.039,-1.000,-1.000,1,1,0.000,0.000,0.000,0,1.000,0,0,0.2490,-0.0045,0.0572
1798,12,0,0,0.000,-0.039,-1.000,-1.000,1,1,0.000,0.000,0.000,0,1.000,0,0,0.2490,-0.0045,0.0572
1799,12,0,0,0.000,-0.039,-1.000,-1.000,1,1,0.000,0.000,0.000,0,1.000,0,0,0.2490,-0.0045,0.0572
1800,12,0,0,0.000,-0.039,-1.000,-1.000,1,1,0.000,0.000,0.000,0,1.000,0,0,0.2490,-0.0045,0.0572
1801,12,0,0,0.000,-0.039,-1.000,-1.000,1,1,0.000,0.000,0.000,0,1.000,0,0,0.2490,-0.0045,0.0572
1802,12,0,0,0.000,-0.039,-1.000,-1.000,1,1,0.000,0.000,0.000,0,1.000,0,0,0.2490,-0.0045,0.0572
1803,12,0,0,0.000,-0.039,-1.000,-1.000,1,1,0.000,0.000,0.000,0,1.000,0,0,0.2490,-0.0045,0.0572
1804,12,0,0,0.000,-0.039,-1.000,-1.000,1,1,0.000,0.000,0.000,0,1.000,0,0,0.2490,-0.0045,0.0572
1805,12,0,0,0.000,-0.039,-1.000,-1.000,1,1,0.000,0.000,0.000,0,1.000,0,0,0.2490,-0.0045,0.0572
1806,12,0,0,0.000,-0.039,-1.000,-1.000,1,1,0.000,0.000,0.000,0,1.000,0,0,0.2490,-0.0045,0.0572
1807,12,0,0,0.000,-0.039,-1.000,-1.000,1,1,0.000,0.000,0.000,0,1.000,0,0,0.2490,-0.0045,0.0572
1808,12,0,0,0.000,-0.039,-1.000,-1.000,1,1,0.000,0.000,0.000,0,1.000,0,0,0.2490,-0.0045,0.0572
1809,12,0,0,0.000,-0.039,-1.000,-1.000,1,1,0.000,0.000,0.000,0,1.000,0,0,0.2490,-0.0045,0.0572
1810,12,0,0,0.000,-0.039,-1.000,-1.000,1,1,0.000,0.000,0.000,0,1.000,0,0,0.2490,-0.0045,0.0572
1811,12,0,0,0.000,-0.039,-1.000,-1.000,1,1,0.000,0.000,0.000,0,1.000,0,0,0.2490,-0.0045,0.0572
1812,12,0,0,0.000,-0.039,-1.000,-1.000,1,1,0.000,0.000,0.000,0,1.000,0,0,0.2490,-0.0045,0.0572
1813,12,0,0,0.000,-0.039,-1.000,-1.000,1,1,0.000,0.000,0.000,0,1.000,0,0,0.2490,-0.0045,0.0572
1814,12,0,0,0.000,-0.039,-1.000,-1.000,1,1,0.000,0.000,0.000,0,1.000,0,0,0.2490,-0.0045,0.0572
1815,12,0,0,0.000,-0.039,-1.000,-1.000,1,1,0.000,0.000,0.000,0,1.000,0,0,0.2490,-0.0045,0.0572
1816,12,0,0,0.000,-0.039,-1.000,-1.000,1,1,0.000,0.000,0.000,0,1.000,0,0,0.2490,-0.0045,0.0572
1817,12,0,0,0.000,-0.039,-1.000,-1.000,1,1,0.000,0.000,0.000,0,1.000,0,0,0.2490,-0.0045,0.0572
1818,12,0,0,0.000,-0.039,-1.000,-1.000,1,1,0.000,0.000,0.000,0,1.000,0,0,0.2490,-0.0045,0.0572
1819,12,0,0,0.000,-0.039,-1.000,-1.000,1,1,0.000,0.000,0.000,0,1.000,0,0,0.2490,-0.0045,0.0572
1820,12,0,0,0.000,-0.039,-1.000,-1.000,1,1,0.000,0.000,0.000,0,1.000,0,0,0.2490,-0.0045,0.0572
1821,12,0,0,0.000,-0.039,-1.000,-1.000,1,1,0.000,0.000,0.000,0,1.000,0,0,0.2490,-0.0045,0.0572
1822,12,0,0,0.000,-0.039,-1.000,-1.000,1,1,0.000,0.000,0.000,0,1.000,0,0,0.2490,-0.0045,0.0572
1823,12,0,0,0.000,-0.039,-1.000,-1.000,1,1,0.000,0.000,0.000,0,1.000,0,0,0.2490,-0.0045,0.0572
1824,12,0,0,0.000,-0.039,-1.000,-1.000,1,1,0.000,0.000,0.000,0,1.000,0,0,0.2490,-0.0045,0.0572
1825,12,0,0,0.000,-0.039,-1.000,-1.000,1,1,0.000,0.000,0.000,0,1.000,0,0,0.2490,-0.0045,0.0572
1826,12,0,0,0.000,-0.039,-1.000,-1.000,1,1,0.000,0.000,0.000,0,1.000,0,0,0.2490,-0.0045,0.0572
1827,12,0,0,0.000,-0.039,-1.000,-1.000,1,1,0.000,0.000,0.000,0,1.000,0,0,0.2490,-0.0045,0.0572
1828,12,0,0,0.000,-0.039,-1.000,-1.000,1,1,0.000,0.000,0.000,0,1.000,0,0,0.2490,-0.0045,0.0572
1829,12,0,0,0.000,-0.039,-1.000,-1.000,1,1,0.000,0.000,0.000,0,1.000,0,0,0.2490,-0.0045,0.0572
1830,12,0,0,0.000,-0.039,-1.000,-1.000,1,1,0.000,0.000,0.000,0,1.000,0,0,0.2490,-0.0045,0.0572
1831,12,0,0,0.000,-0.039,-1.000,-1.000,1,1,0.000,0.000,0.000,0,1.000,0,0,0.2490,-0.0045,0.0572
1832,12,0,0,0.000,-0.039,-1.000,-1.000,1,1,0.000,0.000,0.000,0,1.000,0,0,0.2490,-0.0045,0.0572
1833,12,0,0,0.000,-0.039,-1.000,-1.000,1,1,0.000,0.000,0.000,0,1.000,0,0,0.2490,-0.0045,0.0572
1834,12,0,0,0.000,-0.039,-1.000,-1.000,1,1,0.000,0.000,0.000,0,1.000,0,0,0.2490,-0.0045,0.0572
1835,12,0,0,0.000,-0.039,-1.000,-1.000,1,1,0.000,0.000,0.000,0,1.000,0,0,0.2490,-0.0045,0.0572
1836,12,0,0,0.000,-0.039,-1.000,-1.000,1,1,0.000,0.000,0.000,0,1.000,0,0,0.2490,-0.0045,0.0572
1837,12,0,0,0.000,-0.039,-1.000,-1.000,1,1,0.000,0.000,0.000,0,1.000,0,0,0.2490,-0.0045,0.0572
1838,12,0,0,0.000,-0.039,-1.000,-1.000,1,1,0.000,0.000,0.000,0,1.000,0,0,0.2490,-0.0045,0.0572
1839,12,0,0,0.000,-0.039,-1.000,-1.000,1,1,0.000,0.000,0.000,0,1.000,0,0,0.2490,-0.0045,0.0572
1840,12,0,0,0.000,-0.039,-1.000,-1.000,1,1,0.000,0.000,0.000,0,1.000,0,0,0.2490,-0.0045,0.0572
1841,12,0,0,0.000,-0.039,-1.000,-1.000,1,1,0.000,0.000,0.000,0,1.000,0,0,0.2490,-0.0045,0.0572
1842,12,0,0,0.000,-0.039,-1.000,-1.000,1,1,0.000,0.000,0.000,0,1.000,0,0,0.2490,-0.0045,0.0572
1843,12,0,0,0.000,-0.039,-1.000,-1.000,1,1,0.000,0.000,0.000,0,1.000,0,0,0.2490,-0.0045,0.0572
1844,12,0,0,0.000,-0.039,-1.000,-1.000,1,1,0.000,0.000,0.000,0,1.000,0,0,0.2490,-0.0045,0.0572
1845,12,0,0,0.000,-0.039,-1.000,-1.000,1,1,0.000,0.000,0.000,0,1.000,0,0,0.2490,-0.0045,0.0572
1846,12,0,0,0.000,-0.039,-1.000,-1.000,1,1,0.000,0.000,0.000,0,1.000,0,0,0.2490,-0.0045,0.0572
1847,12,0,0,0.000,-0.039,-1.000,-1.000,1,1,0.000,0.000,0.000,0,1.000,0,0,0.2490,-0.0045,0.0572
1848,12,0,0,0.000,-0.039,-1.000,-1.000,1,1,0.000,0.000,0.000,0,1.000,0,0,0.2490,-0.0045,0.0572
1849,12,0,0,0.000,-0.032,-1.000,-1.000,1,1,0.000,0.000,0.000,0,1.000,0,0,0.2490,-0.0045,0.0572
1850,12,0,0,0.000,-0.039,-1.000,-1.000,1,1,0.000,0.000,0.000,0,1.000,0,0,0.2490,-0.0045,0.0572
1851,12,0,0,0.000,-0.039,-1.000,-1.000,1,1,0.000,0.000,0.000,0,1.000,0,0,0.2490,-0.0045,0.0572
1852,12,0,0,0.000,-0.039,-1.000,-1.000,1,1,0.000,0.000,0.000,0,1.000,0,0,0.2490,-0.0045,0.0572
1853,12,0,0,0.000,-0.039,-1.000,-1.000,1,1,0.000,0.000,0.000,0,1.000,0,0,0.2490,-0.0045,0.0572
1854,12,0,0,0.000,-0.039,-1.000,-1.000,1,1,0.000,0.000,0.000,0,1.000,0,0,0.2490,-0.0045,0.0572
1855,12,0,0,0.000,-0.039,-1.000,-1.000,1,1,0.000,0.000,0.000,0,1.000,0,0,0.2490,-0.0045,0.0572
1856,12,0,0,0.000,-0.039,-1.000,-1.000,1,1,0.000,0.000,0.000,0,1.000,0,0,0.2490,-0.0045,0.0572
1857,12,0,0,0.000,-0.039,-1.000,-1.000,1,1,0.000,0.000,0.000,0,1.000,0,0,0.2490,-0.0045,0.0572
1858,12,0,0,0.000,-0.039,-1.000,-1.000,1,1,0.000,0.000,0.000,0,1.000,0,0,0.2490,-0.0045,0.0572
1859,12,0,0,0.000,-0.039,-1.000,-1.000,1,1,0.000,0.000,0.000,0,1.000,0,0,0.2490,-0.0045,0.0572
1860,12,0,0,0.000,-0.039,-1.000,-1.000,1,1,0.000,0.000,0.000,0,1.000,0,0,0.2490,-0.0045,0.0572
1861,12,0,0,0.000,-0.039,-1.000,-1.000,1,1,0.000,0.000,0.000,0,1.000,0,0,0.2490,-0.0045,0.0572
1862,12,0,0,0.000,-0.032,-1.000,-1.000,1,1,0.000,0.000,0.000,0,1.000,0,0,0.2490,-0.0045,0.0572
1863,12,0,0,0.000,-0.039,-1.000,-1.000,1,1,0.000,0.000,0.000,0,1.000,0,0,0.2490,-0.0045,0.0572
1864,12,0,0,0.000,-0.032,-1.000,-1.000,1,1,0.000,0.000,0.000,0,1.000,0,0,0.2490,-0.0045,0.0572
1865,12,0,0,0.000,-0.032,-1.000,-1.000,1,1,0.000,0.000,0.000,0,1.000,0,0,0.2490,-0.0045,0.0572
1866,12,0,0,0.000,-0.039,-1.000,-1.000,1,1,0.000,0.000,0.000,0,1.000,0,0,0.2490,-0.0045,0.0572
1867,12,0,0,0.000,-0.039,-1.000,-1.000,1,1,0.000,0.000,0.000,0,1.000,0,0,0.2490,-0.0045,0.0572
1868,12,0,0,0.000,-0.039,-1.000,-1.000,1,1,0.000,0.000,0.000,0,1.000,0,0,0.2490,-0.0045,0.0572
1869,12,0,0,0.000,-0.039,-1.000,-1.000,1,1,0.000,0.000,0.000,0,1.000,0,0,0.2489,-0.0045,0.0572
1870,12,0,0,0.000,-0.039,-1.000,-1.000,1,1,0.000,0.000,0.000,0,1.000,0,0,0.2490,-0.0045,0.0572
1871,12,0,0,0.000,-0.039,-1.000,-1.000,1,1,0.000,0.000,0.000,0,1.000,0,0,0.2490,-0.0045,0.0572
1872,12,0,0,0.000,-0.039,-1.000,-1.000,1,1,0.000,0.000,0.000,0,1.000,0,0,0.2490,-0.0045,0.0572
1873,12,0,0,0.000,-0.039,-1.000,-1.000,1,1,0.000,0.000,0.000,0,1.000,0,0,0.2490,-0.0045,0.0572
1874,12,0,0,0.000,-0.039,-1.000,-1.000,1,1,0.000,0.000,0.000,0,1.000,0,0,0.2490,-0.0045,0.0572
1875,12,0,0,0.000,-0.039,-1.000,-1.000,1,1,0.000,0.000,0.000,0,1.000,0,0,0.2490,-0.0045,0.0572
1876,12,0,0,0.000,-0.039,-1.000,-1.000,1,1,0.000,0.000,0.000,0,1.000,0,0,0.2490,-0.0045,0.0572
1877,12,0,0,0.000,-0.039,-1.000,-1.000,1,1,0.000,0.000,0.000,0,1.000,0,0,0.2490,-0.0045,0.0572
1878,12,0,0,0.000,-0.039,-1.000,-1.000,1,1,0.000,0.000,0.000,0,1.000,0,0,0.2490,-0.0045,0.0572
1879,12,0,0,0.000,-0.039,-1.000,-1.000,1,1,0.000,0.000,0.000,0,1.000,0,0,0.2490,-0.0045,0.0572
1880,12,0,0,0.000,-0.039,-1.000,-1.000,1,1,0.000,0.000,0.000,0,1.000,0,0,0.2490,-0.0045,0.0572
1881,12,0,0,0.000,-0.039,-1.000,-1.000,1,1,0.000,0.000,0.000,0,1.000,0,0,0.2490,-0.0045,0.0572
1882,12,0,0,0.000,-0.039,-1.000,-1.000,1,1,0.000,0.000,0.000,0,1.000,0,0,0.2490,-0.0045,0.0572
1883,13,0,0,0.000,-0.039,-1.000,-1.000,1,1,0.000,0.000,0.000,0,0.250,0,0,0.2494,-0.0048,0.0616
1884,13,0,0,0.000,-0.039,-1.000,-1.000,1,1,0.000,0.000,0.000,0,0.500,0,0,0.2490,-0.0042,0.0581
1885,13,0,0,0.000,-0.039,-1.000,-1.000,1,1,0.000,0.000,0.000,0,0.750,0,0,0.2491,-0.0046,0.0573
1886,13,0,0,0.000,-0.039,-1.000,-1.000,1,1,0.000,0.000,0.000,0,1.000,0,0,0.2490,-0.0045,0.0574
1887,13,0,0,0.000,-0.039,-1.000,-1.000,1,1,0.000,0.000,0.000,0,1.000,0,0,0.2490,-0.0045,0.0573
1888,13,0,0,0.000,-0.039,-1.000,-1.000,1,1,0.000,0.000,0.000,0,1.000,0,0,0.2490,-0.0045,0.0573
1889,13,0,0,0.000,-0.039,-1.000,-1.000,1,1,0.000,0.000,0.000,0,1.000,0,0,0.2490,-0.0045,0.0573
1890,13,0,0,0.000,-0.039,-1.000,-1.000,1,1,0.000,0.000,0.000,0,1.000,0,0,0.2490,-0.0045,0.0573
1891,13,0,0,0.000,-0.039,-1.000,-1.000,1,1,0.000,0.000,0.000,0,1.000,0,0,0.2490,-0.0045,0.0573
1892,13,0,0,0.000,-0.039,-1.000,-1.000,1,1,0.000,0.000,0.000,0,1.000,0,0,0.2490,-0.0045,0.0573
1893,13,0,0,0.000,-0.039,-1.000,-1.000,1,1,0.000,0.000,0.000,0,1.000,0,0,0.2490,-0.0045,0.0573
1894,13,0,0,0.000,-0.039,-1.000,-1.000,1,1,0.000,0.000,0.000,0,1.000,0,0,0.2490,-0.0045,0.0573
1895,13,0,0,0.000,-0.039,-1.000,-1.000,1,1,0.000,0.000,0.000,0,1.000,0,0,0.2490,-0.0045,0.0574
1896,13,0,0,0.000,-0.039,-1.000,-1.000,1,1,0.000,0.000,0.000,0,1.000,0,0,0.2490,-0.0045,0.0574
1897,13,0,0,0.000,-0.039,-1.000,-1.000,1,1,0.000,0.000,0.000,0,1.000,0,0,0.2490,-0.0046,0.0574
1898,13,0,0,0.000,-0.039,-1.000,-1.000,1,1,0.000,0.000,0.000,0,1.000,0,0,0.2490,-0.0046,0.0574
1899,13,0,0,0.000,-0.039,-1.000,-1.000,1,1,0.000,0.000,0.000,0,1.000,0,0,0.2490,-0.0046,0.0575
1900,13,0,0,0.000,-0.039,-1.000,-1.000,1,1,0.000,0.000,0.000,0,1.000,0,0,0.2490,-0.0046,0.0575
1901,13,0,0,0.000,-0.039,-1.000,-1.000,1,1,0.000,0.000,0.000,0,1.000,0,0,0.2490,-0.0046,0.0576
1902,13,0,0,0.000,-0.039,-1.000,-1.000,1,1,0.000,0.000,0.000,0,1.000,0,0,0.2490,-0.0046,0.0576
1903,13,0,0,0.000,-0.039,-1.000,-1.000,1,1,0.000,0.000,0.000,0,1.000,0,0,0.2490,-0.0046,0.0576
1904,13,0,0,0.000,-0.039,-1.000,-1.000,1,1,0.000,0.000,0.000,0,1.000,0,0,0.2490,-0.0046,0.0576
1905,13,0,0,0.000,-0.039,-1.000,-1.000,1,1,0.000,0.000,0.000,0,1.000,0,0,0.2490,-0.0046,0.0576
1906,13,0,0,0.000,-0.032,-1.000,-1.000,1,1,0.000,0.000,0.000,0,1.000,0,0,0.2490,-0.0046,0.0576
1907,13,0,0,0.000,-0.039,-1.000,-1.000,1,1,0.000,0.000,0.000,0,1.000,0,0,0.2490,-0.0046,0.0576
1908,13,0,0,0.000,-0.039,-1.000,-1.000,1,1,0.000,0.000,0.000,0,1.000,0,0,0.2490,-0.0046,0.0576
1909,13,0,0,0.000,-0.039,-1.000,-1.000,1,1,0.000,0.000,0.000,0,1.000,0,0,0.2490,-0.0046,0.0576
1910,13,0,0,0.000,-0.039,-1.000,-1.000,1,1,0.000,0.000,0.000,0,1.000,0,0,0.2490,-0.0046,0.0576
1911,13,0,0,0.000,-0.039,-1.000,-1.000,1,1,0.000,0.000,0.000,0,1.000,0,0,0.2490,-0.0046,0.0576
1912,13,0,0,0.000,-0.032,-1.000,-1.000,1,1,0.000,0.000,0.000,0,1.000,0,0,0.2489,-0.0047,0.0576
1913,13,0,0,0.000,-0.039,-1.000,-1.000,1,1,0.000,0.000,0.000,0,1.000,0,0,0.2490,-0.0047,0.0577
1914,13,0,0,0.000,-0.039,-1.000,-1.000,1,1,0.000,0.000,0.000,0,1.000,0,0,0.2490,-0.0047,0.0577
1915,13,0,0,0.000,-0.039,-1.000,-1.000,1,1,0.000,0.000,0.000,0,1.000,0,0,0.2490,-0.0047,0.0578
1916,13,0,0,0.000,-0.039,-1.000,-1.000,1,1,0.000,0.000,0.000,0,1.000,0,0,0.2490,-0.0047,0.0579
1917,13,0,0,0.000,-0.039,-1.000,-1.000,1,1,0.000,0.000,0.000,0,1.000,0,0,0.2490,-0.0047,0.0579
1918,13,0,0,0.000,-0.039,-1.000,-1.000,1,1,0.000,0.000,0.000,0,1.000,0,0,0.2490,-0.0047,0.0578
1919,13,0,0,0.000,-0.039,-1.000,-1.000,1,1,0.000,0.000,0.000,0,1.000,0,0,0.2489,-0.0045,0.0576
1920,13,0,0,0.000,-0.039,-1.000,-1.000,1,1,0.000,0.000,0.000,0,1.000,0,0,0.2489,-0.0045,0.0574
1921,13,0,0,0.000,-0.039,-1.000,-1.000,1,1,0.000,0.000,0.000,0,1.000,0,0,0.2489,-0.0045,0.0574
1922,13,0,0,0.000,-0.039,-1.000,-1.000,1,1,0.000,0.000,0.000,0,1.000,0,0,0.2489,-0.0045,0.0574
1923,13,0,0,0.000,-0.039,-1.000,-1.000,1,1,0.000,0.000,0.000,0,1.000,0,0,0.2489,-0.0045,0.0574
1924,13,0,0,0.000,-0.039,-1.000,-1.000,1,1,0.000,0.000,0.000,0,1.000,0,0,0.2489,-0.0045,0.0574
1925,13,0,0,0.000,-0.039,-1.000,-1.000,1,1,0.000,0.000,0.000,0,1.000,0,0,0.2489,-0.0045,0.0574
1926,13,0,0,0.000,-0.039,-1.000,-1.000,1,1,0.000,0.000,0.000,0,1.000,0,0,0.2489,-0.0047,0.0576
1927,13,0,0,0.000,-0.039,-1.000,-1.000,1,1,0.000,0.000,0.000,0,1.000,0,0,0.2490,-0.0047,0.0577
1928,13,0,0,0.000,-0.039,-1.000,-1.000,1,1,0.000,0.000,0.000,0,1.000,0,0,0.2490,-0.0047,0.0577
1929,13,0,0,0.000,-0.039,-1.000,-1.000,1,1,0.000,0.000,0.000,0,1.000,0,0,0.2490,-0.0047,0.0577
1930,13,0,0,0.000,-0.039,-1.000,-1.000,1,1,0.000,0.000,0.000,0,1.000,0,0,0.2490,-0.0046,0.0577
1931,13,0,0,0.000,-0.039,-1.000,-1.000,1,1,0.000,0.000,0.000,0,1.000,0,0,0.2489,-0.0045,0.0575
1932,13,0,0,0.000,-0.039,-1.000,-1.000,1,1,0.000,0.000,0.000,0,1.000,0,0,0.2489,-0.0045,0.0574
1933,13,0,0,0.000,-0.039,-1.000,-1.000,1,1,0.000,0.000,0.000,0,1.000,0,0,0.2489,-0.0045,0.0574
1934,13,0,0,0.000,-0.039,-1.000,-1.000,1,1,0.000,0.000,0.000,0,1.000,0,0,0.2489,-0.0045,0.0574
1935,13,0,0,0.000,-0.039,-1.000,-1.000,1,1,0.000,0.000,0.000,0,1.000,0,0,0.2489,-0.0045,0.0574
1936,13,0,0,0.000,-0.039,-1.000,-1.000,1,1,0.000,0.000,0.000,0,1.000,0,0,0.2489,-0.0045,0.0574
1937,13,0,0,0.000,-0.039,-1.000,-1.000,1,1,0.000,0.000,0.000,0,1.000,0,0,0.2489,-0.0045,0.0574
1938,13,0,0,0.000,-0.039,-1.000,-1.000,1,1,0.000,0.000,0.000,0,1.000,0,0,0.2489,-0.0045,0.0574
1939,13,0,0,0.000,-0.039,-1.000,-1.000,1,1,0.000,0.000,0.000,0,1.000,0,0,0.2489,-0.0045,0.0574
1940,13,0,0,0.000,-0.039,-1.000,-1.000,1,1,0.000,0.000,0.000,0,1.000,0,0,0.2489,-0.0045,0.0574
1941,13,0,0,0.000,-0.039,-1.000,-1.000,1,1,0.000,0.000,0.000,0,1.000,0,0,0.2489,-0.0045,0.0574
1942,13,0,0,0.000,-0.039,-1.000,-1.000,1,1,0.000,0.000,0.000,0,1.000,0,0,0.2489,-0.0045,0.0574
1943,13,0,0,0.000,-0.039,-1.000,-1.000,1,1,0.000,0.000,0.000,0,1.000,0,0,0.2489,-0.0045,0.0574
1944,13,0,0,0.000,-0.039,-1.000,-1.000,1,1,0.000,0.000,0.000,0,1.000,0,0,0.2489,-0.0045,0.0574
1945,13,0,0,0.000,-0.039,-1.000,-1.000,1,1,0.000,0.000,0.000,0,1.000,0,0,0.2489,-0.0045,0.0574
1946,13,0,0,0.000,-0.039,-1.000,-1.000,1,1,0.000,0.000,0.000,0,1.000,0,0,0.2489,-0.0045,0.0574
1947,13,0,0,0.000,-0.039,-1.000,-1.000,1,1,0.000,0.000,0.000,0,1.000,0,0,0.2489,-0.0045,0.0574
1948,13,0,0,0.000,-0.032,-1.000,-1.000,1,1,0.000,0.000,0.000,0,1.000,0,0,0.2489,-0.0045,0.0574
1949,13,0,0,0.000,-0.039,-1.000,-1.000,1,1,0.000,0.000,0.000,0,1.000,0,0,0.2489,-0.0045,0.0574
1950,13,0,0,0.000,-0.039,-1.000,-1.000,1,1,0.000,0.000,0.000,0,1.000,0,0,0.2489,-0.0045,0.0574
1951,13,0,0,0.000,-0.039,-1.000,-1.000,1,1,0.000,0.000,0.000,0,1.000,0,0,0.2489,-0.0045,0.0574
1952,13,0,0,0.000,-0.039,-1.000,-1.000,1,1,0.000,0.000,0.000,0,1.000,0,0,0.2489,-0.0045,0.0574
1953,13,0,0,0.000,-0.039,-1.000,-1.000,1,1,0.000,0.000,0.000,0,1.000,0,0,0.2489,-0.0045,0.0574
1954,13,0,0,0.000,-0.039,-1.000,-1.000,1,1,0.000,0.000,0.000,0,1.000,0,0,0.2489,-0.0045,0.0574
1955,13,0,0,0.000,-0.039,-1.000,-1.000,1,1,0.000,0.000,0.000,0,1.000,0,0,0.2489,-0.0045,0.0574
1956,13,0,0,0.000,-0.039,-1.000,-1.000,1,1,0.000,0.000,0.000,0,1.000,0,0,0.2489,-0.0045,0.0574
1957,13,0,0,0.000,-0.039,-1.000,-1.000,1,1,0.000,0.000,0.000,0,1.000,0,0,0.2489,-0.0045,0.0574
1958,13,0,0,0.000,-0.039,-1.000,-1.000,1,1,0.000,0.000,0.000,0,1.000,0,0,0.2489,-0.0045,0.0574
1959,13,0,0,0.000,-0.039,-1.000,-1.000,1,1,0.000,0.000,0.000,0,1.000,0,0,0.2489,-0.0045,0.0574
1960,13,0,0,0.000,-0.039,-1.000,-1.000,1,1,0.000,0.000,0.000,0,1.000,0,0,0.2489,-0.0045,0.0574
1961,13,0,0,0.000,-0.039,-1.000,-1.000,1,1,0.000,0.000,0.000,0,1.000,0,0,0.2489,-0.0045,0.0574
1962,13,0,0,0.000,-0.039,-1.000,-1.000,1,1,0.000,0.000,0.000,0,1.000,0,0,0.2489,-0.0045,0.0574
1963,13,0,0,0.000,-0.039,-1.000,-1.000,1,1,0.000,0.000,0.000,0,1.000,0,0,0.2489,-0.0045,0.0574
1964,13,0,0,0.000,-0.039,-1.000,-1.000,1,1,0.000,0.000,0.000,0,1.000,0,0,0.2489,-0.0045,0.0574
1965,13,0,0,0.000,-0.039,-1.000,-1.000,1,1,0.000,0.000,0.000,0,1.000,0,0,0.2489,-0.0045,0.0574
1966,13,0,0,0.000,-0.039,-1.000,-1.000,1,1,0.000,0.000,0.000,0,1.000,0,0,0.2489,-0.0045,0.0574
1967,13,0,0,0.000,-0.039,-1.000,-1.000,1,1,0.000,0.000,0.000,0,1.000,0,0,0.2489,-0.0045,0.0574
1968,13,0,0,0.000,-0.039,-1.000,-1.000,1,1,0.000,0.000,0.000,0,1.000,0,0,0.2489,-0.0045,0.0574
1969,13,0,0,0.000,-0.039,-1.000,-1.000,1,1,0.000,0.000,0.000,0,1.000,0,0,0.2489,-0.0045,0.0574
1970,13,0,0,0.000,-0.039,-1.000,-1.000,1,1,0.000,0.000,0.000,0,1.000,0,0,0.2489,-0.0045,0.0574
1971,13,0,0,0.000,-0.039,-1.000,-1.000,1,1,0.000,0.000,0.000,0,1.000,0,0,0.2489,-0.0045,0.0574
1972,13,0,0,0.000,-0.039,-1.000,-1.000,1,1,0.000,0.000,0.000,0,1.000,0,0,0.2489,-0.0045,0.0574
1973,13,0,0,0.000,-0.039,-1.000,-1.000,1,1,0.000,0.000,0.000,0,1.000,0,0,0.2489,-0.0045,0.0574
1974,13,0,0,0.000,-0.039,-1.000,-1.000,1,1,0.000,0.000,0.000,0,1.000,0,0,0.2489,-0.0045,0.0574
1975,13,0,0,0.000,-0.039,-1.000,-1.000,1,1,0.000,0.000,0.000,0,1.000,0,0,0.2489,-0.0045,0.0574
1976,13,0,0,0.000,-0.039,-1.000,-1.000,1,1,0.000,0.000,0.000,0,1.000,0,0,0.2489,-0.0045,0.0574
1977,13,0,0,0.000,-0.039,-1.000,-1.000,1,1,0.000,0.000,0.000,0,1.000,0,0,0.2489,-0.0045,0.0574
1978,13,0,0,0.000,-0.039,-1.000,-1.000,1,1,0.000,0.000,0.000,0,1.000,0,0,0.2489,-0.0045,0.0574
1979,13,0,0,0.000,-0.039,-1.000,-1.000,1,1,0.000,0.000,0.000,0,1.000,0,0,0.2489,-0.0045,0.0574
1980,13,0,0,0.000,-0.032,-1.000,-1.000,1,1,0.000,0.000,0.000,0,1.000,0,0,0.2489,-0.0045,0.0574
1981,13,0,0,0.000,-0.039,-1.000,-1.000,1,1,0.000,0.000,0.000,0,1.000,0,0,0.2489,-0.0045,0.0574
1982,13,0,0,0.000,-0.039,-1.000,-1.000,1,1,0.000,0.000,0.000,0,1.000,0,0,0.2489,-0.0045,0.0574
1983,13,0,0,0.000,-0.039,-1.000,-1.000,1,1,0.000,0.000,0.000,0,1.000,0,0,0.2490,-0.0045,0.0574
1984,13,0,0,0.000,-0.039,-1.000,-1.000,1,1,0.000,0.000,0.000,0,1.000,0,0,0.2489,-0.0045,0.0574
1985,13,0,0,0.000,-0.039,-1.000,-1.000,1,1,0.000,0.000,0.000,0,1.000,0,0,0.2489,-0.0045,0.0574
1986,13,0,0,0.000,-0.039,-1.000,-1.000,1,1,0.000,0.000,0.000,0,1.000,0,0,0.2489,-0.0045,0.0574
1987,13,0,0,0.000,-0.039,-1.000,-1.000,1,1,0.000,0.000,0.000,0,1.000,0,0,0.2489,-0.0045,0.0574
1988,13,0,0,0.000,-0.039,-1.000,-1.000,1,1,0.000,0.000,0.000,0,1.000,0,0,0.2489,-0.0045,0.0574
1989,13,0,0,0.000,-0.039,-1.000,-1.000,1,1,0.000,0.000,0.000,0,1.000,0,0,0.2489,-0.0045,0.0574
1990,13,0,0,0.000,-0.039,-1.000,-1.000,1,1,0.000,0.000,0.000,0,1.000,0,0,0.2489,-0.0045,0.0574
1991,13,0,0,0.000,-0.039,-1.000,-1.000,1,1,0.000,0.000,0.000,0,1.000,0,0,0.2489,-0.0045,0.0574
1992,13,0,0,0.000,-0.039,-1.000,-1.000,1,1,0.000,0.000,0.000,0,1.000,0,0,0.2489,-0.0045,0.0574
1993,13,0,0,0.000,-0.039,-1.000,-1.000,1,1,0.000,0.000,0.000,0,1.000,0,0,0.2489,-0.0045,0.0574
1994,13,0,0,0.000,-0.039,-1.000,-1.000,1,1,0.000,0.000,0.000,0,1.000,0,0,0.2489,-0.0045,0.0574
1995,13,0,0,0.000,-0.032,-1.000,-1.000,1,1,0.000,0.000,0.000,0,1.000,0,0,0.2489,-0.0045,0.0574
1996,13,0,0,0.000,-0.039,-1.000,-1.000,1,1,0.000,0.000,0.000,0,1.000,0,0,0.2489,-0.0045,0.0574
1997,13,0,0,0.000,-0.039,-1.000,-1.000,1,1,0.000,0.000,0.000,0,1.000,0,0,0.2489,-0.0045,0.0574
1998,13,0,0,0.000,-0.039,-1.000,-1.000,1,1,0.000,0.000,0.000,0,1.000,0,0,0.2489,-0.0045,0.0574
1999,13,0,0,0.000,-0.039,-1.000,-1.000,1,1,0.000,0.000,0.000,0,1.000,0,0,0.2489,-0.0045,0.0574
2000,13,0,0,0.000,-0.039,-1.000,-1.000,1,1,0.000,0.000,0.000,0,1.000,0,0,0.2489,-0.0045,0.0574
2001,13,0,0,0.000,-0.039,-1.000,-1.000,1,1,0.000,0.000,0.000,0,1.000,0,0,0.2489,-0.0045,0.0574
2002,13,0,0,0.000,-0.039,-1.000,-1.000,1,1,0.000,0.000,0.000,0,1.000,0,0,0.2489,-0.0045,0.0574
2003,13,0,0,0.000,-0.039,-1.000,-1.000,1,1,0.000,0.000,0.000,0,1.000,0,0,0.2489,-0.0045,0.0574
2004,13,0,0,0.000,-0.032,-1.000,-1.000,1,1,0.000,0.000,0.000,0,1.000,0,0,0.2489,-0.0045,0.0574
2005,13,0,0,0.000,-0.039,-1.000,-1.000,1,1,0.000,0.000,0.000,0,1.000,0,0,0.2489,-0.0045,0.0574
2006,13,0,0,0.000,-0.039,-1.000,-1.000,1,1,0.000,0.000,0.000,0,1.000,0,0,0.2489,-0.0045,0.0574
2007,13,0,0,0.000,-0.039,-1.000,-1.000,1,1,0.000,0.000,0.000,0,1.000,0,0,0.2489,-0.0045,0.0574
2008,13,0,0,0.000,-0.039,-1.000,-1.000,1,1,0.000,0.000,0.000,0,1.000,0,0,0.2489,-0.0045,0.0574
2009,13,0,0,0.000,-0.039,-1.000,-1.000,1,1,0.000,0.000,0.000,0,1.000,0,0,0.2489,-0.0045,0.0574
2010,13,0,0,0.000,-0.039,-1.000,-1.000,1,1,0.000,0.000,0.000,0,1.000,0,0,0.2489,-0.0045,0.0574
2011,13,0,0,0.000,-0.039,-1.000,-1.000,1,1,0.000,0.000,0.000,0,1.000,0,0,0.2489,-0.0045,0.0574
2012,13,0,0,0.000,-0.039,-1.000,-1.000,1,1,0.000,0.000,0.000,0,1.000,0,0,0.2489,-0.0045,0.0574
2013,13,0,0,0.000,-0.039,-1.000,-1.000,1,1,0.000,0.000,0.000,0,1.000,0,0,0.2489,-0.0045,0.0574
2014,13,0,0,0.000,-0.039,-1.000,-1.000,1,1,0.000,0.000,0.000,0,1.000,0,0,0.2489,-0.0045,0.0574
2015,13,0,0,0.000,-0.039,-1.000,-1.000,1,1,0.000,0.000,0.000,0,1.000,0,0,0.2489,-0.0045,0.0574
2016,13,0,0,0.000,-0.039,-1.000,-1.000,1,1,0.000,0.000,0.000,0,1.000,0,0,0.2489,-0.0045,0.0574
2017,13,0,0,0.000,-0.039,-1.000,-1.000,1,1,0.000,0.000,0.000,0,1.000,0,0,0.2489,-0.0045,0.0574
2018,13,0,0,0.000,-0.039,-1.000,-1.000,1,1,0.000,0.000,0.000,0,1.000,0,0,0.2489,-0.0045,0.0574
2019,13,0,0,0.000,-0.039,-1.000,-1.000,1,1,0.000,0.000,0.000,0,1.000,0,0,0.2489,-0.0045,0.0574
2020,13,0,0,0.000,-0.039,-1.000,-1.000,1,1,0.000,0.000,0.000,0,1.000,0,0,0.2489,-0.0045,0.0574
2021,13,0,0,0.000,-0.039,-1.000,-1.000,1,1,0.000,0.000,0.000,0,1.000,0,0,0.2489,-0.0045,0.0574
2022,13,0,0,0.000,-0.039,-1.000,-1.000,1,1,0.000,0.000,0.000,0,1.000,0,0,0.2489,-0.0045,0.0574
2023,13,0,0,0.000,-0.032,-1.000,-1.000,1,1,0.000,0.000,0.000,0,1.000,0,0,0.2489,-0.0045,0.0574
2024,13,0,0,0.000,-0.039,-1.000,-1.000,1,1,0.000,0.000,0.000,0,1.000,0,0,0.2489,-0.0045,0.0574
2025,13,0,0,0.000,-0.039,-1.000,-1.000,1,1,0.000,0.000,0.000,0,1.000,0,0,0.2489,-0.0045,0.0574
2026,13,0,0,0.000,-0.039,-1.000,-1.000,1,1,0.000,0.000,0.000,0,1.000,0,0,0.2489,-0.0045,0.0574
2027,13,0,0,0.000,-0.039,-1.000,-1.000,1,1,0.000,0.000,0.000,0,1.000,0,0,0.2489,-0.0045,0.0574
2028,13,0,0,0.000,-0.039,-1.000,-1.000,1,1,0.000,0.000,0.000,0,1.000,0,0,0.2489,-0.0045,0.0574
2029,13,0,0,0.000,-0.039,-1.000,-1.000,1,1,0.000,0.000,0.000,0,1.000,0,0,0.2489,-0.0045,0.0574
2030,13,0,0,0.000,-0.039,-1.000,-1.000,1,1,0.000,0.000,0.000,0,1.000,0,0,0.2489,-0.0045,0.0574
2031,13,0,0,0.000,-0.039,-1.000,-1.000,1,1,0.000,0.000,0.000,0,1.000,0,0,0.2489,-0.0045,0.0574
2032,13,0,0,0.000,-0.039,-1.000,-1.000,1,1,0.000,0.000,0.000,0,1.000,0,0,0.2489,-0.0045,0.0574
2033,13,0,0,0.000,-0.039,-1.000,-1.000,1,1,0.000,0.000,0.000,0,1.000,0,0,0.2489,-0.0045,0.0574
2034,13,0,0,0.000,-0.039,-1.000,-1.000,1,1,0.000,0.000,0.000,0,1.000,0,0,0.2489,-0.0045,0.0574
2035,13,0,0,0.000,-0.039,-1.000,-1.000,1,1,0.000,0.000,0.000,0,1.000,0,0,0.2489,-0.0045,0.0574
2036,13,0,0,0.000,-0.039,-1.000,-1.000,1,1,0.000,0.000,0.000,0,1.000,0,0,0.2489,-0.0045,0.0574
2037,13,0,0,0.000,-0.039,-1.000,-1.000,1,1,0.000,0.000,0.000,0,1.000,0,0,0.2489,-0.0045,0.0574
2038,14,0,0,0.000,-0.039,-1.000,-1.000,1,1,0.000,0.000,0.000,0,0.333,0,0,0.2493,-0.0048,0.0617
2039,14,0,0,0.000,-0.039,-1.000,-1.000,1,1,0.000,0.000,0.000,0,0.667,0,0,0.2489,-0.0044,0.0576
2040,14,0,0,0.000,-0.039,-1.000,-1.000,1,1,0.000,0.000,0.000,0,1.000,0,0,0.2490,-0.0046,0.0568
2041,14,0,0,0.000,-0.039,-1.000,-1.000,1,1,0.000,0.000,0.000,0,1.000,0,0,0.2490,-0.0045,0.0571
2042,14,0,0,0.000,-0.039,-1.000,-1.000,1,1,0.000,0.000,0.000,0,1.000,0,0,0.2490,-0.0045,0.0572
2043,14,0,0,0.000,-0.039,-1.000,-1.000,1,1,0.000,0.000,0.000,0,1.000,0,0,0.2490,-0.0045,0.0573
2044,14,0,0,0.000,-0.039,-1.000,-1.000,1,1,0.000,0.000,0.000,0,1.000,0,0,0.2490,-0.0045,0.0573
2045,14,0,0,0.000,-0.032,-1.000,-1.000,1,1,0.000,0.000,0.000,0,1.000,0,0,0.2490,-0.0045,0.0573
2046,14,0,0,0.000,-0.032,-1.000,-1.000,1,1,0.000,0.000,0.000,0,1.000,0,0,0.2490,-0.0045,0.0573
2047,14,0,0,0.000,-0.039,-1.000,-1.000,1,1,0.000,0.000,0.000,0,1.000,0,0,0.2490,-0.0045,0.0573
2048,14,0,0,0.000,-0.039,-1.000,-1.000,1,1,0.000,0.000,0.000,0,1.000,0,0,0.2490,-0.0045,0.0572
2049,14,0,0,0.000,-0.039,-1.000,-1.000,1,1,0.000,0.000,0.000,0,1.000,0,0,0.2490,-0.0045,0.0572
2050,14,0,0,0.000,-0.039,-1.000,-1.000,1,1,0.000,0.000,0.000,0,1.000,0,0,0.2490,-0.0045,0.0573
2051,14,0,0,0.000,-0.039,-1.000,-1.000,1,1,0.000,0.000,0.000,0,1.000,0,0,0.2490,-0.0045,0.0573
2052,14,0,0,0.000,-0.039,-1.000,-1.000,1,1,0.000,0.000,0.000,0,1.000,0,0,0.2490,-0.0045,0.0573
2053,14,0,0,0.000,-0.039,-1.000,-1.000,1,1,0.000,0.000,0.000,0,1.000,0,0,0.2490,-0.0046,0.0573
2054,14,0,0,0.000,-0.039,-1.000,-1.000,1,1,0.000,0.000,0.000,0,1.000,0,0,0.2490,-0.0045,0.0573
2055,14,0,0,0.000,-0.039,-1.000,-1.000,1,1,0.000,0.000,0.000,0,1.000,0,0,0.2490,-0.0045,0.0573
2056,14,0,0,0.000,-0.039,-1.000,-1.000,1,1,0.000,0.000,0.000,0,1.000,0,0,0.2490,-0.0045,0.0573
2057,14,0,0,0.000,-0.039,-1.000,-1.000,1,1,0.000,0.000,0.000,0,1.000,0,0,0.2490,-0.0045,0.0572
2058,14,0,0,0.000,-0.039,-1.000,-1.000,1,1,0.000,0.000,0.000,0,1.000,0,0,0.2489,-0.0045,0.0572
2059,14,0,0,0.000,-0.039,-1.000,-1.000,1,1,0.000,0.000,0.000,0,1.000,0,0,0.2489,-0.0045,0.0572
2060,14,0,0,0.000,-0.039,-1.000,-1.000,1,1,0.000,0.000,0.000,0,1.000,0,0,0.2490,-0.0045,0.0572
2061,14,0,0,0.000,-0.039,-1.000,-1.000,1,1,0.000,0.000,0.000,0,1.000,0,0,0.2489,-0.0045,0.0572
2062,14,0,0,0.000,-0.039,-1.000,-1.000,1,1,0.000,0.000,0.000,0,1.000,0,0,0.2489,-0.0045,0.0572
2063,14,0,0,0.000,-0.039,-1.000,-1.000,1,1,0.000,0.000,0.000,0,1.000,0,0,0.2489,-0.0045,0.0573
2064,14,0,0,0.000,-0.039,-1.000,-1.000,1,1,0.000,0.000,0.000,0,1.000,0,0,0.2489,-0.0045,0.0573
2065,14,0,0,0.000,-0.039,-1.000,-1.000,1,1,0.000,0.000,0.000,0,1.000,0,0,0.2489,-0.0045,0.0573
2066,14,0,0,0.000,-0.039,-1.000,-1.000,1,1,0.000,0.000,0.000,0,1.000,0,0,0.2489,-0.0045,0.0573
2067,14,0,0,0.000,-0.039,-1.000,-1.000,1,1,0.000,0.000,0.000,0,1.000,0,0,0.2489,-0.0045,0.0573
2068,14,0,0,0.000,-0.039,-1.000,-1.000,1,1,0.000,0.000,0.000,0,1.000,0,0,0.2489,-0.0045,0.0573
2069,14,0,0,0.000,-0.032,-1.000,-1.000,1,1,0.000,0.000,0.000,0,1.000,0,0,0.2489,-0.0045,0.0573
2070,14,0,0,0.000,-0.039,-1.000,-1.000,1,1,0.000,0.000,0.000,0,1.000,0,0,0.2489,-0.0045,0.0573
2071,14,0,0,0.000,-0.039,-1.000,-1.000,1,1,0.000,0.000,0.000,0,1.000,0,0,0.2489,-0.0045,0.0573
2072,14,0,0,0.000,-0.039,-1.000,-1.000,1,1,0.000,0.000,0.000,0,1.000,0,0,0.2489,-0.0045,0.0573
2073,14,0,0,0.000,-0.039,-1.000,-1.000,1,1,0.000,0.000,0.000,0,1.000,0,0,0.2489,-0.0045,0.0573
2074,14,0,0,0.000,-0.039,-1.000,-1.000,1,1,0.000,0.000,0.000,0,1.000,0,0,0.2489,-0.0045,0.0573
2075,14,0,0,0.000,-0.039,-1.000,-1.000,1,1,0.000,0.000,0.000,0,1.000,0,0,0.2489,-0.0045,0.0573
2076,14,0,0,0.000,-0.039,-1.000,-1.000,1,1,0.000,0.000,0.000,0,1.000,0,0,0.2489,-0.0045,0.0573
2077,14,0,0,0.000,-0.039,-1.000,-1.000,1,1,0.000,0.000,0.000,0,1.000,0,0,0.2489,-0.0045,0.0573
2078,14,0,0,0.000,-0.039,-1.000,-1.000,1,1,0.000,0.000,0.000,0,1.000,0,0,0.2489,-0.0045,0.0573
2079,14,0,0,0.000,-0.039,-1.000,-1.000,1,1,0.000,0.000,0.000,0,1.000,0,0,0.2489,-0.0045,0.0573
2080,14,0,0,0.000,-0.039,-1.000,-1.000,1,1,0.000,0.000,0.000,0,1.000,0,0,0.2489,-0.0045,0.0573
2081,14,0,0,0.000,-0.039,-1.000,-1.000,1,1,0.000,0.000,0.000,0,1.000,0,0,0.2489,-0.0045,0.0573
2082,14,0,0,0.000,-0.039,-1.000,-1.000,1,1,0.000,0.000,0.000,0,1.000,0,0,0.2489,-0.0045,0.0573
2083,14,0,0,0.000,-0.039,-1.000,-1.000,1,1,0.000,0.000,0.000,0,1.000,0,0,0.2489,-0.0045,0.0573
2084,14,0,0,0.000,-0.039,-1.000,-1.000,1,1,0.000,0.000,0.000,0,1.000,0,0,0.2489,-0.0045,0.0573
2085,14,0,0,0.000,-0.039,-1.000,-1.000,1,1,0.000,0.000,0.000,0,1.000,0,0,0.2489,-0.0045,0.0573
2086,14,0,0,0.000,-0.039,-1.000,-1.000,1,1,0.000,0.000,0.000,0,1.000,0,0,0.2489,-0.0045,0.0573
2087,14,0,0,0.000,-0.039,-1.000,-1.000,1,1,0.000,0.000,0.000,0,1.000,0,0,0.2489,-0.0045,0.0573
2088,14,0,0,0.000,-0.039,-1.000,-1.000,1,1,0.000,0.000,0.000,0,1.000,0,0,0.2489,-0.0045,0.0573
2089,14,0,0,0.000,-0.039,-1.000,-1.000,1,1,0.000,0.000,0.000,0,1.000,0,0,0.2489,-0.0045,0.0573
2090,14,0,0,0.000,-0.039,-1.000,-1.000,1,1,0.000,0.000,0.000,0,1.000,0,0,0.2489,-0.0045,0.0573
2091,14,0,0,0.000,-0.039,-1.000,-1.000,1,1,0.000,0.000,0.000,0,1.000,0,0,0.2489,-0.0045,0.0573
2092,14,0,0,0.000,-0.039,-1.000,-1.000,1,1,0.000,0.000,0.000,0,1.000,0,0,0.2489,-0.0045,0.0573
2093,14,0,0,0.000,-0.039,-1.000,-1.000,1,1,0.000,0.000,0.000,0,1.000,0,0,0.2489,-0.0045,0.0573
2094,14,0,0,0.000,-0.039,-1.000,-1.000,1,1,0.000,0.000,0.000,0,1.000,0,0,0.2489,-0.0045,0.0573
2095,14,0,0,0.000,-0.039,-1.000,-1.000,1,1,0.000,0.000,0.000,0,1.000,0,0,0.2489,-0.0045,0.0573
2096,14,0,0,0.000,-0.039,-1.000,-1.000,1,1,0.000,0.000,0.000,0,1.000,0,0,0.2489,-0.0045,0.0573
2097,14,0,0,0.000,-0.039,-1.000,-1.000,1,1,0.000,0.000,0.000,0,1.000,0,0,0.2489,-0.0045,0.0573
2098,14,0,0,0.000,-0.039,-1.000,-1.000,1,1,0.000,0.000,0.000,0,1.000,0,0,0.2489,-0.0045,0.0573
2099,14,0,0,0.000,-0.039,-1.000,-1.000,1,1,0.000,0.000,0.000,0,1.000,0,0,0.2489,-0.0045,0.0573
2100,14,0,0,0.000,-0.039,-1.000,-1.000,1,1,0.000,0.000,0.000,0,1.000,0,0,0.2489,-0.0045,0.0573
2101,14,0,0,0.000,-0.039,-1.000,-1.000,1,1,0.000,0.000,0.000,0,1.000,0,0,0.2489,-0.0045,0.0573
2102,14,0,0,0.000,-0.039,-1.000,-1.000,1,1,0.000,0.000,0.000,0,1.000,0,0,0.2489,-0.0045,0.0573
2103,14,0,0,0.000,-0.039,-1.000,-1.000,1,1,0.000,0.000,0.000,0,1.000,0,0,0.2489,-0.0045,0.0573
2104,14,0,0,0.000,-0.039,-1.000,-1.000,1,1,0.000,0.000,0.000,0,1.000,0,0,0.2489,-0.0045,0.0573
2105,14,0,0,0.000,-0.039,-1.000,-1.000,1,1,0.000,0.000,0.000,0,1.000,0,0,0.2489,-0.0045,0.0573
2106,14,0,0,0.000,-0.039,-1.000,-1.000,1,1,0.000,0.000,0.000,0,1.000,0,0,0.2489,-0.0045,0.0573
2107,14,0,0,0.000,-0.039,-1.000,-1.000,1,1,0.000,0.000,0.000,0,1.000,0,0,0.2489,-0.0045,0.0573
2108,14,0,0,0.000,-0.039,-1.000,-1.000,1,1,0.000,0.000,0.000,0,1.000,0,0,0.2489,-0.0045,0.0573
2109,14,0,0,0.000,-0.039,-1.000,-1.000,1,1,0.000,0.000,0.000,0,1.000,0,0,0.2489,-0.0045,0.0573
2110,14,0,0,0.000,-0.039,-1.000,-1.000,1,1,0.000,0.000,0.000,0,1.000,0,0,0.2489,-0.0045,0.0573
2111,14,0,0,0.000,-0.039,-1.000,-1.000,1,1,0.000,0.000,0.000,0,1.000,0,0,0.2489,-0.0045,0.0573
2112,14,0,0,0.000,-0.039,-1.000,-1.000,1,1,0.000,0.000,0.000,0,1.000,0,0,0.2489,-0.0045,0.0573
2113,14,0,0,0.000,-0.039,-1.000,-1.000,1,1,0.000,0.000,0.000,0,1.000,0,0,0.2489,-0.0045,0.0573
2114,14,0,0,0.000,-0.039,-1.000,-1.000,1,1,0.000,0.000,0.000,0,1.000,0,0,0.2489,-0.0045,0.0573
2115,14,0,0,0.000,-0.039,-1.000,-1.000,1,1,0.000,0.000,0.000,0,1.000,0,0,0.2489,-0.0045,0.0573
2116,14,0,0,0.000,-0.039,-1.000,-1.000,1,1,0.000,0.000,0.000,0,1.000,0,0,0.2489,-0.0045,0.0573
2117,14,0,0,0.000,-0.039,-1.000,-1.000,1,1,0.000,0.000,0.000,0,1.000,0,0,0.2489,-0.0045,0.0573
2118,14,0,0,0.000,-0.039,-1.000,-1.000,1,1,0.000,0.000,0.000,0,1.000,0,0,0.2489,-0.0045,0.0573
2119,14,0,0,0.000,-0.032,-1.000,-1.000,1,1,0.000,0.000,0.000,0,1.000,0,0,0.2489,-0.0045,0.0573
2120,14,0,0,0.000,-0.039,-1.000,-1.000,1,1,0.000,0.000,0.000,0,1.000,0,0,0.2489,-0.0045,0.0573
2121,14,0,0,0.000,-0.039,-1.000,-1.000,1,1,0.000,0.000,0.000,0,1.000,0,0,0.2489,-0.0045,0.0573
2122,14,0,0,0.000,-0.039,-1.000,-1.000,1,1,0.000,0.000,0.000,0,1.000,0,0,0.2489,-0.0045,0.0573
2123,14,0,0,0.000,-0.039,-1.000,-1.000,1,1,0.000,0.000,0.000,0,1.000,0,0,0.2489,-0.0045,0.0573
2124,14,0,0,0.000,-0.039,-1.000,-1.000,1,1,0.000,0.000,0.000,0,1.000,0,0,0.2489,-0.0045,0.0573
2125,14,0,0,0.000,-0.039,-1.000,-1.000,1,1,0.000,0.000,0.000,0,1.000,0,0,0.2489,-0.0045,0.0573
2126,14,0,0,0.000,-0.039,-1.000,-1.000,1,1,0.000,0.000,0.000,0,1.000,0,0,0.2489,-0.0045,0.0573
2127,14,0,0,0.000,-0.039,-1.000,-1.000,1,1,0.000,0.000,0.000,0,1.000,0,0,0.2489,-0.0045,0.0573
2128,14,0,0,0.000,-0.039,-1.000,-1.000,1,1,0.000,0.000,0.000,0,1.000,0,0,0.2490,-0.0045,0.0573
2129,14,0,0,0.000,-0.039,-1.000,-1.000,1,1,0.000,0.000,0.000,0,1.000,0,0,0.2489,-0.0045,0.0573
2130,14,0,0,0.000,-0.032,-1.000,-1.000,1,1,0.000,0.000,0.000,0,1.000,0,0,0.2490,-0.0045,0.0573
2131,14,0,0,0.000,-0.032,-1.000,-1.000,1,1,0.000,0.000,0.000,0,1.000,0,0,0.2489,-0.0045,0.0573
2132,14,0,0,0.000,-0.039,-1.000,-1.000,1,1,0.000,0.000,0.000,0,1.000,0,0,0.2489,-0.0045,0.0573
2133,14,0,0,0.000,-0.039,-1.000,-1.000,1,1,0.000,0.000,0.000,0,1.000,0,0,0.2489,-0.0045,0.0573
2134,14,0,0,0.000,-0.039,-1.000,-1.000,1,1,0.000,0.000,0.000,0,1.000,0,0,0.2489,-0.0045,0.0573
2135,14,0,0,0.000,-0.039,-1.000,-1.000,1,1,0.000,0.000,0.000,0,1.000,0,0,0.2489,-0.0045,0.0573
2136,14,0,0,0.000,-0.039,-1.000,-1.000,1,1,0.000,0.000,0.000,0,1.000,0,0,0.2489,-0.0045,0.0573
2137,14,0,0,0.000,-0.039,-1.000,-1.000,1,1,0.000,0.000,0.000,0,1.000,0,0,0.2489,-0.0045,0.0573
2138,14,0,0,0.000,-0.039,-1.000,-1.000,1,1,0.000,0.000,0.000,0,1.000,0,0,0.2489,-0.0045,0.0573
2139,14,0,0,0.000,-0.039,-1.000,-1.000,1,1,0.000,0.000,0.000,0,1.000,0,0,0.2489,-0.0045,0.0573
2140,14,0,0,0.000,-0.039,-1.000,-1.000,1,1,0.000,0.000,0.000,0,1.000,0,0,0.2489,-0.0045,0.0573
2141,14,0,0,0.000,-0.039,-1.000,-1.000,1,1,0.000,0.000,0.000,0,1.000,0,0,0.2489,-0.0045,0.0573
2142,14,0,0,0.000,-0.039,-1.000,-1.000,1,1,0.000,0.000,0.000,0,1.000,0,0,0.2489,-0.0045,0.0573
2143,14,0,0,0.000,-0.039,-1.000,-1.000,1,1,0.000,0.000,0.000,0,1.000,0,0,0.2489,-0.0045,0.0573
2144,14,0,0,0.000,-0.039,-1.000,-1.000,1,1,0.000,0.000,0.000,0,1.000,0,0,0.2489,-0.0045,0.0573
2145,14,0,0,0.000,-0.039,-1.000,-1.000,1,1,0.000,0.000,0.000,0,1.000,0,0,0.2489,-0.0045,0.0573
2146,14,0,0,0.000,-0.032,-1.000,-1.000,1,1,0.000,0.000,0.000,0,1.000,0,0,0.2489,-0.0045,0.0573
2147,14,0,0,0.000,-0.039,-1.000,-1.000,1,1,0.000,0.000,0.000,0,1.000,0,0,0.2489,-0.0045,0.0573
2148,14,0,0,0.000,-0.039,-1.000,-1.000,1,1,0.000,0.000,0.000,0,1.000,0,0,0.2489,-0.0045,0.0573
2149,14,0,0,0.000,-0.039,-1.000,-1.000,1,1,0.000,0.000,0.000,0,1.000,0,0,0.2489,-0.0045,0.0573
2150,14,0,0,0.000,-0.039,-1.000,-1.000,1,1,0.000,0.000,0.000,0,1.000,0,0,0.2489,-0.0045,0.0573
2151,14,0,0,0.000,-0.039,-1.000,-1.000,1,1,0.000,0.000,0.000,0,1.000,0,0,0.2489,-0.0045,0.0573
2152,14,0,0,0.000,-0.039,-1.000,-1.000,1,1,0.000,0.000,0.000,0,1.000,0,0,0.2489,-0.0045,0.0573
2153,14,0,0,0.000,-0.039,-1.000,-1.000,1,1,0.000,0.000,0.000,0,1.000,0,0,0.2489,-0.0045,0.0573
2154,14,0,0,0.000,-0.039,-1.000,-1.000,1,1,0.000,0.000,0.000,0,1.000,0,0,0.2489,-0.0045,0.0573
2155,14,0,0,0.000,-0.039,-1.000,-1.000,1,1,0.000,0.000,0.000,0,1.000,0,0,0.2489,-0.0045,0.0573
2156,14,0,0,0.000,-0.039,-1.000,-1.000,1,1,0.000,0.000,0.000,0,1.000,0,0,0.2489,-0.0045,0.0573
2157,14,0,0,0.000,-0.039,-1.000,-1.000,1,1,0.000,0.000,0.000,0,1.000,0,0,0.2489,-0.0045,0.0573
2158,14,0,0,0.000,-0.039,-1.000,-1.000,1,1,0.000,0.000,0.000,0,1.000,0,0,0.2489,-0.0045,0.0573
2159,14,0,0,0.000,-0.039,-1.000,-1.000,1,1,0.000,0.000,0.000,0,1.000,0,0,0.2489,-0.0045,0.0573
2160,14,0,0,0.000,-0.039,-1.000,-1.000,1,1,0.000,0.000,0.000,0,1.000,0,0,0.2489,-0.0045,0.0573
2161,14,0,0,0.000,-0.039,-1.000,-1.000,1,1,0.000,0.000,0.000,0,1.000,0,0,0.2489,-0.0045,0.0573
2162,14,0,0,0.000,-0.039,-1.000,-1.000,1,1,0.000,0.000,0.000,0,1.000,0,0,0.2489,-0.0045,0.0573
2163,14,0,0,0.000,-0.039,-1.000,-1.000,1,1,0.000,0.000,0.000,0,1.000,0,0,0.2489,-0.0045,0.0573
2164,14,0,0,0.000,-0.039,-1.000,-1.000,1,1,0.000,0.000,0.000,0,1.000,0,0,0.2489,-0.0045,0.0573
2165,14,0,0,0.000,-0.039,-1.000,-1.000,1,1,0.000,0.000,0.000,0,1.000,0,0,0.2489,-0.0045,0.0573
2166,14,0,0,0.000,-0.039,-1.000,-1.000,1,1,0.000,0.000,0.000,0,1.000,0,0,0.2489,-0.0045,0.0573
2167,14,0,0,0.000,-0.039,-1.000,-1.000,1,1,0.000,0.000,0.000,0,1.000,0,0,0.2489,-0.0045,0.0573
2168,14,0,0,0.000,-0.039,-1.000,-1.000,1,1,0.000,0.000,0.000,0,1.000,0,0,0.2489,-0.0045,0.0573
2169,14,0,0,0.000,-0.039,-1.000,-1.000,1,1,0.000,0.000,0.000,0,1.000,0,0,0.2489,-0.0045,0.0573
2170,14,0,0,0.000,-0.039,-1.000,-1.000,1,1,0.000,0.000,0.000,0,1.000,0,0,0.2489,-0.0045,0.0573
2171,14,0,0,0.000,-0.039,-1.000,-1.000,1,1,0.000,0.000,0.000,0,1.000,0,0,0.2489,-0.0045,0.0573
2172,14,0,0,0.000,-0.039,-1.000,-1.000,1,1,0.000,0.000,0.000,0,1.000,0,0,0.2489,-0.0045,0.0573
2173,14,0,0,0.000,-0.039,-1.000,-1.000,1,1,0.000,0.000,0.000,0,1.000,0,0,0.2489,-0.0045,0.0573
2174,14,0,0,0.000,-0.039,-1.000,-1.000,1,1,0.000,0.000,0.000,0,1.000,0,0,0.2489,-0.0045,0.0573
2175,14,0,0,0.000,-0.039,-1.000,-1.000,1,1,0.000,0.000,0.000,0,1.000,0,0,0.2489,-0.0045,0.0573
2176,14,0,0,0.000,-0.039,-1.000,-1.000,1,1,0.000,0.000,0.000,0,1.000,0,0,0.2489,-0.0045,0.0573
2177,14,0,0,0.000,-0.039,-1.000,-1.000,1,1,0.000,0.000,0.000,0,1.000,0,0,0.2489,-0.0045,0.0573
2178,14,0,0,0.000,-0.039,-1.000,-1.000,1,1,0.000,0.000,0.000,0,1.000,0,0,0.2489,-0.0045,0.0573
2179,14,0,0,0.000,-0.039,-1.000,-1.000,1,1,0.000,0.000,0.000,0,1.000,0,0,0.2489,-0.0045,0.0573
2180,14,0,0,0.000,-0.039,-1.000,-1.000,1,1,0.000,0.000,0.000,0,1.000,0,0,0.2489,-0.0045,0.0573
2181,14,0,0,0.000,-0.039,-1.000,-1.000,1,1,0.000,0.000,0.000,0,1.000,0,0,0.2489,-0.0045,0.0573
2182,14,0,0,0.000,-0.032,-1.000,-1.000,1,1,0.000,0.000,0.000,0,1.000,0,0,0.2489,-0.0045,0.0573
2183,14,0,0,0.000,-0.039,-1.000,-1.000,1,1,0.000,0.000,0.000,0,1.000,0,0,0.2489,-0.0045,0.0573
2184,14,0,0,0.000,-0.039,-1.000,-1.000,1,1,0.000,0.000,0.000,0,1.000,0,0,0.2489,-0.0045,0.0573
2185,14,0,0,0.000,-0.039,-1.000,-1.000,1,1,0.000,0.000,0.000,0,1.000,0,0,0.2489,-0.0045,0.0573
2186,14,0,0,0.000,-0.032,-1.000,-1.000,1,1,0.000,0.000,0.000,0,1.000,0,0,0.2489,-0.0045,0.0573
2187,14,0,0,0.000,-0.039,-1.000,-1.000,1,1,0.000,0.000,0.000,0,1.000,0,0,0.2489,-0.0045,0.0573
2188,14,0,0,0.000,-0.032,-1.000,-1.000,1,1,0.000,0.000,0.000,0,1.000,0,0,0.2489,-0.0045,0.0573
2189,14,0,0,0.000,-0.039,-1.000,-1.000,1,1,0.000,0.000,0.000,0,1.000,0,0,0.2489,-0.0045,0.0573
2190,14,0,0,0.000,-0.039,-1.000,-1.000,1,1,0.000,0.000,0.000,0,1.000,0,0,0.2489,-0.0045,0.0573
2191,14,0,0,0.000,-0.039,-1.000,-1.000,1,1,0.000,0.000,0.000,0,1.000,0,0,0.2489,-0.0045,0.0573
2192,15,0,0,0.000,-0.039,-1.000,-1.000,1,1,0.000,0.000,0.000,0,0.333,0,0,0.2493,-0.0048,0.0618
2193,15,0,0,0.000,-0.032,-1.000,-1.000,1,1,0.000,0.000,0.000,0,0.667,0,0,0.2489,-0.0043,0.0577
2194,15,0,0,0.000,-0.039,-1.000,-1.000,1,1,0.000,0.000,0.000,0,1.000,0,0,0.2490,-0.0046,0.0568
2195,15,0,0,0.000,-0.039,-1.000,-1.000,1,1,0.000,0.000,0.000,0,1.000,0,0,0.2490,-0.0045,0.0571
2196,15,0,0,0.000,-0.039,-1.000,-1.000,1,1,0.000,0.000,0.000,0,1.000,0,0,0.2490,-0.0045,0.0573
2197,15,0,0,0.000,-0.039,-1.000,-1.000,1,1,0.000,0.000,0.000,0,1.000,0,0,0.2490,-0.0045,0.0573
2198,15,0,0,0.000,-0.039,-1.000,-1.000,1,1,0.000,0.000,0.000,0,1.000,0,0,0.2490,-0.0045,0.0573
2199,15,0,0,0.000,-0.039,-1.000,-1.000,1,1,0.000,0.000,0.000,0,1.000,0,0,0.2490,-0.0045,0.0572
2200,15,0,0,0.000,-0.039,-1.000,-1.000,1,1,0.000,0.000,0.000,0,1.000,0,0,0.2490,-0.0045,0.0572
2201,15,0,0,0.000,-0.039,-1.000,-1.000,1,1,0.000,0.000,0.000,0,1.000,0,0,0.2490,-0.0045,0.0572
2202,15,0,0,0.000,-0.039,-1.000,-1.000,1,1,0.000,0.000,0.000,0,1.000,0,0,0.2490,-0.0045,0.0573
2203,15,0,0,0.000,-0.039,-1.000,-1.000,1,1,0.000,0.000,0.000,0,1.000,0,0,0.2490,-0.0045,0.0572
2204,15,0,0,0.000,-0.039,-1.000,-1.000,1,1,0.000,0.000,0.000,0,1.000,0,0,0.2490,-0.0045,0.0573
2205,15,0,0,0.000,-0.039,-1.000,-1.000,1,1,0.000,0.000,0.000,0,1.000,0,0,0.2490,-0.0045,0.0572
2206,15,0,0,0.000,-0.039,-1.000,-1.000,1,1,0.000,0.000,0.000,0,1.000,0,0,0.2490,-0.0045,0.0572
2207,15,0,0,0.000,-0.039,-1.000,-1.000,1,1,0.000,0.000,0.000,0,1.000,0,0,0.2490,-0.0045,0.0572
2208,15,0,0,0.000,-0.039,-1.000,-1.000,1,1,0.000,0.000,0.000,0,1.000,0,0,0.2490,-0.0045,0.0572
2209,15,0,0,0.000,-0.032,-1.000,-1.000,1,1,0.000,0.000,0.000,0,1.000,0,0,0.2490,-0.0045,0.0572
2210,15,0,0,0.000,-0.039,-1.000,-1.000,1,1,0.000,0.000,0.000,0,1.000,0,0,0.2490,-0.0045,0.0572
2211,15,0,0,0.000,-0.039,-1.000,-1.000,1,1,0.000,0.000,0.000,0,1.000,0,0,0.2490,-0.0045,0.0572
2212,15,0,0,0.000,-0.039,-1.000,-1.000,1,1,0.000,0.000,0.000,0,1.000,0,0,0.2490,-0.0045,0.0572
2213,15,0,0,0.000,-0.039,-1.000,-1.000,1,1,0.000,0.000,0.000,0,1.000,0,0,0.2490,-0.0045,0.0572
2214,15,0,0,0.000,-0.039,-1.000,-1.000,1,1,0.000,0.000,0.000,0,1.000,0,0,0.2490,-0.0045,0.0572
2215,15,0,0,0.000,-0.039,-1.000,-1.000,1,1,0.000,0.000,0.000,0,1.000,0,0,0.2490,-0.0045,0.0572
2216,15,0,0,0.000,-0.039,-1.000,-1.000,1,1,0.000,0.000,0.000,0,1.000,0,0,0.2490,-0.0045,0.0572
2217,15,0,0,0.000,-0.039,-1.000,-1.000,1,1,0.000,0.000,0.000,0,1.000,0,0,0.2490,-0.0045,0.0572
2218,15,0,0,0.000,-0.039,-1.000,-1.000,1,1,0.000,0.000,0.000,0,1.000,0,0,0.2490,-0.0045,0.0572
2219,15,0,0,0.000,-0.039,-1.000,-1.000,1,1,0.000,0.000,0.000,0,1.000,0,0,0.2490,-0.0045,0.0572
2220,15,0,0,0.000,-0.039,-1.000,-1.000,1,1,0.000,0.000,0.000,0,1.000,0,0,0.2490,-0.0045,0.0572
2221,15,0,0,0.000,-0.039,-1.000,-1.000,1,1,0.000,0.000,0.000,0,1.000,0,0,0.2490,-0.0045,0.0572
2222,15,0,0,0.000,-0.039,-1.000,-1.000,1,1,0.000,0.000,0.000,0,1.000,0,0,0.2490,-0.0045,0.0572
2223,15,0,0,0.000,-0.039,-1.000,-1.000,1,1,0.000,0.000,0.000,0,1.000,0,0,0.2490,-0.0045,0.0572
2224,15,0,0,0.000,-0.039,-1.000,-1.000,1,1,0.000,0.000,0.000,0,1.000,0,0,0.2490,-0.0045,0.0572
2225,15,0,0,0.000,-0.039,-1.000,-1.000,1,1,0.000,0.000,0.000,0,1.000,0,0,0.2490,-0.0045,0.0572
2226,15,0,0,0.000,-0.039,-1.000,-1.000,1,1,0.000,0.000,0.000,0,1.000,0,0,0.2490,-0.0045,0.0572
2227,15,0,0,0.000,-0.039,-1.000,-1.000,1,1,0.000,0.000,0.000,0,1.000,0,0,0.2490,-0.0045,0.0572
2228,15,0,0,0.000,-0.039,-1.000,-1.000,1,1,0.000,0.000,0.000,0,1.000,0,0,0.2490,-0.0045,0.0572
2229,15,0,0,0.000,-0.039,-1.000,-1.000,1,1,0.000,0.000,0.000,0,1.000,0,0,0.2490,-0.0045,0.0572
2230,15,0,0,0.000,-0.039,-1.000,-1.000,1,1,0.000,0.000,0.000,0,1.000,0,0,0.2490,-0.0045,0.0572
2231,15,0,0,0.000,-0.039,-1.000,-1.000,1,1,0.000,0.000,0.000,0,1.000,0,0,0.2490,-0.0045,0.0572
2232,15,0,0,0.000,-0.039,-1.000,-1.000,1,1,0.000,0.000,0.000,0,1.000,0,0,0.2490,-0.0045,0.0572
2233,15,0,0,0.000,-0.039,-1.000,-1.000,1,1,0.000,0.000,0.000,0,1.000,0,0,0.2490,-0.0045,0.0572
2234,15,0,0,0.000,-0.039,-1.000,-1.000,1,1,0.000,0.000,0.000,0,1.000,0,0,0.2490,-0.0045,0.0572
2235,15,0,0,0.000,-0.039,-1.000,-1.000,1,1,0.000,0.000,0.000,0,1.000,0,0,0.2490,-0.0045,0.0572
2236,15,0,0,0.000,-0.039,-1.000,-1.000,1,1,0.000,0.000,0.000,0,1.000,0,0,0.2490,-0.0045,0.0572
2237,15,0,0,0.000,-0.039,-1.000,-1.000,1,1,0.000,0.000,0.000,0,1.000,0,0,0.2490,-0.0045,0.0572
2238,15,0,0,0.000,-0.032,-1.000,-1.000,1,1,0.000,0.000,0.000,0,1.000,0,0,0.2490,-0.0045,0.0572
2239,15,0,0,0.000,-0.039,-1.000,-1.000,1,1,0.000,0.000,0.000,0,1.000,0,0,0.2490,-0.0045,0.0572
2240,15,0,0,0.000,-0.039,-1.000,-1.000,1,1,0.000,0.000,0.000,0,1.000,0,0,0.2490,-0.0045,0.0572
2241,15,0,0,0.000,-0.039,-1.000,-1.000,1,1,0.000,0.000,0.000,0,1.000,0,0,0.2490,-0.0045,0.0572
2242,15,0,0,0.000,-0.039,-1.000,-1.000,1,1,0.000,0.000,0.000,0,1.000,0,0,0.2490,-0.0045,0.0572
2243,15,0,0,0.000,-0.039,-1.000,-1.000,1,1,0.000,0.000,0.000,0,1.000,0,0,0.2490,-0.0045,0.0572
2244,15,0,0,0.000,-0.039,-1.000,-1.000,1,1,0.000,0.000,0.000,0,1.000,0,0,0.2490,-0.0045,0.0572
2245,15,0,0,0.000,-0.039,-1.000,-1.000,1,1,0.000,0.000,0.000,0,1.000,0,0,0.2490,-0.0045,0.0572
2246,15,0,0,0.000,-0.032,-1.000,-1.000,1,1,0.000,0.000,0.000,0,1.000,0,0,0.2490,-0.0045,0.0572
2247,15,0,0,0.000,-0.039,-1.000,-1.000,1,1,0.000,0.000,0.000,0,1.000,0,0,0.2490,-0.0045,0.0572
2248,15,0,0,0.000,-0.039,-1.000,-1.000,1,1,0.000,0.000,0.000,0,1.000,0,0,0.2490,-0.0045,0.0572
2249,15,0,0,0.000,-0.039,-1.000,-1.000,1,1,0.000,0.000,0.000,0,1.000,0,0,0.2490,-0.0045,0.0572
2250,15,0,0,0.000,-0.039,-1.000,-1.000,1,1,0.000,0.000,0.000,0,1.000,0,0,0.2490,-0.0045,0.0572
2251,15,0,0,0.000,-0.039,-1.000,-1.000,1,1,0.000,0.000,0.000,0,1.000,0,0,0.2490,-0.0045,0.0572
2252,15,0,0,0.000,-0.032,-1.000,-1.000,1,1,0.000,0.000,0.000,0,1.000,0,0,0.2490,-0.0045,0.0572
2253,15,0,0,0.000,-0.039,-1.000,-1.000,1,1,0.000,0.000,0.000,0,1.000,0,0,0.2490,-0.0045,0.0572
2254,15,0,0,0.000,-0.039,-1.000,-1.000,1,1,0.000,0.000,0.000,0,1.000,0,0,0.2490,-0.0045,0.0572
2255,15,0,0,0.000,-0.039,-1.000,-1.000,1,1,0.000,0.000,0.000,0,1.000,0,0,0.2490,-0.0045,0.0572
2256,15,0,0,0.000,-0.039,-1.000,-1.000,1,1,0.000,0.000,0.000,0,1.000,0,0,0.2490,-0.0045,0.0572
2257,15,0,0,0.000,-0.039,-1.000,-1.000,1,1,0.000,0.000,0.000,0,1.000,0,0,0.2490,-0.0045,0.0572
2258,15,0,0,0.000,-0.039,-1.000,-1.000,1,1,0.000,0.000,0.000,0,1.000,0,0,0.2490,-0.0045,0.0572
2259,15,0,0,0.000,-0.032,-1.000,-1.000,1,1,0.000,0.000,0.000,0,1.000,0,0,0.2490,-0.0045,0.0572
2260,15,0,0,0.000,-0.039,-1.000,-1.000,1,1,0.000,0.000,0.000,0,1.000,0,0,0.2490,-0.0045,0.0572
2261,15,0,0,0.000,-0.039,-1.000,-1.000,1,1,0.000,0.000,0.000,0,1.000,0,0,0.2490,-0.0045,0.0572
2262,15,0,0,0.000,-0.039,-1.000,-1.000,1,1,0.000,0.000,0.000,0,1.000,0,0,0.2490,-0.0045,0.0572
2263,15,0,0,0.000,-0.032,-1.000,-1.000,1,1,0.000,0.000,0.000,0,1.000,0,0,0.2490,-0.0045,0.0572
2264,15,0,0,0.000,-0.039,-1.000,-1.000,1,1,0.000,0.000,0.000,0,1.000,0,0,0.2490,-0.0045,0.0572
2265,15,0,0,0.000,-0.039,-1.000,-1.000,1,1,0.000,0.000,0.000,0,1.000,0,0,0.2490,-0.0045,0.0572
2266,15,0,0,0.000,-0.039,-1.000,-1.000,1,1,0.000,0.000,0.000,0,1.000,0,0,0.2490,-0.0045,0.0572
2267,15,0,0,0.000,-0.039,-1.000,-1.000,1,1,0.000,0.000,0.000,0,1.000,0,0,0.2490,-0.0045,0.0572
2268,15,0,0,0.000,-0.039,-1.000,-1.000,1,1,0.000,0.000,0.000,0,1.000,0,0,0.2490,-0.0045,0.0572
2269,15,0,0,0.000,-0.039,-1.000,-1.000,1,1,0.000,0.000,0.000,0,1.000,0,0,0.2490,-0.0045,0.0572
2270,15,0,0,0.000,-0.039,-1.000,-1.000,1,1,0.000,0.000,0.000,0,1.000,0,0,0.2490,-0.0045,0.0572
2271,15,0,0,0.000,-0.039,-1.000,-1.000,1,1,0.000,0.000,0.000,0,1.000,0,0,0.2490,-0.0045,0.0572
2272,15,0,0,0.000,-0.039,-1.000,-1.000,1,1,0.000,0.000,0.000,0,1.000,0,0,0.2490,-0.0045,0.0572
2273,15,0,0,0.000,-0.039,-1.000,-1.000,1,1,0.000,0.000,0.000,0,1.000,0,0,0.2490,-0.0045,0.0572
2274,15,0,0,0.000,-0.039,-1.000,-1.000,1,1,0.000,0.000,0.000,0,1.000,0,0,0.2490,-0.0045,0.0572
2275,15,0,0,0.000,-0.039,-1.000,-1.000,1,1,0.000,0.000,0.000,0,1.000,0,0,0.2490,-0.0045,0.0572
2276,15,0,0,0.000,-0.039,-1.000,-1.000,1,1,0.000,0.000,0.000,0,1.000,0,0,0.2490,-0.0045,0.0572
2277,15,0,0,0.000,-0.039,-1.000,-1.000,1,1,0.000,0.000,0.000,0,1.000,0,0,0.2490,-0.0045,0.0572
2278,15,0,0,0.000,-0.039,-1.000,-1.000,1,1,0.000,0.000,0.000,0,1.000,0,0,0.2490,-0.0045,0.0572
2279,15,0,0,0.000,-0.039,-1.000,-1.000,1,1,0.000,0.000,0.000,0,1.000,0,0,0.2490,-0.0045,0.0572
2280,15,0,0,0.000,-0.039,-1.000,-1.000,1,1,0.000,0.000,0.000,0,1.000,0,0,0.2490,-0.0045,0.0572
2281,15,0,0,0.000,-0.039,-1.000,-1.000,1,1,0.000,0.000,0.000,0,1.000,0,0,0.2490,-0.0045,0.0572
2282,15,0,0,0.000,-0.039,-1.000,-1.000,1,1,0.000,0.000,0.000,0,1.000,0,0,0.2490,-0.0045,0.0572
2283,15,0,0,0.000,-0.039,-1.000,-1.000,1,1,0.000,0.000,0.000,0,1.000,0,0,0.2490,-0.0045,0.0572
2284,15,0,0,0.000,-0.039,-1.000,-1.000,1,1,0.000,0.000,0.000,0,1.000,0,0,0.2490,-0.0045,0.0572
2285,15,0,0,0.000,-0.039,-1.000,-1.000,1,1,0.000,0.000,0.000,0,1.000,0,0,0.2490,-0.0045,0.0572
2286,15,0,0,0.000,-0.039,-1.000,-1.000,1,1,0.000,0.000,0.000,0,1.000,0,0,0.2490,-0.0045,0.0572
2287,15,0,0,0.000,-0.039,-1.000,-1.000,1,1,0.000,0.000,0.000,0,1.000,0,0,0.2490,-0.0045,0.0572
2288,15,0,0,0.000,-0.039,-1.000,-1.000,1,1,0.000,0.000,0.000,0,1.000,0,0,0.2490,-0.0045,0.0572
2289,15,0,0,0.000,-0.039,-1.000,-1.000,1,1,0.000,0.000,0.000,0,1.000,0,0,0.2490,-0.0045,0.0572
2290,15,0,0,0.000,-0.039,-1.000,-1.000,1,1,0.000,0.000,0.000,0,1.000,0,0,0.2490,-0.0045,0.0572
2291,15,0,0,0.000,-0.039,-1.000,-1.000,1,1,0.000,0.000,0.000,0,1.000,0,0,0.2490,-0.0045,0.0572
2292,15,0,0,0.000,-0.039,-1.000,-1.000,1,1,0.000,0.000,0.000,0,1.000,0,0,0.2490,-0.0045,0.0572
2293,15,0,0,0.000,-0.039,-1.000,-1.000,1,1,0.000,0.000,0.000,0,1.000,0,0,0.2490,-0.0045,0.0572
2294,15,0,0,0.000,-0.039,-1.000,-1.000,1,1,0.000,0.000,0.000,0,1.000,0,0,0.2490,-0.0045,0.0572
2295,15,0,0,0.000,-0.039,-1.000,-1.000,1,1,0.000,0.000,0.000,0,1.000,0,0,0.2490,-0.0045,0.0572
2296,15,0,0,0.000,-0.039,-1.000,-1.000,1,1,0.000,0.000,0.000,0,1.000,0,0,0.2490,-0.0045,0.0572
2297,15,0,0,0.000,-0.039,-1.000,-1.000,1,1,0.000,0.000,0.000,0,1.000,0,0,0.2490,-0.0045,0.0572
2298,15,0,0,0.000,-0.039,-1.000,-1.000,1,1,0.000,0.000,0.000,0,1.000,0,0,0.2490,-0.0045,0.0572
2299,15,0,0,0.000,-0.039,-1.000,-1.000,1,1,0.000,0.000,0.000,0,1.000,0,0,0.2490,-0.0045,0.0572
2300,15,0,0,0.000,-0.039,-1.000,-1.000,1,1,0.000,0.000,0.000,0,1.000,0,0,0.2490,-0.0045,0.0572
2301,15,0,0,0.000,-0.039,-1.000,-1.000,1,1,0.000,0.000,0.000,0,1.000,0,0,0.2490,-0.0045,0.0572
2302,15,0,0,0.000,-0.039,-1.000,-1.000,1,1,0.000,0.000,0.000,0,1.000,0,0,0.2490,-0.0045,0.0572
2303,15,0,0,0.000,-0.039,-1.000,-1.000,1,1,0.000,0.000,0.000,0,1.000,0,0,0.2490,-0.0045,0.0572
2304,15,0,0,0.000,-0.039,-1.000,-1.000,1,1,0.000,0.000,0.000,0,1.000,0,0,0.2490,-0.0045,0.0572
2305,15,0,0,0.000,-0.039,-1.000,-1.000,1,1,0.000,0.000,0.000,0,1.000,0,0,0.2490,-0.0045,0.0572
2306,15,0,0,0.000,-0.039,-1.000,-1.000,1,1,0.000,0.000,0.000,0,1.000,0,0,0.2490,-0.0045,0.0572
2307,15,0,0,0.000,-0.032,-1.000,-1.000,1,1,0.000,0.000,0.000,0,1.000,0,0,0.2490,-0.0045,0.0572
2308,15,0,0,0.000,-0.039,-1.000,-1.000,1,1,0.000,0.000,0.000,0,1.000,0,0,0.2490,-0.0045,0.0572
2309,15,0,0,0.000,-0.039,-1.000,-1.000,1,1,0.000,0.000,0.000,0,1.000,0,0,0.2490,-0.0045,0.0572
2310,15,0,0,0.000,-0.039,-1.000,-1.000,1,1,0.000,0.000,0.000,0,1.000,0,0,0.2490,-0.0045,0.0572
2311,15,0,0,0.000,-0.039,-1.000,-1.000,1,1,0.000,0.000,0.000,0,1.000,0,0,0.2490,-0.0045,0.0572
2312,15,0,0,0.000,-0.039,-1.000,-1.000,1,1,0.000,0.000,0.000,0,1.000,0,0,0.2490,-0.0045,0.0572
2313,15,0,0,0.000,-0.039,-1.000,-1.000,1,1,0.000,0.000,0.000,0,1.000,0,0,0.2490,-0.0045,0.0572
2314,15,0,0,0.000,-0.039,-1.000,-1.000,1,1,0.000,0.000,0.000,0,1.000,0,0,0.2490,-0.0045,0.0572
2315,15,0,0,0.000,-0.039,-1.000,-1.000,1,1,0.000,0.000,0.000,0,1.000,0,0,0.2490,-0.0045,0.0572
2316,15,0,0,0.000,-0.039,-1.000,-1.000,1,1,0.000,0.000,0.000,0,1.000,0,0,0.2490,-0.0045,0.0572
2317,15,0,0,0.000,-0.039,-1.000,-1.000,1,1,0.000,0.000,0.000,0,1.000,0,0,0.2490,-0.0045,0.0572
2318,15,0,0,0.000,-0.039,-1.000,-1.000,1,1,0.000,0.000,0.000,0,1.000,0,0,0.2490,-0.0045,0.0572
2319,15,0,0,0.000,-0.032,-1.000,-1.000,1,1,0.000,0.000,0.000,0,1.000,0,0,0.2490,-0.0045,0.0572
2320,15,0,0,0.000,-0.039,-1.000,-1.000,1,1,0.000,0.000,0.000,0,1.000,0,0,0.2490,-0.0045,0.0572
2321,15,0,0,0.000,-0.039,-1.000,-1.000,1,1,0.000,0.000,0.000,0,1.000,0,0,0.2490,-0.0045,0.0572
2322,15,0,0,0.000,-0.039,-1.000,-1.000,1,1,0.000,0.000,0.000,0,1.000,0,0,0.2490,-0.0045,0.0572
2323,15,0,0,0.000,-0.039,-1.000,-1.000,1,1,0.000,0.000,0.000,0,1.000,0,0,0.2490,-0.0045,0.0572
2324,15,0,0,0.000,-0.039,-1.000,-1.000,1,1,0.000,0.000,0.000,0,1.000,0,0,0.2490,-0.0045,0.0572
2325,15,0,0,0.000,-0.032,-1.000,-1.000,1,1,0.000,0.000,0.000,0,1.000,0,0,0.2490,-0.0045,0.0572
2326,15,0,0,0.000,-0.039,-1.000,-1.000,1,1,0.000,0.000,0.000,0,1.000,0,0,0.2490,-0.0045,0.0572
2327,15,0,0,0.000,-0.039,-1.000,-1.000,1,1,0.000,0.000,0.000,0,1.000,0,0,0.2490,-0.0045,0.0572
2328,15,0,0,0.000,-0.039,-1.000,-1.000,1,1,0.000,0.000,0.000,0,1.000,0,0,0.2490,-0.0045,0.0572
2329,15,0,0,0.000,-0.039,-1.000,-1.000,1,1,0.000,0.000,0.000,0,1.000,0,0,0.2490,-0.0045,0.0572
2330,15,0,0,0.000,-0.039,-1.000,-1.000,1,1,0.000,0.000,0.000,0,1.000,0,0,0.2490,-0.0045,0.0572
2331,15,0,0,0.000,-0.039,-1.000,-1.000,1,1,0.000,0.000,0.000,0,1.000,0,0,0.2490,-0.0045,0.0572
2332,15,0,0,0.000,-0.032,-1.000,-1.000,1,1,0.000,0.000,0.000,0,1.000,0,0,0.2490,-0.0045,0.0572
2333,15,0,0,0.000,-0.039,-1.000,-1.000,1,1,0.000,0.000,0.000,0,1.000,0,0,0.2490,-0.0045,0.0572
2334,15,0,0,0.000,-0.039,-1.000,-1.000,1,1,0.000,0.000,0.000,0,1.000,0,0,0.2490,-0.0045,0.0572
2335,15,0,0,0.000,-0.039,-1.000,-1.000,1,1,0.000,0.000,0.000,0,1.000,0,0,0.2490,-0.0045,0.0572
2336,15,0,0,0.000,-0.039,-1.000,-1.000,1,1,0.000,0.000,0.000,0,1.000,0,0,0.2490,-0.0045,0.0572
2337,15,0,0,0.000,-0.039,-1.000,-1.000,1,1,0.000,0.000,0.000,0,1.000,0,0,0.2490,-0.0045,0.0572
2338,15,0,0,0.000,-0.039,-1.000,-1.000,1,1,0.000,0.000,0.000,0,1.000,0,0,0.2490,-0.0045,0.0572
2339,15,0,0,0.000,-0.039,-1.000,-1.000,1,1,0.000,0.000,0.000,0,1.000,0,0,0.2490,-0.0045,0.0572
2340,15,0,0,0.000,-0.039,-1.000,-1.000,1,1,0.000,0.000,0.000,0,1.000,0,0,0.2490,-0.0045,0.0572
2341,15,0,0,0.000,-0.039,-1.000,-1.000,1,1,0.000,0.000,0.000,0,1.000,0,0,0.2490,-0.0045,0.0572
2342,15,0,0,0.000,-0.039,-1.000,-1.000,1,1,0.000,0.000,0.000,0,1.000,0,0,0.2490,-0.0045,0.0572
2343,15,0,0,0.000,-0.039,-1.000,-1.000,1,1,0.000,0.000,0.000,0,1.000,0,0,0.2490,-0.0045,0.0572
2344,15,0,0,0.000,-0.039,-1.000,-1.000,1,1,0.000,0.000,0.000,0,1.000,0,0,0.2490,-0.0045,0.0572
2345,15,0,0,0.000,-0.039,-1.000,-1.000,1,1,0.000,0.000,0.000,0,1.000,0,0,0.2490,-0.0045,0.0572
2346,16,0,0,0.000,-0.039,-1.000,-1.000,1,1,0.000,0.000,0.000,0,0.333,0,0,0.2493,-0.0048,0.0618
2347,16,0,0,0.000,-0.039,-1.000,-1.000,1,1,0.000,0.000,0.000,0,0.667,0,0,0.2489,-0.0043,0.0575
2348,16,0,0,0.000,-0.039,-1.000,-1.000,1,1,0.000,0.000,0.000,0,1.000,0,0,0.2490,-0.0046,0.0567
2349,16,0,0,0.000,-0.039,-1.000,-1.000,1,1,0.000,0.000,0.000,0,1.000,0,0,0.2490,-0.0045,0.0571
2350,16,0,0,0.000,-0.039,-1.000,-1.000,1,1,0.000,0.000,0.000,0,1.000,0,0,0.2490,-0.0045,0.0573
2351,16,0,0,0.000,-0.039,-1.000,-1.000,1,1,0.000,0.000,0.000,0,1.000,0,0,0.2490,-0.0045,0.0573
2352,16,0,0,0.000,-0.039,-1.000,-1.000,1,1,0.000,0.000,0.000,0,1.000,0,0,0.2490,-0.0045,0.0572
2353,16,0,0,0.000,-0.039,-1.000,-1.000,1,1,0.000,0.000,0.000,0,1.000,0,0,0.2490,-0.0045,0.0572
2354,16,0,0,0.000,-0.039,-1.000,-1.000,1,1,0.000,0.000,0.000,0,1.000,0,0,0.2490,-0.0045,0.0572
2355,16,0,0,0.000,-0.032,-1.000,-1.000,1,1,0.000,0.000,0.000,0,1.000,0,0,0.2490,-0.0045,0.0572
2356,16,0,0,0.000,-0.039,-1.000,-1.000,1,1,0.000,0.000,0.000,0,1.000,0,0,0.2490,-0.0045,0.0572
2357,16,0,0,0.000,-0.039,-1.000,-1.000,1,1,0.000,0.000,0.000,0,1.000,0,0,0.2490,-0.0045,0.0572
2358,16,0,0,0.000,-0.039,-1.000,-1.000,1,1,0.000,0.000,0.000,0,1.000,0,0,0.2490,-0.0045,0.0572
2359,16,0,0,0.000,-0.039,-1.000,-1.000,1,1,0.000,0.000,0.000,0,1.000,0,0,0.2490,-0.0045,0.0572
2360,16,0,0,0.000,-0.039,-1.000,-1.000,1,1,0.000,0.000,0.000,0,1.000,0,0,0.2490,-0.0045,0.0572
2361,16,0,0,0.000,-0.039,-1.000,-1.000,1,1,0.000,0.000,0.000,0,1.000,0,0,0.2490,-0.0045,0.0572
2362,16,0,0,0.000,-0.039,-1.000,-1.000,1,1,0.000,0.000,0.000,0,1.000,0,0,0.2490,-0.0045,0.0572
2363,16,0,0,0.000,-0.039,-1.000,-1.000,1,1,0.000,0.000,0.000,0,1.000,0,0,0.2490,-0.0045,0.0572
2364,16,0,0,0.000,-0.039,-1.000,-1.000,1,1,0.000,0.000,0.000,0,1.000,0,0,0.2490,-0.0045,0.0572
2365,16,0,0,0.000,-0.039,-1.000,-1.000,1,1,0.000,0.000,0.000,0,1.000,0,0,0.2490,-0.0045,0.0572
2366,16,0,0,0.000,-0.039,-1.000,-1.000,1,1,0.000,0.000,0.000,0,1.000,0,0,0.2490,-0.0045,0.0572
2367,16,0,0,0.000,-0.039,-1.000,-1.000,1,1,0.000,0.000,0.000,0,1.000,0,0,0.2490,-0.0045,0.0572
2368,16,0,0,0.000,-0.039,-1.000,-1.000,1,1,0.000,0.000,0.000,0,1.000,0,0,0.2490,-0.0045,0.0572
2369,16,0,0,0.000,-0.039,-1.000,-1.000,1,1,0.000,0.000,0.000,0,1.000,0,0,0.2490,-0.0045,0.0572
2370,16,0,0,0.000,-0.039,-1.000,-1.000,1,1,0.000,0.000,0.000,0,1.000,0,0,0.2490,-0.0045,0.0572
2371,16,0,0,0.000,-0.039,-1.000,-1.000,1,1,0.000,0.000,0.000,0,1.000,0,0,0.2490,-0.0045,0.0572
2372,16,0,0,0.000,-0.039,-1.000,-1.000,1,1,0.000,0.000,0.000,0,1.000,0,0,0.2490,-0.0045,0.0572
2373,16,0,0,0.000,-0.039,-1.000,-1.000,1,1,0.000,0.000,0.000,0,1.000,0,0,0.2490,-0.0045,0.0572
2374,16,0,0,0.000,-0.039,-1.000,-1.000,1,1,0.000,0.000,0.000,0,1.000,0,0,0.2490,-0.0045,0.0572
2375,16,0,0,0.000,-0.039,-1.000,-1.000,1,1,0.000,0.000,0.000,0,1.000,0,0,0.2490,-0.0045,0.0572
2376,16,0,0,0.000,-0.039,-1.000,-1.000,1,1,0.000,0.000,0.000,0,1.000,0,0,0.2490,-0.0045,0.0572
2377,16,0,0,0.000,-0.039,-1.000,-1.000,1,1,0.000,0.000,0.000,0,1.000,0,0,0.2490,-0.0045,0.0572
2378,16,0,0,0.000,-0.039,-1.000,-1.000,1,1,0.000,0.000,0.000,0,1.000,0,0,0.2490,-0.0045,0.0572
2379,16,0,0,0.000,-0.039,-1.000,-1.000,1,1,0.000,0.000,0.000,0,1.000,0,0,0.2490,-0.0045,0.0572
2380,16,0,0,0.000,-0.039,-1.000,-1.000,1,1,0.000,0.000,0.000,0,1.000,0,0,0.2490,-0.0045,0.0572
2381,16,0,0,0.000,-0.039,-1.000,-1.000,1,1,0.000,0.000,0.000,0,1.000,0,0,0.2490,-0.0045,0.0572
2382,16,0,0,0.000,-0.039,-1.000,-1.000,1,1,0.000,0.000,0.000,0,1.000,0,0,0.2490,-0.0045,0.0572
2383,16,0,0,0.000,-0.039,-1.000,-1.000,1,1,0.000,0.000,0.000,0,1.000,0,0,0.2490,-0.0045,0.0572
2384,16,0,0,0.000,-0.039,-1.000,-1.000,1,1,0.000,0.000,0.000,0,1.000,0,0,0.2490,-0.0045,0.0572
2385,16,0,0,0.000,-0.039,-1.000,-1.000,1,1,0.000,0.000,0.000,0,1.000,0,0,0.2490,-0.0045,0.0572
2386,16,0,0,0.000,-0.039,-1.000,-1.000,1,1,0.000,0.000,0.000,0,1.000,0,0,0.2490,-0.0045,0.0572
2387,16,0,0,0.000,-0.039,-1.000,-1.000,1,1,0.000,0.000,0.000,0,1.000,0,0,0.2490,-0.0045,0.0572
2388,16,0,0,0.000,-0.039,-1.000,-1.000,1,1,0.000,0.000,0.000,0,1.000,0,0,0.2490,-0.0045,0.0572
2389,16,0,0,0.000,-0.039,-1.000,-1.000,1,1,0.000,0.000,0.000,0,1.000,0,0,0.2490,-0.0045,0.0572
2390,16,0,0,0.000,-0.039,-1.000,-1.000,1,1,0.000,0.000,0.000,0,1.000,0,0,0.2490,-0.0045,0.0572
2391,16,0,0,0.000,-0.032,-1.000,-1.000,1,1,0.000,0.000,0.000,0,1.000,0,0,0.2490,-0.0045,0.0572
2392,16,0,0,0.000,-0.039,-1.000,-1.000,1,1,0.000,0.000,0.000,0,1.000,0,0,0.2490,-0.0045,0.0572
2393,16,0,0,0.000,-0.039,-1.000,-1.000,1,1,0.000,0.000,0.000,0,1.000,0,0,0.2490,-0.0045,0.0572
2394,16,0,0,0.000,-0.039,-1.000,-1.000,1,1,0.000,0.000,0.000,0,1.000,0,0,0.2490,-0.0045,0.0572
2395,16,0,0,0.000,-0.039,-1.000,-1.000,1,1,0.000,0.000,0.000,0,1.000,0,0,0.2490,-0.0045,0.0572
2396,16,0,0,0.000,-0.039,-1.000,-1.000,1,1,0.000,0.000,0.000,0,1.000,0,0,0.2490,-0.0045,0.0572
2397,16,0,0,0.000,-0.039,-1.000,-1.000,1,1,0.000,0.000,0.000,0,1.000,0,0,0.2490,-0.0045,0.0572
2398,16,0,0,0.000,-0.039,-1.000,-1.000,1,1,0.000,0.000,0.000,0,1.000,0,0,0.2490,-0.0045,0.0572
2399,16,0,0,0.000,-0.039,-1.000,-1.000,1,1,0.000,0.000,0.000,0,1.000,0,0,0.2490,-0.0045,0.0572
2400,16,0,0,0.000,-0.039,-1.000,-1.000,1,1,0.000,0.000,0.000,0,1.000,0,0,0.2490,-0.0045,0.0572
2401,16,0,0,0.000,-0.039,-1.000,-1.000,1,1,0.000,0.000,0.000,0,1.000,0,0,0.2490,-0.0045,0.0572
2402,16,0,0,0.000,-0.039,-1.000,-1.000,1,1,0.000,0.000,0.000,0,1.000,0,0,0.2490,-0.0045,0.0572
2403,16,0,0,0.000,-0.039,-1.000,-1.000,1,1,0.000,0.000,0.000,0,1.000,0,0,0.2490,-0.0045,0.0572
2404,16,0,0,0.000,-0.039,-1.000,-1.000,1,1,0.000,0.000,0.000,0,1.000,0,0,0.2490,-0.0045,0.0572
2405,16,0,0,0.000,-0.039,-1.000,-1.000,1,1,0.000,0.000,0.000,0,1.000,0,0,0.2490,-0.0045,0.0572
2406,16,0,0,0.000,-0.039,-1.000,-1.000,1,1,0.000,0.000,0.000,0,1.000,0,0,0.2490,-0.0045,0.0572
2407,16,0,0,0.000,-0.039,-1.000,-1.000,1,1,0.000,0.000,0.000,0,1.000,0,0,0.2490,-0.0045,0.0572
2408,16,0,0,0.000,-0.039,-1.000,-1.000,1,1,0.000,0.000,0.000,0,1.000,0,0,0.2490,-0.0045,0.0572
2409,16,0,0,0.000,-0.039,-1.000,-1.000,1,1,0.000,0.000,0.000,0,1.000,0,0,0.2490,-0.0045,0.0572
2410,16,0,0,0.000,-0.039,-1.000,-1.000,1,1,0.000,0.000,0.000,0,1.000,0,0,0.2490,-0.0045,0.0572
2411,16,0,0,0.000,-0.039,-1.000,-1.000,1,1,0.000,0.000,0.000,0,1.000,0,0,0.2490,-0.0045,0.0572
2412,16,0,0,0.000,-0.039,-1.000,-1.000,1,1,0.000,0.000,0.000,0,1.000,0,0,0.2490,-0.0045,0.0572
2413,16,0,0,0.000,-0.039,-1.000,-1.000,1,1,0.000,0.000,0.000,0,1.000,0,0,0.2490,-0.0045,0.0572
2414,16,0,0,0.000,-0.039,-1.000,-1.000,1,1,0.000,0.000,0.000,0,1.000,0,0,0.2490,-0.0045,0.0572
2415,16,0,0,0.000,-0.039,-1.000,-1.000,1,1,0.000,0.000,0.000,0,1.000,0,0,0.2490,-0.0045,0.0572
2416,16,0,0,0.000,-0.039,-1.000,-1.000,1,1,0.000,0.000,0.000,0,1.000,0,0,0.2490,-0.0045,0.0572
2417,16,0,0,0.000,-0.039,-1.000,-1.000,1,1,0.000,0.000,0.000,0,1.000,0,0,0.2490,-0.0045,0.0572
2418,16,0,0,0.000,-0.039,-1.000,-1.000,1,1,0.000,0.000,0.000,0,1.000,0,0,0.2490,-0.0045,0.0572
2419,16,0,0,0.000,-0.039,-1.000,-1.000,1,1,0.000,0.000,0.000,0,1.000,0,0,0.2490,-0.0045,0.0572
2420,16,0,0,0.000,-0.039,-1.000,-1.000,1,1,0.000,0.000,0.000,0,1.000,0,0,0.2490,-0.0045,0.0572
2421,16,0,0,0.000,-0.039,-1.000,-1.000,1,1,0.000,0.000,0.000,0,1.000,0,0,0.2490,-0.0045,0.0572
2422,16,0,0,0.000,-0.039,-1.000,-1.000,1,1,0.000,0.000,0.000,0,1.000,0,0,0.2490,-0.0045,0.0572
2423,16,0,0,0.000,-0.039,-1.000,-1.000,1,1,0.000,0.000,0.000,0,1.000,0,0,0.2490,-0.0045,0.0572
2424,16,0,0,0.000,-0.039,-1.000,-1.000,1,1,0.000,0.000,0.000,0,1.000,0,0,0.2490,-0.0045,0.0572
2425,16,0,0,0.000,-0.039,-1.000,-1.000,1,1,0.000,0.000,0.000,0,1.000,0,0,0.2490,-0.0045,0.0572
2426,16,0,0,0.000,-0.039,-1.000,-1.000,1,1,0.000,0.000,0.000,0,1.000,0,0,0.2490,-0.0045,0.0572
2427,16,0,0,0.000,-0.039,-1.000,-1.000,1,1,0.000,0.000,0.000,0,1.000,0,0,0.2490,-0.0045,0.0572
2428,16,0,0,0.000,-0.039,-1.000,-1.000,1,1,0.000,0.000,0.000,0,1.000,0,0,0.2490,-0.0045,0.0572
2429,16,0,0,0.000,-0.039,-1.000,-1.000,1,1,0.000,0.000,0.000,0,1.000,0,0,0.2490,-0.0045,0.0572
2430,16,0,0,0.000,-0.039,-1.000,-1.000,1,1,0.000,0.000,0.000,0,1.000,0,0,0.2490,-0.0045,0.0572
2431,16,0,0,0.000,-0.039,-1.000,-1.000,1,1,0.000,0.000,0.000,0,1.000,0,0,0.2490,-0.0045,0.0572
2432,16,0,0,0.000,-0.039,-1.000,-1.000,1,1,0.000,0.000,0.000,0,1.000,0,0,0.2490,-0.0045,0.0572
2433,16,0,0,0.000,-0.039,-1.000,-1.000,1,1,0.000,0.000,0.000,0,1.000,0,0,0.2490,-0.0045,0.0572
2434,16,0,0,0.000,-0.039,-1.000,-1.000,1,1,0.000,0.000,0.000,0,1.000,0,0,0.2490,-0.0045,0.0572
2435,16,0,0,0.000,-0.039,-1.000,-1.000,1,1,0.000,0.000,0.000,0,1.000,0,0,0.2490,-0.0045,0.0572
2436,16,0,0,0.000,-0.039,-1.000,-1.000,1,1,0.000,0.000,0.000,0,1.000,0,0,0.2490,-0.0045,0.0572
2437,16,0,0,0.000,-0.039,-1.000,-1.000,1,1,0.000,0.000,0.000,0,1.000,0,0,0.2490,-0.0045,0.0572
2438,16,0,0,0.000,-0.039,-1.000,-1.000,1,1,0.000,0.000,0.000,0,1.000,0,0,0.2490,-0.0045,0.0572
2439,16,0,0,0.000,-0.032,-1.000,-1.000,1,1,0.000,0.000,0.000,0,1.000,0,0,0.2490,-0.0045,0.0572
2440,16,0,0,0.000,-0.039,-1.000,-1.000,1,1,0.000,0.000,0.000,0,1.000,0,0,0.2490,-0.0045,0.0572
2441,16,0,0,0.000,-0.039,-1.000,-1.000,1,1,0.000,0.000,0.000,0,1.000,0,0,0.2490,-0.0045,0.0572
2442,16,0,0,0.000,-0.039,-1.000,-1.000,1,1,0.000,0.000,0.000,0,1.000,0,0,0.2490,-0.0045,0.0572
2443,16,0,0,0.000,-0.032,-1.000,-1.000,1,1,0.000,0.000,0.000,0,1.000,0,0,0.2490,-0.0045,0.0572
2444,16,0,0,0.000,-0.039,-1.000,-1.000,1,1,0.000,0.000,0.000,0,1.000,0,0,0.2490,-0.0045,0.0572
2445,16,0,0,0.000,-0.039,-1.000,-1.000,1,1,0.000,0.000,0.000,0,1.000,0,0,0.2490,-0.0045,0.0572
2446,16,0,0,0.000,-0.039,-1.000,-1.000,1,1,0.000,0.000,0.000,0,1.000,0,0,0.2490,-0.0045,0.0572
2447,16,0,0,0.000,-0.039,-1.000,-1.000,1,1,0.000,0.000,0.000,0,1.000,0,0,0.2490,-0.0045,0.0572
2448,16,0,0,0.000,-0.039,-1.000,-1.000,1,1,0.000,0.000,0.000,0,1.000,0,0,0.2490,-0.0045,0.0572
2449,16,0,0,0.000,-0.039,-1.000,-1.000,1,1,0.000,0.000,0.000,0,1.000,0,0,0.2490,-0.0045,0.0572
2450,16,0,0,0.000,-0.039,-1.000,-1.000,1,1,0.000,0.000,0.000,0,1.000,0,0,0.2490,-0.0045,0.0572
2451,16,0,0,0.000,-0.039,-1.000,-1.000,1,1,0.000,0.000,0.000,0,1.000,0,0,0.2490,-0.0045,0.0572
2452,16,0,0,0.000,-0.039,-1.000,-1.000,1,1,0.000,0.000,0.000,0,1.000,0,0,0.2490,-0.0045,0.0572
2453,16,0,0,0.000,-0.039,-1.000,-1.000,1,1,0.000,0.000,0.000,0,1.000,0,0,0.2490,-0.0045,0.0572
2454,16,0,0,0.000,-0.039,-1.000,-1.000,1,1,0.000,0.000,0.000,0,1.000,0,0,0.2490,-0.0045,0.0572
2455,16,0,0,0.000,-0.039,-1.000,-1.000,1,1,0.000,0.000,0.000,0,1.000,0,0,0.2490,-0.0045,0.0572
2456,16,0,0,0.000,-0.039,-1.000,-1.000,1,1,0.000,0.000,0.000,0,1.000,0,0,0.2490,-0.0045,0.0572
2457,16,0,0,0.000,-0.039,-1.000,-1.000,1,1,0.000,0.000,0.000,0,1.000,0,0,0.2490,-0.0045,0.0572
2458,16,0,0,0.000,-0.039,-1.000,-1.000,1,1,0.000,0.000,0.000,0,1.000,0,0,0.2490,-0.0045,0.0572
2459,16,0,0,0.000,-0.039,-1.000,-1.000,1,1,0.000,0.000,0.000,0,1.000,0,0,0.2490,-0.0045,0.0572
2460,16,0,0,0.000,-0.039,-1.000,-1.000,1,1,0.000,0.000,0.000,0,1.000,0,0,0.2490,-0.0045,0.0572
2461,16,0,0,0.000,-0.039,-1.000,-1.000,1,1,0.000,0.000,0.000,0,1.000,0,0,0.2490,-0.0045,0.0572
2462,16,0,0,0.000,-0.039,-1.000,-1.000,1,1,0.000,0.000,0.000,0,1.000,0,0,0.2490,-0.0045,0.0572
2463,16,0,0,0.000,-0.039,-1.000,-1.000,1,1,0.000,0.000,0.000,0,1.000,0,0,0.2490,-0.0045,0.0572
2464,16,0,0,0.000,-0.039,-1.000,-1.000,1,1,0.000,0.000,0.000,0,1.000,0,0,0.2490,-0.0045,0.0572
2465,16,0,0,0.000,-0.039,-1.000,-1.000,1,1,0.000,0.000,0.000,0,1.000,0,0,0.2490,-0.0045,0.0572
2466,16,0,0,0.000,-0.039,-1.000,-1.000,1,1,0.000,0.000,0.000,0,1.000,0,0,0.2490,-0.0045,0.0572
2467,16,0,0,0.000,-0.039,-1.000,-1.000,1,1,0.000,0.000,0.000,0,1.000,0,0,0.2490,-0.0045,0.0572
2468,16,0,0,0.000,-0.039,-1.000,-1.000,1,1,0.000,0.000,0.000,0,1.000,0,0,0.2490,-0.0045,0.0572
2469,16,0,0,0.000,-0.039,-1.000,-1.000,1,1,0.000,0.000,0.000,0,1.000,0,0,0.2490,-0.0045,0.0572
2470,16,0,0,0.000,-0.039,-1.000,-1.000,1,1,0.000,0.000,0.000,0,1.000,0,0,0.2490,-0.0045,0.0572
2471,16,0,0,0.000,-0.039,-1.000,-1.000,1,1,0.000,0.000,0.000,0,1.000,0,0,0.2490,-0.0045,0.0572
2472,16,0,0,0.000,-0.039,-1.000,-1.000,1,1,0.000,0.000,0.000,0,1.000,0,0,0.2490,-0.0045,0.0572
2473,16,0,0,0.000,-0.039,-1.000,-1.000,1,1,0.000,0.000,0.000,0,1.000,0,0,0.2490,-0.0045,0.0572
2474,16,0,0,0.000,-0.039,-1.000,-1.000,1,1,0.000,0.000,0.000,0,1.000,0,0,0.2490,-0.0045,0.0572
2475,16,0,0,0.000,-0.039,-1.000,-1.000,1,1,0.000,0.000,0.000,0,1.000,0,0,0.2490,-0.0045,0.0572
2476,16,0,0,0.000,-0.039,-1.000,-1.000,1,1,0.000,0.000,0.000,0,1.000,0,0,0.2490,-0.0045,0.0572
2477,16,0,0,0.000,-0.039,-1.000,-1.000,1,1,0.000,0.000,0.000,0,1.000,0,0,0.2490,-0.0045,0.0572
2478,16,0,0,0.000,-0.039,-1.000,-1.000,1,1,0.000,0.000,0.000,0,1.000,0,0,0.2490,-0.0045,0.0572
2479,16,0,0,0.000,-0.039,-1.000,-1.000,1,1,0.000,0.000,0.000,0,1.000,0,0,0.2490,-0.0045,0.0572
2480,16,0,0,0.000,-0.039,-1.000,-1.000,1,1,0.000,0.000,0.000,0,1.000,0,0,0.2490,-0.0045,0.0572
2481,16,0,0,0.000,-0.039,-1.000,-1.000,1,1,0.000,0.000,0.000,0,1.000,0,0,0.2490,-0.0045,0.0572
2482,16,0,0,0.000,-0.039,-1.000,-1.000,1,1,0.000,0.000,0.000,0,1.000,0,0,0.2490,-0.0045,0.0572
2483,16,0,0,0.000,-0.039,-1.000,-1.000,1,1,0.000,0.000,0.000,0,1.000,0,0,0.2490,-0.0045,0.0572
2484,16,0,0,0.000,-0.039,-1.000,-1.000,1,1,0.000,0.000,0.000,0,1.000,0,0,0.2490,-0.0045,0.0572
2485,16,0,0,0.000,-0.039,-1.000,-1.000,1,1,0.000,0.000,0.000,0,1.000,0,0,0.2490,-0.0045,0.0572
2486,16,0,0,0.000,-0.039,-1.000,-1.000,1,1,0.000,0.000,0.000,0,1.000,0,0,0.2490,-0.0045,0.0572
2487,16,0,0,0.000,-0.039,-1.000,-1.000,1,1,0.000,0.000,0.000,0,1.000,0,0,0.2490,-0.0045,0.0572
2488,16,0,0,0.000,-0.039,-1.000,-1.000,1,1,0.000,0.000,0.000,0,1.000,0,0,0.2490,-0.0045,0.0572
2489,16,0,0,0.000,-0.039,-1.000,-1.000,1,1,0.000,0.000,0.000,0,1.000,0,0,0.2490,-0.0045,0.0572
2490,16,0,0,0.000,-0.039,-1.000,-1.000,1,1,0.000,0.000,0.000,0,1.000,0,0,0.2490,-0.0045,0.0572
2491,16,0,0,0.000,-0.039,-1.000,-1.000,1,1,0.000,0.000,0.000,0,1.000,0,0,0.2490,-0.0045,0.0572
2492,16,0,0,0.000,-0.039,-1.000,-1.000,1,1,0.000,0.000,0.000,0,1.000,0,0,0.2490,-0.0045,0.0572
2493,16,0,0,0.000,-0.039,-1.000,-1.000,1,1,0.000,0.000,0.000,0,1.000,0,0,0.2490,-0.0045,0.0572
2494,16,0,0,0.000,-0.039,-1.000,-1.000,1,1,0.000,0.000,0.000,0,1.000,0,0,0.2490,-0.0045,0.0572
2495,16,0,0,0.000,-0.039,-1.000,-1.000,1,1,0.000,0.000,0.000,0,1.000,0,0,0.2490,-0.0045,0.0572
2496,16,0,0,0.000,-0.039,-1.000,-1.000,1,1,0.000,0.000,0.000,0,1.000,0,0,0.2490,-0.0045,0.0572
2497,16,0,0,0.000,-0.039,-1.000,-1.000,1,1,0.000,0.000,0.000,0,1.000,0,0,0.2490,-0.0045,0.0572
2498,16,0,0,0.000,-0.032,-1.000,-1.000,1,1,0.000,0.000,0.000,0,1.000,0,0,0.2490,-0.0045,0.0572
2499,16,0,0,0.000,-0.039,-1.000,-1.000,1,1,0.000,0.000,0.000,0,1.000,0,0,0.2490,-0.0045,0.0572
2500,17,0,0,0.000,-0.039,-1.000,-1.000,1,1,0.000,0.000,0.000,0,0.333,0,0,0.2493,-0.0049,0.0616
2501,17,0,0,0.000,-0.039,-1.000,-1.000,1,1,0.000,0.000,0.000,0,0.667,0,0,0.2489,-0.0043,0.0577
2502,17,0,0,0.000,-0.039,-1.000,-1.000,1,1,0.000,0.000,0.000,0,1.000,0,0,0.2490,-0.0046,0.0568
2503,17,0,0,0.000,-0.039,-1.000,-1.000,1,1,0.000,0.000,0.000,0,1.000,0,0,0.2490,-0.0045,0.0571
2504,17,0,0,0.000,-0.039,-1.000,-1.000,1,1,0.000,0.000,0.000,0,1.000,0,0,0.2490,-0.0045,0.0573
2505,17,0,0,0.000,-0.039,-1.000,-1.000,1,1,0.000,0.000,0.000,0,1.000,0,0,0.2490,-0.0045,0.0573
2506,17,0,0,0.000,-0.039,-1.000,-1.000,1,1,0.000,0.000,0.000,0,1.000,0,0,0.2490,-0.0045,0.0573
2507,17,0,0,0.000,-0.039,-1.000,-1.000,1,1,0.000,0.000,0.000,0,1.000,0,0,0.2490,-0.0045,0.0573
2508,17,0,0,0.000,-0.039,-1.000,-1.000,1,1,0.000,0.000,0.000,0,1.000,0,0,0.2490,-0.0045,0.0573
2509,17,0,0,0.000,-0.039,-1.000,-1.000,1,1,0.000,0.000,0.000,0,1.000,0,0,0.2490,-0.0045,0.0573
2510,17,0,0,0.000,-0.039,-1.000,-1.000,1,1,0.000,0.000,0.000,0,1.000,0,0,0.2490,-0.0045,0.0573
2511,17,0,0,0.000,-0.039,-1.000,-1.000,1,1,0.000,0.000,0.000,0,1.000,0,0,0.2490,-0.0045,0.0573
2512,17,0,0,0.000,-0.039,-1.000,-1.000,1,1,0.000,0.000,0.000,0,1.000,0,0,0.2490,-0.0045,0.0573
2513,17,0,0,0.000,-0.039,-1.000,-1.000,1,1,0.000,0.000,0.000,0,1.000,0,0,0.2490,-0.0045,0.0573
2514,17,0,0,0.000,-0.039,-1.000,-1.000,1,1,0.000,0.000,0.000,0,1.000,0,0,0.2490,-0.0045,0.0573
2515,17,0,0,0.000,-0.039,-1.000,-1.000,1,1,0.000,0.000,0.000,0,1.000,0,0,0.2490,-0.0045,0.0573
2516,17,0,0,0.000,-0.039,-1.000,-1.000,1,1,0.000,0.000,0.000,0,1.000,0,0,0.2489,-0.0045,0.0573
2517,17,0,0,0.000,-0.039,-1.000,-1.000,1,1,0.000,0.000,0.000,0,1.000,0,0,0.2490,-0.0045,0.0573
2518,17,0,0,0.000,-0.039,-1.000,-1.000,1,1,0.000,0.000,0.000,0,1.000,0,0,0.2490,-0.0045,0.0573
2519,17,0,0,0.000,-0.039,-1.000,-1.000,1,1,0.000,0.000,0.000,0,1.000,0,0,0.2490,-0.0045,0.0573
2520,17,0,0,0.000,-0.039,-1.000,-1.000,1,1,0.000,0.000,0.000,0,1.000,0,0,0.2490,-0.0045,0.0573
2521,17,0,0,0.000,-0.039,-1.000,-1.000,1,1,0.000,0.000,0.000,0,1.000,0,0,0.2490,-0.0045,0.0573
2522,17,0,0,0.000,-0.039,-1.000,-1.000,1,1,0.000,0.000,0.000,0,1.000,0,0,0.2490,-0.0045,0.0573
2523,17,0,0,0.000,-0.039,-1.000,-1.000,1,1,0.000,0.000,0.000,0,1.000,0,0,0.2490,-0.0045,0.0573
2524,17,0,0,0.000,-0.039,-1.000,-1.000,1,1,0.000,0.000,0.000,0,1.000,0,0,0.2490,-0.0045,0.0573
2525,17,0,0,0.000,-0.039,-1.000,-1.000,1,1,0.000,0.000,0.000,0,1.000,0,0,0.2490,-0.0045,0.0573
2526,17,0,0,0.000,-0.039,-1.000,-1.000,1,1,0.000,0.000,0.000,0,1.000,0,0,0.2490,-0.0045,0.0573
2527,17,0,0,0.000,-0.039,-1.000,-1.000,1,1,0.000,0.000,0.000,0,1.000,0,0,0.2490,-0.0045,0.0573
2528,17,0,0,0.000,-0.039,-1.000,-1.000,1,1,0.000,0.000,0.000,0,1.000,0,0,0.2490,-0.0045,0.0573
2529,17,0,0,0.000,-0.039,-1.000,-1.000,1,1,0.000,0.000,0.000,0,1.000,0,0,0.2490,-0.0045,0.0573
2530,17,0,0,0.000,-0.039,-1.000,-1.000,1,1,0.000,0.000,0.000,0,1.000,0,0,0.2490,-0.0045,0.0573
2531,17,0,0,0.000,-0.039,-1.000,-1.000,1,1,0.000,0.000,0.000,0,1.000,0,0,0.2490,-0.0045,0.0573
2532,17,0,0,0.000,-0.039,-1.000,-1.000,1,1,0.000,0.000,0.000,0,1.000,0,0,0.2490,-0.0045,0.0573
2533,17,0,0,0.000,-0.039,-1.000,-1.000,1,1,0.000,0.000,0.000,0,1.000,0,0,0.2490,-0.0045,0.0573
2534,17,0,0,0.000,-0.039,-1.000,-1.000,1,1,0.000,0.000,0.000,0,1.000,0,0,0.2490,-0.0045,0.0573
2535,17,0,0,0.000,-0.039,-1.000,-1.000,1,1,0.000,0.000,0.000,0,1.000,0,0,0.2490,-0.0045,0.0573
2536,17,0,0,0.000,-0.039,-1.000,-1.000,1,1,0.000,0.000,0.000,0,1.000,0,0,0.2490,-0.0045,0.0573
2537,17,0,0,0.000,-0.039,-1.000,-1.000,1,1,0.000,0.000,0.000,0,1.000,0,0,0.2490,-0.0045,0.0573
2538,17,0,0,0.000,-0.039,-1.000,-1.000,1,1,0.000,0.000,0.000,0,1.000,0,0,0.2490,-0.0045,0.0573
2539,17,0,0,0.000,-0.039,-1.000,-1.000,1,1,0.000,0.000,0.000,0,1.000,0,0,0.2490,-0.0045,0.0573
2540,17,0,0,0.000,-0.039,-1.000,-1.000,1,1,0.000,0.000,0.000,0,1.000,0,0,0.2490,-0.0045,0.0573
2541,17,0,0,0.000,-0.039,-1.000,-1.000,1,1,0.000,0.000,0.000,0,1.000,0,0,0.2490,-0.0045,0.0573
2542,17,0,0,0.000,-0.039,-1.000,-1.000,1,1,0.000,0.000,0.000,0,1.000,0,0,0.2490,-0.0045,0.0573
2543,17,0,0,0.000,-0.039,-1.000,-1.000,1,1,0.000,0.000,0.000,0,1.000,0,0,0.2490,-0.0045,0.0573
2544,17,0,0,0.000,-0.039,-1.000,-1.000,1,1,0.000,0.000,0.000,0,1.000,0,0,0.2490,-0.0045,0.0573
2545,17,0,0,0.000,-0.039,-1.000,-1.000,1,1,0.000,0.000,0.000,0,1.000,0,0,0.2490,-0.0045,0.0573
2546,17,0,0,0.000,-0.039,-1.000,-1.000,1,1,0.000,0.000,0.000,0,1.000,0,0,0.2490,-0.0045,0.0573
2547,17,0,0,0.000,-0.039,-1.000,-1.000,1,1,0.000,0.000,0.000,0,1.000,0,0,0.2490,-0.0045,0.0573
2548,17,0,0,0.000,-0.039,-1.000,-1.000,1,1,0.000,0.000,0.000,0,1.000,0,0,0.2490,-0.0045,0.0573
2549,17,0,0,0.000,-0.039,-1.000,-1.000,1,1,0.000,0.000,0.000,0,1.000,0,0,0.2490,-0.0045,0.0573
2550,17,0,0,0.000,-0.039,-1.000,-1.000,1,1,0.000,0.000,0.000,0,1.000,0,0,0.2490,-0.0045,0.0573
2551,17,0,0,0.000,-0.039,-1.000,-1.000,1,1,0.000,0.000,0.000,0,1.000,0,0,0.2490,-0.0045,0.0573
2552,17,0,0,0.000,-0.039,-1.000,-1.000,1,1,0.000,0.000,0.000,0,1.000,0,0,0.2490,-0.0045,0.0573
2553,17,0,0,0.000,-0.039,-1.000,-1.000,1,1,0.000,0.000,0.000,0,1.000,0,0,0.2490,-0.0045,0.0573
2554,17,0,0,0.000,-0.039,-1.000,-1.000,1,1,0.000,0.000,0.000,0,1.000,0,0,0.2490,-0.0045,0.0573
2555,17,0,0,0.000,-0.039,-1.000,-1.000,1,1,0.000,0.000,0.000,0,1.000,0,0,0.2490,-0.0045,0.0573
2556,17,0,0,0.000,-0.039,-1.000,-1.000,1,1,0.000,0.000,0.000,0,1.000,0,0,0.2490,-0.0045,0.0573
2557,17,0,0,0.000,-0.032,-1.000,-1.000,1,1,0.000,0.000,0.000,0,1.000,0,0,0.2490,-0.0045,0.0573
2558,17,0,0,0.000,-0.039,-1.000,-1.000,1,1,0.000,0.000,0.000,0,1.000,0,0,0.2490,-0.0045,0.0573
2559,17,0,0,0.000,-0.039,-1.000,-1.000,1,1,0.000,0.000,0.000,0,1.000,0,0,0.2490,-0.0045,0.0573
2560,17,0,0,0.000,-0.039,-1.000,-1.000,1,1,0.000,0.000,0.000,0,1.000,0,0,0.2490,-0.0045,0.0573
2561,17,0,0,0.000,-0.039,-1.000,-1.000,1,1,0.000,0.000,0.000,0,1.000,0,0,0.2490,-0.0045,0.0573
2562,17,0,0,0.000,-0.032,-1.000,-1.000,1,1,0.000,0.000,0.000,0,1.000,0,0,0.2490,-0.0045,0.0573
2563,17,0,0,0.000,-0.032,-1.000,-1.000,1,1,0.000,0.000,0.000,0,1.000,0,0,0.2490,-0.0045,0.0573
2564,17,0,0,0.000,-0.039,-1.000,-1.000,1,1,0.000,0.000,0.000,0,1.000,0,0,0.2490,-0.0045,0.0573
2565,17,0,0,0.000,-0.039,-1.000,-1.000,1,1,0.000,0.000,0.000,0,1.000,0,0,0.2490,-0.0045,0.0573
2566,17,0,0,0.000,-0.039,-1.000,-1.000,1,1,0.000,0.000,0.000,0,1.000,0,0,0.2490,-0.0045,0.0573
2567,17,0,0,0.000,-0.039,-1.000,-1.000,1,1,0.000,0.000,0.000,0,1.000,0,0,0.2490,-0.0045,0.0573
2568,17,0,0,0.000,-0.039,-1.000,-1.000,1,1,0.000,0.000,0.000,0,1.000,0,0,0.2490,-0.0045,0.0573
2569,17,0,0,0.000,-0.039,-1.000,-1.000,1,1,0.000,0.000,0.000,0,1.000,0,0,0.2490,-0.0045,0.0573
2570,17,0,0,0.000,-0.039,-1.000,-1.000,1,1,0.000,0.000,0.000,0,1.000,0,0,0.2490,-0.0045,0.0573
2571,17,0,0,0.000,-0.039,-1.000,-1.000,1,1,0.000,0.000,0.000,0,1.000,0,0,0.2490,-0.0045,0.0573
2572,17,0,0,0.000,-0.039,-1.000,-1.000,1,1,0.000,0.000,0.000,0,1.000,0,0,0.2490,-0.0045,0.0573
2573,17,0,0,0.000,-0.039,-1.000,-1.000,1,1,0.000,0.000,0.000,0,1.000,0,0,0.2490,-0.0045,0.0573
2574,17,0,0,0.000,-0.039,-1.000,-1.000,1,1,0.000,0.000,0.000,0,1.000,0,0,0.2490,-0.0045,0.0573
2575,17,0,0,0.000,-0.039,-1.000,-1.000,1,1,0.000,0.000,0.000,0,1.000,0,0,0.2490,-0.0045,0.0573
2576,17,0,0,0.000,-0.039,-1.000,-1.000,1,1,0.000,0.000,0.000,0,1.000,0,0,0.2490,-0.0045,0.0573
2577,17,0,0,0.000,-0.039,-1.000,-1.000,1,1,0.000,0.000,0.000,0,1.000,0,0,0.2490,-0.0045,0.0573
2578,17,0,0,0.000,-0.039,-1.000,-1.000,1,1,0.000,0.000,0.000,0,1.000,0,0,0.2490,-0.0045,0.0573
2579,17,0,0,0.000,-0.039,-1.000,-1.000,1,1,0.000,0.000,0.000,0,1.000,0,0,0.2490,-0.0045,0.0573
2580,17,0,0,0.000,-0.039,-1.000,-1.000,1,1,0.000,0.000,0.000,0,1.000,0,0,0.2490,-0.0045,0.0573
2581,17,0,0,0.000,-0.039,-1.000,-1.000,1,1,0.000,0.000,0.000,0,1.000,0,0,0.2490,-0.0045,0.0573
2582,17,0,0,0.000,-0.039,-1.000,-1.000,1,1,0.000,0.000,0.000,0,1.000,0,0,0.2490,-0.0045,0.0573
2583,17,0,0,0.000,-0.039,-1.000,-1.000,1,1,0.000,0.000,0.000,0,1.000,0,0,0.2490,-0.0045,0.0573
2584,17,0,0,0.000,-0.039,-1.000,-1.000,1,1,0.000,0.000,0.000,0,1.000,0,0,0.2490,-0.0045,0.0573
2585,17,0,0,0.000,-0.039,-1.000,-1.000,1,1,0.000,0.000,0.000,0,1.000,0,0,0.2490,-0.0045,0.0573
2586,17,0,0,0.000,-0.039,-1.000,-1.000,1,1,0.000,0.000,0.000,0,1.000,0,0,0.2490,-0.0045,0.0573
2587,17,0,0,0.000,-0.039,-1.000,-1.000,1,1,0.000,0.000,0.000,0,1.000,0,0,0.2490,-0.0045,0.0573
2588,17,0,0,0.000,-0.039,-1.000,-1.000,1,1,0.000,0.000,0.000,0,1.000,0,0,0.2490,-0.0045,0.0573
2589,17,0,0,0.000,-0.039,-1.000,-1.000,1,1,0.000,0.000,0.000,0,1.000,0,0,0.2490,-0.0045,0.0573
2590,17,0,0,0.000,-0.039,-1.000,-1.000,1,1,0.000,0.000,0.000,0,1.000,0,0,0.2490,-0.0045,0.0573
2591,17,0,0,0.000,-0.039,-1.000,-1.000,1,1,0.000,0.000,0.000,0,1.000,0,0,0.2490,-0.0045,0.0573
2592,17,0,0,0.000,-0.039,-1.000,-1.000,1,1,0.000,0.000,0.000,0,1.000,0,0,0.2490,-0.0045,0.0573
2593,17,0,0,0.000,-0.039,-1.000,-1.000,1,1,0.000,0.000,0.000,0,1.000,0,0,0.2490,-0.0045,0.0573
2594,17,0,0,0.000,-0.039,-1.000,-1.000,1,1,0.000,0.000,0.000,0,1.000,0,0,0.2490,-0.0045,0.0573
2595,17,0,0,0.000,-0.039,-1.000,-1.000,1,1,0.000,0.000,0.000,0,1.000,0,0,0.2490,-0.0045,0.0573
2596,17,0,0,0.000,-0.039,-1.000,-1.000,1,1,0.000,0.000,0.000,0,1.000,0,0,0.2490,-0.0045,0.0573
2597,17,0,0,0.000,-0.039,-1.000,-1.000,1,1,0.000,0.000,0.000,0,1.000,0,0,0.2490,-0.0045,0.0573
2598,17,0,0,0.000,-0.039,-1.000,-1.000,1,1,0.000,0.000,0.000,0,1.000,0,0,0.2490,-0.0045,0.0573
2599,17,0,0,0.000,-0.039,-1.000,-1.000,1,1,0.000,0.000,0.000,0,1.000,0,0,0.2490,-0.0045,0.0573
2600,17,0,0,0.000,-0.039,-1.000,-1.000,1,1,0.000,0.000,0.000,0,1.000,0,0,0.2490,-0.0045,0.0573
2601,17,0,0,0.000,-0.039,-1.000,-1.000,1,1,0.000,0.000,0.000,0,1.000,0,0,0.2490,-0.0045,0.0573
2602,17,0,0,0.000,-0.039,-1.000,-1.000,1,1,0.000,0.000,0.000,0,1.000,0,0,0.2490,-0.0045,0.0573
2603,17,0,0,0.000,-0.039,-1.000,-1.000,1,1,0.000,0.000,0.000,0,1.000,0,0,0.2490,-0.0045,0.0573
2604,17,0,0,0.000,-0.039,-1.000,-1.000,1,1,0.000,0.000,0.000,0,1.000,0,0,0.2490,-0.0045,0.0573
2605,17,0,0,0.000,-0.039,-1.000,-1.000,1,1,0.000,0.000,0.000,0,1.000,0,0,0.2490,-0.0045,0.0573
2606,17,0,0,0.000,-0.032,-1.000,-1.000,1,1,0.000,0.000,0.000,0,1.000,0,0,0.2490,-0.0045,0.0573
2607,17,0,0,0.000,-0.039,-1.000,-1.000,1,1,0.000,0.000,0.000,0,1.000,0,0,0.2490,-0.0045,0.0573
2608,17,0,0,0.000,-0.039,-1.000,-1.000,1,1,0.000,0.000,0.000,0,1.000,0,0,0.2490,-0.0045,0.0573
2609,17,0,0,0.000,-0.039,-1.000,-1.000,1,1,0.000,0.000,0.000,0,1.000,0,0,0.2490,-0.0045,0.0573
2610,17,0,0,0.000,-0.032,-1.000,-1.000,1,1,0.000,0.000,0.000,0,1.000,0,0,0.2490,-0.0045,0.0573
2611,17,0,0,0.000,-0.039,-1.000,-1.000,1,1,0.000,0.000,0.000,0,1.000,0,0,0.2490,-0.0045,0.0573
2612,17,0,0,0.000,-0.039,-1.000,-1.000,1,1,0.000,0.000,0.000,0,1.000,0,0,0.2490,-0.0045,0.0573
2613,17,0,0,0.000,-0.039,-1.000,-1.000,1,1,0.000,0.000,0.000,0,1.000,0,0,0.2490,-0.0045,0.0573
2614,17,0,0,0.000,-0.039,-1.000,-1.000,1,1,0.000,0.000,0.000,0,1.000,0,0,0.2490,-0.0045,0.0573
2615,17,0,0,0.000,-0.039,-1.000,-1.000,1,1,0.000,0.000,0.000,0,1.000,0,0,0.2490,-0.0045,0.0573
2616,17,0,0,0.000,-0.039,-1.000,-1.000,1,1,0.000,0.000,0.000,0,1.000,0,0,0.2490,-0.0045,0.0573
2617,17,0,0,0.000,-0.039,-1.000,-1.000,1,1,0.000,0.000,0.000,0,1.000,0,0,0.2490,-0.0045,0.0573
2618,17,0,0,0.000,-0.039,-1.000,-1.000,1,1,0.000,0.000,0.000,0,1.000,0,0,0.2490,-0.0045,0.0573
2619,17,0,0,0.000,-0.032,-1.000,-1.000,1,1,0.000,0.000,0.000,0,1.000,0,0,0.2490,-0.0045,0.0573
2620,17,0,0,0.000,-0.039,-1.000,-1.000,1,1,0.000,0.000,0.000,0,1.000,0,0,0.2490,-0.0045,0.0573
2621,17,0,0,0.000,-0.039,-1.000,-1.000,1,1,0.000,0.000,0.000,0,1.000,0,0,0.2490,-0.0045,0.0573
2622,17,0,0,0.000,-0.039,-1.000,-1.000,1,1,0.000,0.000,0.000,0,1.000,0,0,0.2490,-0.0045,0.0573
2623,17,0,0,0.000,-0.039,-1.000,-1.000,1,1,0.000,0.000,0.000,0,1.000,0,0,0.2490,-0.0045,0.0573
2624,17,0,0,0.000,-0.039,-1.000,-1.000,1,1,0.000,0.000,0.000,0,1.000,0,0,0.2490,-0.0045,0.0573
2625,17,0,0,0.000,-0.039,-1.000,-1.000,1,1,0.000,0.000,0.000,0,1.000,0,0,0.2490,-0.0045,0.0573
2626,17,0,0,0.000,-0.039,-1.000,-1.000,1,1,0.000,0.000,0.000,0,1.000,0,0,0.2490,-0.0045,0.0573
2627,17,0,0,0.000,-0.032,-1.000,-1.000,1,1,0.000,0.000,0.000,0,1.000,0,0,0.2490,-0.0045,0.0573
2628,17,0,0,0.000,-0.039,-1.000,-1.000,1,1,0.000,0.000,0.000,0,1.000,0,0,0.2490,-0.0045,0.0573
2629,17,0,0,0.000,-0.039,-1.000,-1.000,1,1,0.000,0.000,0.000,0,1.000,0,0,0.2490,-0.0045,0.0573
2630,17,0,0,0.000,-0.039,-1.000,-1.000,1,1,0.000,0.000,0.000,0,1.000,0,0,0.2490,-0.0045,0.0573
2631,17,0,0,0.000,-0.039,-1.000,-1.000,1,1,0.000,0.000,0.000,0,1.000,0,0,0.2490,-0.0045,0.0573
2632,17,0,0,0.000,-0.039,-1.000,-1.000,1,1,0.000,0.000,0.000,0,1.000,0,0,0.2490,-0.0045,0.0573
2633,17,0,0,0.000,-0.039,-1.000,-1.000,1,1,0.000,0.000,0.000,0,1.000,0,0,0.2490,-0.0045,0.0573
2634,17,0,0,0.000,-0.039,-1.000,-1.000,1,1,0.000,0.000,0.000,0,1.000,0,0,0.2490,-0.0045,0.0573
2635,17,0,0,0.000,-0.039,-1.000,-1.000,1,1,0.000,0.000,0.000,0,1.000,0,0,0.2490,-0.0045,0.0573
2636,17,0,0,0.000,-0.039,-1.000,-1.000,1,1,0.000,0.000,0.000,0,1.000,0,0,0.2490,-0.0045,0.0573
2637,17,0,0,0.000,-0.039,-1.000,-1.000,1,1,0.000,0.000,0.000,0,1.000,0,0,0.2490,-0.0045,0.0573
2638,17,0,0,0.000,-0.039,-1.000,-1.000,1,1,0.000,0.000,0.000,0,1.000,0,0,0.2490,-0.0045,0.0573
2639,17,0,0,0.000,-0.039,-1.000,-1.000,1,1,0.000,0.000,0.000,0,1.000,0,0,0.2490,-0.0045,0.0573
2640,17,0,0,0.000,-0.039,-1.000,-1.000,1,1,0.000,0.000,0.000,0,1.000,0,0,0.2490,-0.0045,0.0573
2641,17,0,0,0.000,-0.032,-1.000,-1.000,1,1,0.000,0.000,0.000,0,1.000,0,0,0.2490,-0.0045,0.0573
2642,17,0,0,0.000,-0.039,-1.000,-1.000,1,1,0.000,0.000,0.000,0,1.000,0,0,0.2490,-0.0045,0.0573
2643,17,0,0,0.000,-0.039,-1.000,-1.000,1,1,0.000,0.000,0.000,0,1.000,0,0,0.2490,-0.0045,0.0573
2644,17,0,0,0.000,-0.039,-1.000,-1.000,1,1,0.000,0.000,0.000,0,1.000,0,0,0.2490,-0.0045,0.0573
2645,17,0,0,0.000,-0.039,-1.000,-1.000,1,1,0.000,0.000,0.000,0,1.000,0,0,0.2490,-0.0045,0.0573
2646,17,0,0,0.000,-0.039,-1.000,-1.000,1,1,0.000,0.000,0.000,0,1.000,0,0,0.2490,-0.0045,0.0573
2647,17,0,0,0.000,-0.039,-1.000,-1.000,1,1,0.000,0.000,0.000,0,1.000,0,0,0.2490,-0.0045,0.0573
2648,17,0,0,0.000,-0.039,-1.000,-1.000,1,1,0.000,0.000,0.000,0,1.000,0,0,0.2490,-0.0045,0.0573
2649,17,0,0,0.000,-0.039,-1.000,-1.000,1,1,0.000,0.000,0.000,0,1.000,0,0,0.2490,-0.0045,0.0573
2650,17,0,0,0.000,-0.039,-1.000,-1.000,1,1,0.000,0.000,0.000,0,1.000,0,0,0.2490,-0.0045,0.0573
2651,17,0,0,0.000,-0.039,-1.000,-1.000,1,1,0.000,0.000,0.000,0,1.000,0,0,0.2490,-0.0045,0.0573
2652,17,0,0,0.000,-0.039,-1.000,-1.000,1,1,0.000,0.000,0.000,0,1.000,0,0,0.2490,-0.0045,0.0573
2653,17,0,0,0.000,-0.039,-1.000,-1.000,1,1,0.000,0.000,0.000,0,1.000,0,0,0.2490,-0.0045,0.0573
2654,18,0,0,0.000,-0.039,-1.000,-1.000,1,1,0.000,0.000,0.000,0,0.333,0,0,0.2493,-0.0048,0.0618
2655,18,0,0,0.000,-0.039,-1.000,-1.000,1,1,0.000,0.000,0.000,0,0.667,0,0,0.2489,-0.0044,0.0576
2656,18,0,0,0.000,-0.039,-1.000,-1.000,1,1,0.000,0.000,0.000,0,1.000,0,0,0.2490,-0.0046,0.0568
2657,18,0,0,0.000,-0.039,-1.000,-1.000,1,1,0.000,0.000,0.000,0,1.000,0,0,0.2490,-0.0045,0.0571
2658,18,0,0,0.000,-0.039,-1.000,-1.000,1,1,0.000,0.000,0.000,0,1.000,0,0,0.2490,-0.0045,0.0573
2659,18,0,0,0.000,-0.039,-1.000,-1.000,1,1,0.000,0.000,0.000,0,1.000,0,0,0.2490,-0.0045,0.0573
2660,18,0,0,0.000,-0.039,-1.000,-1.000,1,1,0.000,0.000,0.000,0,1.000,0,0,0.2490,-0.0045,0.0573
2661,18,0,0,0.000,-0.039,-1.000,-1.000,1,1,0.000,0.000,0.000,0,1.000,0,0,0.2490,-0.0045,0.0573
2662,18,0,0,0.000,-0.039,-1.000,-1.000,1,1,0.000,0.000,0.000,0,1.000,0,0,0.2490,-0.0045,0.0573
2663,18,0,0,0.000,-0.039,-1.000,-1.000,1,1,0.000,0.000,0.000,0,1.000,0,0,0.2490,-0.0045,0.0573
2664,18,0,0,0.000,-0.039,-1.000,-1.000,1,1,0.000,0.000,0.000,0,1.000,0,0,0.2490,-0.0045,0.0573
2665,18,0,0,0.000,-0.039,-1.000,-1.000,1,1,0.000,0.000,0.000,0,1.000,0,0,0.2490,-0.0045,0.0573
2666,18,0,0,0.000,-0.039,-1.000,-1.000,1,1,0.000,0.000,0.000,0,1.000,0,0,0.2490,-0.0045,0.0573
2667,18,0,0,0.000,-0.039,-1.000,-1.000,1,1,0.000,0.000,0.000,0,1.000,0,0,0.2490,-0.0045,0.0573
2668,18,0,0,0.000,-0.039,-1.000,-1.000,1,1,0.000,0.000,0.000,0,1.000,0,0,0.2490,-0.0045,0.0573
2669,18,0,0,0.000,-0.039,-1.000,-1.000,1,1,0.000,0.000,0.000,0,1.000,0,0,0.2490,-0.0045,0.0573
2670,18,0,0,0.000,-0.039,-1.000,-1.000,1,1,0.000,0.000,0.000,0,1.000,0,0,0.2490,-0.0045,0.0573
2671,18,0,0,0.000,-0.039,-1.000,-1.000,1,1,0.000,0.000,0.000,0,1.000,0,0,0.2490,-0.0045,0.0573
2672,18,0,0,0.000,-0.039,-1.000,-1.000,1,1,0.000,0.000,0.000,0,1.000,0,0,0.2490,-0.0045,0.0573
2673,18,0,0,0.000,-0.032,-1.000,-1.000,1,1,0.000,0.000,0.000,0,1.000,0,0,0.2490,-0.0045,0.0573
2674,18,0,0,0.000,-0.039,-1.000,-1.000,1,1,0.000,0.000,0.000,0,1.000,0,0,0.2490,-0.0045,0.0573
2675,18,0,0,0.000,-0.039,-1.000,-1.000,1,1,0.000,0.000,0.000,0,1.000,0,0,0.2490,-0.0045,0.0573
2676,18,0,0,0.000,-0.039,-1.000,-1.000,1,1,0.000,0.000,0.000,0,1.000,0,0,0.2490,-0.0045,0.0573
2677,18,0,0,0.000,-0.039,-1.000,-1.000,1,1,0.000,0.000,0.000,0,1.000,0,0,0.2490,-0.0045,0.0573
2678,18,0,0,0.000,-0.039,-1.000,-1.000,1,1,0.000,0.000,0.000,0,1.000,0,0,0.2490,-0.0045,0.0573
2679,18,0,0,0.000,-0.039,-1.000,-1.000,1,1,0.000,0.000,0.000,0,1.000,0,0,0.2490,-0.0045,0.0573
2680,18,0,0,0.000,-0.039,-1.000,-1.000,1,1,0.000,0.000,0.000,0,1.000,0,0,0.2490,-0.0045,0.0573
2681,18,0,0,0.000,-0.039,-1.000,-1.000,1,1,0.000,0.000,0.000,0,1.000,0,0,0.2490,-0.0045,0.0573
2682,18,0,0,0.000,-0.039,-1.000,-1.000,1,1,0.000,0.000,0.000,0,1.000,0,0,0.2490,-0.0045,0.0573
2683,18,0,0,0.000,-0.039,-1.000,-1.000,1,1,0.000,0.000,0.000,0,1.000,0,0,0.2490,-0.0045,0.0573
2684,18,0,0,0.000,-0.039,-1.000,-1.000,1,1,0.000,0.000,0.000,0,1.000,0,0,0.2490,-0.0045,0.0573
2685,18,0,0,0.000,-0.039,-1.000,-1.000,1,1,0.000,0.000,0.000,0,1.000,0,0,0.2490,-0.0045,0.0573
2686,18,0,0,0.000,-0.039,-1.000,-1.000,1,1,0.000,0.000,0.000,0,1.000,0,0,0.2490,-0.0045,0.0573
2687,18,0,0,0.000,-0.039,-1.000,-1.000,1,1,0.000,0.000,0.000,0,1.000,0,0,0.2490,-0.0045,0.0573
2688,18,0,0,0.000,-0.039,-1.000,-1.000,1,1,0.000,0.000,0.000,0,1.000,0,0,0.2490,-0.0045,0.0573
2689,18,0,0,0.000,-0.039,-1.000,-1.000,1,1,0.000,0.000,0.000,0,1.000,0,0,0.2490,-0.0045,0.0573
2690,18,0,0,0.000,-0.039,-1.000,-1.000,1,1,0.000,0.000,0.000,0,1.000,0,0,0.2490,-0.0045,0.0573
2691,18,0,0,0.000,-0.039,-1.000,-1.000,1,1,0.000,0.000,0.000,0,1.000,0,0,0.2490,-0.0045,0.0573
2692,18,0,0,0.000,-0.039,-1.000,-1.000,1,1,0.000,0.000,0.000,0,1.000,0,0,0.2490,-0.0045,0.0573
2693,18,0,0,0.000,-0.039,-1.000,-1.000,1,1,0.000,0.000,0.000,0,1.000,0,0,0.2490,-0.0045,0.0573
2694,18,0,0,0.000,-0.032,-1.000,-1.000,1,1,0.000,0.000,0.000,0,1.000,0,0,0.2490,-0.0045,0.0573
2695,18,0,0,0.000,-0.039,-1.000,-1.000,1,1,0.000,0.000,0.000,0,1.000,0,0,0.2490,-0.0045,0.0573
2696,18,0,0,0.000,-0.039,-1.000,-1.000,1,1,0.000,0.000,0.000,0,1.000,0,0,0.2490,-0.0045,0.0573
2697,18,0,0,0.000,-0.039,-1.000,-1.000,1,1,0.000,0.000,0.000,0,1.000,0,0,0.2490,-0.0045,0.0573
2698,18,0,0,0.000,-0.039,-1.000,-1.000,1,1,0.000,0.000,0.000,0,1.000,0,0,0.2490,-0.0045,0.0573
2699,18,0,0,0.000,-0.039,-1.000,-1.000,1,1,0.000,0.000,0.000,0,1.000,0,0,0.2490,-0.0045,0.0573
2700,18,0,0,0.000,-0.039,-1.000,-1.000,1,1,0.000,0.000,0.000,0,1.000,0,0,0.2490,-0.0045,0.0573
2701,18,0,0,0.000,-0.039,-1.000,-1.000,1,1,0.000,0.000,0.000,0,1.000,0,0,0.2490,-0.0045,0.0573
2702,18,0,0,0.000,-0.039,-1.000,-1.000,1,1,0.000,0.000,0.000,0,1.000,0,0,0.2490,-0.0045,0.0573
2703,18,0,0,0.000,-0.039,-1.000,-1.000,1,1,0.000,0.000,0.000,0,1.000,0,0,0.2490,-0.0045,0.0573
2704,18,0,0,0.000,-0.039,-1.000,-1.000,1,1,0.000,0.000,0.000,0,1.000,0,0,0.2490,-0.0045,0.0573
2705,18,0,0,0.000,-0.039,-1.000,-1.000,1,1,0.000,0.000,0.000,0,1.000,0,0,0.2490,-0.0045,0.0573
2706,18,0,0,0.000,-0.039,-1.000,-1.000,1,1,0.000,0.000,0.000,0,1.000,0,0,0.2490,-0.0045,0.0573
2707,18,0,0,0.000,-0.039,-1.000,-1.000,1,1,0.000,0.000,0.000,0,1.000,0,0,0.2490,-0.0045,0.0573
2708,18,0,0,0.000,-0.039,-1.000,-1.000,1,1,0.000,0.000,0.000,0,1.000,0,0,0.2490,-0.0045,0.0573
2709,18,0,0,0.000,-0.032,-1.000,-1.000,1,1,0.000,0.000,0.000,0,1.000,0,0,0.2490,-0.0045,0.0573
2710,18,0,0,0.000,-0.039,-1.000,-1.000,1,1,0.000,0.000,0.000,0,1.000,0,0,0.2490,-0.0045,0.0573
2711,18,0,0,0.000,-0.039,-1.000,-1.000,1,1,0.000,0.000,0.000,0,1.000,0,0,0.2490,-0.0045,0.0573
2712,18,0,0,0.000,-0.039,-1.000,-1.000,1,1,0.000,0.000,0.000,0,1.000,0,0,0.2490,-0.0045,0.0573
2713,18,0,0,0.000,-0.039,-1.000,-1.000,1,1,0.000,0.000,0.000,0,1.000,0,0,0.2490,-0.0045,0.0573
2714,18,0,0,0.000,-0.039,-1.000,-1.000,1,1,0.000,0.000,0.000,0,1.000,0,0,0.2490,-0.0045,0.0573
2715,18,0,0,0.000,-0.039,-1.000,-1.000,1,1,0.000,0.000,0.000,0,1.000,0,0,0.2490,-0.0045,0.0573
2716,18,0,0,0.000,-0.039,-1.000,-1.000,1,1,0.000,0.000,0.000,0,1.000,0,0,0.2490,-0.0045,0.0573
2717,18,0,0,0.000,-0.039,-1.000,-1.000,1,1,0.000,0.000,0.000,0,1.000,0,0,0.2490,-0.0045,0.0573
2718,18,0,0,0.000,-0.039,-1.000,-1.000,1,1,0.000,0.000,0.000,0,1.000,0,0,0.2490,-0.0045,0.0573
2719,18,0,0,0.000,-0.039,-1.000,-1.000,1,1,0.000,0.000,0.000,0,1.000,0,0,0.2490,-0.0045,0.0573
2720,18,0,0,0.000,-0.039,-1.000,-1.000,1,1,0.000,0.000,0.000,0,1.000,0,0,0.2490,-0.0045,0.0573
2721,18,0,0,0.000,-0.039,-1.000,-1.000,1,1,0.000,0.000,0.000,0,1.000,0,0,0.2490,-0.0045,0.0573
2722,18,0,0,0.000,-0.039,-1.000,-1.000,1,1,0.000,0.000,0.000,0,1.000,0,0,0.2490,-0.0045,0.0573
2723,18,0,0,0.000,-0.039,-1.000,-1.000,1,1,0.000,0.000,0.000,0,1.000,0,0,0.2490,-0.0045,0.0573
2724,18,0,0,0.000,-0.039,-1.000,-1.000,1,1,0.000,0.000,0.000,0,1.000,0,0,0.2490,-0.0045,0.0573
2725,18,0,0,0.000,-0.039,-1.000,-1.000,1,1,0.000,0.000,0.000,0,1.000,0,0,0.2490,-0.0045,0.0573
2726,18,0,0,0.000,-0.039,-1.000,-1.000,1,1,0.000,0.000,0.000,0,1.000,0,0,0.2490,-0.0045,0.0573
2727,18,0,0,0.000,-0.039,-1.000,-1.000,1,1,0.000,0.000,0.000,0,1.000,0,0,0.2490,-0.0045,0.0573
2728,18,0,0,0.000,-0.039,-1.000,-1.000,1,1,0.000,0.000,0.000,0,1.000,0,0,0.2490,-0.0045,0.0573
2729,18,0,0,0.000,-0.039,-1.000,-1.000,1,1,0.000,0.000,0.000,0,1.000,0,0,0.2490,-0.0045,0.0573
2730,18,0,0,0.000,-0.039,-1.000,-1.000,1,1,0.000,0.000,0.000,0,1.000,0,0,0.2490,-0.0045,0.0573
2731,18,0,0,0.000,-0.039,-1.000,-1.000,1,1,0.000,0.000,0.000,0,1.000,0,0,0.2490,-0.0045,0.0573
2732,18,0,0,0.000,-0.039,-1.000,-1.000,1,1,0.000,0.000,0.000,0,1.000,0,0,0.2490,-0.0045,0.0573
2733,18,0,0,0.000,-0.039,-1.000,-1.000,1,1,0.000,0.000,0.000,0,1.000,0,0,0.2490,-0.0045,0.0573
2734,18,0,0,0.000,-0.032,-1.000,-1.000,1,1,0.000,0.000,0.000,0,1.000,0,0,0.2490,-0.0045,0.0573
2735,18,0,0,0.000,-0.039,-1.000,-1.000,1,1,0.000,0.000,0.000,0,1.000,0,0,0.2490,-0.0045,0.0573
2736,18,0,0,0.000,-0.039,-1.000,-1.000,1,1,0.000,0.000,0.000,0,1.000,0,0,0.2490,-0.0045,0.0573
2737,18,0,0,0.000,-0.039,-1.000,-1.000,1,1,0.000,0.000,0.000,0,1.000,0,0,0.2490,-0.0045,0.0573
2738,18,0,0,0.000,-0.039,-1.000,-1.000,1,1,0.000,0.000,0.000,0,1.000,0,0,0.2490,-0.0045,0.0573
2739,18,0,0,0.000,-0.039,-1.000,-1.000,1,1,0.000,0.000,0.000,0,1.000,0,0,0.2490,-0.0045,0.0573
2740,18,0,0,0.000,-0.039,-1.000,-1.000,1,1,0.000,0.000,0.000,0,1.000,0,0,0.2490,-0.0045,0.0573
2741,18,0,0,0.000,-0.039,-1.000,-1.000,1,1,0.000,0.000,0.000,0,1.000,0,0,0.2490,-0.0045,0.0573
2742,18,0,0,0.000,-0.039,-1.000,-1.000,1,1,0.000,0.000,0.000,0,1.000,0,0,0.2490,-0.0045,0.0573
2743,18,0,0,0.000,-0.039,-1.000,-1.000,1,1,0.000,0.000,0.000,0,1.000,0,0,0.2490,-0.0045,0.0573
2744,18,0,0,0.000,-0.039,-1.000,-1.000,1,1,0.000,0.000,0.000,0,1.000,0,0,0.2490,-0.0045,0.0573
2745,18,0,0,0.000,-0.039,-1.000,-1.000,1,1,0.000,0.000,0.000,0,1.000,0,0,0.2490,-0.0045,0.0573
2746,18,0,0,0.000,-0.039,-1.000,-1.000,1,1,0.000,0.000,0.000,0,1.000,0,0,0.2490,-0.0045,0.0573
2747,18,0,0,0.000,-0.039,-1.000,-1.000,1,1,0.000,0.000,0.000,0,1.000,0,0,0.2490,-0.0045,0.0573
2748,18,0,0,0.000,-0.039,-1.000,-1.000,1,1,0.000,0.000,0.000,0,1.000,0,0,0.2490,-0.0045,0.0573
2749,18,0,0,0.000,-0.039,-1.000,-1.000,1,1,0.000,0.000,0.000,0,1.000,0,0,0.2490,-0.0045,0.0573
2750,18,0,0,0.000,-0.039,-1.000,-1.000,1,1,0.000,0.000,0.000,0,1.000,0,0,0.2490,-0.0045,0.0573
2751,18,0,0,0.000,-0.039,-1.000,-1.000,1,1,0.000,0.000,0.000,0,1.000,0,0,0.2490,-0.0045,0.0573
2752,18,0,0,0.000,-0.039,-1.000,-1.000,1,1,0.000,0.000,0.000,0,1.000,0,0,0.2490,-0.0045,0.0573
2753,18,0,0,0.000,-0.039,-1.000,-1.000,1,1,0.000,0.000,0.000,0,1.000,0,0,0.2490,-0.0045,0.0573
2754,18,0,0,0.000,-0.039,-1.000,-1.000,1,1,0.000,0.000,0.000,0,1.000,0,0,0.2490,-0.0045,0.0573
2755,18,0,0,0.000,-0.039,-1.000,-1.000,1,1,0.000,0.000,0.000,0,1.000,0,0,0.2490,-0.0045,0.0573
2756,18,0,0,0.000,-0.039,-1.000,-1.000,1,1,0.000,0.000,0.000,0,1.000,0,0,0.2490,-0.0045,0.0573
2757,18,0,0,0.000,-0.039,-1.000,-1.000,1,1,0.000,0.000,0.000,0,1.000,0,0,0.2490,-0.0045,0.0573
2758,18,0,0,0.000,-0.039,-1.000,-1.000,1,1,0.000,0.000,0.000,0,1.000,0,0,0.2490,-0.0045,0.0573
2759,18,0,0,0.000,-0.039,-1.000,-1.000,1,1,0.000,0.000,0.000,0,1.000,0,0,0.2490,-0.0045,0.0573
2760,18,0,0,0.000,-0.039,-1.000,-1.000,1,1,0.000,0.000,0.000,0,1.000,0,0,0.2490,-0.0045,0.0573
2761,18,0,0,0.000,-0.039,-1.000,-1.000,1,1,0.000,0.000,0.000,0,1.000,0,0,0.2490,-0.0045,0.0573
2762,18,0,0,0.000,-0.039,-1.000,-1.000,1,1,0.000,0.000,0.000,0,1.000,0,0,0.2490,-0.0045,0.0573
2763,18,0,0,0.000,-0.039,-1.000,-1.000,1,1,0.000,0.000,0.000,0,1.000,0,0,0.2490,-0.0045,0.0573
2764,18,0,0,0.000,-0.039,-1.000,-1.000,1,1,0.000,0.000,0.000,0,1.000,0,0,0.2490,-0.0045,0.0573
2765,18,0,0,0.000,-0.032,-1.000,-1.000,1,1,0.000,0.000,0.000,0,1.000,0,0,0.2490,-0.0045,0.0573
2766,18,0,0,0.000,-0.039,-1.000,-1.000,1,1,0.000,0.000,0.000,0,1.000,0,0,0.2490,-0.0045,0.0573
2767,18,0,0,0.000,-0.039,-1.000,-1.000,1,1,0.000,0.000,0.000,0,1.000,0,0,0.2490,-0.0045,0.0573
2768,18,0,0,0.000,-0.039,-1.000,-1.000,1,1,0.000,0.000,0.000,0,1.000,0,0,0.2490,-0.0045,0.0573
2769,18,0,0,0.000,-0.039,-1.000,-1.000,1,1,0.000,0.000,0.000,0,1.000,0,0,0.2490,-0.0045,0.0573
2770,18,0,0,0.000,-0.039,-1.000,-1.000,1,1,0.000,0.000,0.000,0,1.000,0,0,0.2490,-0.0045,0.0573
2771,18,0,0,0.000,-0.039,-1.000,-1.000,1,1,0.000,0.000,0.000,0,1.000,0,0,0.2490,-0.0045,0.0573
2772,18,0,0,0.000,-0.039,-1.000,-1.000,1,1,0.000,0.000,0.000,0,1.000,0,0,0.2490,-0.0045,0.0573
2773,18,0,0,0.000,-0.039,-1.000,-1.000,1,1,0.000,0.000,0.000,0,1.000,0,0,0.2490,-0.0045,0.0573
2774,18,0,0,0.000,-0.039,-1.000,-1.000,1,1,0.000,0.000,0.000,0,1.000,0,0,0.2490,-0.0045,0.0573
2775,18,0,0,0.000,-0.039,-1.000,-1.000,1,1,0.000,0.000,0.000,0,1.000,0,0,0.2490,-0.0045,0.0573
2776,18,0,0,0.000,-0.039,-1.000,-1.000,1,1,0.000,0.000,0.000,0,1.000,0,0,0.2490,-0.0045,0.0573
2777,18,0,0,0.000,-0.039,-1.000,-1.000,1,1,0.000,0.000,0.000,0,1.000,0,0,0.2490,-0.0045,0.0573
2778,18,0,0,0.000,-0.039,-1.000,-1.000,1,1,0.000,0.000,0.000,0,1.000,0,0,0.2490,-0.0045,0.0573
2779,18,0,0,0.000,-0.032,-1.000,-1.000,1,1,0.000,0.000,0.000,0,1.000,0,0,0.2490,-0.0045,0.0573
2780,18,0,0,0.000,-0.039,-1.000,-1.000,1,1,0.000,0.000,0.000,0,1.000,0,0,0.2490,-0.0045,0.0573
2781,18,0,0,0.000,-0.039,-1.000,-1.000,1,1,0.000,0.000,0.000,0,1.000,0,0,0.2490,-0.0045,0.0573
2782,18,0,0,0.000,-0.039,-1.000,-1.000,1,1,0.000,0.000,0.000,0,1.000,0,0,0.2490,-0.0045,0.0573
2783,18,0,0,0.000,-0.039,-1.000,-1.000,1,1,0.000,0.000,0.000,0,1.000,0,0,0.2490,-0.0045,0.0573
2784,18,0,0,0.000,-0.032,-1.000,-1.000,1,1,0.000,0.000,0.000,0,1.000,0,0,0.2490,-0.0045,0.0573
2785,18,0,0,0.000,-0.039,-1.000,-1.000,1,1,0.000,0.000,0.000,0,1.000,0,0,0.2490,-0.0045,0.0573
2786,18,0,0,0.000,-0.039,-1.000,-1.000,1,1,0.000,0.000,0.000,0,1.000,0,0,0.2490,-0.0045,0.0573
2787,18,0,0,0.000,-0.039,-1.000,-1.000,1,1,0.000,0.000,0.000,0,1.000,0,0,0.2490,-0.0045,0.0573
2788,18,0,0,0.000,-0.039,-1.000,-1.000,1,1,0.000,0.000,0.000,0,1.000,0,0,0.2490,-0.0045,0.0573
2789,18,0,0,0.000,-0.039,-1.000,-1.000,1,1,0.000,0.000,0.000,0,1.000,0,0,0.2490,-0.0045,0.0573
2790,18,0,0,0.000,-0.039,-1.000,-1.000,1,1,0.000,0.000,0.000,0,1.000,0,0,0.2490,-0.0045,0.0573
2791,18,0,0,0.000,-0.039,-1.000,-1.000,1,1,0.000,0.000,0.000,0,1.000,0,0,0.2490,-0.0045,0.0573
2792,18,0,0,0.000,-0.039,-1.000,-1.000,1,1,0.000,0.000,0.000,0,1.000,0,0,0.2490,-0.0045,0.0573
2793,18,0,0,0.000,-0.039,-1.000,-1.000,1,1,0.000,0.000,0.000,0,1.000,0,0,0.2490,-0.0045,0.0573
2794,18,0,0,0.000,-0.039,-1.000,-1.000,1,1,0.000,0.000,0.000,0,1.000,0,0,0.2490,-0.0045,0.0573
2795,18,0,0,0.000,-0.039,-1.000,-1.000,1,1,0.000,0.000,0.000,0,1.000,0,0,0.2490,-0.0045,0.0573
2796,18,0,0,0.000,-0.039,-1.000,-1.000,1,1,0.000,0.000,0.000,0,1.000,0,0,0.2490,-0.0045,0.0573
2797,18,0,0,0.000,-0.039,-1.000,-1.000,1,1,0.000,0.000,0.000,0,1.000,0,0,0.2490,-0.0045,0.0573
2798,18,0,0,0.000,-0.039,-1.000,-1.000,1,1,0.000,0.000,0.000,0,1.000,0,0,0.2490,-0.0045,0.0573
2799,18,0,0,0.000,-0.039,-1.000,-1.000,1,1,0.000,0.000,0.000,0,1.000,0,0,0.2490,-0.0045,0.0573
2800,18,0,0,0.000,-0.039,-1.000,-1.000,1,1,0.000,0.000,0.000,0,1.000,0,0,0.2490,-0.0045,0.0573
2801,18,0,0,0.000,-0.039,-1.000,-1.000,1,1,0.000,0.000,0.000,0,1.000,0,0,0.2490,-0.0045,0.0573
2802,18,0,0,0.000,-0.039,-1.000,-1.000,1,1,0.000,0.000,0.000,0,1.000,0,0,0.2490,-0.0045,0.0573
2803,18,0,0,0.000,-0.039,-1.000,-1.000,1,1,0.000,0.000,0.000,0,1.000,0,0,0.2490,-0.0045,0.0573
2804,18,0,0,0.000,-0.032,-1.000,-1.000,1,1,0.000,0.000,0.000,0,1.000,0,0,0.2490,-0.0045,0.0573
2805,18,0,0,0.000,-0.039,-1.000,-1.000,1,1,0.000,0.000,0.000,0,1.000,0,0,0.2490,-0.0045,0.0573
2806,18,0,0,0.000,-0.039,-1.000,-1.000,1,1,0.000,0.000,0.000,0,1.000,0,0,0.2490,-0.0045,0.0573
2807,18,0,0,0.000,-0.039,-1.000,-1.000,1,1,0.000,0.000,0.000,0,1.000,0,0,0.2490,-0.0045,0.0573
2808,19,0,0,0.000,-0.039,-1.000,-1.000,1,1,0.000,0.000,0.000,0,0.333,0,0,0.2493,-0.0049,0.0617
2809,19,0,0,0.000,-0.039,-1.000,-1.000,1,1,0.000,0.000,0.000,0,0.667,0,0,0.2489,-0.0043,0.0576
2810,19,0,0,0.000,-0.039,-1.000,-1.000,1,1,0.000,0.000,0.000,0,1.000,0,0,0.2490,-0.0046,0.0568
2811,19,0,0,0.000,-0.039,-1.000,-1.000,1,1,0.000,0.000,0.000,0,1.000,0,0,0.2490,-0.0045,0.0571
2812,19,0,0,0.000,-0.039,-1.000,-1.000,1,1,0.000,0.000,0.000,0,1.000,0,0,0.2490,-0.0045,0.0573
2813,19,0,0,0.000,-0.039,-1.000,-1.000,1,1,0.000,0.000,0.000,0,1.000,0,0,0.2490,-0.0045,0.0573
2814,19,0,0,0.000,-0.039,-1.000,-1.000,1,1,0.000,0.000,0.000,0,1.000,0,0,0.2490,-0.0045,0.0573
2815,19,0,0,0.000,-0.039,-1.000,-1.000,1,1,0.000,0.000,0.000,0,1.000,0,0,0.2490,-0.0045,0.0573
2816,19,0,0,0.000,-0.039,-1.000,-1.000,1,1,0.000,0.000,0.000,0,1.000,0,0,0.2490,-0.0045,0.0573
2817,19,0,0,0.000,-0.039,-1.000,-1.000,1,1,0.000,0.000,0.000,0,1.000,0,0,0.2491,-0.0045,0.0573
2818,19,0,0,0.000,-0.032,-1.000,-1.000,1,1,0.000,0.000,0.000,0,1.000,0,0,0.2490,-0.0045,0.0573
2819,19,0,0,0.000,-0.039,-1.000,-1.000,1,1,0.000,0.000,0.000,0,1.000,0,0,0.2490,-0.0045,0.0573
2820,19,0,0,0.000,-0.039,-1.000,-1.000,1,1,0.000,0.000,0.000,0,1.000,0,0,0.2490,-0.0045,0.0573
2821,19,0,0,0.000,-0.032,-1.000,-1.000,1,1,0.000,0.000,0.000,0,1.000,0,0,0.2489,-0.0045,0.0573
2822,19,0,0,0.000,-0.039,-1.000,-1.000,1,1,0.000,0.000,0.000,0,1.000,0,0,0.2490,-0.0045,0.0573
2823,19,0,0,0.000,-0.039,-1.000,-1.000,1,1,0.000,0.000,0.000,0,1.000,0,0,0.2490,-0.0045,0.0573
2824,19,0,0,0.000,-0.039,-1.000,-1.000,1,1,0.000,0.000,0.000,0,1.000,0,0,0.2490,-0.0045,0.0573
2825,19,0,0,0.000,-0.039,-1.000,-1.000,1,1,0.000,0.000,0.000,0,1.000,0,0,0.2490,-0.0045,0.0573
2826,19,0,0,0.000,-0.039,-1.000,-1.000,1,1,0.000,0.000,0.000,0,1.000,0,0,0.2490,-0.0045,0.0573
2827,19,0,0,0.000,-0.039,-1.000,-1.000,1,1,0.000,0.000,0.000,0,1.000,0,0,0.2490,-0.0045,0.0573
2828,19,0,0,0.000,-0.039,-1.000,-1.000,1,1,0.000,0.000,0.000,0,1.000,0,0,0.2491,-0.0045,0.0573
2829,19,0,0,0.000,-0.039,-1.000,-1.000,1,1,0.000,0.000,0.000,0,1.000,0,0,0.2490,-0.0045,0.0573
2830,19,0,0,0.000,-0.032,-1.000,-1.000,1,1,0.000,0.000,0.000,0,1.000,0,0,0.2490,-0.0045,0.0573
2831,19,0,0,0.000,-0.039,-1.000,-1.000,1,1,0.000,0.000,0.000,0,1.000,0,0,0.2490,-0.0045,0.0573
2832,19,0,0,0.000,-0.039,-1.000,-1.000,1,1,0.000,0.000,0.000,0,1.000,0,0,0.2490,-0.0045,0.0573
2833,19,0,0,0.000,-0.039,-1.000,-1.000,1,1,0.000,0.000,0.000,0,1.000,0,0,0.2490,-0.0045,0.0573
2834,19,0,0,0.000,-0.039,-1.000,-1.000,1,1,0.000,0.000,0.000,0,1.000,0,0,0.2490,-0.0045,0.0573
2835,19,0,0,0.000,-0.032,-1.000,-1.000,1,1,0.000,0.000,0.000,0,1.000,0,0,0.2490,-0.0045,0.0573
2836,19,0,0,0.000,-0.039,-1.000,-1.000,1,1,0.000,0.000,0.000,0,1.000,0,0,0.2490,-0.0045,0.0573
2837,19,0,0,0.000,-0.039,-1.000,-1.000,1,1,0.000,0.000,0.000,0,1.000,0,0,0.2490,-0.0045,0.0573
2838,19,0,0,0.000,-0.039,-1.000,-1.000,1,1,0.000,0.000,0.000,0,1.000,0,0,0.2490,-0.0045,0.0573
2839,19,0,0,0.000,-0.032,-1.000,-1.000,1,1,0.000,0.000,0.000,0,1.000,0,0,0.2490,-0.0045,0.0573
2840,19,0,0,0.000,-0.039,-1.000,-1.000,1,1,0.000,0.000,0.000,0,1.000,0,0,0.2490,-0.0045,0.0573
2841,19,0,0,0.000,-0.039,-1.000,-1.000,1,1,0.000,0.000,0.000,0,1.000,0,0,0.2490,-0.0045,0.0573
2842,19,0,0,0.000,-0.039,-1.000,-1.000,1,1,0.000,0.000,0.000,0,1.000,0,0,0.2490,-0.0045,0.0573
2843,19,0,0,0.000,-0.039,-1.000,-1.000,1,1,0.000,0.000,0.000,0,1.000,0,0,0.2490,-0.0045,0.0573
2844,19,0,0,0.000,-0.039,-1.000,-1.000,1,1,0.000,0.000,0.000,0,1.000,0,0,0.2490,-0.0045,0.0573
2845,19,0,0,0.000,-0.039,-1.000,-1.000,1,1,0.000,0.000,0.000,0,1.000,0,0,0.2490,-0.0045,0.0573
2846,19,0,0,0.000,-0.039,-1.000,-1.000,1,1,0.000,0.000,0.000,0,1.000,0,0,0.2490,-0.0045,0.0573
2847,19,0,0,0.000,-0.039,-1.000,-1.000,1,1,0.000,0.000,0.000,0,1.000,0,0,0.2490,-0.0045,0.0573
2848,19,0,0,0.000,-0.039,-1.000,-1.000,1,1,0.000,0.000,0.000,0,1.000,0,0,0.2490,-0.0045,0.0573
2849,19,0,0,0.000,-0.039,-1.000,-1.000,1,1,0.000,0.000,0.000,0,1.000,0,0,0.2490,-0.0045,0.0573
2850,19,0,0,0.000,-0.039,-1.000,-1.000,1,1,0.000,0.000,0.000,0,1.000,0,0,0.2490,-0.0045,0.0573
2851,19,0,0,0.000,-0.039,-1.000,-1.000,1,1,0.000,0.000,0.000,0,1.000,0,0,0.2490,-0.0045,0.0573
2852,19,0,0,0.000,-0.039,-1.000,-1.000,1,1,0.000,0.000,0.000,0,1.000,0,0,0.2490,-0.0045,0.0573
2853,19,0,0,0.000,-0.039,-1.000,-1.000,1,1,0.000,0.000,0.000,0,1.000,0,0,0.2490,-0.0045,0.0573
2854,19,0,0,0.000,-0.039,-1.000,-1.000,1,1,0.000,0.000,0.000,0,1.000,0,0,0.2490,-0.0045,0.0573
2855,19,0,0,0.000,-0.039,-1.000,-1.000,1,1,0.000,0.000,0.000,0,1.000,0,0,0.2490,-0.0045,0.0573
2856,19,0,0,0.000,-0.039,-1.000,-1.000,1,1,0.000,0.000,0.000,0,1.000,0,0,0.2490,-0.0045,0.0573
2857,19,0,0,0.000,-0.039,-1.000,-1.000,1,1,0.000,0.000,0.000,0,1.000,0,0,0.2490,-0.0045,0.0573
2858,19,0,0,0.000,-0.039,-1.000,-1.000,1,1,0.000,0.000,0.000,0,1.000,0,0,0.2490,-0.0045,0.0573
2859,19,0,0,0.000,-0.039,-1.000,-1.000,1,1,0.000,0.000,0.000,0,1.000,0,0,0.2490,-0.0045,0.0573
2860,19,0,0,0.000,-0.039,-1.000,-1.000,1,1,0.000,0.000,0.000,0,1.000,0,0,0.2490,-0.0045,0.0573
2861,19,0,0,0.000,-0.039,-1.000,-1.000,1,1,0.000,0.000,0.000,0,1.000,0,0,0.2490,-0.0045,0.0573
2862,19,0,0,0.000,-0.032,-1.000,-1.000,1,1,0.000,0.000,0.000,0,1.000,0,0,0.2490,-0.0045,0.0573
2863,19,0,0,0.000,-0.032,-1.000,-1.000,1,1,0.000,0.000,0.000,0,1.000,0,0,0.2490,-0.0045,0.0573
2864,19,0,0,0.000,-0.039,-1.000,-1.000,1,1,0.000,0.000,0.000,0,1.000,0,0,0.2490,-0.0045,0.0573
2865,19,0,0,0.000,-0.039,-1.000,-1.000,1,1,0.000,0.000,0.000,0,1.000,0,0,0.2490,-0.0045,0.0573
2866,19,0,0,0.000,-0.039,-1.000,-1.000,1,1,0.000,0.000,0.000,0,1.000,0,0,0.2490,-0.0045,0.0573
2867,19,0,0,0.000,-0.039,-1.000,-1.000,1,1,0.000,0.000,0.000,0,1.000,0,0,0.2490,-0.0045,0.0573
2868,19,0,0,0.000,-0.039,-1.000,-1.000,1,1,0.000,0.000,0.000,0,1.000,0,0,0.2490,-0.0045,0.0573
2869,19,0,0,0.000,-0.039,-1.000,-1.000,1,1,0.000,0.000,0.000,0,1.000,0,0,0.2490,-0.0045,0.0573
2870,19,0,0,0.000,-0.039,-1.000,-1.000,1,1,0.000,0.000,0.000,0,1.000,0,0,0.2490,-0.0045,0.0573
2871,19,0,0,0.000,-0.039,-1.000,-1.000,1,1,0.000,0.000,0.000,0,1.000,0,0,0.2490,-0.0045,0.0573
2872,19,0,0,0.000,-0.039,-1.000,-1.000,1,1,0.000,0.000,0.000,0,1.000,0,0,0.2490,-0.0045,0.0573
2873,19,0,0,0.000,-0.039,-1.000,-1.000,1,1,0.000,0.000,0.000,0,1.000,0,0,0.2490,-0.0045,0.0573
2874,19,0,0,0.000,-0.039,-1.000,-1.000,1,1,0.000,0.000,0.000,0,1.000,0,0,0.2490,-0.0045,0.0573
2875,19,0,0,0.000,-0.039,-1.000,-1.000,1,1,0.000,0.000,0.000,0,1.000,0,0,0.2490,-0.0045,0.0573
2876,19,0,0,0.000,-0.039,-1.000,-1.000,1,1,0.000,0.000,0.000,0,1.000,0,0,0.2490,-0.0045,0.0573
2877,19,0,0,0.000,-0.039,-1.000,-1.000,1,1,0.000,0.000,0.000,0,1.000,0,0,0.2490,-0.0045,0.0573
2878,19,0,0,0.000,-0.039,-1.000,-1.000,1,1,0.000,0.000,0.000,0,1.000,0,0,0.2490,-0.0045,0.0573
2879,19,0,0,0.000,-0.039,-1.000,-1.000,1,1,0.000,0.000,0.000,0,1.000,0,0,0.2490,-0.0045,0.0573
2880,19,0,0,0.000,-0.039,-1.000,-1.000,1,1,0.000,0.000,0.000,0,1.000,0,0,0.2490,-0.0045,0.0573
2881,19,0,0,0.000,-0.039,-1.000,-1.000,1,1,0.000,0.000,0.000,0,1.000,0,0,0.2490,-0.0045,0.0573
2882,19,0,0,0.000,-0.039,-1.000,-1.000,1,1,0.000,0.000,0.000,0,1.000,0,0,0.2490,-0.0045,0.0573
2883,19,0,0,0.000,-0.032,-1.000,-1.000,1,1,0.000,0.000,0.000,0,1.000,0,0,0.2490,-0.0045,0.0573
2884,19,0,0,0.000,-0.039,-1.000,-1.000,1,1,0.000,0.000,0.000,0,1.000,0,0,0.2490,-0.0045,0.0573
2885,19,0,0,0.000,-0.039,-1.000,-1.000,1,1,0.000,0.000,0.000,0,1.000,0,0,0.2490,-0.0045,0.0573
2886,19,0,0,0.000,-0.039,-1.000,-1.000,1,1,0.000,0.000,0.000,0,1.000,0,0,0.2490,-0.0045,0.0573
2887,19,0,0,0.000,-0.039,-1.000,-1.000,1,1,0.000,0.000,0.000,0,1.000,0,0,0.2490,-0.0045,0.0573
2888,19,0,0,0.000,-0.039,-1.000,-1.000,1,1,0.000,0.000,0.000,0,1.000,0,0,0.2490,-0.0045,0.0573
2889,19,0,0,0.000,-0.039,-1.000,-1.000,1,1,0.000,0.000,0.000,0,1.000,0,0,0.2490,-0.0045,0.0573
2890,19,0,0,0.000,-0.039,-1.000,-1.000,1,1,0.000,0.000,0.000,0,1.000,0,0,0.2490,-0.0045,0.0573
2891,19,0,0,0.000,-0.039,-1.000,-1.000,1,1,0.000,0.000,0.000,0,1.000,0,0,0.2490,-0.0045,0.0573
2892,19,0,0,0.000,-0.039,-1.000,-1.000,1,1,0.000,0.000,0.000,0,1.000,0,0,0.2490,-0.0045,0.0573
2893,19,0,0,0.000,-0.039,-1.000,-1.000,1,1,0.000,0.000,0.000,0,1.000,0,0,0.2490,-0.0045,0.0573
2894,19,0,0,0.000,-0.039,-1.000,-1.000,1,1,0.000,0.000,0.000,0,1.000,0,0,0.2490,-0.0045,0.0573
2895,19,0,0,0.000,-0.039,-1.000,-1.000,1,1,0.000,0.000,0.000,0,1.000,0,0,0.2490,-0.0045,0.0573
2896,19,0,0,0.000,-0.039,-1.000,-1.000,1,1,0.000,0.000,0.000,0,1.000,0,0,0.2490,-0.0045,0.0573
2897,19,0,0,0.000,-0.032,-1.000,-1.000,1,1,0.000,0.000,0.000,0,1.000,0,0,0.2490,-0.0045,0.0573
2898,19,0,0,0.000,-0.039,-1.000,-1.000,1,1,0.000,0.000,0.000,0,1.000,0,0,0.2490,-0.0045,0.0573
2899,19,0,0,0.000,-0.039,-1.000,-1.000,1,1,0.000,0.000,0.000,0,1.000,0,0,0.2490,-0.0045,0.0573
2900,19,0,0,0.000,-0.039,-1.000,-1.000,1,1,0.000,0.000,0.000,0,1.000,0,0,0.2490,-0.0045,0.0573
2901,19,0,0,0.000,-0.039,-1.000,-1.000,1,1,0.000,0.000,0.000,0,1.000,0,0,0.2490,-0.0045,0.0573
2902,19,0,0,0.000,-0.039,-1.000,-1.000,1,1,0.000,0.000,0.000,0,1.000,0,0,0.2490,-0.0045,0.0573
2903,19,0,0,0.000,-0.039,-1.000,-1.000,1,1,0.000,0.000,0.000,0,1.000,0,0,0.2490,-0.0045,0.0573
2904,19,0,0,0.000,-0.039,-1.000,-1.000,1,1,0.000,0.000,0.000,0,1.000,0,0,0.2490,-0.0045,0.0573
2905,19,0,0,0.000,-0.039,-1.000,-1.000,1,1,0.000,0.000,0.000,0,1.000,0,0,0.2490,-0.0045,0.0573
2906,19,0,0,0.000,-0.039,-1.000,-1.000,1,1,0.000,0.000,0.000,0,1.000,0,0,0.2490,-0.0045,0.0573
2907,19,0,0,0.000,-0.039,-1.000,-1.000,1,1,0.000,0.000,0.000,0,1.000,0,0,0.2490,-0.0045,0.0573
2908,19,0,0,0.000,-0.039,-1.000,-1.000,1,1,0.000,0.000,0.000,0,1.000,0,0,0.2490,-0.0045,0.0573
2909,19,0,0,0.000,-0.039,-1.000,-1.000,1,1,0.000,0.000,0.000,0,1.000,0,0,0.2490,-0.0045,0.0573
2910,19,0,0,0.000,-0.039,-1.000,-1.000,1,1,0.000,0.000,0.000,0,1.000,0,0,0.2490,-0.0045,0.0573
2911,19,0,0,0.000,-0.032,-1.000,-1.000,1,1,0.000,0.000,0.000,0,1.000,0,0,0.2490,-0.0045,0.0573
2912,19,0,0,0.000,-0.039,-1.000,-1.000,1,1,0.000,0.000,0.000,0,1.000,0,0,0.2490,-0.0045,0.0573
2913,19,0,0,0.000,-0.039,-1.000,-1.000,1,1,0.000,0.000,0.000,0,1.000,0,0,0.2490,-0.0045,0.0573
2914,19,0,0,0.000,-0.039,-1.000,-1.000,1,1,0.000,0.000,0.000,0,1.000,0,0,0.2490,-0.0045,0.0573
2915,19,0,0,0.000,-0.039,-1.000,-1.000,1,1,0.000,0.000,0.000,0,1.000,0,0,0.2490,-0.0045,0.0573
2916,19,0,0,0.000,-0.039,-1.000,-1.000,1,1,0.000,0.000,0.000,0,1.000,0,0,0.2490,-0.0045,0.0573
2917,19,0,0,0.000,-0.039,-1.000,-1.000,1,1,0.000,0.000,0.000,0,1.000,0,0,0.2490,-0.0045,0.0573
2918,19,0,0,0.000,-0.039,-1.000,-1.000,1,1,0.000,0.000,0.000,0,1.000,0,0,0.2490,-0.0045,0.0573
2919,19,0,0,0.000,-0.039,-1.000,-1.000,1,1,0.000,0.000,0.000,0,1.000,0,0,0.2490,-0.0045,0.0573
2920,19,0,0,0.000,-0.039,-1.000,-1.000,1,1,0.000,0.000,0.000,0,1.000,0,0,0.2490,-0.0045,0.0573
2921,19,0,0,0.000,-0.039,-1.000,-1.000,1,1,0.000,0.000,0.000,0,1.000,0,0,0.2490,-0.0045,0.0573
2922,19,0,0,0.000,-0.039,-1.000,-1.000,1,1,0.000,0.000,0.000,0,1.000,0,0,0.2490,-0.0045,0.0573
2923,19,0,0,0.000,-0.039,-1.000,-1.000,1,1,0.000,0.000,0.000,0,1.000,0,0,0.2490,-0.0045,0.0573
2924,19,0,0,0.000,-0.039,-1.000,-1.000,1,1,0.000,0.000,0.000,0,1.000,0,0,0.2490,-0.0045,0.0573
2925,19,0,0,0.000,-0.039,-1.000,-1.000,1,1,0.000,0.000,0.000,0,1.000,0,0,0.2490,-0.0045,0.0573
2926,19,0,0,0.000,-0.039,-1.000,-1.000,1,1,0.000,0.000,0.000,0,1.000,0,0,0.2490,-0.0045,0.0573
2927,19,0,0,0.000,-0.039,-1.000,-1.000,1,1,0.000,0.000,0.000,0,1.000,0,0,0.2490,-0.0045,0.0573
2928,19,0,0,0.000,-0.039,-1.000,-1.000,1,1,0.000,0.000,0.000,0,1.000,0,0,0.2490,-0.0045,0.0573
2929,19,0,0,0.000,-0.039,-1.000,-1.000,1,1,0.000,0.000,0.000,0,1.000,0,0,0.2490,-0.0045,0.0573
2930,19,0,0,0.000,-0.039,-1.000,-1.000,1,1,0.000,0.000,0.000,0,1.000,0,0,0.2490,-0.0045,0.0573
2931,19,0,0,0.000,-0.039,-1.000,-1.000,1,1,0.000,0.000,0.000,0,1.000,0,0,0.2490,-0.0045,0.0573
2932,19,0,0,0.000,-0.032,-1.000,-1.000,1,1,0.000,0.000,0.000,0,1.000,0,0,0.2490,-0.0045,0.0573
2933,19,0,0,0.000,-0.039,-1.000,-1.000,1,1,0.000,0.000,0.000,0,1.000,0,0,0.2490,-0.0045,0.0573
2934,19,0,0,0.000,-0.039,-1.000,-1.000,1,1,0.000,0.000,0.000,0,1.000,0,0,0.2490,-0.0045,0.0573
2935,19,0,0,0.000,-0.039,-1.000,-1.000,1,1,0.000,0.000,0.000,0,1.000,0,0,0.2490,-0.0045,0.0573
2936,19,0,0,0.000,-0.039,-1.000,-1.000,1,1,0.000,0.000,0.000,0,1.000,0,0,0.2490,-0.0045,0.0573
2937,19,0,0,0.000,-0.039,-1.000,-1.000,1,1,0.000,0.000,0.000,0,1.000,0,0,0.2490,-0.0045,0.0573
2938,19,0,0,0.000,-0.039,-1.000,-1.000,1,1,0.000,0.000,0.000,0,1.000,0,0,0.2490,-0.0045,0.0573
2939,19,0,0,0.000,-0.039,-1.000,-1.000,1,1,0.000,0.000,0.000,0,1.000,0,0,0.2490,-0.0045,0.0573
2940,19,0,0,0.000,-0.039,-1.000,-1.000,1,1,0.000,0.000,0.000,0,1.000,0,0,0.2490,-0.0045,0.0573
2941,19,0,0,0.000,-0.039,-1.000,-1.000,1,1,0.000,0.000,0.000,0,1.000,0,0,0.2490,-0.0045,0.0573
2942,19,0,0,0.000,-0.039,-1.000,-1.000,1,1,0.000,0.000,0.000,0,1.000,0,0,0.2490,-0.0045,0.0573
2943,19,0,0,0.000,-0.039,-1.000,-1.000,1,1,0.000,0.000,0.000,0,1.000,0,0,0.2490,-0.0045,0.0573
2944,19,0,0,0.000,-0.039,-1.000,-1.000,1,1,0.000,0.000,0.000,0,1.000,0,0,0.2490,-0.0045,0.0573
2945,19,0,0,0.000,-0.039,-1.000,-1.000,1,1,0.000,0.000,0.000,0,1.000,0,0,0.2490,-0.0045,0.0573
2946,19,0,0,0.000,-0.039,-1.000,-1.000,1,1,0.000,0.000,0.000,0,1.000,0,0,0.2490,-0.0045,0.0573
2947,19,0,0,0.000,-0.039,-1.000,-1.000,1,1,0.000,0.000,0.000,0,1.000,0,0,0.2490,-0.0045,0.0573
2948,19,0,0,0.000,-0.039,-1.000,-1.000,1,1,0.000,0.000,0.000,0,1.000,0,0,0.2490,-0.0045,0.0573
2949,19,0,0,0.000,-0.039,-1.000,-1.000,1,1,0.000,0.000,0.000,0,1.000,0,0,0.2490,-0.0045,0.0573
2950,19,0,0,0.000,-0.039,-1.000,-1.000,1,1,0.000,0.000,0.000,0,1.000,0,0,0.2490,-0.0045,0.0573
2951,19,0,0,0.000,-0.039,-1.000,-1.000,1,1,0.000,0.000,0.000,0,1.000,0,0,0.2490,-0.0045,0.0573
