step,ep,r1,l1,raw_ly,raw_lx,raw_r2,raw_l2,r2_ready,l2_ready,act0,act1,act2,contact,progress,paused,shielded,cmd_z,meas_x,meas_y,meas_z
0,0,0,0,0.000,0.000,0.000,0.000,0,0,0.000,0.000,0.000,1,0.000,1,1,0.0619,0.2578,-0.0043,0.0619
1,0,0,0,0.000,0.000,0.000,0.000,0,0,0.000,0.000,0.000,1,0.000,1,1,0.0619,0.2587,-0.0040,0.0619
2,0,0,0,0.000,0.000,0.000,0.000,0,0,0.000,0.000,0.000,1,0.000,1,1,0.0619,0.2595,-0.0037,0.0620
3,0,0,0,0.000,0.000,0.000,0.000,0,0,0.000,0.000,0.000,1,0.000,1,1,0.0619,0.2603,-0.0034,0.0620
4,0,0,0,0.000,0.000,0.000,0.000,0,0,0.000,0.000,0.000,1,0.000,1,1,0.0619,0.2611,-0.0030,0.0621
5,0,0,0,0.000,0.000,0.000,0.000,0,0,0.000,0.000,0.000,1,0.000,1,1,0.0619,0.2618,-0.0028,0.0622
6,0,0,0,0.000,0.000,0.000,0.000,0,0,0.000,0.000,0.000,1,0.000,1,1,0.0619,0.2625,-0.0027,0.0624
7,0,0,0,0.000,0.000,0.000,0.000,0,0,0.000,0.000,0.000,1,0.000,1,1,0.0619,0.2631,-0.0026,0.0626
8,0,0,0,0.000,0.000,0.000,0.000,0,0,0.000,0.000,0.000,1,0.000,1,1,0.0619,0.2637,-0.0025,0.0627
9,0,0,0,0.000,0.000,0.000,0.000,0,0,0.000,0.000,0.000,1,0.000,1,1,0.0619,0.2644,-0.0024,0.0629
10,0,0,0,0.000,0.000,0.000,0.000,0,0,0.000,0.000,0.000,1,0.000,1,1,0.0619,0.2650,-0.0024,0.0631
11,0,0,0,0.000,0.000,0.000,0.000,0,0,0.000,0.000,0.000,1,0.000,1,1,0.0619,0.2656,-0.0023,0.0633
12,0,0,0,0.000,0.000,0.000,0.000,0,0,0.000,0.000,0.000,1,0.000,1,1,0.0619,0.2661,-0.0023,0.0635
13,0,0,0,0.000,0.000,0.000,0.000,0,0,0.000,0.000,0.000,1,0.000,1,1,0.0619,0.2667,-0.0022,0.0637
14,0,0,0,0.000,0.000,0.000,0.000,0,0,0.000,0.000,0.000,1,0.000,1,1,0.0619,0.2673,-0.0021,0.0639
15,0,0,0,0.000,0.000,0.000,0.000,0,0,0.000,0.000,0.000,1,0.000,1,1,0.0619,0.2678,-0.0021,0.0640
16,0,0,0,0.000,0.000,0.000,0.000,0,0,0.000,0.000,0.000,1,0.000,1,1,0.0619,0.2684,-0.0020,0.0642
17,0,0,0,0.000,0.000,0.000,0.000,0,0,0.000,0.000,0.000,1,0.000,1,1,0.0619,0.2689,-0.0020,0.0643
18,0,0,0,0.000,0.000,0.000,0.000,0,0,0.000,0.000,0.000,1,0.000,1,1,0.0619,0.2695,-0.0019,0.0644
19,0,0,0,0.000,0.000,0.000,0.000,0,0,0.000,0.000,0.000,1,0.000,1,1,0.0619,0.2701,-0.0019,0.0646
20,0,0,0,0.000,0.000,0.000,0.000,0,0,0.000,0.000,0.000,1,0.000,1,1,0.0619,0.2707,-0.0018,0.0647
21,0,0,0,0.000,0.000,0.000,0.000,0,0,0.000,0.000,0.000,1,0.000,1,1,0.0619,0.2713,-0.0018,0.0648
22,0,0,0,0.000,0.000,0.000,0.000,0,0,0.000,0.000,0.000,1,0.000,1,1,0.0619,0.2718,-0.0018,0.0649
23,0,0,0,0.000,0.000,0.000,0.000,0,0,0.000,0.000,0.000,1,0.000,1,1,0.0619,0.2723,-0.0018,0.0650
24,0,0,0,0.000,0.000,0.000,0.000,0,0,0.000,0.000,0.000,1,0.000,1,1,0.0619,0.2729,-0.0017,0.0651
25,0,0,0,0.000,0.000,0.000,0.000,0,0,0.000,0.000,0.000,1,0.000,1,1,0.0619,0.2734,-0.0017,0.0652
26,0,0,0,0.000,0.000,0.000,0.000,0,0,0.000,0.000,0.000,1,0.000,1,1,0.0619,0.2740,-0.0016,0.0653
27,0,0,0,0.000,0.000,0.000,0.000,0,0,0.000,0.000,0.000,1,0.000,1,1,0.0619,0.2745,-0.0015,0.0654
28,0,0,0,0.000,0.000,0.000,0.000,0,0,0.000,0.000,0.000,1,0.000,1,1,0.0619,0.2751,-0.0015,0.0655
29,0,0,0,0.000,0.000,0.000,0.000,0,0,0.000,0.000,0.000,1,0.000,1,1,0.0619,0.2757,-0.0014,0.0656
30,0,0,0,0.000,0.000,0.000,0.000,0,0,0.000,0.000,0.000,1,0.000,1,1,0.0619,0.2762,-0.0014,0.0657
31,0,0,0,0.000,0.000,0.000,1.000,0,0,0.000,0.000,0.000,1,0.000,1,1,0.0619,0.2767,-0.0013,0.0658
32,0,0,0,0.000,0.000,0.000,1.000,0,0,0.000,0.000,0.000,1,0.000,1,1,0.0619,0.2772,-0.0013,0.0659
33,0,0,0,0.000,0.000,0.000,1.000,0,0,0.000,0.000,0.000,1,0.000,1,1,0.0619,0.2777,-0.0012,0.0660
34,0,0,0,0.000,0.000,0.000,1.000,0,0,0.000,0.000,0.000,1,0.000,1,1,0.0619,0.2783,-0.0011,0.0661
35,0,0,0,0.000,0.000,0.000,1.000,0,0,0.000,0.000,0.000,1,0.000,1,1,0.0619,0.2787,-0.0011,0.0662
36,0,0,0,0.000,0.000,0.000,1.000,0,0,0.000,0.000,0.000,1,0.000,1,1,0.0619,0.2793,-0.0010,0.0663
37,0,0,0,0.000,0.000,0.000,1.000,0,0,0.000,0.000,0.000,1,0.000,1,1,0.0619,0.2797,-0.0010,0.0664
38,0,0,0,0.000,0.000,0.000,-1.000,0,1,0.000,0.000,0.000,1,0.000,1,1,0.0619,0.2802,-0.0009,0.0665
39,0,0,0,0.000,0.000,0.000,-1.000,0,1,0.000,0.000,0.000,1,0.000,1,1,0.0619,0.2807,-0.0009,0.0666
40,0,0,0,0.000,0.000,0.000,-1.000,0,1,0.000,0.000,0.000,1,0.000,1,1,0.0619,0.2811,-0.0008,0.0667
41,0,0,0,0.000,0.000,0.000,-1.000,0,1,0.000,0.000,0.000,1,0.000,1,1,0.0619,0.2816,-0.0008,0.0668
42,0,0,0,0.000,0.000,0.000,-1.000,0,1,0.000,0.000,0.000,1,0.000,1,1,0.0619,0.2821,-0.0007,0.0669
43,0,0,0,0.000,0.000,0.000,-1.000,0,1,0.000,0.000,0.000,1,0.000,1,1,0.0619,0.2825,-0.0007,0.0669
44,0,0,0,0.000,0.000,1.000,-1.000,0,1,0.000,0.000,0.000,1,0.000,1,1,0.0619,0.2830,-0.0007,0.0670
45,0,0,0,0.000,0.000,1.000,-1.000,0,1,0.000,0.000,0.000,1,0.000,1,1,0.0619,0.2834,-0.0006,0.0671
46,0,0,0,0.000,0.000,1.000,-1.000,0,1,0.000,0.000,0.000,1,0.000,1,1,0.0619,0.2839,-0.0006,0.0672
47,0,0,0,0.000,0.000,1.000,-1.000,0,1,0.000,0.000,0.000,1,0.000,1,1,0.0619,0.2843,-0.0005,0.0673
48,0,0,0,0.000,0.000,1.000,-1.000,0,1,0.000,0.000,0.000,1,0.000,1,1,0.0619,0.2848,-0.0005,0.0673
49,0,0,0,0.000,0.000,1.000,-1.000,0,1,0.000,0.000,0.000,1,0.000,1,1,0.0619,0.2853,-0.0005,0.0674
50,0,0,0,0.000,0.000,1.000,-1.000,0,1,0.000,0.000,0.000,1,0.000,1,1,0.0619,0.2857,-0.0005,0.0675
51,0,0,0,0.000,0.000,-1.000,-1.000,1,1,0.000,0.000,0.000,1,0.000,1,1,0.0619,0.2861,-0.0004,0.0675
52,0,0,0,0.000,0.000,-1.000,-1.000,1,1,0.000,0.000,0.000,1,0.000,1,1,0.0619,0.2866,-0.0004,0.0676
53,0,0,0,0.000,0.000,-1.000,-1.000,1,1,0.000,0.000,0.000,1,0.000,1,1,0.0619,0.2870,-0.0003,0.0677
54,0,0,0,0.000,0.000,-1.000,-1.000,1,1,0.000,0.000,0.000,1,0.000,1,1,0.0619,0.2874,-0.0003,0.0678
55,0,0,0,0.000,0.000,-1.000,-1.000,1,1,0.000,0.000,0.000,1,0.000,1,1,0.0619,0.2878,-0.0003,0.0678
56,0,1,0,0.000,0.000,-1.000,-1.000,1,1,-0.000,0.000,0.000,0,0.333,0,0,0.0604,0.2804,-0.0014,0.0665
57,0,1,0,0.000,0.000,-1.000,-1.000,1,1,-0.000,0.000,0.000,0,0.667,0,0,0.0590,0.2725,-0.0023,0.0639
58,0,1,0,0.000,0.000,-1.000,-1.000,1,1,-0.000,0.000,0.000,0,1.000,0,0,0.0576,0.2641,-0.0032,0.0619
59,0,1,0,0.000,0.000,-1.000,-1.000,1,1,-0.000,0.000,0.000,0,1.000,0,0,0.0576,0.2577,-0.0035,0.0599
60,0,1,0,0.000,0.000,-1.000,-1.000,1,1,-0.000,0.000,0.000,0,1.000,0,0,0.0576,0.2523,-0.0038,0.0585
61,0,1,0,0.000,0.000,-1.000,-1.000,1,1,-0.000,0.000,0.000,0,1.000,0,0,0.0576,0.2505,-0.0036,0.0579
62,0,1,0,0.000,0.000,-1.000,-1.000,1,1,-0.000,0.000,0.000,0,1.000,0,0,0.0576,0.2503,-0.0037,0.0579
63,0,1,0,0.000,0.000,-1.000,-1.000,1,1,-0.000,0.000,0.000,0,1.000,0,0,0.0576,0.2503,-0.0037,0.0580
64,0,1,0,0.000,0.000,-1.000,-1.000,1,1,-0.000,0.000,0.000,0,1.000,0,0,0.0576,0.2503,-0.0037,0.0580
65,0,1,0,0.000,0.000,-1.000,-1.000,1,1,-0.000,0.000,0.000,0,1.000,0,0,0.0576,0.2503,-0.0037,0.0580
66,0,1,0,0.000,0.000,-1.000,-1.000,1,1,-0.000,0.000,0.000,0,1.000,0,0,0.0576,0.2503,-0.0037,0.0580
67,0,1,0,0.000,0.000,-1.000,-1.000,1,1,-0.000,0.000,0.000,0,1.000,0,0,0.0576,0.2503,-0.0037,0.0580
68,0,1,0,-0.024,0.000,-1.000,-1.000,1,1,-0.000,0.000,0.000,0,1.000,0,0,0.0576,0.2503,-0.0037,0.0580
69,0,1,0,-0.008,0.000,-1.000,-1.000,1,1,-0.000,0.000,0.000,0,1.000,0,0,0.0576,0.2503,-0.0037,0.0580
70,0,1,0,0.000,0.000,-1.000,-1.000,1,1,-0.000,0.000,0.000,0,1.000,0,0,0.0576,0.2503,-0.0037,0.0580
71,0,1,0,0.000,0.000,-1.000,-1.000,1,1,-0.000,0.000,0.000,0,1.000,0,0,0.0576,0.2503,-0.0037,0.0580
72,0,1,0,0.000,0.000,-1.000,-1.000,1,1,-0.000,0.000,0.000,0,1.000,0,0,0.0576,0.2503,-0.0037,0.0580
73,0,1,0,0.000,0.000,-1.000,-1.000,1,1,-0.000,0.000,0.000,0,1.000,0,0,0.0576,0.2503,-0.0037,0.0580
74,0,1,0,0.000,0.000,-1.000,-1.000,1,1,-0.000,0.000,0.000,0,1.000,0,0,0.0576,0.2503,-0.0037,0.0580
75,0,1,0,0.000,0.000,-1.000,-1.000,1,1,-0.000,0.000,0.000,0,1.000,0,0,0.0576,0.2503,-0.0037,0.0580
76,0,1,0,0.000,0.000,-1.000,-1.000,1,1,-0.000,0.000,0.000,0,1.000,0,0,0.0576,0.2503,-0.0037,0.0580
77,0,1,0,0.000,0.000,-1.000,-1.000,1,1,-0.000,0.000,0.000,0,1.000,0,0,0.0576,0.2503,-0.0037,0.0580
78,0,1,0,0.016,-0.039,-1.000,-1.000,1,1,-0.000,0.000,0.000,0,1.000,0,0,0.0576,0.2503,-0.0037,0.0580
79,0,1,0,0.039,-0.039,-1.000,-1.000,1,1,-0.000,0.000,0.000,0,1.000,0,0,0.0576,0.2503,-0.0037,0.0580
80,0,1,0,0.024,-0.047,-1.000,-1.000,1,1,-0.000,0.000,0.000,0,1.000,0,0,0.0576,0.2503,-0.0037,0.0580
81,0,1,0,0.016,-0.039,-1.000,-1.000,1,1,-0.000,0.000,0.000,0,1.000,0,0,0.0576,0.2503,-0.0037,0.0580
82,0,1,0,0.016,-0.039,-1.000,-1.000,1,1,-0.000,0.000,0.000,0,1.000,0,0,0.0576,0.2503,-0.0037,0.0580
83,0,1,0,0.016,-0.047,-1.000,-1.000,1,1,-0.000,0.000,0.000,0,1.000,0,0,0.0576,0.2503,-0.0037,0.0580
84,0,1,0,0.016,-0.039,-1.000,-1.000,1,1,-0.000,0.000,0.000,0,1.000,0,0,0.0576,0.2503,-0.0037,0.0580
85,0,0,0,0.016,-0.039,-1.000,-1.000,1,1,0.000,0.000,0.000,1,1.000,1,1,0.0576,0.2515,-0.0035,0.0580
86,0,0,0,0.016,-0.039,-1.000,-1.000,1,1,0.000,0.000,0.000,1,1.000,1,1,0.0576,0.2522,-0.0032,0.0580
87,0,0,0,0.016,-0.047,-1.000,-1.000,1,1,0.000,0.000,0.000,1,1.000,1,1,0.0576,0.2530,-0.0030,0.0581
88,0,0,0,0.016,-0.039,-1.000,-1.000,1,1,0.000,0.000,0.000,1,1.000,1,1,0.0576,0.2536,-0.0027,0.0581
89,0,0,0,0.016,-0.047,-1.000,-1.000,1,1,0.000,0.000,0.000,1,1.000,1,1,0.0576,0.2541,-0.0025,0.0581
90,0,0,0,0.016,-0.039,-1.000,-1.000,1,1,0.000,0.000,0.000,1,1.000,1,1,0.0576,0.2545,-0.0023,0.0582
91,0,0,0,0.016,-0.039,-1.000,-1.000,1,1,0.000,0.000,0.000,1,1.000,1,1,0.0576,0.2548,-0.0021,0.0584
92,0,0,0,0.016,-0.039,-1.000,-1.000,1,1,0.000,0.000,0.000,1,1.000,1,1,0.0576,0.2551,-0.0019,0.0586
93,0,0,0,0.016,-0.039,-1.000,-1.000,1,1,0.000,0.000,0.000,1,1.000,1,1,0.0576,0.2554,-0.0018,0.0588
94,0,0,0,0.016,-0.047,-1.000,-1.000,1,1,0.000,0.000,0.000,1,1.000,1,1,0.0576,0.2556,-0.0017,0.0590
95,0,0,0,0.016,-0.047,-1.000,-1.000,1,1,0.000,0.000,0.000,1,1.000,1,1,0.0576,0.2558,-0.0016,0.0591
96,0,0,0,0.016,-0.039,-1.000,-1.000,1,1,0.000,0.000,0.000,1,1.000,1,1,0.0576,0.2559,-0.0016,0.0592
97,0,0,0,0.016,-0.047,-1.000,-1.000,1,1,0.000,0.000,0.000,1,1.000,1,1,0.0576,0.2559,-0.0016,0.0592
98,0,0,0,0.016,-0.047,-1.000,-1.000,1,1,0.000,0.000,0.000,1,1.000,1,1,0.0576,0.2559,-0.0016,0.0592
99,0,0,0,0.016,-0.039,-1.000,-1.000,1,1,0.000,0.000,0.000,1,1.000,1,1,0.0576,0.2560,-0.0016,0.0592
100,0,0,0,0.016,-0.039,-1.000,-1.000,1,1,0.000,0.000,0.000,1,1.000,1,1,0.0576,0.2560,-0.0016,0.0593
101,0,1,0,0.016,-0.039,-1.000,-1.000,1,1,-0.000,0.000,0.000,0,1.000,0,0,0.0576,0.2513,-0.0035,0.0583
102,0,1,0,0.016,-0.039,-1.000,-1.000,1,1,-0.000,0.000,0.000,0,1.000,0,0,0.0576,0.2504,-0.0040,0.0583
103,0,1,0,0.016,-0.047,-1.000,-1.000,1,1,-0.000,0.000,0.000,0,1.000,0,0,0.0576,0.2502,-0.0036,0.0581
104,0,1,0,0.016,-0.039,-1.000,-1.000,1,1,-0.000,0.000,0.000,0,1.000,0,0,0.0576,0.2500,-0.0037,0.0580
105,0,1,0,0.016,-0.047,-1.000,-1.000,1,1,-0.000,0.000,0.000,0,1.000,0,0,0.0576,0.2501,-0.0037,0.0580
106,0,1,0,0.016,-0.047,-1.000,-1.000,1,1,-0.000,0.000,0.000,0,1.000,0,0,0.0576,0.2500,-0.0037,0.0580
107,0,1,0,0.016,-0.039,-1.000,-1.000,1,1,-0.000,0.000,0.000,0,1.000,0,0,0.0576,0.2500,-0.0037,0.0580
108,0,1,0,0.016,-0.039,-1.000,-1.000,1,1,-0.000,0.000,0.000,0,1.000,0,0,0.0576,0.2500,-0.0037,0.0580
109,0,1,0,0.016,-0.047,-1.000,-1.000,1,1,-0.000,0.000,0.000,0,1.000,0,0,0.0576,0.2500,-0.0037,0.0580
110,0,1,0,0.016,-0.039,-1.000,-1.000,1,1,-0.000,0.000,0.000,0,1.000,0,0,0.0576,0.2500,-0.0037,0.0580
111,0,1,0,0.016,-0.039,-1.000,-1.000,1,1,-0.000,0.000,0.000,0,1.000,0,0,0.0576,0.2500,-0.0037,0.0580
112,0,1,0,0.016,-0.047,-1.000,-1.000,1,1,-0.000,0.000,0.000,0,1.000,0,0,0.0576,0.2500,-0.0037,0.0580
113,0,1,0,0.016,-0.039,-1.000,-1.000,1,1,-0.000,0.000,0.000,0,1.000,0,0,0.0576,0.2500,-0.0037,0.0580
114,0,1,0,0.016,-0.047,-1.000,-1.000,1,1,-0.000,0.000,0.000,0,1.000,0,0,0.0576,0.2500,-0.0037,0.0580
115,0,1,0,0.016,-0.047,-1.000,-1.000,1,1,-0.000,0.000,0.000,0,1.000,0,0,0.0576,0.2500,-0.0037,0.0580
116,0,1,0,0.016,-0.047,-1.000,-1.000,1,1,-0.000,0.000,0.000,0,1.000,0,0,0.0576,0.2500,-0.0037,0.0580
117,0,1,0,0.016,-0.039,-1.000,-1.000,1,1,-0.000,0.000,0.000,0,1.000,0,0,0.0576,0.2500,-0.0037,0.0580
118,0,1,0,0.016,-0.047,-1.000,-1.000,1,1,-0.000,0.000,0.000,0,1.000,0,0,0.0576,0.2500,-0.0037,0.0580
119,0,1,0,0.016,-0.039,-1.000,-1.000,1,1,-0.000,0.000,0.000,0,1.000,0,0,0.0576,0.2500,-0.0037,0.0580
120,0,1,0,0.016,-0.047,-1.000,-1.000,1,1,-0.000,0.000,0.000,0,1.000,0,0,0.0576,0.2500,-0.0037,0.0580
121,0,1,0,0.016,-0.039,-1.000,-1.000,1,1,-0.000,0.000,0.000,0,1.000,0,0,0.0576,0.2500,-0.0037,0.0580
122,0,1,0,0.016,-0.039,-1.000,-1.000,1,1,-0.000,0.000,0.000,0,1.000,0,0,0.0576,0.2500,-0.0037,0.0580
123,0,1,1,0.016,-0.047,-1.000,-1.000,1,1,0.000,0.000,0.000,1,1.000,1,1,0.0576,0.2500,-0.0037,0.0580
124,1,1,0,0.016,-0.047,-1.000,-1.000,1,1,-0.000,0.000,0.000,0,0.333,0,0,0.0591,0.2482,-0.0062,0.0599
125,1,1,0,0.016,-0.047,-1.000,-1.000,1,1,-0.000,0.000,0.000,0,0.667,0,0,0.0584,0.2491,-0.0052,0.0594
126,1,1,0,0.016,-0.047,-1.000,-1.000,1,1,-0.000,0.000,0.000,0,1.000,0,0,0.0576,0.2494,-0.0044,0.0587
127,1,1,0,-0.032,-0.008,-1.000,-1.000,1,1,-0.000,0.000,0.000,0,1.000,0,0,0.0576,0.2498,-0.0039,0.0583
128,1,1,0,0.039,-0.039,-1.000,-1.000,1,1,-0.000,0.000,0.000,0,1.000,0,0,0.0576,0.2497,-0.0039,0.0582
129,1,1,0,0.016,-0.039,-1.000,-1.000,1,1,-0.000,0.000,0.000,0,1.000,0,0,0.0576,0.2498,-0.0039,0.0582
130,1,1,0,0.024,-0.039,-1.000,-1.000,1,1,-0.000,0.000,0.000,0,1.000,0,0,0.0576,0.2498,-0.0039,0.0583
131,1,1,0,0.024,-0.039,-1.000,-1.000,1,1,-0.000,0.000,0.000,0,1.000,0,0,0.0576,0.2497,-0.0039,0.0583
132,1,1,0,0.024,-0.039,-1.000,-1.000,1,1,-0.000,0.000,0.000,0,1.000,0,0,0.0576,0.2498,-0.0039,0.0583
133,1,1,0,0.024,-0.047,-1.000,-1.000,1,1,-0.000,0.000,0.000,0,1.000,0,0,0.0576,0.2498,-0.0039,0.0583
134,1,1,0,0.016,-0.039,-1.000,-1.000,1,1,-0.000,0.000,0.000,0,1.000,0,0,0.0576,0.2498,-0.0039,0.0583
135,1,1,0,0.016,-0.039,-1.000,-1.000,1,1,-0.000,0.000,0.000,0,1.000,0,0,0.0576,0.2498,-0.0039,0.0583
136,1,1,0,0.016,-0.039,-1.000,-1.000,1,1,-0.000,0.000,0.000,0,1.000,0,0,0.0576,0.2498,-0.0039,0.0583
137,1,1,0,0.016,-0.039,-1.000,-1.000,1,1,-0.000,0.000,0.000,0,1.000,0,0,0.0576,0.2498,-0.0039,0.0583
138,1,1,0,-0.016,-0.039,-1.000,-1.000,1,1,-0.000,0.000,0.000,0,1.000,0,0,0.0576,0.2498,-0.0039,0.0583
139,1,1,0,-0.008,-0.039,-1.000,-1.000,1,1,-0.000,0.000,0.000,0,1.000,0,0,0.0576,0.2498,-0.0039,0.0583
140,1,1,0,0.000,-0.039,-1.000,-1.000,1,1,-0.000,0.000,0.000,0,1.000,0,0,0.0576,0.2498,-0.0039,0.0583
141,1,1,0,0.000,-0.039,-1.000,-1.000,1,1,-0.000,0.000,0.000,0,1.000,0,0,0.0576,0.2498,-0.0039,0.0583
142,1,1,0,0.008,-0.047,-1.000,-1.000,1,1,-0.000,0.000,0.000,0,1.000,0,0,0.0576,0.2498,-0.0039,0.0583
143,1,1,0,0.008,-0.055,-1.000,-1.000,1,1,-0.000,0.000,0.000,0,1.000,0,0,0.0576,0.2498,-0.0039,0.0583
144,1,1,0,0.008,-0.055,-1.000,-1.000,1,1,-0.000,0.000,0.000,0,1.000,0,0,0.0576,0.2498,-0.0039,0.0583
145,1,1,0,0.008,-0.047,-1.000,-1.000,1,1,-0.000,0.000,0.000,0,1.000,0,0,0.0576,0.2498,-0.0039,0.0583
146,1,1,0,0.008,-0.055,-1.000,-1.000,1,1,-0.000,0.000,0.000,0,1.000,0,0,0.0576,0.2498,-0.0039,0.0583
147,1,1,0,0.000,-0.039,-1.000,-1.000,1,1,-0.000,0.000,0.000,0,1.000,0,0,0.0576,0.2498,-0.0039,0.0583
148,1,1,0,0.000,-0.039,-1.000,-1.000,1,1,-0.000,0.000,0.000,0,1.000,0,0,0.0576,0.2498,-0.0039,0.0583
149,1,1,0,0.000,-0.039,-1.000,-1.000,1,1,-0.000,0.000,0.000,0,1.000,0,0,0.0576,0.2498,-0.0039,0.0583
150,1,1,0,0.000,-0.039,-1.000,-1.000,1,1,-0.000,0.000,0.000,0,1.000,0,0,0.0576,0.2498,-0.0039,0.0583
151,1,1,0,0.000,-0.039,-1.000,-1.000,1,1,-0.000,0.000,0.000,0,1.000,0,0,0.0576,0.2498,-0.0039,0.0583
152,1,1,0,0.000,-0.039,-1.000,-1.000,1,1,-0.000,0.000,0.000,0,1.000,0,0,0.0576,0.2498,-0.0039,0.0583
153,1,1,0,0.000,-0.039,-1.000,-1.000,1,1,-0.000,0.000,0.000,0,1.000,0,0,0.0576,0.2498,-0.0039,0.0583
154,1,1,0,0.000,-0.039,-1.000,-1.000,1,1,-0.000,0.000,0.000,0,1.000,0,0,0.0576,0.2498,-0.0039,0.0583
155,1,1,0,0.000,-0.039,-1.000,-1.000,1,1,-0.000,0.000,0.000,0,1.000,0,0,0.0576,0.2498,-0.0039,0.0583
156,1,1,0,0.000,-0.039,-1.000,-1.000,1,1,-0.000,0.000,0.000,0,1.000,0,0,0.0576,0.2498,-0.0039,0.0583
157,1,1,0,0.000,-0.039,-1.000,-1.000,1,1,-0.000,0.000,0.000,0,1.000,0,0,0.0576,0.2498,-0.0039,0.0583
158,1,1,0,0.000,-0.039,-1.000,-1.000,1,1,-0.000,0.000,0.000,0,1.000,0,0,0.0576,0.2498,-0.0039,0.0583
159,1,1,0,0.000,-0.039,-1.000,-1.000,1,1,-0.000,0.000,0.000,0,1.000,0,0,0.0576,0.2498,-0.0039,0.0583
160,1,1,0,0.000,-0.039,-1.000,-1.000,1,1,-0.000,0.000,0.000,0,1.000,0,0,0.0576,0.2498,-0.0039,0.0583
161,1,1,0,0.000,-0.039,-1.000,-1.000,1,1,-0.000,0.000,0.000,0,1.000,0,0,0.0576,0.2498,-0.0039,0.0583
162,1,1,0,0.000,-0.039,-1.000,-1.000,1,1,-0.000,0.000,0.000,0,1.000,0,0,0.0576,0.2498,-0.0039,0.0583
163,1,1,0,0.000,-0.039,-1.000,-1.000,1,1,-0.000,0.000,0.000,0,1.000,0,0,0.0576,0.2498,-0.0039,0.0583
164,1,1,0,0.000,-0.039,-1.000,-1.000,1,1,-0.000,0.000,0.000,0,1.000,0,0,0.0576,0.2498,-0.0039,0.0583
165,1,1,0,0.000,-0.039,-1.000,-1.000,1,1,-0.000,0.000,0.000,0,1.000,0,0,0.0576,0.2498,-0.0039,0.0583
166,1,1,0,0.000,-0.016,-1.000,-1.000,1,1,-0.000,0.000,0.000,0,1.000,0,0,0.0576,0.2498,-0.0039,0.0583
167,1,1,0,0.000,-0.016,-1.000,-1.000,1,1,-0.000,0.000,0.000,0,1.000,0,0,0.0576,0.2498,-0.0039,0.0583
168,1,1,1,0.000,-0.032,-1.000,-1.000,1,1,0.000,0.000,0.000,1,1.000,1,1,0.0576,0.2498,-0.0039,0.0583
169,2,1,0,0.000,-0.032,-1.000,-1.000,1,1,-0.000,0.000,0.000,0,0.333,0,0,0.0568,0.2535,-0.0019,0.0566
170,2,1,0,0.000,-0.024,-1.000,-1.000,1,1,-0.000,0.000,0.000,0,0.667,0,0,0.0572,0.2522,-0.0027,0.0573
171,2,1,0,0.008,-0.016,-1.000,-1.000,1,1,-0.000,0.000,0.000,0,1.000,0,0,0.0576,0.2509,-0.0032,0.0575
172,2,1,0,0.008,-0.016,-1.000,-1.000,1,1,-0.000,0.000,0.000,0,1.000,0,0,0.0576,0.2502,-0.0036,0.0579
173,2,1,0,0.008,-0.016,-1.000,-1.000,1,1,-0.000,0.000,0.000,0,1.000,0,0,0.0576,0.2502,-0.0036,0.0579
174,2,1,0,0.000,0.016,-1.000,-1.000,1,1,-0.000,0.000,0.000,0,1.000,0,0,0.0576,0.2502,-0.0036,0.0579
175,2,1,0,-0.024,0.709,-1.000,-1.000,1,1,-0.000,0.612,0.000,0,1.000,0,0,0.0576,0.2500,-0.0033,0.0579
176,2,1,0,0.063,0.976,-1.000,-1.000,1,1,-0.000,0.968,0.000,0,1.000,0,0,0.0576,0.2497,-0.0020,0.0580
177,2,1,0,0.079,1.000,-1.000,-1.000,1,1,-0.000,1.000,0.000,0,1.000,0,0,0.0576,0.2494,-0.0007,0.0584
178,2,1,0,-0.032,0.858,-1.000,-1.000,1,1,-0.000,0.811,0.000,0,1.000,0,0,0.0576,0.2493,0.0001,0.0586
179,2,1,0,0.024,-0.063,-1.000,-1.000,1,1,-0.000,0.000,0.000,0,1.000,0,0,0.0576,0.2491,0.0006,0.0589
180,2,1,0,0.024,-0.063,-1.000,-1.000,1,1,-0.000,0.000,0.000,0,1.000,0,0,0.0576,0.2489,0.0008,0.0591
181,2,1,0,0.063,-0.095,-1.000,-1.000,1,1,-0.000,0.000,0.000,0,1.000,0,0,0.0576,0.2487,0.0011,0.0592
182,2,1,0,0.433,-0.402,-1.000,-1.000,1,1,-0.244,-0.202,0.000,0,1.000,0,0,0.0576,0.2485,0.0011,0.0592
183,2,1,0,0.031,-0.024,-1.000,-1.000,1,1,-0.000,0.000,0.000,0,1.000,0,0,0.0576,0.2485,0.0011,0.0592
184,2,1,0,0.031,-0.055,-1.000,-1.000,1,1,-0.000,0.000,0.000,0,1.000,0,0,0.0576,0.2485,0.0011,0.0591
185,2,1,0,0.031,-0.071,-1.000,1.000,1,1,-0.000,0.000,-1.000,0,1.000,0,0,0.0576,0.2484,0.0010,0.0589
186,2,1,0,0.457,-0.252,-1.000,1.000,1,1,-0.276,-0.003,-1.000,0,1.000,0,0,0.0576,0.2481,0.0010,0.0580
187,2,1,0,0.921,-0.252,-1.000,1.000,1,1,-0.895,-0.003,-1.000,0,1.000,0,0,0.0576,0.2481,0.0012,0.0577
188,2,1,0,1.000,-0.118,-1.000,1.000,1,1,-1.000,0.000,-1.000,0,1.000,0,0,0.0576,0.2480,0.0012,0.0575
189,2,1,0,1.000,0.102,-1.000,1.000,1,1,-1.000,0.000,-1.000,0,1.000,0,0,0.0576,0.2481,0.0012,0.0574
190,2,1,0,1.000,0.102,-1.000,1.000,1,1,-1.000,0.000,-1.000,0,1.000,0,0,0.0576,0.2481,0.0012,0.0574
191,2,1,0,0.803,0.094,-1.000,1.000,1,1,-0.738,0.000,-1.000,0,1.000,0,0,0.0576,0.2482,0.0012,0.0574
192,2,1,0,0.094,-0.039,-1.000,1.000,1,1,-0.000,0.000,-1.000,0,1.000,0,0,0.0576,0.2482,0.0011,0.0574
193,2,1,0,0.031,-0.039,-1.000,1.000,1,1,-0.000,0.000,-1.000,0,1.000,0,0,0.0576,0.2483,0.0011,0.0572
194,2,1,0,0.031,-0.039,-1.000,1.000,1,1,-0.000,0.000,-1.000,0,1.000,0,0,0.0576,0.2483,0.0010,0.0572
195,2,1,0,0.598,-0.102,-1.000,1.000,1,1,-0.465,0.000,-1.000,0,1.000,0,0,0.0576,0.2483,0.0010,0.0571
196,2,1,0,1.000,-0.189,-1.000,1.000,1,1,-1.000,0.000,-1.000,0,1.000,0,0,0.0576,0.2484,0.0009,0.0571
197,2,1,0,1.000,-0.189,-1.000,1.000,1,1,-1.000,0.000,-1.000,0,1.000,0,0,0.0576,0.2484,0.0009,0.0571
198,2,1,0,1.000,-0.189,-1.000,1.000,1,1,-1.000,0.000,-1.000,0,1.000,0,0,0.0576,0.2484,0.0009,0.0571
199,2,1,0,0.787,-0.039,-1.000,1.000,1,1,-0.717,0.000,-1.000,0,1.000,0,0,0.0576,0.2484,0.0009,0.0572
200,2,1,0,0.102,-0.032,-1.000,1.000,1,1,-0.000,0.000,-1.000,0,1.000,0,0,0.0576,0.2484,0.0009,0.0572
201,2,1,0,-0.339,0.055,-1.000,1.000,1,1,0.118,0.000,-1.000,0,1.000,0,0,0.0576,0.2484,0.0009,0.0571
202,2,1,0,-1.000,0.126,-1.000,1.000,1,1,1.000,0.000,-1.000,0,0.833,0,0,0.0574,0.2486,0.0009,0.0570
203,2,1,0,-1.000,0.126,-1.000,1.000,1,1,1.000,0.000,-1.000,0,0.667,0,0,0.0572,0.2487,0.0009,0.0568
204,2,1,0,-1.000,0.126,-1.000,1.000,1,1,1.000,0.000,-1.000,0,0.500,0,0,0.0570,0.2488,0.0009,0.0568
205,2,1,0,-0.583,0.118,-1.000,1.000,1,1,0.444,0.000,-1.000,0,0.527,0,0,0.0570,0.2489,0.0009,0.0567
206,2,1,0,-0.528,0.118,-1.000,1.000,1,1,0.370,0.000,-1.000,0,0.587,0,0,0.0571,0.2489,0.0008,0.0566
207,2,1,0,-1.000,0.118,-1.000,1.000,1,1,1.000,0.000,-1.000,0,0.420,0,0,0.0569,0.2490,0.0008,0.0566
208,2,1,0,-1.000,0.118,-1.000,-0.717,1,1,1.000,0.000,-0.067,0,0.299,0,0,0.0567,0.2490,0.0007,0.0566
209,2,1,0,-1.000,0.126,-1.000,-1.000,1,1,1.000,0.000,0.000,0,0.186,0,0,0.0566,0.2492,0.0007,0.0564
210,2,1,0,-1.000,0.126,-1.000,-1.000,1,1,1.000,0.000,0.000,0,0.072,0,0,0.0564,0.2498,0.0006,0.0552
211,2,1,0,-0.654,0.118,-1.000,-1.000,1,1,0.538,0.000,0.000,0,0.165,0,0,0.0566,0.2500,0.0003,0.0550
212,2,1,0,-0.165,0.063,-1.000,-1.000,1,1,-0.000,0.000,0.000,0,0.498,0,0,0.0570,0.2500,0.0002,0.0549
213,2,1,0,-0.063,0.063,-1.000,-1.000,1,1,-0.000,0.000,0.000,0,0.831,0,0,0.0574,0.2499,0.0001,0.0550
214,2,1,0,-0.016,-0.016,-1.000,-1.000,1,1,-0.000,0.000,0.000,0,1.000,0,0,0.0576,0.2499,0.0000,0.0550
215,2,1,0,0.000,-0.039,-1.000,0.441,1,1,-0.000,0.000,-0.696,0,1.000,0,0,0.0576,0.2498,-0.0000,0.0550
216,2,1,0,0.000,-0.039,-1.000,1.000,1,1,-0.000,0.000,-1.000,0,1.000,0,0,0.0576,0.2498,-0.0000,0.0550
217,2,1,0,0.000,-0.039,-1.000,1.000,1,1,-0.000,0.000,-1.000,0,1.000,0,0,0.0576,0.2498,-0.0001,0.0550
218,2,1,0,0.000,-0.039,-1.000,1.000,1,1,-0.000,0.000,-1.000,0,1.000,0,0,0.0576,0.2498,-0.0001,0.0550
219,2,1,0,0.024,0.016,-1.000,1.000,1,1,-0.000,0.000,-1.000,0,1.000,0,0,0.0576,0.2498,-0.0001,0.0550
220,2,1,0,0.252,1.000,-1.000,1.000,1,1,-0.003,1.000,-1.000,0,1.000,0,0,0.0576,0.2498,-0.0001,0.0551
221,2,1,0,0.378,0.992,-1.000,1.000,1,1,-0.171,0.989,-1.000,0,1.000,0,0,0.0576,0.2498,0.0000,0.0552
222,2,1,0,0.724,0.780,-1.000,1.000,1,1,-0.633,0.706,-1.000,0,1.000,0,0,0.0576,0.2498,0.0001,0.0552
223,2,1,0,1.000,0.346,-1.000,1.000,1,1,-1.000,0.129,-1.000,0,1.000,0,0,0.0576,0.2497,0.0002,0.0553
224,2,1,0,1.000,-0.039,-1.000,1.000,1,1,-1.000,0.000,-1.000,0,1.000,0,0,0.0576,0.2497,0.0002,0.0553
225,2,1,0,0.362,-1.000,-1.000,1.000,1,1,-0.150,-1.000,-1.000,0,1.000,0,0,0.0576,0.2497,0.0001,0.0553
226,2,1,0,0.071,-1.000,-1.000,1.000,1,1,-0.000,-1.000,-1.000,0,1.000,0,0,0.0576,0.2496,0.0001,0.0552
227,2,1,0,0.016,-1.000,-1.000,1.000,1,1,-0.000,-1.000,-1.000,0,1.000,0,0,0.0576,0.2496,-0.0000,0.0551
228,2,1,0,0.016,-1.000,-1.000,1.000,1,1,-0.000,-1.000,-1.000,0,1.000,0,0,0.0576,0.2496,-0.0001,0.0551
229,2,1,0,0.008,-0.661,-1.000,-1.000,1,1,-0.000,-0.549,0.000,0,1.000,0,0,0.0576,0.2495,-0.0004,0.0551
230,2,1,0,0.031,-0.039,-1.000,-1.000,1,1,-0.000,0.000,0.000,0,1.000,0,0,0.0576,0.2495,-0.0006,0.0546
231,2,1,0,0.000,-0.039,-1.000,-1.000,1,1,-0.000,0.000,0.000,0,1.000,0,0,0.0576,0.2495,-0.0008,0.0545
232,2,1,0,0.000,-0.039,-1.000,-1.000,1,1,-0.000,0.000,0.000,0,1.000,0,0,0.0576,0.2494,-0.0008,0.0545
233,2,1,0,0.000,-0.039,-1.000,-1.000,1,1,-0.000,0.000,0.000,0,1.000,0,0,0.0576,0.2494,-0.0008,0.0545
234,2,1,0,0.000,-0.039,-1.000,-1.000,1,1,-0.000,0.000,0.000,0,1.000,0,0,0.0576,0.2494,-0.0008,0.0546
235,2,1,0,0.000,-0.039,-1.000,-1.000,1,1,-0.000,0.000,0.000,0,1.000,0,0,0.0576,0.2494,-0.0008,0.0546
236,2,1,0,0.000,-0.039,-1.000,-1.000,1,1,-0.000,0.000,0.000,0,1.000,0,0,0.0576,0.2494,-0.0008,0.0546
237,2,1,0,0.000,-0.039,-1.000,-1.000,1,1,-0.000,0.000,0.000,0,1.000,0,0,0.0576,0.2494,-0.0008,0.0546
238,2,1,0,0.008,-0.063,-1.000,-1.000,1,1,-0.000,0.000,0.000,0,1.000,0,0,0.0576,0.2494,-0.0008,0.0546
239,2,1,1,-0.016,-0.039,-1.000,-1.000,1,1,0.000,0.000,0.000,1,1.000,1,1,0.0576,0.2494,-0.0008,0.0546
240,3,1,0,-0.008,-0.024,-1.000,-1.000,1,1,-0.000,0.000,0.000,0,0.333,0,0,0.0632,0.2533,0.0003,0.0651
241,3,1,0,-0.008,-0.024,-1.000,-1.000,1,1,-0.000,0.000,0.000,0,0.667,0,0,0.0604,0.2520,-0.0007,0.0625
242,3,1,0,-0.008,-0.024,-1.000,-1.000,1,1,-0.000,0.000,0.000,0,1.000,0,0,0.0576,0.2509,-0.0020,0.0602
243,3,1,0,-0.008,-0.024,-1.000,-1.000,1,1,-0.000,0.000,0.000,0,1.000,0,0,0.0576,0.2499,-0.0031,0.0581
244,3,1,0,-0.008,-0.024,-1.000,-1.000,1,1,-0.000,0.000,0.000,0,1.000,0,0,0.0576,0.2498,-0.0033,0.0579
245,3,1,0,-0.008,-0.024,-1.000,-1.000,1,1,-0.000,0.000,0.000,0,1.000,0,0,0.0576,0.2498,-0.0035,0.0580
246,3,1,0,-0.008,-0.024,-1.000,-1.000,1,1,-0.000,0.000,0.000,0,1.000,0,0,0.0576,0.2498,-0.0035,0.0580
247,3,1,0,-0.008,-0.024,-1.000,-1.000,1,1,-0.000,0.000,0.000,0,1.000,0,0,0.0576,0.2498,-0.0035,0.0580
248,3,1,0,-0.008,-0.024,-1.000,-1.000,1,1,-0.000,0.000,0.000,0,1.000,0,0,0.0576,0.2498,-0.0035,0.0580
249,3,1,0,-0.008,-0.024,-1.000,-1.000,1,1,-0.000,0.000,0.000,0,1.000,0,0,0.0576,0.2498,-0.0035,0.0580
250,3,1,0,-0.008,-0.024,-1.000,-1.000,1,1,-0.000,0.000,0.000,0,1.000,0,0,0.0576,0.2498,-0.0035,0.0580
251,3,1,1,-0.008,-0.024,-1.000,-1.000,1,1,0.000,0.000,0.000,1,1.000,1,1,0.0576,0.2498,-0.0035,0.0580
252,4,1,0,-0.008,-0.032,-1.000,-1.000,1,1,-0.000,0.000,0.000,0,0.333,0,0,0.0596,0.2543,-0.0053,0.0605
253,4,1,0,-0.008,-0.032,-1.000,-1.000,1,1,-0.000,0.000,0.000,0,0.667,0,0,0.0586,0.2523,-0.0046,0.0590
254,4,1,0,0.000,-0.032,-1.000,-1.000,1,1,-0.000,0.000,0.000,0,1.000,0,0,0.0576,0.2507,-0.0040,0.0584
255,4,1,0,0.000,-0.032,-1.000,-1.000,1,1,-0.000,0.000,0.000,0,1.000,0,0,0.0576,0.2500,-0.0037,0.0580
256,4,1,0,0.000,-0.032,-1.000,-1.000,1,1,-0.000,0.000,0.000,0,1.000,0,0,0.0576,0.2500,-0.0037,0.0581
257,4,1,0,0.000,-0.032,-1.000,-1.000,1,1,-0.000,0.000,0.000,0,1.000,0,0,0.0576,0.2500,-0.0037,0.0581
258,4,1,0,0.000,-0.032,-1.000,-1.000,1,1,-0.000,0.000,0.000,0,1.000,0,0,0.0576,0.2500,-0.0037,0.0581
259,4,1,0,0.000,-0.032,-1.000,-1.000,1,1,-0.000,0.000,0.000,0,1.000,0,0,0.0576,0.2500,-0.0037,0.0581
260,4,1,0,0.000,-0.032,-1.000,-1.000,1,1,-0.000,0.000,0.000,0,1.000,0,0,0.0576,0.2500,-0.0037,0.0581
261,4,1,1,0.000,-0.032,-1.000,-1.000,1,1,0.000,0.000,0.000,1,1.000,1,1,0.0576,0.2500,-0.0037,0.0581
262,5,1,0,-0.008,-0.032,-1.000,-1.000,1,1,-0.000,0.000,0.000,0,0.333,0,0,0.0592,0.2484,-0.0057,0.0599
263,5,1,0,-0.008,-0.032,-1.000,-1.000,1,1,-0.000,0.000,0.000,0,0.667,0,0,0.0584,0.2493,-0.0048,0.0592
264,5,1,0,0.000,-0.032,-1.000,-1.000,1,1,-0.000,0.000,0.000,0,1.000,0,0,0.0576,0.2496,-0.0042,0.0587
265,5,1,0,0.000,-0.032,-1.000,-1.000,1,1,-0.000,0.000,0.000,0,1.000,0,0,0.0576,0.2498,-0.0039,0.0582
266,5,1,0,0.000,-0.032,-1.000,-1.000,1,1,-0.000,0.000,0.000,0,1.000,0,0,0.0576,0.2497,-0.0039,0.0582
267,5,1,0,0.000,-0.032,-1.000,-1.000,1,1,-0.000,0.000,0.000,0,1.000,0,0,0.0576,0.2497,-0.0039,0.0582
268,5,1,0,0.000,-0.032,-1.000,-1.000,1,1,-0.000,0.000,0.000,0,1.000,0,0,0.0576,0.2497,-0.0039,0.0583
269,5,1,1,0.000,-0.032,-1.000,-1.000,1,1,0.000,0.000,0.000,1,1.000,1,1,0.0576,0.2497,-0.0039,0.0583
270,6,1,0,0.000,-0.032,-1.000,-1.000,1,1,-0.000,0.000,0.000,0,0.333,0,0,0.0597,0.2490,-0.0057,0.0605
271,6,1,0,0.000,-0.032,-1.000,-1.000,1,1,-0.000,0.000,0.000,0,0.667,0,0,0.0586,0.2494,-0.0047,0.0593
272,6,1,0,0.000,-0.032,-1.000,-1.000,1,1,-0.000,0.000,0.000,0,1.000,0,0,0.0576,0.2497,-0.0042,0.0587
273,6,1,0,0.000,-0.032,-1.000,-1.000,1,1,-0.000,0.000,0.000,0,1.000,0,0,0.0576,0.2498,-0.0038,0.0582
274,6,1,0,0.000,-0.032,-1.000,-1.000,1,1,-0.000,0.000,0.000,0,1.000,0,0,0.0576,0.2498,-0.0039,0.0583
275,6,1,0,0.000,-0.032,-1.000,-1.000,1,1,-0.000,0.000,0.000,0,1.000,0,0,0.0576,0.2498,-0.0039,0.0583
276,6,1,0,0.000,-0.032,-1.000,-1.000,1,1,-0.000,0.000,0.000,0,1.000,0,0,0.0576,0.2498,-0.0039,0.0583
277,6,1,0,0.000,-0.032,-1.000,-1.000,1,1,-0.000,0.000,0.000,0,1.000,0,0,0.0576,0.2497,-0.0039,0.0583
278,6,1,1,0.000,-0.032,-1.000,-1.000,1,1,0.000,0.000,0.000,1,1.000,1,1,0.0576,0.2498,-0.0039,0.0583
279,7,1,0,0.000,-0.032,-1.000,-1.000,1,1,-0.000,0.000,0.000,0,0.333,0,0,0.0570,0.2510,-0.0005,0.0566
280,7,1,0,0.000,-0.032,-1.000,-1.000,1,1,-0.000,0.000,0.000,0,0.667,0,0,0.0573,0.2507,-0.0020,0.0577
281,7,1,0,0.000,-0.032,-1.000,-1.000,1,1,-0.000,0.000,0.000,0,1.000,0,0,0.0576,0.2504,-0.0028,0.0575
282,7,1,0,0.000,-0.032,-1.000,-1.000,1,1,-0.000,0.000,0.000,0,1.000,0,0,0.0576,0.2503,-0.0034,0.0576
283,7,1,0,0.000,-0.032,-1.000,-1.000,1,1,-0.000,0.000,0.000,0,1.000,0,0,0.0576,0.2503,-0.0033,0.0576
284,7,1,0,0.000,-0.032,-1.000,-1.000,1,1,-0.000,0.000,0.000,0,1.000,0,0,0.0576,0.2503,-0.0033,0.0576
285,7,1,0,0.000,-0.032,-1.000,-1.000,1,1,-0.000,0.000,0.000,0,1.000,0,0,0.0576,0.2503,-0.0033,0.0576
286,7,1,0,0.000,-0.032,-1.000,-1.000,1,1,-0.000,0.000,0.000,0,1.000,0,0,0.0576,0.2503,-0.0033,0.0576
287,7,0,0,0.000,-0.032,-1.000,-1.000,1,1,0.000,0.000,0.000,1,1.000,1,1,0.0576,0.2513,-0.0028,0.0576
288,7,0,0,0.000,-0.032,-1.000,-1.000,1,1,0.000,0.000,0.000,1,1.000,1,1,0.0576,0.2519,-0.0026,0.0575
289,7,0,0,0.000,-0.032,-1.000,-1.000,1,1,0.000,0.000,0.000,1,1.000,1,1,0.0576,0.2525,-0.0023,0.0576
290,7,0,0,0.000,-0.032,-1.000,-1.000,1,1,0.000,0.000,0.000,1,1.000,1,1,0.0576,0.2530,-0.0021,0.0576
291,7,0,0,0.000,-0.032,-1.000,-1.000,1,1,0.000,0.000,0.000,1,1.000,1,1,0.0576,0.2534,-0.0019,0.0576
292,7,0,0,0.000,-0.032,-1.000,-1.000,1,1,0.000,0.000,0.000,1,1.000,1,1,0.0576,0.2537,-0.0018,0.0577
293,7,0,0,0.000,-0.032,-1.000,-1.000,1,1,0.000,0.000,0.000,1,1.000,1,1,0.0576,0.2538,-0.0017,0.0577
294,7,0,0,0.000,-0.032,-1.000,-1.000,1,1,0.000,0.000,0.000,1,1.000,1,1,0.0576,0.2540,-0.0016,0.0578
295,7,0,0,0.000,-0.032,-1.000,-1.000,1,1,0.000,0.000,0.000,1,1.000,1,1,0.0576,0.2541,-0.0016,0.0578
296,7,0,0,0.000,-0.032,-1.000,-1.000,1,1,0.000,0.000,0.000,1,1.000,1,1,0.0576,0.2542,-0.0015,0.0578
297,7,0,0,0.000,-0.032,-1.000,-1.000,1,1,0.000,0.000,0.000,1,1.000,1,1,0.0576,0.2544,-0.0014,0.0579
298,7,0,0,0.000,-0.032,-1.000,-1.000,1,1,0.000,0.000,0.000,1,1.000,1,1,0.0576,0.2546,-0.0014,0.0581
299,7,0,0,0.000,-0.032,-1.000,-1.000,1,1,0.000,0.000,0.000,1,1.000,1,1,0.0576,0.2549,-0.0012,0.0582
300,7,0,0,0.000,-0.032,-1.000,-1.000,1,1,0.000,0.000,0.000,1,1.000,1,1,0.0576,0.2550,-0.0012,0.0584
301,7,0,0,0.000,-0.032,-1.000,-1.000,1,1,0.000,0.000,0.000,1,1.000,1,1,0.0576,0.2552,-0.0011,0.0586
302,7,0,0,0.000,-0.032,-1.000,-1.000,1,1,0.000,0.000,0.000,1,1.000,1,1,0.0576,0.2554,-0.0011,0.0587
303,7,0,0,0.000,-0.032,-1.000,-1.000,1,1,0.000,0.000,0.000,1,1.000,1,1,0.0576,0.2555,-0.0010,0.0587
304,7,0,0,0.000,-0.032,-1.000,-1.000,1,1,0.000,0.000,0.000,1,1.000,1,1,0.0576,0.2555,-0.0010,0.0588
305,7,0,0,0.000,-0.032,-1.000,-1.000,1,1,0.000,0.000,0.000,1,1.000,1,1,0.0576,0.2556,-0.0010,0.0588
306,7,0,0,0.000,-0.032,-1.000,-1.000,1,1,0.000,0.000,0.000,1,1.000,1,1,0.0576,0.2556,-0.0010,0.0588
307,7,0,0,0.000,-0.032,-1.000,-1.000,1,1,0.000,0.000,0.000,1,1.000,1,1,0.0576,0.2556,-0.0010,0.0589
308,7,0,0,0.000,-0.032,-1.000,-1.000,1,1,0.000,0.000,0.000,1,1.000,1,1,0.0576,0.2556,-0.0010,0.0589
309,7,0,0,0.000,-0.032,-1.000,-1.000,1,1,0.000,0.000,0.000,1,1.000,1,1,0.0576,0.2557,-0.0010,0.0589
310,7,0,0,0.000,-0.032,-1.000,-1.000,1,1,0.000,0.000,0.000,1,1.000,1,1,0.0576,0.2557,-0.0010,0.0589
311,7,0,0,0.000,-0.032,-1.000,-1.000,1,1,0.000,0.000,0.000,1,1.000,1,1,0.0576,0.2557,-0.0010,0.0589
312,7,0,0,0.000,-0.032,-1.000,-1.000,1,1,0.000,0.000,0.000,1,1.000,1,1,0.0576,0.2557,-0.0010,0.0589
313,7,0,0,0.000,-0.032,-1.000,-1.000,1,1,0.000,0.000,0.000,1,1.000,1,1,0.0576,0.2557,-0.0010,0.0590
314,7,0,0,0.000,-0.032,-1.000,-1.000,1,1,0.000,0.000,0.000,1,1.000,1,1,0.0576,0.2558,-0.0010,0.0590
315,7,0,0,0.000,-0.032,-1.000,-1.000,1,1,0.000,0.000,0.000,1,1.000,1,1,0.0576,0.2558,-0.0010,0.0591
316,7,0,0,0.000,-0.032,-1.000,-1.000,1,1,0.000,0.000,0.000,1,1.000,1,1,0.0576,0.2559,-0.0010,0.0591
317,7,0,0,0.000,-0.032,-1.000,-1.000,1,1,0.000,0.000,0.000,1,1.000,1,1,0.0576,0.2559,-0.0010,0.0591
318,7,0,0,0.000,-0.032,-1.000,-1.000,1,1,0.000,0.000,0.000,1,1.000,1,1,0.0576,0.2559,-0.0010,0.0591
319,7,0,0,0.000,-0.032,-1.000,-1.000,1,1,0.000,0.000,0.000,1,1.000,1,1,0.0576,0.2559,-0.0010,0.0591
320,7,0,0,0.000,-0.032,-1.000,-1.000,1,1,0.000,0.000,0.000,1,1.000,1,1,0.0576,0.2559,-0.0010,0.0591
321,7,0,0,0.000,-0.032,-1.000,-1.000,1,1,0.000,0.000,0.000,1,1.000,1,1,0.0576,0.2560,-0.0011,0.0592
322,7,0,0,0.000,-0.032,-1.000,-1.000,1,1,0.000,0.000,0.000,1,1.000,1,1,0.0576,0.2560,-0.0011,0.0592
323,7,0,0,0.000,-0.032,-1.000,-1.000,1,1,0.000,0.000,0.000,1,1.000,1,1,0.0576,0.2560,-0.0011,0.0592
324,7,0,0,0.000,-0.032,-1.000,-1.000,1,1,0.000,0.000,0.000,1,1.000,1,1,0.0576,0.2560,-0.0011,0.0592
325,7,0,0,0.000,-0.032,-1.000,-1.000,1,1,0.000,0.000,0.000,1,1.000,1,1,0.0576,0.2560,-0.0011,0.0592
326,7,0,0,0.000,-0.032,-1.000,-1.000,1,1,0.000,0.000,0.000,1,1.000,1,1,0.0576,0.2561,-0.0011,0.0593
327,7,0,0,0.000,-0.032,-1.000,-1.000,1,1,0.000,0.000,0.000,1,1.000,1,1,0.0576,0.2561,-0.0011,0.0593
328,7,0,0,0.000,-0.032,-1.000,-1.000,1,1,0.000,0.000,0.000,1,1.000,1,1,0.0576,0.2561,-0.0011,0.0593
329,7,0,0,0.000,-0.032,-1.000,-1.000,1,1,0.000,0.000,0.000,1,1.000,1,1,0.0576,0.2562,-0.0011,0.0593
330,7,0,0,0.000,-0.032,-1.000,-1.000,1,1,0.000,0.000,0.000,1,1.000,1,1,0.0576,0.2562,-0.0011,0.0593
331,7,0,0,0.000,-0.032,-1.000,-1.000,1,1,0.000,0.000,0.000,1,1.000,1,1,0.0576,0.2562,-0.0011,0.0593
332,7,0,0,0.000,-0.032,-1.000,-1.000,1,1,0.000,0.000,0.000,1,1.000,1,1,0.0576,0.2562,-0.0011,0.0593
333,7,0,0,0.000,-0.032,-1.000,-1.000,1,1,0.000,0.000,0.000,1,1.000,1,1,0.0576,0.2562,-0.0011,0.0594
334,7,0,0,0.000,-0.032,-1.000,-1.000,1,1,0.000,0.000,0.000,1,1.000,1,1,0.0576,0.2563,-0.0012,0.0594
335,7,0,0,0.000,-0.032,-1.000,-1.000,1,1,0.000,0.000,0.000,1,1.000,1,1,0.0576,0.2563,-0.0012,0.0594
336,7,0,0,0.000,-0.032,-1.000,-1.000,1,1,0.000,0.000,0.000,1,1.000,1,1,0.0576,0.2563,-0.0012,0.0594
337,7,0,0,0.000,-0.032,-1.000,-1.000,1,1,0.000,0.000,0.000,1,1.000,1,1,0.0576,0.2563,-0.0012,0.0594
338,7,0,0,0.000,-0.032,-1.000,-1.000,1,1,0.000,0.000,0.000,1,1.000,1,1,0.0576,0.2563,-0.0012,0.0594
339,7,0,0,0.000,-0.032,-1.000,-1.000,1,1,0.000,0.000,0.000,1,1.000,1,1,0.0576,0.2564,-0.0012,0.0594
340,7,0,0,0.000,-0.032,-1.000,-1.000,1,1,0.000,0.000,0.000,1,1.000,1,1,0.0576,0.2564,-0.0012,0.0594
341,7,0,0,0.000,-0.032,-1.000,-1.000,1,1,0.000,0.000,0.000,1,1.000,1,1,0.0576,0.2564,-0.0012,0.0594
342,7,0,0,0.000,-0.032,-1.000,-1.000,1,1,0.000,0.000,0.000,1,1.000,1,1,0.0576,0.2564,-0.0012,0.0595
343,7,0,0,0.000,-0.032,-1.000,-1.000,1,1,0.000,0.000,0.000,1,1.000,1,1,0.0576,0.2565,-0.0012,0.0595
344,7,1,0,0.000,-0.032,-1.000,-1.000,1,1,-0.000,0.000,0.000,0,1.000,0,0,0.0576,0.2547,-0.0020,0.0591
345,7,1,0,0.000,-0.032,-1.000,-1.000,1,1,-0.000,0.000,0.000,0,1.000,0,0,0.0576,0.2531,-0.0023,0.0584
346,7,1,0,0.000,-0.032,-1.000,-1.000,1,1,-0.000,0.000,0.000,0,1.000,0,0,0.0576,0.2511,-0.0031,0.0577
347,7,1,0,0.000,-0.032,-1.000,-1.000,1,1,-0.000,0.000,0.000,0,1.000,0,0,0.0576,0.2504,-0.0034,0.0576
348,7,1,0,0.000,-0.032,-1.000,-1.000,1,1,-0.000,0.000,0.000,0,1.000,0,0,0.0576,0.2503,-0.0034,0.0576
349,7,1,0,0.000,-0.032,-1.000,-1.000,1,1,-0.000,0.000,0.000,0,1.000,0,0,0.0576,0.2503,-0.0034,0.0577
350,7,1,0,0.000,-0.032,-1.000,-1.000,1,1,-0.000,0.000,0.000,0,1.000,0,0,0.0576,0.2503,-0.0034,0.0577
351,7,1,0,0.000,-0.032,-1.000,-1.000,1,1,-0.000,0.000,0.000,0,1.000,0,0,0.0576,0.2503,-0.0034,0.0577
352,7,1,0,0.000,-0.032,-1.000,-1.000,1,1,-0.000,0.000,0.000,0,1.000,0,0,0.0576,0.2503,-0.0034,0.0577
353,7,1,1,0.000,-0.032,-1.000,-1.000,1,1,0.000,0.000,0.000,1,1.000,1,1,0.0576,0.2503,-0.0034,0.0577
354,8,1,0,0.000,-0.032,-1.000,-1.000,1,1,-0.000,0.000,0.000,0,0.333,0,0,0.0607,0.2491,-0.0019,0.0617
355,8,1,0,0.000,-0.032,-1.000,-1.000,1,1,-0.000,0.000,0.000,0,0.667,0,0,0.0592,0.2495,-0.0024,0.0599
356,8,1,0,0.000,-0.032,-1.000,-1.000,1,1,-0.000,0.000,0.000,0,1.000,0,0,0.0576,0.2496,-0.0032,0.0584
357,8,1,0,0.000,-0.032,-1.000,-1.000,1,1,-0.000,0.000,0.000,0,1.000,0,0,0.0576,0.2497,-0.0034,0.0579
358,8,1,0,0.000,-0.032,-1.000,-1.000,1,1,-0.000,0.000,0.000,0,1.000,0,0,0.0576,0.2497,-0.0035,0.0580
359,8,1,0,0.000,-0.032,-1.000,-1.000,1,1,-0.000,0.000,0.000,0,1.000,0,0,0.0576,0.2497,-0.0036,0.0580
360,8,1,0,0.000,-0.032,-1.000,-1.000,1,1,-0.000,0.000,0.000,0,1.000,0,0,0.0576,0.2497,-0.0036,0.0580
361,8,1,0,0.000,-0.032,-1.000,-1.000,1,1,-0.000,0.000,0.000,0,1.000,0,0,0.0576,0.2497,-0.0036,0.0580
362,8,1,1,0.000,-0.032,-1.000,-1.000,1,1,0.000,0.000,0.000,1,1.000,1,1,0.0576,0.2497,-0.0036,0.0580
363,9,1,0,0.000,-0.032,-1.000,-1.000,1,1,-0.000,0.000,0.000,0,0.333,0,0,0.0573,0.2503,-0.0039,0.0575
364,9,1,0,0.000,-0.032,-1.000,-1.000,1,1,-0.000,0.000,0.000,0,0.667,0,0,0.0574,0.2503,-0.0041,0.0584
365,9,1,0,0.000,-0.032,-1.000,-1.000,1,1,-0.000,0.000,0.000,0,1.000,0,0,0.0576,0.2501,-0.0038,0.0581
366,9,1,0,0.000,-0.032,-1.000,-1.000,1,1,-0.000,0.000,0.000,0,1.000,0,0,0.0576,0.2501,-0.0038,0.0580
367,9,1,0,0.000,-0.032,-1.000,-1.000,1,1,-0.000,0.000,0.000,0,1.000,0,0,0.0576,0.2500,-0.0038,0.0580
368,9,1,0,0.000,-0.032,-1.000,-1.000,1,1,-0.000,0.000,0.000,0,1.000,0,0,0.0576,0.2500,-0.0038,0.0580
369,9,1,1,0.000,-0.032,-1.000,-1.000,1,1,0.000,0.000,0.000,1,1.000,1,1,0.0576,0.2500,-0.0038,0.0580
370,10,1,0,0.000,-0.032,-1.000,-1.000,1,1,-0.000,0.000,0.000,0,0.333,0,0,0.0561,0.2516,-0.0015,0.0555
371,10,1,0,0.000,-0.032,-1.000,-1.000,1,1,-0.000,0.000,0.000,0,0.667,0,0,0.0569,0.2512,-0.0024,0.0567
372,10,1,0,0.000,-0.032,-1.000,-1.000,1,1,-0.000,0.000,0.000,0,1.000,0,0,0.0576,0.2507,-0.0030,0.0571
373,10,1,0,0.000,-0.032,-1.000,-1.000,1,1,-0.000,0.000,0.000,0,1.000,0,0,0.0576,0.2503,-0.0034,0.0575
374,10,1,0,0.000,-0.032,-1.000,-1.000,1,1,-0.000,0.000,0.000,0,1.000,0,0,0.0576,0.2503,-0.0034,0.0575
375,10,1,0,0.000,-0.032,-1.000,-1.000,1,1,-0.000,0.000,0.000,0,1.000,0,0,0.0576,0.2503,-0.0034,0.0575
376,10,1,0,0.000,-0.032,-1.000,-1.000,1,1,-0.000,0.000,0.000,0,1.000,0,0,0.0576,0.2503,-0.0034,0.0575
377,10,1,0,0.000,-0.032,-1.000,-1.000,1,1,-0.000,0.000,0.000,0,1.000,0,0,0.0576,0.2503,-0.0034,0.0575
378,10,1,0,0.000,-0.032,-1.000,-1.000,1,1,-0.000,0.000,0.000,0,1.000,0,0,0.0576,0.2503,-0.0034,0.0575
379,10,1,0,0.000,-0.032,-1.000,-1.000,1,1,-0.000,0.000,0.000,0,1.000,0,0,0.0576,0.2503,-0.0034,0.0575
380,10,1,0,0.000,-0.032,-1.000,-1.000,1,1,-0.000,0.000,0.000,0,1.000,0,0,0.0576,0.2503,-0.0034,0.0575
381,10,1,0,0.000,-0.032,-1.000,-1.000,1,1,-0.000,0.000,0.000,0,1.000,0,0,0.0576,0.2503,-0.0034,0.0575
382,10,1,1,0.000,-0.032,-1.000,-1.000,1,1,0.000,0.000,0.000,1,1.000,1,1,0.0576,0.2503,-0.0034,0.0575
383,11,1,0,0.000,-0.032,-1.000,-1.000,1,1,-0.000,0.000,0.000,0,0.333,0,0,0.0594,0.2507,-0.0002,0.0602
384,11,1,0,0.000,-0.032,-1.000,-1.000,1,1,-0.000,0.000,0.000,0,0.667,0,0,0.0585,0.2506,-0.0018,0.0590
385,11,1,0,0.000,-0.032,-1.000,-1.000,1,1,-0.000,0.000,0.000,0,1.000,0,0,0.0576,0.2501,-0.0028,0.0579
386,11,1,0,0.000,-0.032,-1.000,-1.000,1,1,-0.000,0.000,0.000,0,1.000,0,0,0.0576,0.2501,-0.0034,0.0577
387,11,1,0,0.000,-0.032,-1.000,-1.000,1,1,-0.000,0.000,0.000,0,1.000,0,0,0.0576,0.2501,-0.0035,0.0577
388,11,1,0,0.000,-0.032,-1.000,-1.000,1,1,-0.000,0.000,0.000,0,1.000,0,0,0.0576,0.2501,-0.0035,0.0577
389,11,1,0,0.000,-0.032,-1.000,-1.000,1,1,-0.000,0.000,0.000,0,1.000,0,0,0.0576,0.2501,-0.0035,0.0578
390,11,1,1,0.000,-0.032,-1.000,-1.000,1,1,0.000,0.000,0.000,1,1.000,1,1,0.0576,0.2501,-0.0035,0.0578
391,12,1,0,0.000,-0.032,-1.000,-1.000,1,1,-0.000,0.000,0.000,0,0.333,0,0,0.0599,0.2471,-0.0053,0.0607
392,12,1,0,0.000,-0.032,-1.000,-1.000,1,1,-0.000,0.000,0.000,0,0.667,0,0,0.0587,0.2486,-0.0048,0.0597
393,12,1,0,0.000,-0.032,-1.000,-1.000,1,1,-0.000,0.000,0.000,0,1.000,0,0,0.0576,0.2492,-0.0040,0.0586
394,12,1,0,0.000,-0.032,-1.000,-1.000,1,1,-0.000,0.000,0.000,0,1.000,0,0,0.0576,0.2497,-0.0036,0.0581
395,12,1,0,0.000,-0.032,-1.000,-1.000,1,1,-0.000,0.000,0.000,0,1.000,0,0,0.0576,0.2496,-0.0037,0.0581
396,12,1,0,0.000,-0.032,-1.000,-1.000,1,1,-0.000,0.000,0.000,0,1.000,0,0,0.0576,0.2497,-0.0037,0.0581
397,12,1,0,0.000,-0.032,-1.000,-1.000,1,1,-0.000,0.000,0.000,0,1.000,0,0,0.0576,0.2497,-0.0037,0.0581
398,12,1,1,0.000,-0.032,-1.000,-1.000,1,1,0.000,0.000,0.000,1,1.000,1,1,0.0576,0.2497,-0.0037,0.0581
399,13,1,0,0.000,-0.032,-1.000,-1.000,1,1,-0.000,0.000,0.000,0,0.333,0,0,0.0581,0.2505,-0.0061,0.0588
400,13,1,0,0.000,-0.032,-1.000,-1.000,1,1,-0.000,0.000,0.000,0,0.667,0,0,0.0579,0.2504,-0.0052,0.0593
401,13,1,0,0.000,-0.032,-1.000,-1.000,1,1,-0.000,0.000,0.000,0,1.000,0,0,0.0576,0.2500,-0.0042,0.0585
402,13,1,0,0.000,-0.032,-1.000,-1.000,1,1,-0.000,0.000,0.000,0,1.000,0,0,0.0576,0.2499,-0.0039,0.0582
403,13,1,0,0.000,-0.032,-1.000,-1.000,1,1,-0.000,0.000,0.000,0,1.000,0,0,0.0576,0.2499,-0.0039,0.0582
404,13,1,0,0.000,-0.032,-1.000,-1.000,1,1,-0.000,0.000,0.000,0,1.000,0,0,0.0576,0.2499,-0.0039,0.0582
405,13,1,0,0.000,-0.032,-1.000,-1.000,1,1,-0.000,0.000,0.000,0,1.000,0,0,0.0576,0.2499,-0.0039,0.0582
406,13,1,0,0.000,-0.032,-1.000,-1.000,1,1,-0.000,0.000,0.000,0,1.000,0,0,0.0576,0.2499,-0.0039,0.0582
407,13,1,0,0.000,-0.032,-1.000,-1.000,1,1,-0.000,0.000,0.000,0,1.000,0,0,0.0576,0.2499,-0.0039,0.0582
408,13,1,0,0.000,-0.032,-1.000,-1.000,1,1,-0.000,0.000,0.000,0,1.000,0,0,0.0576,0.2499,-0.0039,0.0582
409,13,1,0,0.000,-0.032,-1.000,-1.000,1,1,-0.000,0.000,0.000,0,1.000,0,0,0.0576,0.2499,-0.0039,0.0582
410,13,1,0,0.000,-0.032,-1.000,-1.000,1,1,-0.000,0.000,0.000,0,1.000,0,0,0.0576,0.2499,-0.0039,0.0582
411,13,0,0,0.000,-0.032,-1.000,-1.000,1,1,0.000,0.000,0.000,1,1.000,1,1,0.0576,0.2509,-0.0039,0.0584
412,13,0,0,0.000,-0.032,-1.000,-1.000,1,1,0.000,0.000,0.000,1,1.000,1,1,0.0576,0.2515,-0.0039,0.0584
413,13,0,0,0.000,-0.032,-1.000,-1.000,1,1,0.000,0.000,0.000,1,1.000,1,1,0.0576,0.2520,-0.0037,0.0585
414,13,0,0,0.000,-0.032,-1.000,-1.000,1,1,0.000,0.000,0.000,1,1.000,1,1,0.0576,0.2525,-0.0036,0.0585
415,13,0,0,0.000,-0.032,-1.000,-1.000,1,1,0.000,0.000,0.000,1,1.000,1,1,0.0576,0.2530,-0.0034,0.0585
416,13,0,0,0.000,-0.032,-1.000,-1.000,1,1,0.000,0.000,0.000,1,1.000,1,1,0.0576,0.2535,-0.0032,0.0586
417,13,0,0,0.000,-0.032,-1.000,-1.000,1,1,0.000,0.000,0.000,1,1.000,1,1,0.0576,0.2540,-0.0030,0.0586
418,13,0,0,0.000,-0.032,-1.000,-1.000,1,1,0.000,0.000,0.000,1,1.000,1,1,0.0576,0.2544,-0.0028,0.0586
419,13,0,0,0.000,-0.032,-1.000,-1.000,1,1,0.000,0.000,0.000,1,1.000,1,1,0.0576,0.2547,-0.0027,0.0587
420,13,0,0,0.000,-0.032,-1.000,-1.000,1,1,0.000,0.000,0.000,1,1.000,1,1,0.0576,0.2550,-0.0026,0.0588
421,13,0,0,0.000,-0.032,-1.000,-1.000,1,1,0.000,0.000,0.000,1,1.000,1,1,0.0576,0.2552,-0.0025,0.0590
422,13,0,0,0.000,-0.032,-1.000,-1.000,1,1,0.000,0.000,0.000,1,1.000,1,1,0.0576,0.2555,-0.0024,0.0592
423,13,0,0,0.000,-0.032,-1.000,-1.000,1,1,0.000,0.000,0.000,1,1.000,1,1,0.0576,0.2557,-0.0023,0.0594
424,13,0,0,0.000,-0.032,-1.000,-1.000,1,1,0.000,0.000,0.000,1,1.000,1,1,0.0576,0.2559,-0.0023,0.0595
425,13,0,0,0.000,-0.032,-1.000,-1.000,1,1,0.000,0.000,0.000,1,1.000,1,1,0.0576,0.2561,-0.0022,0.0596
426,13,0,0,0.000,-0.032,-1.000,-1.000,1,1,0.000,0.000,0.000,1,1.000,1,1,0.0576,0.2561,-0.0022,0.0597
427,13,0,0,0.000,-0.032,-1.000,-1.000,1,1,0.000,0.000,0.000,1,1.000,1,1,0.0576,0.2562,-0.0022,0.0598
428,13,0,0,0.000,-0.032,-1.000,-1.000,1,1,0.000,0.000,0.000,1,1.000,1,1,0.0576,0.2562,-0.0022,0.0598
429,13,0,0,0.000,-0.032,-1.000,-1.000,1,1,0.000,0.000,0.000,1,1.000,1,1,0.0576,0.2563,-0.0022,0.0599
430,13,0,0,0.000,-0.032,-1.000,-1.000,1,1,0.000,0.000,0.000,1,1.000,1,1,0.0576,0.2563,-0.0022,0.0599
431,13,0,0,0.000,-0.032,-1.000,-1.000,1,1,0.000,0.000,0.000,1,1.000,1,1,0.0576,0.2563,-0.0022,0.0599
432,13,0,0,0.000,-0.032,-1.000,-1.000,1,1,0.000,0.000,0.000,1,1.000,1,1,0.0576,0.2564,-0.0022,0.0599
433,13,0,0,0.000,-0.032,-1.000,-1.000,1,1,0.000,0.000,0.000,1,1.000,1,1,0.0576,0.2564,-0.0022,0.0600
434,13,0,0,0.000,-0.032,-1.000,-1.000,1,1,0.000,0.000,0.000,1,1.000,1,1,0.0576,0.2564,-0.0022,0.0600
435,13,0,0,0.000,-0.032,-1.000,-1.000,1,1,0.000,0.000,0.000,1,1.000,1,1,0.0576,0.2564,-0.0022,0.0600
436,13,0,0,0.000,-0.032,-1.000,-1.000,1,1,0.000,0.000,0.000,1,1.000,1,1,0.0576,0.2565,-0.0022,0.0600
437,13,0,0,0.000,-0.032,-1.000,-1.000,1,1,0.000,0.000,0.000,1,1.000,1,1,0.0576,0.2565,-0.0022,0.0600
438,13,0,0,0.000,-0.032,-1.000,-1.000,1,1,0.000,0.000,0.000,1,1.000,1,1,0.0576,0.2565,-0.0022,0.0600
439,13,0,0,0.000,-0.032,-1.000,-1.000,1,1,0.000,0.000,0.000,1,1.000,1,1,0.0576,0.2565,-0.0022,0.0600
440,13,0,0,0.000,-0.032,-1.000,-1.000,1,1,0.000,0.000,0.000,1,1.000,1,1,0.0576,0.2565,-0.0022,0.0600
441,13,0,0,0.000,-0.032,-1.000,-1.000,1,1,0.000,0.000,0.000,1,1.000,1,1,0.0576,0.2565,-0.0022,0.0600
442,13,0,0,0.000,-0.032,-1.000,-1.000,1,1,0.000,0.000,0.000,1,1.000,1,1,0.0576,0.2566,-0.0022,0.0601
443,13,0,0,0.000,-0.032,-1.000,-1.000,1,1,0.000,0.000,0.000,1,1.000,1,1,0.0576,0.2566,-0.0023,0.0601
444,13,0,0,0.000,-0.032,-1.000,-1.000,1,1,0.000,0.000,0.000,1,1.000,1,1,0.0576,0.2566,-0.0023,0.0601
445,13,0,0,0.000,-0.032,-1.000,-1.000,1,1,0.000,0.000,0.000,1,1.000,1,1,0.0576,0.2566,-0.0023,0.0601
446,13,0,0,0.000,-0.032,-1.000,-1.000,1,1,0.000,0.000,0.000,1,1.000,1,1,0.0576,0.2566,-0.0023,0.0601
447,13,0,0,0.000,-0.032,-1.000,-1.000,1,1,0.000,0.000,0.000,1,1.000,1,1,0.0576,0.2567,-0.0023,0.0601
448,13,0,0,0.000,-0.032,-1.000,-1.000,1,1,0.000,0.000,0.000,1,1.000,1,1,0.0576,0.2567,-0.0023,0.0601
449,13,0,0,0.000,-0.032,-1.000,-1.000,1,1,0.000,0.000,0.000,1,1.000,1,1,0.0576,0.2567,-0.0023,0.0602
450,13,0,0,0.000,-0.032,-1.000,-1.000,1,1,0.000,0.000,0.000,1,1.000,1,1,0.0576,0.2567,-0.0023,0.0602
451,13,0,0,0.000,-0.032,-1.000,-1.000,1,1,0.000,0.000,0.000,1,1.000,1,1,0.0576,0.2567,-0.0023,0.0602
452,13,0,0,0.000,-0.032,-1.000,-1.000,1,1,0.000,0.000,0.000,1,1.000,1,1,0.0576,0.2567,-0.0023,0.0602
453,13,0,0,0.000,-0.032,-1.000,-1.000,1,1,0.000,0.000,0.000,1,1.000,1,1,0.0576,0.2568,-0.0023,0.0602
454,13,0,0,0.000,-0.032,-1.000,-1.000,1,1,0.000,0.000,0.000,1,1.000,1,1,0.0576,0.2568,-0.0023,0.0602
455,13,0,0,0.000,-0.032,-1.000,-1.000,1,1,0.000,0.000,0.000,1,1.000,1,1,0.0576,0.2568,-0.0024,0.0602
456,13,0,0,0.000,-0.032,-1.000,-1.000,1,1,0.000,0.000,0.000,1,1.000,1,1,0.0576,0.2568,-0.0024,0.0602
457,13,0,0,0.000,-0.032,-1.000,-1.000,1,1,0.000,0.000,0.000,1,1.000,1,1,0.0576,0.2568,-0.0024,0.0602
458,13,0,0,0.000,-0.032,-1.000,-1.000,1,1,0.000,0.000,0.000,1,1.000,1,1,0.0576,0.2568,-0.0024,0.0602
459,13,0,0,0.000,-0.032,-1.000,-1.000,1,1,0.000,0.000,0.000,1,1.000,1,1,0.0576,0.2569,-0.0024,0.0603
460,13,0,0,0.000,-0.032,-1.000,-1.000,1,1,0.000,0.000,0.000,1,1.000,1,1,0.0576,0.2569,-0.0024,0.0603
461,13,0,0,0.000,-0.032,-1.000,-1.000,1,1,0.000,0.000,0.000,1,1.000,1,1,0.0576,0.2569,-0.0024,0.0603
462,13,0,0,0.000,-0.032,-1.000,-1.000,1,1,0.000,0.000,0.000,1,1.000,1,1,0.0576,0.2569,-0.0024,0.0603
463,13,0,0,0.000,-0.032,-1.000,-1.000,1,1,0.000,0.000,0.000,1,1.000,1,1,0.0576,0.2569,-0.0024,0.0603
464,13,0,0,0.000,-0.032,-1.000,-1.000,1,1,0.000,0.000,0.000,1,1.000,1,1,0.0576,0.2569,-0.0024,0.0603
465,13,0,0,0.000,-0.032,-1.000,-1.000,1,1,0.000,0.000,0.000,1,1.000,1,1,0.0576,0.2570,-0.0024,0.0603
466,13,0,0,0.000,-0.032,-1.000,-1.000,1,1,0.000,0.000,0.000,1,1.000,1,1,0.0576,0.2570,-0.0024,0.0603
467,13,0,0,0.000,-0.032,-1.000,-1.000,1,1,0.000,0.000,0.000,1,1.000,1,1,0.0576,0.2570,-0.0024,0.0603
468,13,0,0,0.000,-0.032,-1.000,-1.000,1,1,0.000,0.000,0.000,1,1.000,1,1,0.0576,0.2570,-0.0024,0.0603
469,13,0,0,0.000,-0.032,-1.000,-1.000,1,1,0.000,0.000,0.000,1,1.000,1,1,0.0576,0.2570,-0.0024,0.0603
470,13,0,0,0.000,-0.032,-1.000,-1.000,1,1,0.000,0.000,0.000,1,1.000,1,1,0.0576,0.2570,-0.0024,0.0603
471,13,0,0,0.000,-0.032,-1.000,-1.000,1,1,0.000,0.000,0.000,1,1.000,1,1,0.0576,0.2571,-0.0024,0.0603
472,13,0,0,0.000,-0.032,-1.000,-1.000,1,1,0.000,0.000,0.000,1,1.000,1,1,0.0576,0.2571,-0.0025,0.0603
473,13,0,0,0.000,-0.032,-1.000,-1.000,1,1,0.000,0.000,0.000,1,1.000,1,1,0.0576,0.2571,-0.0025,0.0603
474,13,0,0,0.000,-0.032,-1.000,-1.000,1,1,0.000,0.000,0.000,1,1.000,1,1,0.0576,0.2571,-0.0025,0.0603
475,13,0,0,0.000,-0.032,-1.000,-1.000,1,1,0.000,0.000,0.000,1,1.000,1,1,0.0576,0.2571,-0.0025,0.0603
476,13,0,0,0.000,-0.032,-1.000,-1.000,1,1,0.000,0.000,0.000,1,1.000,1,1,0.0576,0.2571,-0.0025,0.0603
477,13,0,0,0.000,-0.032,-1.000,-1.000,1,1,0.000,0.000,0.000,1,1.000,1,1,0.0576,0.2572,-0.0025,0.0604
478,13,0,0,0.000,-0.032,-1.000,-1.000,1,1,0.000,0.000,0.000,1,1.000,1,1,0.0576,0.2572,-0.0025,0.0604
479,13,0,0,0.000,-0.032,-1.000,-1.000,1,1,0.000,0.000,0.000,1,1.000,1,1,0.0576,0.2572,-0.0025,0.0604
480,13,0,0,0.000,-0.032,-1.000,-1.000,1,1,0.000,0.000,0.000,1,1.000,1,1,0.0576,0.2572,-0.0025,0.0604
481,13,0,0,0.000,-0.032,-1.000,-1.000,1,1,0.000,0.000,0.000,1,1.000,1,1,0.0576,0.2572,-0.0025,0.0604
482,13,0,0,0.000,-0.032,-1.000,-1.000,1,1,0.000,0.000,0.000,1,1.000,1,1,0.0576,0.2573,-0.0025,0.0604
483,13,0,0,0.000,-0.032,-1.000,-1.000,1,1,0.000,0.000,0.000,1,1.000,1,1,0.0576,0.2573,-0.0025,0.0604
484,13,0,0,0.000,-0.032,-1.000,-1.000,1,1,0.000,0.000,0.000,1,1.000,1,1,0.0576,0.2573,-0.0025,0.0604
485,13,0,0,0.000,-0.032,-1.000,-1.000,1,1,0.000,0.000,0.000,1,1.000,1,1,0.0576,0.2574,-0.0026,0.0604
486,13,0,0,0.000,-0.032,-1.000,-1.000,1,1,0.000,0.000,0.000,1,1.000,1,1,0.0576,0.2574,-0.0026,0.0604
487,13,0,0,0.000,-0.032,-1.000,-1.000,1,1,0.000,0.000,0.000,1,1.000,1,1,0.0576,0.2574,-0.0026,0.0604
488,13,0,0,0.000,-0.032,-1.000,-1.000,1,1,0.000,0.000,0.000,1,1.000,1,1,0.0576,0.2574,-0.0026,0.0604
489,13,0,0,0.000,-0.032,-1.000,-1.000,1,1,0.000,0.000,0.000,1,1.000,1,1,0.0576,0.2574,-0.0026,0.0604
490,13,0,0,0.000,-0.032,-1.000,-1.000,1,1,0.000,0.000,0.000,1,1.000,1,1,0.0576,0.2575,-0.0026,0.0604
491,13,0,0,0.000,-0.032,-1.000,-1.000,1,1,0.000,0.000,0.000,1,1.000,1,1,0.0576,0.2575,-0.0026,0.0604
492,13,0,0,0.000,-0.032,-1.000,-1.000,1,1,0.000,0.000,0.000,1,1.000,1,1,0.0576,0.2575,-0.0026,0.0604
493,13,0,0,0.000,-0.032,-1.000,-1.000,1,1,0.000,0.000,0.000,1,1.000,1,1,0.0576,0.2575,-0.0026,0.0604
494,13,0,0,0.000,-0.032,-1.000,-1.000,1,1,0.000,0.000,0.000,1,1.000,1,1,0.0576,0.2575,-0.0026,0.0604
495,13,0,0,0.000,-0.032,-1.000,-1.000,1,1,0.000,0.000,0.000,1,1.000,1,1,0.0576,0.2575,-0.0026,0.0604
496,13,0,0,0.000,-0.032,-1.000,-1.000,1,1,0.000,0.000,0.000,1,1.000,1,1,0.0576,0.2576,-0.0026,0.0604
497,13,0,0,0.000,-0.032,-1.000,-1.000,1,1,0.000,0.000,0.000,1,1.000,1,1,0.0576,0.2576,-0.0026,0.0605
498,13,0,0,0.000,-0.032,-1.000,-1.000,1,1,0.000,0.000,0.000,1,1.000,1,1,0.0576,0.2576,-0.0026,0.0605
499,13,0,0,0.000,-0.032,-1.000,-1.000,1,1,0.000,0.000,0.000,1,1.000,1,1,0.0576,0.2576,-0.0026,0.0605
500,13,0,0,0.000,-0.032,-1.000,-1.000,1,1,0.000,0.000,0.000,1,1.000,1,1,0.0576,0.2576,-0.0026,0.0605
501,13,0,0,0.000,-0.032,-1.000,-1.000,1,1,0.000,0.000,0.000,1,1.000,1,1,0.0576,0.2576,-0.0026,0.0605
502,13,0,0,0.000,-0.032,-1.000,-1.000,1,1,0.000,0.000,0.000,1,1.000,1,1,0.0576,0.2577,-0.0026,0.0605
503,13,0,0,0.000,-0.032,-1.000,-1.000,1,1,0.000,0.000,0.000,1,1.000,1,1,0.0576,0.2577,-0.0027,0.0605
504,13,0,0,0.000,-0.032,-1.000,-1.000,1,1,0.000,0.000,0.000,1,1.000,1,1,0.0576,0.2577,-0.0027,0.0605
505,13,0,0,0.000,-0.032,-1.000,-1.000,1,1,0.000,0.000,0.000,1,1.000,1,1,0.0576,0.2577,-0.0027,0.0605
506,13,0,0,0.000,-0.032,-1.000,-1.000,1,1,0.000,0.000,0.000,1,1.000,1,1,0.0576,0.2577,-0.0027,0.0605
507,13,0,0,0.000,-0.032,-1.000,-1.000,1,1,0.000,0.000,0.000,1,1.000,1,1,0.0576,0.2577,-0.0027,0.0605
508,13,0,0,0.000,-0.032,-1.000,-1.000,1,1,0.000,0.000,0.000,1,1.000,1,1,0.0576,0.2577,-0.0027,0.0605
509,13,0,0,0.000,-0.032,-1.000,-1.000,1,1,0.000,0.000,0.000,1,1.000,1,1,0.0576,0.2578,-0.0027,0.0605
510,13,0,0,0.000,-0.032,-1.000,-1.000,1,1,0.000,0.000,0.000,1,1.000,1,1,0.0576,0.2578,-0.0027,0.0605
511,13,0,0,0.000,-0.032,-1.000,-1.000,1,1,0.000,0.000,0.000,1,1.000,1,1,0.0576,0.2578,-0.0027,0.0605
512,13,0,0,0.000,-0.032,-1.000,-1.000,1,1,0.000,0.000,0.000,1,1.000,1,1,0.0576,0.2578,-0.0027,0.0605
513,13,0,0,0.000,-0.032,-1.000,-1.000,1,1,0.000,0.000,0.000,1,1.000,1,1,0.0576,0.2578,-0.0027,0.0605
514,13,0,0,0.000,-0.032,-1.000,-1.000,1,1,0.000,0.000,0.000,1,1.000,1,1,0.0576,0.2578,-0.0027,0.0605
515,13,0,0,0.000,-0.032,-1.000,-1.000,1,1,0.000,0.000,0.000,1,1.000,1,1,0.0576,0.2578,-0.0027,0.0605
516,13,0,0,0.000,-0.032,-1.000,-1.000,1,1,0.000,0.000,0.000,1,1.000,1,1,0.0576,0.2578,-0.0027,0.0605
517,13,0,0,0.000,-0.032,-1.000,-1.000,1,1,0.000,0.000,0.000,1,1.000,1,1,0.0576,0.2578,-0.0027,0.0605
518,13,0,0,0.000,-0.032,-1.000,-1.000,1,1,0.000,0.000,0.000,1,1.000,1,1,0.0576,0.2579,-0.0027,0.0605
519,13,0,0,0.000,-0.032,-1.000,-1.000,1,1,0.000,0.000,0.000,1,1.000,1,1,0.0576,0.2579,-0.0027,0.0605
520,13,0,0,0.000,-0.032,-1.000,-1.000,1,1,0.000,0.000,0.000,1,1.000,1,1,0.0576,0.2579,-0.0027,0.0606
521,13,0,0,0.000,-0.032,-1.000,-1.000,1,1,0.000,0.000,0.000,1,1.000,1,1,0.0576,0.2579,-0.0027,0.0606
522,13,0,0,0.000,-0.032,-1.000,-1.000,1,1,0.000,0.000,0.000,1,1.000,1,1,0.0576,0.2579,-0.0027,0.0606
523,13,0,0,0.000,-0.032,-1.000,-1.000,1,1,0.000,0.000,0.000,1,1.000,1,1,0.0576,0.2579,-0.0027,0.0606
524,13,0,0,0.000,-0.032,-1.000,-1.000,1,1,0.000,0.000,0.000,1,1.000,1,1,0.0576,0.2579,-0.0027,0.0606
525,13,0,0,0.000,-0.032,-1.000,-1.000,1,1,0.000,0.000,0.000,1,1.000,1,1,0.0576,0.2579,-0.0027,0.0606
526,13,0,0,0.000,-0.032,-1.000,-1.000,1,1,0.000,0.000,0.000,1,1.000,1,1,0.0576,0.2580,-0.0028,0.0606
527,13,0,0,0.000,-0.032,-1.000,-1.000,1,1,0.000,0.000,0.000,1,1.000,1,1,0.0576,0.2580,-0.0028,0.0606
528,13,0,0,0.000,-0.032,-1.000,-1.000,1,1,0.000,0.000,0.000,1,1.000,1,1,0.0576,0.2580,-0.0028,0.0606
529,13,0,0,0.000,-0.032,-1.000,-1.000,1,1,0.000,0.000,0.000,1,1.000,1,1,0.0576,0.2580,-0.0028,0.0606
530,13,0,0,0.000,-0.032,-1.000,-1.000,1,1,0.000,0.000,0.000,1,1.000,1,1,0.0576,0.2580,-0.0028,0.0606
531,13,0,0,0.000,-0.032,-1.000,-1.000,1,1,0.000,0.000,0.000,1,1.000,1,1,0.0576,0.2580,-0.0028,0.0606
532,13,0,0,0.000,-0.032,-1.000,-1.000,1,1,0.000,0.000,0.000,1,1.000,1,1,0.0576,0.2580,-0.0028,0.0606
533,13,0,0,0.000,-0.032,-1.000,-1.000,1,1,0.000,0.000,0.000,1,1.000,1,1,0.0576,0.2580,-0.0028,0.0606
534,13,0,0,0.000,-0.032,-1.000,-1.000,1,1,0.000,0.000,0.000,1,1.000,1,1,0.0576,0.2581,-0.0028,0.0606
535,13,0,0,0.000,-0.032,-1.000,-1.000,1,1,0.000,0.000,0.000,1,1.000,1,1,0.0576,0.2581,-0.0028,0.0606
536,13,0,0,0.000,-0.032,-1.000,-1.000,1,1,0.000,0.000,0.000,1,1.000,1,1,0.0576,0.2581,-0.0028,0.0606
537,13,0,0,0.000,-0.032,-1.000,-1.000,1,1,0.000,0.000,0.000,1,1.000,1,1,0.0576,0.2581,-0.0028,0.0606
538,13,0,0,0.000,-0.032,-1.000,-1.000,1,1,0.000,0.000,0.000,1,1.000,1,1,0.0576,0.2581,-0.0028,0.0606
539,13,0,0,0.000,-0.032,-1.000,-1.000,1,1,0.000,0.000,0.000,1,1.000,1,1,0.0576,0.2581,-0.0028,0.0606
540,13,0,0,0.000,-0.032,-1.000,-1.000,1,1,0.000,0.000,0.000,1,1.000,1,1,0.0576,0.2581,-0.0028,0.0606
541,13,0,0,0.000,-0.032,-1.000,-1.000,1,1,0.000,0.000,0.000,1,1.000,1,1,0.0576,0.2581,-0.0028,0.0606
542,13,0,0,0.000,-0.032,-1.000,-1.000,1,1,0.000,0.000,0.000,1,1.000,1,1,0.0576,0.2582,-0.0028,0.0606
543,13,0,0,0.000,-0.032,-1.000,-1.000,1,1,0.000,0.000,0.000,1,1.000,1,1,0.0576,0.2582,-0.0028,0.0606
544,13,0,0,0.000,-0.032,-1.000,-1.000,1,1,0.000,0.000,0.000,1,1.000,1,1,0.0576,0.2582,-0.0028,0.0606
545,13,0,0,0.000,-0.032,-1.000,-1.000,1,1,0.000,0.000,0.000,1,1.000,1,1,0.0576,0.2582,-0.0028,0.0606
546,13,0,0,0.000,-0.032,-1.000,-1.000,1,1,0.000,0.000,0.000,1,1.000,1,1,0.0576,0.2582,-0.0028,0.0606
547,13,0,0,0.000,-0.032,-1.000,-1.000,1,1,0.000,0.000,0.000,1,1.000,1,1,0.0576,0.2582,-0.0028,0.0606
548,13,0,0,0.000,-0.032,-1.000,-1.000,1,1,0.000,0.000,0.000,1,1.000,1,1,0.0576,0.2582,-0.0028,0.0606
549,13,0,0,0.000,-0.032,-1.000,-1.000,1,1,0.000,0.000,0.000,1,1.000,1,1,0.0576,0.2582,-0.0028,0.0606
550,13,0,0,0.000,-0.032,-1.000,-1.000,1,1,0.000,0.000,0.000,1,1.000,1,1,0.0576,0.2582,-0.0028,0.0606
551,13,0,0,0.000,-0.032,-1.000,-1.000,1,1,0.000,0.000,0.000,1,1.000,1,1,0.0576,0.2583,-0.0028,0.0606
552,13,0,0,0.000,-0.032,-1.000,-1.000,1,1,0.000,0.000,0.000,1,1.000,1,1,0.0576,0.2583,-0.0029,0.0607
553,13,0,0,0.000,-0.032,-1.000,-1.000,1,1,0.000,0.000,0.000,1,1.000,1,1,0.0576,0.2583,-0.0029,0.0607
554,13,0,0,0.000,-0.032,-1.000,-1.000,1,1,0.000,0.000,0.000,1,1.000,1,1,0.0576,0.2583,-0.0029,0.0607
555,13,0,0,0.000,-0.032,-1.000,-1.000,1,1,0.000,0.000,0.000,1,1.000,1,1,0.0576,0.2583,-0.0029,0.0607
556,13,0,0,0.000,-0.032,-1.000,-1.000,1,1,0.000,0.000,0.000,1,1.000,1,1,0.0576,0.2583,-0.0029,0.0607
557,13,0,0,0.000,-0.032,-1.000,-1.000,1,1,0.000,0.000,0.000,1,1.000,1,1,0.0576,0.2583,-0.0029,0.0607
558,13,0,0,0.000,-0.032,-1.000,-1.000,1,1,0.000,0.000,0.000,1,1.000,1,1,0.0576,0.2583,-0.0029,0.0607
559,13,0,0,0.000,-0.032,-1.000,-1.000,1,1,0.000,0.000,0.000,1,1.000,1,1,0.0576,0.2583,-0.0029,0.0607
560,13,0,0,0.000,-0.032,-1.000,-1.000,1,1,0.000,0.000,0.000,1,1.000,1,1,0.0576,0.2583,-0.0029,0.0607
561,13,0,0,0.000,-0.032,-1.000,-1.000,1,1,0.000,0.000,0.000,1,1.000,1,1,0.0576,0.2583,-0.0029,0.0607
562,13,0,0,0.000,-0.032,-1.000,-1.000,1,1,0.000,0.000,0.000,1,1.000,1,1,0.0576,0.2583,-0.0029,0.0607
563,13,0,0,0.000,-0.032,-1.000,-1.000,1,1,0.000,0.000,0.000,1,1.000,1,1,0.0576,0.2583,-0.0029,0.0607
564,13,0,0,0.000,-0.032,-1.000,-1.000,1,1,0.000,0.000,0.000,1,1.000,1,1,0.0576,0.2584,-0.0029,0.0607
565,13,0,0,0.000,-0.032,-1.000,-1.000,1,1,0.000,0.000,0.000,1,1.000,1,1,0.0576,0.2584,-0.0029,0.0607
566,13,0,0,0.000,-0.032,-1.000,-1.000,1,1,0.000,0.000,0.000,1,1.000,1,1,0.0576,0.2584,-0.0029,0.0607
567,13,0,0,0.000,-0.032,-1.000,-1.000,1,1,0.000,0.000,0.000,1,1.000,1,1,0.0576,0.2584,-0.0029,0.0607
568,13,0,0,0.000,-0.032,-1.000,-1.000,1,1,0.000,0.000,0.000,1,1.000,1,1,0.0576,0.2584,-0.0029,0.0607
569,13,0,0,0.000,-0.032,-1.000,-1.000,1,1,0.000,0.000,0.000,1,1.000,1,1,0.0576,0.2584,-0.0029,0.0607
570,13,0,0,0.000,-0.032,-1.000,-1.000,1,1,0.000,0.000,0.000,1,1.000,1,1,0.0576,0.2584,-0.0029,0.0607
571,13,0,0,0.000,-0.032,-1.000,-1.000,1,1,0.000,0.000,0.000,1,1.000,1,1,0.0576,0.2584,-0.0029,0.0607
572,13,0,0,0.000,-0.032,-1.000,-1.000,1,1,0.000,0.000,0.000,1,1.000,1,1,0.0576,0.2584,-0.0029,0.0607
573,13,0,0,0.000,-0.032,-1.000,-1.000,1,1,0.000,0.000,0.000,1,1.000,1,1,0.0576,0.2584,-0.0029,0.0607
574,13,0,0,0.000,-0.032,-1.000,-1.000,1,1,0.000,0.000,0.000,1,1.000,1,1,0.0576,0.2584,-0.0029,0.0607
575,13,0,0,0.000,-0.032,-1.000,-1.000,1,1,0.000,0.000,0.000,1,1.000,1,1,0.0576,0.2584,-0.0029,0.0607
576,13,0,0,0.000,-0.032,-1.000,-1.000,1,1,0.000,0.000,0.000,1,1.000,1,1,0.0576,0.2584,-0.0029,0.0607
577,13,0,0,0.000,-0.032,-1.000,-1.000,1,1,0.000,0.000,0.000,1,1.000,1,1,0.0576,0.2584,-0.0029,0.0607
578,13,0,0,0.000,-0.032,-1.000,-1.000,1,1,0.000,0.000,0.000,1,1.000,1,1,0.0576,0.2584,-0.0029,0.0607
579,13,0,0,0.000,-0.032,-1.000,-1.000,1,1,0.000,0.000,0.000,1,1.000,1,1,0.0576,0.2585,-0.0029,0.0607
580,13,0,0,0.000,-0.032,-1.000,-1.000,1,1,0.000,0.000,0.000,1,1.000,1,1,0.0576,0.2585,-0.0029,0.0607
581,13,0,0,0.000,-0.032,-1.000,-1.000,1,1,0.000,0.000,0.000,1,1.000,1,1,0.0576,0.2585,-0.0029,0.0607
582,13,0,0,0.000,-0.032,-1.000,-1.000,1,1,0.000,0.000,0.000,1,1.000,1,1,0.0576,0.2585,-0.0029,0.0607
583,13,0,0,0.000,-0.032,-1.000,-1.000,1,1,0.000,0.000,0.000,1,1.000,1,1,0.0576,0.2585,-0.0029,0.0607
584,13,0,0,0.000,-0.032,-1.000,-1.000,1,1,0.000,0.000,0.000,1,1.000,1,1,0.0576,0.2585,-0.0029,0.0607
585,13,0,0,0.000,-0.032,-1.000,-1.000,1,1,0.000,0.000,0.000,1,1.000,1,1,0.0576,0.2585,-0.0029,0.0607
586,13,0,0,0.016,-0.039,-1.000,-1.000,1,1,0.000,0.000,0.000,1,1.000,1,1,0.0576,0.2585,-0.0029,0.0607
587,13,0,0,0.016,-0.039,-1.000,-1.000,1,1,0.000,0.000,0.000,1,1.000,1,1,0.0576,0.2585,-0.0029,0.0607
588,13,0,0,0.016,-0.039,-1.000,-1.000,1,1,0.000,0.000,0.000,1,1.000,1,1,0.0576,0.2585,-0.0029,0.0607
589,13,0,0,0.016,-0.039,-1.000,-1.000,1,1,0.000,0.000,0.000,1,1.000,1,1,0.0576,0.2585,-0.0029,0.0607
590,13,0,0,0.016,-0.039,-1.000,-1.000,1,1,0.000,0.000,0.000,1,1.000,1,1,0.0576,0.2586,-0.0029,0.0607
591,13,0,0,0.016,-0.039,-1.000,-1.000,1,1,0.000,0.000,0.000,1,1.000,1,1,0.0576,0.2586,-0.0029,0.0607
592,13,0,0,0.016,-0.039,-1.000,-1.000,1,1,0.000,0.000,0.000,1,1.000,1,1,0.0576,0.2586,-0.0029,0.0607
593,13,0,0,0.016,-0.039,-1.000,-1.000,1,1,0.000,0.000,0.000,1,1.000,1,1,0.0576,0.2586,-0.0029,0.0607
594,13,0,0,0.016,-0.039,-1.000,-1.000,1,1,0.000,0.000,0.000,1,1.000,1,1,0.0576,0.2586,-0.0030,0.0607
595,13,0,0,0.016,-0.039,-1.000,-1.000,1,1,0.000,0.000,0.000,1,1.000,1,1,0.0576,0.2586,-0.0030,0.0607
596,13,0,0,0.016,-0.039,-1.000,-1.000,1,1,0.000,0.000,0.000,1,1.000,1,1,0.0576,0.2586,-0.0030,0.0607
597,13,0,0,0.016,-0.039,-1.000,-1.000,1,1,0.000,0.000,0.000,1,1.000,1,1,0.0576,0.2586,-0.0030,0.0607
598,13,0,0,0.016,-0.039,-1.000,-1.000,1,1,0.000,0.000,0.000,1,1.000,1,1,0.0576,0.2586,-0.0030,0.0607
599,13,0,0,0.016,-0.039,-1.000,-1.000,1,1,0.000,0.000,0.000,1,1.000,1,1,0.0576,0.2586,-0.0030,0.0607
600,13,0,0,0.016,-0.039,-1.000,-1.000,1,1,0.000,0.000,0.000,1,1.000,1,1,0.0576,0.2586,-0.0030,0.0607
601,13,0,0,0.016,-0.039,-1.000,-1.000,1,1,0.000,0.000,0.000,1,1.000,1,1,0.0576,0.2587,-0.0030,0.0607
602,13,0,0,0.016,-0.039,-1.000,-1.000,1,1,0.000,0.000,0.000,1,1.000,1,1,0.0576,0.2587,-0.0030,0.0607
603,13,0,0,0.016,-0.039,-1.000,-1.000,1,1,0.000,0.000,0.000,1,1.000,1,1,0.0576,0.2587,-0.0030,0.0607
604,13,0,0,0.016,-0.039,-1.000,-1.000,1,1,0.000,0.000,0.000,1,1.000,1,1,0.0576,0.2587,-0.0030,0.0607
605,13,0,0,0.016,-0.039,-1.000,-1.000,1,1,0.000,0.000,0.000,1,1.000,1,1,0.0576,0.2587,-0.0030,0.0607
606,13,0,0,0.016,-0.039,-1.000,-1.000,1,1,0.000,0.000,0.000,1,1.000,1,1,0.0576,0.2587,-0.0030,0.0607
607,13,0,0,0.016,-0.039,-1.000,-1.000,1,1,0.000,0.000,0.000,1,1.000,1,1,0.0576,0.2587,-0.0030,0.0607
608,13,0,0,0.016,-0.039,-1.000,-1.000,1,1,0.000,0.000,0.000,1,1.000,1,1,0.0576,0.2587,-0.0030,0.0607
609,13,0,0,0.016,-0.039,-1.000,-1.000,1,1,0.000,0.000,0.000,1,1.000,1,1,0.0576,0.2587,-0.0030,0.0607
610,13,0,0,0.016,-0.039,-1.000,-1.000,1,1,0.000,0.000,0.000,1,1.000,1,1,0.0576,0.2587,-0.0030,0.0607
611,13,0,0,0.016,-0.039,-1.000,-1.000,1,1,0.000,0.000,0.000,1,1.000,1,1,0.0576,0.2587,-0.0030,0.0607
612,13,0,0,0.016,-0.039,-1.000,-1.000,1,1,0.000,0.000,0.000,1,1.000,1,1,0.0576,0.2587,-0.0030,0.0607
613,13,0,0,0.016,-0.039,-1.000,-1.000,1,1,0.000,0.000,0.000,1,1.000,1,1,0.0576,0.2588,-0.0030,0.0607
614,13,0,0,0.016,-0.039,-1.000,-1.000,1,1,0.000,0.000,0.000,1,1.000,1,1,0.0576,0.2588,-0.0030,0.0607
615,13,0,0,0.016,-0.039,-1.000,-1.000,1,1,0.000,0.000,0.000,1,1.000,1,1,0.0576,0.2588,-0.0030,0.0607
616,13,0,0,0.016,-0.039,-1.000,-1.000,1,1,0.000,0.000,0.000,1,1.000,1,1,0.0576,0.2588,-0.0030,0.0607
617,13,0,0,0.016,-0.039,-1.000,-1.000,1,1,0.000,0.000,0.000,1,1.000,1,1,0.0576,0.2588,-0.0030,0.0607
618,13,0,0,0.016,-0.039,-1.000,-1.000,1,1,0.000,0.000,0.000,1,1.000,1,1,0.0576,0.2588,-0.0030,0.0607
619,13,0,0,0.016,-0.039,-1.000,-1.000,1,1,0.000,0.000,0.000,1,1.000,1,1,0.0576,0.2588,-0.0030,0.0607
620,13,0,0,0.016,-0.039,-1.000,-1.000,1,1,0.000,0.000,0.000,1,1.000,1,1,0.0576,0.2588,-0.0030,0.0607
621,13,0,0,0.016,-0.039,-1.000,-1.000,1,1,0.000,0.000,0.000,1,1.000,1,1,0.0576,0.2588,-0.0030,0.0608
622,13,0,0,0.016,-0.039,-1.000,-1.000,1,1,0.000,0.000,0.000,1,1.000,1,1,0.0576,0.2588,-0.0030,0.0608
623,13,0,0,0.016,-0.039,-1.000,-1.000,1,1,0.000,0.000,0.000,1,1.000,1,1,0.0576,0.2588,-0.0030,0.0608
624,13,0,0,0.016,-0.063,-1.000,-1.000,1,1,0.000,0.000,0.000,1,1.000,1,1,0.0576,0.2589,-0.0030,0.0608
625,13,0,0,0.016,-0.071,-1.000,-1.000,1,1,0.000,0.000,0.000,1,1.000,1,1,0.0576,0.2589,-0.0030,0.0608
626,13,0,0,0.016,-0.071,-1.000,-1.000,1,1,0.000,0.000,0.000,1,1.000,1,1,0.0576,0.2589,-0.0030,0.0608
627,13,0,0,0.016,-0.071,-1.000,-1.000,1,1,0.000,0.000,0.000,1,1.000,1,1,0.0576,0.2589,-0.0030,0.0608
628,13,0,0,0.016,-0.063,-1.000,-1.000,1,1,0.000,0.000,0.000,1,1.000,1,1,0.0576,0.2589,-0.0030,0.0608
629,13,0,0,0.016,-0.063,-1.000,-1.000,1,1,0.000,0.000,0.000,1,1.000,1,1,0.0576,0.2589,-0.0031,0.0608
630,13,0,0,0.016,-0.063,-1.000,-1.000,1,1,0.000,0.000,0.000,1,1.000,1,1,0.0576,0.2589,-0.0031,0.0608
631,13,0,0,0.016,-0.063,-1.000,-1.000,1,1,0.000,0.000,0.000,1,1.000,1,1,0.0576,0.2589,-0.0031,0.0608
632,13,0,0,0.016,-0.063,-1.000,-1.000,1,1,0.000,0.000,0.000,1,1.000,1,1,0.0576,0.2589,-0.0031,0.0608
633,13,0,0,0.016,-0.063,-1.000,-1.000,1,1,0.000,0.000,0.000,1,1.000,1,1,0.0576,0.2589,-0.0031,0.0608
634,13,0,0,0.016,-0.063,-1.000,-1.000,1,1,0.000,0.000,0.000,1,1.000,1,1,0.0576,0.2590,-0.0031,0.0608
635,13,0,0,0.016,-0.063,-1.000,-1.000,1,1,0.000,0.000,0.000,1,1.000,1,1,0.0576,0.2590,-0.0031,0.0608
636,13,0,0,0.016,-0.063,-1.000,-1.000,1,1,0.000,0.000,0.000,1,1.000,1,1,0.0576,0.2590,-0.0031,0.0608
637,13,0,0,0.016,-0.063,-1.000,-1.000,1,1,0.000,0.000,0.000,1,1.000,1,1,0.0576,0.2590,-0.0031,0.0608
638,13,0,0,0.016,-0.063,-1.000,-1.000,1,1,0.000,0.000,0.000,1,1.000,1,1,0.0576,0.2590,-0.0031,0.0608
639,13,0,0,0.016,-0.063,-1.000,-1.000,1,1,0.000,0.000,0.000,1,1.000,1,1,0.0576,0.2590,-0.0031,0.0608
640,13,0,0,0.016,-0.063,-1.000,-1.000,1,1,0.000,0.000,0.000,1,1.000,1,1,0.0576,0.2590,-0.0031,0.0608
641,13,0,0,0.016,-0.063,-1.000,-1.000,1,1,0.000,0.000,0.000,1,1.000,1,1,0.0576,0.2590,-0.0031,0.0608
642,13,0,0,0.016,-0.063,-1.000,-1.000,1,1,0.000,0.000,0.000,1,1.000,1,1,0.0576,0.2590,-0.0031,0.0608
643,13,0,0,0.016,-0.063,-1.000,-1.000,1,1,0.000,0.000,0.000,1,1.000,1,1,0.0576,0.2590,-0.0031,0.0608
644,13,0,0,0.016,-0.063,-1.000,-1.000,1,1,0.000,0.000,0.000,1,1.000,1,1,0.0576,0.2591,-0.0031,0.0608
645,13,0,0,0.016,-0.063,-1.000,-1.000,1,1,0.000,0.000,0.000,1,1.000,1,1,0.0576,0.2591,-0.0031,0.0608
646,13,0,0,0.016,-0.063,-1.000,-1.000,1,1,0.000,0.000,0.000,1,1.000,1,1,0.0576,0.2591,-0.0031,0.0608
647,13,0,0,0.016,-0.063,-1.000,-1.000,1,1,0.000,0.000,0.000,1,1.000,1,1,0.0576,0.2591,-0.0031,0.0608
648,13,0,0,0.016,-0.063,-1.000,-1.000,1,1,0.000,0.000,0.000,1,1.000,1,1,0.0576,0.2591,-0.0031,0.0608
649,13,0,0,0.016,-0.063,-1.000,-1.000,1,1,0.000,0.000,0.000,1,1.000,1,1,0.0576,0.2591,-0.0031,0.0608
650,13,0,0,0.016,-0.063,-1.000,-1.000,1,1,0.000,0.000,0.000,1,1.000,1,1,0.0576,0.2591,-0.0031,0.0608
651,13,0,0,0.016,-0.063,-1.000,-1.000,1,1,0.000,0.000,0.000,1,1.000,1,1,0.0576,0.2591,-0.0031,0.0608
652,13,0,0,0.016,-0.063,-1.000,-1.000,1,1,0.000,0.000,0.000,1,1.000,1,1,0.0576,0.2591,-0.0031,0.0608
653,13,0,0,0.016,-0.063,-1.000,-1.000,1,1,0.000,0.000,0.000,1,1.000,1,1,0.0576,0.2591,-0.0031,0.0608
654,13,0,0,0.016,-0.063,-1.000,-1.000,1,1,0.000,0.000,0.000,1,1.000,1,1,0.0576,0.2591,-0.0031,0.0608
655,13,0,0,0.016,-0.063,-1.000,-1.000,1,1,0.000,0.000,0.000,1,1.000,1,1,0.0576,0.2591,-0.0031,0.0608
656,13,0,0,0.016,-0.063,-1.000,-1.000,1,1,0.000,0.000,0.000,1,1.000,1,1,0.0576,0.2591,-0.0031,0.0608
657,13,0,0,0.016,-0.063,-1.000,-1.000,1,1,0.000,0.000,0.000,1,1.000,1,1,0.0576,0.2592,-0.0031,0.0608
658,13,0,0,0.016,-0.063,-1.000,-1.000,1,1,0.000,0.000,0.000,1,1.000,1,1,0.0576,0.2592,-0.0031,0.0608
659,13,0,0,0.016,-0.063,-1.000,-1.000,1,1,0.000,0.000,0.000,1,1.000,1,1,0.0576,0.2592,-0.0031,0.0608
660,13,0,0,0.016,-0.063,-1.000,-1.000,1,1,0.000,0.000,0.000,1,1.000,1,1,0.0576,0.2592,-0.0031,0.0608
661,13,0,0,0.016,-0.063,-1.000,-1.000,1,1,0.000,0.000,0.000,1,1.000,1,1,0.0576,0.2592,-0.0031,0.0608
662,13,0,0,0.016,-0.063,-1.000,-1.000,1,1,0.000,0.000,0.000,1,1.000,1,1,0.0576,0.2592,-0.0031,0.0608
663,13,0,0,0.016,-0.063,-1.000,-1.000,1,1,0.000,0.000,0.000,1,1.000,1,1,0.0576,0.2592,-0.0031,0.0608
664,13,0,0,0.016,-0.063,-1.000,-1.000,1,1,0.000,0.000,0.000,1,1.000,1,1,0.0576,0.2592,-0.0031,0.0608
665,13,0,0,0.016,-0.063,-1.000,-1.000,1,1,0.000,0.000,0.000,1,1.000,1,1,0.0576,0.2592,-0.0031,0.0608
666,13,0,0,0.016,-0.063,-1.000,-1.000,1,1,0.000,0.000,0.000,1,1.000,1,1,0.0576,0.2592,-0.0031,0.0608
667,13,0,0,0.016,-0.063,-1.000,-1.000,1,1,0.000,0.000,0.000,1,1.000,1,1,0.0576,0.2592,-0.0031,0.0608
668,13,0,0,0.016,-0.063,-1.000,-1.000,1,1,0.000,0.000,0.000,1,1.000,1,1,0.0576,0.2592,-0.0031,0.0608
669,13,0,0,0.016,-0.063,-1.000,-1.000,1,1,0.000,0.000,0.000,1,1.000,1,1,0.0576,0.2592,-0.0031,0.0608
670,13,0,0,0.016,-0.063,-1.000,-1.000,1,1,0.000,0.000,0.000,1,1.000,1,1,0.0576,0.2592,-0.0031,0.0608
671,13,0,0,0.016,-0.063,-1.000,-1.000,1,1,0.000,0.000,0.000,1,1.000,1,1,0.0576,0.2592,-0.0031,0.0608
672,13,0,0,0.016,-0.063,-1.000,-1.000,1,1,0.000,0.000,0.000,1,1.000,1,1,0.0576,0.2592,-0.0031,0.0608
673,13,0,0,0.016,-0.063,-1.000,-1.000,1,1,0.000,0.000,0.000,1,1.000,1,1,0.0576,0.2592,-0.0031,0.0608
674,13,0,0,0.016,-0.063,-1.000,-1.000,1,1,0.000,0.000,0.000,1,1.000,1,1,0.0576,0.2592,-0.0031,0.0608
675,13,0,0,0.016,-0.063,-1.000,-1.000,1,1,0.000,0.000,0.000,1,1.000,1,1,0.0576,0.2592,-0.0031,0.0608
676,13,0,0,0.016,-0.063,-1.000,-1.000,1,1,0.000,0.000,0.000,1,1.000,1,1,0.0576,0.2593,-0.0031,0.0608
677,13,0,0,0.016,-0.063,-1.000,-1.000,1,1,0.000,0.000,0.000,1,1.000,1,1,0.0576,0.2593,-0.0031,0.0608
678,13,0,0,0.016,-0.063,-1.000,-1.000,1,1,0.000,0.000,0.000,1,1.000,1,1,0.0576,0.2593,-0.0031,0.0608
679,13,0,0,0.016,-0.063,-1.000,-1.000,1,1,0.000,0.000,0.000,1,1.000,1,1,0.0576,0.2593,-0.0032,0.0608
680,13,0,0,0.016,-0.063,-1.000,-1.000,1,1,0.000,0.000,0.000,1,1.000,1,1,0.0576,0.2593,-0.0032,0.0608
681,13,0,0,0.016,-0.063,-1.000,-1.000,1,1,0.000,0.000,0.000,1,1.000,1,1,0.0576,0.2593,-0.0032,0.0608
682,13,0,0,0.016,-0.063,-1.000,-1.000,1,1,0.000,0.000,0.000,1,1.000,1,1,0.0576,0.2593,-0.0032,0.0608
683,13,0,0,0.016,-0.063,-1.000,-1.000,1,1,0.000,0.000,0.000,1,1.000,1,1,0.0576,0.2593,-0.0032,0.0608
684,13,0,0,0.016,-0.063,-1.000,-1.000,1,1,0.000,0.000,0.000,1,1.000,1,1,0.0576,0.2593,-0.0032,0.0608
685,13,0,0,0.016,-0.063,-1.000,-1.000,1,1,0.000,0.000,0.000,1,1.000,1,1,0.0576,0.2593,-0.0032,0.0608
686,13,0,0,0.016,-0.063,-1.000,-1.000,1,1,0.000,0.000,0.000,1,1.000,1,1,0.0576,0.2593,-0.0032,0.0608
687,13,0,0,0.016,-0.063,-1.000,-1.000,1,1,0.000,0.000,0.000,1,1.000,1,1,0.0576,0.2593,-0.0032,0.0608
688,13,0,0,0.016,-0.063,-1.000,-1.000,1,1,0.000,0.000,0.000,1,1.000,1,1,0.0576,0.2593,-0.0032,0.0608
689,13,0,0,0.016,-0.063,-1.000,-1.000,1,1,0.000,0.000,0.000,1,1.000,1,1,0.0576,0.2593,-0.0032,0.0608
690,13,0,0,0.016,-0.063,-1.000,-1.000,1,1,0.000,0.000,0.000,1,1.000,1,1,0.0576,0.2593,-0.0032,0.0608
691,13,0,0,0.016,-0.063,-1.000,-1.000,1,1,0.000,0.000,0.000,1,1.000,1,1,0.0576,0.2593,-0.0032,0.0608
692,13,0,0,0.016,-0.063,-1.000,-1.000,1,1,0.000,0.000,0.000,1,1.000,1,1,0.0576,0.2593,-0.0032,0.0608
693,13,0,0,0.016,-0.063,-1.000,-1.000,1,1,0.000,0.000,0.000,1,1.000,1,1,0.0576,0.2593,-0.0032,0.0608
694,13,0,0,0.016,-0.063,-1.000,-1.000,1,1,0.000,0.000,0.000,1,1.000,1,1,0.0576,0.2593,-0.0032,0.0608
695,13,0,0,0.016,-0.063,-1.000,-1.000,1,1,0.000,0.000,0.000,1,1.000,1,1,0.0576,0.2594,-0.0032,0.0608
696,13,0,0,0.016,-0.063,-1.000,-1.000,1,1,0.000,0.000,0.000,1,1.000,1,1,0.0576,0.2594,-0.0032,0.0608
697,13,0,0,0.016,-0.063,-1.000,-1.000,1,1,0.000,0.000,0.000,1,1.000,1,1,0.0576,0.2594,-0.0032,0.0608
698,13,0,0,0.016,-0.063,-1.000,-1.000,1,1,0.000,0.000,0.000,1,1.000,1,1,0.0576,0.2594,-0.0032,0.0609
699,13,0,0,0.016,-0.063,-1.000,-1.000,1,1,0.000,0.000,0.000,1,1.000,1,1,0.0576,0.2594,-0.0032,0.0609
700,13,0,0,0.016,-0.063,-1.000,-1.000,1,1,0.000,0.000,0.000,1,1.000,1,1,0.0576,0.2594,-0.0032,0.0609
701,13,0,0,0.016,-0.063,-1.000,-1.000,1,1,0.000,0.000,0.000,1,1.000,1,1,0.0576,0.2594,-0.0032,0.0609
702,13,0,0,0.016,-0.063,-1.000,-1.000,1,1,0.000,0.000,0.000,1,1.000,1,1,0.0576,0.2594,-0.0032,0.0609
703,13,0,0,0.016,-0.063,-1.000,-1.000,1,1,0.000,0.000,0.000,1,1.000,1,1,0.0576,0.2594,-0.0032,0.0609
704,13,0,0,0.016,-0.063,-1.000,-1.000,1,1,0.000,0.000,0.000,1,1.000,1,1,0.0576,0.2594,-0.0032,0.0609
705,13,0,0,0.016,-0.063,-1.000,-1.000,1,1,0.000,0.000,0.000,1,1.000,1,1,0.0576,0.2594,-0.0032,0.0609
706,13,0,0,0.016,-0.063,-1.000,-1.000,1,1,0.000,0.000,0.000,1,1.000,1,1,0.0576,0.2594,-0.0032,0.0609
707,13,0,0,0.016,-0.063,-1.000,-1.000,1,1,0.000,0.000,0.000,1,1.000,1,1,0.0576,0.2594,-0.0032,0.0609
708,13,0,0,0.016,-0.063,-1.000,-1.000,1,1,0.000,0.000,0.000,1,1.000,1,1,0.0576,0.2594,-0.0032,0.0609
709,13,0,0,0.016,-0.063,-1.000,-1.000,1,1,0.000,0.000,0.000,1,1.000,1,1,0.0576,0.2595,-0.0032,0.0609
710,13,0,0,0.016,-0.063,-1.000,-1.000,1,1,0.000,0.000,0.000,1,1.000,1,1,0.0576,0.2595,-0.0032,0.0609
711,13,0,0,0.016,-0.063,-1.000,-1.000,1,1,0.000,0.000,0.000,1,1.000,1,1,0.0576,0.2595,-0.0032,0.0609
712,13,0,0,0.016,-0.063,-1.000,-1.000,1,1,0.000,0.000,0.000,1,1.000,1,1,0.0576,0.2595,-0.0032,0.0609
713,13,0,0,0.016,-0.063,-1.000,-1.000,1,1,0.000,0.000,0.000,1,1.000,1,1,0.0576,0.2595,-0.0032,0.0609
714,13,0,0,0.016,-0.063,-1.000,-1.000,1,1,0.000,0.000,0.000,1,1.000,1,1,0.0576,0.2595,-0.0032,0.0609
715,13,0,0,0.016,-0.063,-1.000,-1.000,1,1,0.000,0.000,0.000,1,1.000,1,1,0.0576,0.2595,-0.0032,0.0609
716,13,0,0,0.016,-0.063,-1.000,-1.000,1,1,0.000,0.000,0.000,1,1.000,1,1,0.0576,0.2595,-0.0032,0.0609
717,13,0,0,0.016,-0.063,-1.000,-1.000,1,1,0.000,0.000,0.000,1,1.000,1,1,0.0576,0.2595,-0.0032,0.0609
718,13,0,0,0.016,-0.063,-1.000,-1.000,1,1,0.000,0.000,0.000,1,1.000,1,1,0.0576,0.2595,-0.0032,0.0609
719,13,0,0,0.016,-0.063,-1.000,-1.000,1,1,0.000,0.000,0.000,1,1.000,1,1,0.0576,0.2595,-0.0032,0.0609
720,13,0,0,0.016,-0.063,-1.000,-1.000,1,1,0.000,0.000,0.000,1,1.000,1,1,0.0576,0.2595,-0.0032,0.0609
721,13,0,0,0.016,-0.063,-1.000,-1.000,1,1,0.000,0.000,0.000,1,1.000,1,1,0.0576,0.2595,-0.0032,0.0609
722,13,0,0,0.016,-0.063,-1.000,-1.000,1,1,0.000,0.000,0.000,1,1.000,1,1,0.0576,0.2595,-0.0032,0.0609
723,13,0,0,0.016,-0.063,-1.000,-1.000,1,1,0.000,0.000,0.000,1,1.000,1,1,0.0576,0.2595,-0.0032,0.0609
724,13,0,0,0.016,-0.063,-1.000,-1.000,1,1,0.000,0.000,0.000,1,1.000,1,1,0.0576,0.2596,-0.0032,0.0609
725,13,0,0,0.016,-0.063,-1.000,-1.000,1,1,0.000,0.000,0.000,1,1.000,1,1,0.0576,0.2596,-0.0032,0.0609
726,13,0,0,0.016,-0.063,-1.000,-1.000,1,1,0.000,0.000,0.000,1,1.000,1,1,0.0576,0.2596,-0.0032,0.0609
727,13,0,0,0.016,-0.063,-1.000,-1.000,1,1,0.000,0.000,0.000,1,1.000,1,1,0.0576,0.2596,-0.0032,0.0609
728,13,0,0,0.016,-0.063,-1.000,-1.000,1,1,0.000,0.000,0.000,1,1.000,1,1,0.0576,0.2596,-0.0032,0.0609
729,13,0,0,0.016,-0.063,-1.000,-1.000,1,1,0.000,0.000,0.000,1,1.000,1,1,0.0576,0.2596,-0.0032,0.0609
730,13,0,0,0.016,-0.063,-1.000,-1.000,1,1,0.000,0.000,0.000,1,1.000,1,1,0.0576,0.2596,-0.0032,0.0609
731,13,0,0,0.016,-0.063,-1.000,-1.000,1,1,0.000,0.000,0.000,1,1.000,1,1,0.0576,0.2596,-0.0032,0.0609
732,13,0,0,0.016,-0.063,-1.000,-1.000,1,1,0.000,0.000,0.000,1,1.000,1,1,0.0576,0.2596,-0.0032,0.0609
733,13,0,0,0.016,-0.063,-1.000,-1.000,1,1,0.000,0.000,0.000,1,1.000,1,1,0.0576,0.2596,-0.0032,0.0609
734,13,0,0,0.016,-0.063,-1.000,-1.000,1,1,0.000,0.000,0.000,1,1.000,1,1,0.0576,0.2596,-0.0032,0.0609
735,13,0,0,0.016,-0.063,-1.000,-1.000,1,1,0.000,0.000,0.000,1,1.000,1,1,0.0576,0.2596,-0.0032,0.0609
736,13,0,0,0.016,-0.063,-1.000,-1.000,1,1,0.000,0.000,0.000,1,1.000,1,1,0.0576,0.2596,-0.0032,0.0609
737,13,0,0,0.016,-0.063,-1.000,-1.000,1,1,0.000,0.000,0.000,1,1.000,1,1,0.0576,0.2596,-0.0033,0.0609
738,13,0,0,0.016,-0.063,-1.000,-1.000,1,1,0.000,0.000,0.000,1,1.000,1,1,0.0576,0.2596,-0.0033,0.0609
739,13,0,0,0.016,-0.063,-1.000,-1.000,1,1,0.000,0.000,0.000,1,1.000,1,1,0.0576,0.2596,-0.0033,0.0609
740,13,0,0,0.016,-0.063,-1.000,-1.000,1,1,0.000,0.000,0.000,1,1.000,1,1,0.0576,0.2596,-0.0033,0.0609
741,13,0,0,0.016,-0.063,-1.000,-1.000,1,1,0.000,0.000,0.000,1,1.000,1,1,0.0576,0.2596,-0.0033,0.0609
742,13,0,0,0.016,-0.063,-1.000,-1.000,1,1,0.000,0.000,0.000,1,1.000,1,1,0.0576,0.2596,-0.0033,0.0609
743,13,0,0,0.016,-0.063,-1.000,-1.000,1,1,0.000,0.000,0.000,1,1.000,1,1,0.0576,0.2596,-0.0033,0.0609
744,13,0,0,0.016,-0.063,-1.000,-1.000,1,1,0.000,0.000,0.000,1,1.000,1,1,0.0576,0.2596,-0.0033,0.0609
745,13,0,0,0.016,-0.063,-1.000,-1.000,1,1,0.000,0.000,0.000,1,1.000,1,1,0.0576,0.2596,-0.0033,0.0609
746,13,0,0,0.016,-0.063,-1.000,-1.000,1,1,0.000,0.000,0.000,1,1.000,1,1,0.0576,0.2596,-0.0033,0.0609
747,13,0,0,0.016,-0.063,-1.000,-1.000,1,1,0.000,0.000,0.000,1,1.000,1,1,0.0576,0.2597,-0.0033,0.0609
748,13,0,0,0.016,-0.063,-1.000,-1.000,1,1,0.000,0.000,0.000,1,1.000,1,1,0.0576,0.2597,-0.0033,0.0609
749,13,0,0,0.016,-0.063,-1.000,-1.000,1,1,0.000,0.000,0.000,1,1.000,1,1,0.0576,0.2597,-0.0033,0.0609
750,13,0,0,0.016,-0.063,-1.000,-1.000,1,1,0.000,0.000,0.000,1,1.000,1,1,0.0576,0.2597,-0.0033,0.0609
751,13,0,0,0.016,-0.063,-1.000,-1.000,1,1,0.000,0.000,0.000,1,1.000,1,1,0.0576,0.2597,-0.0033,0.0609
752,13,0,0,0.016,-0.063,-1.000,-1.000,1,1,0.000,0.000,0.000,1,1.000,1,1,0.0576,0.2597,-0.0033,0.0609
753,13,0,0,0.016,-0.063,-1.000,-1.000,1,1,0.000,0.000,0.000,1,1.000,1,1,0.0576,0.2597,-0.0033,0.0609
754,13,0,0,0.016,-0.063,-1.000,-1.000,1,1,0.000,0.000,0.000,1,1.000,1,1,0.0576,0.2597,-0.0033,0.0609
755,13,0,0,0.016,-0.063,-1.000,-1.000,1,1,0.000,0.000,0.000,1,1.000,1,1,0.0576,0.2597,-0.0033,0.0609
756,13,0,0,0.016,-0.063,-1.000,-1.000,1,1,0.000,0.000,0.000,1,1.000,1,1,0.0576,0.2597,-0.0033,0.0609
757,13,0,0,0.016,-0.063,-1.000,-1.000,1,1,0.000,0.000,0.000,1,1.000,1,1,0.0576,0.2597,-0.0033,0.0609
758,13,0,0,0.016,-0.063,-1.000,-1.000,1,1,0.000,0.000,0.000,1,1.000,1,1,0.0576,0.2597,-0.0033,0.0609
759,13,0,0,0.016,-0.063,-1.000,-1.000,1,1,0.000,0.000,0.000,1,1.000,1,1,0.0576,0.2597,-0.0033,0.0609
760,13,0,0,0.016,-0.063,-1.000,-1.000,1,1,0.000,0.000,0.000,1,1.000,1,1,0.0576,0.2597,-0.0033,0.0609
761,13,0,0,0.016,-0.063,-1.000,-1.000,1,1,0.000,0.000,0.000,1,1.000,1,1,0.0576,0.2597,-0.0033,0.0609
762,13,0,0,0.016,-0.063,-1.000,-1.000,1,1,0.000,0.000,0.000,1,1.000,1,1,0.0576,0.2597,-0.0033,0.0609
763,13,0,0,0.016,-0.063,-1.000,-1.000,1,1,0.000,0.000,0.000,1,1.000,1,1,0.0576,0.2597,-0.0033,0.0609
764,13,0,0,0.016,-0.063,-1.000,-1.000,1,1,0.000,0.000,0.000,1,1.000,1,1,0.0576,0.2597,-0.0033,0.0609
765,13,0,0,0.016,-0.063,-1.000,-1.000,1,1,0.000,0.000,0.000,1,1.000,1,1,0.0576,0.2597,-0.0033,0.0609
766,13,0,0,0.016,-0.063,-1.000,-1.000,1,1,0.000,0.000,0.000,1,1.000,1,1,0.0576,0.2597,-0.0033,0.0609
767,13,0,0,0.016,-0.063,-1.000,-1.000,1,1,0.000,0.000,0.000,1,1.000,1,1,0.0576,0.2597,-0.0033,0.0609
768,13,0,0,0.016,-0.063,-1.000,-1.000,1,1,0.000,0.000,0.000,1,1.000,1,1,0.0576,0.2597,-0.0033,0.0609
769,13,0,0,0.016,-0.063,-1.000,-1.000,1,1,0.000,0.000,0.000,1,1.000,1,1,0.0576,0.2597,-0.0033,0.0609
770,13,0,0,0.016,-0.063,-1.000,-1.000,1,1,0.000,0.000,0.000,1,1.000,1,1,0.0576,0.2597,-0.0033,0.0609
771,13,0,0,0.016,-0.063,-1.000,-1.000,1,1,0.000,0.000,0.000,1,1.000,1,1,0.0576,0.2597,-0.0033,0.0609
772,13,0,0,0.016,-0.063,-1.000,-1.000,1,1,0.000,0.000,0.000,1,1.000,1,1,0.0576,0.2597,-0.0033,0.0609
773,13,0,0,0.016,-0.063,-1.000,-1.000,1,1,0.000,0.000,0.000,1,1.000,1,1,0.0576,0.2597,-0.0033,0.0609
774,13,0,0,0.016,-0.063,-1.000,-1.000,1,1,0.000,0.000,0.000,1,1.000,1,1,0.0576,0.2597,-0.0033,0.0609
775,13,0,0,0.016,-0.063,-1.000,-1.000,1,1,0.000,0.000,0.000,1,1.000,1,1,0.0576,0.2597,-0.0033,0.0609
776,13,0,0,0.016,-0.063,-1.000,-1.000,1,1,0.000,0.000,0.000,1,1.000,1,1,0.0576,0.2598,-0.0033,0.0609
777,13,0,0,0.016,-0.063,-1.000,-1.000,1,1,0.000,0.000,0.000,1,1.000,1,1,0.0576,0.2598,-0.0033,0.0609
778,13,0,0,0.016,-0.063,-1.000,-1.000,1,1,0.000,0.000,0.000,1,1.000,1,1,0.0576,0.2598,-0.0033,0.0609
779,13,0,0,0.016,-0.063,-1.000,-1.000,1,1,0.000,0.000,0.000,1,1.000,1,1,0.0576,0.2598,-0.0033,0.0609
780,13,0,0,0.016,-0.063,-1.000,-1.000,1,1,0.000,0.000,0.000,1,1.000,1,1,0.0576,0.2598,-0.0033,0.0609
781,13,0,0,0.016,-0.063,-1.000,-1.000,1,1,0.000,0.000,0.000,1,1.000,1,1,0.0576,0.2598,-0.0033,0.0609
782,13,0,0,0.016,-0.063,-1.000,-1.000,1,1,0.000,0.000,0.000,1,1.000,1,1,0.0576,0.2598,-0.0033,0.0609
783,13,0,0,0.016,-0.063,-1.000,-1.000,1,1,0.000,0.000,0.000,1,1.000,1,1,0.0576,0.2598,-0.0033,0.0609
784,13,0,0,0.016,-0.063,-1.000,-1.000,1,1,0.000,0.000,0.000,1,1.000,1,1,0.0576,0.2598,-0.0033,0.0609
785,13,0,0,0.016,-0.063,-1.000,-1.000,1,1,0.000,0.000,0.000,1,1.000,1,1,0.0576,0.2598,-0.0033,0.0609
786,13,0,0,0.016,-0.063,-1.000,-1.000,1,1,0.000,0.000,0.000,1,1.000,1,1,0.0576,0.2598,-0.0033,0.0609
787,13,0,0,0.016,-0.063,-1.000,-1.000,1,1,0.000,0.000,0.000,1,1.000,1,1,0.0576,0.2598,-0.0033,0.0609
788,13,0,0,0.016,-0.063,-1.000,-1.000,1,1,0.000,0.000,0.000,1,1.000,1,1,0.0576,0.2598,-0.0033,0.0609
789,13,0,0,0.016,-0.063,-1.000,-1.000,1,1,0.000,0.000,0.000,1,1.000,1,1,0.0576,0.2598,-0.0033,0.0609
790,13,0,0,0.016,-0.063,-1.000,-1.000,1,1,0.000,0.000,0.000,1,1.000,1,1,0.0576,0.2598,-0.0033,0.0609
791,13,0,0,0.016,-0.063,-1.000,-1.000,1,1,0.000,0.000,0.000,1,1.000,1,1,0.0576,0.2598,-0.0033,0.0609
792,13,0,0,0.016,-0.063,-1.000,-1.000,1,1,0.000,0.000,0.000,1,1.000,1,1,0.0576,0.2598,-0.0033,0.0609
793,13,0,0,0.016,-0.063,-1.000,-1.000,1,1,0.000,0.000,0.000,1,1.000,1,1,0.0576,0.2598,-0.0033,0.0609
794,13,0,0,0.016,-0.063,-1.000,-1.000,1,1,0.000,0.000,0.000,1,1.000,1,1,0.0576,0.2598,-0.0033,0.0609
795,13,0,0,0.016,-0.063,-1.000,-1.000,1,1,0.000,0.000,0.000,1,1.000,1,1,0.0576,0.2598,-0.0033,0.0609
796,13,0,0,0.016,-0.063,-1.000,-1.000,1,1,0.000,0.000,0.000,1,1.000,1,1,0.0576,0.2598,-0.0033,0.0609
797,13,0,0,0.016,-0.063,-1.000,-1.000,1,1,0.000,0.000,0.000,1,1.000,1,1,0.0576,0.2598,-0.0033,0.0609
798,13,0,0,0.016,-0.063,-1.000,-1.000,1,1,0.000,0.000,0.000,1,1.000,1,1,0.0576,0.2599,-0.0033,0.0609
799,13,0,0,0.016,-0.063,-1.000,-1.000,1,1,0.000,0.000,0.000,1,1.000,1,1,0.0576,0.2599,-0.0033,0.0609
800,13,0,0,0.016,-0.063,-1.000,-1.000,1,1,0.000,0.000,0.000,1,1.000,1,1,0.0576,0.2599,-0.0033,0.0609
801,13,0,0,0.016,-0.063,-1.000,-1.000,1,1,0.000,0.000,0.000,1,1.000,1,1,0.0576,0.2599,-0.0033,0.0609
802,13,0,0,0.016,-0.063,-1.000,-1.000,1,1,0.000,0.000,0.000,1,1.000,1,1,0.0576,0.2599,-0.0033,0.0609
803,13,0,0,0.016,-0.063,-1.000,-1.000,1,1,0.000,0.000,0.000,1,1.000,1,1,0.0576,0.2599,-0.0033,0.0609
804,13,0,0,0.016,-0.063,-1.000,-1.000,1,1,0.000,0.000,0.000,1,1.000,1,1,0.0576,0.2599,-0.0033,0.0609
805,13,0,0,0.016,-0.063,-1.000,-1.000,1,1,0.000,0.000,0.000,1,1.000,1,1,0.0576,0.2599,-0.0033,0.0609
806,13,0,0,0.016,-0.063,-1.000,-1.000,1,1,0.000,0.000,0.000,1,1.000,1,1,0.0576,0.2599,-0.0033,0.0609
807,13,0,0,0.016,-0.063,-1.000,-1.000,1,1,0.000,0.000,0.000,1,1.000,1,1,0.0576,0.2599,-0.0033,0.0609
808,13,0,0,0.016,-0.063,-1.000,-1.000,1,1,0.000,0.000,0.000,1,1.000,1,1,0.0576,0.2599,-0.0033,0.0609
809,13,0,0,0.016,-0.063,-1.000,-1.000,1,1,0.000,0.000,0.000,1,1.000,1,1,0.0576,0.2599,-0.0033,0.0609
810,13,0,0,0.016,-0.063,-1.000,-1.000,1,1,0.000,0.000,0.000,1,1.000,1,1,0.0576,0.2599,-0.0033,0.0609
811,13,0,0,0.016,-0.063,-1.000,-1.000,1,1,0.000,0.000,0.000,1,1.000,1,1,0.0576,0.2600,-0.0033,0.0609
812,13,0,0,0.016,-0.063,-1.000,-1.000,1,1,0.000,0.000,0.000,1,1.000,1,1,0.0576,0.2600,-0.0033,0.0609
813,13,0,0,0.016,-0.063,-1.000,-1.000,1,1,0.000,0.000,0.000,1,1.000,1,1,0.0576,0.2600,-0.0033,0.0609
814,13,0,0,0.016,-0.063,-1.000,-1.000,1,1,0.000,0.000,0.000,1,1.000,1,1,0.0576,0.2600,-0.0034,0.0609
815,13,0,0,0.016,-0.063,-1.000,-1.000,1,1,0.000,0.000,0.000,1,1.000,1,1,0.0576,0.2600,-0.0034,0.0609
816,13,0,0,0.016,-0.063,-1.000,-1.000,1,1,0.000,0.000,0.000,1,1.000,1,1,0.0576,0.2600,-0.0034,0.0609
817,13,0,0,0.016,-0.063,-1.000,-1.000,1,1,0.000,0.000,0.000,1,1.000,1,1,0.0576,0.2600,-0.0034,0.0609
818,13,0,0,0.016,-0.063,-1.000,-1.000,1,1,0.000,0.000,0.000,1,1.000,1,1,0.0576,0.2600,-0.0034,0.0609
819,13,0,0,0.016,-0.063,-1.000,-1.000,1,1,0.000,0.000,0.000,1,1.000,1,1,0.0576,0.2600,-0.0034,0.0609
820,13,0,0,0.016,-0.063,-1.000,-1.000,1,1,0.000,0.000,0.000,1,1.000,1,1,0.0576,0.2600,-0.0034,0.0609
821,13,0,0,0.016,-0.063,-1.000,-1.000,1,1,0.000,0.000,0.000,1,1.000,1,1,0.0576,0.2600,-0.0034,0.0609
822,13,0,0,0.016,-0.063,-1.000,-1.000,1,1,0.000,0.000,0.000,1,1.000,1,1,0.0576,0.2600,-0.0034,0.0609
823,13,0,0,0.016,-0.063,-1.000,-1.000,1,1,0.000,0.000,0.000,1,1.000,1,1,0.0576,0.2600,-0.0034,0.0609
824,13,0,0,0.016,-0.063,-1.000,-1.000,1,1,0.000,0.000,0.000,1,1.000,1,1,0.0576,0.2600,-0.0034,0.0609
825,13,0,0,0.016,-0.063,-1.000,-1.000,1,1,0.000,0.000,0.000,1,1.000,1,1,0.0576,0.2600,-0.0034,0.0609
826,13,0,0,0.016,-0.063,-1.000,-1.000,1,1,0.000,0.000,0.000,1,1.000,1,1,0.0576,0.2600,-0.0034,0.0609
827,13,0,0,0.016,-0.063,-1.000,-1.000,1,1,0.000,0.000,0.000,1,1.000,1,1,0.0576,0.2601,-0.0034,0.0609
828,13,0,0,0.016,-0.063,-1.000,-1.000,1,1,0.000,0.000,0.000,1,1.000,1,1,0.0576,0.2601,-0.0034,0.0609
829,13,0,0,0.016,-0.063,-1.000,-1.000,1,1,0.000,0.000,0.000,1,1.000,1,1,0.0576,0.2601,-0.0034,0.0609
830,13,0,0,0.016,-0.063,-1.000,-1.000,1,1,0.000,0.000,0.000,1,1.000,1,1,0.0576,0.2601,-0.0034,0.0609
831,13,0,0,0.016,-0.063,-1.000,-1.000,1,1,0.000,0.000,0.000,1,1.000,1,1,0.0576,0.2601,-0.0034,0.0609
832,13,0,0,0.016,-0.063,-1.000,-1.000,1,1,0.000,0.000,0.000,1,1.000,1,1,0.0576,0.2601,-0.0034,0.0609
833,13,0,0,0.016,-0.063,-1.000,-1.000,1,1,0.000,0.000,0.000,1,1.000,1,1,0.0576,0.2601,-0.0034,0.0609
834,13,0,0,0.016,-0.063,-1.000,-1.000,1,1,0.000,0.000,0.000,1,1.000,1,1,0.0576,0.2601,-0.0034,0.0609
835,13,0,0,0.016,-0.063,-1.000,-1.000,1,1,0.000,0.000,0.000,1,1.000,1,1,0.0576,0.2601,-0.0034,0.0609
836,13,0,0,0.016,-0.063,-1.000,-1.000,1,1,0.000,0.000,0.000,1,1.000,1,1,0.0576,0.2601,-0.0034,0.0609
837,13,0,0,0.016,-0.063,-1.000,-1.000,1,1,0.000,0.000,0.000,1,1.000,1,1,0.0576,0.2601,-0.0034,0.0609
838,13,0,0,0.016,-0.063,-1.000,-1.000,1,1,0.000,0.000,0.000,1,1.000,1,1,0.0576,0.2601,-0.0034,0.0609
839,13,0,0,0.016,-0.063,-1.000,-1.000,1,1,0.000,0.000,0.000,1,1.000,1,1,0.0576,0.2601,-0.0034,0.0609
840,13,0,0,0.016,-0.063,-1.000,-1.000,1,1,0.000,0.000,0.000,1,1.000,1,1,0.0576,0.2601,-0.0034,0.0609
841,13,0,0,0.016,-0.063,-1.000,-1.000,1,1,0.000,0.000,0.000,1,1.000,1,1,0.0576,0.2601,-0.0034,0.0609
842,13,0,0,0.016,-0.063,-1.000,-1.000,1,1,0.000,0.000,0.000,1,1.000,1,1,0.0576,0.2601,-0.0034,0.0609
843,13,0,0,0.016,-0.063,-1.000,-1.000,1,1,0.000,0.000,0.000,1,1.000,1,1,0.0576,0.2601,-0.0034,0.0609
844,13,0,0,0.016,-0.063,-1.000,-1.000,1,1,0.000,0.000,0.000,1,1.000,1,1,0.0576,0.2601,-0.0034,0.0609
845,13,0,0,0.016,-0.063,-1.000,-1.000,1,1,0.000,0.000,0.000,1,1.000,1,1,0.0576,0.2601,-0.0034,0.0609
846,13,0,0,0.016,-0.063,-1.000,-1.000,1,1,0.000,0.000,0.000,1,1.000,1,1,0.0576,0.2601,-0.0034,0.0609
847,13,0,0,0.016,-0.063,-1.000,-1.000,1,1,0.000,0.000,0.000,1,1.000,1,1,0.0576,0.2601,-0.0034,0.0609
848,13,0,0,0.016,-0.063,-1.000,-1.000,1,1,0.000,0.000,0.000,1,1.000,1,1,0.0576,0.2601,-0.0034,0.0609
849,13,0,0,0.016,-0.063,-1.000,-1.000,1,1,0.000,0.000,0.000,1,1.000,1,1,0.0576,0.2601,-0.0034,0.0609
850,13,0,0,0.016,-0.063,-1.000,-1.000,1,1,0.000,0.000,0.000,1,1.000,1,1,0.0576,0.2601,-0.0034,0.0609
851,13,0,0,0.016,-0.063,-1.000,-1.000,1,1,0.000,0.000,0.000,1,1.000,1,1,0.0576,0.2601,-0.0034,0.0609
852,13,0,0,0.016,-0.063,-1.000,-1.000,1,1,0.000,0.000,0.000,1,1.000,1,1,0.0576,0.2601,-0.0034,0.0609
853,13,0,0,0.016,-0.063,-1.000,-1.000,1,1,0.000,0.000,0.000,1,1.000,1,1,0.0576,0.2601,-0.0034,0.0609
854,13,0,0,0.016,-0.063,-1.000,-1.000,1,1,0.000,0.000,0.000,1,1.000,1,1,0.0576,0.2601,-0.0034,0.0609
855,13,0,0,0.016,-0.063,-1.000,-1.000,1,1,0.000,0.000,0.000,1,1.000,1,1,0.0576,0.2601,-0.0034,0.0609
856,13,0,0,0.016,-0.063,-1.000,-1.000,1,1,0.000,0.000,0.000,1,1.000,1,1,0.0576,0.2601,-0.0034,0.0609
857,13,0,0,0.016,-0.063,-1.000,-1.000,1,1,0.000,0.000,0.000,1,1.000,1,1,0.0576,0.2601,-0.0034,0.0609
858,13,0,0,0.016,-0.063,-1.000,-1.000,1,1,0.000,0.000,0.000,1,1.000,1,1,0.0576,0.2601,-0.0034,0.0609
859,13,0,0,0.016,-0.063,-1.000,-1.000,1,1,0.000,0.000,0.000,1,1.000,1,1,0.0576,0.2601,-0.0034,0.0609
860,13,0,0,0.016,-0.063,-1.000,-1.000,1,1,0.000,0.000,0.000,1,1.000,1,1,0.0576,0.2601,-0.0034,0.0609
861,13,0,0,0.016,-0.063,-1.000,-1.000,1,1,0.000,0.000,0.000,1,1.000,1,1,0.0576,0.2601,-0.0034,0.0609
862,13,0,0,0.016,-0.063,-1.000,-1.000,1,1,0.000,0.000,0.000,1,1.000,1,1,0.0576,0.2601,-0.0034,0.0609
863,13,0,0,0.016,-0.063,-1.000,-1.000,1,1,0.000,0.000,0.000,1,1.000,1,1,0.0576,0.2601,-0.0034,0.0609
864,13,0,0,0.016,-0.063,-1.000,-1.000,1,1,0.000,0.000,0.000,1,1.000,1,1,0.0576,0.2601,-0.0034,0.0609
865,13,0,0,0.016,-0.063,-1.000,-1.000,1,1,0.000,0.000,0.000,1,1.000,1,1,0.0576,0.2601,-0.0034,0.0609
866,13,0,0,0.016,-0.063,-1.000,-1.000,1,1,0.000,0.000,0.000,1,1.000,1,1,0.0576,0.2601,-0.0034,0.0609
867,13,0,0,0.016,-0.063,-1.000,-1.000,1,1,0.000,0.000,0.000,1,1.000,1,1,0.0576,0.2602,-0.0034,0.0609
868,13,0,0,0.016,-0.063,-1.000,-1.000,1,1,0.000,0.000,0.000,1,1.000,1,1,0.0576,0.2602,-0.0034,0.0609
869,13,0,0,0.016,-0.063,-1.000,-1.000,1,1,0.000,0.000,0.000,1,1.000,1,1,0.0576,0.2602,-0.0034,0.0609
870,13,0,0,0.016,-0.063,-1.000,-1.000,1,1,0.000,0.000,0.000,1,1.000,1,1,0.0576,0.2602,-0.0034,0.0609
871,13,0,0,0.016,-0.063,-1.000,-1.000,1,1,0.000,0.000,0.000,1,1.000,1,1,0.0576,0.2602,-0.0034,0.0609
872,13,0,0,0.016,-0.063,-1.000,-1.000,1,1,0.000,0.000,0.000,1,1.000,1,1,0.0576,0.2602,-0.0034,0.0609
873,13,0,0,0.016,-0.063,-1.000,-1.000,1,1,0.000,0.000,0.000,1,1.000,1,1,0.0576,0.2602,-0.0034,0.0609
874,13,0,0,0.016,-0.063,-1.000,-1.000,1,1,0.000,0.000,0.000,1,1.000,1,1,0.0576,0.2602,-0.0034,0.0609
875,13,0,0,0.016,-0.063,-1.000,-1.000,1,1,0.000,0.000,0.000,1,1.000,1,1,0.0576,0.2602,-0.0034,0.0609
876,13,0,0,0.016,-0.063,-1.000,-1.000,1,1,0.000,0.000,0.000,1,1.000,1,1,0.0576,0.2602,-0.0034,0.0609
877,13,0,0,0.016,-0.063,-1.000,-1.000,1,1,0.000,0.000,0.000,1,1.000,1,1,0.0576,0.2602,-0.0034,0.0609
878,13,0,0,0.016,-0.063,-1.000,-1.000,1,1,0.000,0.000,0.000,1,1.000,1,1,0.0576,0.2602,-0.0034,0.0609
879,13,0,0,0.016,-0.063,-1.000,-1.000,1,1,0.000,0.000,0.000,1,1.000,1,1,0.0576,0.2602,-0.0034,0.0609
880,13,0,0,0.016,-0.063,-1.000,-1.000,1,1,0.000,0.000,0.000,1,1.000,1,1,0.0576,0.2602,-0.0034,0.0609
881,13,0,0,0.016,-0.063,-1.000,-1.000,1,1,0.000,0.000,0.000,1,1.000,1,1,0.0576,0.2602,-0.0034,0.0609
882,13,0,0,0.016,-0.063,-1.000,-1.000,1,1,0.000,0.000,0.000,1,1.000,1,1,0.0576,0.2602,-0.0034,0.0609
883,13,0,0,0.016,-0.063,-1.000,-1.000,1,1,0.000,0.000,0.000,1,1.000,1,1,0.0576,0.2602,-0.0034,0.0609
884,13,0,0,0.016,-0.063,-1.000,-1.000,1,1,0.000,0.000,0.000,1,1.000,1,1,0.0576,0.2602,-0.0034,0.0609
885,13,0,0,0.016,-0.063,-1.000,-1.000,1,1,0.000,0.000,0.000,1,1.000,1,1,0.0576,0.2602,-0.0034,0.0609
886,13,0,0,0.016,-0.063,-1.000,-1.000,1,1,0.000,0.000,0.000,1,1.000,1,1,0.0576,0.2602,-0.0034,0.0609
887,13,0,0,0.016,-0.063,-1.000,-1.000,1,1,0.000,0.000,0.000,1,1.000,1,1,0.0576,0.2602,-0.0034,0.0609
888,13,0,0,0.016,-0.063,-1.000,-1.000,1,1,0.000,0.000,0.000,1,1.000,1,1,0.0576,0.2602,-0.0034,0.0609
889,13,0,0,0.016,-0.063,-1.000,-1.000,1,1,0.000,0.000,0.000,1,1.000,1,1,0.0576,0.2602,-0.0034,0.0609
890,13,0,0,0.016,-0.063,-1.000,-1.000,1,1,0.000,0.000,0.000,1,1.000,1,1,0.0576,0.2602,-0.0034,0.0609
891,13,0,0,0.016,-0.063,-1.000,-1.000,1,1,0.000,0.000,0.000,1,1.000,1,1,0.0576,0.2602,-0.0034,0.0609
892,13,0,0,0.016,-0.063,-1.000,-1.000,1,1,0.000,0.000,0.000,1,1.000,1,1,0.0576,0.2602,-0.0034,0.0609
893,13,0,0,0.016,-0.063,-1.000,-1.000,1,1,0.000,0.000,0.000,1,1.000,1,1,0.0576,0.2602,-0.0034,0.0609
894,13,0,0,0.016,-0.063,-1.000,-1.000,1,1,0.000,0.000,0.000,1,1.000,1,1,0.0576,0.2602,-0.0034,0.0609
895,13,0,0,0.016,-0.063,-1.000,-1.000,1,1,0.000,0.000,0.000,1,1.000,1,1,0.0576,0.2602,-0.0034,0.0609
896,13,0,0,0.016,-0.063,-1.000,-1.000,1,1,0.000,0.000,0.000,1,1.000,1,1,0.0576,0.2602,-0.0034,0.0609
897,13,0,0,0.016,-0.063,-1.000,-1.000,1,1,0.000,0.000,0.000,1,1.000,1,1,0.0576,0.2602,-0.0034,0.0609
898,13,0,0,0.016,-0.063,-1.000,-1.000,1,1,0.000,0.000,0.000,1,1.000,1,1,0.0576,0.2602,-0.0034,0.0609
899,13,0,0,0.016,-0.063,-1.000,-1.000,1,1,0.000,0.000,0.000,1,1.000,1,1,0.0576,0.2602,-0.0034,0.0609
900,13,0,0,0.016,-0.063,-1.000,-1.000,1,1,0.000,0.000,0.000,1,1.000,1,1,0.0576,0.2602,-0.0034,0.0609
901,13,0,0,0.016,-0.063,-1.000,-1.000,1,1,0.000,0.000,0.000,1,1.000,1,1,0.0576,0.2602,-0.0034,0.0609
902,13,0,0,0.016,-0.063,-1.000,-1.000,1,1,0.000,0.000,0.000,1,1.000,1,1,0.0576,0.2602,-0.0034,0.0609
903,13,0,0,0.016,-0.063,-1.000,-1.000,1,1,0.000,0.000,0.000,1,1.000,1,1,0.0576,0.2602,-0.0034,0.0609
904,13,0,0,0.016,-0.063,-1.000,-1.000,1,1,0.000,0.000,0.000,1,1.000,1,1,0.0576,0.2602,-0.0034,0.0609
905,13,0,0,0.016,-0.063,-1.000,-1.000,1,1,0.000,0.000,0.000,1,1.000,1,1,0.0576,0.2602,-0.0034,0.0609
906,13,0,0,0.016,-0.063,-1.000,-1.000,1,1,0.000,0.000,0.000,1,1.000,1,1,0.0576,0.2602,-0.0034,0.0609
907,13,0,0,0.016,-0.063,-1.000,-1.000,1,1,0.000,0.000,0.000,1,1.000,1,1,0.0576,0.2602,-0.0034,0.0609
908,13,0,0,0.016,-0.063,-1.000,-1.000,1,1,0.000,0.000,0.000,1,1.000,1,1,0.0576,0.2602,-0.0034,0.0609
909,13,0,0,0.016,-0.063,-1.000,-1.000,1,1,0.000,0.000,0.000,1,1.000,1,1,0.0576,0.2602,-0.0034,0.0609
910,13,0,0,0.016,-0.063,-1.000,-1.000,1,1,0.000,0.000,0.000,1,1.000,1,1,0.0576,0.2602,-0.0034,0.0609
911,13,0,0,0.016,-0.063,-1.000,-1.000,1,1,0.000,0.000,0.000,1,1.000,1,1,0.0576,0.2602,-0.0034,0.0609
912,13,0,0,0.016,-0.063,-1.000,-1.000,1,1,0.000,0.000,0.000,1,1.000,1,1,0.0576,0.2602,-0.0034,0.0609
913,13,0,0,0.016,-0.063,-1.000,-1.000,1,1,0.000,0.000,0.000,1,1.000,1,1,0.0576,0.2602,-0.0034,0.0609
914,13,0,0,0.016,-0.063,-1.000,-1.000,1,1,0.000,0.000,0.000,1,1.000,1,1,0.0576,0.2602,-0.0034,0.0609
915,13,0,0,0.016,-0.063,-1.000,-1.000,1,1,0.000,0.000,0.000,1,1.000,1,1,0.0576,0.2602,-0.0034,0.0609
916,13,0,0,0.016,-0.063,-1.000,-1.000,1,1,0.000,0.000,0.000,1,1.000,1,1,0.0576,0.2602,-0.0034,0.0609
917,13,0,0,0.016,-0.063,-1.000,-1.000,1,1,0.000,0.000,0.000,1,1.000,1,1,0.0576,0.2602,-0.0034,0.0609
918,13,0,0,0.016,-0.063,-1.000,-1.000,1,1,0.000,0.000,0.000,1,1.000,1,1,0.0576,0.2602,-0.0034,0.0609
919,13,0,0,0.016,-0.063,-1.000,-1.000,1,1,0.000,0.000,0.000,1,1.000,1,1,0.0576,0.2602,-0.0034,0.0609
920,13,0,0,0.016,-0.063,-1.000,-1.000,1,1,0.000,0.000,0.000,1,1.000,1,1,0.0576,0.2602,-0.0034,0.0609
921,13,0,0,0.016,-0.063,-1.000,-1.000,1,1,0.000,0.000,0.000,1,1.000,1,1,0.0576,0.2602,-0.0034,0.0609
922,13,0,0,0.016,-0.063,-1.000,-1.000,1,1,0.000,0.000,0.000,1,1.000,1,1,0.0576,0.2602,-0.0034,0.0609
923,13,0,0,0.016,-0.063,-1.000,-1.000,1,1,0.000,0.000,0.000,1,1.000,1,1,0.0576,0.2602,-0.0034,0.0609
924,13,0,0,0.016,-0.063,-1.000,-1.000,1,1,0.000,0.000,0.000,1,1.000,1,1,0.0576,0.2602,-0.0034,0.0609
925,13,0,0,0.016,-0.063,-1.000,-1.000,1,1,0.000,0.000,0.000,1,1.000,1,1,0.0576,0.2602,-0.0034,0.0609
926,13,0,0,0.016,-0.063,-1.000,-1.000,1,1,0.000,0.000,0.000,1,1.000,1,1,0.0576,0.2602,-0.0034,0.0609
927,13,0,0,0.016,-0.063,-1.000,-1.000,1,1,0.000,0.000,0.000,1,1.000,1,1,0.0576,0.2602,-0.0034,0.0609
928,13,0,0,0.016,-0.063,-1.000,-1.000,1,1,0.000,0.000,0.000,1,1.000,1,1,0.0576,0.2602,-0.0034,0.0609
929,13,0,0,0.016,-0.063,-1.000,-1.000,1,1,0.000,0.000,0.000,1,1.000,1,1,0.0576,0.2602,-0.0034,0.0609
930,13,0,0,0.016,-0.063,-1.000,-1.000,1,1,0.000,0.000,0.000,1,1.000,1,1,0.0576,0.2602,-0.0034,0.0609
931,13,0,0,0.016,-0.063,-1.000,-1.000,1,1,0.000,0.000,0.000,1,1.000,1,1,0.0576,0.2602,-0.0034,0.0609
932,13,0,0,0.016,-0.063,-1.000,-1.000,1,1,0.000,0.000,0.000,1,1.000,1,1,0.0576,0.2602,-0.0034,0.0609
933,13,0,0,0.016,-0.063,-1.000,-1.000,1,1,0.000,0.000,0.000,1,1.000,1,1,0.0576,0.2602,-0.0034,0.0609
934,13,0,0,0.016,-0.063,-1.000,-1.000,1,1,0.000,0.000,0.000,1,1.000,1,1,0.0576,0.2602,-0.0034,0.0609
935,13,0,0,0.016,-0.063,-1.000,-1.000,1,1,0.000,0.000,0.000,1,1.000,1,1,0.0576,0.2602,-0.0034,0.0609
936,13,0,0,0.016,-0.063,-1.000,-1.000,1,1,0.000,0.000,0.000,1,1.000,1,1,0.0576,0.2602,-0.0034,0.0609
937,13,0,0,0.016,-0.063,-1.000,-1.000,1,1,0.000,0.000,0.000,1,1.000,1,1,0.0576,0.2602,-0.0034,0.0609
938,13,0,0,0.016,-0.063,-1.000,-1.000,1,1,0.000,0.000,0.000,1,1.000,1,1,0.0576,0.2602,-0.0034,0.0609
939,13,0,0,0.016,-0.063,-1.000,-1.000,1,1,0.000,0.000,0.000,1,1.000,1,1,0.0576,0.2602,-0.0034,0.0609
940,13,0,0,0.016,-0.063,-1.000,-1.000,1,1,0.000,0.000,0.000,1,1.000,1,1,0.0576,0.2602,-0.0034,0.0609
941,13,0,0,0.016,-0.063,-1.000,-1.000,1,1,0.000,0.000,0.000,1,1.000,1,1,0.0576,0.2602,-0.0034,0.0609
942,13,0,0,0.016,-0.063,-1.000,-1.000,1,1,0.000,0.000,0.000,1,1.000,1,1,0.0576,0.2602,-0.0034,0.0609
943,13,0,0,0.016,-0.063,-1.000,-1.000,1,1,0.000,0.000,0.000,1,1.000,1,1,0.0576,0.2602,-0.0034,0.0609
944,13,0,0,0.016,-0.063,-1.000,-1.000,1,1,0.000,0.000,0.000,1,1.000,1,1,0.0576,0.2602,-0.0034,0.0609
945,13,0,0,0.016,-0.063,-1.000,-1.000,1,1,0.000,0.000,0.000,1,1.000,1,1,0.0576,0.2602,-0.0034,0.0609
946,13,0,0,0.016,-0.063,-1.000,-1.000,1,1,0.000,0.000,0.000,1,1.000,1,1,0.0576,0.2602,-0.0034,0.0609
947,13,0,0,0.016,-0.063,-1.000,-1.000,1,1,0.000,0.000,0.000,1,1.000,1,1,0.0576,0.2602,-0.0034,0.0609
948,13,0,0,0.016,-0.063,-1.000,-1.000,1,1,0.000,0.000,0.000,1,1.000,1,1,0.0576,0.2602,-0.0034,0.0609
949,13,0,0,0.016,-0.063,-1.000,-1.000,1,1,0.000,0.000,0.000,1,1.000,1,1,0.0576,0.2602,-0.0034,0.0609
950,13,0,0,0.016,-0.063,-1.000,-1.000,1,1,0.000,0.000,0.000,1,1.000,1,1,0.0576,0.2602,-0.0034,0.0609
951,13,0,0,0.016,-0.063,-1.000,-1.000,1,1,0.000,0.000,0.000,1,1.000,1,1,0.0576,0.2602,-0.0034,0.0609
952,13,0,0,0.016,-0.063,-1.000,-1.000,1,1,0.000,0.000,0.000,1,1.000,1,1,0.0576,0.2602,-0.0034,0.0609
953,13,1,0,0.016,-0.063,-1.000,-1.000,1,1,-0.000,0.000,0.000,0,1.000,0,0,0.0576,0.2594,-0.0035,0.0608
954,13,1,0,0.016,-0.063,-1.000,-1.000,1,1,-0.000,0.000,0.000,0,1.000,0,0,0.0576,0.2590,-0.0034,0.0605
955,13,1,0,0.016,-0.063,-1.000,-1.000,1,1,-0.000,0.000,0.000,0,1.000,0,0,0.0576,0.2583,-0.0035,0.0603
956,13,1,0,0.016,-0.063,-1.000,-1.000,1,1,-0.000,0.000,0.000,0,1.000,0,0,0.0576,0.2577,-0.0035,0.0601
957,13,1,0,0.016,-0.063,-1.000,-1.000,1,1,-0.000,0.000,0.000,0,1.000,0,0,0.0576,0.2571,-0.0035,0.0599
958,13,1,0,0.016,-0.063,-1.000,-1.000,1,1,-0.000,0.000,0.000,0,1.000,0,0,0.0576,0.2564,-0.0035,0.0595
959,13,1,0,0.016,-0.063,-1.000,-1.000,1,1,-0.000,0.000,0.000,0,1.000,0,0,0.0576,0.2557,-0.0036,0.0592
960,13,1,0,0.016,-0.063,-1.000,-1.000,1,1,-0.000,0.000,0.000,0,1.000,0,0,0.0576,0.2549,-0.0036,0.0589
961,13,1,0,0.016,-0.063,-1.000,-1.000,1,1,-0.000,0.000,0.000,0,1.000,0,0,0.0576,0.2542,-0.0036,0.0586
962,13,1,0,0.016,-0.063,-1.000,-1.000,1,1,-0.000,0.000,0.000,0,1.000,0,0,0.0576,0.2532,-0.0037,0.0584
963,13,1,0,0.016,-0.063,-1.000,-1.000,1,1,-0.000,0.000,0.000,0,1.000,0,0,0.0576,0.2522,-0.0036,0.0581
964,13,1,0,0.016,-0.063,-1.000,-1.000,1,1,-0.000,0.000,0.000,0,1.000,0,0,0.0576,0.2511,-0.0037,0.0579
965,13,1,1,0.016,-0.063,-1.000,-1.000,1,1,0.000,0.000,0.000,1,1.000,1,1,0.0576,0.2505,-0.0037,0.0579
966,14,1,0,0.008,-0.063,-1.000,-1.000,1,1,-0.000,0.000,0.000,0,0.333,0,0,0.0562,0.2520,-0.0010,0.0555
967,14,1,0,0.008,-0.063,-1.000,-1.000,1,1,-0.000,0.000,0.000,0,0.667,0,0,0.0569,0.2513,-0.0022,0.0569
968,14,1,1,0.008,-0.063,-1.000,-1.000,1,1,0.000,0.000,0.000,1,0.667,1,1,0.0569,0.2511,-0.0026,0.0572
969,15,1,0,0.008,-0.063,-1.000,-1.000,1,1,-0.000,0.000,0.000,0,0.333,0,0,0.0594,0.2497,-0.0022,0.0601
970,15,1,0,0.008,-0.063,-1.000,-1.000,1,1,-0.000,0.000,0.000,0,0.667,0,0,0.0585,0.2498,-0.0028,0.0592
971,15,1,0,0.008,-0.063,-1.000,-1.000,1,1,-0.000,0.000,0.000,0,1.000,0,0,0.0576,0.2497,-0.0032,0.0582
972,15,1,0,0.008,-0.063,-1.000,-1.000,1,1,-0.000,0.000,0.000,0,1.000,0,0,0.0576,0.2498,-0.0035,0.0579
973,15,1,0,0.008,-0.063,-1.000,-1.000,1,1,-0.000,0.000,0.000,0,1.000,0,0,0.0576,0.2498,-0.0036,0.0580
974,15,1,0,0.008,-0.063,-1.000,-1.000,1,1,-0.000,0.000,0.000,0,1.000,0,0,0.0576,0.2498,-0.0036,0.0580
975,15,1,0,0.008,-0.063,-1.000,-1.000,1,1,-0.000,0.000,0.000,0,1.000,0,0,0.0576,0.2498,-0.0036,0.0581
976,15,1,0,0.008,-0.063,-1.000,-1.000,1,1,-0.000,0.000,0.000,0,1.000,0,0,0.0576,0.2498,-0.0036,0.0581
977,15,1,0,0.008,-0.063,-1.000,-1.000,1,1,-0.000,0.000,0.000,0,1.000,0,0,0.0576,0.2498,-0.0036,0.0581
978,15,1,0,0.008,-0.063,-1.000,-1.000,1,1,-0.000,0.000,0.000,0,1.000,0,0,0.0576,0.2498,-0.0036,0.0581
979,15,1,0,0.008,-0.063,-1.000,-1.000,1,1,-0.000,0.000,0.000,0,1.000,0,0,0.0576,0.2498,-0.0036,0.0581
980,15,1,0,0.008,-0.063,-1.000,-1.000,1,1,-0.000,0.000,0.000,0,1.000,0,0,0.0576,0.2498,-0.0036,0.0581
981,15,1,0,0.008,-0.063,-1.000,-1.000,1,1,-0.000,0.000,0.000,0,1.000,0,0,0.0576,0.2498,-0.0036,0.0581
982,15,1,0,0.008,-0.063,-1.000,-1.000,1,1,-0.000,0.000,0.000,0,1.000,0,0,0.0576,0.2498,-0.0036,0.0581
983,15,0,0,0.008,-0.063,-1.000,-1.000,1,1,0.000,0.000,0.000,1,1.000,1,1,0.0576,0.2507,-0.0034,0.0583
984,15,0,0,0.008,-0.063,-1.000,-1.000,1,1,0.000,0.000,0.000,1,1.000,1,1,0.0576,0.2512,-0.0032,0.0584
985,15,0,0,0.008,-0.063,-1.000,-1.000,1,1,0.000,0.000,0.000,1,1.000,1,1,0.0576,0.2518,-0.0030,0.0584
986,15,0,0,0.008,-0.063,-1.000,-1.000,1,1,0.000,0.000,0.000,1,1.000,1,1,0.0576,0.2522,-0.0029,0.0584
987,15,0,0,0.008,-0.063,-1.000,-1.000,1,1,0.000,0.000,0.000,1,1.000,1,1,0.0576,0.2527,-0.0027,0.0584
988,15,0,0,0.008,-0.063,-1.000,-1.000,1,1,0.000,0.000,0.000,1,1.000,1,1,0.0576,0.2531,-0.0026,0.0584
989,15,0,0,0.008,-0.063,-1.000,-1.000,1,1,0.000,0.000,0.000,1,1.000,1,1,0.0576,0.2535,-0.0024,0.0584
990,15,0,0,0.008,-0.063,-1.000,-1.000,1,1,0.000,0.000,0.000,1,1.000,1,1,0.0576,0.2539,-0.0022,0.0584
991,15,0,0,0.008,-0.063,-1.000,-1.000,1,1,0.000,0.000,0.000,1,1.000,1,1,0.0576,0.2542,-0.0021,0.0584
992,15,0,0,0.008,-0.063,-1.000,-1.000,1,1,0.000,0.000,0.000,1,1.000,1,1,0.0576,0.2543,-0.0020,0.0584
993,15,0,0,0.008,-0.063,-1.000,-1.000,1,1,0.000,0.000,0.000,1,1.000,1,1,0.0576,0.2545,-0.0019,0.0585
994,15,0,0,0.008,-0.063,-1.000,-1.000,1,1,0.000,0.000,0.000,1,1.000,1,1,0.0576,0.2547,-0.0018,0.0586
995,15,0,0,0.008,-0.063,-1.000,-1.000,1,1,0.000,0.000,0.000,1,1.000,1,1,0.0576,0.2549,-0.0018,0.0588
996,15,0,0,0.008,-0.063,-1.000,-1.000,1,1,0.000,0.000,0.000,1,1.000,1,1,0.0576,0.2550,-0.0017,0.0589
997,15,0,0,0.008,-0.063,-1.000,-1.000,1,1,0.000,0.000,0.000,1,1.000,1,1,0.0576,0.2552,-0.0017,0.0589
998,15,0,0,0.008,-0.063,-1.000,-1.000,1,1,0.000,0.000,0.000,1,1.000,1,1,0.0576,0.2553,-0.0016,0.0591
999,15,0,0,0.008,-0.063,-1.000,-1.000,1,1,0.000,0.000,0.000,1,1.000,1,1,0.0576,0.2554,-0.0016,0.0592
1000,15,0,0,0.008,-0.063,-1.000,-1.000,1,1,0.000,0.000,0.000,1,1.000,1,1,0.0576,0.2555,-0.0016,0.0593
1001,15,0,0,0.008,-0.063,-1.000,-1.000,1,1,0.000,0.000,0.000,1,1.000,1,1,0.0576,0.2556,-0.0016,0.0593
1002,15,0,0,0.008,-0.063,-1.000,-1.000,1,1,0.000,0.000,0.000,1,1.000,1,1,0.0576,0.2556,-0.0016,0.0593
1003,15,0,0,0.008,-0.063,-1.000,-1.000,1,1,0.000,0.000,0.000,1,1.000,1,1,0.0576,0.2556,-0.0016,0.0594
1004,15,0,0,0.008,-0.063,-1.000,-1.000,1,1,0.000,0.000,0.000,1,1.000,1,1,0.0576,0.2557,-0.0016,0.0594
1005,15,0,0,0.008,-0.063,-1.000,-1.000,1,1,0.000,0.000,0.000,1,1.000,1,1,0.0576,0.2557,-0.0016,0.0594
1006,15,0,0,0.008,-0.063,-1.000,-1.000,1,1,0.000,0.000,0.000,1,1.000,1,1,0.0576,0.2557,-0.0016,0.0594
1007,15,0,0,0.008,-0.063,-1.000,-1.000,1,1,0.000,0.000,0.000,1,1.000,1,1,0.0576,0.2557,-0.0016,0.0594
1008,15,0,0,0.008,-0.063,-1.000,-1.000,1,1,0.000,0.000,0.000,1,1.000,1,1,0.0576,0.2557,-0.0016,0.0594
1009,15,0,0,0.008,-0.063,-1.000,-1.000,1,1,0.000,0.000,0.000,1,1.000,1,1,0.0576,0.2557,-0.0016,0.0594
1010,15,0,0,0.008,-0.063,-1.000,-1.000,1,1,0.000,0.000,0.000,1,1.000,1,1,0.0576,0.2557,-0.0016,0.0594
1011,15,0,0,0.008,-0.063,-1.000,-1.000,1,1,0.000,0.000,0.000,1,1.000,1,1,0.0576,0.2557,-0.0016,0.0594
1012,15,0,0,0.008,-0.063,-1.000,-1.000,1,1,0.000,0.000,0.000,1,1.000,1,1,0.0576,0.2557,-0.0016,0.0594
1013,15,0,0,0.008,-0.063,-1.000,-1.000,1,1,0.000,0.000,0.000,1,1.000,1,1,0.0576,0.2557,-0.0016,0.0594
1014,15,0,0,0.008,-0.063,-1.000,-1.000,1,1,0.000,0.000,0.000,1,1.000,1,1,0.0576,0.2557,-0.0016,0.0594
1015,15,0,0,0.008,-0.063,-1.000,-1.000,1,1,0.000,0.000,0.000,1,1.000,1,1,0.0576,0.2557,-0.0016,0.0594
1016,15,0,0,0.008,-0.063,-1.000,-1.000,1,1,0.000,0.000,0.000,1,1.000,1,1,0.0576,0.2557,-0.0016,0.0594
1017,15,0,0,0.008,-0.063,-1.000,-1.000,1,1,0.000,0.000,0.000,1,1.000,1,1,0.0576,0.2557,-0.0016,0.0594
1018,15,0,0,0.008,-0.063,-1.000,-1.000,1,1,0.000,0.000,0.000,1,1.000,1,1,0.0576,0.2557,-0.0016,0.0594
1019,15,0,0,0.008,-0.063,-1.000,-1.000,1,1,0.000,0.000,0.000,1,1.000,1,1,0.0576,0.2558,-0.0016,0.0594
1020,15,0,0,0.008,-0.063,-1.000,-1.000,1,1,0.000,0.000,0.000,1,1.000,1,1,0.0576,0.2558,-0.0016,0.0594
1021,15,0,0,0.008,-0.063,-1.000,-1.000,1,1,0.000,0.000,0.000,1,1.000,1,1,0.0576,0.2558,-0.0016,0.0595
1022,15,0,0,0.008,-0.063,-1.000,-1.000,1,1,0.000,0.000,0.000,1,1.000,1,1,0.0576,0.2558,-0.0016,0.0595
1023,15,0,0,0.008,-0.063,-1.000,-1.000,1,1,0.000,0.000,0.000,1,1.000,1,1,0.0576,0.2558,-0.0016,0.0595
1024,15,0,0,0.008,-0.063,-1.000,-1.000,1,1,0.000,0.000,0.000,1,1.000,1,1,0.0576,0.2558,-0.0016,0.0595
1025,15,0,0,0.008,-0.063,-1.000,-1.000,1,1,0.000,0.000,0.000,1,1.000,1,1,0.0576,0.2558,-0.0016,0.0595
1026,15,0,0,0.008,-0.063,-1.000,-1.000,1,1,0.000,0.000,0.000,1,1.000,1,1,0.0576,0.2558,-0.0016,0.0595
1027,15,0,0,0.008,-0.063,-1.000,-1.000,1,1,0.000,0.000,0.000,1,1.000,1,1,0.0576,0.2558,-0.0016,0.0595
1028,15,0,0,0.008,-0.063,-1.000,-1.000,1,1,0.000,0.000,0.000,1,1.000,1,1,0.0576,0.2558,-0.0016,0.0595
1029,15,0,0,0.008,-0.063,-1.000,-1.000,1,1,0.000,0.000,0.000,1,1.000,1,1,0.0576,0.2558,-0.0016,0.0595
1030,15,0,0,0.008,-0.063,-1.000,-1.000,1,1,0.000,0.000,0.000,1,1.000,1,1,0.0576,0.2558,-0.0016,0.0595
1031,15,0,0,0.008,-0.063,-1.000,-1.000,1,1,0.000,0.000,0.000,1,1.000,1,1,0.0576,0.2558,-0.0016,0.0595
1032,15,0,0,0.008,-0.063,-1.000,-1.000,1,1,0.000,0.000,0.000,1,1.000,1,1,0.0576,0.2558,-0.0016,0.0595
1033,15,0,0,0.008,-0.063,-1.000,-1.000,1,1,0.000,0.000,0.000,1,1.000,1,1,0.0576,0.2558,-0.0016,0.0595
1034,15,0,0,0.008,-0.063,-1.000,-1.000,1,1,0.000,0.000,0.000,1,1.000,1,1,0.0576,0.2558,-0.0016,0.0595
1035,15,0,0,0.008,-0.063,-1.000,-1.000,1,1,0.000,0.000,0.000,1,1.000,1,1,0.0576,0.2558,-0.0016,0.0595
1036,15,0,0,0.008,-0.063,-1.000,-1.000,1,1,0.000,0.000,0.000,1,1.000,1,1,0.0576,0.2558,-0.0016,0.0595
1037,15,0,0,0.008,-0.063,-1.000,-1.000,1,1,0.000,0.000,0.000,1,1.000,1,1,0.0576,0.2558,-0.0017,0.0595
1038,15,0,0,0.008,-0.063,-1.000,-1.000,1,1,0.000,0.000,0.000,1,1.000,1,1,0.0576,0.2559,-0.0017,0.0595
1039,15,0,0,0.008,-0.063,-1.000,-1.000,1,1,0.000,0.000,0.000,1,1.000,1,1,0.0576,0.2559,-0.0017,0.0595
1040,15,0,0,0.008,-0.063,-1.000,-1.000,1,1,0.000,0.000,0.000,1,1.000,1,1,0.0576,0.2559,-0.0017,0.0595
1041,15,0,0,0.008,-0.063,-1.000,-1.000,1,1,0.000,0.000,0.000,1,1.000,1,1,0.0576,0.2559,-0.0017,0.0595
1042,15,0,0,0.008,-0.063,-1.000,-1.000,1,1,0.000,0.000,0.000,1,1.000,1,1,0.0576,0.2559,-0.0017,0.0595
1043,15,0,0,0.008,-0.063,-1.000,-1.000,1,1,0.000,0.000,0.000,1,1.000,1,1,0.0576,0.2559,-0.0017,0.0595
1044,15,0,0,0.008,-0.063,-1.000,-1.000,1,1,0.000,0.000,0.000,1,1.000,1,1,0.0576,0.2559,-0.0017,0.0595
1045,15,0,0,0.008,-0.063,-1.000,-1.000,1,1,0.000,0.000,0.000,1,1.000,1,1,0.0576,0.2559,-0.0017,0.0595
1046,15,0,0,0.008,-0.063,-1.000,-1.000,1,1,0.000,0.000,0.000,1,1.000,1,1,0.0576,0.2559,-0.0017,0.0595
1047,15,0,0,0.008,-0.063,-1.000,-1.000,1,1,0.000,0.000,0.000,1,1.000,1,1,0.0576,0.2559,-0.0017,0.0595
1048,15,0,0,0.008,-0.063,-1.000,-1.000,1,1,0.000,0.000,0.000,1,1.000,1,1,0.0576,0.2559,-0.0017,0.0595
1049,15,0,0,0.008,-0.063,-1.000,-1.000,1,1,0.000,0.000,0.000,1,1.000,1,1,0.0576,0.2559,-0.0017,0.0595
1050,15,0,0,0.008,-0.063,-1.000,-1.000,1,1,0.000,0.000,0.000,1,1.000,1,1,0.0576,0.2559,-0.0017,0.0596
1051,15,0,0,0.008,-0.063,-1.000,-1.000,1,1,0.000,0.000,0.000,1,1.000,1,1,0.0576,0.2559,-0.0017,0.0596
1052,15,0,0,0.008,-0.063,-1.000,-1.000,1,1,0.000,0.000,0.000,1,1.000,1,1,0.0576,0.2559,-0.0017,0.0596
1053,15,0,0,0.008,-0.063,-1.000,-1.000,1,1,0.000,0.000,0.000,1,1.000,1,1,0.0576,0.2559,-0.0017,0.0596
1054,15,0,0,0.008,-0.063,-1.000,-1.000,1,1,0.000,0.000,0.000,1,1.000,1,1,0.0576,0.2559,-0.0017,0.0596
1055,15,0,0,0.008,-0.063,-1.000,-1.000,1,1,0.000,0.000,0.000,1,1.000,1,1,0.0576,0.2559,-0.0017,0.0596
1056,15,0,0,0.008,-0.063,-1.000,-1.000,1,1,0.000,0.000,0.000,1,1.000,1,1,0.0576,0.2559,-0.0017,0.0596
1057,15,0,0,0.008,-0.063,-1.000,-1.000,1,1,0.000,0.000,0.000,1,1.000,1,1,0.0576,0.2559,-0.0017,0.0596
1058,15,0,0,0.008,-0.063,-1.000,-1.000,1,1,0.000,0.000,0.000,1,1.000,1,1,0.0576,0.2559,-0.0017,0.0596
1059,15,0,0,0.008,-0.063,-1.000,-1.000,1,1,0.000,0.000,0.000,1,1.000,1,1,0.0576,0.2559,-0.0017,0.0596
1060,15,0,0,0.008,-0.063,-1.000,-1.000,1,1,0.000,0.000,0.000,1,1.000,1,1,0.0576,0.2559,-0.0017,0.0596
1061,15,0,0,0.008,-0.063,-1.000,-1.000,1,1,0.000,0.000,0.000,1,1.000,1,1,0.0576,0.2559,-0.0017,0.0596
1062,15,0,0,0.008,-0.063,-1.000,-1.000,1,1,0.000,0.000,0.000,1,1.000,1,1,0.0576,0.2559,-0.0017,0.0596
1063,15,0,0,0.008,-0.063,-1.000,-1.000,1,1,0.000,0.000,0.000,1,1.000,1,1,0.0576,0.2559,-0.0017,0.0596
1064,15,0,0,0.008,-0.063,-1.000,-1.000,1,1,0.000,0.000,0.000,1,1.000,1,1,0.0576,0.2559,-0.0017,0.0596
1065,15,0,0,0.008,-0.063,-1.000,-1.000,1,1,0.000,0.000,0.000,1,1.000,1,1,0.0576,0.2559,-0.0017,0.0596
1066,15,0,0,0.008,-0.063,-1.000,-1.000,1,1,0.000,0.000,0.000,1,1.000,1,1,0.0576,0.2559,-0.0017,0.0596
1067,15,0,0,0.008,-0.063,-1.000,-1.000,1,1,0.000,0.000,0.000,1,1.000,1,1,0.0576,0.2559,-0.0017,0.0596
1068,15,0,0,0.008,-0.063,-1.000,-1.000,1,1,0.000,0.000,0.000,1,1.000,1,1,0.0576,0.2559,-0.0017,0.0596
1069,15,0,0,0.008,-0.063,-1.000,-1.000,1,1,0.000,0.000,0.000,1,1.000,1,1,0.0576,0.2559,-0.0017,0.0596
1070,15,0,0,0.008,-0.063,-1.000,-1.000,1,1,0.000,0.000,0.000,1,1.000,1,1,0.0576,0.2559,-0.0017,0.0596
1071,15,0,0,0.008,-0.063,-1.000,-1.000,1,1,0.000,0.000,0.000,1,1.000,1,1,0.0576,0.2559,-0.0017,0.0596
1072,15,0,0,0.008,-0.063,-1.000,-1.000,1,1,0.000,0.000,0.000,1,1.000,1,1,0.0576,0.2559,-0.0017,0.0596
1073,15,0,0,0.008,-0.063,-1.000,-1.000,1,1,0.000,0.000,0.000,1,1.000,1,1,0.0576,0.2559,-0.0017,0.0596
1074,15,0,0,0.008,-0.063,-1.000,-1.000,1,1,0.000,0.000,0.000,1,1.000,1,1,0.0576,0.2559,-0.0017,0.0596
1075,15,0,0,0.008,-0.063,-1.000,-1.000,1,1,0.000,0.000,0.000,1,1.000,1,1,0.0576,0.2559,-0.0017,0.0596
1076,15,0,0,0.008,-0.063,-1.000,-1.000,1,1,0.000,0.000,0.000,1,1.000,1,1,0.0576,0.2559,-0.0017,0.0596
1077,15,0,0,0.008,-0.063,-1.000,-1.000,1,1,0.000,0.000,0.000,1,1.000,1,1,0.0576,0.2559,-0.0017,0.0596
1078,15,0,0,0.008,-0.063,-1.000,-1.000,1,1,0.000,0.000,0.000,1,1.000,1,1,0.0576,0.2559,-0.0017,0.0596
1079,15,0,0,0.008,-0.063,-1.000,-1.000,1,1,0.000,0.000,0.000,1,1.000,1,1,0.0576,0.2559,-0.0017,0.0596
1080,15,0,0,0.008,-0.063,-1.000,-1.000,1,1,0.000,0.000,0.000,1,1.000,1,1,0.0576,0.2559,-0.0017,0.0596
1081,15,0,0,0.008,-0.063,-1.000,-1.000,1,1,0.000,0.000,0.000,1,1.000,1,1,0.0576,0.2559,-0.0017,0.0596
1082,15,0,0,0.008,-0.063,-1.000,-1.000,1,1,0.000,0.000,0.000,1,1.000,1,1,0.0576,0.2559,-0.0017,0.0596
1083,15,0,0,0.008,-0.063,-1.000,-1.000,1,1,0.000,0.000,0.000,1,1.000,1,1,0.0576,0.2559,-0.0017,0.0596
1084,15,0,0,0.008,-0.063,-1.000,-1.000,1,1,0.000,0.000,0.000,1,1.000,1,1,0.0576,0.2559,-0.0017,0.0596
1085,15,0,0,0.008,-0.063,-1.000,-1.000,1,1,0.000,0.000,0.000,1,1.000,1,1,0.0576,0.2559,-0.0017,0.0596
1086,15,0,0,0.008,-0.063,-1.000,-1.000,1,1,0.000,0.000,0.000,1,1.000,1,1,0.0576,0.2559,-0.0017,0.0596
1087,15,0,0,0.008,-0.063,-1.000,-1.000,1,1,0.000,0.000,0.000,1,1.000,1,1,0.0576,0.2560,-0.0017,0.0596
1088,15,0,0,0.008,-0.063,-1.000,-1.000,1,1,0.000,0.000,0.000,1,1.000,1,1,0.0576,0.2560,-0.0017,0.0596
1089,15,0,0,0.008,-0.063,-1.000,-1.000,1,1,0.000,0.000,0.000,1,1.000,1,1,0.0576,0.2560,-0.0017,0.0596
1090,15,0,0,0.008,-0.063,-1.000,-1.000,1,1,0.000,0.000,0.000,1,1.000,1,1,0.0576,0.2560,-0.0017,0.0596
1091,15,0,0,0.008,-0.063,-1.000,-1.000,1,1,0.000,0.000,0.000,1,1.000,1,1,0.0576,0.2560,-0.0017,0.0596
1092,15,0,0,0.008,-0.063,-1.000,-1.000,1,1,0.000,0.000,0.000,1,1.000,1,1,0.0576,0.2560,-0.0017,0.0596
1093,15,0,0,0.008,-0.063,-1.000,-1.000,1,1,0.000,0.000,0.000,1,1.000,1,1,0.0576,0.2560,-0.0017,0.0596
1094,15,0,0,0.008,-0.063,-1.000,-1.000,1,1,0.000,0.000,0.000,1,1.000,1,1,0.0576,0.2560,-0.0017,0.0596
1095,15,0,0,0.008,-0.063,-1.000,-1.000,1,1,0.000,0.000,0.000,1,1.000,1,1,0.0576,0.2560,-0.0017,0.0596
1096,15,0,0,0.008,-0.063,-1.000,-1.000,1,1,0.000,0.000,0.000,1,1.000,1,1,0.0576,0.2560,-0.0017,0.0596
1097,15,0,0,0.008,-0.063,-1.000,-1.000,1,1,0.000,0.000,0.000,1,1.000,1,1,0.0576,0.2560,-0.0017,0.0596
1098,15,0,0,0.008,-0.063,-1.000,-1.000,1,1,0.000,0.000,0.000,1,1.000,1,1,0.0576,0.2560,-0.0017,0.0596
1099,15,0,0,0.008,-0.063,-1.000,-1.000,1,1,0.000,0.000,0.000,1,1.000,1,1,0.0576,0.2560,-0.0017,0.0596
1100,15,0,0,0.008,-0.063,-1.000,-1.000,1,1,0.000,0.000,0.000,1,1.000,1,1,0.0576,0.2560,-0.0017,0.0596
1101,15,0,0,0.008,-0.063,-1.000,-1.000,1,1,0.000,0.000,0.000,1,1.000,1,1,0.0576,0.2560,-0.0017,0.0596
1102,15,0,0,0.008,-0.063,-1.000,-1.000,1,1,0.000,0.000,0.000,1,1.000,1,1,0.0576,0.2560,-0.0017,0.0596
1103,15,0,0,0.008,-0.063,-1.000,-1.000,1,1,0.000,0.000,0.000,1,1.000,1,1,0.0576,0.2560,-0.0017,0.0596
1104,15,0,0,0.008,-0.063,-1.000,-1.000,1,1,0.000,0.000,0.000,1,1.000,1,1,0.0576,0.2560,-0.0017,0.0596
1105,15,0,0,0.008,-0.063,-1.000,-1.000,1,1,0.000,0.000,0.000,1,1.000,1,1,0.0576,0.2560,-0.0017,0.0596
1106,15,0,0,0.008,-0.063,-1.000,-1.000,1,1,0.000,0.000,0.000,1,1.000,1,1,0.0576,0.2560,-0.0017,0.0596
1107,15,0,0,0.008,-0.063,-1.000,-1.000,1,1,0.000,0.000,0.000,1,1.000,1,1,0.0576,0.2560,-0.0017,0.0596
1108,15,0,0,0.008,-0.063,-1.000,-1.000,1,1,0.000,0.000,0.000,1,1.000,1,1,0.0576,0.2560,-0.0017,0.0596
1109,15,0,0,0.008,-0.063,-1.000,-1.000,1,1,0.000,0.000,0.000,1,1.000,1,1,0.0576,0.2560,-0.0017,0.0596
1110,15,0,0,0.008,-0.063,-1.000,-1.000,1,1,0.000,0.000,0.000,1,1.000,1,1,0.0576,0.2560,-0.0017,0.0596
1111,15,0,0,0.008,-0.063,-1.000,-1.000,1,1,0.000,0.000,0.000,1,1.000,1,1,0.0576,0.2560,-0.0017,0.0596
1112,15,0,0,0.008,-0.063,-1.000,-1.000,1,1,0.000,0.000,0.000,1,1.000,1,1,0.0576,0.2560,-0.0017,0.0596
1113,15,0,0,0.008,-0.063,-1.000,-1.000,1,1,0.000,0.000,0.000,1,1.000,1,1,0.0576,0.2560,-0.0017,0.0596
1114,15,0,0,0.008,-0.063,-1.000,-1.000,1,1,0.000,0.000,0.000,1,1.000,1,1,0.0576,0.2560,-0.0017,0.0596
1115,15,0,0,0.008,-0.063,-1.000,-1.000,1,1,0.000,0.000,0.000,1,1.000,1,1,0.0576,0.2560,-0.0017,0.0596
1116,15,0,0,0.008,-0.063,-1.000,-1.000,1,1,0.000,0.000,0.000,1,1.000,1,1,0.0576,0.2560,-0.0017,0.0596
1117,15,0,0,0.008,-0.063,-1.000,-1.000,1,1,0.000,0.000,0.000,1,1.000,1,1,0.0576,0.2560,-0.0017,0.0596
1118,15,0,0,0.008,-0.063,-1.000,-1.000,1,1,0.000,0.000,0.000,1,1.000,1,1,0.0576,0.2560,-0.0017,0.0596
1119,15,0,0,0.008,-0.063,-1.000,-1.000,1,1,0.000,0.000,0.000,1,1.000,1,1,0.0576,0.2560,-0.0017,0.0596
1120,15,0,0,0.008,-0.063,-1.000,-1.000,1,1,0.000,0.000,0.000,1,1.000,1,1,0.0576,0.2560,-0.0017,0.0596
1121,15,0,0,0.008,-0.063,-1.000,-1.000,1,1,0.000,0.000,0.000,1,1.000,1,1,0.0576,0.2560,-0.0017,0.0596
1122,15,0,0,0.008,-0.063,-1.000,-1.000,1,1,0.000,0.000,0.000,1,1.000,1,1,0.0576,0.2560,-0.0017,0.0596
1123,15,0,0,0.008,-0.063,-1.000,-1.000,1,1,0.000,0.000,0.000,1,1.000,1,1,0.0576,0.2560,-0.0017,0.0596
1124,15,0,0,0.008,-0.063,-1.000,-1.000,1,1,0.000,0.000,0.000,1,1.000,1,1,0.0576,0.2560,-0.0017,0.0596
1125,15,0,0,0.008,-0.063,-1.000,-1.000,1,1,0.000,0.000,0.000,1,1.000,1,1,0.0576,0.2560,-0.0017,0.0596
1126,15,0,0,0.008,-0.063,-1.000,-1.000,1,1,0.000,0.000,0.000,1,1.000,1,1,0.0576,0.2560,-0.0017,0.0596
1127,15,0,0,0.008,-0.063,-1.000,-1.000,1,1,0.000,0.000,0.000,1,1.000,1,1,0.0576,0.2560,-0.0017,0.0596
1128,15,0,0,0.008,-0.063,-1.000,-1.000,1,1,0.000,0.000,0.000,1,1.000,1,1,0.0576,0.2560,-0.0017,0.0596
1129,15,0,0,0.008,-0.063,-1.000,-1.000,1,1,0.000,0.000,0.000,1,1.000,1,1,0.0576,0.2560,-0.0017,0.0596
1130,15,0,0,0.008,-0.063,-1.000,-1.000,1,1,0.000,0.000,0.000,1,1.000,1,1,0.0576,0.2560,-0.0017,0.0596
1131,15,0,0,0.008,-0.063,-1.000,-1.000,1,1,0.000,0.000,0.000,1,1.000,1,1,0.0576,0.2560,-0.0017,0.0596
1132,15,0,0,0.008,-0.063,-1.000,-1.000,1,1,0.000,0.000,0.000,1,1.000,1,1,0.0576,0.2560,-0.0017,0.0596
1133,15,0,0,0.008,-0.063,-1.000,-1.000,1,1,0.000,0.000,0.000,1,1.000,1,1,0.0576,0.2560,-0.0017,0.0596
1134,15,0,0,0.008,-0.063,-1.000,-1.000,1,1,0.000,0.000,0.000,1,1.000,1,1,0.0576,0.2560,-0.0017,0.0596
1135,15,0,0,0.008,-0.063,-1.000,-1.000,1,1,0.000,0.000,0.000,1,1.000,1,1,0.0576,0.2560,-0.0017,0.0596
1136,15,0,0,0.008,-0.063,-1.000,-1.000,1,1,0.000,0.000,0.000,1,1.000,1,1,0.0576,0.2560,-0.0017,0.0596
1137,15,0,0,0.008,-0.063,-1.000,-1.000,1,1,0.000,0.000,0.000,1,1.000,1,1,0.0576,0.2560,-0.0017,0.0596
1138,15,0,0,0.008,-0.063,-1.000,-1.000,1,1,0.000,0.000,0.000,1,1.000,1,1,0.0576,0.2560,-0.0017,0.0596
1139,15,0,0,0.008,-0.063,-1.000,-1.000,1,1,0.000,0.000,0.000,1,1.000,1,1,0.0576,0.2560,-0.0017,0.0596
1140,15,0,0,0.008,-0.063,-1.000,-1.000,1,1,0.000,0.000,0.000,1,1.000,1,1,0.0576,0.2560,-0.0017,0.0596
1141,15,0,0,0.008,-0.063,-1.000,-1.000,1,1,0.000,0.000,0.000,1,1.000,1,1,0.0576,0.2560,-0.0017,0.0596
1142,15,0,0,0.008,-0.063,-1.000,-1.000,1,1,0.000,0.000,0.000,1,1.000,1,1,0.0576,0.2560,-0.0017,0.0596
1143,15,0,0,0.008,-0.063,-1.000,-1.000,1,1,0.000,0.000,0.000,1,1.000,1,1,0.0576,0.2560,-0.0017,0.0596
1144,15,0,0,0.008,-0.063,-1.000,-1.000,1,1,0.000,0.000,0.000,1,1.000,1,1,0.0576,0.2560,-0.0017,0.0596
1145,15,0,0,0.008,-0.063,-1.000,-1.000,1,1,0.000,0.000,0.000,1,1.000,1,1,0.0576,0.2560,-0.0017,0.0596
1146,15,0,0,0.008,-0.063,-1.000,-1.000,1,1,0.000,0.000,0.000,1,1.000,1,1,0.0576,0.2560,-0.0017,0.0596
1147,15,0,0,0.008,-0.063,-1.000,-1.000,1,1,0.000,0.000,0.000,1,1.000,1,1,0.0576,0.2560,-0.0017,0.0596
1148,15,0,0,0.008,-0.063,-1.000,-1.000,1,1,0.000,0.000,0.000,1,1.000,1,1,0.0576,0.2560,-0.0017,0.0596
1149,15,0,0,0.008,-0.063,-1.000,-1.000,1,1,0.000,0.000,0.000,1,1.000,1,1,0.0576,0.2560,-0.0017,0.0596
1150,15,0,0,0.008,-0.063,-1.000,-1.000,1,1,0.000,0.000,0.000,1,1.000,1,1,0.0576,0.2560,-0.0017,0.0596
1151,15,0,0,0.008,-0.063,-1.000,-1.000,1,1,0.000,0.000,0.000,1,1.000,1,1,0.0576,0.2560,-0.0017,0.0596
1152,15,0,0,0.008,-0.063,-1.000,-1.000,1,1,0.000,0.000,0.000,1,1.000,1,1,0.0576,0.2560,-0.0017,0.0596
1153,15,0,0,0.008,-0.063,-1.000,-1.000,1,1,0.000,0.000,0.000,1,1.000,1,1,0.0576,0.2560,-0.0017,0.0596
1154,15,0,0,0.008,-0.063,-1.000,-1.000,1,1,0.000,0.000,0.000,1,1.000,1,1,0.0576,0.2560,-0.0017,0.0596
1155,15,0,0,0.008,-0.063,-1.000,-1.000,1,1,0.000,0.000,0.000,1,1.000,1,1,0.0576,0.2560,-0.0017,0.0596
1156,15,0,0,0.008,-0.063,-1.000,-1.000,1,1,0.000,0.000,0.000,1,1.000,1,1,0.0576,0.2560,-0.0017,0.0596
1157,15,0,0,0.008,-0.063,-1.000,-1.000,1,1,0.000,0.000,0.000,1,1.000,1,1,0.0576,0.2560,-0.0017,0.0596
1158,15,0,0,0.008,-0.063,-1.000,-1.000,1,1,0.000,0.000,0.000,1,1.000,1,1,0.0576,0.2560,-0.0017,0.0596
1159,15,0,0,0.008,-0.063,-1.000,-1.000,1,1,0.000,0.000,0.000,1,1.000,1,1,0.0576,0.2560,-0.0017,0.0596
1160,15,0,0,0.008,-0.063,-1.000,-1.000,1,1,0.000,0.000,0.000,1,1.000,1,1,0.0576,0.2560,-0.0017,0.0596
1161,15,0,0,0.008,-0.063,-1.000,-1.000,1,1,0.000,0.000,0.000,1,1.000,1,1,0.0576,0.2560,-0.0017,0.0596
1162,15,0,0,0.008,-0.063,-1.000,-1.000,1,1,0.000,0.000,0.000,1,1.000,1,1,0.0576,0.2560,-0.0017,0.0596
1163,15,0,0,0.008,-0.063,-1.000,-1.000,1,1,0.000,0.000,0.000,1,1.000,1,1,0.0576,0.2560,-0.0017,0.0596
1164,15,0,0,0.008,-0.063,-1.000,-1.000,1,1,0.000,0.000,0.000,1,1.000,1,1,0.0576,0.2560,-0.0017,0.0596
1165,15,0,0,0.008,-0.063,-1.000,-1.000,1,1,0.000,0.000,0.000,1,1.000,1,1,0.0576,0.2560,-0.0017,0.0596
1166,15,0,0,0.008,-0.063,-1.000,-1.000,1,1,0.000,0.000,0.000,1,1.000,1,1,0.0576,0.2560,-0.0017,0.0596
1167,15,0,0,0.008,-0.063,-1.000,-1.000,1,1,0.000,0.000,0.000,1,1.000,1,1,0.0576,0.2560,-0.0017,0.0596
1168,15,0,0,0.008,-0.063,-1.000,-1.000,1,1,0.000,0.000,0.000,1,1.000,1,1,0.0576,0.2560,-0.0017,0.0596
1169,15,0,0,0.008,-0.063,-1.000,-1.000,1,1,0.000,0.000,0.000,1,1.000,1,1,0.0576,0.2560,-0.0017,0.0596
1170,15,0,0,0.008,-0.063,-1.000,-1.000,1,1,0.000,0.000,0.000,1,1.000,1,1,0.0576,0.2560,-0.0017,0.0596
1171,15,0,0,0.008,-0.063,-1.000,-1.000,1,1,0.000,0.000,0.000,1,1.000,1,1,0.0576,0.2560,-0.0017,0.0596
1172,15,0,0,0.008,-0.063,-1.000,-1.000,1,1,0.000,0.000,0.000,1,1.000,1,1,0.0576,0.2560,-0.0017,0.0596
1173,15,0,0,0.008,-0.063,-1.000,-1.000,1,1,0.000,0.000,0.000,1,1.000,1,1,0.0576,0.2560,-0.0017,0.0596
1174,15,0,0,0.008,-0.063,-1.000,-1.000,1,1,0.000,0.000,0.000,1,1.000,1,1,0.0576,0.2560,-0.0017,0.0596
1175,15,0,0,0.008,-0.063,-1.000,-1.000,1,1,0.000,0.000,0.000,1,1.000,1,1,0.0576,0.2560,-0.0017,0.0596
1176,15,0,0,0.008,-0.063,-1.000,-1.000,1,1,0.000,0.000,0.000,1,1.000,1,1,0.0576,0.2560,-0.0017,0.0596
1177,15,0,0,0.008,-0.063,-1.000,-1.000,1,1,0.000,0.000,0.000,1,1.000,1,1,0.0576,0.2560,-0.0017,0.0596
1178,15,0,0,0.008,-0.063,-1.000,-1.000,1,1,0.000,0.000,0.000,1,1.000,1,1,0.0576,0.2560,-0.0017,0.0596
1179,15,0,0,0.008,-0.063,-1.000,-1.000,1,1,0.000,0.000,0.000,1,1.000,1,1,0.0576,0.2560,-0.0017,0.0596
1180,15,0,0,0.008,-0.063,-1.000,-1.000,1,1,0.000,0.000,0.000,1,1.000,1,1,0.0576,0.2560,-0.0017,0.0596
1181,15,0,0,0.008,-0.063,-1.000,-1.000,1,1,0.000,0.000,0.000,1,1.000,1,1,0.0576,0.2560,-0.0017,0.0596
1182,15,0,0,0.008,-0.063,-1.000,-1.000,1,1,0.000,0.000,0.000,1,1.000,1,1,0.0576,0.2560,-0.0017,0.0596
1183,15,0,0,0.008,-0.063,-1.000,-1.000,1,1,0.000,0.000,0.000,1,1.000,1,1,0.0576,0.2560,-0.0017,0.0596
1184,15,0,0,0.008,-0.063,-1.000,-1.000,1,1,0.000,0.000,0.000,1,1.000,1,1,0.0576,0.2560,-0.0017,0.0596
1185,15,0,0,0.008,-0.063,-1.000,-1.000,1,1,0.000,0.000,0.000,1,1.000,1,1,0.0576,0.2560,-0.0017,0.0596
1186,15,0,0,0.008,-0.063,-1.000,-1.000,1,1,0.000,0.000,0.000,1,1.000,1,1,0.0576,0.2560,-0.0017,0.0596
1187,15,0,0,0.008,-0.063,-1.000,-1.000,1,1,0.000,0.000,0.000,1,1.000,1,1,0.0576,0.2560,-0.0017,0.0596
1188,15,0,0,0.008,-0.063,-1.000,-1.000,1,1,0.000,0.000,0.000,1,1.000,1,1,0.0576,0.2560,-0.0017,0.0596
1189,15,0,0,0.008,-0.063,-1.000,-1.000,1,1,0.000,0.000,0.000,1,1.000,1,1,0.0576,0.2560,-0.0017,0.0596
1190,15,0,0,0.008,-0.063,-1.000,-1.000,1,1,0.000,0.000,0.000,1,1.000,1,1,0.0576,0.2560,-0.0017,0.0596
1191,15,0,0,0.008,-0.063,-1.000,-1.000,1,1,0.000,0.000,0.000,1,1.000,1,1,0.0576,0.2560,-0.0017,0.0596
1192,15,0,0,0.008,-0.063,-1.000,-1.000,1,1,0.000,0.000,0.000,1,1.000,1,1,0.0576,0.2560,-0.0017,0.0596
1193,15,0,0,0.008,-0.063,-1.000,-1.000,1,1,0.000,0.000,0.000,1,1.000,1,1,0.0576,0.2560,-0.0017,0.0596
1194,15,0,0,0.008,-0.063,-1.000,-1.000,1,1,0.000,0.000,0.000,1,1.000,1,1,0.0576,0.2560,-0.0017,0.0596
1195,15,0,0,0.008,-0.063,-1.000,-1.000,1,1,0.000,0.000,0.000,1,1.000,1,1,0.0576,0.2560,-0.0017,0.0596
1196,15,0,0,0.008,-0.063,-1.000,-1.000,1,1,0.000,0.000,0.000,1,1.000,1,1,0.0576,0.2560,-0.0017,0.0596
1197,15,0,0,0.008,-0.063,-1.000,-1.000,1,1,0.000,0.000,0.000,1,1.000,1,1,0.0576,0.2560,-0.0017,0.0596
1198,15,0,0,0.008,-0.063,-1.000,-1.000,1,1,0.000,0.000,0.000,1,1.000,1,1,0.0576,0.2560,-0.0017,0.0596
1199,15,0,0,0.008,-0.063,-1.000,-1.000,1,1,0.000,0.000,0.000,1,1.000,1,1,0.0576,0.2560,-0.0017,0.0596
1200,15,0,0,0.008,-0.063,-1.000,-1.000,1,1,0.000,0.000,0.000,1,1.000,1,1,0.0576,0.2560,-0.0017,0.0596
1201,15,0,0,0.008,-0.063,-1.000,-1.000,1,1,0.000,0.000,0.000,1,1.000,1,1,0.0576,0.2560,-0.0017,0.0596
1202,15,0,0,0.008,-0.063,-1.000,-1.000,1,1,0.000,0.000,0.000,1,1.000,1,1,0.0576,0.2560,-0.0017,0.0596
1203,15,0,0,0.008,-0.063,-1.000,-1.000,1,1,0.000,0.000,0.000,1,1.000,1,1,0.0576,0.2560,-0.0017,0.0596
1204,15,0,0,0.008,-0.063,-1.000,-1.000,1,1,0.000,0.000,0.000,1,1.000,1,1,0.0576,0.2560,-0.0017,0.0596
1205,15,0,0,0.008,-0.063,-1.000,-1.000,1,1,0.000,0.000,0.000,1,1.000,1,1,0.0576,0.2560,-0.0017,0.0596
1206,15,0,0,0.008,-0.063,-1.000,-1.000,1,1,0.000,0.000,0.000,1,1.000,1,1,0.0576,0.2560,-0.0017,0.0596
1207,15,0,0,0.008,-0.063,-1.000,-1.000,1,1,0.000,0.000,0.000,1,1.000,1,1,0.0576,0.2560,-0.0017,0.0596
1208,15,0,0,0.008,-0.063,-1.000,-1.000,1,1,0.000,0.000,0.000,1,1.000,1,1,0.0576,0.2560,-0.0017,0.0596
1209,15,0,0,0.008,-0.063,-1.000,-1.000,1,1,0.000,0.000,0.000,1,1.000,1,1,0.0576,0.2560,-0.0017,0.0596
1210,15,0,0,0.008,-0.063,-1.000,-1.000,1,1,0.000,0.000,0.000,1,1.000,1,1,0.0576,0.2560,-0.0017,0.0596
1211,15,0,0,0.008,-0.063,-1.000,-1.000,1,1,0.000,0.000,0.000,1,1.000,1,1,0.0576,0.2560,-0.0017,0.0596
1212,15,0,0,0.008,-0.063,-1.000,-1.000,1,1,0.000,0.000,0.000,1,1.000,1,1,0.0576,0.2560,-0.0017,0.0596
1213,15,0,0,0.008,-0.063,-1.000,-1.000,1,1,0.000,0.000,0.000,1,1.000,1,1,0.0576,0.2560,-0.0017,0.0596
1214,15,0,0,0.008,-0.063,-1.000,-1.000,1,1,0.000,0.000,0.000,1,1.000,1,1,0.0576,0.2560,-0.0017,0.0596
1215,15,0,0,0.008,-0.063,-1.000,-1.000,1,1,0.000,0.000,0.000,1,1.000,1,1,0.0576,0.2560,-0.0017,0.0596
1216,15,0,0,0.008,-0.063,-1.000,-1.000,1,1,0.000,0.000,0.000,1,1.000,1,1,0.0576,0.2560,-0.0017,0.0596
1217,15,0,0,0.008,-0.063,-1.000,-1.000,1,1,0.000,0.000,0.000,1,1.000,1,1,0.0576,0.2560,-0.0017,0.0596
1218,15,0,0,0.008,-0.063,-1.000,-1.000,1,1,0.000,0.000,0.000,1,1.000,1,1,0.0576,0.2560,-0.0017,0.0596
1219,15,0,0,0.008,-0.063,-1.000,-1.000,1,1,0.000,0.000,0.000,1,1.000,1,1,0.0576,0.2560,-0.0017,0.0596
1220,15,0,0,0.008,-0.063,-1.000,-1.000,1,1,0.000,0.000,0.000,1,1.000,1,1,0.0576,0.2560,-0.0017,0.0596
1221,15,0,0,0.008,-0.063,-1.000,-1.000,1,1,0.000,0.000,0.000,1,1.000,1,1,0.0576,0.2560,-0.0017,0.0596
1222,15,0,0,0.008,-0.063,-1.000,-1.000,1,1,0.000,0.000,0.000,1,1.000,1,1,0.0576,0.2560,-0.0017,0.0596
1223,15,0,0,0.008,-0.063,-1.000,-1.000,1,1,0.000,0.000,0.000,1,1.000,1,1,0.0576,0.2560,-0.0017,0.0596
1224,15,0,0,0.008,-0.063,-1.000,-1.000,1,1,0.000,0.000,0.000,1,1.000,1,1,0.0576,0.2560,-0.0017,0.0596
1225,15,0,0,0.008,-0.063,-1.000,-1.000,1,1,0.000,0.000,0.000,1,1.000,1,1,0.0576,0.2560,-0.0017,0.0596
1226,15,0,0,0.008,-0.063,-1.000,-1.000,1,1,0.000,0.000,0.000,1,1.000,1,1,0.0576,0.2560,-0.0017,0.0596
1227,15,0,0,0.008,-0.063,-1.000,-1.000,1,1,0.000,0.000,0.000,1,1.000,1,1,0.0576,0.2560,-0.0017,0.0596
1228,15,0,0,0.008,-0.063,-1.000,-1.000,1,1,0.000,0.000,0.000,1,1.000,1,1,0.0576,0.2560,-0.0017,0.0596
1229,15,0,0,0.008,-0.063,-1.000,-1.000,1,1,0.000,0.000,0.000,1,1.000,1,1,0.0576,0.2560,-0.0017,0.0596
1230,15,0,0,0.008,-0.063,-1.000,-1.000,1,1,0.000,0.000,0.000,1,1.000,1,1,0.0576,0.2560,-0.0017,0.0596
1231,15,0,0,0.008,-0.063,-1.000,-1.000,1,1,0.000,0.000,0.000,1,1.000,1,1,0.0576,0.2560,-0.0017,0.0596
1232,15,0,0,0.008,-0.063,-1.000,-1.000,1,1,0.000,0.000,0.000,1,1.000,1,1,0.0576,0.2560,-0.0017,0.0596
1233,15,0,0,0.008,-0.063,-1.000,-1.000,1,1,0.000,0.000,0.000,1,1.000,1,1,0.0576,0.2560,-0.0017,0.0596
1234,15,0,0,0.008,-0.063,-1.000,-1.000,1,1,0.000,0.000,0.000,1,1.000,1,1,0.0576,0.2560,-0.0017,0.0596
1235,15,0,0,0.008,-0.063,-1.000,-1.000,1,1,0.000,0.000,0.000,1,1.000,1,1,0.0576,0.2560,-0.0017,0.0596
1236,15,0,0,0.008,-0.063,-1.000,-1.000,1,1,0.000,0.000,0.000,1,1.000,1,1,0.0576,0.2560,-0.0017,0.0596
1237,15,0,0,0.008,-0.063,-1.000,-1.000,1,1,0.000,0.000,0.000,1,1.000,1,1,0.0576,0.2560,-0.0017,0.0596
1238,15,0,0,0.008,-0.063,-1.000,-1.000,1,1,0.000,0.000,0.000,1,1.000,1,1,0.0576,0.2560,-0.0017,0.0596
1239,15,0,0,0.008,-0.063,-1.000,-1.000,1,1,0.000,0.000,0.000,1,1.000,1,1,0.0576,0.2560,-0.0017,0.0596
1240,15,0,0,0.008,-0.063,-1.000,-1.000,1,1,0.000,0.000,0.000,1,1.000,1,1,0.0576,0.2560,-0.0017,0.0596
1241,15,0,0,0.008,-0.063,-1.000,-1.000,1,1,0.000,0.000,0.000,1,1.000,1,1,0.0576,0.2560,-0.0017,0.0596
1242,15,0,0,0.008,-0.063,-1.000,-1.000,1,1,0.000,0.000,0.000,1,1.000,1,1,0.0576,0.2560,-0.0017,0.0596
1243,15,0,0,0.008,-0.063,-1.000,-1.000,1,1,0.000,0.000,0.000,1,1.000,1,1,0.0576,0.2560,-0.0017,0.0596
1244,15,0,0,0.008,-0.063,-1.000,-1.000,1,1,0.000,0.000,0.000,1,1.000,1,1,0.0576,0.2560,-0.0017,0.0596
1245,15,0,0,0.008,-0.063,-1.000,-1.000,1,1,0.000,0.000,0.000,1,1.000,1,1,0.0576,0.2560,-0.0017,0.0596
1246,15,0,0,0.008,-0.063,-1.000,-1.000,1,1,0.000,0.000,0.000,1,1.000,1,1,0.0576,0.2560,-0.0017,0.0596
1247,15,0,0,0.008,-0.063,-1.000,-1.000,1,1,0.000,0.000,0.000,1,1.000,1,1,0.0576,0.2560,-0.0017,0.0596
1248,15,0,0,0.008,-0.063,-1.000,-1.000,1,1,0.000,0.000,0.000,1,1.000,1,1,0.0576,0.2560,-0.0017,0.0596
1249,15,0,0,0.008,-0.063,-1.000,-1.000,1,1,0.000,0.000,0.000,1,1.000,1,1,0.0576,0.2560,-0.0017,0.0596
1250,15,0,0,0.008,-0.063,-1.000,-1.000,1,1,0.000,0.000,0.000,1,1.000,1,1,0.0576,0.2560,-0.0017,0.0596
1251,15,0,0,0.008,-0.063,-1.000,-1.000,1,1,0.000,0.000,0.000,1,1.000,1,1,0.0576,0.2560,-0.0017,0.0596
1252,15,0,0,0.008,-0.063,-1.000,-1.000,1,1,0.000,0.000,0.000,1,1.000,1,1,0.0576,0.2560,-0.0017,0.0596
1253,15,0,0,0.008,-0.063,-1.000,-1.000,1,1,0.000,0.000,0.000,1,1.000,1,1,0.0576,0.2560,-0.0017,0.0596
1254,15,0,0,0.008,-0.063,-1.000,-1.000,1,1,0.000,0.000,0.000,1,1.000,1,1,0.0576,0.2560,-0.0017,0.0596
1255,15,0,0,0.008,-0.063,-1.000,-1.000,1,1,0.000,0.000,0.000,1,1.000,1,1,0.0576,0.2560,-0.0017,0.0596
1256,15,0,0,0.008,-0.063,-1.000,-1.000,1,1,0.000,0.000,0.000,1,1.000,1,1,0.0576,0.2560,-0.0017,0.0596
1257,15,0,0,0.008,-0.063,-1.000,-1.000,1,1,0.000,0.000,0.000,1,1.000,1,1,0.0576,0.2560,-0.0017,0.0596
1258,15,0,0,0.008,-0.063,-1.000,-1.000,1,1,0.000,0.000,0.000,1,1.000,1,1,0.0576,0.2560,-0.0017,0.0596
1259,15,0,0,0.008,-0.063,-1.000,-1.000,1,1,0.000,0.000,0.000,1,1.000,1,1,0.0576,0.2560,-0.0017,0.0596
1260,15,0,0,0.008,-0.063,-1.000,-1.000,1,1,0.000,0.000,0.000,1,1.000,1,1,0.0576,0.2560,-0.0017,0.0596
1261,15,0,0,0.008,-0.063,-1.000,-1.000,1,1,0.000,0.000,0.000,1,1.000,1,1,0.0576,0.2560,-0.0017,0.0596
1262,15,0,0,0.008,-0.063,-1.000,-1.000,1,1,0.000,0.000,0.000,1,1.000,1,1,0.0576,0.2560,-0.0017,0.0596
1263,15,0,0,0.008,-0.063,-1.000,-1.000,1,1,0.000,0.000,0.000,1,1.000,1,1,0.0576,0.2560,-0.0017,0.0596
1264,15,0,0,0.008,-0.063,-1.000,-1.000,1,1,0.000,0.000,0.000,1,1.000,1,1,0.0576,0.2560,-0.0017,0.0596
1265,15,0,0,0.008,-0.063,-1.000,-1.000,1,1,0.000,0.000,0.000,1,1.000,1,1,0.0576,0.2560,-0.0017,0.0596
1266,15,0,0,0.008,-0.063,-1.000,-1.000,1,1,0.000,0.000,0.000,1,1.000,1,1,0.0576,0.2560,-0.0017,0.0596
1267,15,0,0,0.008,-0.063,-1.000,-1.000,1,1,0.000,0.000,0.000,1,1.000,1,1,0.0576,0.2560,-0.0017,0.0596
1268,15,0,0,0.008,-0.063,-1.000,-1.000,1,1,0.000,0.000,0.000,1,1.000,1,1,0.0576,0.2560,-0.0017,0.0596
1269,15,0,0,0.008,-0.063,-1.000,-1.000,1,1,0.000,0.000,0.000,1,1.000,1,1,0.0576,0.2560,-0.0017,0.0596
1270,15,0,0,0.008,-0.063,-1.000,-1.000,1,1,0.000,0.000,0.000,1,1.000,1,1,0.0576,0.2560,-0.0017,0.0596
1271,15,0,0,0.008,-0.063,-1.000,-1.000,1,1,0.000,0.000,0.000,1,1.000,1,1,0.0576,0.2560,-0.0017,0.0596
1272,15,0,0,0.008,-0.063,-1.000,-1.000,1,1,0.000,0.000,0.000,1,1.000,1,1,0.0576,0.2560,-0.0017,0.0596
1273,15,0,0,0.008,-0.063,-1.000,-1.000,1,1,0.000,0.000,0.000,1,1.000,1,1,0.0576,0.2560,-0.0017,0.0596
1274,15,0,0,0.008,-0.063,-1.000,-1.000,1,1,0.000,0.000,0.000,1,1.000,1,1,0.0576,0.2560,-0.0017,0.0596
1275,15,0,0,0.008,-0.063,-1.000,-1.000,1,1,0.000,0.000,0.000,1,1.000,1,1,0.0576,0.2560,-0.0017,0.0596
1276,15,0,0,0.008,-0.063,-1.000,-1.000,1,1,0.000,0.000,0.000,1,1.000,1,1,0.0576,0.2560,-0.0017,0.0596
1277,15,0,0,0.008,-0.063,-1.000,-1.000,1,1,0.000,0.000,0.000,1,1.000,1,1,0.0576,0.2560,-0.0017,0.0596
1278,15,0,0,0.008,-0.063,-1.000,-1.000,1,1,0.000,0.000,0.000,1,1.000,1,1,0.0576,0.2560,-0.0017,0.0596
1279,15,0,0,0.008,-0.063,-1.000,-1.000,1,1,0.000,0.000,0.000,1,1.000,1,1,0.0576,0.2560,-0.0017,0.0596
1280,15,0,0,0.008,-0.063,-1.000,-1.000,1,1,0.000,0.000,0.000,1,1.000,1,1,0.0576,0.2560,-0.0017,0.0596
1281,15,0,0,0.008,-0.063,-1.000,-1.000,1,1,0.000,0.000,0.000,1,1.000,1,1,0.0576,0.2560,-0.0017,0.0596
1282,15,0,0,0.008,-0.063,-1.000,-1.000,1,1,0.000,0.000,0.000,1,1.000,1,1,0.0576,0.2560,-0.0017,0.0596
1283,15,0,0,0.008,-0.063,-1.000,-1.000,1,1,0.000,0.000,0.000,1,1.000,1,1,0.0576,0.2560,-0.0017,0.0596
1284,15,0,0,0.008,-0.063,-1.000,-1.000,1,1,0.000,0.000,0.000,1,1.000,1,1,0.0576,0.2560,-0.0017,0.0596
1285,15,0,0,0.008,-0.063,-1.000,-1.000,1,1,0.000,0.000,0.000,1,1.000,1,1,0.0576,0.2560,-0.0017,0.0596
1286,15,0,0,0.008,-0.063,-1.000,-1.000,1,1,0.000,0.000,0.000,1,1.000,1,1,0.0576,0.2560,-0.0017,0.0596
1287,15,0,0,0.008,-0.063,-1.000,-1.000,1,1,0.000,0.000,0.000,1,1.000,1,1,0.0576,0.2560,-0.0017,0.0596
1288,15,0,0,0.008,-0.063,-1.000,-1.000,1,1,0.000,0.000,0.000,1,1.000,1,1,0.0576,0.2560,-0.0017,0.0596
1289,15,0,0,0.008,-0.063,-1.000,-1.000,1,1,0.000,0.000,0.000,1,1.000,1,1,0.0576,0.2560,-0.0017,0.0596
1290,15,0,0,0.008,-0.063,-1.000,-1.000,1,1,0.000,0.000,0.000,1,1.000,1,1,0.0576,0.2560,-0.0017,0.0596
1291,15,0,0,0.008,-0.063,-1.000,-1.000,1,1,0.000,0.000,0.000,1,1.000,1,1,0.0576,0.2560,-0.0017,0.0596
1292,15,0,0,0.008,-0.063,-1.000,-1.000,1,1,0.000,0.000,0.000,1,1.000,1,1,0.0576,0.2560,-0.0017,0.0596
1293,15,0,0,0.008,-0.063,-1.000,-1.000,1,1,0.000,0.000,0.000,1,1.000,1,1,0.0576,0.2560,-0.0017,0.0596
1294,15,0,0,0.008,-0.063,-1.000,-1.000,1,1,0.000,0.000,0.000,1,1.000,1,1,0.0576,0.2560,-0.0017,0.0596
1295,15,0,0,0.008,-0.063,-1.000,-1.000,1,1,0.000,0.000,0.000,1,1.000,1,1,0.0576,0.2560,-0.0017,0.0596
1296,15,0,0,0.008,-0.063,-1.000,-1.000,1,1,0.000,0.000,0.000,1,1.000,1,1,0.0576,0.2560,-0.0017,0.0596
1297,15,0,0,0.008,-0.063,-1.000,-1.000,1,1,0.000,0.000,0.000,1,1.000,1,1,0.0576,0.2560,-0.0017,0.0596
1298,15,0,0,0.008,-0.063,-1.000,-1.000,1,1,0.000,0.000,0.000,1,1.000,1,1,0.0576,0.2560,-0.0017,0.0596
1299,15,0,0,0.008,-0.063,-1.000,-1.000,1,1,0.000,0.000,0.000,1,1.000,1,1,0.0576,0.2560,-0.0017,0.0596
1300,15,0,0,0.008,-0.063,-1.000,-1.000,1,1,0.000,0.000,0.000,1,1.000,1,1,0.0576,0.2560,-0.0017,0.0596
1301,15,0,0,0.008,-0.063,-1.000,-1.000,1,1,0.000,0.000,0.000,1,1.000,1,1,0.0576,0.2560,-0.0017,0.0596
1302,15,0,0,0.008,-0.063,-1.000,-1.000,1,1,0.000,0.000,0.000,1,1.000,1,1,0.0576,0.2560,-0.0017,0.0596
1303,15,0,0,0.008,-0.063,-1.000,-1.000,1,1,0.000,0.000,0.000,1,1.000,1,1,0.0576,0.2560,-0.0017,0.0596
1304,15,0,0,0.008,-0.063,-1.000,-1.000,1,1,0.000,0.000,0.000,1,1.000,1,1,0.0576,0.2560,-0.0017,0.0596
1305,15,0,0,0.008,-0.063,-1.000,-1.000,1,1,0.000,0.000,0.000,1,1.000,1,1,0.0576,0.2560,-0.0017,0.0596
1306,15,0,0,0.008,-0.063,-1.000,-1.000,1,1,0.000,0.000,0.000,1,1.000,1,1,0.0576,0.2560,-0.0017,0.0596
1307,15,0,0,0.008,-0.063,-1.000,-1.000,1,1,0.000,0.000,0.000,1,1.000,1,1,0.0576,0.2560,-0.0017,0.0596
1308,15,0,0,0.008,-0.063,-1.000,-1.000,1,1,0.000,0.000,0.000,1,1.000,1,1,0.0576,0.2560,-0.0017,0.0596
1309,15,0,0,0.008,-0.063,-1.000,-1.000,1,1,0.000,0.000,0.000,1,1.000,1,1,0.0576,0.2560,-0.0017,0.0596
1310,15,0,0,0.008,-0.063,-1.000,-1.000,1,1,0.000,0.000,0.000,1,1.000,1,1,0.0576,0.2560,-0.0017,0.0596
1311,15,0,0,0.008,-0.063,-1.000,-1.000,1,1,0.000,0.000,0.000,1,1.000,1,1,0.0576,0.2560,-0.0017,0.0596
1312,15,0,0,0.008,-0.063,-1.000,-1.000,1,1,0.000,0.000,0.000,1,1.000,1,1,0.0576,0.2560,-0.0017,0.0596
1313,15,0,0,0.008,-0.063,-1.000,-1.000,1,1,0.000,0.000,0.000,1,1.000,1,1,0.0576,0.2560,-0.0017,0.0596
1314,15,0,0,0.008,-0.063,-1.000,-1.000,1,1,0.000,0.000,0.000,1,1.000,1,1,0.0576,0.2560,-0.0017,0.0596
1315,15,0,0,0.008,-0.063,-1.000,-1.000,1,1,0.000,0.000,0.000,1,1.000,1,1,0.0576,0.2560,-0.0017,0.0596
1316,15,0,0,0.008,-0.063,-1.000,-1.000,1,1,0.000,0.000,0.000,1,1.000,1,1,0.0576,0.2560,-0.0017,0.0596
1317,15,0,0,0.008,-0.063,-1.000,-1.000,1,1,0.000,0.000,0.000,1,1.000,1,1,0.0576,0.2560,-0.0017,0.0596
1318,15,0,0,0.008,-0.063,-1.000,-1.000,1,1,0.000,0.000,0.000,1,1.000,1,1,0.0576,0.2560,-0.0017,0.0596
1319,15,0,0,0.008,-0.063,-1.000,-1.000,1,1,0.000,0.000,0.000,1,1.000,1,1,0.0576,0.2560,-0.0017,0.0596
1320,15,0,0,0.008,-0.063,-1.000,-1.000,1,1,0.000,0.000,0.000,1,1.000,1,1,0.0576,0.2560,-0.0017,0.0596
1321,15,0,0,0.008,-0.063,-1.000,-1.000,1,1,0.000,0.000,0.000,1,1.000,1,1,0.0576,0.2560,-0.0017,0.0596
1322,15,0,0,0.008,-0.063,-1.000,-1.000,1,1,0.000,0.000,0.000,1,1.000,1,1,0.0576,0.2560,-0.0017,0.0596
1323,15,0,0,0.008,-0.063,-1.000,-1.000,1,1,0.000,0.000,0.000,1,1.000,1,1,0.0576,0.2560,-0.0017,0.0596
1324,15,0,0,0.008,-0.063,-1.000,-1.000,1,1,0.000,0.000,0.000,1,1.000,1,1,0.0576,0.2560,-0.0017,0.0596
1325,15,0,0,0.008,-0.063,-1.000,-1.000,1,1,0.000,0.000,0.000,1,1.000,1,1,0.0576,0.2560,-0.0017,0.0596
1326,15,0,0,0.008,-0.063,-1.000,-1.000,1,1,0.000,0.000,0.000,1,1.000,1,1,0.0576,0.2560,-0.0017,0.0596
1327,15,0,0,0.008,-0.063,-1.000,-1.000,1,1,0.000,0.000,0.000,1,1.000,1,1,0.0576,0.2560,-0.0017,0.0596
1328,15,0,0,0.008,-0.063,-1.000,-1.000,1,1,0.000,0.000,0.000,1,1.000,1,1,0.0576,0.2560,-0.0017,0.0596
1329,15,0,0,0.008,-0.063,-1.000,-1.000,1,1,0.000,0.000,0.000,1,1.000,1,1,0.0576,0.2560,-0.0017,0.0596
1330,15,0,0,0.008,-0.063,-1.000,-1.000,1,1,0.000,0.000,0.000,1,1.000,1,1,0.0576,0.2560,-0.0017,0.0596
1331,15,0,0,0.008,-0.063,-1.000,-1.000,1,1,0.000,0.000,0.000,1,1.000,1,1,0.0576,0.2560,-0.0017,0.0596
1332,15,0,0,0.008,-0.063,-1.000,-1.000,1,1,0.000,0.000,0.000,1,1.000,1,1,0.0576,0.2560,-0.0017,0.0596
1333,15,0,0,0.008,-0.063,-1.000,-1.000,1,1,0.000,0.000,0.000,1,1.000,1,1,0.0576,0.2560,-0.0017,0.0596
1334,15,0,0,0.008,-0.063,-1.000,-1.000,1,1,0.000,0.000,0.000,1,1.000,1,1,0.0576,0.2560,-0.0017,0.0596
1335,15,0,0,0.008,-0.063,-1.000,-1.000,1,1,0.000,0.000,0.000,1,1.000,1,1,0.0576,0.2560,-0.0017,0.0596
1336,15,0,0,0.008,-0.063,-1.000,-1.000,1,1,0.000,0.000,0.000,1,1.000,1,1,0.0576,0.2560,-0.0017,0.0596
1337,15,0,0,0.008,-0.063,-1.000,-1.000,1,1,0.000,0.000,0.000,1,1.000,1,1,0.0576,0.2560,-0.0017,0.0596
1338,15,0,0,0.008,-0.063,-1.000,-1.000,1,1,0.000,0.000,0.000,1,1.000,1,1,0.0576,0.2560,-0.0017,0.0596
1339,15,0,0,0.008,-0.063,-1.000,-1.000,1,1,0.000,0.000,0.000,1,1.000,1,1,0.0576,0.2560,-0.0017,0.0596
1340,15,0,0,0.008,-0.063,-1.000,-1.000,1,1,0.000,0.000,0.000,1,1.000,1,1,0.0576,0.2560,-0.0017,0.0596
1341,15,0,0,0.008,-0.063,-1.000,-1.000,1,1,0.000,0.000,0.000,1,1.000,1,1,0.0576,0.2560,-0.0017,0.0596
1342,15,0,0,0.008,-0.063,-1.000,-1.000,1,1,0.000,0.000,0.000,1,1.000,1,1,0.0576,0.2560,-0.0017,0.0596
1343,15,0,0,0.008,-0.063,-1.000,-1.000,1,1,0.000,0.000,0.000,1,1.000,1,1,0.0576,0.2560,-0.0017,0.0596
1344,15,0,0,0.008,-0.063,-1.000,-1.000,1,1,0.000,0.000,0.000,1,1.000,1,1,0.0576,0.2560,-0.0017,0.0596
1345,15,0,0,0.008,-0.063,-1.000,-1.000,1,1,0.000,0.000,0.000,1,1.000,1,1,0.0576,0.2560,-0.0017,0.0596
1346,15,0,0,0.008,-0.063,-1.000,-1.000,1,1,0.000,0.000,0.000,1,1.000,1,1,0.0576,0.2560,-0.0017,0.0596
1347,15,0,0,0.008,-0.063,-1.000,-1.000,1,1,0.000,0.000,0.000,1,1.000,1,1,0.0576,0.2560,-0.0017,0.0596
1348,15,0,0,0.008,-0.063,-1.000,-1.000,1,1,0.000,0.000,0.000,1,1.000,1,1,0.0576,0.2560,-0.0017,0.0596
1349,15,0,0,0.008,-0.063,-1.000,-1.000,1,1,0.000,0.000,0.000,1,1.000,1,1,0.0576,0.2560,-0.0017,0.0596
1350,15,0,0,0.008,-0.063,-1.000,-1.000,1,1,0.000,0.000,0.000,1,1.000,1,1,0.0576,0.2560,-0.0017,0.0596
1351,15,0,0,0.008,-0.063,-1.000,-1.000,1,1,0.000,0.000,0.000,1,1.000,1,1,0.0576,0.2560,-0.0017,0.0596
1352,15,0,0,0.008,-0.063,-1.000,-1.000,1,1,0.000,0.000,0.000,1,1.000,1,1,0.0576,0.2560,-0.0017,0.0596
1353,15,0,0,0.008,-0.063,-1.000,-1.000,1,1,0.000,0.000,0.000,1,1.000,1,1,0.0576,0.2560,-0.0017,0.0596
1354,15,0,0,0.008,-0.063,-1.000,-1.000,1,1,0.000,0.000,0.000,1,1.000,1,1,0.0576,0.2560,-0.0017,0.0596
1355,15,0,0,0.008,-0.063,-1.000,-1.000,1,1,0.000,0.000,0.000,1,1.000,1,1,0.0576,0.2560,-0.0017,0.0596
1356,15,0,0,0.008,-0.063,-1.000,-1.000,1,1,0.000,0.000,0.000,1,1.000,1,1,0.0576,0.2560,-0.0017,0.0596
1357,15,0,0,0.008,-0.063,-1.000,-1.000,1,1,0.000,0.000,0.000,1,1.000,1,1,0.0576,0.2560,-0.0017,0.0596
1358,15,0,0,0.008,-0.063,-1.000,-1.000,1,1,0.000,0.000,0.000,1,1.000,1,1,0.0576,0.2560,-0.0017,0.0596
1359,15,0,0,0.008,-0.063,-1.000,-1.000,1,1,0.000,0.000,0.000,1,1.000,1,1,0.0576,0.2560,-0.0017,0.0596
1360,15,0,0,0.008,-0.063,-1.000,-1.000,1,1,0.000,0.000,0.000,1,1.000,1,1,0.0576,0.2560,-0.0017,0.0596
1361,15,0,0,0.008,-0.063,-1.000,-1.000,1,1,0.000,0.000,0.000,1,1.000,1,1,0.0576,0.2560,-0.0017,0.0596
1362,15,0,0,0.008,-0.063,-1.000,-1.000,1,1,0.000,0.000,0.000,1,1.000,1,1,0.0576,0.2560,-0.0017,0.0596
1363,15,0,0,0.008,-0.063,-1.000,-1.000,1,1,0.000,0.000,0.000,1,1.000,1,1,0.0576,0.2560,-0.0017,0.0596
1364,15,0,0,0.008,-0.063,-1.000,-1.000,1,1,0.000,0.000,0.000,1,1.000,1,1,0.0576,0.2560,-0.0017,0.0596
1365,15,0,0,0.008,-0.063,-1.000,-1.000,1,1,0.000,0.000,0.000,1,1.000,1,1,0.0576,0.2560,-0.0017,0.0596
1366,15,0,0,0.008,-0.063,-1.000,-1.000,1,1,0.000,0.000,0.000,1,1.000,1,1,0.0576,0.2560,-0.0017,0.0596
1367,15,0,0,0.008,-0.063,-1.000,-1.000,1,1,0.000,0.000,0.000,1,1.000,1,1,0.0576,0.2560,-0.0017,0.0596
1368,15,0,0,0.008,-0.063,-1.000,-1.000,1,1,0.000,0.000,0.000,1,1.000,1,1,0.0576,0.2560,-0.0017,0.0596
1369,15,0,0,0.008,-0.063,-1.000,-1.000,1,1,0.000,0.000,0.000,1,1.000,1,1,0.0576,0.2560,-0.0017,0.0596
1370,15,0,0,0.008,-0.063,-1.000,-1.000,1,1,0.000,0.000,0.000,1,1.000,1,1,0.0576,0.2560,-0.0017,0.0596
1371,15,0,0,0.008,-0.063,-1.000,-1.000,1,1,0.000,0.000,0.000,1,1.000,1,1,0.0576,0.2560,-0.0017,0.0596
1372,15,0,0,0.008,-0.063,-1.000,-1.000,1,1,0.000,0.000,0.000,1,1.000,1,1,0.0576,0.2560,-0.0017,0.0596
1373,15,0,0,0.008,-0.063,-1.000,-1.000,1,1,0.000,0.000,0.000,1,1.000,1,1,0.0576,0.2560,-0.0017,0.0596
1374,15,0,0,0.008,-0.063,-1.000,-1.000,1,1,0.000,0.000,0.000,1,1.000,1,1,0.0576,0.2560,-0.0017,0.0596
1375,15,0,0,0.008,-0.063,-1.000,-1.000,1,1,0.000,0.000,0.000,1,1.000,1,1,0.0576,0.2560,-0.0017,0.0596
1376,15,0,0,0.008,-0.063,-1.000,-1.000,1,1,0.000,0.000,0.000,1,1.000,1,1,0.0576,0.2560,-0.0017,0.0596
1377,15,0,0,0.008,-0.063,-1.000,-1.000,1,1,0.000,0.000,0.000,1,1.000,1,1,0.0576,0.2560,-0.0017,0.0596
1378,15,0,0,0.008,-0.063,-1.000,-1.000,1,1,0.000,0.000,0.000,1,1.000,1,1,0.0576,0.2560,-0.0017,0.0596
1379,15,0,0,0.008,-0.063,-1.000,-1.000,1,1,0.000,0.000,0.000,1,1.000,1,1,0.0576,0.2560,-0.0017,0.0596
1380,15,0,0,0.008,-0.063,-1.000,-1.000,1,1,0.000,0.000,0.000,1,1.000,1,1,0.0576,0.2560,-0.0017,0.0596
1381,15,0,0,0.008,-0.063,-1.000,-1.000,1,1,0.000,0.000,0.000,1,1.000,1,1,0.0576,0.2560,-0.0017,0.0596
1382,15,0,0,0.008,-0.063,-1.000,-1.000,1,1,0.000,0.000,0.000,1,1.000,1,1,0.0576,0.2560,-0.0017,0.0596
1383,15,0,0,0.008,-0.063,-1.000,-1.000,1,1,0.000,0.000,0.000,1,1.000,1,1,0.0576,0.2560,-0.0017,0.0596
1384,15,0,0,0.008,-0.063,-1.000,-1.000,1,1,0.000,0.000,0.000,1,1.000,1,1,0.0576,0.2560,-0.0017,0.0596
1385,15,0,0,0.008,-0.063,-1.000,-1.000,1,1,0.000,0.000,0.000,1,1.000,1,1,0.0576,0.2560,-0.0017,0.0596
1386,15,0,0,0.008,-0.063,-1.000,-1.000,1,1,0.000,0.000,0.000,1,1.000,1,1,0.0576,0.2560,-0.0017,0.0596
1387,15,0,0,0.008,-0.063,-1.000,-1.000,1,1,0.000,0.000,0.000,1,1.000,1,1,0.0576,0.2560,-0.0017,0.0596
1388,15,0,0,0.008,-0.063,-1.000,-1.000,1,1,0.000,0.000,0.000,1,1.000,1,1,0.0576,0.2560,-0.0017,0.0596
1389,15,0,0,0.008,-0.063,-1.000,-1.000,1,1,0.000,0.000,0.000,1,1.000,1,1,0.0576,0.2560,-0.0017,0.0596
1390,15,0,0,0.008,-0.063,-1.000,-1.000,1,1,0.000,0.000,0.000,1,1.000,1,1,0.0576,0.2560,-0.0017,0.0596
1391,15,0,0,0.008,-0.063,-1.000,-1.000,1,1,0.000,0.000,0.000,1,1.000,1,1,0.0576,0.2560,-0.0017,0.0596
1392,15,0,0,0.008,-0.063,-1.000,-1.000,1,1,0.000,0.000,0.000,1,1.000,1,1,0.0576,0.2560,-0.0017,0.0596
1393,15,0,0,0.008,-0.063,-1.000,-1.000,1,1,0.000,0.000,0.000,1,1.000,1,1,0.0576,0.2560,-0.0017,0.0596
1394,15,0,0,0.008,-0.063,-1.000,-1.000,1,1,0.000,0.000,0.000,1,1.000,1,1,0.0576,0.2560,-0.0017,0.0596
1395,15,0,0,0.008,-0.063,-1.000,-1.000,1,1,0.000,0.000,0.000,1,1.000,1,1,0.0576,0.2560,-0.0017,0.0596
1396,15,0,0,0.008,-0.063,-1.000,-1.000,1,1,0.000,0.000,0.000,1,1.000,1,1,0.0576,0.2560,-0.0017,0.0596
1397,15,0,0,0.008,-0.063,-1.000,-1.000,1,1,0.000,0.000,0.000,1,1.000,1,1,0.0576,0.2560,-0.0017,0.0596
1398,15,0,0,0.008,-0.063,-1.000,-1.000,1,1,0.000,0.000,0.000,1,1.000,1,1,0.0576,0.2560,-0.0017,0.0596
1399,15,0,0,0.008,-0.063,-1.000,-1.000,1,1,0.000,0.000,0.000,1,1.000,1,1,0.0576,0.2560,-0.0017,0.0596
1400,15,0,0,0.008,-0.063,-1.000,-1.000,1,1,0.000,0.000,0.000,1,1.000,1,1,0.0576,0.2560,-0.0017,0.0596
1401,15,0,0,0.008,-0.063,-1.000,-1.000,1,1,0.000,0.000,0.000,1,1.000,1,1,0.0576,0.2560,-0.0017,0.0596
1402,15,0,0,0.008,-0.063,-1.000,-1.000,1,1,0.000,0.000,0.000,1,1.000,1,1,0.0576,0.2560,-0.0017,0.0596
1403,15,0,0,0.008,-0.063,-1.000,-1.000,1,1,0.000,0.000,0.000,1,1.000,1,1,0.0576,0.2560,-0.0017,0.0596
1404,15,0,0,0.008,-0.063,-1.000,-1.000,1,1,0.000,0.000,0.000,1,1.000,1,1,0.0576,0.2560,-0.0017,0.0596
1405,15,0,0,0.008,-0.063,-1.000,-1.000,1,1,0.000,0.000,0.000,1,1.000,1,1,0.0576,0.2560,-0.0017,0.0596
1406,15,0,0,0.008,-0.063,-1.000,-1.000,1,1,0.000,0.000,0.000,1,1.000,1,1,0.0576,0.2560,-0.0017,0.0596
1407,15,0,0,0.008,-0.063,-1.000,-1.000,1,1,0.000,0.000,0.000,1,1.000,1,1,0.0576,0.2560,-0.0017,0.0596
1408,15,0,0,0.008,-0.063,-1.000,-1.000,1,1,0.000,0.000,0.000,1,1.000,1,1,0.0576,0.2560,-0.0017,0.0596
1409,15,0,0,0.008,-0.063,-1.000,-1.000,1,1,0.000,0.000,0.000,1,1.000,1,1,0.0576,0.2560,-0.0017,0.0596
1410,15,0,0,0.008,-0.063,-1.000,-1.000,1,1,0.000,0.000,0.000,1,1.000,1,1,0.0576,0.2560,-0.0017,0.0596
1411,15,0,0,0.008,-0.063,-1.000,-1.000,1,1,0.000,0.000,0.000,1,1.000,1,1,0.0576,0.2560,-0.0017,0.0596
1412,15,0,0,0.008,-0.063,-1.000,-1.000,1,1,0.000,0.000,0.000,1,1.000,1,1,0.0576,0.2560,-0.0017,0.0596
1413,15,0,0,0.008,-0.063,-1.000,-1.000,1,1,0.000,0.000,0.000,1,1.000,1,1,0.0576,0.2560,-0.0017,0.0596
1414,15,0,0,0.008,-0.063,-1.000,-1.000,1,1,0.000,0.000,0.000,1,1.000,1,1,0.0576,0.2560,-0.0017,0.0596
1415,15,0,0,0.008,-0.063,-1.000,-1.000,1,1,0.000,0.000,0.000,1,1.000,1,1,0.0576,0.2560,-0.0017,0.0596
1416,15,0,0,0.008,-0.063,-1.000,-1.000,1,1,0.000,0.000,0.000,1,1.000,1,1,0.0576,0.2560,-0.0017,0.0596
1417,15,0,0,0.008,-0.063,-1.000,-1.000,1,1,0.000,0.000,0.000,1,1.000,1,1,0.0576,0.2560,-0.0017,0.0596
1418,15,0,0,0.008,-0.063,-1.000,-1.000,1,1,0.000,0.000,0.000,1,1.000,1,1,0.0576,0.2560,-0.0017,0.0596
1419,15,0,0,0.008,-0.063,-1.000,-1.000,1,1,0.000,0.000,0.000,1,1.000,1,1,0.0576,0.2560,-0.0017,0.0596
1420,15,0,0,0.008,-0.063,-1.000,-1.000,1,1,0.000,0.000,0.000,1,1.000,1,1,0.0576,0.2560,-0.0017,0.0596
1421,15,0,0,0.008,-0.063,-1.000,-1.000,1,1,0.000,0.000,0.000,1,1.000,1,1,0.0576,0.2560,-0.0017,0.0596
1422,15,0,0,0.008,-0.063,-1.000,-1.000,1,1,0.000,0.000,0.000,1,1.000,1,1,0.0576,0.2560,-0.0017,0.0596
1423,15,0,0,0.008,-0.063,-1.000,-1.000,1,1,0.000,0.000,0.000,1,1.000,1,1,0.0576,0.2560,-0.0017,0.0596
1424,15,0,0,0.008,-0.063,-1.000,-1.000,1,1,0.000,0.000,0.000,1,1.000,1,1,0.0576,0.2560,-0.0017,0.0596
1425,15,0,0,0.008,-0.063,-1.000,-1.000,1,1,0.000,0.000,0.000,1,1.000,1,1,0.0576,0.2560,-0.0017,0.0596
1426,15,0,0,0.008,-0.063,-1.000,-1.000,1,1,0.000,0.000,0.000,1,1.000,1,1,0.0576,0.2560,-0.0017,0.0596
1427,15,0,0,0.008,-0.063,-1.000,-1.000,1,1,0.000,0.000,0.000,1,1.000,1,1,0.0576,0.2560,-0.0017,0.0596
1428,15,0,0,0.008,-0.063,-1.000,-1.000,1,1,0.000,0.000,0.000,1,1.000,1,1,0.0576,0.2560,-0.0017,0.0596
1429,15,0,0,0.008,-0.063,-1.000,-1.000,1,1,0.000,0.000,0.000,1,1.000,1,1,0.0576,0.2560,-0.0017,0.0596
1430,15,0,0,0.008,-0.063,-1.000,-1.000,1,1,0.000,0.000,0.000,1,1.000,1,1,0.0576,0.2560,-0.0017,0.0596
1431,15,0,0,0.008,-0.063,-1.000,-1.000,1,1,0.000,0.000,0.000,1,1.000,1,1,0.0576,0.2560,-0.0017,0.0596
1432,15,0,0,0.008,-0.063,-1.000,-1.000,1,1,0.000,0.000,0.000,1,1.000,1,1,0.0576,0.2560,-0.0017,0.0596
1433,15,0,0,0.008,-0.063,-1.000,-1.000,1,1,0.000,0.000,0.000,1,1.000,1,1,0.0576,0.2560,-0.0017,0.0596
1434,15,0,0,0.008,-0.063,-1.000,-1.000,1,1,0.000,0.000,0.000,1,1.000,1,1,0.0576,0.2560,-0.0017,0.0596
1435,15,0,0,0.008,-0.063,-1.000,-1.000,1,1,0.000,0.000,0.000,1,1.000,1,1,0.0576,0.2560,-0.0017,0.0596
1436,15,0,0,0.008,-0.063,-1.000,-1.000,1,1,0.000,0.000,0.000,1,1.000,1,1,0.0576,0.2560,-0.0017,0.0596
1437,15,0,0,0.008,-0.063,-1.000,-1.000,1,1,0.000,0.000,0.000,1,1.000,1,1,0.0576,0.2560,-0.0017,0.0596
1438,15,0,0,0.008,-0.063,-1.000,-1.000,1,1,0.000,0.000,0.000,1,1.000,1,1,0.0576,0.2560,-0.0017,0.0596
1439,15,0,0,0.008,-0.063,-1.000,-1.000,1,1,0.000,0.000,0.000,1,1.000,1,1,0.0576,0.2560,-0.0017,0.0596
1440,15,0,0,0.008,-0.063,-1.000,-1.000,1,1,0.000,0.000,0.000,1,1.000,1,1,0.0576,0.2560,-0.0017,0.0596
1441,15,0,0,0.008,-0.063,-1.000,-1.000,1,1,0.000,0.000,0.000,1,1.000,1,1,0.0576,0.2560,-0.0017,0.0596
1442,15,0,0,0.008,-0.063,-1.000,-1.000,1,1,0.000,0.000,0.000,1,1.000,1,1,0.0576,0.2560,-0.0017,0.0596
1443,15,0,0,0.008,-0.063,-1.000,-1.000,1,1,0.000,0.000,0.000,1,1.000,1,1,0.0576,0.2560,-0.0017,0.0596
1444,15,0,0,0.008,-0.063,-1.000,-1.000,1,1,0.000,0.000,0.000,1,1.000,1,1,0.0576,0.2560,-0.0017,0.0596
1445,15,0,0,0.008,-0.063,-1.000,-1.000,1,1,0.000,0.000,0.000,1,1.000,1,1,0.0576,0.2560,-0.0017,0.0596
1446,15,0,0,0.008,-0.063,-1.000,-1.000,1,1,0.000,0.000,0.000,1,1.000,1,1,0.0576,0.2560,-0.0017,0.0596
1447,15,0,0,0.008,-0.063,-1.000,-1.000,1,1,0.000,0.000,0.000,1,1.000,1,1,0.0576,0.2560,-0.0017,0.0596
1448,15,0,0,0.008,-0.063,-1.000,-1.000,1,1,0.000,0.000,0.000,1,1.000,1,1,0.0576,0.2560,-0.0017,0.0596
1449,15,0,0,0.008,-0.063,-1.000,-1.000,1,1,0.000,0.000,0.000,1,1.000,1,1,0.0576,0.2560,-0.0017,0.0596
1450,15,0,0,0.008,-0.063,-1.000,-1.000,1,1,0.000,0.000,0.000,1,1.000,1,1,0.0576,0.2560,-0.0017,0.0596
1451,15,0,0,0.008,-0.063,-1.000,-1.000,1,1,0.000,0.000,0.000,1,1.000,1,1,0.0576,0.2560,-0.0017,0.0596
1452,15,0,0,0.008,-0.063,-1.000,-1.000,1,1,0.000,0.000,0.000,1,1.000,1,1,0.0576,0.2560,-0.0017,0.0596
1453,15,0,0,0.008,-0.063,-1.000,-1.000,1,1,0.000,0.000,0.000,1,1.000,1,1,0.0576,0.2560,-0.0017,0.0596
1454,15,0,0,0.008,-0.063,-1.000,-1.000,1,1,0.000,0.000,0.000,1,1.000,1,1,0.0576,0.2560,-0.0017,0.0596
1455,15,0,0,0.008,-0.063,-1.000,-1.000,1,1,0.000,0.000,0.000,1,1.000,1,1,0.0576,0.2560,-0.0017,0.0596
1456,15,0,0,0.008,-0.063,-1.000,-1.000,1,1,0.000,0.000,0.000,1,1.000,1,1,0.0576,0.2560,-0.0017,0.0596
1457,15,0,0,0.008,-0.063,-1.000,-1.000,1,1,0.000,0.000,0.000,1,1.000,1,1,0.0576,0.2560,-0.0017,0.0596
1458,15,0,0,0.008,-0.063,-1.000,-1.000,1,1,0.000,0.000,0.000,1,1.000,1,1,0.0576,0.2560,-0.0017,0.0596
1459,15,0,0,0.008,-0.063,-1.000,-1.000,1,1,0.000,0.000,0.000,1,1.000,1,1,0.0576,0.2560,-0.0017,0.0596
1460,15,0,0,0.008,-0.063,-1.000,-1.000,1,1,0.000,0.000,0.000,1,1.000,1,1,0.0576,0.2560,-0.0017,0.0596
1461,15,0,0,0.008,-0.063,-1.000,-1.000,1,1,0.000,0.000,0.000,1,1.000,1,1,0.0576,0.2560,-0.0017,0.0596
1462,15,0,0,0.008,-0.063,-1.000,-1.000,1,1,0.000,0.000,0.000,1,1.000,1,1,0.0576,0.2560,-0.0017,0.0596
1463,15,0,0,0.008,-0.063,-1.000,-1.000,1,1,0.000,0.000,0.000,1,1.000,1,1,0.0576,0.2560,-0.0017,0.0596
1464,15,0,0,0.008,-0.063,-1.000,-1.000,1,1,0.000,0.000,0.000,1,1.000,1,1,0.0576,0.2560,-0.0017,0.0596
1465,15,0,0,0.008,-0.063,-1.000,-1.000,1,1,0.000,0.000,0.000,1,1.000,1,1,0.0576,0.2560,-0.0017,0.0596
1466,15,0,0,0.008,-0.063,-1.000,-1.000,1,1,0.000,0.000,0.000,1,1.000,1,1,0.0576,0.2560,-0.0017,0.0596
1467,15,0,0,0.008,-0.063,-1.000,-1.000,1,1,0.000,0.000,0.000,1,1.000,1,1,0.0576,0.2560,-0.0017,0.0596
1468,15,0,0,0.008,-0.063,-1.000,-1.000,1,1,0.000,0.000,0.000,1,1.000,1,1,0.0576,0.2560,-0.0017,0.0596
1469,15,0,0,0.008,-0.063,-1.000,-1.000,1,1,0.000,0.000,0.000,1,1.000,1,1,0.0576,0.2560,-0.0017,0.0596
1470,15,0,0,0.008,-0.063,-1.000,-1.000,1,1,0.000,0.000,0.000,1,1.000,1,1,0.0576,0.2560,-0.0017,0.0596
1471,15,0,0,0.008,-0.063,-1.000,-1.000,1,1,0.000,0.000,0.000,1,1.000,1,1,0.0576,0.2560,-0.0017,0.0596
1472,15,0,0,0.008,-0.063,-1.000,-1.000,1,1,0.000,0.000,0.000,1,1.000,1,1,0.0576,0.2560,-0.0017,0.0596
1473,15,0,0,0.008,-0.063,-1.000,-1.000,1,1,0.000,0.000,0.000,1,1.000,1,1,0.0576,0.2560,-0.0017,0.0596
1474,15,0,0,0.008,-0.063,-1.000,-1.000,1,1,0.000,0.000,0.000,1,1.000,1,1,0.0576,0.2560,-0.0017,0.0596
1475,15,0,0,0.008,-0.063,-1.000,-1.000,1,1,0.000,0.000,0.000,1,1.000,1,1,0.0576,0.2560,-0.0017,0.0596
1476,15,0,0,0.008,-0.063,-1.000,-1.000,1,1,0.000,0.000,0.000,1,1.000,1,1,0.0576,0.2560,-0.0017,0.0596
1477,15,0,0,0.008,-0.063,-1.000,-1.000,1,1,0.000,0.000,0.000,1,1.000,1,1,0.0576,0.2560,-0.0017,0.0596
1478,15,0,0,0.008,-0.063,-1.000,-1.000,1,1,0.000,0.000,0.000,1,1.000,1,1,0.0576,0.2560,-0.0017,0.0596
1479,15,0,0,0.008,-0.063,-1.000,-1.000,1,1,0.000,0.000,0.000,1,1.000,1,1,0.0576,0.2560,-0.0017,0.0596
1480,15,0,0,0.008,-0.063,-1.000,-1.000,1,1,0.000,0.000,0.000,1,1.000,1,1,0.0576,0.2560,-0.0017,0.0596
1481,15,0,0,0.008,-0.063,-1.000,-1.000,1,1,0.000,0.000,0.000,1,1.000,1,1,0.0576,0.2560,-0.0017,0.0596
1482,15,0,0,0.008,-0.063,-1.000,-1.000,1,1,0.000,0.000,0.000,1,1.000,1,1,0.0576,0.2560,-0.0017,0.0596
1483,15,0,0,0.008,-0.063,-1.000,-1.000,1,1,0.000,0.000,0.000,1,1.000,1,1,0.0576,0.2560,-0.0017,0.0596
1484,15,0,0,0.008,-0.063,-1.000,-1.000,1,1,0.000,0.000,0.000,1,1.000,1,1,0.0576,0.2560,-0.0017,0.0596
1485,15,0,0,0.008,-0.063,-1.000,-1.000,1,1,0.000,0.000,0.000,1,1.000,1,1,0.0576,0.2560,-0.0017,0.0596
1486,15,0,0,0.008,-0.063,-1.000,-1.000,1,1,0.000,0.000,0.000,1,1.000,1,1,0.0576,0.2560,-0.0017,0.0596
1487,15,0,0,0.008,-0.063,-1.000,-1.000,1,1,0.000,0.000,0.000,1,1.000,1,1,0.0576,0.2560,-0.0017,0.0596
1488,15,0,0,0.008,-0.063,-1.000,-1.000,1,1,0.000,0.000,0.000,1,1.000,1,1,0.0576,0.2560,-0.0017,0.0596
1489,15,0,0,0.008,-0.063,-1.000,-1.000,1,1,0.000,0.000,0.000,1,1.000,1,1,0.0576,0.2560,-0.0017,0.0596
1490,15,0,0,0.008,-0.063,-1.000,-1.000,1,1,0.000,0.000,0.000,1,1.000,1,1,0.0576,0.2560,-0.0017,0.0596
1491,15,0,0,0.008,-0.063,-1.000,-1.000,1,1,0.000,0.000,0.000,1,1.000,1,1,0.0576,0.2560,-0.0017,0.0596
1492,15,0,0,0.008,-0.063,-1.000,-1.000,1,1,0.000,0.000,0.000,1,1.000,1,1,0.0576,0.2560,-0.0017,0.0596
1493,15,0,0,0.008,-0.063,-1.000,-1.000,1,1,0.000,0.000,0.000,1,1.000,1,1,0.0576,0.2560,-0.0017,0.0596
1494,15,0,0,0.008,-0.063,-1.000,-1.000,1,1,0.000,0.000,0.000,1,1.000,1,1,0.0576,0.2560,-0.0017,0.0596
1495,15,0,0,0.008,-0.063,-1.000,-1.000,1,1,0.000,0.000,0.000,1,1.000,1,1,0.0576,0.2560,-0.0017,0.0596
1496,15,0,0,0.008,-0.063,-1.000,-1.000,1,1,0.000,0.000,0.000,1,1.000,1,1,0.0576,0.2560,-0.0017,0.0596
1497,15,0,0,0.008,-0.063,-1.000,-1.000,1,1,0.000,0.000,0.000,1,1.000,1,1,0.0576,0.2560,-0.0017,0.0596
1498,15,0,0,0.008,-0.063,-1.000,-1.000,1,1,0.000,0.000,0.000,1,1.000,1,1,0.0576,0.2560,-0.0017,0.0596
1499,15,0,0,0.008,-0.063,-1.000,-1.000,1,1,0.000,0.000,0.000,1,1.000,1,1,0.0576,0.2560,-0.0017,0.0596
1500,15,0,0,0.008,-0.063,-1.000,-1.000,1,1,0.000,0.000,0.000,1,1.000,1,1,0.0576,0.2560,-0.0017,0.0596
1501,15,0,0,0.008,-0.063,-1.000,-1.000,1,1,0.000,0.000,0.000,1,1.000,1,1,0.0576,0.2560,-0.0017,0.0596
1502,15,0,0,0.008,-0.063,-1.000,-1.000,1,1,0.000,0.000,0.000,1,1.000,1,1,0.0576,0.2560,-0.0017,0.0596
1503,15,0,0,0.008,-0.063,-1.000,-1.000,1,1,0.000,0.000,0.000,1,1.000,1,1,0.0576,0.2560,-0.0017,0.0596
1504,15,0,0,0.008,-0.063,-1.000,-1.000,1,1,0.000,0.000,0.000,1,1.000,1,1,0.0576,0.2560,-0.0017,0.0596
1505,15,0,0,0.008,-0.063,-1.000,-1.000,1,1,0.000,0.000,0.000,1,1.000,1,1,0.0576,0.2560,-0.0017,0.0596
1506,15,0,0,0.008,-0.063,-1.000,-1.000,1,1,0.000,0.000,0.000,1,1.000,1,1,0.0576,0.2560,-0.0017,0.0596
1507,15,0,0,0.008,-0.063,-1.000,-1.000,1,1,0.000,0.000,0.000,1,1.000,1,1,0.0576,0.2560,-0.0017,0.0596
1508,15,0,0,0.008,-0.063,-1.000,-1.000,1,1,0.000,0.000,0.000,1,1.000,1,1,0.0576,0.2560,-0.0017,0.0596
1509,15,0,0,0.008,-0.063,-1.000,-1.000,1,1,0.000,0.000,0.000,1,1.000,1,1,0.0576,0.2560,-0.0017,0.0596
1510,15,0,0,0.008,-0.063,-1.000,-1.000,1,1,0.000,0.000,0.000,1,1.000,1,1,0.0576,0.2560,-0.0017,0.0596
1511,15,0,0,0.008,-0.063,-1.000,-1.000,1,1,0.000,0.000,0.000,1,1.000,1,1,0.0576,0.2560,-0.0017,0.0596
1512,15,0,0,0.008,-0.063,-1.000,-1.000,1,1,0.000,0.000,0.000,1,1.000,1,1,0.0576,0.2560,-0.0017,0.0596
1513,15,0,0,0.008,-0.063,-1.000,-1.000,1,1,0.000,0.000,0.000,1,1.000,1,1,0.0576,0.2560,-0.0017,0.0596
1514,15,0,0,0.008,-0.063,-1.000,-1.000,1,1,0.000,0.000,0.000,1,1.000,1,1,0.0576,0.2560,-0.0017,0.0596
1515,15,0,0,0.008,-0.063,-1.000,-1.000,1,1,0.000,0.000,0.000,1,1.000,1,1,0.0576,0.2560,-0.0017,0.0596
1516,15,0,0,0.008,-0.063,-1.000,-1.000,1,1,0.000,0.000,0.000,1,1.000,1,1,0.0576,0.2560,-0.0017,0.0596
1517,15,0,0,0.008,-0.063,-1.000,-1.000,1,1,0.000,0.000,0.000,1,1.000,1,1,0.0576,0.2560,-0.0017,0.0596
1518,15,0,0,0.008,-0.063,-1.000,-1.000,1,1,0.000,0.000,0.000,1,1.000,1,1,0.0576,0.2560,-0.0017,0.0596
1519,15,0,0,0.008,-0.063,-1.000,-1.000,1,1,0.000,0.000,0.000,1,1.000,1,1,0.0576,0.2560,-0.0017,0.0596
1520,15,0,0,0.008,-0.063,-1.000,-1.000,1,1,0.000,0.000,0.000,1,1.000,1,1,0.0576,0.2560,-0.0017,0.0596
1521,15,0,0,0.008,-0.063,-1.000,-1.000,1,1,0.000,0.000,0.000,1,1.000,1,1,0.0576,0.2560,-0.0017,0.0596
1522,15,0,0,0.008,-0.063,-1.000,-1.000,1,1,0.000,0.000,0.000,1,1.000,1,1,0.0576,0.2560,-0.0017,0.0596
1523,15,0,0,0.008,-0.063,-1.000,-1.000,1,1,0.000,0.000,0.000,1,1.000,1,1,0.0576,0.2560,-0.0017,0.0596
1524,15,0,0,0.008,-0.063,-1.000,-1.000,1,1,0.000,0.000,0.000,1,1.000,1,1,0.0576,0.2560,-0.0017,0.0596
1525,15,0,0,0.008,-0.063,-1.000,-1.000,1,1,0.000,0.000,0.000,1,1.000,1,1,0.0576,0.2560,-0.0017,0.0596
1526,15,0,0,0.008,-0.063,-1.000,-1.000,1,1,0.000,0.000,0.000,1,1.000,1,1,0.0576,0.2560,-0.0017,0.0596
1527,15,0,0,0.008,-0.063,-1.000,-1.000,1,1,0.000,0.000,0.000,1,1.000,1,1,0.0576,0.2560,-0.0017,0.0596
1528,15,0,0,0.008,-0.063,-1.000,-1.000,1,1,0.000,0.000,0.000,1,1.000,1,1,0.0576,0.2560,-0.0017,0.0596
1529,15,0,0,0.008,-0.063,-1.000,-1.000,1,1,0.000,0.000,0.000,1,1.000,1,1,0.0576,0.2560,-0.0017,0.0596
1530,15,0,0,0.008,-0.063,-1.000,-1.000,1,1,0.000,0.000,0.000,1,1.000,1,1,0.0576,0.2560,-0.0017,0.0596
1531,15,0,0,0.008,-0.063,-1.000,-1.000,1,1,0.000,0.000,0.000,1,1.000,1,1,0.0576,0.2560,-0.0017,0.0596
1532,15,0,0,0.008,-0.063,-1.000,-1.000,1,1,0.000,0.000,0.000,1,1.000,1,1,0.0576,0.2560,-0.0017,0.0596
1533,15,0,0,0.008,-0.063,-1.000,-1.000,1,1,0.000,0.000,0.000,1,1.000,1,1,0.0576,0.2560,-0.0017,0.0596
1534,15,0,0,0.008,-0.063,-1.000,-1.000,1,1,0.000,0.000,0.000,1,1.000,1,1,0.0576,0.2560,-0.0017,0.0596
1535,15,0,0,0.008,-0.063,-1.000,-1.000,1,1,0.000,0.000,0.000,1,1.000,1,1,0.0576,0.2560,-0.0017,0.0596
1536,15,0,0,0.008,-0.063,-1.000,-1.000,1,1,0.000,0.000,0.000,1,1.000,1,1,0.0576,0.2560,-0.0017,0.0596
1537,15,0,0,0.008,-0.063,-1.000,-1.000,1,1,0.000,0.000,0.000,1,1.000,1,1,0.0576,0.2560,-0.0017,0.0596
1538,15,0,0,0.008,-0.063,-1.000,-1.000,1,1,0.000,0.000,0.000,1,1.000,1,1,0.0576,0.2560,-0.0017,0.0596
1539,15,0,0,0.008,-0.063,-1.000,-1.000,1,1,0.000,0.000,0.000,1,1.000,1,1,0.0576,0.2560,-0.0017,0.0596
1540,15,0,0,0.008,-0.063,-1.000,-1.000,1,1,0.000,0.000,0.000,1,1.000,1,1,0.0576,0.2560,-0.0017,0.0596
1541,15,0,0,0.008,-0.063,-1.000,-1.000,1,1,0.000,0.000,0.000,1,1.000,1,1,0.0576,0.2560,-0.0017,0.0596
1542,15,0,0,0.008,-0.063,-1.000,-1.000,1,1,0.000,0.000,0.000,1,1.000,1,1,0.0576,0.2560,-0.0017,0.0596
1543,15,0,0,0.008,-0.063,-1.000,-1.000,1,1,0.000,0.000,0.000,1,1.000,1,1,0.0576,0.2560,-0.0017,0.0596
1544,15,0,0,0.008,-0.063,-1.000,-1.000,1,1,0.000,0.000,0.000,1,1.000,1,1,0.0576,0.2560,-0.0017,0.0596
1545,15,0,0,0.008,-0.063,-1.000,-1.000,1,1,0.000,0.000,0.000,1,1.000,1,1,0.0576,0.2560,-0.0017,0.0596
1546,15,0,0,0.008,-0.063,-1.000,-1.000,1,1,0.000,0.000,0.000,1,1.000,1,1,0.0576,0.2560,-0.0017,0.0596
1547,15,0,0,0.008,-0.063,-1.000,-1.000,1,1,0.000,0.000,0.000,1,1.000,1,1,0.0576,0.2560,-0.0017,0.0596
1548,15,0,0,0.008,-0.063,-1.000,-1.000,1,1,0.000,0.000,0.000,1,1.000,1,1,0.0576,0.2560,-0.0017,0.0596
1549,15,0,0,0.008,-0.063,-1.000,-1.000,1,1,0.000,0.000,0.000,1,1.000,1,1,0.0576,0.2560,-0.0017,0.0596
1550,15,0,0,0.008,-0.063,-1.000,-1.000,1,1,0.000,0.000,0.000,1,1.000,1,1,0.0576,0.2560,-0.0017,0.0596
1551,15,0,0,0.008,-0.063,-1.000,-1.000,1,1,0.000,0.000,0.000,1,1.000,1,1,0.0576,0.2560,-0.0017,0.0596
1552,15,0,0,0.008,-0.063,-1.000,-1.000,1,1,0.000,0.000,0.000,1,1.000,1,1,0.0576,0.2560,-0.0017,0.0596
1553,15,0,0,0.008,-0.063,-1.000,-1.000,1,1,0.000,0.000,0.000,1,1.000,1,1,0.0576,0.2560,-0.0017,0.0596
1554,15,0,0,0.008,-0.063,-1.000,-1.000,1,1,0.000,0.000,0.000,1,1.000,1,1,0.0576,0.2560,-0.0017,0.0596
1555,15,0,0,0.008,-0.063,-1.000,-1.000,1,1,0.000,0.000,0.000,1,1.000,1,1,0.0576,0.2560,-0.0017,0.0596
1556,15,0,0,0.008,-0.063,-1.000,-1.000,1,1,0.000,0.000,0.000,1,1.000,1,1,0.0576,0.2560,-0.0017,0.0596
1557,15,0,0,0.008,-0.063,-1.000,-1.000,1,1,0.000,0.000,0.000,1,1.000,1,1,0.0576,0.2560,-0.0017,0.0596
1558,15,0,0,0.008,-0.063,-1.000,-1.000,1,1,0.000,0.000,0.000,1,1.000,1,1,0.0576,0.2560,-0.0017,0.0596
1559,15,0,0,0.008,-0.063,-1.000,-1.000,1,1,0.000,0.000,0.000,1,1.000,1,1,0.0576,0.2560,-0.0017,0.0596
1560,15,0,0,0.008,-0.063,-1.000,-1.000,1,1,0.000,0.000,0.000,1,1.000,1,1,0.0576,0.2560,-0.0017,0.0596
1561,15,0,0,0.008,-0.063,-1.000,-1.000,1,1,0.000,0.000,0.000,1,1.000,1,1,0.0576,0.2560,-0.0017,0.0596
1562,15,0,0,0.008,-0.063,-1.000,-1.000,1,1,0.000,0.000,0.000,1,1.000,1,1,0.0576,0.2560,-0.0017,0.0596
1563,15,0,0,0.008,-0.063,-1.000,-1.000,1,1,0.000,0.000,0.000,1,1.000,1,1,0.0576,0.2560,-0.0017,0.0596
1564,15,0,0,0.008,-0.063,-1.000,-1.000,1,1,0.000,0.000,0.000,1,1.000,1,1,0.0576,0.2560,-0.0017,0.0596
1565,15,0,0,0.008,-0.063,-1.000,-1.000,1,1,0.000,0.000,0.000,1,1.000,1,1,0.0576,0.2560,-0.0017,0.0596
1566,15,0,0,0.008,-0.063,-1.000,-1.000,1,1,0.000,0.000,0.000,1,1.000,1,1,0.0576,0.2560,-0.0017,0.0596
1567,15,0,0,0.008,-0.063,-1.000,-1.000,1,1,0.000,0.000,0.000,1,1.000,1,1,0.0576,0.2560,-0.0017,0.0596
1568,15,0,0,0.008,-0.063,-1.000,-1.000,1,1,0.000,0.000,0.000,1,1.000,1,1,0.0576,0.2560,-0.0017,0.0596
1569,15,0,0,0.008,-0.063,-1.000,-1.000,1,1,0.000,0.000,0.000,1,1.000,1,1,0.0576,0.2560,-0.0017,0.0596
1570,15,0,0,0.008,-0.063,-1.000,-1.000,1,1,0.000,0.000,0.000,1,1.000,1,1,0.0576,0.2560,-0.0017,0.0596
1571,15,0,0,0.008,-0.063,-1.000,-1.000,1,1,0.000,0.000,0.000,1,1.000,1,1,0.0576,0.2560,-0.0017,0.0596
1572,15,0,0,0.008,-0.063,-1.000,-1.000,1,1,0.000,0.000,0.000,1,1.000,1,1,0.0576,0.2560,-0.0017,0.0596
1573,15,0,0,0.008,-0.063,-1.000,-1.000,1,1,0.000,0.000,0.000,1,1.000,1,1,0.0576,0.2560,-0.0017,0.0596
1574,15,0,0,0.008,-0.063,-1.000,-1.000,1,1,0.000,0.000,0.000,1,1.000,1,1,0.0576,0.2560,-0.0017,0.0596
1575,15,0,0,0.008,-0.063,-1.000,-1.000,1,1,0.000,0.000,0.000,1,1.000,1,1,0.0576,0.2560,-0.0017,0.0596
1576,15,0,0,0.008,-0.063,-1.000,-1.000,1,1,0.000,0.000,0.000,1,1.000,1,1,0.0576,0.2560,-0.0017,0.0596
1577,15,0,0,0.008,-0.063,-1.000,-1.000,1,1,0.000,0.000,0.000,1,1.000,1,1,0.0576,0.2560,-0.0017,0.0596
1578,15,0,0,0.008,-0.063,-1.000,-1.000,1,1,0.000,0.000,0.000,1,1.000,1,1,0.0576,0.2560,-0.0017,0.0596
1579,15,0,0,0.008,-0.063,-1.000,-1.000,1,1,0.000,0.000,0.000,1,1.000,1,1,0.0576,0.2560,-0.0017,0.0596
1580,15,0,0,0.008,-0.063,-1.000,-1.000,1,1,0.000,0.000,0.000,1,1.000,1,1,0.0576,0.2560,-0.0017,0.0596
1581,15,0,0,0.008,-0.063,-1.000,-1.000,1,1,0.000,0.000,0.000,1,1.000,1,1,0.0576,0.2560,-0.0017,0.0596
1582,15,0,0,0.008,-0.063,-1.000,-1.000,1,1,0.000,0.000,0.000,1,1.000,1,1,0.0576,0.2560,-0.0017,0.0596
1583,15,0,0,0.008,-0.063,-1.000,-1.000,1,1,0.000,0.000,0.000,1,1.000,1,1,0.0576,0.2560,-0.0017,0.0596
1584,15,0,0,0.008,-0.063,-1.000,-1.000,1,1,0.000,0.000,0.000,1,1.000,1,1,0.0576,0.2560,-0.0017,0.0596
1585,15,0,0,0.008,-0.063,-1.000,-1.000,1,1,0.000,0.000,0.000,1,1.000,1,1,0.0576,0.2560,-0.0017,0.0596
1586,15,0,0,0.008,-0.063,-1.000,-1.000,1,1,0.000,0.000,0.000,1,1.000,1,1,0.0576,0.2560,-0.0017,0.0596
1587,15,0,0,0.008,-0.063,-1.000,-1.000,1,1,0.000,0.000,0.000,1,1.000,1,1,0.0576,0.2560,-0.0017,0.0596
1588,15,0,0,0.008,-0.063,-1.000,-1.000,1,1,0.000,0.000,0.000,1,1.000,1,1,0.0576,0.2560,-0.0017,0.0596
1589,15,0,0,0.008,-0.063,-1.000,-1.000,1,1,0.000,0.000,0.000,1,1.000,1,1,0.0576,0.2560,-0.0017,0.0596
1590,15,0,0,0.008,-0.063,-1.000,-1.000,1,1,0.000,0.000,0.000,1,1.000,1,1,0.0576,0.2560,-0.0017,0.0596
1591,15,0,0,0.008,-0.063,-1.000,-1.000,1,1,0.000,0.000,0.000,1,1.000,1,1,0.0576,0.2560,-0.0017,0.0596
1592,15,0,0,0.008,-0.063,-1.000,-1.000,1,1,0.000,0.000,0.000,1,1.000,1,1,0.0576,0.2560,-0.0017,0.0596
1593,15,0,0,0.008,-0.063,-1.000,-1.000,1,1,0.000,0.000,0.000,1,1.000,1,1,0.0576,0.2560,-0.0017,0.0596
1594,15,0,0,0.008,-0.063,-1.000,-1.000,1,1,0.000,0.000,0.000,1,1.000,1,1,0.0576,0.2560,-0.0017,0.0596
1595,15,0,0,0.008,-0.063,-1.000,-1.000,1,1,0.000,0.000,0.000,1,1.000,1,1,0.0576,0.2560,-0.0017,0.0596
1596,15,0,0,0.008,-0.063,-1.000,-1.000,1,1,0.000,0.000,0.000,1,1.000,1,1,0.0576,0.2560,-0.0017,0.0596
1597,15,0,0,0.008,-0.063,-1.000,-1.000,1,1,0.000,0.000,0.000,1,1.000,1,1,0.0576,0.2560,-0.0017,0.0596
1598,15,0,0,0.008,-0.063,-1.000,-1.000,1,1,0.000,0.000,0.000,1,1.000,1,1,0.0576,0.2560,-0.0017,0.0596
1599,15,0,0,0.008,-0.063,-1.000,-1.000,1,1,0.000,0.000,0.000,1,1.000,1,1,0.0576,0.2560,-0.0017,0.0596
1600,15,0,0,0.008,-0.063,-1.000,-1.000,1,1,0.000,0.000,0.000,1,1.000,1,1,0.0576,0.2560,-0.0017,0.0596
1601,15,0,0,0.008,-0.063,-1.000,-1.000,1,1,0.000,0.000,0.000,1,1.000,1,1,0.0576,0.2560,-0.0017,0.0596
1602,15,0,0,0.008,-0.063,-1.000,-1.000,1,1,0.000,0.000,0.000,1,1.000,1,1,0.0576,0.2560,-0.0017,0.0596
1603,15,0,0,0.008,-0.063,-1.000,-1.000,1,1,0.000,0.000,0.000,1,1.000,1,1,0.0576,0.2560,-0.0017,0.0596
1604,15,0,0,0.008,-0.063,-1.000,-1.000,1,1,0.000,0.000,0.000,1,1.000,1,1,0.0576,0.2560,-0.0017,0.0596
1605,15,0,0,0.008,-0.063,-1.000,-1.000,1,1,0.000,0.000,0.000,1,1.000,1,1,0.0576,0.2560,-0.0017,0.0596
1606,15,0,0,0.008,-0.063,-1.000,-1.000,1,1,0.000,0.000,0.000,1,1.000,1,1,0.0576,0.2560,-0.0017,0.0596
1607,15,0,0,0.008,-0.063,-1.000,-1.000,1,1,0.000,0.000,0.000,1,1.000,1,1,0.0576,0.2560,-0.0017,0.0596
1608,15,0,0,0.008,-0.063,-1.000,-1.000,1,1,0.000,0.000,0.000,1,1.000,1,1,0.0576,0.2560,-0.0017,0.0596
1609,15,0,0,0.008,-0.063,-1.000,-1.000,1,1,0.000,0.000,0.000,1,1.000,1,1,0.0576,0.2560,-0.0017,0.0596
1610,15,0,0,0.008,-0.063,-1.000,-1.000,1,1,0.000,0.000,0.000,1,1.000,1,1,0.0576,0.2560,-0.0017,0.0596
1611,15,0,0,0.008,-0.063,-1.000,-1.000,1,1,0.000,0.000,0.000,1,1.000,1,1,0.0576,0.2560,-0.0017,0.0596
1612,15,0,0,0.008,-0.063,-1.000,-1.000,1,1,0.000,0.000,0.000,1,1.000,1,1,0.0576,0.2560,-0.0017,0.0596
1613,15,0,0,0.008,-0.063,-1.000,-1.000,1,1,0.000,0.000,0.000,1,1.000,1,1,0.0576,0.2560,-0.0017,0.0596
1614,15,0,0,0.008,-0.063,-1.000,-1.000,1,1,0.000,0.000,0.000,1,1.000,1,1,0.0576,0.2560,-0.0017,0.0596
1615,15,0,0,0.008,-0.063,-1.000,-1.000,1,1,0.000,0.000,0.000,1,1.000,1,1,0.0576,0.2560,-0.0017,0.0596
1616,15,0,0,0.008,-0.063,-1.000,-1.000,1,1,0.000,0.000,0.000,1,1.000,1,1,0.0576,0.2560,-0.0017,0.0596
1617,15,0,0,0.008,-0.063,-1.000,-1.000,1,1,0.000,0.000,0.000,1,1.000,1,1,0.0576,0.2560,-0.0017,0.0596
1618,15,0,0,0.008,-0.063,-1.000,-1.000,1,1,0.000,0.000,0.000,1,1.000,1,1,0.0576,0.2560,-0.0017,0.0596
1619,15,0,0,0.008,-0.063,-1.000,-1.000,1,1,0.000,0.000,0.000,1,1.000,1,1,0.0576,0.2560,-0.0017,0.0596
1620,15,0,0,0.008,-0.063,-1.000,-1.000,1,1,0.000,0.000,0.000,1,1.000,1,1,0.0576,0.2560,-0.0017,0.0596
1621,15,0,0,0.008,-0.063,-1.000,-1.000,1,1,0.000,0.000,0.000,1,1.000,1,1,0.0576,0.2560,-0.0017,0.0596
1622,15,0,0,0.008,-0.063,-1.000,-1.000,1,1,0.000,0.000,0.000,1,1.000,1,1,0.0576,0.2560,-0.0017,0.0596
1623,15,0,0,0.008,-0.063,-1.000,-1.000,1,1,0.000,0.000,0.000,1,1.000,1,1,0.0576,0.2560,-0.0017,0.0596
1624,15,0,0,0.008,-0.063,-1.000,-1.000,1,1,0.000,0.000,0.000,1,1.000,1,1,0.0576,0.2560,-0.0017,0.0596
1625,15,0,0,0.008,-0.063,-1.000,-1.000,1,1,0.000,0.000,0.000,1,1.000,1,1,0.0576,0.2560,-0.0017,0.0596
1626,15,0,0,0.008,-0.063,-1.000,-1.000,1,1,0.000,0.000,0.000,1,1.000,1,1,0.0576,0.2560,-0.0017,0.0596
1627,15,0,0,0.008,-0.063,-1.000,-1.000,1,1,0.000,0.000,0.000,1,1.000,1,1,0.0576,0.2560,-0.0017,0.0596
1628,15,0,0,0.008,-0.063,-1.000,-1.000,1,1,0.000,0.000,0.000,1,1.000,1,1,0.0576,0.2560,-0.0017,0.0596
1629,15,0,0,0.008,-0.063,-1.000,-1.000,1,1,0.000,0.000,0.000,1,1.000,1,1,0.0576,0.2560,-0.0017,0.0596
1630,15,0,0,0.008,-0.063,-1.000,-1.000,1,1,0.000,0.000,0.000,1,1.000,1,1,0.0576,0.2560,-0.0017,0.0596
1631,15,0,0,0.008,-0.063,-1.000,-1.000,1,1,0.000,0.000,0.000,1,1.000,1,1,0.0576,0.2560,-0.0017,0.0596
1632,15,0,0,0.008,-0.063,-1.000,-1.000,1,1,0.000,0.000,0.000,1,1.000,1,1,0.0576,0.2560,-0.0017,0.0596
1633,15,0,0,0.008,-0.063,-1.000,-1.000,1,1,0.000,0.000,0.000,1,1.000,1,1,0.0576,0.2560,-0.0017,0.0596
1634,15,0,0,0.008,-0.063,-1.000,-1.000,1,1,0.000,0.000,0.000,1,1.000,1,1,0.0576,0.2560,-0.0017,0.0596
1635,15,0,0,0.008,-0.063,-1.000,-1.000,1,1,0.000,0.000,0.000,1,1.000,1,1,0.0576,0.2560,-0.0017,0.0596
1636,15,0,0,0.008,-0.063,-1.000,-1.000,1,1,0.000,0.000,0.000,1,1.000,1,1,0.0576,0.2560,-0.0017,0.0596
1637,15,0,0,0.008,-0.063,-1.000,-1.000,1,1,0.000,0.000,0.000,1,1.000,1,1,0.0576,0.2560,-0.0017,0.0596
1638,15,0,0,0.008,-0.063,-1.000,-1.000,1,1,0.000,0.000,0.000,1,1.000,1,1,0.0576,0.2560,-0.0017,0.0596
1639,15,0,0,0.008,-0.063,-1.000,-1.000,1,1,0.000,0.000,0.000,1,1.000,1,1,0.0576,0.2560,-0.0017,0.0596
1640,15,0,0,0.008,-0.063,-1.000,-1.000,1,1,0.000,0.000,0.000,1,1.000,1,1,0.0576,0.2560,-0.0017,0.0596
1641,15,0,0,0.008,-0.063,-1.000,-1.000,1,1,0.000,0.000,0.000,1,1.000,1,1,0.0576,0.2560,-0.0017,0.0596
1642,15,0,0,0.008,-0.063,-1.000,-1.000,1,1,0.000,0.000,0.000,1,1.000,1,1,0.0576,0.2560,-0.0017,0.0596
1643,15,0,0,0.008,-0.063,-1.000,-1.000,1,1,0.000,0.000,0.000,1,1.000,1,1,0.0576,0.2560,-0.0017,0.0596
1644,15,0,0,0.008,-0.063,-1.000,-1.000,1,1,0.000,0.000,0.000,1,1.000,1,1,0.0576,0.2560,-0.0017,0.0596
1645,15,0,0,0.008,-0.063,-1.000,-1.000,1,1,0.000,0.000,0.000,1,1.000,1,1,0.0576,0.2560,-0.0017,0.0596
1646,15,0,0,0.008,-0.063,-1.000,-1.000,1,1,0.000,0.000,0.000,1,1.000,1,1,0.0576,0.2560,-0.0017,0.0596
1647,15,0,0,0.008,-0.063,-1.000,-1.000,1,1,0.000,0.000,0.000,1,1.000,1,1,0.0576,0.2560,-0.0017,0.0596
1648,15,0,0,0.008,-0.063,-1.000,-1.000,1,1,0.000,0.000,0.000,1,1.000,1,1,0.0576,0.2560,-0.0017,0.0596
1649,15,0,0,0.008,-0.063,-1.000,-1.000,1,1,0.000,0.000,0.000,1,1.000,1,1,0.0576,0.2560,-0.0017,0.0596
1650,15,0,0,0.008,-0.063,-1.000,-1.000,1,1,0.000,0.000,0.000,1,1.000,1,1,0.0576,0.2560,-0.0017,0.0596
1651,15,0,0,0.008,-0.063,-1.000,-1.000,1,1,0.000,0.000,0.000,1,1.000,1,1,0.0576,0.2560,-0.0017,0.0596
1652,15,0,0,0.008,-0.063,-1.000,-1.000,1,1,0.000,0.000,0.000,1,1.000,1,1,0.0576,0.2560,-0.0017,0.0596
1653,15,0,0,0.008,-0.063,-1.000,-1.000,1,1,0.000,0.000,0.000,1,1.000,1,1,0.0576,0.2560,-0.0017,0.0596
1654,15,0,0,0.008,-0.063,-1.000,-1.000,1,1,0.000,0.000,0.000,1,1.000,1,1,0.0576,0.2560,-0.0017,0.0596
1655,15,0,0,0.008,-0.063,-1.000,-1.000,1,1,0.000,0.000,0.000,1,1.000,1,1,0.0576,0.2560,-0.0017,0.0596
1656,15,0,0,0.008,-0.063,-1.000,-1.000,1,1,0.000,0.000,0.000,1,1.000,1,1,0.0576,0.2560,-0.0017,0.0596
1657,15,0,0,0.008,-0.063,-1.000,-1.000,1,1,0.000,0.000,0.000,1,1.000,1,1,0.0576,0.2560,-0.0017,0.0596
1658,15,0,0,0.008,-0.063,-1.000,-1.000,1,1,0.000,0.000,0.000,1,1.000,1,1,0.0576,0.2560,-0.0017,0.0596
1659,15,0,0,0.008,-0.063,-1.000,-1.000,1,1,0.000,0.000,0.000,1,1.000,1,1,0.0576,0.2560,-0.0017,0.0596
1660,15,0,0,0.008,-0.063,-1.000,-1.000,1,1,0.000,0.000,0.000,1,1.000,1,1,0.0576,0.2560,-0.0017,0.0596
1661,15,0,0,0.008,-0.063,-1.000,-1.000,1,1,0.000,0.000,0.000,1,1.000,1,1,0.0576,0.2560,-0.0017,0.0596
1662,15,0,0,0.008,-0.063,-1.000,-1.000,1,1,0.000,0.000,0.000,1,1.000,1,1,0.0576,0.2560,-0.0017,0.0596
1663,15,0,0,0.008,-0.063,-1.000,-1.000,1,1,0.000,0.000,0.000,1,1.000,1,1,0.0576,0.2560,-0.0017,0.0596
1664,15,0,0,0.008,-0.063,-1.000,-1.000,1,1,0.000,0.000,0.000,1,1.000,1,1,0.0576,0.2560,-0.0017,0.0596
1665,15,0,0,0.008,-0.063,-1.000,-1.000,1,1,0.000,0.000,0.000,1,1.000,1,1,0.0576,0.2560,-0.0017,0.0596
1666,15,0,0,0.008,-0.063,-1.000,-1.000,1,1,0.000,0.000,0.000,1,1.000,1,1,0.0576,0.2560,-0.0017,0.0596
1667,15,0,0,0.008,-0.063,-1.000,-1.000,1,1,0.000,0.000,0.000,1,1.000,1,1,0.0576,0.2560,-0.0017,0.0596
1668,15,0,0,0.008,-0.063,-1.000,-1.000,1,1,0.000,0.000,0.000,1,1.000,1,1,0.0576,0.2560,-0.0017,0.0596
1669,15,0,0,0.008,-0.063,-1.000,-1.000,1,1,0.000,0.000,0.000,1,1.000,1,1,0.0576,0.2560,-0.0017,0.0596
1670,15,0,0,0.008,-0.063,-1.000,-1.000,1,1,0.000,0.000,0.000,1,1.000,1,1,0.0576,0.2560,-0.0017,0.0596
1671,15,0,0,0.008,-0.063,-1.000,-1.000,1,1,0.000,0.000,0.000,1,1.000,1,1,0.0576,0.2560,-0.0017,0.0596
1672,15,0,0,0.008,-0.063,-1.000,-1.000,1,1,0.000,0.000,0.000,1,1.000,1,1,0.0576,0.2560,-0.0017,0.0596
1673,15,0,0,0.008,-0.063,-1.000,-1.000,1,1,0.000,0.000,0.000,1,1.000,1,1,0.0576,0.2560,-0.0017,0.0596
1674,15,0,0,0.008,-0.063,-1.000,-1.000,1,1,0.000,0.000,0.000,1,1.000,1,1,0.0576,0.2560,-0.0017,0.0596
1675,15,0,0,0.008,-0.063,-1.000,-1.000,1,1,0.000,0.000,0.000,1,1.000,1,1,0.0576,0.2560,-0.0017,0.0596
1676,15,0,0,0.008,-0.063,-1.000,-1.000,1,1,0.000,0.000,0.000,1,1.000,1,1,0.0576,0.2560,-0.0017,0.0596
1677,15,0,0,0.008,-0.063,-1.000,-1.000,1,1,0.000,0.000,0.000,1,1.000,1,1,0.0576,0.2560,-0.0017,0.0596
1678,15,0,0,0.008,-0.063,-1.000,-1.000,1,1,0.000,0.000,0.000,1,1.000,1,1,0.0576,0.2560,-0.0017,0.0596
1679,15,0,0,0.008,-0.063,-1.000,-1.000,1,1,0.000,0.000,0.000,1,1.000,1,1,0.0576,0.2560,-0.0017,0.0596
1680,15,0,0,0.008,-0.063,-1.000,-1.000,1,1,0.000,0.000,0.000,1,1.000,1,1,0.0576,0.2560,-0.0017,0.0596
1681,15,0,0,0.008,-0.063,-1.000,-1.000,1,1,0.000,0.000,0.000,1,1.000,1,1,0.0576,0.2560,-0.0017,0.0596
1682,15,0,0,0.008,-0.063,-1.000,-1.000,1,1,0.000,0.000,0.000,1,1.000,1,1,0.0576,0.2560,-0.0017,0.0596
1683,15,0,0,0.008,-0.063,-1.000,-1.000,1,1,0.000,0.000,0.000,1,1.000,1,1,0.0576,0.2560,-0.0017,0.0596
1684,15,0,0,0.008,-0.063,-1.000,-1.000,1,1,0.000,0.000,0.000,1,1.000,1,1,0.0576,0.2560,-0.0017,0.0596
1685,15,0,0,0.008,-0.063,-1.000,-1.000,1,1,0.000,0.000,0.000,1,1.000,1,1,0.0576,0.2560,-0.0017,0.0596
1686,15,0,0,0.008,-0.063,-1.000,-1.000,1,1,0.000,0.000,0.000,1,1.000,1,1,0.0576,0.2560,-0.0017,0.0596
1687,15,0,0,0.008,-0.063,-1.000,-1.000,1,1,0.000,0.000,0.000,1,1.000,1,1,0.0576,0.2560,-0.0017,0.0596
1688,15,0,0,0.008,-0.063,-1.000,-1.000,1,1,0.000,0.000,0.000,1,1.000,1,1,0.0576,0.2560,-0.0017,0.0596
1689,15,0,0,0.008,-0.063,-1.000,-1.000,1,1,0.000,0.000,0.000,1,1.000,1,1,0.0576,0.2560,-0.0017,0.0596
1690,15,0,0,0.008,-0.063,-1.000,-1.000,1,1,0.000,0.000,0.000,1,1.000,1,1,0.0576,0.2560,-0.0017,0.0596
1691,15,0,0,0.008,-0.063,-1.000,-1.000,1,1,0.000,0.000,0.000,1,1.000,1,1,0.0576,0.2560,-0.0017,0.0596
1692,15,0,0,0.008,-0.063,-1.000,-1.000,1,1,0.000,0.000,0.000,1,1.000,1,1,0.0576,0.2560,-0.0017,0.0596
1693,15,0,0,0.008,-0.063,-1.000,-1.000,1,1,0.000,0.000,0.000,1,1.000,1,1,0.0576,0.2560,-0.0017,0.0596
1694,15,0,0,0.008,-0.063,-1.000,-1.000,1,1,0.000,0.000,0.000,1,1.000,1,1,0.0576,0.2560,-0.0017,0.0596
1695,15,0,0,0.008,-0.063,-1.000,-1.000,1,1,0.000,0.000,0.000,1,1.000,1,1,0.0576,0.2560,-0.0017,0.0596
1696,15,0,0,0.008,-0.063,-1.000,-1.000,1,1,0.000,0.000,0.000,1,1.000,1,1,0.0576,0.2560,-0.0017,0.0596
1697,15,0,0,0.008,-0.063,-1.000,-1.000,1,1,0.000,0.000,0.000,1,1.000,1,1,0.0576,0.2560,-0.0017,0.0596
1698,15,0,0,0.008,-0.063,-1.000,-1.000,1,1,0.000,0.000,0.000,1,1.000,1,1,0.0576,0.2560,-0.0017,0.0596
1699,15,0,0,0.008,-0.063,-1.000,-1.000,1,1,0.000,0.000,0.000,1,1.000,1,1,0.0576,0.2560,-0.0017,0.0596
1700,15,0,0,0.008,-0.063,-1.000,-1.000,1,1,0.000,0.000,0.000,1,1.000,1,1,0.0576,0.2560,-0.0017,0.0596
1701,15,0,0,0.008,-0.063,-1.000,-1.000,1,1,0.000,0.000,0.000,1,1.000,1,1,0.0576,0.2560,-0.0017,0.0596
1702,15,0,0,0.008,-0.063,-1.000,-1.000,1,1,0.000,0.000,0.000,1,1.000,1,1,0.0576,0.2560,-0.0017,0.0596
1703,15,0,0,0.008,-0.063,-1.000,-1.000,1,1,0.000,0.000,0.000,1,1.000,1,1,0.0576,0.2560,-0.0017,0.0596
1704,15,0,0,0.008,-0.063,-1.000,-1.000,1,1,0.000,0.000,0.000,1,1.000,1,1,0.0576,0.2560,-0.0017,0.0596
1705,15,0,0,0.008,-0.063,-1.000,-1.000,1,1,0.000,0.000,0.000,1,1.000,1,1,0.0576,0.2560,-0.0017,0.0596
1706,15,0,0,0.008,-0.063,-1.000,-1.000,1,1,0.000,0.000,0.000,1,1.000,1,1,0.0576,0.2560,-0.0017,0.0596
1707,15,0,0,0.008,-0.063,-1.000,-1.000,1,1,0.000,0.000,0.000,1,1.000,1,1,0.0576,0.2560,-0.0017,0.0596
1708,15,0,0,0.008,-0.063,-1.000,-1.000,1,1,0.000,0.000,0.000,1,1.000,1,1,0.0576,0.2560,-0.0017,0.0596
1709,15,0,0,0.008,-0.063,-1.000,-1.000,1,1,0.000,0.000,0.000,1,1.000,1,1,0.0576,0.2560,-0.0017,0.0596
1710,15,0,0,0.008,-0.063,-1.000,-1.000,1,1,0.000,0.000,0.000,1,1.000,1,1,0.0576,0.2560,-0.0017,0.0596
1711,15,0,0,0.008,-0.063,-1.000,-1.000,1,1,0.000,0.000,0.000,1,1.000,1,1,0.0576,0.2560,-0.0017,0.0596
1712,15,0,0,0.008,-0.063,-1.000,-1.000,1,1,0.000,0.000,0.000,1,1.000,1,1,0.0576,0.2560,-0.0017,0.0596
1713,15,0,0,0.008,-0.063,-1.000,-1.000,1,1,0.000,0.000,0.000,1,1.000,1,1,0.0576,0.2560,-0.0017,0.0596
1714,15,0,0,0.008,-0.063,-1.000,-1.000,1,1,0.000,0.000,0.000,1,1.000,1,1,0.0576,0.2560,-0.0017,0.0596
1715,15,0,0,0.008,-0.063,-1.000,-1.000,1,1,0.000,0.000,0.000,1,1.000,1,1,0.0576,0.2560,-0.0017,0.0596
1716,15,0,0,0.008,-0.063,-1.000,-1.000,1,1,0.000,0.000,0.000,1,1.000,1,1,0.0576,0.2560,-0.0017,0.0596
1717,15,0,0,0.008,-0.063,-1.000,-1.000,1,1,0.000,0.000,0.000,1,1.000,1,1,0.0576,0.2560,-0.0017,0.0596
1718,15,0,0,0.008,-0.063,-1.000,-1.000,1,1,0.000,0.000,0.000,1,1.000,1,1,0.0576,0.2560,-0.0017,0.0596
1719,15,0,0,0.008,-0.063,-1.000,-1.000,1,1,0.000,0.000,0.000,1,1.000,1,1,0.0576,0.2560,-0.0017,0.0596
1720,15,0,0,0.008,-0.063,-1.000,-1.000,1,1,0.000,0.000,0.000,1,1.000,1,1,0.0576,0.2560,-0.0017,0.0596
1721,15,0,0,0.008,-0.063,-1.000,-1.000,1,1,0.000,0.000,0.000,1,1.000,1,1,0.0576,0.2560,-0.0017,0.0596
1722,15,0,0,0.008,-0.063,-1.000,-1.000,1,1,0.000,0.000,0.000,1,1.000,1,1,0.0576,0.2560,-0.0017,0.0596
1723,15,0,0,0.008,-0.063,-1.000,-1.000,1,1,0.000,0.000,0.000,1,1.000,1,1,0.0576,0.2560,-0.0017,0.0596
1724,15,0,0,0.008,-0.063,-1.000,-1.000,1,1,0.000,0.000,0.000,1,1.000,1,1,0.0576,0.2560,-0.0017,0.0596
1725,15,0,0,0.008,-0.063,-1.000,-1.000,1,1,0.000,0.000,0.000,1,1.000,1,1,0.0576,0.2560,-0.0017,0.0596
1726,15,0,0,0.008,-0.063,-1.000,-1.000,1,1,0.000,0.000,0.000,1,1.000,1,1,0.0576,0.2560,-0.0017,0.0596
1727,15,0,0,0.008,-0.063,-1.000,-1.000,1,1,0.000,0.000,0.000,1,1.000,1,1,0.0576,0.2560,-0.0017,0.0596
1728,15,0,0,0.008,-0.063,-1.000,-1.000,1,1,0.000,0.000,0.000,1,1.000,1,1,0.0576,0.2560,-0.0017,0.0596
1729,15,0,0,0.008,-0.063,-1.000,-1.000,1,1,0.000,0.000,0.000,1,1.000,1,1,0.0576,0.2560,-0.0017,0.0596
1730,15,0,0,0.008,-0.063,-1.000,-1.000,1,1,0.000,0.000,0.000,1,1.000,1,1,0.0576,0.2560,-0.0017,0.0596
1731,15,0,0,0.008,-0.063,-1.000,-1.000,1,1,0.000,0.000,0.000,1,1.000,1,1,0.0576,0.2560,-0.0017,0.0596
1732,15,0,0,0.008,-0.063,-1.000,-1.000,1,1,0.000,0.000,0.000,1,1.000,1,1,0.0576,0.2560,-0.0017,0.0596
1733,15,0,0,0.008,-0.063,-1.000,-1.000,1,1,0.000,0.000,0.000,1,1.000,1,1,0.0576,0.2560,-0.0017,0.0596
1734,15,0,0,0.008,-0.063,-1.000,-1.000,1,1,0.000,0.000,0.000,1,1.000,1,1,0.0576,0.2560,-0.0017,0.0596
1735,15,0,0,0.008,-0.063,-1.000,-1.000,1,1,0.000,0.000,0.000,1,1.000,1,1,0.0576,0.2560,-0.0017,0.0596
1736,15,0,0,0.008,-0.063,-1.000,-1.000,1,1,0.000,0.000,0.000,1,1.000,1,1,0.0576,0.2560,-0.0017,0.0596
1737,15,0,0,0.008,-0.063,-1.000,-1.000,1,1,0.000,0.000,0.000,1,1.000,1,1,0.0576,0.2560,-0.0017,0.0596
1738,15,0,0,0.008,-0.063,-1.000,-1.000,1,1,0.000,0.000,0.000,1,1.000,1,1,0.0576,0.2560,-0.0017,0.0596
1739,15,0,0,0.008,-0.063,-1.000,-1.000,1,1,0.000,0.000,0.000,1,1.000,1,1,0.0576,0.2560,-0.0017,0.0596
1740,15,0,0,0.008,-0.063,-1.000,-1.000,1,1,0.000,0.000,0.000,1,1.000,1,1,0.0576,0.2560,-0.0017,0.0596
1741,15,0,0,0.008,-0.063,-1.000,-1.000,1,1,0.000,0.000,0.000,1,1.000,1,1,0.0576,0.2560,-0.0017,0.0596
1742,15,0,0,0.008,-0.063,-1.000,-1.000,1,1,0.000,0.000,0.000,1,1.000,1,1,0.0576,0.2560,-0.0017,0.0596
1743,15,0,0,0.008,-0.063,-1.000,-1.000,1,1,0.000,0.000,0.000,1,1.000,1,1,0.0576,0.2560,-0.0017,0.0596
1744,15,0,0,0.008,-0.063,-1.000,-1.000,1,1,0.000,0.000,0.000,1,1.000,1,1,0.0576,0.2560,-0.0017,0.0596
1745,15,0,0,0.008,-0.063,-1.000,-1.000,1,1,0.000,0.000,0.000,1,1.000,1,1,0.0576,0.2560,-0.0017,0.0596
1746,15,0,0,0.008,-0.063,-1.000,-1.000,1,1,0.000,0.000,0.000,1,1.000,1,1,0.0576,0.2560,-0.0017,0.0596
1747,15,0,0,0.008,-0.063,-1.000,-1.000,1,1,0.000,0.000,0.000,1,1.000,1,1,0.0576,0.2560,-0.0017,0.0596
1748,15,0,0,0.008,-0.063,-1.000,-1.000,1,1,0.000,0.000,0.000,1,1.000,1,1,0.0576,0.2560,-0.0017,0.0596
1749,15,0,0,0.008,-0.063,-1.000,-1.000,1,1,0.000,0.000,0.000,1,1.000,1,1,0.0576,0.2560,-0.0017,0.0596
1750,15,0,0,0.008,-0.063,-1.000,-1.000,1,1,0.000,0.000,0.000,1,1.000,1,1,0.0576,0.2560,-0.0017,0.0596
1751,15,0,0,0.008,-0.063,-1.000,-1.000,1,1,0.000,0.000,0.000,1,1.000,1,1,0.0576,0.2560,-0.0017,0.0596
1752,15,0,0,0.008,-0.063,-1.000,-1.000,1,1,0.000,0.000,0.000,1,1.000,1,1,0.0576,0.2560,-0.0017,0.0596
1753,15,0,0,0.008,-0.063,-1.000,-1.000,1,1,0.000,0.000,0.000,1,1.000,1,1,0.0576,0.2560,-0.0017,0.0596
1754,15,0,0,0.008,-0.063,-1.000,-1.000,1,1,0.000,0.000,0.000,1,1.000,1,1,0.0576,0.2560,-0.0017,0.0596
1755,15,0,0,0.008,-0.063,-1.000,-1.000,1,1,0.000,0.000,0.000,1,1.000,1,1,0.0576,0.2560,-0.0017,0.0596
1756,15,0,0,0.008,-0.063,-1.000,-1.000,1,1,0.000,0.000,0.000,1,1.000,1,1,0.0576,0.2560,-0.0017,0.0596
1757,15,0,0,0.008,-0.063,-1.000,-1.000,1,1,0.000,0.000,0.000,1,1.000,1,1,0.0576,0.2560,-0.0017,0.0596
1758,15,0,0,0.008,-0.063,-1.000,-1.000,1,1,0.000,0.000,0.000,1,1.000,1,1,0.0576,0.2560,-0.0017,0.0596
1759,15,0,0,0.008,-0.063,-1.000,-1.000,1,1,0.000,0.000,0.000,1,1.000,1,1,0.0576,0.2560,-0.0017,0.0596
1760,15,0,0,0.008,-0.063,-1.000,-1.000,1,1,0.000,0.000,0.000,1,1.000,1,1,0.0576,0.2560,-0.0017,0.0596
1761,15,0,0,0.008,-0.063,-1.000,-1.000,1,1,0.000,0.000,0.000,1,1.000,1,1,0.0576,0.2560,-0.0017,0.0596
1762,15,0,0,0.008,-0.063,-1.000,-1.000,1,1,0.000,0.000,0.000,1,1.000,1,1,0.0576,0.2560,-0.0017,0.0596
1763,15,0,0,0.008,-0.063,-1.000,-1.000,1,1,0.000,0.000,0.000,1,1.000,1,1,0.0576,0.2560,-0.0017,0.0596
1764,15,0,0,0.008,-0.063,-1.000,-1.000,1,1,0.000,0.000,0.000,1,1.000,1,1,0.0576,0.2560,-0.0017,0.0596
1765,15,0,0,0.008,-0.063,-1.000,-1.000,1,1,0.000,0.000,0.000,1,1.000,1,1,0.0576,0.2560,-0.0017,0.0596
1766,15,0,0,0.008,-0.063,-1.000,-1.000,1,1,0.000,0.000,0.000,1,1.000,1,1,0.0576,0.2560,-0.0017,0.0596
1767,15,0,0,0.008,-0.063,-1.000,-1.000,1,1,0.000,0.000,0.000,1,1.000,1,1,0.0576,0.2560,-0.0017,0.0596
1768,15,0,0,0.008,-0.063,-1.000,-1.000,1,1,0.000,0.000,0.000,1,1.000,1,1,0.0576,0.2560,-0.0017,0.0596
1769,15,0,0,0.008,-0.063,-1.000,-1.000,1,1,0.000,0.000,0.000,1,1.000,1,1,0.0576,0.2560,-0.0017,0.0596
1770,15,0,0,0.008,-0.063,-1.000,-1.000,1,1,0.000,0.000,0.000,1,1.000,1,1,0.0576,0.2560,-0.0017,0.0596
1771,15,0,0,0.008,-0.063,-1.000,-1.000,1,1,0.000,0.000,0.000,1,1.000,1,1,0.0576,0.2560,-0.0017,0.0596
1772,15,0,0,0.008,-0.063,-1.000,-1.000,1,1,0.000,0.000,0.000,1,1.000,1,1,0.0576,0.2560,-0.0017,0.0596
1773,15,0,0,0.008,-0.063,-1.000,-1.000,1,1,0.000,0.000,0.000,1,1.000,1,1,0.0576,0.2560,-0.0017,0.0596
1774,15,0,0,0.008,-0.063,-1.000,-1.000,1,1,0.000,0.000,0.000,1,1.000,1,1,0.0576,0.2560,-0.0017,0.0596
1775,15,0,0,0.008,-0.063,-1.000,-1.000,1,1,0.000,0.000,0.000,1,1.000,1,1,0.0576,0.2560,-0.0017,0.0596
1776,15,1,0,0.008,-0.063,-1.000,-1.000,1,1,-0.000,0.000,0.000,0,1.000,0,0,0.0576,0.2509,-0.0036,0.0585
1777,15,1,0,0.008,-0.063,-1.000,-1.000,1,1,-0.000,0.000,0.000,0,1.000,0,0,0.0576,0.2503,-0.0038,0.0582
1778,15,1,0,0.008,-0.063,-1.000,-1.000,1,1,-0.000,0.000,0.000,0,1.000,0,0,0.0576,0.2501,-0.0036,0.0580
1779,15,1,0,0.008,-0.063,-1.000,-1.000,1,1,-0.000,0.000,0.000,0,1.000,0,0,0.0576,0.2498,-0.0038,0.0580
1780,15,1,0,0.008,-0.063,-1.000,-1.000,1,1,-0.000,0.000,0.000,0,1.000,0,0,0.0576,0.2500,-0.0037,0.0580
1781,15,1,0,0.008,-0.063,-1.000,-1.000,1,1,-0.000,0.000,0.000,0,1.000,0,0,0.0576,0.2499,-0.0037,0.0580
1782,15,1,0,0.008,-0.063,-1.000,-1.000,1,1,-0.000,0.000,0.000,0,1.000,0,0,0.0576,0.2499,-0.0037,0.0580
1783,15,1,0,0.008,-0.063,-1.000,-1.000,1,1,-0.000,0.000,0.000,0,1.000,0,0,0.0576,0.2499,-0.0037,0.0580
1784,15,1,0,0.008,-0.063,-1.000,-1.000,1,1,-0.000,0.000,0.000,0,1.000,0,0,0.0576,0.2499,-0.0037,0.0580
1785,15,1,0,0.008,-0.063,-1.000,-1.000,1,1,-0.000,0.000,0.000,0,1.000,0,0,0.0576,0.2499,-0.0037,0.0580
1786,15,1,0,0.008,-0.063,-1.000,-1.000,1,1,-0.000,0.000,0.000,0,1.000,0,0,0.0576,0.2499,-0.0037,0.0580
1787,15,1,0,0.008,-0.063,-1.000,-1.000,1,1,-0.000,0.000,0.000,0,1.000,0,0,0.0576,0.2499,-0.0037,0.0580
1788,15,1,0,0.008,-0.063,-1.000,-1.000,1,1,-0.000,0.000,0.000,0,1.000,0,0,0.0576,0.2499,-0.0037,0.0580
1789,15,1,0,0.008,-0.063,-1.000,-1.000,1,1,-0.000,0.000,0.000,0,1.000,0,0,0.0576,0.2499,-0.0037,0.0580
1790,15,1,0,0.008,-0.063,-1.000,-1.000,1,1,-0.000,0.000,0.000,0,1.000,0,0,0.0576,0.2499,-0.0037,0.0580
1791,15,1,0,0.008,-0.063,-1.000,-1.000,1,1,-0.000,0.000,0.000,0,1.000,0,0,0.0576,0.2499,-0.0037,0.0580
1792,15,1,1,0.008,-0.063,-1.000,-1.000,1,1,0.000,0.000,0.000,1,1.000,1,1,0.0576,0.2499,-0.0037,0.0580
1793,16,1,0,0.008,-0.063,-1.000,-1.000,1,1,-0.000,0.000,0.000,0,0.333,0,0,0.0598,0.2512,-0.0048,0.0605
1794,16,1,0,0.008,-0.063,-1.000,-1.000,1,1,-0.000,0.000,0.000,0,0.667,0,0,0.0587,0.2507,-0.0044,0.0592
1795,16,1,0,0.008,-0.063,-1.000,-1.000,1,1,-0.000,0.000,0.000,0,1.000,0,0,0.0576,0.2501,-0.0040,0.0583
1796,16,1,0,0.008,-0.063,-1.000,-1.000,1,1,-0.000,0.000,0.000,0,1.000,0,0,0.0576,0.2499,-0.0038,0.0580
1797,16,1,0,0.008,-0.063,-1.000,-1.000,1,1,-0.000,0.000,0.000,0,1.000,0,0,0.0576,0.2499,-0.0038,0.0581
1798,16,1,0,0.008,-0.063,-1.000,-1.000,1,1,-0.000,0.000,0.000,0,1.000,0,0,0.0576,0.2499,-0.0038,0.0581
1799,16,1,0,0.008,-0.063,-1.000,-1.000,1,1,-0.000,0.000,0.000,0,1.000,0,0,0.0576,0.2499,-0.0038,0.0581
1800,16,1,0,0.008,-0.063,-1.000,-1.000,1,1,-0.000,0.000,0.000,0,1.000,0,0,0.0576,0.2499,-0.0038,0.0581
1801,16,1,0,0.008,-0.063,-1.000,-1.000,1,1,-0.000,0.000,0.000,0,1.000,0,0,0.0576,0.2499,-0.0038,0.0581
1802,16,1,1,0.008,-0.063,-1.000,-1.000,1,1,0.000,0.000,0.000,1,1.000,1,1,0.0576,0.2499,-0.0038,0.0581
1803,17,1,0,0.008,-0.063,-1.000,-1.000,1,1,-0.000,0.000,0.000,0,0.333,0,0,0.0578,0.2494,-0.0041,0.0582
1804,17,1,0,0.008,-0.063,-1.000,-1.000,1,1,-0.000,0.000,0.000,0,0.667,0,0,0.0577,0.2497,-0.0041,0.0586
1805,17,1,0,0.008,-0.063,-1.000,-1.000,1,1,-0.000,0.000,0.000,0,1.000,0,0,0.0576,0.2498,-0.0039,0.0583
1806,17,1,0,0.008,-0.063,-1.000,-1.000,1,1,-0.000,0.000,0.000,0,1.000,0,0,0.0576,0.2499,-0.0038,0.0581
1807,17,1,0,0.008,-0.063,-1.000,-1.000,1,1,-0.000,0.000,0.000,0,1.000,0,0,0.0576,0.2499,-0.0038,0.0581
1808,17,1,0,0.008,-0.063,-1.000,-1.000,1,1,-0.000,0.000,0.000,0,1.000,0,0,0.0576,0.2499,-0.0038,0.0581
1809,17,1,1,0.008,-0.063,-1.000,-1.000,1,1,0.000,0.000,0.000,1,1.000,1,1,0.0576,0.2499,-0.0038,0.0581
1810,18,1,0,0.008,-0.063,-1.000,-1.000,1,1,-0.000,0.000,0.000,0,0.333,0,0,0.0586,0.2524,-0.0075,0.0590
1811,18,1,0,0.008,-0.063,-1.000,-1.000,1,1,-0.000,0.000,0.000,0,0.667,0,0,0.0581,0.2516,-0.0062,0.0588
1812,18,1,0,0.008,-0.063,-1.000,-1.000,1,1,-0.000,0.000,0.000,0,1.000,0,0,0.0576,0.2505,-0.0047,0.0587
1813,18,1,0,0.008,-0.063,-1.000,-1.000,1,1,-0.000,0.000,0.000,0,1.000,0,0,0.0576,0.2499,-0.0040,0.0582
1814,18,1,0,0.008,-0.063,-1.000,-1.000,1,1,-0.000,0.000,0.000,0,1.000,0,0,0.0576,0.2499,-0.0040,0.0582
1815,18,1,0,0.008,-0.063,-1.000,-1.000,1,1,-0.000,0.000,0.000,0,1.000,0,0,0.0576,0.2499,-0.0040,0.0582
1816,18,1,0,0.008,-0.063,-1.000,-1.000,1,1,-0.000,0.000,0.000,0,1.000,0,0,0.0576,0.2499,-0.0039,0.0582
1817,18,1,0,0.008,-0.063,-1.000,-1.000,1,1,-0.000,0.000,0.000,0,1.000,0,0,0.0576,0.2499,-0.0039,0.0582
1818,18,1,1,0.008,-0.063,-1.000,-1.000,1,1,0.000,0.000,0.000,1,1.000,1,1,0.0576,0.2499,-0.0039,0.0582
1819,19,1,0,0.008,-0.063,-1.000,-1.000,1,1,-0.000,0.000,0.000,0,0.333,0,0,0.0595,0.2467,-0.0041,0.0603
1820,19,1,0,0.008,-0.063,-1.000,-1.000,1,1,-0.000,0.000,0.000,0,0.667,0,0,0.0586,0.2483,-0.0040,0.0597
1821,19,1,0,0.008,-0.063,-1.000,-1.000,1,1,-0.000,0.000,0.000,0,1.000,0,0,0.0576,0.2490,-0.0039,0.0588
1822,19,1,0,0.008,-0.063,-1.000,-1.000,1,1,-0.000,0.000,0.000,0,1.000,0,0,0.0576,0.2496,-0.0038,0.0582
1823,19,1,0,0.008,-0.063,-1.000,-1.000,1,1,-0.000,0.000,0.000,0,1.000,0,0,0.0576,0.2496,-0.0038,0.0582
1824,19,1,0,0.008,-0.063,-1.000,-1.000,1,1,-0.000,0.000,0.000,0,1.000,0,0,0.0576,0.2496,-0.0038,0.0582
1825,19,1,0,0.008,-0.063,-1.000,-1.000,1,1,-0.000,0.000,0.000,0,1.000,0,0,0.0576,0.2496,-0.0038,0.0582
1826,19,1,1,0.008,-0.063,-1.000,-1.000,1,1,0.000,0.000,0.000,1,1.000,1,1,0.0576,0.2496,-0.0038,0.0582
1827,20,1,0,0.008,-0.063,-1.000,-1.000,1,1,-0.000,0.000,0.000,0,0.333,0,0,0.0607,0.2501,-0.0022,0.0617
1828,20,1,0,0.008,-0.063,-1.000,-1.000,1,1,-0.000,0.000,0.000,0,0.667,0,0,0.0592,0.2499,-0.0028,0.0601
1829,20,1,0,0.008,-0.063,-1.000,-1.000,1,1,-0.000,0.000,0.000,0,1.000,0,0,0.0576,0.2496,-0.0033,0.0586
1830,20,1,0,0.008,-0.063,-1.000,-1.000,1,1,-0.000,0.000,0.000,0,1.000,0,0,0.0576,0.2496,-0.0036,0.0579
1831,20,1,0,0.008,-0.063,-1.000,-1.000,1,1,-0.000,0.000,0.000,0,1.000,0,0,0.0576,0.2496,-0.0036,0.0581
1832,20,1,0,0.008,-0.063,-1.000,-1.000,1,1,-0.000,0.000,0.000,0,1.000,0,0,0.0576,0.2496,-0.0037,0.0581
1833,20,1,1,0.008,-0.063,-1.000,-1.000,1,1,0.000,0.000,0.000,1,1.000,1,1,0.0576,0.2496,-0.0037,0.0581
1834,21,1,0,0.008,-0.063,-1.000,-1.000,1,1,-0.000,0.000,0.000,0,0.333,0,0,0.0588,0.2535,-0.0022,0.0592
1835,21,1,0,0.008,-0.063,-1.000,-1.000,1,1,-0.000,0.000,0.000,0,0.667,0,0,0.0582,0.2518,-0.0029,0.0587
1836,21,1,0,0.008,-0.063,-1.000,-1.000,1,1,-0.000,0.000,0.000,0,1.000,0,0,0.0576,0.2505,-0.0034,0.0579
1837,21,1,0,0.008,-0.063,-1.000,-1.000,1,1,-0.000,0.000,0.000,0,1.000,0,0,0.0576,0.2500,-0.0037,0.0577
1838,21,1,0,0.008,-0.063,-1.000,-1.000,1,1,-0.000,0.000,0.000,0,1.000,0,0,0.0576,0.2501,-0.0037,0.0578
1839,21,1,0,0.008,-0.063,-1.000,-1.000,1,1,-0.000,0.000,0.000,0,1.000,0,0,0.0576,0.2500,-0.0037,0.0578
1840,21,1,0,0.008,-0.063,-1.000,-1.000,1,1,-0.000,0.000,0.000,0,1.000,0,0,0.0576,0.2500,-0.0037,0.0579
1841,21,1,1,0.008,-0.063,-1.000,-1.000,1,1,0.000,0.000,0.000,1,1.000,1,1,0.0576,0.2500,-0.0037,0.0579
1842,22,1,0,0.008,-0.063,-1.000,-1.000,1,1,-0.000,0.000,0.000,0,0.333,0,0,0.0594,0.2483,-0.0027,0.0601
1843,22,1,0,0.008,-0.063,-1.000,-1.000,1,1,-0.000,0.000,0.000,0,0.667,0,0,0.0585,0.2491,-0.0030,0.0594
1844,22,1,0,0.008,-0.063,-1.000,-1.000,1,1,-0.000,0.000,0.000,0,1.000,0,0,0.0576,0.2493,-0.0034,0.0584
1845,22,1,0,0.008,-0.063,-1.000,-1.000,1,1,-0.000,0.000,0.000,0,1.000,0,0,0.0576,0.2496,-0.0036,0.0580
1846,22,1,0,0.008,-0.063,-1.000,-1.000,1,1,-0.000,0.000,0.000,0,1.000,0,0,0.0576,0.2496,-0.0036,0.0581
1847,22,1,0,0.008,-0.063,-1.000,-1.000,1,1,-0.000,0.000,0.000,0,1.000,0,0,0.0576,0.2496,-0.0036,0.0581
1848,22,1,0,0.008,-0.063,-1.000,-1.000,1,1,-0.000,0.000,0.000,0,1.000,0,0,0.0576,0.2496,-0.0036,0.0581
1849,22,1,0,0.008,-0.063,-1.000,-1.000,1,1,-0.000,0.000,0.000,0,1.000,0,0,0.0576,0.2497,-0.0036,0.0581
1850,22,1,1,0.008,-0.063,-1.000,-1.000,1,1,0.000,0.000,0.000,1,1.000,1,1,0.0576,0.2496,-0.0037,0.0581
1851,23,1,0,0.008,-0.063,-1.000,-1.000,1,1,-0.000,0.000,0.000,0,0.333,0,0,0.0576,0.2525,-0.0067,0.0582
1852,23,1,0,0.008,-0.063,-1.000,-1.000,1,1,-0.000,0.000,0.000,0,0.667,0,0,0.0576,0.2514,-0.0060,0.0590
1853,23,1,0,0.008,-0.063,-1.000,-1.000,1,1,-0.000,0.000,0.000,0,1.000,0,0,0.0576,0.2504,-0.0045,0.0586
1854,23,1,0,0.008,-0.063,-1.000,-1.000,1,1,-0.000,0.000,0.000,0,1.000,0,0,0.0576,0.2498,-0.0041,0.0583
1855,23,1,0,0.008,-0.063,-1.000,-1.000,1,1,-0.000,0.000,0.000,0,1.000,0,0,0.0576,0.2499,-0.0040,0.0583
1856,23,1,0,0.008,-0.063,-1.000,-1.000,1,1,-0.000,0.000,0.000,0,1.000,0,0,0.0576,0.2499,-0.0040,0.0583
1857,23,1,0,0.008,-0.063,-1.000,-1.000,1,1,-0.000,0.000,0.000,0,1.000,0,0,0.0576,0.2499,-0.0040,0.0583
1858,23,1,0,0.008,-0.063,-1.000,-1.000,1,1,-0.000,0.000,0.000,0,1.000,0,0,0.0576,0.2499,-0.0040,0.0583
1859,23,1,0,0.008,-0.063,-1.000,-1.000,1,1,-0.000,0.000,0.000,0,1.000,0,0,0.0576,0.2499,-0.0040,0.0583
1860,23,1,0,0.008,-0.063,-1.000,-1.000,1,1,-0.000,0.000,0.000,0,1.000,0,0,0.0576,0.2499,-0.0040,0.0583
1861,23,1,0,0.008,-0.063,-1.000,-1.000,1,1,-0.000,0.000,0.000,0,1.000,0,0,0.0576,0.2499,-0.0040,0.0583
1862,23,1,1,0.008,-0.063,-1.000,-1.000,1,1,0.000,0.000,0.000,1,1.000,1,1,0.0576,0.2499,-0.0040,0.0583
1863,24,1,0,0.008,-0.063,-1.000,-1.000,1,1,-0.000,0.000,0.000,0,0.333,0,0,0.0582,0.2526,-0.0072,0.0586
1864,24,1,0,0.008,-0.063,-1.000,-1.000,1,1,-0.000,0.000,0.000,0,0.667,0,0,0.0579,0.2516,-0.0063,0.0587
1865,24,1,0,0.008,-0.063,-1.000,-1.000,1,1,-0.000,0.000,0.000,0,1.000,0,0,0.0576,0.2507,-0.0047,0.0585
1866,24,1,0,0.008,-0.063,-1.000,-1.000,1,1,-0.000,0.000,0.000,0,1.000,0,0,0.0576,0.2499,-0.0040,0.0583
1867,24,1,0,0.008,-0.063,-1.000,-1.000,1,1,-0.000,0.000,0.000,0,1.000,0,0,0.0576,0.2499,-0.0040,0.0583
1868,24,1,0,0.008,-0.063,-1.000,-1.000,1,1,-0.000,0.000,0.000,0,1.000,0,0,0.0576,0.2499,-0.0040,0.0583
1869,24,1,0,0.008,-0.063,-1.000,-1.000,1,1,-0.000,0.000,0.000,0,1.000,0,0,0.0576,0.2499,-0.0040,0.0583
1870,24,1,1,0.008,-0.063,-1.000,-1.000,1,1,0.000,0.000,0.000,1,1.000,1,1,0.0576,0.2499,-0.0040,0.0583
1871,25,1,0,0.008,-0.063,-1.000,-1.000,1,1,-0.000,0.000,0.000,0,0.333,0,0,0.0582,0.2509,-0.0033,0.0586
1872,25,1,0,0.008,-0.063,-1.000,-1.000,1,1,-0.000,0.000,0.000,0,0.667,0,0,0.0579,0.2506,-0.0035,0.0584
1873,25,1,0,0.008,-0.063,-1.000,-1.000,1,1,-0.000,0.000,0.000,0,1.000,0,0,0.0576,0.2503,-0.0037,0.0582
1874,25,1,0,0.008,-0.063,-1.000,-1.000,1,1,-0.000,0.000,0.000,0,1.000,0,0,0.0576,0.2501,-0.0038,0.0581
1875,25,1,0,0.008,-0.063,-1.000,-1.000,1,1,-0.000,0.000,0.000,0,1.000,0,0,0.0576,0.2501,-0.0038,0.0581
1876,25,1,0,0.008,-0.063,-1.000,-1.000,1,1,-0.000,0.000,0.000,0,1.000,0,0,0.0576,0.2501,-0.0038,0.0581
1877,25,1,1,0.008,-0.063,-1.000,-1.000,1,1,0.000,0.000,0.000,1,1.000,1,1,0.0576,0.2501,-0.0038,0.0581
1878,26,1,0,0.008,-0.063,-1.000,-1.000,1,1,-0.000,0.000,0.000,0,0.333,0,0,0.0582,0.2528,-0.0063,0.0586
1879,26,1,0,0.008,-0.063,-1.000,-1.000,1,1,-0.000,0.000,0.000,0,0.667,0,0,0.0579,0.2517,-0.0055,0.0587
1880,26,1,0,0.008,-0.063,-1.000,-1.000,1,1,-0.000,0.000,0.000,0,1.000,0,0,0.0576,0.2505,-0.0043,0.0584
1881,26,1,0,0.008,-0.063,-1.000,-1.000,1,1,-0.000,0.000,0.000,0,1.000,0,0,0.0576,0.2501,-0.0040,0.0581
1882,26,1,0,0.008,-0.063,-1.000,-1.000,1,1,-0.000,0.000,0.000,0,1.000,0,0,0.0576,0.2501,-0.0040,0.0582
1883,26,1,0,0.008,-0.063,-1.000,-1.000,1,1,-0.000,0.000,0.000,0,1.000,0,0,0.0576,0.2501,-0.0040,0.0582
1884,26,1,1,0.008,-0.063,-1.000,-1.000,1,1,0.000,0.000,0.000,1,1.000,1,1,0.0576,0.2501,-0.0040,0.0581
1885,27,1,0,0.008,-0.063,-1.000,-1.000,1,1,-0.000,0.000,0.000,0,0.333,0,0,0.0579,0.2543,-0.0015,0.0583
1886,27,1,0,0.008,-0.063,-1.000,-1.000,1,1,-0.000,0.000,0.000,0,0.667,0,0,0.0578,0.2528,-0.0024,0.0583
1887,27,1,0,0.008,-0.063,-1.000,-1.000,1,1,-0.000,0.000,0.000,0,1.000,0,0,0.0576,0.2508,-0.0033,0.0580
1888,27,1,0,0.008,-0.063,-1.000,-1.000,1,1,-0.000,0.000,0.000,0,1.000,0,0,0.0576,0.2501,-0.0037,0.0579
1889,27,1,0,0.008,-0.063,-1.000,-1.000,1,1,-0.000,0.000,0.000,0,1.000,0,0,0.0576,0.2502,-0.0037,0.0579
1890,27,1,0,0.008,-0.063,-1.000,-1.000,1,1,-0.000,0.000,0.000,0,1.000,0,0,0.0576,0.2502,-0.0037,0.0580
1891,27,1,0,0.008,-0.063,-1.000,-1.000,1,1,-0.000,0.000,0.000,0,1.000,0,0,0.0576,0.2502,-0.0037,0.0580
1892,27,1,1,0.008,-0.063,-1.000,-1.000,1,1,0.000,0.000,0.000,1,1.000,1,1,0.0576,0.2502,-0.0037,0.0580
1893,28,1,0,0.008,-0.063,-1.000,-1.000,1,1,-0.000,0.000,0.000,0,0.333,0,0,0.0567,0.2527,-0.0029,0.0566
1894,28,1,0,0.008,-0.063,-1.000,-1.000,1,1,-0.000,0.000,0.000,0,0.667,0,0,0.0572,0.2518,-0.0033,0.0576
1895,28,1,0,0.008,-0.063,-1.000,-1.000,1,1,-0.000,0.000,0.000,0,1.000,0,0,0.0576,0.2508,-0.0036,0.0578
1896,28,1,0,0.008,-0.063,-1.000,-1.000,1,1,-0.000,0.000,0.000,0,1.000,0,0,0.0576,0.2503,-0.0039,0.0580
1897,28,1,0,0.008,-0.063,-1.000,-1.000,1,1,-0.000,0.000,0.000,0,1.000,0,0,0.0576,0.2503,-0.0039,0.0580
1898,28,1,0,0.008,-0.063,-1.000,-1.000,1,1,-0.000,0.000,0.000,0,1.000,0,0,0.0576,0.2503,-0.0039,0.0580
1899,28,1,0,0.008,-0.063,-1.000,-1.000,1,1,-0.000,0.000,0.000,0,1.000,0,0,0.0576,0.2503,-0.0039,0.0580
1900,28,1,1,0.008,-0.063,-1.000,-1.000,1,1,0.000,0.000,0.000,1,1.000,1,1,0.0576,0.2503,-0.0039,0.0580
1901,29,1,0,0.008,-0.063,-1.000,-1.000,1,1,-0.000,0.000,0.000,0,0.333,0,0,0.0579,0.2503,-0.0005,0.0580
1902,29,1,0,0.008,-0.063,-1.000,-1.000,1,1,-0.000,0.000,0.000,0,0.667,0,0,0.0577,0.2503,-0.0019,0.0585
1903,29,1,0,0.008,-0.063,-1.000,-1.000,1,1,-0.000,0.000,0.000,0,1.000,0,0,0.0576,0.2501,-0.0031,0.0579
1904,29,1,0,0.008,-0.063,-1.000,-1.000,1,1,-0.000,0.000,0.000,0,1.000,0,0,0.0576,0.2501,-0.0036,0.0579
1905,29,1,0,0.008,-0.063,-1.000,-1.000,1,1,-0.000,0.000,0.000,0,1.000,0,0,0.0576,0.2501,-0.0036,0.0579
1906,29,1,0,0.008,-0.063,-1.000,-1.000,1,1,-0.000,0.000,0.000,0,1.000,0,0,0.0576,0.2501,-0.0036,0.0580
1907,29,1,0,0.008,-0.063,-1.000,-1.000,1,1,-0.000,0.000,0.000,0,1.000,0,0,0.0576,0.2501,-0.0036,0.0580
1908,29,1,1,0.008,-0.063,-1.000,-1.000,1,1,0.000,0.000,0.000,1,1.000,1,1,0.0576,0.2501,-0.0036,0.0580
1909,30,1,0,0.008,-0.063,-1.000,-1.000,1,1,-0.000,0.000,0.000,0,0.333,0,0,0.0592,0.2545,-0.0061,0.0599
1910,30,1,0,0.008,-0.063,-1.000,-1.000,1,1,-0.000,0.000,0.000,0,0.667,0,0,0.0584,0.2524,-0.0053,0.0588
1911,30,1,0,0.008,-0.063,-1.000,-1.000,1,1,-0.000,0.000,0.000,0,1.000,0,0,0.0576,0.2508,-0.0042,0.0584
1912,30,1,0,0.008,-0.063,-1.000,-1.000,1,1,-0.000,0.000,0.000,0,1.000,0,0,0.0576,0.2501,-0.0039,0.0581
1913,30,1,0,0.008,-0.063,-1.000,-1.000,1,1,-0.000,0.000,0.000,0,1.000,0,0,0.0576,0.2502,-0.0039,0.0581
1914,30,1,0,0.008,-0.063,-1.000,-1.000,1,1,-0.000,0.000,0.000,0,1.000,0,0,0.0576,0.2501,-0.0039,0.0581
1915,30,1,1,0.008,-0.063,-1.000,-1.000,1,1,0.000,0.000,0.000,1,1.000,1,1,0.0576,0.2501,-0.0039,0.0581
1916,31,1,0,0.008,-0.063,-1.000,-1.000,1,1,-0.000,0.000,0.000,0,0.333,0,0,0.0599,0.2524,-0.0075,0.0610
1917,31,1,0,0.008,-0.063,-1.000,-1.000,1,1,-0.000,0.000,0.000,0,0.667,0,0,0.0588,0.2515,-0.0062,0.0595
1918,31,1,0,0.008,-0.063,-1.000,-1.000,1,1,-0.000,0.000,0.000,0,1.000,0,0,0.0576,0.2505,-0.0048,0.0587
1919,31,1,0,0.008,-0.063,-1.000,-1.000,1,1,-0.000,0.000,0.000,0,1.000,0,0,0.0576,0.2500,-0.0040,0.0583
1920,31,1,0,0.008,-0.063,-1.000,-1.000,1,1,-0.000,0.000,0.000,0,1.000,0,0,0.0576,0.2500,-0.0040,0.0583
1921,31,1,0,0.008,-0.063,-1.000,-1.000,1,1,-0.000,0.000,0.000,0,1.000,0,0,0.0576,0.2500,-0.0040,0.0583
1922,31,1,1,0.008,-0.063,-1.000,-1.000,1,1,0.000,0.000,0.000,1,1.000,1,1,0.0576,0.2500,-0.0040,0.0583
1923,32,1,0,0.008,-0.063,-1.000,-1.000,1,1,-0.000,0.000,0.000,0,0.333,0,0,0.0604,0.2470,-0.0046,0.0614
1924,32,1,0,0.008,-0.063,-1.000,-1.000,1,1,-0.000,0.000,0.000,0,0.667,0,0,0.0590,0.2484,-0.0043,0.0603
1925,32,1,0,0.008,-0.063,-1.000,-1.000,1,1,-0.000,0.000,0.000,0,1.000,0,0,0.0576,0.2491,-0.0041,0.0591
1926,32,1,0,0.008,-0.063,-1.000,-1.000,1,1,-0.000,0.000,0.000,0,1.000,0,0,0.0576,0.2497,-0.0039,0.0584
1927,32,1,0,0.008,-0.063,-1.000,-1.000,1,1,-0.000,0.000,0.000,0,1.000,0,0,0.0576,0.2496,-0.0039,0.0584
1928,32,1,0,0.008,-0.063,-1.000,-1.000,1,1,-0.000,0.000,0.000,0,1.000,0,0,0.0576,0.2497,-0.0039,0.0584
1929,32,1,1,0.008,-0.063,-1.000,-1.000,1,1,0.000,0.000,0.000,1,1.000,1,1,0.0576,0.2497,-0.0039,0.0584
1930,33,1,0,0.008,-0.063,-1.000,-1.000,1,1,-0.000,0.000,0.000,0,0.333,0,0,0.0601,0.2476,-0.0040,0.0611
1931,33,1,0,0.008,-0.063,-1.000,-1.000,1,1,-0.000,0.000,0.000,0,0.667,0,0,0.0589,0.2487,-0.0039,0.0601
1932,33,1,0,0.008,-0.063,-1.000,-1.000,1,1,-0.000,0.000,0.000,0,1.000,0,0,0.0576,0.2491,-0.0039,0.0591
1933,33,1,0,0.008,-0.063,-1.000,-1.000,1,1,-0.000,0.000,0.000,0,1.000,0,0,0.0576,0.2497,-0.0038,0.0584
1934,33,1,0,0.008,-0.063,-1.000,-1.000,1,1,-0.000,0.000,0.000,0,1.000,0,0,0.0576,0.2496,-0.0039,0.0584
1935,33,1,0,0.008,-0.063,-1.000,-1.000,1,1,-0.000,0.000,0.000,0,1.000,0,0,0.0576,0.2497,-0.0039,0.0584
1936,33,1,0,0.008,-0.063,-1.000,-1.000,1,1,-0.000,0.000,0.000,0,1.000,0,0,0.0576,0.2497,-0.0039,0.0584
1937,33,1,1,0.008,-0.063,-1.000,-1.000,1,1,0.000,0.000,0.000,1,1.000,1,1,0.0576,0.2497,-0.0039,0.0584
1938,34,1,0,0.008,-0.063,-1.000,-1.000,1,1,-0.000,0.000,0.000,0,0.333,0,0,0.0586,0.2480,-0.0043,0.0592
1939,34,1,0,0.008,-0.063,-1.000,-1.000,1,1,-0.000,0.000,0.000,0,0.667,0,0,0.0581,0.2492,-0.0042,0.0595
1940,34,1,0,0.008,-0.063,-1.000,-1.000,1,1,-0.000,0.000,0.000,0,1.000,0,0,0.0576,0.2495,-0.0040,0.0587
1941,34,1,0,0.008,-0.063,-1.000,-1.000,1,1,-0.000,0.000,0.000,0,1.000,0,0,0.0576,0.2498,-0.0038,0.0582
1942,34,1,1,0.008,-0.063,-1.000,-1.000,1,1,0.000,0.000,0.000,1,1.000,1,1,0.0576,0.2498,-0.0038,0.0582
1943,35,1,0,0.008,-0.063,-1.000,-1.000,1,1,-0.000,0.000,0.000,0,0.333,0,0,0.0588,0.2531,-0.0069,0.0592
1944,35,1,0,0.008,-0.063,-1.000,-1.000,1,1,-0.000,0.000,0.000,0,0.667,0,0,0.0582,0.2517,-0.0059,0.0588
1945,35,1,0,0.008,-0.063,-1.000,-1.000,1,1,-0.000,0.000,0.000,0,1.000,0,0,0.0576,0.2504,-0.0045,0.0586
1946,35,1,0,0.008,-0.063,-1.000,-1.000,1,1,-0.000,0.000,0.000,0,1.000,0,0,0.0576,0.2500,-0.0040,0.0583
1947,35,1,0,0.008,-0.063,-1.000,-1.000,1,1,-0.000,0.000,0.000,0,1.000,0,0,0.0576,0.2500,-0.0040,0.0582
1948,35,1,1,0.008,-0.063,-1.000,-1.000,1,1,0.000,0.000,0.000,1,1.000,1,1,0.0576,0.2500,-0.0040,0.0582
1949,36,1,0,0.008,-0.063,-1.000,-1.000,1,1,-0.000,0.000,0.000,0,0.333,0,0,0.0575,0.2538,-0.0035,0.0577
1950,36,1,0,0.008,-0.063,-1.000,-1.000,1,1,-0.000,0.000,0.000,0,0.667,0,0,0.0576,0.2525,-0.0039,0.0582
1951,36,1,0,0.008,-0.063,-1.000,-1.000,1,1,-0.000,0.000,0.000,0,1.000,0,0,0.0576,0.2509,-0.0038,0.0580
1952,36,1,0,0.008,-0.063,-1.000,-1.000,1,1,-0.000,0.000,0.000,0,1.000,0,0,0.0576,0.2502,-0.0040,0.0581
1953,36,1,0,0.008,-0.063,-1.000,-1.000,1,1,-0.000,0.000,0.000,0,1.000,0,0,0.0576,0.2502,-0.0040,0.0582
1954,36,1,0,0.008,-0.063,-1.000,-1.000,1,1,-0.000,0.000,0.000,0,1.000,0,0,0.0576,0.2502,-0.0040,0.0582
1955,36,1,1,0.008,-0.063,-1.000,-1.000,1,1,0.000,0.000,0.000,1,1.000,1,1,0.0576,0.2502,-0.0040,0.0582
1956,37,1,0,0.008,-0.063,-1.000,-1.000,1,1,-0.000,0.000,0.000,0,0.333,0,0,0.0571,0.2534,-0.0025,0.0572
1957,37,1,0,0.008,-0.063,-1.000,-1.000,1,1,-0.000,0.000,0.000,0,0.667,0,0,0.0574,0.2521,-0.0032,0.0577
1958,37,1,0,0.008,-0.063,-1.000,-1.000,1,1,-0.000,0.000,0.000,0,1.000,0,0,0.0576,0.2509,-0.0036,0.0578
1959,37,1,0,0.008,-0.063,-1.000,-1.000,1,1,-0.000,0.000,0.000,0,1.000,0,0,0.0576,0.2502,-0.0039,0.0580
1960,37,1,0,0.008,-0.063,-1.000,-1.000,1,1,-0.000,0.000,0.000,0,1.000,0,0,0.0576,0.2502,-0.0039,0.0581
1961,37,1,1,0.008,-0.063,-1.000,-1.000,1,1,0.000,0.000,0.000,1,1.000,1,1,0.0576,0.2502,-0.0039,0.0581
1962,38,1,0,0.008,-0.063,-1.000,-1.000,1,1,-0.000,0.000,0.000,0,0.333,0,0,0.0581,0.2506,-0.0074,0.0589
1963,38,1,0,0.008,-0.063,-1.000,-1.000,1,1,-0.000,0.000,0.000,0,0.667,0,0,0.0579,0.2506,-0.0063,0.0596
1964,38,1,0,0.008,-0.063,-1.000,-1.000,1,1,-0.000,0.000,0.000,0,1.000,0,0,0.0576,0.2501,-0.0046,0.0588
1965,38,1,0,0.008,-0.063,-1.000,-1.000,1,1,-0.000,0.000,0.000,0,1.000,0,0,0.0576,0.2501,-0.0041,0.0584
1966,38,1,0,0.008,-0.063,-1.000,-1.000,1,1,-0.000,0.000,0.000,0,1.000,0,0,0.0576,0.2501,-0.0041,0.0584
1967,38,1,1,0.008,-0.063,-1.000,-1.000,1,1,0.000,0.000,0.000,1,1.000,1,1,0.0576,0.2501,-0.0041,0.0583
1968,39,1,0,0.008,-0.063,-1.000,-1.000,1,1,-0.000,0.000,0.000,0,0.333,0,0,0.0604,0.2484,-0.0019,0.0619
1969,39,1,0,0.008,-0.063,-1.000,-1.000,1,1,-0.000,0.000,0.000,0,0.667,0,0,0.0590,0.2494,-0.0027,0.0602
1970,39,1,0,0.008,-0.063,-1.000,-1.000,1,1,-0.000,0.000,0.000,0,1.000,0,0,0.0576,0.2497,-0.0034,0.0587
1971,39,1,0,0.008,-0.063,-1.000,-1.000,1,1,-0.000,0.000,0.000,0,1.000,0,0,0.0576,0.2498,-0.0039,0.0581
1972,39,1,0,0.008,-0.063,-1.000,-1.000,1,1,-0.000,0.000,0.000,0,1.000,0,0,0.0576,0.2498,-0.0039,0.0582
1973,39,1,0,0.008,-0.063,-1.000,-1.000,1,1,-0.000,0.000,0.000,0,1.000,0,0,0.0576,0.2498,-0.0039,0.0583
1974,39,1,1,0.008,-0.063,-1.000,-1.000,1,1,0.000,0.000,0.000,1,1.000,1,1,0.0576,0.2498,-0.0039,0.0583
1975,40,1,0,0.008,-0.063,-1.000,-1.000,1,1,-0.000,0.000,0.000,0,0.333,0,0,0.0587,0.2485,-0.0070,0.0595
1976,40,1,0,0.008,-0.063,-1.000,-1.000,1,1,-0.000,0.000,0.000,0,0.667,0,0,0.0582,0.2494,-0.0057,0.0598
1977,40,1,0,0.008,-0.063,-1.000,-1.000,1,1,-0.000,0.000,0.000,0,1.000,0,0,0.0576,0.2497,-0.0046,0.0590
1978,40,1,0,0.008,-0.063,-1.000,-1.000,1,1,-0.000,0.000,0.000,0,1.000,0,0,0.0576,0.2500,-0.0041,0.0584
1979,40,1,0,0.008,-0.063,-1.000,-1.000,1,1,-0.000,0.000,0.000,0,1.000,0,0,0.0576,0.2499,-0.0041,0.0584
1980,40,1,0,0.008,-0.063,-1.000,-1.000,1,1,-0.000,0.000,0.000,0,1.000,0,0,0.0576,0.2499,-0.0041,0.0584
1981,40,1,1,0.008,-0.063,-1.000,-1.000,1,1,0.000,0.000,0.000,1,1.000,1,1,0.0576,0.2499,-0.0041,0.0584
1982,41,1,0,0.008,-0.063,-1.000,-1.000,1,1,-0.000,0.000,0.000,0,0.333,0,0,0.0584,0.2502,-0.0061,0.0590
1983,41,1,0,0.008,-0.063,-1.000,-1.000,1,1,-0.000,0.000,0.000,0,0.667,0,0,0.0580,0.2505,-0.0053,0.0594
1984,41,1,0,0.008,-0.063,-1.000,-1.000,1,1,-0.000,0.000,0.000,0,1.000,0,0,0.0576,0.2500,-0.0044,0.0588
1985,41,1,0,0.008,-0.063,-1.000,-1.000,1,1,-0.000,0.000,0.000,0,1.000,0,0,0.0576,0.2501,-0.0041,0.0584
1986,41,1,0,0.008,-0.063,-1.000,-1.000,1,1,-0.000,0.000,0.000,0,1.000,0,0,0.0576,0.2500,-0.0041,0.0584
1987,41,1,0,0.008,-0.063,-1.000,-1.000,1,1,-0.000,0.000,0.000,0,1.000,0,0,0.0576,0.2501,-0.0041,0.0584
1988,41,1,1,0.008,-0.063,-1.000,-1.000,1,1,0.000,0.000,0.000,1,1.000,1,1,0.0576,0.2501,-0.0041,0.0584
1989,42,1,0,0.008,-0.063,-1.000,-1.000,1,1,-0.000,0.000,0.000,0,0.333,0,0,0.0618,0.2534,-0.0035,0.0632
1990,42,1,0,0.008,-0.063,-1.000,-1.000,1,1,-0.000,0.000,0.000,0,0.667,0,0,0.0597,0.2520,-0.0037,0.0614
1991,42,1,0,0.008,-0.063,-1.000,-1.000,1,1,-0.000,0.000,0.000,0,1.000,0,0,0.0576,0.2505,-0.0038,0.0594
1992,42,1,0,0.008,-0.063,-1.000,-1.000,1,1,-0.000,0.000,0.000,0,1.000,0,0,0.0576,0.2500,-0.0038,0.0581
1993,42,1,0,0.008,-0.063,-1.000,-1.000,1,1,-0.000,0.000,0.000,0,1.000,0,0,0.0576,0.2500,-0.0040,0.0583
1994,42,1,1,0.008,-0.063,-1.000,-1.000,1,1,0.000,0.000,0.000,1,1.000,1,1,0.0576,0.2500,-0.0040,0.0584
1995,43,1,0,0.008,-0.063,-1.000,-1.000,1,1,-0.000,0.000,0.000,0,0.333,0,0,0.0585,0.2496,-0.0006,0.0588
1996,43,1,0,0.008,-0.063,-1.000,-1.000,1,1,-0.000,0.000,0.000,0,0.667,0,0,0.0581,0.2501,-0.0021,0.0593
1997,43,1,0,0.008,-0.063,-1.000,-1.000,1,1,-0.000,0.000,0.000,0,1.000,0,0,0.0576,0.2498,-0.0032,0.0584
1998,43,1,0,0.008,-0.063,-1.000,-1.000,1,1,-0.000,0.000,0.000,0,1.000,0,0,0.0576,0.2499,-0.0037,0.0582
1999,43,1,0,0.008,-0.063,-1.000,-1.000,1,1,-0.000,0.000,0.000,0,1.000,0,0,0.0576,0.2499,-0.0038,0.0583
2000,43,1,0,0.008,-0.063,-1.000,-1.000,1,1,-0.000,0.000,0.000,0,1.000,0,0,0.0576,0.2499,-0.0038,0.0583
2001,43,1,0,0.008,-0.063,-1.000,-1.000,1,1,-0.000,0.000,0.000,0,1.000,0,0,0.0576,0.2499,-0.0038,0.0583
2002,43,1,1,0.008,-0.063,-1.000,-1.000,1,1,0.000,0.000,0.000,1,1.000,1,1,0.0576,0.2499,-0.0038,0.0583
2003,44,1,0,0.008,-0.063,-1.000,-1.000,1,1,-0.000,0.000,0.000,0,0.333,0,0,0.0605,0.2491,-0.0066,0.0615
2004,44,1,0,0.008,-0.063,-1.000,-1.000,1,1,-0.000,0.000,0.000,0,0.667,0,0,0.0590,0.2497,-0.0056,0.0604
2005,44,1,0,0.008,-0.063,-1.000,-1.000,1,1,-0.000,0.000,0.000,0,1.000,0,0,0.0576,0.2496,-0.0046,0.0591
2006,44,1,0,0.008,-0.063,-1.000,-1.000,1,1,-0.000,0.000,0.000,0,1.000,0,0,0.0576,0.2499,-0.0039,0.0583
2007,44,1,0,0.008,-0.063,-1.000,-1.000,1,1,-0.000,0.000,0.000,0,1.000,0,0,0.0576,0.2498,-0.0040,0.0584
2008,44,1,1,0.008,-0.063,-1.000,-1.000,1,1,0.000,0.000,0.000,1,1.000,1,1,0.0576,0.2499,-0.0040,0.0585
2009,45,1,0,0.008,-0.063,-1.000,-1.000,1,1,-0.000,0.000,0.000,0,0.333,0,0,0.0586,0.2482,-0.0044,0.0593
2010,45,1,0,0.008,-0.063,-1.000,-1.000,1,1,-0.000,0.000,0.000,0,0.667,0,0,0.0581,0.2493,-0.0042,0.0596
2011,45,1,0,0.008,-0.063,-1.000,-1.000,1,1,-0.000,0.000,0.000,0,1.000,0,0,0.0576,0.2496,-0.0040,0.0589
2012,45,1,0,0.008,-0.063,-1.000,-1.000,1,1,-0.000,0.000,0.000,0,1.000,0,0,0.0576,0.2499,-0.0038,0.0583
2013,45,1,0,0.008,-0.063,-1.000,-1.000,1,1,-0.000,0.000,0.000,0,1.000,0,0,0.0576,0.2499,-0.0039,0.0583
2014,45,1,1,0.008,-0.063,-1.000,-1.000,1,1,0.000,0.000,0.000,1,1.000,1,1,0.0576,0.2499,-0.0039,0.0584
2015,46,1,0,0.008,-0.063,-1.000,-1.000,1,1,-0.000,0.000,0.000,0,0.333,0,0,0.0573,0.2503,-0.0011,0.0575
2016,46,1,0,0.008,-0.063,-1.000,-1.000,1,1,-0.000,0.000,0.000,0,0.667,0,0,0.0575,0.2505,-0.0024,0.0586
2017,46,1,0,0.008,-0.063,-1.000,-1.000,1,1,-0.000,0.000,0.000,0,1.000,0,0,0.0576,0.2502,-0.0032,0.0581
2018,46,1,0,0.008,-0.063,-1.000,-1.000,1,1,-0.000,0.000,0.000,0,1.000,0,0,0.0576,0.2501,-0.0037,0.0581
2019,46,1,0,0.008,-0.063,-1.000,-1.000,1,1,-0.000,0.000,0.000,0,1.000,0,0,0.0576,0.2501,-0.0037,0.0581
2020,46,1,1,0.008,-0.063,-1.000,-1.000,1,1,0.000,0.000,0.000,1,1.000,1,1,0.0576,0.2501,-0.0037,0.0581
2021,47,1,0,0.008,-0.063,-1.000,-1.000,1,1,-0.000,0.000,0.000,0,0.333,0,0,0.0586,0.2487,-0.0014,0.0592
2022,47,1,0,0.008,-0.063,-1.000,-1.000,1,1,-0.000,0.000,0.000,0,0.667,0,0,0.0581,0.2496,-0.0026,0.0595
2023,47,1,0,0.008,-0.063,-1.000,-1.000,1,1,-0.000,0.000,0.000,0,1.000,0,0,0.0576,0.2497,-0.0033,0.0584
2024,47,1,0,0.008,-0.063,-1.000,-1.000,1,1,-0.000,0.000,0.000,0,1.000,0,0,0.0576,0.2501,-0.0037,0.0581
2025,47,1,0,0.008,-0.063,-1.000,-1.000,1,1,-0.000,0.000,0.000,0,1.000,0,0,0.0576,0.2500,-0.0038,0.0581
2026,47,1,0,0.008,-0.063,-1.000,-1.000,1,1,-0.000,0.000,0.000,0,1.000,0,0,0.0576,0.2500,-0.0038,0.0581
2027,47,1,1,0.008,-0.063,-1.000,-1.000,1,1,0.000,0.000,0.000,1,1.000,1,1,0.0576,0.2500,-0.0038,0.0582
2028,48,1,0,0.008,-0.063,-1.000,-1.000,1,1,-0.000,0.000,0.000,0,0.333,0,0,0.0618,0.2474,-0.0050,0.0632
2029,48,1,0,0.008,-0.063,-1.000,-1.000,1,1,-0.000,0.000,0.000,0,0.667,0,0,0.0597,0.2486,-0.0045,0.0616
2030,48,1,0,0.008,-0.063,-1.000,-1.000,1,1,-0.000,0.000,0.000,0,1.000,0,0,0.0576,0.2491,-0.0041,0.0594
2031,48,1,0,0.008,-0.063,-1.000,-1.000,1,1,-0.000,0.000,0.000,0,1.000,0,0,0.0576,0.2497,-0.0038,0.0582
2032,48,1,0,0.008,-0.063,-1.000,-1.000,1,1,-0.000,0.000,0.000,0,1.000,0,0,0.0576,0.2497,-0.0039,0.0584
2033,48,1,0,0.008,-0.063,-1.000,-1.000,1,1,-0.000,0.000,0.000,0,1.000,0,0,0.0576,0.2497,-0.0039,0.0585
2034,48,1,1,0.008,-0.063,-1.000,-1.000,1,1,0.000,0.000,0.000,1,1.000,1,1,0.0576,0.2497,-0.0039,0.0585
2035,49,1,0,0.008,-0.063,-1.000,-1.000,1,1,-0.000,0.000,0.000,0,0.333,0,0,0.0605,0.2485,-0.0020,0.0617
2036,49,1,0,0.008,-0.063,-1.000,-1.000,1,1,-0.000,0.000,0.000,0,0.667,0,0,0.0591,0.2493,-0.0028,0.0606
2037,49,1,0,0.008,-0.063,-1.000,-1.000,1,1,-0.000,0.000,0.000,0,1.000,0,0,0.0576,0.2495,-0.0034,0.0590
2038,49,1,0,0.008,-0.063,-1.000,-1.000,1,1,-0.000,0.000,0.000,0,1.000,0,0,0.0576,0.2497,-0.0037,0.0583
2039,49,1,0,0.008,-0.063,-1.000,-1.000,1,1,-0.000,0.000,0.000,0,1.000,0,0,0.0576,0.2497,-0.0038,0.0584
2040,49,1,0,0.008,-0.063,-1.000,-1.000,1,1,-0.000,0.000,0.000,0,1.000,0,0,0.0576,0.2498,-0.0038,0.0585
2041,49,1,1,0.008,-0.063,-1.000,-1.000,1,1,0.000,0.000,0.000,1,1.000,1,1,0.0576,0.2497,-0.0038,0.0585
2042,50,1,0,0.008,-0.063,-1.000,-1.000,1,1,-0.000,0.000,0.000,0,0.333,0,0,0.0586,0.2484,-0.0041,0.0592
2043,50,1,0,0.008,-0.063,-1.000,-1.000,1,1,-0.000,0.000,0.000,0,0.667,0,0,0.0581,0.2494,-0.0041,0.0595
2044,50,1,0,0.008,-0.063,-1.000,-1.000,1,1,-0.000,0.000,0.000,0,1.000,0,0,0.0576,0.2496,-0.0039,0.0589
2045,50,1,0,0.008,-0.063,-1.000,-1.000,1,1,-0.000,0.000,0.000,0,1.000,0,0,0.0576,0.2498,-0.0038,0.0583
2046,50,1,0,0.008,-0.063,-1.000,-1.000,1,1,-0.000,0.000,0.000,0,1.000,0,0,0.0576,0.2498,-0.0039,0.0583
2047,50,1,1,0.008,-0.063,-1.000,-1.000,1,1,0.000,0.000,0.000,1,1.000,1,1,0.0576,0.2499,-0.0039,0.0583
2048,51,1,0,0.008,-0.063,-1.000,-1.000,1,1,-0.000,0.000,0.000,0,0.333,0,0,0.0590,0.2540,-0.0065,0.0594
2049,51,1,0,0.008,-0.063,-1.000,-1.000,1,1,-0.000,0.000,0.000,0,0.667,0,0,0.0583,0.2525,-0.0058,0.0592
2050,51,1,0,0.008,-0.063,-1.000,-1.000,1,1,-0.000,0.000,0.000,0,1.000,0,0,0.0576,0.2508,-0.0045,0.0587
2051,51,1,0,0.008,-0.063,-1.000,-1.000,1,1,-0.000,0.000,0.000,0,1.000,0,0,0.0576,0.2501,-0.0040,0.0583
2052,51,1,0,0.008,-0.063,-1.000,-1.000,1,1,-0.000,0.000,0.000,0,1.000,0,0,0.0576,0.2501,-0.0040,0.0583
2053,51,1,0,0.008,-0.063,-1.000,-1.000,1,1,-0.000,0.000,0.000,0,1.000,0,0,0.0576,0.2501,-0.0040,0.0583
2054,51,1,0,0.008,-0.063,-1.000,-1.000,1,1,-0.000,0.000,0.000,0,1.000,0,0,0.0576,0.2501,-0.0040,0.0583
2055,51,1,1,0.008,-0.063,-1.000,-1.000,1,1,0.000,0.000,0.000,1,1.000,1,1,0.0576,0.2501,-0.0040,0.0583
2056,52,1,0,0.008,-0.063,-1.000,-1.000,1,1,-0.000,0.000,0.000,0,0.333,0,0,0.0606,0.2540,-0.0072,0.0622
2057,52,1,0,0.008,-0.063,-1.000,-1.000,1,1,-0.000,0.000,0.000,0,0.667,0,0,0.0591,0.2524,-0.0059,0.0603
2058,52,1,0,0.008,-0.063,-1.000,-1.000,1,1,-0.000,0.000,0.000,0,1.000,0,0,0.0576,0.2509,-0.0048,0.0592
2059,52,1,0,0.008,-0.063,-1.000,-1.000,1,1,-0.000,0.000,0.000,0,1.000,0,0,0.0576,0.2499,-0.0040,0.0583
2060,52,1,0,0.008,-0.063,-1.000,-1.000,1,1,-0.000,0.000,0.000,0,1.000,0,0,0.0576,0.2501,-0.0040,0.0584
2061,52,1,0,0.008,-0.063,-1.000,-1.000,1,1,-0.000,0.000,0.000,0,1.000,0,0,0.0576,0.2500,-0.0040,0.0584
2062,52,1,1,0.008,-0.063,-1.000,-1.000,1,1,0.000,0.000,0.000,1,1.000,1,1,0.0576,0.2500,-0.0040,0.0584
2063,53,1,0,0.008,-0.063,-1.000,-1.000,1,1,-0.000,0.000,0.000,0,0.333,0,0,0.0594,0.2515,-0.0006,0.0602
2064,53,1,0,0.008,-0.063,-1.000,-1.000,1,1,-0.000,0.000,0.000,0,0.667,0,0,0.0585,0.2510,-0.0018,0.0597
2065,53,1,0,0.008,-0.063,-1.000,-1.000,1,1,-0.000,0.000,0.000,0,1.000,0,0,0.0576,0.2502,-0.0030,0.0585
2066,53,1,0,0.008,-0.063,-1.000,-1.000,1,1,-0.000,0.000,0.000,0,1.000,0,0,0.0576,0.2500,-0.0036,0.0581
2067,53,1,0,0.008,-0.063,-1.000,-1.000,1,1,-0.000,0.000,0.000,0,1.000,0,0,0.0576,0.2500,-0.0037,0.0582
2068,53,1,0,0.008,-0.063,-1.000,-1.000,1,1,-0.000,0.000,0.000,0,1.000,0,0,0.0576,0.2500,-0.0037,0.0583
2069,53,1,1,0.008,-0.063,-1.000,-1.000,1,1,0.000,0.000,0.000,1,1.000,1,1,0.0576,0.2500,-0.0037,0.0583
2070,54,1,0,0.008,-0.063,-1.000,-1.000,1,1,-0.000,0.000,0.000,0,0.333,0,0,0.0604,0.2504,-0.0002,0.0618
2071,54,1,0,0.008,-0.063,-1.000,-1.000,1,1,-0.000,0.000,0.000,0,0.667,0,0,0.0590,0.2504,-0.0014,0.0605
2072,54,1,0,0.008,-0.063,-1.000,-1.000,1,1,-0.000,0.000,0.000,0,1.000,0,0,0.0576,0.2500,-0.0028,0.0590
2073,54,1,0,0.008,-0.063,-1.000,-1.000,1,1,-0.000,0.000,0.000,0,1.000,0,0,0.0576,0.2498,-0.0035,0.0582
2074,54,1,0,0.008,-0.063,-1.000,-1.000,1,1,-0.000,0.000,0.000,0,1.000,0,0,0.0576,0.2499,-0.0038,0.0582
2075,54,1,0,0.008,-0.063,-1.000,-1.000,1,1,-0.000,0.000,0.000,0,1.000,0,0,0.0576,0.2499,-0.0038,0.0583
2076,54,1,1,0.008,-0.063,-1.000,-1.000,1,1,0.000,0.000,0.000,1,1.000,1,1,0.0576,0.2499,-0.0038,0.0584
2077,55,1,0,0.008,-0.063,-1.000,-1.000,1,1,-0.000,0.000,0.000,0,0.333,0,0,0.0592,0.2485,-0.0075,0.0600
2078,55,1,0,0.008,-0.063,-1.000,-1.000,1,1,-0.000,0.000,0.000,0,0.667,0,0,0.0584,0.2494,-0.0062,0.0596
2079,55,1,0,0.008,-0.063,-1.000,-1.000,1,1,-0.000,0.000,0.000,0,1.000,0,0,0.0576,0.2497,-0.0047,0.0590
2080,55,1,0,0.008,-0.063,-1.000,-1.000,1,1,-0.000,0.000,0.000,0,1.000,0,0,0.0576,0.2499,-0.0041,0.0585
2081,55,1,0,0.008,-0.063,-1.000,-1.000,1,1,-0.000,0.000,0.000,0,1.000,0,0,0.0576,0.2499,-0.0041,0.0585
2082,55,1,1,0.008,-0.063,-1.000,-1.000,1,1,0.000,0.000,0.000,1,1.000,1,1,0.0576,0.2499,-0.0041,0.0585
2083,56,1,0,0.008,-0.063,-1.000,-1.000,1,1,-0.000,0.000,0.000,0,0.333,0,0,0.0615,0.2518,-0.0018,0.0629
2084,56,1,0,0.008,-0.063,-1.000,-1.000,1,1,-0.000,0.000,0.000,0,0.667,0,0,0.0596,0.2511,-0.0026,0.0613
2085,56,1,0,0.008,-0.063,-1.000,-1.000,1,1,-0.000,0.000,0.000,0,1.000,0,0,0.0576,0.2500,-0.0032,0.0592
2086,56,1,0,0.008,-0.063,-1.000,-1.000,1,1,-0.000,0.000,0.000,0,1.000,0,0,0.0576,0.2499,-0.0036,0.0582
2087,56,1,0,0.008,-0.063,-1.000,-1.000,1,1,-0.000,0.000,0.000,0,1.000,0,0,0.0576,0.2499,-0.0038,0.0583
2088,56,1,0,0.008,-0.063,-1.000,-1.000,1,1,-0.000,0.000,0.000,0,1.000,0,0,0.0576,0.2499,-0.0038,0.0585
2089,56,1,1,0.008,-0.063,-1.000,-1.000,1,1,0.000,0.000,0.000,1,1.000,1,1,0.0576,0.2499,-0.0038,0.0585
2090,57,1,0,0.008,-0.063,-1.000,-1.000,1,1,-0.000,0.000,0.000,0,0.333,0,0,0.0584,0.2516,-0.0023,0.0589
2091,57,1,0,0.008,-0.063,-1.000,-1.000,1,1,-0.000,0.000,0.000,0,0.667,0,0,0.0580,0.2510,-0.0030,0.0589
2092,57,1,0,0.008,-0.063,-1.000,-1.000,1,1,-0.000,0.000,0.000,0,1.000,0,0,0.0576,0.2502,-0.0034,0.0584
2093,57,1,0,0.008,-0.063,-1.000,-1.000,1,1,-0.000,0.000,0.000,0,1.000,0,0,0.0576,0.2500,-0.0037,0.0582
2094,57,1,0,0.008,-0.063,-1.000,-1.000,1,1,-0.000,0.000,0.000,0,1.000,0,0,0.0576,0.2501,-0.0037,0.0583
2095,57,1,0,0.008,-0.063,-1.000,-1.000,1,1,-0.000,0.000,0.000,0,1.000,0,0,0.0576,0.2500,-0.0037,0.0583
2096,57,1,1,0.008,-0.063,-1.000,-1.000,1,1,0.000,0.000,0.000,1,1.000,1,1,0.0576,0.2500,-0.0037,0.0584
2097,58,1,0,0.008,-0.063,-1.000,-1.000,1,1,-0.000,0.000,0.000,0,0.333,0,0,0.0577,0.2540,-0.0043,0.0582
2098,58,1,0,0.008,-0.063,-1.000,-1.000,1,1,-0.000,0.000,0.000,0,0.667,0,0,0.0577,0.2527,-0.0045,0.0589
2099,58,1,0,0.008,-0.063,-1.000,-1.000,1,1,-0.000,0.000,0.000,0,1.000,0,0,0.0576,0.2509,-0.0041,0.0584
2100,58,1,0,0.008,-0.063,-1.000,-1.000,1,1,-0.000,0.000,0.000,0,1.000,0,0,0.0576,0.2501,-0.0039,0.0582
2101,58,1,0,0.008,-0.063,-1.000,-1.000,1,1,-0.000,0.000,0.000,0,1.000,0,0,0.0576,0.2502,-0.0039,0.0583
2102,58,1,0,0.008,-0.063,-1.000,-1.000,1,1,-0.000,0.000,0.000,0,1.000,0,0,0.0576,0.2502,-0.0039,0.0583
2103,58,1,1,0.008,-0.063,-1.000,-1.000,1,1,0.000,0.000,0.000,1,1.000,1,1,0.0576,0.2502,-0.0039,0.0583
2104,59,1,0,0.008,-0.063,-1.000,-1.000,1,1,-0.000,0.000,0.000,0,0.333,0,0,0.0599,0.2511,-0.0017,0.0608
2105,59,1,0,0.008,-0.063,-1.000,-1.000,1,1,-0.000,0.000,0.000,0,0.667,0,0,0.0588,0.2509,-0.0025,0.0601
2106,59,1,0,0.008,-0.063,-1.000,-1.000,1,1,-0.000,0.000,0.000,0,1.000,0,0,0.0576,0.2501,-0.0033,0.0587
2107,59,1,0,0.008,-0.063,-1.000,-1.000,1,1,-0.000,0.000,0.000,0,1.000,0,0,0.0576,0.2500,-0.0036,0.0581
2108,59,1,0,0.008,-0.063,-1.000,-1.000,1,1,-0.000,0.000,0.000,0,1.000,0,0,0.0576,0.2500,-0.0037,0.0583
2109,59,1,0,0.008,-0.063,-1.000,-1.000,1,1,-0.000,0.000,0.000,0,1.000,0,0,0.0576,0.2500,-0.0038,0.0583
2110,59,1,1,0.008,-0.063,-1.000,-1.000,1,1,0.000,0.000,0.000,1,1.000,1,1,0.0576,0.2500,-0.0038,0.0583
2111,60,1,0,0.008,-0.063,-1.000,-1.000,1,1,-0.000,0.000,0.000,0,0.333,0,0,0.0611,0.2493,-0.0008,0.0631
2112,60,1,0,0.008,-0.063,-1.000,-1.000,1,1,-0.000,0.000,0.000,0,0.667,0,0,0.0593,0.2499,-0.0016,0.0612
2113,60,1,0,0.008,-0.063,-1.000,-1.000,1,1,-0.000,0.000,0.000,0,1.000,0,0,0.0576,0.2497,-0.0027,0.0598
2114,60,1,0,0.008,-0.063,-1.000,-1.000,1,1,-0.000,0.000,0.000,0,1.000,0,0,0.0576,0.2498,-0.0036,0.0583
2115,60,1,0,0.008,-0.063,-1.000,-1.000,1,1,-0.000,0.000,0.000,0,1.000,0,0,0.0576,0.2498,-0.0038,0.0583
2116,60,1,0,0.008,-0.063,-1.000,-1.000,1,1,-0.000,0.000,0.000,0,1.000,0,0,0.0576,0.2498,-0.0038,0.0584
2117,60,1,0,0.008,-0.063,-1.000,-1.000,1,1,-0.000,0.000,0.000,0,1.000,0,0,0.0576,0.2498,-0.0038,0.0585
2118,60,1,0,0.008,-0.063,-1.000,-1.000,1,1,-0.000,0.000,0.000,0,1.000,0,0,0.0576,0.2498,-0.0038,0.0585
2119,60,1,0,0.008,-0.063,-1.000,-1.000,1,1,-0.000,0.000,0.000,0,1.000,0,0,0.0576,0.2498,-0.0038,0.0585
2120,60,1,0,0.008,-0.063,-1.000,-1.000,1,1,-0.000,0.000,0.000,0,1.000,0,0,0.0576,0.2498,-0.0038,0.0585
2121,60,1,0,0.008,-0.063,-1.000,-1.000,1,1,-0.000,0.000,0.000,0,1.000,0,0,0.0576,0.2498,-0.0038,0.0585
2122,60,1,0,0.008,-0.063,-1.000,-1.000,1,1,-0.000,0.000,0.000,0,1.000,0,0,0.0576,0.2498,-0.0038,0.0585
2123,60,1,0,0.008,-0.063,-1.000,-1.000,1,1,-0.000,0.000,0.000,0,1.000,0,0,0.0576,0.2498,-0.0038,0.0585
2124,60,1,0,0.008,-0.063,-1.000,-1.000,1,1,-0.000,0.000,0.000,0,1.000,0,0,0.0576,0.2498,-0.0038,0.0585
2125,60,1,0,0.008,-0.063,-1.000,-1.000,1,1,-0.000,0.000,0.000,0,1.000,0,0,0.0576,0.2498,-0.0038,0.0585
2126,60,1,0,0.008,-0.063,-1.000,-1.000,1,1,-0.000,0.000,0.000,0,1.000,0,0,0.0576,0.2498,-0.0038,0.0585
2127,60,1,0,0.008,-0.063,-1.000,-1.000,1,1,-0.000,0.000,0.000,0,1.000,0,0,0.0576,0.2498,-0.0038,0.0585
2128,60,1,0,0.008,-0.063,-1.000,-1.000,1,1,-0.000,0.000,0.000,0,1.000,0,0,0.0576,0.2498,-0.0038,0.0585
2129,60,1,0,0.008,-0.063,-1.000,-1.000,1,1,-0.000,0.000,0.000,0,1.000,0,0,0.0576,0.2498,-0.0038,0.0585
2130,60,0,0,0.008,-0.063,-1.000,-1.000,1,1,0.000,0.000,0.000,1,1.000,1,1,0.0576,0.2509,-0.0038,0.0591
2131,60,0,0,0.008,-0.063,-1.000,-1.000,1,1,0.000,0.000,0.000,1,1.000,1,1,0.0576,0.2516,-0.0038,0.0598
2132,60,0,0,0.008,-0.063,-1.000,-1.000,1,1,0.000,0.000,0.000,1,1.000,1,1,0.0576,0.2523,-0.0038,0.0604
2133,60,0,0,0.008,-0.063,-1.000,-1.000,1,1,0.000,0.000,0.000,1,1.000,1,1,0.0576,0.2529,-0.0038,0.0609
2134,60,0,0,0.008,-0.063,-1.000,-1.000,1,1,0.000,0.000,0.000,1,1.000,1,1,0.0576,0.2535,-0.0038,0.0614
2135,60,0,0,0.008,-0.063,-1.000,-1.000,1,1,0.000,0.000,0.000,1,1.000,1,1,0.0576,0.2541,-0.0038,0.0618
2136,60,0,0,0.008,-0.063,-1.000,-1.000,1,1,0.000,0.000,0.000,1,1.000,1,1,0.0576,0.2547,-0.0038,0.0623
2137,60,0,0,0.008,-0.063,-1.000,-1.000,1,1,0.000,0.000,0.000,1,1.000,1,1,0.0576,0.2552,-0.0038,0.0627
2138,60,0,0,0.008,-0.063,-1.000,-1.000,1,1,0.000,0.000,0.000,1,1.000,1,1,0.0576,0.2557,-0.0038,0.0630
2139,60,0,0,0.008,-0.063,-1.000,-1.000,1,1,0.000,0.000,0.000,1,1.000,1,1,0.0576,0.2562,-0.0038,0.0634
2140,60,0,0,0.008,-0.063,-1.000,-1.000,1,1,0.000,0.000,0.000,1,1.000,1,1,0.0576,0.2567,-0.0037,0.0638
2141,60,0,0,0.008,-0.063,-1.000,-1.000,1,1,0.000,0.000,0.000,1,1.000,1,1,0.0576,0.2572,-0.0037,0.0641
2142,60,0,0,0.008,-0.063,-1.000,-1.000,1,1,0.000,0.000,0.000,1,1.000,1,1,0.0576,0.2577,-0.0037,0.0645
2143,60,0,0,0.008,-0.063,-1.000,-1.000,1,1,0.000,0.000,0.000,1,1.000,1,1,0.0576,0.2581,-0.0036,0.0648
2144,60,0,0,0.008,-0.063,-1.000,-1.000,1,1,0.000,0.000,0.000,1,1.000,1,1,0.0576,0.2586,-0.0036,0.0651
2145,60,0,0,0.008,-0.063,-1.000,-1.000,1,1,0.000,0.000,0.000,1,1.000,1,1,0.0576,0.2590,-0.0035,0.0654
2146,60,0,0,0.008,-0.063,-1.000,-1.000,1,1,0.000,0.000,0.000,1,1.000,1,1,0.0576,0.2594,-0.0035,0.0657
2147,60,0,0,0.008,-0.063,-1.000,-1.000,1,1,0.000,0.000,0.000,1,1.000,1,1,0.0576,0.2598,-0.0035,0.0660
2148,60,0,0,0.008,-0.063,-1.000,-1.000,1,1,0.000,0.000,0.000,1,1.000,1,1,0.0576,0.2602,-0.0034,0.0663
2149,60,0,0,0.008,-0.063,-1.000,-1.000,1,1,0.000,0.000,0.000,1,1.000,1,1,0.0576,0.2606,-0.0034,0.0666
2150,60,0,0,0.008,-0.063,-1.000,-1.000,1,1,0.000,0.000,0.000,1,1.000,1,1,0.0576,0.2610,-0.0033,0.0669
2151,60,0,0,0.008,-0.063,-1.000,-1.000,1,1,0.000,0.000,0.000,1,1.000,1,1,0.0576,0.2614,-0.0033,0.0672
2152,60,0,0,0.008,-0.063,-1.000,-1.000,1,1,0.000,0.000,0.000,1,1.000,1,1,0.0576,0.2617,-0.0033,0.0674
2153,60,0,0,0.008,-0.063,-1.000,-1.000,1,1,0.000,0.000,0.000,1,1.000,1,1,0.0576,0.2621,-0.0032,0.0677
2154,60,0,0,0.008,-0.063,-1.000,-1.000,1,1,0.000,0.000,0.000,1,1.000,1,1,0.0576,0.2625,-0.0032,0.0680
2155,60,0,0,0.008,-0.063,-1.000,-1.000,1,1,0.000,0.000,0.000,1,1.000,1,1,0.0576,0.2628,-0.0031,0.0682
2156,60,0,0,0.008,-0.063,-1.000,-1.000,1,1,0.000,0.000,0.000,1,1.000,1,1,0.0576,0.2632,-0.0031,0.0685
2157,60,0,0,0.008,-0.063,-1.000,-1.000,1,1,0.000,0.000,0.000,1,1.000,1,1,0.0576,0.2635,-0.0030,0.0687
2158,60,0,0,0.008,-0.063,-1.000,-1.000,1,1,0.000,0.000,0.000,1,1.000,1,1,0.0576,0.2638,-0.0030,0.0689
2159,60,0,0,0.008,-0.063,-1.000,-1.000,1,1,0.000,0.000,0.000,1,1.000,1,1,0.0576,0.2641,-0.0029,0.0691
2160,60,0,0,0.008,-0.063,-1.000,-1.000,1,1,0.000,0.000,0.000,1,1.000,1,1,0.0576,0.2644,-0.0028,0.0693
2161,60,0,0,0.008,-0.063,-1.000,-1.000,1,1,0.000,0.000,0.000,1,1.000,1,1,0.0576,0.2647,-0.0028,0.0695
2162,60,0,0,0.008,-0.063,-1.000,-1.000,1,1,0.000,0.000,0.000,1,1.000,1,1,0.0576,0.2650,-0.0027,0.0696
2163,60,0,0,0.008,-0.063,-1.000,-1.000,1,1,0.000,0.000,0.000,1,1.000,1,1,0.0576,0.2653,-0.0026,0.0698
2164,60,0,0,0.008,-0.063,-1.000,-1.000,1,1,0.000,0.000,0.000,1,1.000,1,1,0.0576,0.2656,-0.0026,0.0699
2165,60,0,0,0.008,-0.063,-1.000,-1.000,1,1,0.000,0.000,0.000,1,1.000,1,1,0.0576,0.2659,-0.0025,0.0701
2166,60,0,0,0.008,-0.063,-1.000,-1.000,1,1,0.000,0.000,0.000,1,1.000,1,1,0.0576,0.2661,-0.0024,0.0703
2167,60,0,0,0.008,-0.063,-1.000,-1.000,1,1,0.000,0.000,0.000,1,1.000,1,1,0.0576,0.2664,-0.0024,0.0704
2168,60,0,0,0.008,-0.063,-1.000,-1.000,1,1,0.000,0.000,0.000,1,1.000,1,1,0.0576,0.2667,-0.0023,0.0706
2169,60,0,0,0.008,-0.063,-1.000,-1.000,1,1,0.000,0.000,0.000,1,1.000,1,1,0.0576,0.2669,-0.0022,0.0707
2170,60,0,0,0.008,-0.063,-1.000,-1.000,1,1,0.000,0.000,0.000,1,1.000,1,1,0.0576,0.2672,-0.0022,0.0709
2171,60,0,0,0.008,-0.063,-1.000,-1.000,1,1,0.000,0.000,0.000,1,1.000,1,1,0.0576,0.2674,-0.0021,0.0710
2172,60,0,0,0.008,-0.063,-1.000,-1.000,1,1,0.000,0.000,0.000,1,1.000,1,1,0.0576,0.2677,-0.0021,0.0712
2173,60,0,0,0.008,-0.063,-1.000,-1.000,1,1,0.000,0.000,0.000,1,1.000,1,1,0.0576,0.2679,-0.0020,0.0713
2174,60,0,0,0.008,-0.063,-1.000,-1.000,1,1,0.000,0.000,0.000,1,1.000,1,1,0.0576,0.2682,-0.0019,0.0714
2175,60,0,0,0.008,-0.063,-1.000,-1.000,1,1,0.000,0.000,0.000,1,1.000,1,1,0.0576,0.2684,-0.0019,0.0715
2176,60,0,0,0.008,-0.063,-1.000,-1.000,1,1,0.000,0.000,0.000,1,1.000,1,1,0.0576,0.2687,-0.0018,0.0717
2177,60,0,0,0.008,-0.063,-1.000,-1.000,1,1,0.000,0.000,0.000,1,1.000,1,1,0.0576,0.2689,-0.0017,0.0718
2178,60,0,0,0.008,-0.063,-1.000,-1.000,1,1,0.000,0.000,0.000,1,1.000,1,1,0.0576,0.2691,-0.0017,0.0719
2179,60,0,0,0.008,-0.063,-1.000,-1.000,1,1,0.000,0.000,0.000,1,1.000,1,1,0.0576,0.2693,-0.0016,0.0720
2180,60,0,0,0.008,-0.063,-1.000,-1.000,1,1,0.000,0.000,0.000,1,1.000,1,1,0.0576,0.2696,-0.0015,0.0721
2181,60,0,0,0.008,-0.063,-1.000,-1.000,1,1,0.000,0.000,0.000,1,1.000,1,1,0.0576,0.2698,-0.0015,0.0723
2182,60,0,0,0.008,-0.063,-1.000,-1.000,1,1,0.000,0.000,0.000,1,1.000,1,1,0.0576,0.2700,-0.0014,0.0724
2183,60,0,0,0.008,-0.063,-1.000,-1.000,1,1,0.000,0.000,0.000,1,1.000,1,1,0.0576,0.2702,-0.0014,0.0725
2184,60,0,0,0.008,-0.063,-1.000,-1.000,1,1,0.000,0.000,0.000,1,1.000,1,1,0.0576,0.2704,-0.0013,0.0726
2185,60,0,0,0.008,-0.063,-1.000,-1.000,1,1,0.000,0.000,0.000,1,1.000,1,1,0.0576,0.2706,-0.0012,0.0728
2186,60,0,0,0.008,-0.063,-1.000,-1.000,1,1,0.000,0.000,0.000,1,1.000,1,1,0.0576,0.2708,-0.0012,0.0728
2187,60,0,0,0.008,-0.063,-1.000,-1.000,1,1,0.000,0.000,0.000,1,1.000,1,1,0.0576,0.2710,-0.0011,0.0730
2188,60,0,0,0.008,-0.063,-1.000,-1.000,1,1,0.000,0.000,0.000,1,1.000,1,1,0.0576,0.2712,-0.0011,0.0731
2189,60,0,0,0.008,-0.063,-1.000,-1.000,1,1,0.000,0.000,0.000,1,1.000,1,1,0.0576,0.2715,-0.0010,0.0732
2190,60,0,0,0.008,-0.063,-1.000,-1.000,1,1,0.000,0.000,0.000,1,1.000,1,1,0.0576,0.2716,-0.0009,0.0733
2191,60,0,0,0.008,-0.063,-1.000,-1.000,1,1,0.000,0.000,0.000,1,1.000,1,1,0.0576,0.2718,-0.0009,0.0734
2192,60,0,0,0.008,-0.063,-1.000,-1.000,1,1,0.000,0.000,0.000,1,1.000,1,1,0.0576,0.2720,-0.0008,0.0735
2193,60,0,0,0.008,-0.063,-1.000,-1.000,1,1,0.000,0.000,0.000,1,1.000,1,1,0.0576,0.2722,-0.0008,0.0736
2194,60,0,0,0.008,-0.063,-1.000,-1.000,1,1,0.000,0.000,0.000,1,1.000,1,1,0.0576,0.2724,-0.0007,0.0737
2195,60,0,0,0.008,-0.063,-1.000,-1.000,1,1,0.000,0.000,0.000,1,1.000,1,1,0.0576,0.2726,-0.0006,0.0738
2196,60,0,0,0.008,-0.063,-1.000,-1.000,1,1,0.000,0.000,0.000,1,1.000,1,1,0.0576,0.2728,-0.0006,0.0739
2197,60,0,0,0.008,-0.063,-1.000,-1.000,1,1,0.000,0.000,0.000,1,1.000,1,1,0.0576,0.2730,-0.0005,0.0740
2198,60,0,0,0.008,-0.063,-1.000,-1.000,1,1,0.000,0.000,0.000,1,1.000,1,1,0.0576,0.2731,-0.0005,0.0741
2199,60,0,0,0.008,-0.063,-1.000,-1.000,1,1,0.000,0.000,0.000,1,1.000,1,1,0.0576,0.2733,-0.0004,0.0742
2200,60,0,0,0.008,-0.063,-1.000,-1.000,1,1,0.000,0.000,0.000,1,1.000,1,1,0.0576,0.2735,-0.0004,0.0743
2201,60,0,0,0.008,-0.063,-1.000,-1.000,1,1,0.000,0.000,0.000,1,1.000,1,1,0.0576,0.2737,-0.0003,0.0744
2202,60,0,0,0.008,-0.063,-1.000,-1.000,1,1,0.000,0.000,0.000,1,1.000,1,1,0.0576,0.2738,-0.0003,0.0744
2203,60,0,0,0.008,-0.063,-1.000,-1.000,1,1,0.000,0.000,0.000,1,1.000,1,1,0.0576,0.2740,-0.0002,0.0745
2204,60,0,0,0.008,-0.063,-1.000,-1.000,1,1,0.000,0.000,0.000,1,1.000,1,1,0.0576,0.2741,-0.0002,0.0746
2205,60,0,0,0.008,-0.063,-1.000,-1.000,1,1,0.000,0.000,0.000,1,1.000,1,1,0.0576,0.2743,-0.0001,0.0747
2206,60,0,0,0.008,-0.063,-1.000,-1.000,1,1,0.000,0.000,0.000,1,1.000,1,1,0.0576,0.2745,-0.0001,0.0748
2207,60,0,0,0.008,-0.063,-1.000,-1.000,1,1,0.000,0.000,0.000,1,1.000,1,1,0.0576,0.2746,-0.0000,0.0749
2208,60,0,0,0.008,-0.063,-1.000,-1.000,1,1,0.000,0.000,0.000,1,1.000,1,1,0.0576,0.2748,0.0000,0.0750
2209,60,0,0,0.008,-0.063,-1.000,-1.000,1,1,0.000,0.000,0.000,1,1.000,1,1,0.0576,0.2750,0.0001,0.0751
2210,60,0,0,0.008,-0.063,-1.000,-1.000,1,1,0.000,0.000,0.000,1,1.000,1,1,0.0576,0.2751,0.0001,0.0752
2211,60,0,0,0.008,-0.063,-1.000,-1.000,1,1,0.000,0.000,0.000,1,1.000,1,1,0.0576,0.2753,0.0002,0.0752
2212,60,0,0,0.008,-0.063,-1.000,-1.000,1,1,0.000,0.000,0.000,1,1.000,1,1,0.0576,0.2754,0.0002,0.0753
2213,60,0,0,0.008,-0.063,-1.000,-1.000,1,1,0.000,0.000,0.000,1,1.000,1,1,0.0576,0.2756,0.0003,0.0754
2214,60,0,0,0.008,-0.063,-1.000,-1.000,1,1,0.000,0.000,0.000,1,1.000,1,1,0.0576,0.2758,0.0003,0.0755
2215,60,0,0,0.008,-0.063,-1.000,-1.000,1,1,0.000,0.000,0.000,1,1.000,1,1,0.0576,0.2759,0.0004,0.0756
2216,60,0,0,0.008,-0.063,-1.000,-1.000,1,1,0.000,0.000,0.000,1,1.000,1,1,0.0576,0.2761,0.0004,0.0757
2217,60,0,0,0.008,-0.063,-1.000,-1.000,1,1,0.000,0.000,0.000,1,1.000,1,1,0.0576,0.2762,0.0004,0.0758
2218,60,0,0,0.008,-0.063,-1.000,-1.000,1,1,0.000,0.000,0.000,1,1.000,1,1,0.0576,0.2764,0.0005,0.0759
2219,60,1,0,0.008,-0.063,-1.000,-1.000,1,1,-0.000,0.000,0.000,0,1.000,0,0,0.0576,0.2723,-0.0006,0.0740
2220,60,1,0,0.008,-0.063,-1.000,-1.000,1,1,-0.000,0.000,0.000,0,1.000,0,0,0.0576,0.2683,-0.0007,0.0702
2221,60,1,0,0.008,-0.063,-1.000,-1.000,1,1,-0.000,0.000,0.000,0,1.000,0,0,0.0576,0.2643,-0.0016,0.0681
2222,60,1,0,0.008,-0.063,-1.000,-1.000,1,1,-0.000,0.000,0.000,0,1.000,0,0,0.0576,0.2606,-0.0019,0.0649
2223,60,1,0,0.008,-0.063,-1.000,-1.000,1,1,-0.000,0.000,0.000,0,1.000,0,0,0.0576,0.2567,-0.0026,0.0623
2224,60,1,0,0.008,-0.063,-1.000,-1.000,1,1,-0.000,0.000,0.000,0,1.000,0,0,0.0576,0.2534,-0.0030,0.0600
2225,60,1,0,0.008,-0.063,-1.000,-1.000,1,1,-0.000,0.000,0.000,0,1.000,0,0,0.0576,0.2505,-0.0036,0.0579
2226,60,1,0,0.008,-0.063,-1.000,-1.000,1,1,-0.000,0.000,0.000,0,1.000,0,0,0.0576,0.2503,-0.0036,0.0578
2227,60,1,0,0.008,-0.063,-1.000,-1.000,1,1,-0.000,0.000,0.000,0,1.000,0,0,0.0576,0.2503,-0.0036,0.0579
2228,60,1,0,0.008,-0.063,-1.000,-1.000,1,1,-0.000,0.000,0.000,0,1.000,0,0,0.0576,0.2503,-0.0036,0.0579
2229,60,1,0,0.008,-0.063,-1.000,-1.000,1,1,-0.000,0.000,0.000,0,1.000,0,0,0.0576,0.2503,-0.0036,0.0579
2230,60,1,0,0.008,-0.063,-1.000,-1.000,1,1,-0.000,0.000,0.000,0,1.000,0,0,0.0576,0.2503,-0.0036,0.0579
2231,60,1,0,0.008,-0.063,-1.000,-1.000,1,1,-0.000,0.000,0.000,0,1.000,0,0,0.0576,0.2503,-0.0036,0.0579
2232,60,1,0,0.008,-0.063,-1.000,-1.000,1,1,-0.000,0.000,0.000,0,1.000,0,0,0.0576,0.2503,-0.0036,0.0579
2233,60,1,0,0.008,-0.063,-1.000,-1.000,1,1,-0.000,0.000,0.000,0,1.000,0,0,0.0576,0.2503,-0.0036,0.0580
2234,60,1,0,0.008,-0.063,-1.000,-1.000,1,1,-0.000,0.000,0.000,0,1.000,0,0,0.0576,0.2503,-0.0036,0.0580
2235,60,1,1,0.008,-0.063,-1.000,-1.000,1,1,0.000,0.000,0.000,1,1.000,1,1,0.0576,0.2503,-0.0036,0.0580
2236,61,1,0,0.008,-0.063,-1.000,-1.000,1,1,-0.000,0.000,0.000,0,0.333,0,0,0.0596,0.2480,-0.0075,0.0606
2237,61,1,0,0.008,-0.063,-1.000,-1.000,1,1,-0.000,0.000,0.000,0,0.667,0,0,0.0586,0.2488,-0.0062,0.0598
2238,61,1,0,0.008,-0.063,-1.000,-1.000,1,1,-0.000,0.000,0.000,0,1.000,0,0,0.0576,0.2493,-0.0047,0.0591
2239,61,1,0,0.008,-0.063,-1.000,-1.000,1,1,-0.000,0.000,0.000,0,1.000,0,0,0.0576,0.2498,-0.0040,0.0584
2240,61,1,0,0.008,-0.063,-1.000,-1.000,1,1,-0.000,0.000,0.000,0,1.000,0,0,0.0576,0.2497,-0.0041,0.0584
2241,61,1,0,0.008,-0.063,-1.000,-1.000,1,1,-0.000,0.000,0.000,0,1.000,0,0,0.0576,0.2497,-0.0040,0.0584
2242,61,1,0,0.008,-0.063,-1.000,-1.000,1,1,-0.000,0.000,0.000,0,1.000,0,0,0.0576,0.2497,-0.0040,0.0584
2243,61,1,0,0.008,-0.063,-1.000,-1.000,1,1,-0.000,0.000,0.000,0,1.000,0,0,0.0576,0.2497,-0.0040,0.0584
2244,61,1,0,0.008,-0.063,-1.000,-1.000,1,1,-0.000,0.000,0.000,0,1.000,0,0,0.0576,0.2497,-0.0040,0.0584
2245,61,1,0,0.008,-0.063,-1.000,-1.000,1,1,-0.000,0.000,0.000,0,1.000,0,0,0.0576,0.2497,-0.0040,0.0584
2246,61,1,0,0.008,-0.063,-1.000,-1.000,1,1,-0.000,0.000,0.000,0,1.000,0,0,0.0576,0.2497,-0.0040,0.0584
2247,61,1,0,0.008,-0.063,-1.000,-1.000,1,1,-0.000,0.000,0.000,0,1.000,0,0,0.0576,0.2497,-0.0040,0.0584
2248,61,1,0,0.008,-0.063,-1.000,-1.000,1,1,-0.000,0.000,0.000,0,1.000,0,0,0.0576,0.2497,-0.0040,0.0584
2249,61,1,0,0.008,-0.063,-1.000,-1.000,1,1,-0.000,0.000,0.000,0,1.000,0,0,0.0576,0.2497,-0.0040,0.0584
2250,61,1,0,0.008,-0.063,-1.000,-1.000,1,1,-0.000,0.000,0.000,0,1.000,0,0,0.0576,0.2497,-0.0040,0.0584
2251,61,1,0,0.008,-0.063,-1.000,-1.000,1,1,-0.000,0.000,0.000,0,1.000,0,0,0.0576,0.2497,-0.0040,0.0584
2252,61,0,0,0.008,-0.063,-1.000,-1.000,1,1,0.000,0.000,0.000,1,1.000,1,1,0.0576,0.2505,-0.0041,0.0589
2253,61,0,0,0.008,-0.063,-1.000,-1.000,1,1,0.000,0.000,0.000,1,1.000,1,1,0.0576,0.2510,-0.0041,0.0593
2254,61,0,0,0.008,-0.063,-1.000,-1.000,1,1,0.000,0.000,0.000,1,1.000,1,1,0.0576,0.2514,-0.0041,0.0596
2255,61,0,0,0.008,-0.063,-1.000,-1.000,1,1,0.000,0.000,0.000,1,1.000,1,1,0.0576,0.2518,-0.0041,0.0598
2256,61,0,0,0.008,-0.063,-1.000,-1.000,1,1,0.000,0.000,0.000,1,1.000,1,1,0.0576,0.2522,-0.0040,0.0600
2257,61,0,0,0.008,-0.055,-1.000,-1.000,1,1,0.000,0.000,0.000,1,1.000,1,1,0.0576,0.2526,-0.0039,0.0602
2258,61,0,0,0.008,-0.055,-1.000,-1.000,1,1,0.000,0.000,0.000,1,1.000,1,1,0.0576,0.2529,-0.0039,0.0604
2259,61,0,0,0.008,-0.055,-1.000,-1.000,1,1,0.000,0.000,0.000,1,1.000,1,1,0.0576,0.2533,-0.0038,0.0606
2260,61,0,0,0.008,-0.055,-1.000,-1.000,1,1,0.000,0.000,0.000,1,1.000,1,1,0.0576,0.2536,-0.0037,0.0607
2261,61,0,0,0.000,-0.055,-1.000,-1.000,1,1,0.000,0.000,0.000,1,1.000,1,1,0.0576,0.2540,-0.0036,0.0609
2262,61,0,0,0.000,-0.055,-1.000,-1.000,1,1,0.000,0.000,0.000,1,1.000,1,1,0.0576,0.2543,-0.0036,0.0610
2263,61,0,0,0.000,-0.055,-1.000,-1.000,1,1,0.000,0.000,0.000,1,1.000,1,1,0.0576,0.2546,-0.0035,0.0611
2264,61,0,0,0.000,-0.055,-1.000,-1.000,1,1,0.000,0.000,0.000,1,1.000,1,1,0.0576,0.2549,-0.0034,0.0612
2265,61,0,0,0.000,-0.055,-1.000,-1.000,1,1,0.000,0.000,0.000,1,1.000,1,1,0.0576,0.2552,-0.0033,0.0614
2266,61,0,0,0.000,-0.055,-1.000,-1.000,1,1,0.000,0.000,0.000,1,1.000,1,1,0.0576,0.2555,-0.0032,0.0615
2267,61,0,0,0.000,-0.055,-1.000,-1.000,1,1,0.000,0.000,0.000,1,1.000,1,1,0.0576,0.2558,-0.0032,0.0616
2268,61,0,0,0.000,-0.055,-1.000,-1.000,1,1,0.000,0.000,0.000,1,1.000,1,1,0.0576,0.2561,-0.0031,0.0617
2269,61,0,0,0.000,-0.055,-1.000,-1.000,1,1,0.000,0.000,0.000,1,1.000,1,1,0.0576,0.2563,-0.0030,0.0618
2270,61,0,0,0.000,-0.055,-1.000,-1.000,1,1,0.000,0.000,0.000,1,1.000,1,1,0.0576,0.2566,-0.0029,0.0619
2271,61,0,0,0.000,-0.055,-1.000,-1.000,1,1,0.000,0.000,0.000,1,1.000,1,1,0.0576,0.2568,-0.0029,0.0620
2272,61,0,0,0.000,-0.055,-1.000,-1.000,1,1,0.000,0.000,0.000,1,1.000,1,1,0.0576,0.2571,-0.0029,0.0621
2273,61,0,0,0.000,-0.047,-1.000,-1.000,1,1,0.000,0.000,0.000,1,1.000,1,1,0.0576,0.2573,-0.0028,0.0623
2274,61,0,0,0.000,-0.055,-1.000,-1.000,1,1,0.000,0.000,0.000,1,1.000,1,1,0.0576,0.2576,-0.0028,0.0624
2275,61,0,0,0.000,-0.055,-1.000,-1.000,1,1,0.000,0.000,0.000,1,1.000,1,1,0.0576,0.2578,-0.0027,0.0625
2276,61,0,0,0.000,-0.055,-1.000,-1.000,1,1,0.000,0.000,0.000,1,1.000,1,1,0.0576,0.2580,-0.0027,0.0626
2277,61,0,0,0.000,-0.055,-1.000,-1.000,1,1,0.000,0.000,0.000,1,1.000,1,1,0.0576,0.2582,-0.0026,0.0627
2278,61,0,0,0.000,-0.055,-1.000,-1.000,1,1,0.000,0.000,0.000,1,1.000,1,1,0.0576,0.2585,-0.0026,0.0628
2279,61,0,0,0.000,-0.055,-1.000,-1.000,1,1,0.000,0.000,0.000,1,1.000,1,1,0.0576,0.2587,-0.0025,0.0630
2280,61,0,0,0.000,-0.055,-1.000,-1.000,1,1,0.000,0.000,0.000,1,1.000,1,1,0.0576,0.2589,-0.0025,0.0631
2281,61,0,0,0.000,-0.055,-1.000,-1.000,1,1,0.000,0.000,0.000,1,1.000,1,1,0.0576,0.2591,-0.0024,0.0632
2282,61,0,0,0.000,-0.055,-1.000,-1.000,1,1,0.000,0.000,0.000,1,1.000,1,1,0.0576,0.2593,-0.0024,0.0633
2283,61,0,0,0.000,-0.055,-1.000,-1.000,1,1,0.000,0.000,0.000,1,1.000,1,1,0.0576,0.2595,-0.0023,0.0634
2284,61,0,0,0.000,-0.047,-1.000,-1.000,1,1,0.000,0.000,0.000,1,1.000,1,1,0.0576,0.2597,-0.0023,0.0635
2285,61,0,0,0.000,-0.055,-1.000,-1.000,1,1,0.000,0.000,0.000,1,1.000,1,1,0.0576,0.2599,-0.0023,0.0636
2286,61,0,0,0.000,-0.047,-1.000,-1.000,1,1,0.000,0.000,0.000,1,1.000,1,1,0.0576,0.2601,-0.0022,0.0637
2287,61,0,0,0.000,-0.055,-1.000,-1.000,1,1,0.000,0.000,0.000,1,1.000,1,1,0.0576,0.2602,-0.0022,0.0638
2288,61,0,0,0.000,-0.055,-1.000,-1.000,1,1,0.000,0.000,0.000,1,1.000,1,1,0.0576,0.2604,-0.0021,0.0639
2289,61,0,0,0.000,-0.055,-1.000,-1.000,1,1,0.000,0.000,0.000,1,1.000,1,1,0.0576,0.2606,-0.0021,0.0640
2290,61,0,0,0.000,-0.055,-1.000,-1.000,1,1,0.000,0.000,0.000,1,1.000,1,1,0.0576,0.2608,-0.0021,0.0641
2291,61,0,0,0.000,-0.055,-1.000,-1.000,1,1,0.000,0.000,0.000,1,1.000,1,1,0.0576,0.2609,-0.0020,0.0642
2292,61,0,0,0.000,-0.055,-1.000,-1.000,1,1,0.000,0.000,0.000,1,1.000,1,1,0.0576,0.2611,-0.0020,0.0643
2293,61,0,0,0.000,-0.055,-1.000,-1.000,1,1,0.000,0.000,0.000,1,1.000,1,1,0.0576,0.2613,-0.0019,0.0644
2294,61,0,0,0.000,-0.055,-1.000,-1.000,1,1,0.000,0.000,0.000,1,1.000,1,1,0.0576,0.2615,-0.0019,0.0645
2295,61,0,0,0.000,-0.055,-1.000,-1.000,1,1,0.000,0.000,0.000,1,1.000,1,1,0.0576,0.2616,-0.0019,0.0646
2296,61,0,0,0.000,-0.055,-1.000,-1.000,1,1,0.000,0.000,0.000,1,1.000,1,1,0.0576,0.2618,-0.0019,0.0647
2297,61,0,0,0.000,-0.047,-1.000,-1.000,1,1,0.000,0.000,0.000,1,1.000,1,1,0.0576,0.2619,-0.0018,0.0647
2298,61,0,0,0.000,-0.055,-1.000,-1.000,1,1,0.000,0.000,0.000,1,1.000,1,1,0.0576,0.2621,-0.0018,0.0648
2299,61,0,0,0.000,-0.055,-1.000,-1.000,1,1,0.000,0.000,0.000,1,1.000,1,1,0.0576,0.2622,-0.0018,0.0649
2300,61,0,0,0.000,-0.055,-1.000,-1.000,1,1,0.000,0.000,0.000,1,1.000,1,1,0.0576,0.2624,-0.0017,0.0650
2301,61,0,0,0.000,-0.055,-1.000,-1.000,1,1,0.000,0.000,0.000,1,1.000,1,1,0.0576,0.2625,-0.0017,0.0651
2302,61,0,0,0.000,-0.055,-1.000,-1.000,1,1,0.000,0.000,0.000,1,1.000,1,1,0.0576,0.2627,-0.0016,0.0652
2303,61,0,0,0.000,-0.055,-1.000,-1.000,1,1,0.000,0.000,0.000,1,1.000,1,1,0.0576,0.2628,-0.0016,0.0652
2304,61,0,0,0.000,-0.055,-1.000,-1.000,1,1,0.000,0.000,0.000,1,1.000,1,1,0.0576,0.2630,-0.0016,0.0653
2305,61,0,0,0.000,-0.055,-1.000,-1.000,1,1,0.000,0.000,0.000,1,1.000,1,1,0.0576,0.2631,-0.0015,0.0654
2306,61,0,0,0.000,-0.055,-1.000,-1.000,1,1,0.000,0.000,0.000,1,1.000,1,1,0.0576,0.2633,-0.0015,0.0655
2307,61,0,0,0.000,-0.055,-1.000,-1.000,1,1,0.000,0.000,0.000,1,1.000,1,1,0.0576,0.2634,-0.0015,0.0656
2308,61,0,0,0.000,-0.055,-1.000,-1.000,1,1,0.000,0.000,0.000,1,1.000,1,1,0.0576,0.2636,-0.0014,0.0656
2309,61,0,0,0.000,-0.055,-1.000,-1.000,1,1,0.000,0.000,0.000,1,1.000,1,1,0.0576,0.2637,-0.0014,0.0657
2310,61,0,0,0.000,-0.055,-1.000,-1.000,1,1,0.000,0.000,0.000,1,1.000,1,1,0.0576,0.2638,-0.0014,0.0658
2311,61,0,0,0.000,-0.055,-1.000,-1.000,1,1,0.000,0.000,0.000,1,1.000,1,1,0.0576,0.2640,-0.0013,0.0659
2312,61,0,0,0.000,-0.055,-1.000,-1.000,1,1,0.000,0.000,0.000,1,1.000,1,1,0.0576,0.2641,-0.0013,0.0660
2313,61,0,0,0.000,-0.055,-1.000,-1.000,1,1,0.000,0.000,0.000,1,1.000,1,1,0.0576,0.2642,-0.0013,0.0661
2314,61,0,0,0.000,-0.055,-1.000,-1.000,1,1,0.000,0.000,0.000,1,1.000,1,1,0.0576,0.2644,-0.0012,0.0661
2315,61,0,0,0.000,-0.055,-1.000,-1.000,1,1,0.000,0.000,0.000,1,1.000,1,1,0.0576,0.2645,-0.0012,0.0662
2316,61,0,0,0.000,-0.055,-1.000,-1.000,1,1,0.000,0.000,0.000,1,1.000,1,1,0.0576,0.2646,-0.0012,0.0663
2317,61,0,0,0.000,-0.047,-1.000,-1.000,1,1,0.000,0.000,0.000,1,1.000,1,1,0.0576,0.2647,-0.0012,0.0663
2318,61,0,0,0.000,-0.055,-1.000,-1.000,1,1,0.000,0.000,0.000,1,1.000,1,1,0.0576,0.2649,-0.0011,0.0664
2319,61,0,0,0.000,-0.055,-1.000,-1.000,1,1,0.000,0.000,0.000,1,1.000,1,1,0.0576,0.2650,-0.0011,0.0665
2320,61,0,0,0.000,-0.055,-1.000,-1.000,1,1,0.000,0.000,0.000,1,1.000,1,1,0.0576,0.2651,-0.0011,0.0666
2321,61,0,0,0.000,-0.055,-1.000,-1.000,1,1,0.000,0.000,0.000,1,1.000,1,1,0.0576,0.2653,-0.0010,0.0667
2322,61,0,0,0.000,-0.055,-1.000,-1.000,1,1,0.000,0.000,0.000,1,1.000,1,1,0.0576,0.2654,-0.0010,0.0667
2323,61,0,0,0.000,-0.047,-1.000,-1.000,1,1,0.000,0.000,0.000,1,1.000,1,1,0.0576,0.2655,-0.0010,0.0668
2324,61,0,0,0.000,-0.047,-1.000,-1.000,1,1,0.000,0.000,0.000,1,1.000,1,1,0.0576,0.2656,-0.0010,0.0669
2325,61,0,0,0.000,-0.055,-1.000,-1.000,1,1,0.000,0.000,0.000,1,1.000,1,1,0.0576,0.2657,-0.0009,0.0669
2326,61,0,0,0.000,-0.055,-1.000,-1.000,1,1,0.000,0.000,0.000,1,1.000,1,1,0.0576,0.2659,-0.0009,0.0670
2327,61,0,0,0.000,-0.055,-1.000,-1.000,1,1,0.000,0.000,0.000,1,1.000,1,1,0.0576,0.2660,-0.0009,0.0671
2328,61,0,0,0.000,-0.055,-1.000,-1.000,1,1,0.000,0.000,0.000,1,1.000,1,1,0.0576,0.2661,-0.0008,0.0672
2329,61,0,0,0.000,-0.055,-1.000,-1.000,1,1,0.000,0.000,0.000,1,1.000,1,1,0.0576,0.2662,-0.0008,0.0672
2330,61,0,0,0.000,-0.055,-1.000,-1.000,1,1,0.000,0.000,0.000,1,1.000,1,1,0.0576,0.2663,-0.0008,0.0673
2331,61,0,0,0.000,-0.055,-1.000,-1.000,1,1,0.000,0.000,0.000,1,1.000,1,1,0.0576,0.2664,-0.0008,0.0674
2332,61,0,0,0.000,-0.047,-1.000,-1.000,1,1,0.000,0.000,0.000,1,1.000,1,1,0.0576,0.2665,-0.0007,0.0674
2333,61,0,0,0.000,-0.055,-1.000,-1.000,1,1,0.000,0.000,0.000,1,1.000,1,1,0.0576,0.2666,-0.0007,0.0675
2334,61,0,0,0.000,-0.047,-1.000,-1.000,1,1,0.000,0.000,0.000,1,1.000,1,1,0.0576,0.2668,-0.0007,0.0676
2335,61,0,0,0.000,-0.047,-1.000,-1.000,1,1,0.000,0.000,0.000,1,1.000,1,1,0.0576,0.2669,-0.0007,0.0676
2336,61,0,0,0.000,-0.055,-1.000,-1.000,1,1,0.000,0.000,0.000,1,1.000,1,1,0.0576,0.2670,-0.0006,0.0677
2337,61,0,0,0.000,-0.055,-1.000,-1.000,1,1,0.000,0.000,0.000,1,1.000,1,1,0.0576,0.2671,-0.0006,0.0678
2338,61,0,0,0.000,-0.055,-1.000,-1.000,1,1,0.000,0.000,0.000,1,1.000,1,1,0.0576,0.2672,-0.0006,0.0678
2339,61,0,0,0.000,-0.055,-1.000,-1.000,1,1,0.000,0.000,0.000,1,1.000,1,1,0.0576,0.2673,-0.0006,0.0679
2340,61,0,0,0.000,-0.055,-1.000,-1.000,1,1,0.000,0.000,0.000,1,1.000,1,1,0.0576,0.2674,-0.0005,0.0680
2341,61,0,0,0.000,-0.055,-1.000,-1.000,1,1,0.000,0.000,0.000,1,1.000,1,1,0.0576,0.2675,-0.0005,0.0680
2342,61,0,0,0.000,-0.055,-1.000,-1.000,1,1,0.000,0.000,0.000,1,1.000,1,1,0.0576,0.2676,-0.0005,0.0681
2343,61,0,0,0.000,-0.055,-1.000,-1.000,1,1,0.000,0.000,0.000,1,1.000,1,1,0.0576,0.2677,-0.0005,0.0681
2344,61,0,0,0.000,-0.055,-1.000,-1.000,1,1,0.000,0.000,0.000,1,1.000,1,1,0.0576,0.2678,-0.0004,0.0682
2345,61,0,0,0.000,-0.055,-1.000,-1.000,1,1,0.000,0.000,0.000,1,1.000,1,1,0.0576,0.2679,-0.0004,0.0682
2346,61,0,0,0.000,-0.055,-1.000,-1.000,1,1,0.000,0.000,0.000,1,1.000,1,1,0.0576,0.2680,-0.0004,0.0683
2347,61,0,0,0.000,-0.055,-1.000,-1.000,1,1,0.000,0.000,0.000,1,1.000,1,1,0.0576,0.2681,-0.0004,0.0683
2348,61,0,0,0.000,-0.055,-1.000,-1.000,1,1,0.000,0.000,0.000,1,1.000,1,1,0.0576,0.2682,-0.0003,0.0684
2349,61,0,0,0.000,-0.055,-1.000,-1.000,1,1,0.000,0.000,0.000,1,1.000,1,1,0.0576,0.2682,-0.0003,0.0684
2350,61,0,0,0.000,-0.055,-1.000,-1.000,1,1,0.000,0.000,0.000,1,1.000,1,1,0.0576,0.2683,-0.0003,0.0685
2351,61,0,0,0.000,-0.055,-1.000,-1.000,1,1,0.000,0.000,0.000,1,1.000,1,1,0.0576,0.2684,-0.0003,0.0685
2352,61,0,0,0.000,-0.055,-1.000,-1.000,1,1,0.000,0.000,0.000,1,1.000,1,1,0.0576,0.2685,-0.0003,0.0686
2353,61,0,0,0.000,-0.055,-1.000,-1.000,1,1,0.000,0.000,0.000,1,1.000,1,1,0.0576,0.2685,-0.0002,0.0686
2354,61,0,0,0.000,-0.055,-1.000,-1.000,1,1,0.000,0.000,0.000,1,1.000,1,1,0.0576,0.2686,-0.0002,0.0687
2355,61,0,0,0.000,-0.047,-1.000,-1.000,1,1,0.000,0.000,0.000,1,1.000,1,1,0.0576,0.2687,-0.0002,0.0687
2356,61,0,0,0.000,-0.055,-1.000,-1.000,1,1,0.000,0.000,0.000,1,1.000,1,1,0.0576,0.2687,-0.0002,0.0687
2357,61,0,0,0.000,-0.047,-1.000,-1.000,1,1,0.000,0.000,0.000,1,1.000,1,1,0.0576,0.2688,-0.0002,0.0688
2358,61,0,0,0.000,-0.055,-1.000,-1.000,1,1,0.000,0.000,0.000,1,1.000,1,1,0.0576,0.2689,-0.0002,0.0688
2359,61,0,0,0.000,-0.055,-1.000,-1.000,1,1,0.000,0.000,0.000,1,1.000,1,1,0.0576,0.2689,-0.0002,0.0688
2360,61,0,0,0.000,-0.055,-1.000,-1.000,1,1,0.000,0.000,0.000,1,1.000,1,1,0.0576,0.2690,-0.0002,0.0689
2361,61,0,0,0.000,-0.055,-1.000,-1.000,1,1,0.000,0.000,0.000,1,1.000,1,1,0.0576,0.2690,-0.0002,0.0689
2362,61,0,0,0.000,-0.055,-1.000,-1.000,1,1,0.000,0.000,0.000,1,1.000,1,1,0.0576,0.2691,-0.0001,0.0689
2363,61,0,0,0.000,-0.055,-1.000,-1.000,1,1,0.000,0.000,0.000,1,1.000,1,1,0.0576,0.2692,-0.0001,0.0690
2364,61,0,0,0.000,-0.055,-1.000,-1.000,1,1,0.000,0.000,0.000,1,1.000,1,1,0.0576,0.2692,-0.0001,0.0690
2365,61,0,0,0.000,-0.055,-1.000,-1.000,1,1,0.000,0.000,0.000,1,1.000,1,1,0.0576,0.2693,-0.0001,0.0690
2366,61,0,0,0.000,-0.047,-1.000,-1.000,1,1,0.000,0.000,0.000,1,1.000,1,1,0.0576,0.2694,-0.0001,0.0691
2367,61,0,0,0.000,-0.055,-1.000,-1.000,1,1,0.000,0.000,0.000,1,1.000,1,1,0.0576,0.2694,-0.0000,0.0691
2368,61,0,0,0.000,-0.055,-1.000,-1.000,1,1,0.000,0.000,0.000,1,1.000,1,1,0.0576,0.2695,-0.0000,0.0691
2369,61,0,0,0.000,-0.055,-1.000,-1.000,1,1,0.000,0.000,0.000,1,1.000,1,1,0.0576,0.2695,-0.0000,0.0692
2370,61,0,0,0.000,-0.055,-1.000,-1.000,1,1,0.000,0.000,0.000,1,1.000,1,1,0.0576,0.2696,0.0000,0.0692
2371,61,0,0,0.000,-0.055,-1.000,-1.000,1,1,0.000,0.000,0.000,1,1.000,1,1,0.0576,0.2697,0.0000,0.0692
2372,61,0,0,0.000,-0.047,-1.000,-1.000,1,1,0.000,0.000,0.000,1,1.000,1,1,0.0576,0.2697,0.0000,0.0693
2373,61,0,0,0.000,-0.055,-1.000,-1.000,1,1,0.000,0.000,0.000,1,1.000,1,1,0.0576,0.2698,0.0000,0.0693
2374,61,0,0,0.000,-0.047,-1.000,-1.000,1,1,0.000,0.000,0.000,1,1.000,1,1,0.0576,0.2699,0.0001,0.0693
2375,61,0,0,0.000,-0.047,-1.000,-1.000,1,1,0.000,0.000,0.000,1,1.000,1,1,0.0576,0.2699,0.0001,0.0694
2376,61,0,0,0.000,-0.055,-1.000,-1.000,1,1,0.000,0.000,0.000,1,1.000,1,1,0.0576,0.2699,0.0001,0.0694
2377,61,0,0,0.000,-0.055,-1.000,-1.000,1,1,0.000,0.000,0.000,1,1.000,1,1,0.0576,0.2700,0.0001,0.0694
2378,61,0,0,0.000,-0.055,-1.000,-1.000,1,1,0.000,0.000,0.000,1,1.000,1,1,0.0576,0.2701,0.0001,0.0695
2379,61,0,0,0.000,-0.055,-1.000,-1.000,1,1,0.000,0.000,0.000,1,1.000,1,1,0.0576,0.2701,0.0001,0.0695
2380,61,0,0,0.000,-0.055,-1.000,-1.000,1,1,0.000,0.000,0.000,1,1.000,1,1,0.0576,0.2702,0.0001,0.0695
2381,61,0,0,0.000,-0.047,-1.000,-1.000,1,1,0.000,0.000,0.000,1,1.000,1,1,0.0576,0.2702,0.0001,0.0695
2382,61,0,0,0.000,-0.055,-1.000,-1.000,1,1,0.000,0.000,0.000,1,1.000,1,1,0.0576,0.2703,0.0002,0.0696
2383,61,0,0,0.000,-0.055,-1.000,-1.000,1,1,0.000,0.000,0.000,1,1.000,1,1,0.0576,0.2703,0.0002,0.0696
2384,61,0,0,0.000,-0.047,-1.000,-1.000,1,1,0.000,0.000,0.000,1,1.000,1,1,0.0576,0.2704,0.0002,0.0696
2385,61,0,0,0.000,-0.055,-1.000,-1.000,1,1,0.000,0.000,0.000,1,1.000,1,1,0.0576,0.2704,0.0002,0.0696
2386,61,0,0,0.000,-0.055,-1.000,-1.000,1,1,0.000,0.000,0.000,1,1.000,1,1,0.0576,0.2705,0.0002,0.0697
2387,61,0,0,0.000,-0.055,-1.000,-1.000,1,1,0.000,0.000,0.000,1,1.000,1,1,0.0576,0.2705,0.0002,0.0697
2388,61,0,0,0.000,-0.055,-1.000,-1.000,1,1,0.000,0.000,0.000,1,1.000,1,1,0.0576,0.2706,0.0002,0.0697
2389,61,0,0,0.000,-0.055,-1.000,-1.000,1,1,0.000,0.000,0.000,1,1.000,1,1,0.0576,0.2706,0.0002,0.0698
2390,61,0,0,0.000,-0.055,-1.000,-1.000,1,1,0.000,0.000,0.000,1,1.000,1,1,0.0576,0.2707,0.0003,0.0698
2391,61,0,0,0.000,-0.055,-1.000,-1.000,1,1,0.000,0.000,0.000,1,1.000,1,1,0.0576,0.2707,0.0003,0.0698
2392,61,0,0,0.000,-0.055,-1.000,-1.000,1,1,0.000,0.000,0.000,1,1.000,1,1,0.0576,0.2708,0.0003,0.0699
2393,61,0,0,0.000,-0.055,-1.000,-1.000,1,1,0.000,0.000,0.000,1,1.000,1,1,0.0576,0.2709,0.0003,0.0699
2394,61,0,0,0.000,-0.055,-1.000,-1.000,1,1,0.000,0.000,0.000,1,1.000,1,1,0.0576,0.2709,0.0003,0.0699
2395,61,0,0,0.000,-0.055,-1.000,-1.000,1,1,0.000,0.000,0.000,1,1.000,1,1,0.0576,0.2709,0.0003,0.0700
2396,61,0,0,0.000,-0.055,-1.000,-1.000,1,1,0.000,0.000,0.000,1,1.000,1,1,0.0576,0.2710,0.0003,0.0700
2397,61,0,0,0.000,-0.055,-1.000,-1.000,1,1,0.000,0.000,0.000,1,1.000,1,1,0.0576,0.2711,0.0004,0.0700
2398,61,0,0,0.000,-0.055,-1.000,-1.000,1,1,0.000,0.000,0.000,1,1.000,1,1,0.0576,0.2711,0.0004,0.0700
2399,61,0,0,0.000,-0.055,-1.000,-1.000,1,1,0.000,0.000,0.000,1,1.000,1,1,0.0576,0.2711,0.0004,0.0701
2400,61,0,0,0.000,-0.055,-1.000,-1.000,1,1,0.000,0.000,0.000,1,1.000,1,1,0.0576,0.2712,0.0004,0.0701
2401,61,0,0,0.000,-0.055,-1.000,-1.000,1,1,0.000,0.000,0.000,1,1.000,1,1,0.0576,0.2712,0.0004,0.0701
2402,61,0,0,0.000,-0.047,-1.000,-1.000,1,1,0.000,0.000,0.000,1,1.000,1,1,0.0576,0.2713,0.0004,0.0701
2403,61,0,0,0.000,-0.055,-1.000,-1.000,1,1,0.000,0.000,0.000,1,1.000,1,1,0.0576,0.2713,0.0004,0.0702
2404,61,0,0,0.000,-0.055,-1.000,-1.000,1,1,0.000,0.000,0.000,1,1.000,1,1,0.0576,0.2713,0.0004,0.0702
2405,61,0,0,0.000,-0.055,-1.000,-1.000,1,1,0.000,0.000,0.000,1,1.000,1,1,0.0576,0.2714,0.0004,0.0702
2406,61,0,0,0.000,-0.055,-1.000,-1.000,1,1,0.000,0.000,0.000,1,1.000,1,1,0.0576,0.2714,0.0004,0.0702
2407,61,0,0,0.000,-0.055,-1.000,-1.000,1,1,0.000,0.000,0.000,1,1.000,1,1,0.0576,0.2715,0.0005,0.0703
2408,61,0,0,0.000,-0.055,-1.000,-1.000,1,1,0.000,0.000,0.000,1,1.000,1,1,0.0576,0.2715,0.0005,0.0703
2409,61,0,0,0.000,-0.055,-1.000,-1.000,1,1,0.000,0.000,0.000,1,1.000,1,1,0.0576,0.2716,0.0005,0.0703
2410,61,0,0,0.000,-0.047,-1.000,-1.000,1,1,0.000,0.000,0.000,1,1.000,1,1,0.0576,0.2716,0.0005,0.0704
2411,61,0,0,0.000,-0.055,-1.000,-1.000,1,1,0.000,0.000,0.000,1,1.000,1,1,0.0576,0.2717,0.0005,0.0704
2412,61,0,0,0.000,-0.055,-1.000,-1.000,1,1,0.000,0.000,0.000,1,1.000,1,1,0.0576,0.2717,0.0005,0.0704
2413,61,0,0,0.000,-0.055,-1.000,-1.000,1,1,0.000,0.000,0.000,1,1.000,1,1,0.0576,0.2717,0.0005,0.0704
2414,61,0,0,0.000,-0.055,-1.000,-1.000,1,1,0.000,0.000,0.000,1,1.000,1,1,0.0576,0.2718,0.0005,0.0704
2415,61,0,0,0.000,-0.055,-1.000,-1.000,1,1,0.000,0.000,0.000,1,1.000,1,1,0.0576,0.2718,0.0005,0.0705
2416,61,0,0,0.000,-0.055,-1.000,-1.000,1,1,0.000,0.000,0.000,1,1.000,1,1,0.0576,0.2719,0.0006,0.0705
2417,61,0,0,0.000,-0.055,-1.000,-1.000,1,1,0.000,0.000,0.000,1,1.000,1,1,0.0576,0.2719,0.0006,0.0705
2418,61,0,0,0.000,-0.055,-1.000,-1.000,1,1,0.000,0.000,0.000,1,1.000,1,1,0.0576,0.2719,0.0006,0.0705
2419,61,0,0,0.000,-0.055,-1.000,-1.000,1,1,0.000,0.000,0.000,1,1.000,1,1,0.0576,0.2720,0.0006,0.0706
2420,61,0,0,0.000,-0.055,-1.000,-1.000,1,1,0.000,0.000,0.000,1,1.000,1,1,0.0576,0.2720,0.0006,0.0706
2421,61,0,0,0.000,-0.047,-1.000,-1.000,1,1,0.000,0.000,0.000,1,1.000,1,1,0.0576,0.2720,0.0006,0.0706
2422,61,0,0,0.000,-0.055,-1.000,-1.000,1,1,0.000,0.000,0.000,1,1.000,1,1,0.0576,0.2721,0.0006,0.0706
2423,61,0,0,0.000,-0.055,-1.000,-1.000,1,1,0.000,0.000,0.000,1,1.000,1,1,0.0576,0.2721,0.0006,0.0706
2424,61,0,0,0.000,-0.055,-1.000,-1.000,1,1,0.000,0.000,0.000,1,1.000,1,1,0.0576,0.2721,0.0006,0.0707
2425,61,0,0,0.000,-0.055,-1.000,-1.000,1,1,0.000,0.000,0.000,1,1.000,1,1,0.0576,0.2722,0.0006,0.0707
2426,61,0,0,0.000,-0.047,-1.000,-1.000,1,1,0.000,0.000,0.000,1,1.000,1,1,0.0576,0.2722,0.0006,0.0707
2427,61,0,0,0.000,-0.055,-1.000,-1.000,1,1,0.000,0.000,0.000,1,1.000,1,1,0.0576,0.2722,0.0006,0.0707
2428,61,0,0,0.000,-0.055,-1.000,-1.000,1,1,0.000,0.000,0.000,1,1.000,1,1,0.0576,0.2723,0.0007,0.0707
2429,61,0,0,0.000,-0.055,-1.000,-1.000,1,1,0.000,0.000,0.000,1,1.000,1,1,0.0576,0.2723,0.0007,0.0707
2430,61,0,0,0.000,-0.047,-1.000,-1.000,1,1,0.000,0.000,0.000,1,1.000,1,1,0.0576,0.2723,0.0007,0.0708
2431,61,0,0,0.000,-0.055,-1.000,-1.000,1,1,0.000,0.000,0.000,1,1.000,1,1,0.0576,0.2724,0.0007,0.0708
2432,61,0,0,0.000,-0.047,-1.000,-1.000,1,1,0.000,0.000,0.000,1,1.000,1,1,0.0576,0.2724,0.0007,0.0708
2433,61,0,0,0.000,-0.055,-1.000,-1.000,1,1,0.000,0.000,0.000,1,1.000,1,1,0.0576,0.2724,0.0007,0.0708
2434,61,0,0,0.000,-0.055,-1.000,-1.000,1,1,0.000,0.000,0.000,1,1.000,1,1,0.0576,0.2724,0.0007,0.0708
2435,61,0,0,0.000,-0.055,-1.000,-1.000,1,1,0.000,0.000,0.000,1,1.000,1,1,0.0576,0.2724,0.0007,0.0708
2436,61,0,0,0.000,-0.055,-1.000,-1.000,1,1,0.000,0.000,0.000,1,1.000,1,1,0.0576,0.2725,0.0007,0.0708
2437,61,0,0,0.000,-0.055,-1.000,-1.000,1,1,0.000,0.000,0.000,1,1.000,1,1,0.0576,0.2725,0.0007,0.0709
2438,61,0,0,0.000,-0.055,-1.000,-1.000,1,1,0.000,0.000,0.000,1,1.000,1,1,0.0576,0.2725,0.0007,0.0709
2439,61,0,0,0.000,-0.055,-1.000,-1.000,1,1,0.000,0.000,0.000,1,1.000,1,1,0.0576,0.2726,0.0007,0.0709
2440,61,0,0,0.000,-0.055,-1.000,-1.000,1,1,0.000,0.000,0.000,1,1.000,1,1,0.0576,0.2726,0.0007,0.0709
2441,61,0,0,0.000,-0.055,-1.000,-1.000,1,1,0.000,0.000,0.000,1,1.000,1,1,0.0576,0.2726,0.0007,0.0709
2442,61,0,0,0.000,-0.055,-1.000,-1.000,1,1,0.000,0.000,0.000,1,1.000,1,1,0.0576,0.2726,0.0007,0.0709
2443,61,0,0,0.000,-0.055,-1.000,-1.000,1,1,0.000,0.000,0.000,1,1.000,1,1,0.0576,0.2726,0.0007,0.0709
2444,61,0,0,0.000,-0.047,-1.000,-1.000,1,1,0.000,0.000,0.000,1,1.000,1,1,0.0576,0.2726,0.0007,0.0709
2445,61,0,0,0.000,-0.055,-1.000,-1.000,1,1,0.000,0.000,0.000,1,1.000,1,1,0.0576,0.2726,0.0007,0.0709
2446,61,0,0,0.000,-0.047,-1.000,-1.000,1,1,0.000,0.000,0.000,1,1.000,1,1,0.0576,0.2727,0.0007,0.0710
2447,61,0,0,0.000,-0.055,-1.000,-1.000,1,1,0.000,0.000,0.000,1,1.000,1,1,0.0576,0.2727,0.0008,0.0710
2448,61,0,0,0.000,-0.047,-1.000,-1.000,1,1,0.000,0.000,0.000,1,1.000,1,1,0.0576,0.2727,0.0008,0.0710
2449,61,0,0,0.000,-0.055,-1.000,-1.000,1,1,0.000,0.000,0.000,1,1.000,1,1,0.0576,0.2728,0.0008,0.0710
2450,61,0,0,0.000,-0.055,-1.000,-1.000,1,1,0.000,0.000,0.000,1,1.000,1,1,0.0576,0.2728,0.0008,0.0710
2451,61,0,0,0.000,-0.055,-1.000,-1.000,1,1,0.000,0.000,0.000,1,1.000,1,1,0.0576,0.2728,0.0008,0.0710
2452,61,0,0,0.000,-0.047,-1.000,-1.000,1,1,0.000,0.000,0.000,1,1.000,1,1,0.0576,0.2728,0.0008,0.0710
2453,61,0,0,0.000,-0.047,-1.000,-1.000,1,1,0.000,0.000,0.000,1,1.000,1,1,0.0576,0.2728,0.0008,0.0710
2454,61,0,0,0.000,-0.055,-1.000,-1.000,1,1,0.000,0.000,0.000,1,1.000,1,1,0.0576,0.2728,0.0008,0.0710
2455,61,0,0,0.000,-0.055,-1.000,-1.000,1,1,0.000,0.000,0.000,1,1.000,1,1,0.0576,0.2728,0.0008,0.0710
2456,61,0,0,0.000,-0.055,-1.000,-1.000,1,1,0.000,0.000,0.000,1,1.000,1,1,0.0576,0.2728,0.0008,0.0711
2457,61,0,0,0.000,-0.047,-1.000,-1.000,1,1,0.000,0.000,0.000,1,1.000,1,1,0.0576,0.2729,0.0008,0.0711
2458,61,0,0,0.000,-0.055,-1.000,-1.000,1,1,0.000,0.000,0.000,1,1.000,1,1,0.0576,0.2729,0.0008,0.0711
2459,61,0,0,0.000,-0.055,-1.000,-1.000,1,1,0.000,0.000,0.000,1,1.000,1,1,0.0576,0.2729,0.0008,0.0711
2460,61,0,0,0.000,-0.055,-1.000,-1.000,1,1,0.000,0.000,0.000,1,1.000,1,1,0.0576,0.2729,0.0008,0.0711
2461,61,0,0,0.000,-0.055,-1.000,-1.000,1,1,0.000,0.000,0.000,1,1.000,1,1,0.0576,0.2730,0.0008,0.0711
2462,61,0,0,0.000,-0.055,-1.000,-1.000,1,1,0.000,0.000,0.000,1,1.000,1,1,0.0576,0.2730,0.0008,0.0711
2463,61,0,0,0.000,-0.047,-1.000,-1.000,1,1,0.000,0.000,0.000,1,1.000,1,1,0.0576,0.2730,0.0008,0.0711
2464,61,0,0,0.000,-0.055,-1.000,-1.000,1,1,0.000,0.000,0.000,1,1.000,1,1,0.0576,0.2730,0.0008,0.0711
2465,61,0,0,0.000,-0.055,-1.000,-1.000,1,1,0.000,0.000,0.000,1,1.000,1,1,0.0576,0.2730,0.0008,0.0711
2466,61,0,0,0.000,-0.047,-1.000,-1.000,1,1,0.000,0.000,0.000,1,1.000,1,1,0.0576,0.2730,0.0008,0.0711
2467,61,1,0,0.000,-0.055,-1.000,-1.000,1,1,-0.000,0.000,0.000,0,1.000,0,0,0.0576,0.2671,-0.0009,0.0689
2468,61,1,0,0.000,-0.055,-1.000,-1.000,1,1,-0.000,0.000,0.000,0,1.000,0,0,0.0576,0.2633,-0.0015,0.0654
2469,61,1,0,0.000,-0.047,-1.000,-1.000,1,1,-0.000,0.000,0.000,0,1.000,0,0,0.0576,0.2583,-0.0024,0.0633
2470,61,1,0,0.000,-0.055,-1.000,-1.000,1,1,-0.000,0.000,0.000,0,1.000,0,0,0.0576,0.2532,-0.0032,0.0599
2471,61,1,0,0.000,-0.055,-1.000,-1.000,1,1,-0.000,0.000,0.000,0,1.000,0,0,0.0576,0.2506,-0.0035,0.0577
2472,61,1,0,0.000,-0.047,-1.000,-1.000,1,1,-0.000,0.000,0.000,0,1.000,0,0,0.0576,0.2502,-0.0036,0.0577
2473,61,1,0,0.000,-0.055,-1.000,-1.000,1,1,-0.000,0.000,0.000,0,1.000,0,0,0.0576,0.2502,-0.0036,0.0578
2474,61,1,0,0.000,-0.055,-1.000,-1.000,1,1,-0.000,0.000,0.000,0,1.000,0,0,0.0576,0.2502,-0.0036,0.0579
2475,61,1,0,0.000,-0.055,-1.000,-1.000,1,1,-0.000,0.000,0.000,0,1.000,0,0,0.0576,0.2501,-0.0037,0.0579
2476,61,1,0,0.000,-0.055,-1.000,-1.000,1,1,-0.000,0.000,0.000,0,1.000,0,0,0.0576,0.2501,-0.0037,0.0579
2477,61,1,0,0.000,-0.055,-1.000,-1.000,1,1,-0.000,0.000,0.000,0,1.000,0,0,0.0576,0.2501,-0.0037,0.0579
2478,61,1,0,0.000,-0.047,-1.000,-1.000,1,1,-0.000,0.000,0.000,0,1.000,0,0,0.0576,0.2501,-0.0037,0.0579
2479,61,1,0,0.000,-0.047,-1.000,-1.000,1,1,-0.000,0.000,0.000,0,1.000,0,0,0.0576,0.2501,-0.0037,0.0580
2480,61,1,0,0.000,-0.047,-1.000,-1.000,1,1,-0.000,0.000,0.000,0,1.000,0,0,0.0576,0.2501,-0.0037,0.0580
2481,61,1,0,0.000,-0.047,-1.000,-1.000,1,1,-0.000,0.000,0.000,0,1.000,0,0,0.0576,0.2501,-0.0037,0.0580
2482,61,1,0,0.000,-0.047,-1.000,-1.000,1,1,-0.000,0.000,0.000,0,1.000,0,0,0.0576,0.2501,-0.0037,0.0580
2483,61,1,0,0.000,-0.047,-1.000,-1.000,1,1,-0.000,0.000,0.000,0,1.000,0,0,0.0576,0.2501,-0.0037,0.0579
2484,61,1,0,0.000,-0.047,-1.000,-1.000,1,1,-0.000,0.000,0.000,0,1.000,0,0,0.0576,0.2501,-0.0037,0.0579
2485,61,1,0,0.000,-0.047,-1.000,-1.000,1,1,-0.000,0.000,0.000,0,1.000,0,0,0.0576,0.2501,-0.0037,0.0579
2486,61,1,0,0.000,-0.047,-1.000,-1.000,1,1,-0.000,0.000,0.000,0,1.000,0,0,0.0576,0.2501,-0.0037,0.0579
2487,61,1,0,0.000,-0.024,-1.000,-1.000,1,1,-0.000,0.000,0.000,0,1.000,0,0,0.0576,0.2501,-0.0037,0.0579
2488,61,1,0,0.008,0.008,-1.000,-1.000,1,1,-0.000,0.000,0.000,0,1.000,0,0,0.0576,0.2501,-0.0037,0.0579
2489,61,1,0,0.055,0.110,-1.000,-1.000,1,1,-0.000,0.000,0.000,0,1.000,0,0,0.0576,0.2501,-0.0037,0.0579
2490,61,1,0,0.008,0.008,-1.000,-1.000,1,1,-0.000,0.000,0.000,0,1.000,0,0,0.0576,0.2501,-0.0037,0.0579
2491,61,1,0,0.008,-0.008,-1.000,-1.000,1,1,-0.000,0.000,0.000,0,1.000,0,0,0.0576,0.2501,-0.0037,0.0579
2492,61,1,0,0.016,-0.008,-1.000,-1.000,1,1,-0.000,0.000,0.000,0,1.000,0,0,0.0576,0.2501,-0.0037,0.0579
2493,61,1,0,-0.008,0.071,-1.000,-1.000,1,1,-0.000,0.000,0.000,0,1.000,0,0,0.0576,0.2501,-0.0037,0.0579
2494,61,1,0,0.024,0.780,-1.000,-1.000,1,1,-0.000,0.706,0.000,0,1.000,0,0,0.0576,0.2500,-0.0035,0.0581
2495,61,1,0,0.031,0.008,-1.000,-1.000,1,1,-0.000,0.000,0.000,0,1.000,0,0,0.0576,0.2497,-0.0033,0.0587
2496,61,1,0,0.031,-0.039,-1.000,-1.000,1,1,-0.000,0.000,0.000,0,1.000,0,0,0.0576,0.2497,-0.0033,0.0587
2497,61,1,0,0.031,-0.039,-1.000,-1.000,1,1,-0.000,0.000,0.000,0,1.000,0,0,0.0576,0.2497,-0.0033,0.0586
2498,61,1,0,0.031,-0.039,-1.000,-1.000,1,1,-0.000,0.000,0.000,0,1.000,0,0,0.0576,0.2496,-0.0033,0.0586
2499,61,1,0,0.031,-0.039,-1.000,-1.000,1,1,-0.000,0.000,0.000,0,1.000,0,0,0.0576,0.2496,-0.0033,0.0586
2500,61,1,0,0.039,-0.095,-1.000,-1.000,1,1,-0.000,0.000,0.000,0,1.000,0,0,0.0576,0.2496,-0.0033,0.0586
2501,61,1,0,0.386,0.874,-1.000,-1.000,1,1,-0.181,0.832,0.000,0,1.000,0,0,0.0576,0.2495,-0.0031,0.0587
2502,61,1,0,0.543,0.913,-1.000,-1.000,1,1,-0.391,0.884,0.000,0,1.000,0,0,0.0576,0.2487,-0.0022,0.0596
2503,61,1,0,0.031,-0.102,-1.000,-1.000,1,1,-0.000,0.000,0.000,0,1.000,0,0,0.0576,0.2479,-0.0019,0.0604
2504,61,1,0,0.047,-0.047,-1.000,-1.000,1,1,-0.000,0.000,0.000,0,1.000,0,0,0.0576,0.2478,-0.0018,0.0605
2505,61,1,0,0.031,-0.055,-1.000,-1.000,1,1,-0.000,0.000,0.000,0,1.000,0,0,0.0576,0.2478,-0.0018,0.0604
2506,61,1,0,0.031,-0.102,-1.000,-1.000,1,1,-0.000,0.000,0.000,0,1.000,0,0,0.0576,0.2478,-0.0018,0.0604
2507,61,1,0,0.039,-0.079,-1.000,-1.000,1,1,-0.000,0.000,0.000,0,1.000,0,0,0.0576,0.2478,-0.0018,0.0604
2508,61,1,0,-0.047,-0.016,-1.000,-1.000,1,1,-0.000,0.000,0.000,0,1.000,0,0,0.0576,0.2478,-0.0018,0.0604
2509,61,1,0,-0.047,-0.016,-1.000,-1.000,1,1,-0.000,0.000,0.000,0,1.000,0,0,0.0576,0.2478,-0.0018,0.0604
2510,61,1,0,-0.055,-0.016,-1.000,-1.000,1,1,-0.000,0.000,0.000,0,1.000,0,0,0.0576,0.2478,-0.0018,0.0604
2511,61,1,0,-0.063,0.016,-1.000,-1.000,1,1,-0.000,0.000,0.000,0,1.000,0,0,0.0576,0.2478,-0.0018,0.0604
2512,61,1,0,-0.150,-0.457,-1.000,-1.000,1,1,-0.000,-0.276,0.000,0,1.000,0,0,0.0576,0.2478,-0.0018,0.0604
2513,61,1,0,-0.764,-0.724,-1.000,-1.000,1,1,0.685,-0.633,0.000,0,1.000,0,0,0.0576,0.2483,-0.0022,0.0601
2514,61,1,0,-0.039,-0.047,-1.000,-1.000,1,1,-0.000,0.000,0.000,0,1.000,0,0,0.0576,0.2491,-0.0024,0.0594
2515,61,1,0,-0.008,-0.032,-1.000,-1.000,1,1,-0.000,0.000,0.000,0,1.000,0,0,0.0576,0.2491,-0.0024,0.0594
2516,61,1,0,-0.008,-0.016,-1.000,-1.000,1,1,-0.000,0.000,0.000,0,1.000,0,0,0.0576,0.2491,-0.0024,0.0595
2517,61,1,0,-0.189,0.047,-1.000,-1.000,1,1,-0.000,0.000,0.000,0,1.000,0,0,0.0576,0.2491,-0.0024,0.0595
2518,61,1,0,-0.827,-0.260,-1.000,-1.000,1,1,0.769,-0.013,0.000,0,1.000,0,0,0.0576,0.2497,-0.0025,0.0596
2519,61,1,0,-0.063,-0.055,-1.000,-1.000,1,1,-0.000,0.000,0.000,0,1.000,0,0,0.0576,0.2507,-0.0028,0.0597
2520,61,1,0,-0.032,-0.024,-1.000,-1.000,1,1,-0.000,0.000,0.000,0,1.000,0,0,0.0576,0.2505,-0.0027,0.0595
2521,61,1,0,0.000,-0.024,-1.000,-1.000,1,1,-0.000,0.000,0.000,0,1.000,0,0,0.0576,0.2505,-0.0027,0.0594
2522,61,1,0,0.024,-0.079,-1.000,-1.000,1,1,-0.000,0.000,0.000,0,1.000,0,0,0.0576,0.2505,-0.0027,0.0594
2523,61,1,0,0.024,-0.276,-1.000,-1.000,1,1,-0.000,-0.034,0.000,0,1.000,0,0,0.0576,0.2505,-0.0028,0.0595
2524,61,1,0,0.024,-0.654,-1.000,-1.000,1,1,-0.000,-0.538,0.000,0,1.000,0,0,0.0576,0.2506,-0.0029,0.0594
2525,61,1,0,0.024,-0.512,-1.000,-1.000,1,1,-0.000,-0.349,0.000,0,1.000,0,0,0.0576,0.2508,-0.0034,0.0588
2526,61,1,0,0.024,-0.079,-1.000,-1.000,1,1,-0.000,0.000,0.000,0,1.000,0,0,0.0576,0.2508,-0.0035,0.0584
2527,61,1,0,0.024,-0.291,-1.000,-1.000,1,1,-0.000,-0.055,0.000,0,1.000,0,0,0.0576,0.2509,-0.0036,0.0584
2528,61,1,0,0.024,-0.992,-1.000,-1.000,1,1,-0.000,-0.990,0.000,0,0.939,0,0,0.0578,0.2510,-0.0041,0.0583
2529,61,1,0,0.024,-0.095,-1.000,-1.000,1,1,-0.000,0.000,0.000,0,1.000,0,0,0.0576,0.2512,-0.0042,0.0580
2530,61,1,0,0.024,-0.071,-1.000,-1.000,1,1,-0.000,0.000,0.000,0,1.000,0,0,0.0576,0.2513,-0.0041,0.0580
2531,61,1,0,0.024,-0.024,-1.000,-1.000,1,1,-0.000,0.000,0.000,0,1.000,0,0,0.0576,0.2513,-0.0042,0.0580
2532,61,1,0,0.031,0.016,-1.000,-1.000,1,1,-0.000,0.000,0.000,0,1.000,0,0,0.0576,0.2513,-0.0042,0.0580
2533,61,1,0,0.441,0.709,-1.000,-1.000,1,1,-0.255,0.612,0.000,0,1.000,0,0,0.0576,0.2511,-0.0041,0.0581
2534,61,1,0,0.559,0.890,-1.000,-1.000,1,1,-0.412,0.853,0.000,0,1.000,0,0,0.0576,0.2502,-0.0036,0.0586
2535,61,1,0,0.063,0.047,-1.000,-1.000,1,1,-0.000,0.000,0.000,0,1.000,0,0,0.0576,0.2497,-0.0033,0.0591
2536,61,1,0,0.047,-0.055,-1.000,-1.000,1,1,-0.000,0.000,0.000,0,1.000,0,0,0.0576,0.2496,-0.0032,0.0591
2537,61,1,0,0.047,-0.055,-1.000,-1.000,1,1,-0.000,0.000,0.000,0,1.000,0,0,0.0576,0.2496,-0.0031,0.0590
2538,61,1,0,0.047,0.008,-1.000,-1.000,1,1,-0.000,0.000,0.000,0,1.000,0,0,0.0576,0.2496,-0.0031,0.0590
2539,61,1,0,0.150,0.354,-1.000,-1.000,1,1,-0.000,0.139,0.000,0,1.000,0,0,0.0576,0.2496,-0.0031,0.0590
2540,61,1,0,0.047,-0.047,-1.000,-1.000,1,1,-0.000,0.000,0.000,0,1.000,0,0,0.0576,0.2496,-0.0031,0.0591
2541,61,1,0,0.024,-0.047,-1.000,1.000,1,1,-0.000,0.000,-1.000,0,1.000,0,0,0.0576,0.2495,-0.0031,0.0590
2542,61,1,0,0.016,-0.016,-1.000,1.000,1,1,-0.000,0.000,-1.000,0,1.000,0,0,0.0576,0.2494,-0.0036,0.0583
2543,61,1,0,0.016,0.016,-1.000,1.000,1,1,-0.000,0.000,-1.000,0,1.000,0,0,0.0576,0.2493,-0.0039,0.0579
2544,61,1,0,0.213,0.252,-1.000,1.000,1,1,-0.000,0.003,-1.000,0,1.000,0,0,0.0576,0.2492,-0.0041,0.0578
2545,61,1,0,0.543,0.661,-1.000,1.000,1,1,-0.391,0.549,-1.000,0,1.000,0,0,0.0576,0.2489,-0.0043,0.0577
2546,61,1,0,0.693,0.803,-1.000,1.000,1,1,-0.591,0.738,-1.000,0,1.000,0,0,0.0576,0.2482,-0.0042,0.0577
2547,61,1,0,0.543,0.291,-1.000,1.000,1,1,-0.391,0.055,-1.000,0,1.000,0,0,0.0576,0.2474,-0.0043,0.0577
2548,61,1,0,0.063,0.039,-1.000,0.630,1,1,-0.000,0.000,-0.799,0,1.000,0,0,0.0576,0.2471,-0.0045,0.0576
2549,61,1,0,0.063,0.055,-1.000,-1.000,1,1,-0.000,0.000,0.000,0,1.000,0,0,0.0576,0.2471,-0.0045,0.0576
2550,61,1,0,0.024,-0.016,-1.000,-1.000,1,1,-0.000,0.000,0.000,0,1.000,0,0,0.0576,0.2471,-0.0045,0.0576
2551,61,1,0,-0.008,-0.032,-1.000,-1.000,1,1,-0.000,0.000,0.000,0,1.000,0,0,0.0576,0.2471,-0.0045,0.0576
2552,61,1,0,-0.205,0.000,-1.000,-1.000,1,1,-0.000,0.000,0.000,0,1.000,0,0,0.0576,0.2471,-0.0045,0.0576
2553,61,1,0,-0.976,-0.323,-1.000,-1.000,1,1,0.969,-0.097,0.000,0,1.000,0,0,0.0576,0.2477,-0.0047,0.0576
2554,61,1,0,-0.984,-0.283,-1.000,-1.000,1,1,0.979,-0.045,0.000,0,1.000,0,0,0.0576,0.2487,-0.0049,0.0575
2555,61,1,0,-0.740,0.110,-1.000,-1.000,1,1,0.654,0.000,0.000,0,1.000,0,0,0.0576,0.2497,-0.0051,0.0574
2556,61,1,0,-0.354,0.071,-1.000,-1.000,1,1,0.139,0.000,0.000,0,1.000,0,0,0.0576,0.2503,-0.0051,0.0573
2557,61,1,0,-0.189,0.047,-1.000,-1.000,1,1,-0.000,0.000,0.000,0,1.000,0,0,0.0576,0.2503,-0.0051,0.0573
2558,61,1,0,-0.535,0.055,-1.000,-1.000,1,1,0.381,0.000,0.000,0,1.000,0,0,0.0576,0.2505,-0.0051,0.0574
2559,61,1,0,-0.559,0.055,-1.000,-1.000,1,1,0.412,0.000,0.000,0,1.000,0,0,0.0576,0.2514,-0.0052,0.0572
2560,61,1,0,-0.866,-0.606,-1.000,-1.000,1,1,0.822,-0.475,0.000,0,1.000,0,0,0.0576,0.2524,-0.0052,0.0570
2561,61,1,0,-0.795,-0.669,-1.000,-1.000,1,1,0.727,-0.559,0.000,0,1.000,0,0,0.0576,0.2532,-0.0052,0.0572
2562,61,1,0,-0.016,-0.071,-1.000,-1.000,1,1,-0.000,0.000,0.000,0,1.000,0,0,0.0576,0.2537,-0.0053,0.0572
2563,61,1,0,0.008,-0.039,-1.000,-1.000,1,1,-0.000,0.000,0.000,0,1.000,0,0,0.0576,0.2539,-0.0054,0.0572
2564,61,1,0,0.008,-0.032,-1.000,-1.000,1,1,-0.000,0.000,0.000,0,1.000,0,0,0.0576,0.2540,-0.0056,0.0571
2565,61,1,0,0.008,-0.378,-1.000,-1.000,1,1,-0.000,-0.171,0.000,0,1.000,0,0,0.0576,0.2541,-0.0057,0.0571
2566,61,1,0,0.008,-1.000,-1.000,-1.000,1,1,-0.000,-1.000,0.000,0,0.934,0,0,0.0578,0.2542,-0.0058,0.0571
2567,61,1,0,0.008,-0.386,-1.000,-1.000,1,1,-0.000,-0.181,0.000,0,1.000,0,0,0.0576,0.2542,-0.0058,0.0571
2568,61,1,0,0.008,-0.016,-1.000,-1.000,1,1,-0.000,0.000,0.000,0,1.000,0,0,0.0576,0.2543,-0.0059,0.0571
2569,61,1,0,0.039,0.016,-1.000,-1.000,1,1,-0.000,0.000,0.000,0,1.000,0,0,0.0576,0.2543,-0.0060,0.0571
2570,61,1,0,0.496,0.913,-1.000,-1.000,1,1,-0.328,0.884,0.000,0,1.000,0,0,0.0576,0.2542,-0.0060,0.0571
2571,61,1,0,0.496,0.913,-1.000,-1.000,1,1,-0.328,0.884,0.000,0,1.000,0,0,0.0576,0.2540,-0.0059,0.0571
2572,61,1,0,0.496,0.913,-1.000,-1.000,1,1,-0.328,0.884,0.000,0,1.000,0,0,0.0576,0.2535,-0.0057,0.0574
2573,61,1,0,0.291,0.992,-1.000,-1.000,1,1,-0.055,0.989,0.000,0,1.000,0,0,0.0576,0.2531,-0.0052,0.0575
2574,61,1,0,0.236,1.000,-1.000,-1.000,1,1,-0.000,1.000,0.000,0,1.000,0,0,0.0576,0.2528,-0.0049,0.0578
2575,61,1,0,0.244,1.000,-1.000,-1.000,1,1,-0.000,1.000,0.000,0,1.000,0,0,0.0576,0.2523,-0.0046,0.0582
2576,61,1,0,0.472,0.693,-1.000,-1.000,1,1,-0.297,0.591,0.000,0,1.000,0,0,0.0576,0.2517,-0.0042,0.0586
2577,61,1,0,0.024,0.031,-1.000,-1.000,1,1,-0.000,0.000,0.000,0,1.000,0,0,0.0576,0.2511,-0.0040,0.0587
2578,61,1,0,0.024,0.031,-1.000,-1.000,1,1,-0.000,0.000,0.000,0,1.000,0,0,0.0576,0.2512,-0.0040,0.0587
2579,61,1,0,-0.008,-0.008,-1.000,-1.000,1,1,-0.000,0.000,0.000,0,1.000,0,0,0.0576,0.2511,-0.0039,0.0586
2580,61,1,0,-0.016,-0.008,-1.000,-1.000,1,1,-0.000,0.000,0.000,0,1.000,0,0,0.0576,0.2511,-0.0039,0.0585
2581,61,1,0,-0.024,0.118,-1.000,-1.000,1,1,-0.000,0.000,0.000,0,1.000,0,0,0.0576,0.2511,-0.0039,0.0585
2582,61,1,0,0.244,1.000,-1.000,-1.000,1,1,-0.000,1.000,0.000,0,1.000,0,0,0.0576,0.2510,-0.0035,0.0587
2583,61,1,0,0.244,1.000,-1.000,-1.000,1,1,-0.000,1.000,0.000,0,1.000,0,0,0.0576,0.2507,-0.0027,0.0597
2584,61,1,0,0.244,0.929,-1.000,-1.000,1,1,-0.000,0.905,0.000,0,1.000,0,0,0.0576,0.2502,-0.0019,0.0610
2585,61,1,0,0.236,0.630,-1.000,-1.000,1,1,-0.000,0.507,0.000,0,1.000,0,0,0.0576,0.2499,-0.0013,0.0618
2586,61,1,0,0.197,0.189,-1.000,-1.000,1,1,-0.000,0.000,0.000,0,1.000,0,0,0.0576,0.2497,-0.0009,0.0622
2587,61,1,0,0.055,-0.008,-1.000,-1.000,1,1,-0.000,0.000,0.000,0,1.000,0,0,0.0576,0.2497,-0.0009,0.0622
2588,61,1,0,0.063,0.079,-1.000,-1.000,1,1,-0.000,0.000,0.000,0,1.000,0,0,0.0576,0.2497,-0.0009,0.0621
2589,61,1,0,0.307,0.780,-1.000,-1.000,1,1,-0.076,0.706,0.000,0,1.000,0,0,0.0576,0.2495,-0.0006,0.0622
2590,61,1,0,0.331,0.842,-1.000,-1.000,1,1,-0.108,0.790,0.000,0,1.000,0,0,0.0576,0.2492,-0.0002,0.0630
2591,61,1,0,0.110,0.102,-1.000,-1.000,1,1,-0.000,0.000,0.000,0,1.000,0,0,0.0576,0.2490,-0.0001,0.0638
2592,61,1,0,0.024,-0.039,-1.000,-1.000,1,1,-0.000,0.000,0.000,0,1.000,0,0,0.0576,0.2490,-0.0000,0.0639
2593,61,1,0,0.024,-0.039,-1.000,-1.000,1,1,-0.000,0.000,0.000,0,1.000,0,0,0.0576,0.2490,0.0000,0.0638
2594,61,1,0,0.024,-0.039,-1.000,-1.000,1,1,-0.000,0.000,0.000,0,1.000,0,0,0.0576,0.2490,0.0000,0.0638
2595,61,1,0,0.024,-0.039,-1.000,-0.102,1,1,-0.000,0.000,-0.401,0,1.000,0,0,0.0576,0.2489,-0.0000,0.0637
2596,61,1,0,0.016,-0.016,-1.000,1.000,1,1,-0.000,0.000,-1.000,0,1.000,0,0,0.0576,0.2487,-0.0003,0.0632
2597,61,1,0,0.024,0.008,-1.000,1.000,1,1,-0.000,0.000,-1.000,0,1.000,0,0,0.0576,0.2486,-0.0005,0.0625
2598,61,1,0,0.047,0.079,-1.000,1.000,1,1,-0.000,0.000,-1.000,0,1.000,0,0,0.0576,0.2483,-0.0010,0.0616
2599,61,1,0,0.386,0.858,-1.000,1.000,1,1,-0.181,0.811,-1.000,0,1.000,0,0,0.0576,0.2479,-0.0012,0.0610
2600,61,1,0,0.386,0.976,-1.000,1.000,1,1,-0.181,0.968,-1.000,0,1.000,0,0,0.0576,0.2474,-0.0011,0.0611
2601,61,1,0,0.386,0.622,-1.000,1.000,1,1,-0.181,0.496,-1.000,0,1.000,0,0,0.0576,0.2469,-0.0011,0.0613
2602,61,1,0,0.378,0.465,-1.000,1.000,1,1,-0.171,0.286,-1.000,0,1.000,0,0,0.0576,0.2465,-0.0012,0.0611
2603,61,1,0,0.346,0.181,-1.000,1.000,1,1,-0.129,0.000,-1.000,0,1.000,0,0,0.0576,0.2461,-0.0014,0.0605
2604,61,1,0,0.157,-0.008,-1.000,1.000,1,1,-0.000,0.000,-1.000,0,1.000,0,0,0.0576,0.2460,-0.0018,0.0598
2605,62,1,0,0.157,-0.008,-1.000,1.000,1,1,-0.000,0.000,-1.000,0,0.333,0,0,0.0578,0.2519,-0.0043,0.0579
2606,62,1,0,0.016,0.000,-1.000,1.000,1,1,-0.000,0.000,-1.000,0,0.667,0,0,0.0577,0.2512,-0.0037,0.0571
2607,62,1,0,0.063,0.283,-1.000,1.000,1,1,-0.000,0.045,-1.000,0,1.000,0,0,0.0576,0.2508,-0.0035,0.0568
2608,62,1,0,0.213,0.559,-1.000,1.000,1,1,-0.000,0.412,-1.000,0,1.000,0,0,0.0576,0.2507,-0.0032,0.0565
2609,62,1,0,0.220,0.559,-1.000,1.000,1,1,-0.000,0.412,-1.000,0,1.000,0,0,0.0576,0.2508,-0.0022,0.0557
2610,62,1,0,0.331,0.819,-1.000,1.000,1,1,-0.108,0.759,-1.000,0,1.000,0,0,0.0576,0.2510,-0.0017,0.0555
2611,62,1,0,0.457,0.921,-1.000,1.000,1,1,-0.276,0.895,-1.000,0,1.000,0,0,0.0576,0.2512,-0.0008,0.0548
2612,62,1,0,0.055,0.118,-1.000,1.000,1,1,-0.000,0.000,-1.000,0,1.000,0,0,0.0576,0.2513,-0.0005,0.0547
2613,62,1,0,0.008,-0.024,-1.000,1.000,1,1,-0.000,0.000,-1.000,0,1.000,0,0,0.0576,0.2514,-0.0004,0.0546
2614,62,1,0,0.000,-0.032,-1.000,1.000,1,1,-0.000,0.000,-1.000,0,1.000,0,0,0.0576,0.2514,-0.0004,0.0545
2615,62,1,0,0.000,-0.032,-1.000,1.000,1,1,-0.000,0.000,-1.000,0,1.000,0,0,0.0576,0.2514,-0.0004,0.0545
2616,62,1,0,0.000,-0.032,-1.000,1.000,1,1,-0.000,0.000,-1.000,0,1.000,0,0,0.0576,0.2514,-0.0004,0.0545
2617,62,1,0,0.000,-0.032,-1.000,1.000,1,1,-0.000,0.000,-1.000,0,1.000,0,0,0.0576,0.2514,-0.0004,0.0544
2618,62,1,0,0.000,-0.032,-1.000,1.000,1,1,-0.000,0.000,-1.000,0,1.000,0,0,0.0576,0.2515,-0.0004,0.0544
2619,62,1,0,0.000,-0.032,-1.000,1.000,1,1,-0.000,0.000,-1.000,0,1.000,0,0,0.0576,0.2515,-0.0004,0.0544
2620,62,1,0,0.000,-0.032,-1.000,1.000,1,1,-0.000,0.000,-1.000,0,1.000,0,0,0.0576,0.2515,-0.0004,0.0544
2621,62,1,0,0.000,-0.032,-1.000,1.000,1,1,-0.000,0.000,-1.000,0,1.000,0,0,0.0576,0.2515,-0.0005,0.0544
2622,62,1,0,0.000,-0.032,-1.000,1.000,1,1,-0.000,0.000,-1.000,0,1.000,0,0,0.0576,0.2515,-0.0005,0.0543
2623,62,1,0,0.000,-0.032,-1.000,1.000,1,1,-0.000,0.000,-1.000,0,1.000,0,0,0.0576,0.2516,-0.0005,0.0543
2624,62,1,0,0.000,-0.032,-1.000,1.000,1,1,-0.000,0.000,-1.000,0,1.000,0,0,0.0576,0.2516,-0.0005,0.0543
2625,62,1,0,0.000,-0.032,-1.000,1.000,1,1,-0.000,0.000,-1.000,0,1.000,0,0,0.0576,0.2516,-0.0005,0.0543
2626,62,1,0,0.000,-0.032,-1.000,1.000,1,1,-0.000,0.000,-1.000,0,1.000,0,0,0.0576,0.2516,-0.0005,0.0543
2627,62,1,0,0.000,-0.032,-1.000,1.000,1,1,-0.000,0.000,-1.000,0,1.000,0,0,0.0576,0.2516,-0.0005,0.0543
2628,62,1,0,0.000,-0.032,-1.000,1.000,1,1,-0.000,0.000,-1.000,0,1.000,0,0,0.0576,0.2516,-0.0006,0.0543
2629,62,1,1,0.000,-0.032,-1.000,1.000,1,1,0.000,0.000,0.000,1,1.000,1,1,0.0576,0.2516,-0.0006,0.0543
2630,63,1,0,0.000,-0.032,-1.000,1.000,1,1,-0.000,0.000,-1.000,0,0.333,0,0,0.0602,0.2545,-0.0059,0.0605
2631,63,1,0,0.000,-0.032,-1.000,1.000,1,1,-0.000,0.000,-1.000,0,0.667,0,0,0.0589,0.2530,-0.0055,0.0587
2632,63,1,0,0.000,-0.032,-1.000,1.000,1,1,-0.000,0.000,-1.000,0,1.000,0,0,0.0576,0.2518,-0.0050,0.0577
2633,63,1,0,0.000,-0.032,-1.000,1.000,1,1,-0.000,0.000,-1.000,0,1.000,0,0,0.0576,0.2512,-0.0049,0.0575
2634,63,1,0,0.000,-0.032,-1.000,1.000,1,1,-0.000,0.000,-1.000,0,1.000,0,0,0.0576,0.2514,-0.0049,0.0574
2635,63,1,0,0.000,-0.032,-1.000,1.000,1,1,-0.000,0.000,-1.000,0,1.000,0,0,0.0576,0.2516,-0.0051,0.0573
2636,63,1,0,0.000,-0.032,-1.000,1.000,1,1,-0.000,0.000,-1.000,0,1.000,0,0,0.0576,0.2519,-0.0052,0.0572
2637,63,1,0,0.016,-0.008,-1.000,1.000,1,1,-0.000,0.000,-1.000,0,1.000,0,0,0.0576,0.2521,-0.0053,0.0572
2638,63,1,0,0.024,0.268,-1.000,1.000,1,1,-0.000,0.024,-1.000,0,1.000,0,0,0.0576,0.2523,-0.0055,0.0573
2639,63,1,0,0.165,0.992,-1.000,1.000,1,1,-0.000,0.989,-1.000,0,1.000,0,0,0.0576,0.2530,-0.0054,0.0573
2640,63,1,0,0.283,1.000,-1.000,1.000,1,1,-0.045,1.000,-1.000,0,1.000,0,0,0.0576,0.2533,-0.0047,0.0574
2641,63,1,0,0.283,0.717,-1.000,1.000,1,1,-0.045,0.622,-1.000,0,1.000,0,0,0.0576,0.2535,-0.0039,0.0573
2642,63,1,0,0.189,0.441,-1.000,1.000,1,1,-0.000,0.255,-1.000,0,1.000,0,0,0.0576,0.2538,-0.0023,0.0559
2643,63,1,0,0.307,0.992,-1.000,1.000,1,1,-0.076,0.989,-1.000,0,1.000,0,0,0.0576,0.2541,-0.0018,0.0558
2644,63,1,0,0.299,0.803,-1.000,1.000,1,1,-0.066,0.738,-1.000,0,1.000,0,0,0.0576,0.2543,-0.0012,0.0557
2645,63,1,0,0.008,-0.039,-1.000,1.000,1,1,-0.000,0.000,-1.000,0,1.000,0,0,0.0576,0.2545,-0.0006,0.0556
2646,63,1,0,0.008,-0.039,-1.000,1.000,1,1,-0.000,0.000,-1.000,0,1.000,0,0,0.0576,0.2546,-0.0005,0.0556
2647,63,1,0,0.008,-0.039,-1.000,1.000,1,1,-0.000,0.000,-1.000,0,1.000,0,0,0.0576,0.2546,-0.0004,0.0556
2648,63,1,0,0.008,-0.039,-1.000,1.000,1,1,-0.000,0.000,-1.000,0,1.000,0,0,0.0576,0.2547,-0.0004,0.0555
2649,63,1,0,0.008,-0.039,-1.000,1.000,1,1,-0.000,0.000,-1.000,0,1.000,0,0,0.0576,0.2548,-0.0004,0.0555
2650,63,1,0,0.008,-0.039,-1.000,1.000,1,1,-0.000,0.000,-1.000,0,1.000,0,0,0.0576,0.2548,-0.0004,0.0555
2651,63,1,0,0.008,-0.039,-1.000,1.000,1,1,-0.000,0.000,-1.000,1,1.000,1,0,0.0576,0.2548,-0.0005,0.0555
2652,63,1,0,0.008,-0.039,-1.000,1.000,1,1,-0.000,0.000,-1.000,1,1.000,1,0,0.0576,0.2549,-0.0005,0.0555
2653,63,1,0,0.008,-0.039,-1.000,1.000,1,1,-0.000,0.000,-1.000,1,1.000,1,0,0.0576,0.2549,-0.0005,0.0555
2654,63,1,0,0.260,-0.118,-1.000,1.000,1,1,-0.013,0.000,-1.000,1,1.000,1,0,0.0576,0.2550,-0.0005,0.0555
2655,63,1,0,0.984,-0.362,-1.000,1.000,1,1,-0.979,-0.150,-1.000,1,1.000,1,0,0.0576,0.2550,-0.0006,0.0555
2656,63,1,0,0.457,-0.252,-1.000,1.000,1,1,-0.276,-0.003,-1.000,1,1.000,1,0,0.0576,0.2550,-0.0006,0.0555
2657,63,1,0,0.000,-0.032,-1.000,1.000,1,1,-0.000,0.000,-1.000,1,1.000,1,0,0.0576,0.2550,-0.0007,0.0555
2658,63,1,0,0.000,-0.032,-1.000,1.000,1,1,-0.000,0.000,-1.000,1,1.000,1,0,0.0576,0.2550,-0.0007,0.0555
2659,63,1,0,0.000,-0.032,-1.000,1.000,1,1,-0.000,0.000,-1.000,1,1.000,1,0,0.0576,0.2551,-0.0007,0.0555
2660,63,1,0,0.000,-0.032,-1.000,1.000,1,1,-0.000,0.000,-1.000,1,1.000,1,0,0.0576,0.2551,-0.0007,0.0555
2661,63,1,1,0.000,-0.032,-1.000,1.000,1,1,0.000,0.000,0.000,1,1.000,1,1,0.0576,0.2551,-0.0007,0.0555
2662,64,1,0,0.000,-0.032,-1.000,1.000,1,1,-0.000,0.000,-1.000,0,0.333,0,0,0.0601,0.2563,-0.0030,0.0616
2663,64,1,0,0.000,-0.032,-1.000,1.000,1,1,-0.000,0.000,-1.000,0,0.667,0,0,0.0588,0.2563,-0.0028,0.0616
2664,64,1,0,0.000,-0.032,-1.000,1.000,1,1,-0.000,0.000,-1.000,0,1.000,0,0,0.0576,0.2555,-0.0038,0.0604
2665,64,1,0,0.000,-0.032,-1.000,1.000,1,1,-0.000,0.000,-1.000,0,1.000,0,0,0.0576,0.2530,-0.0032,0.0575
2666,64,1,0,0.000,-0.032,-1.000,1.000,1,1,-0.000,0.000,-1.000,0,1.000,0,0,0.0576,0.2518,-0.0025,0.0555
2667,64,1,0,0.000,-0.032,-1.000,1.000,1,1,-0.000,0.000,-1.000,0,1.000,0,0,0.0576,0.2519,-0.0025,0.0554
2668,64,1,0,0.000,-0.032,-1.000,1.000,1,1,-0.000,0.000,-1.000,0,1.000,0,0,0.0576,0.2522,-0.0025,0.0552
2669,64,1,0,0.000,-0.016,-1.000,1.000,1,1,-0.000,0.000,-1.000,0,1.000,0,0,0.0576,0.2525,-0.0023,0.0544
2670,64,1,0,-0.047,0.055,-1.000,1.000,1,1,-0.000,0.000,-1.000,0,1.000,0,0,0.0576,0.2526,-0.0024,0.0543
2671,64,1,0,-0.189,0.402,-1.000,1.000,1,1,-0.000,0.202,-1.000,0,1.000,0,0,0.0576,0.2527,-0.0023,0.0543
2672,64,1,0,-0.614,0.701,-1.000,1.000,1,1,0.486,0.601,-1.000,0,1.000,0,0,0.0576,0.2528,-0.0020,0.0544
2673,64,1,0,-0.032,0.016,-1.000,1.000,1,1,-0.000,0.000,-1.000,0,1.000,0,0,0.0576,0.2530,-0.0018,0.0544
2674,64,1,0,0.000,-0.008,-1.000,1.000,1,1,-0.000,0.000,-1.000,0,1.000,0,0,0.0576,0.2531,-0.0018,0.0544
2675,64,1,0,0.000,-0.008,-1.000,1.000,1,1,-0.000,0.000,-1.000,0,1.000,0,0,0.0576,0.2532,-0.0018,0.0543
2676,64,1,0,0.000,-0.008,-1.000,1.000,1,1,-0.000,0.000,-1.000,0,1.000,0,0,0.0576,0.2532,-0.0018,0.0543
2677,64,1,0,0.000,-0.008,-1.000,1.000,1,1,-0.000,0.000,-1.000,0,1.000,0,0,0.0576,0.2533,-0.0017,0.0543
2678,64,1,0,0.000,-0.008,-1.000,1.000,1,1,-0.000,0.000,-1.000,0,1.000,0,0,0.0576,0.2534,-0.0017,0.0543
2679,64,1,0,0.000,-0.008,-1.000,1.000,1,1,-0.000,0.000,-1.000,0,1.000,0,0,0.0576,0.2534,-0.0017,0.0543
2680,64,1,1,0.000,-0.008,-1.000,1.000,1,1,0.000,0.000,0.000,1,1.000,1,1,0.0576,0.2535,-0.0017,0.0544
2681,65,1,0,0.000,-0.008,-1.000,1.000,1,1,-0.000,0.000,-1.000,0,0.333,0,0,0.0601,0.2547,-0.0051,0.0612
2682,65,1,0,0.000,-0.008,-1.000,1.000,1,1,-0.000,0.000,-1.000,0,0.667,0,0,0.0589,0.2531,-0.0046,0.0587
2683,65,1,0,0.000,-0.008,-1.000,1.000,1,1,-0.000,0.000,-1.000,0,1.000,0,0,0.0576,0.2518,-0.0038,0.0571
2684,65,1,0,0.000,-0.008,-1.000,1.000,1,1,-0.000,0.000,-1.000,0,1.000,0,0,0.0576,0.2514,-0.0036,0.0567
2685,65,1,0,0.008,-0.008,-1.000,1.000,1,1,-0.000,0.000,-1.000,0,1.000,0,0,0.0576,0.2515,-0.0036,0.0565
2686,65,1,0,0.008,-0.008,-1.000,1.000,1,1,-0.000,0.000,-1.000,0,1.000,0,0,0.0576,0.2517,-0.0036,0.0563
2687,65,1,0,0.008,-0.008,-1.000,1.000,1,1,-0.000,0.000,-1.000,0,1.000,0,0,0.0576,0.2521,-0.0032,0.0557
2688,65,1,0,0.024,0.016,-1.000,1.000,1,1,-0.000,0.000,-1.000,0,1.000,0,0,0.0576,0.2524,-0.0032,0.0555
2689,65,1,0,0.197,0.551,-1.000,1.000,1,1,-0.000,0.402,-1.000,0,1.000,0,0,0.0576,0.2527,-0.0030,0.0555
2690,65,1,0,0.307,0.717,-1.000,1.000,1,1,-0.076,0.622,-1.000,0,1.000,0,0,0.0576,0.2529,-0.0026,0.0554
2691,65,1,0,0.150,0.260,-1.000,1.000,1,1,-0.000,0.013,-1.000,0,1.000,0,0,0.0576,0.2531,-0.0023,0.0553
2692,65,1,0,0.024,-0.016,-1.000,1.000,1,1,-0.000,0.000,-1.000,0,1.000,0,0,0.0576,0.2532,-0.0024,0.0552
2693,65,1,0,0.024,-0.016,-1.000,1.000,1,1,-0.000,0.000,-1.000,0,1.000,0,0,0.0576,0.2533,-0.0023,0.0552
2694,65,1,0,0.024,0.071,-1.000,1.000,1,1,-0.000,0.000,-1.000,0,1.000,0,0,0.0576,0.2534,-0.0023,0.0552
2695,65,1,0,0.205,1.000,-1.000,1.000,1,1,-0.000,1.000,-1.000,0,1.000,0,0,0.0576,0.2535,-0.0021,0.0553
2696,65,1,0,-0.016,-0.008,-1.000,1.000,1,1,-0.000,0.000,-1.000,0,1.000,0,0,0.0576,0.2537,-0.0019,0.0553
2697,65,1,0,0.000,-0.024,-1.000,1.000,1,1,-0.000,0.000,-1.000,0,1.000,0,0,0.0576,0.2538,-0.0019,0.0553
2698,65,1,0,0.000,-0.024,-1.000,1.000,1,1,-0.000,0.000,-1.000,0,1.000,0,0,0.0576,0.2539,-0.0019,0.0552
2699,65,1,0,0.110,0.457,-1.000,1.000,1,1,-0.000,0.276,-1.000,0,1.000,0,0,0.0576,0.2539,-0.0018,0.0553
2700,65,1,0,0.402,0.945,-1.000,1.000,1,1,-0.202,0.926,-1.000,0,1.000,0,0,0.0576,0.2540,-0.0017,0.0553
2701,65,1,0,0.008,-0.039,-1.000,1.000,1,1,-0.000,0.000,-1.000,0,1.000,0,0,0.0576,0.2542,-0.0015,0.0553
2702,65,1,0,0.008,-0.039,-1.000,1.000,1,1,-0.000,0.000,-1.000,0,1.000,0,0,0.0576,0.2542,-0.0015,0.0553
2703,65,1,0,0.008,-0.024,-1.000,1.000,1,1,-0.000,0.000,-1.000,0,1.000,0,0,0.0576,0.2543,-0.0015,0.0553
2704,65,1,0,0.016,-0.024,-1.000,1.000,1,1,-0.000,0.000,-1.000,0,1.000,0,0,0.0576,0.2543,-0.0015,0.0553
2705,65,1,0,0.031,-0.016,-1.000,1.000,1,1,-0.000,0.000,-1.000,0,1.000,0,0,0.0576,0.2544,-0.0015,0.0552
2706,65,1,0,-0.016,-0.016,-1.000,1.000,1,1,-0.000,0.000,-1.000,1,1.000,1,0,0.0576,0.2544,-0.0015,0.0552
2707,65,1,0,-0.591,0.039,-1.000,1.000,1,1,0.454,0.000,-1.000,1,1.000,1,0,0.0576,0.2545,-0.0015,0.0552
2708,65,1,0,-1.000,0.126,-1.000,1.000,1,1,1.000,0.000,-1.000,1,1.000,1,0,0.0576,0.2545,-0.0015,0.0553
2709,65,1,0,-0.559,0.126,-1.000,1.000,1,1,0.412,0.000,-1.000,1,1.000,1,0,0.0576,0.2546,-0.0015,0.0553
2710,65,1,0,-0.008,-0.024,-1.000,1.000,1,1,-0.000,0.000,-1.000,1,1.000,1,0,0.0576,0.2546,-0.0015,0.0553
2711,65,1,0,-0.008,-0.024,-1.000,1.000,1,1,-0.000,0.000,-1.000,1,1.000,1,0,0.0576,0.2546,-0.0015,0.0553
2712,65,1,0,-0.024,-0.024,-1.000,1.000,1,1,-0.000,0.000,-1.000,1,1.000,1,0,0.0576,0.2547,-0.0015,0.0553
2713,65,1,0,0.181,-0.032,-1.000,1.000,1,1,-0.000,0.000,-1.000,1,1.000,1,0,0.0576,0.2547,-0.0015,0.0553
2714,65,1,0,1.000,-0.024,-1.000,1.000,1,1,-1.000,0.000,-1.000,1,1.000,1,0,0.0576,0.2548,-0.0015,0.0553
2715,65,1,0,1.000,-0.142,-1.000,1.000,1,1,-1.000,0.000,-1.000,1,1.000,1,0,0.0576,0.2548,-0.0015,0.0553
2716,65,1,0,1.000,-0.142,-1.000,1.000,1,1,-1.000,0.000,-1.000,1,1.000,1,0,0.0576,0.2548,-0.0015,0.0553
2717,65,1,0,0.000,-0.039,-1.000,1.000,1,1,-0.000,0.000,-1.000,1,1.000,1,0,0.0576,0.2548,-0.0015,0.0553
2718,65,1,0,0.000,-0.039,-1.000,1.000,1,1,-0.000,0.000,-1.000,1,1.000,1,0,0.0576,0.2548,-0.0015,0.0553
2719,65,1,1,0.000,-0.039,-1.000,1.000,1,1,0.000,0.000,0.000,1,1.000,1,1,0.0576,0.2549,-0.0015,0.0553
2720,66,1,0,0.000,-0.039,-1.000,1.000,1,1,-0.000,0.000,-1.000,0,0.333,0,0,0.0593,0.2522,-0.0015,0.0604
2721,66,1,0,0.008,-0.039,-1.000,1.000,1,1,-0.000,0.000,-1.000,0,0.667,0,0,0.0585,0.2525,-0.0012,0.0606
2722,66,1,0,0.008,-0.039,-1.000,1.000,1,1,-0.000,0.000,-1.000,0,1.000,0,0,0.0576,0.2522,-0.0025,0.0591
2723,66,1,0,0.000,-0.039,-1.000,1.000,1,1,-0.000,0.000,-1.000,0,1.000,0,0,0.0576,0.2514,-0.0019,0.0565
2724,66,1,0,0.008,-0.039,-1.000,1.000,1,1,-0.000,0.000,-1.000,0,1.000,0,0,0.0576,0.2516,-0.0019,0.0556
2725,66,1,0,0.000,-0.039,-1.000,1.000,1,1,-0.000,0.000,-1.000,0,1.000,0,0,0.0576,0.2518,-0.0016,0.0548
2726,66,1,0,0.000,-0.039,-1.000,1.000,1,1,-0.000,0.000,-1.000,0,1.000,0,0,0.0576,0.2520,-0.0015,0.0547
2727,66,1,0,0.000,-0.039,-1.000,1.000,1,1,-0.000,0.000,-1.000,0,1.000,0,0,0.0576,0.2522,-0.0013,0.0546
2728,66,1,0,0.000,-0.039,-1.000,1.000,1,1,-0.000,0.000,-1.000,0,1.000,0,0,0.0576,0.2524,-0.0012,0.0544
2729,66,1,0,0.000,-0.039,-1.000,1.000,1,1,-0.000,0.000,-1.000,0,1.000,0,0,0.0576,0.2526,-0.0012,0.0543
2730,66,1,0,0.000,-0.039,-1.000,1.000,1,1,-0.000,0.000,-1.000,0,1.000,0,0,0.0576,0.2527,-0.0011,0.0543
2731,66,1,0,0.000,-0.039,-1.000,1.000,1,1,-0.000,0.000,-1.000,0,1.000,0,0,0.0576,0.2528,-0.0011,0.0543
2732,66,1,0,0.000,-0.039,-1.000,1.000,1,1,-0.000,0.000,-1.000,0,1.000,0,0,0.0576,0.2530,-0.0010,0.0544
2733,66,1,0,0.000,-0.039,-1.000,1.000,1,1,-0.000,0.000,-1.000,0,1.000,0,0,0.0576,0.2531,-0.0009,0.0544
2734,66,1,0,0.000,-0.039,-1.000,1.000,1,1,-0.000,0.000,-1.000,0,1.000,0,0,0.0576,0.2533,-0.0008,0.0544
2735,66,1,0,0.000,-0.039,-1.000,1.000,1,1,-0.000,0.000,-1.000,0,1.000,0,0,0.0576,0.2534,-0.0007,0.0544
2736,66,1,0,0.000,-0.039,-1.000,1.000,1,1,-0.000,0.000,-1.000,0,1.000,0,0,0.0576,0.2535,-0.0006,0.0544
2737,66,1,0,0.000,-0.039,-1.000,1.000,1,1,-0.000,0.000,-1.000,0,1.000,0,0,0.0576,0.2535,-0.0006,0.0544
2738,66,1,0,0.000,-0.039,-1.000,1.000,1,1,-0.000,0.000,-1.000,0,1.000,0,0,0.0576,0.2536,-0.0005,0.0544
2739,66,1,0,0.000,-0.039,-1.000,1.000,1,1,-0.000,0.000,-1.000,0,1.000,0,0,0.0576,0.2537,-0.0005,0.0544
2740,66,1,0,0.000,-0.039,-1.000,1.000,1,1,-0.000,0.000,-1.000,0,1.000,0,0,0.0576,0.2537,-0.0004,0.0544
2741,66,1,0,0.000,-0.039,-1.000,1.000,1,1,-0.000,0.000,-1.000,0,1.000,0,0,0.0576,0.2538,-0.0004,0.0544
2742,66,1,0,0.000,-0.039,-1.000,1.000,1,1,-0.000,0.000,-1.000,0,1.000,0,0,0.0576,0.2538,-0.0004,0.0544
2743,66,1,0,0.000,-0.039,-1.000,1.000,1,1,-0.000,0.000,-1.000,0,1.000,0,0,0.0576,0.2539,-0.0004,0.0544
2744,66,1,0,0.000,-0.039,-1.000,1.000,1,1,-0.000,0.000,-1.000,0,1.000,0,0,0.0576,0.2539,-0.0003,0.0544
2745,66,1,0,-0.008,-0.039,-1.000,1.000,1,1,-0.000,0.000,-1.000,0,1.000,0,0,0.0576,0.2540,-0.0003,0.0544
2746,66,1,0,0.000,-0.039,-1.000,1.000,1,1,-0.000,0.000,-1.000,0,1.000,0,0,0.0576,0.2540,-0.0003,0.0544
2747,66,1,0,0.000,-0.039,-1.000,1.000,1,1,-0.000,0.000,-1.000,0,1.000,0,0,0.0576,0.2541,-0.0002,0.0544
2748,66,1,0,0.008,-0.039,-1.000,1.000,1,1,-0.000,0.000,-1.000,0,1.000,0,0,0.0576,0.2541,-0.0002,0.0544
2749,66,1,0,0.008,-0.039,-1.000,1.000,1,1,-0.000,0.000,-1.000,0,1.000,0,0,0.0576,0.2541,-0.0002,0.0544
2750,66,1,0,0.000,-0.039,-1.000,1.000,1,1,-0.000,0.000,-1.000,0,1.000,0,0,0.0576,0.2542,-0.0002,0.0544
2751,66,1,0,0.000,-0.039,-1.000,1.000,1,1,-0.000,0.000,-1.000,0,1.000,0,0,0.0576,0.2542,-0.0001,0.0544
2752,66,1,0,0.000,-0.039,-1.000,1.000,1,1,-0.000,0.000,-1.000,0,1.000,0,0,0.0576,0.2542,-0.0001,0.0544
2753,66,1,0,0.008,-0.039,-1.000,1.000,1,1,-0.000,0.000,-1.000,0,1.000,0,0,0.0576,0.2543,-0.0001,0.0544
2754,66,1,0,0.008,-0.039,-1.000,1.000,1,1,-0.000,0.000,-1.000,0,1.000,0,0,0.0576,0.2543,-0.0001,0.0544
2755,66,1,0,0.008,-0.039,-1.000,1.000,1,1,-0.000,0.000,-1.000,0,1.000,0,0,0.0576,0.2544,-0.0001,0.0544
2756,66,1,0,0.008,-0.039,-1.000,1.000,1,1,-0.000,0.000,-1.000,0,1.000,0,0,0.0576,0.2544,-0.0000,0.0544
2757,66,1,1,0.008,-0.039,-1.000,1.000,1,1,0.000,0.000,0.000,1,1.000,1,1,0.0576,0.2545,0.0000,0.0544
2758,67,1,0,0.000,-0.039,-1.000,1.000,1,1,-0.000,0.000,-1.000,0,0.333,0,0,0.0599,0.2551,-0.0017,0.0610
2759,67,1,0,0.000,-0.039,-1.000,1.000,1,1,-0.000,0.000,-1.000,0,0.667,0,0,0.0588,0.2552,-0.0015,0.0612
2760,67,1,0,0.000,-0.039,-1.000,1.000,1,1,-0.000,0.000,-1.000,0,1.000,0,0,0.0576,0.2547,-0.0027,0.0600
2761,67,1,0,0.000,-0.039,-1.000,1.000,1,1,-0.000,0.000,-1.000,0,1.000,0,0,0.0576,0.2528,-0.0023,0.0575
2762,67,1,0,0.000,-0.039,-1.000,1.000,1,1,-0.000,0.000,-1.000,0,1.000,0,0,0.0576,0.2520,-0.0022,0.0556
2763,67,1,0,0.000,-0.039,-1.000,1.000,1,1,-0.000,0.000,-1.000,0,1.000,0,0,0.0576,0.2522,-0.0020,0.0546
2764,67,1,0,0.000,-0.039,-1.000,1.000,1,1,-0.000,0.000,-1.000,0,1.000,0,0,0.0576,0.2522,-0.0020,0.0546
2765,67,1,0,0.000,-0.039,-1.000,1.000,1,1,-0.000,0.000,-1.000,0,1.000,0,0,0.0576,0.2525,-0.0019,0.0544
2766,67,1,0,0.000,-0.039,-1.000,1.000,1,1,-0.000,0.000,-1.000,0,1.000,0,0,0.0576,0.2526,-0.0019,0.0543
2767,67,1,0,0.000,-0.039,-1.000,1.000,1,1,-0.000,0.000,-1.000,0,1.000,0,0,0.0576,0.2527,-0.0019,0.0543
2768,67,1,0,0.000,-0.039,-1.000,1.000,1,1,-0.000,0.000,-1.000,0,1.000,0,0,0.0576,0.2529,-0.0018,0.0543
2769,67,1,0,0.000,-0.039,-1.000,1.000,1,1,-0.000,0.000,-1.000,0,1.000,0,0,0.0576,0.2530,-0.0018,0.0543
2770,67,1,0,0.000,-0.039,-1.000,1.000,1,1,-0.000,0.000,-1.000,0,1.000,0,0,0.0576,0.2531,-0.0017,0.0543
2771,67,1,0,0.000,-0.039,-1.000,1.000,1,1,-0.000,0.000,-1.000,0,1.000,0,0,0.0576,0.2534,-0.0017,0.0543
2772,67,1,0,0.000,-0.039,-1.000,1.000,1,1,-0.000,0.000,-1.000,0,1.000,0,0,0.0576,0.2534,-0.0016,0.0543
2773,67,1,0,0.000,-0.039,-1.000,1.000,1,1,-0.000,0.000,-1.000,0,1.000,0,0,0.0576,0.2535,-0.0016,0.0543
2774,67,1,0,0.000,-0.039,-1.000,1.000,1,1,-0.000,0.000,-1.000,0,1.000,0,0,0.0576,0.2536,-0.0016,0.0543
2775,67,1,0,0.000,-0.039,-1.000,1.000,1,1,-0.000,0.000,-1.000,0,1.000,0,0,0.0576,0.2536,-0.0015,0.0543
2776,67,1,0,0.000,-0.039,-1.000,1.000,1,1,-0.000,0.000,-1.000,0,1.000,0,0,0.0576,0.2537,-0.0015,0.0543
2777,67,1,0,0.000,-0.039,-1.000,1.000,1,1,-0.000,0.000,-1.000,0,1.000,0,0,0.0576,0.2538,-0.0015,0.0543
2778,67,1,0,0.000,-0.039,-1.000,1.000,1,1,-0.000,0.000,-1.000,0,1.000,0,0,0.0576,0.2538,-0.0015,0.0543
2779,67,1,1,0.008,-0.039,-1.000,1.000,1,1,0.000,0.000,0.000,1,1.000,1,1,0.0576,0.2538,-0.0015,0.0543
2780,68,1,0,0.000,-0.039,-1.000,1.000,1,1,-0.000,0.000,-1.000,0,0.333,0,0,0.0616,0.2523,0.0008,0.0632
2781,68,1,0,0.000,-0.039,-1.000,1.000,1,1,-0.000,0.000,-1.000,0,0.667,0,0,0.0596,0.2526,0.0011,0.0635
2782,68,1,0,0.000,-0.039,-1.000,1.000,1,1,-0.000,0.000,-1.000,0,1.000,0,0,0.0576,0.2523,-0.0010,0.0617
2783,68,1,0,0.000,-0.039,-1.000,1.000,1,1,-0.000,0.000,-1.000,0,1.000,0,0,0.0576,0.2515,-0.0006,0.0584
2784,68,1,0,0.000,-0.039,-1.000,1.000,1,1,-0.000,0.000,-1.000,0,1.000,0,0,0.0576,0.2514,-0.0014,0.0573
2785,68,1,0,0.000,-0.039,-1.000,1.000,1,1,-0.000,0.000,-1.000,0,1.000,0,0,0.0576,0.2517,-0.0007,0.0553
2786,68,1,0,0.000,-0.039,-1.000,1.000,1,1,-0.000,0.000,-1.000,0,1.000,0,0,0.0576,0.2518,-0.0007,0.0552
2787,68,1,0,0.000,-0.039,-1.000,1.000,1,1,-0.000,0.000,-1.000,0,1.000,0,0,0.0576,0.2520,-0.0005,0.0551
2788,68,1,0,0.000,-0.039,-1.000,1.000,1,1,-0.000,0.000,-1.000,0,1.000,0,0,0.0576,0.2522,-0.0002,0.0550
2789,68,1,0,0.000,-0.039,-1.000,1.000,1,1,-0.000,0.000,-1.000,0,1.000,0,0,0.0576,0.2524,-0.0000,0.0549
2790,68,1,0,0.000,-0.039,-1.000,1.000,1,1,-0.000,0.000,-1.000,0,1.000,0,0,0.0576,0.2525,0.0002,0.0548
2791,68,1,0,0.000,-0.039,-1.000,1.000,1,1,-0.000,0.000,-1.000,0,1.000,0,0,0.0576,0.2527,0.0004,0.0547
2792,68,1,0,0.000,-0.039,-1.000,1.000,1,1,-0.000,0.000,-1.000,0,1.000,0,0,0.0576,0.2529,0.0006,0.0546
2793,68,1,0,0.000,-0.039,-1.000,1.000,1,1,-0.000,0.000,-1.000,0,1.000,0,0,0.0576,0.2530,0.0007,0.0545
2794,68,1,0,0.000,-0.039,-1.000,1.000,1,1,-0.000,0.000,-1.000,0,1.000,0,0,0.0576,0.2531,0.0008,0.0545
2795,68,1,0,0.000,-0.039,-1.000,1.000,1,1,-0.000,0.000,-1.000,0,1.000,0,0,0.0576,0.2533,0.0009,0.0545
2796,68,1,0,0.000,-0.039,-1.000,1.000,1,1,-0.000,0.000,-1.000,0,1.000,0,0,0.0576,0.2534,0.0010,0.0546
2797,68,1,0,0.000,-0.039,-1.000,1.000,1,1,-0.000,0.000,-1.000,0,1.000,0,0,0.0576,0.2535,0.0010,0.0546
2798,68,1,0,0.000,-0.039,-1.000,1.000,1,1,-0.000,0.000,-1.000,0,1.000,0,0,0.0576,0.2536,0.0011,0.0546
2799,68,1,0,0.000,-0.039,-1.000,1.000,1,1,-0.000,0.000,-1.000,0,1.000,0,0,0.0576,0.2537,0.0012,0.0546
2800,68,1,0,0.000,-0.039,-1.000,1.000,1,1,-0.000,0.000,-1.000,0,1.000,0,0,0.0576,0.2538,0.0013,0.0545
2801,68,1,0,0.000,-0.039,-1.000,1.000,1,1,-0.000,0.000,-1.000,0,1.000,0,0,0.0576,0.2539,0.0013,0.0545
2802,68,1,0,0.000,-0.039,-1.000,1.000,1,1,-0.000,0.000,-1.000,0,1.000,0,0,0.0576,0.2539,0.0013,0.0545
2803,68,1,1,0.016,-0.039,-1.000,1.000,1,1,0.000,0.000,0.000,1,1.000,1,1,0.0576,0.2540,0.0014,0.0545
2804,69,1,0,0.000,-0.039,-1.000,1.000,1,1,-0.000,0.000,-1.000,0,0.333,0,0,0.0615,0.2538,-0.0023,0.0630
2805,69,1,0,0.000,-0.039,-1.000,1.000,1,1,-0.000,0.000,-1.000,0,0.667,0,0,0.0596,0.2528,-0.0026,0.0605
2806,69,1,0,0.000,-0.039,-1.000,1.000,1,1,-0.000,0.000,-1.000,0,1.000,0,0,0.0576,0.2515,-0.0029,0.0577
2807,69,1,0,0.000,-0.039,-1.000,1.000,1,1,-0.000,0.000,-1.000,0,1.000,0,0,0.0576,0.2515,-0.0025,0.0563
2808,69,1,0,0.000,-0.039,-1.000,1.000,1,1,-0.000,0.000,-1.000,0,1.000,0,0,0.0576,0.2518,-0.0025,0.0562
2809,69,1,0,0.000,-0.039,-1.000,1.000,1,1,-0.000,0.000,-1.000,0,1.000,0,0,0.0576,0.2523,-0.0023,0.0560
2810,69,1,0,0.000,-0.039,-1.000,1.000,1,1,-0.000,0.000,-1.000,0,1.000,0,0,0.0576,0.2526,-0.0021,0.0557
2811,69,1,0,0.000,-0.039,-1.000,1.000,1,1,-0.000,0.000,-1.000,0,1.000,0,0,0.0576,0.2528,-0.0020,0.0557
2812,69,1,0,0.000,-0.039,-1.000,1.000,1,1,-0.000,0.000,-1.000,0,1.000,0,0,0.0576,0.2531,-0.0019,0.0554
2813,69,1,0,0.000,-0.039,-1.000,1.000,1,1,-0.000,0.000,-1.000,0,1.000,0,0,0.0576,0.2534,-0.0018,0.0553
2814,69,1,0,0.000,-0.039,-1.000,1.000,1,1,-0.000,0.000,-1.000,0,1.000,0,0,0.0576,0.2536,-0.0017,0.0552
2815,69,1,0,0.000,-0.039,-1.000,1.000,1,1,-0.000,0.000,-1.000,0,1.000,0,0,0.0576,0.2538,-0.0017,0.0552
2816,69,1,0,0.000,-0.039,-1.000,1.000,1,1,-0.000,0.000,-1.000,0,1.000,0,0,0.0576,0.2540,-0.0016,0.0552
2817,69,1,0,0.000,-0.039,-1.000,1.000,1,1,-0.000,0.000,-1.000,0,1.000,0,0,0.0576,0.2542,-0.0016,0.0551
2818,69,1,0,-0.032,-0.039,-1.000,1.000,1,1,-0.000,0.000,-1.000,0,1.000,0,0,0.0576,0.2544,-0.0015,0.0552
2819,69,1,0,-0.032,0.016,-1.000,1.000,1,1,-0.000,0.000,-1.000,1,1.000,1,0,0.0576,0.2545,-0.0015,0.0552
2820,69,1,0,0.016,1.000,-1.000,1.000,1,1,-0.000,1.000,-1.000,1,1.000,1,0,0.0576,0.2546,-0.0012,0.0553
2821,69,1,0,0.134,0.850,-1.000,1.000,1,1,-0.000,0.800,-1.000,0,1.000,0,0,0.0576,0.2546,-0.0006,0.0553
2822,69,1,0,0.000,-0.047,-1.000,1.000,1,1,-0.000,0.000,-1.000,0,1.000,0,0,0.0576,0.2547,-0.0001,0.0552
2823,69,1,0,0.008,-0.047,-1.000,1.000,1,1,-0.000,0.000,-1.000,0,1.000,0,0,0.0576,0.2548,0.0001,0.0546
2824,69,1,0,0.008,-0.047,-1.000,1.000,1,1,-0.000,0.000,-1.000,0,1.000,0,0,0.0576,0.2549,0.0003,0.0545
2825,69,1,0,0.000,-0.047,-1.000,1.000,1,1,-0.000,0.000,-1.000,0,1.000,0,0,0.0576,0.2550,0.0003,0.0545
2826,69,1,0,0.000,-0.047,-1.000,1.000,1,1,-0.000,0.000,-1.000,1,1.000,1,0,0.0576,0.2551,0.0003,0.0545
2827,69,1,0,0.000,-0.047,-1.000,1.000,1,1,-0.000,0.000,-1.000,1,1.000,1,0,0.0576,0.2552,0.0003,0.0545
2828,69,1,0,0.000,-0.047,-1.000,1.000,1,1,-0.000,0.000,-1.000,1,1.000,1,0,0.0576,0.2552,0.0003,0.0545
2829,69,1,0,0.000,-0.047,-1.000,1.000,1,1,-0.000,0.000,-1.000,1,1.000,1,0,0.0576,0.2553,0.0003,0.0545
2830,69,1,1,0.000,-0.047,-1.000,1.000,1,1,0.000,0.000,0.000,1,1.000,1,1,0.0576,0.2553,0.0003,0.0545
2831,70,1,0,0.000,-0.047,-1.000,1.000,1,1,-0.000,0.000,-1.000,0,0.333,0,0,0.0611,0.2541,-0.0073,0.0619
2832,70,1,0,0.000,-0.047,-1.000,1.000,1,1,-0.000,0.000,-1.000,0,0.667,0,0,0.0593,0.2528,-0.0064,0.0599
2833,70,1,0,0.000,-0.047,-1.000,1.000,1,1,-0.000,0.000,-1.000,0,1.000,0,0,0.0576,0.2515,-0.0056,0.0580
2834,70,1,0,0.000,-0.047,-1.000,1.000,1,1,-0.000,0.000,-1.000,0,1.000,0,0,0.0576,0.2514,-0.0056,0.0577
2835,70,1,0,0.000,-0.047,-1.000,1.000,1,1,-0.000,0.000,-1.000,0,1.000,0,0,0.0576,0.2515,-0.0057,0.0576
2836,70,1,0,0.000,-0.047,-1.000,1.000,1,1,-0.000,0.000,-1.000,0,1.000,0,0,0.0576,0.2518,-0.0060,0.0575
2837,70,1,0,0.000,-0.047,-1.000,1.000,1,1,-0.000,0.000,-1.000,0,1.000,0,0,0.0576,0.2521,-0.0064,0.0574
2838,70,1,0,0.000,-0.047,-1.000,1.000,1,1,-0.000,0.000,-1.000,0,1.000,0,0,0.0576,0.2523,-0.0066,0.0574
2839,70,1,0,0.000,-0.047,-1.000,1.000,1,1,-0.000,0.000,-1.000,0,1.000,0,0,0.0576,0.2527,-0.0069,0.0574
2840,70,1,0,0.000,-0.047,-1.000,1.000,1,1,-0.000,0.000,-1.000,0,1.000,0,0,0.0576,0.2529,-0.0071,0.0574
2841,70,1,0,0.000,-0.047,-1.000,1.000,1,1,-0.000,0.000,-1.000,0,1.000,0,0,0.0576,0.2530,-0.0073,0.0574
2842,70,1,0,0.000,-0.047,-1.000,1.000,1,1,-0.000,0.000,-1.000,0,1.000,0,0,0.0576,0.2532,-0.0075,0.0574
2843,70,1,0,0.031,0.008,-1.000,1.000,1,1,-0.000,0.000,-1.000,0,1.000,0,0,0.0576,0.2534,-0.0077,0.0574
2844,70,1,0,0.228,0.803,-1.000,1.000,1,1,-0.000,0.738,-1.000,0,1.000,0,0,0.0576,0.2536,-0.0077,0.0574
2845,70,1,0,0.307,0.992,-1.000,1.000,1,1,-0.076,0.989,-1.000,0,1.000,0,0,0.0576,0.2540,-0.0074,0.0573
2846,70,1,0,0.000,0.094,-1.000,1.000,1,1,-0.000,0.000,-1.000,0,1.000,0,0,0.0576,0.2542,-0.0073,0.0573
2847,70,1,0,0.000,-0.024,-1.000,1.000,1,1,-0.000,0.000,-1.000,0,1.000,0,0,0.0576,0.2544,-0.0073,0.0573
2848,70,1,0,0.016,0.016,-1.000,1.000,1,1,-0.000,0.000,-1.000,0,1.000,0,0,0.0576,0.2545,-0.0074,0.0573
2849,70,1,0,0.173,1.000,-1.000,1.000,1,1,-0.000,1.000,-1.000,0,1.000,0,0,0.0576,0.2547,-0.0072,0.0573
2850,70,1,0,0.173,1.000,-1.000,1.000,1,1,-0.000,1.000,-1.000,0,1.000,0,0,0.0576,0.2551,-0.0070,0.0573
2851,70,1,0,-0.055,0.055,-1.000,1.000,1,1,-0.000,0.000,-1.000,1,1.000,1,0,0.0576,0.2554,-0.0067,0.0573
2852,70,1,0,0.008,-0.016,-1.000,1.000,1,1,-0.000,0.000,-1.000,1,1.000,1,0,0.0576,0.2555,-0.0067,0.0573
2853,70,1,0,0.102,0.228,-1.000,1.000,1,1,-0.000,0.000,-1.000,1,1.000,1,0,0.0576,0.2555,-0.0067,0.0573
2854,70,1,0,0.189,1.000,-1.000,1.000,1,1,-0.000,1.000,-1.000,1,1.000,1,0,0.0576,0.2558,-0.0066,0.0573
2855,70,1,0,0.189,1.000,-1.000,1.000,1,1,-0.000,1.000,-1.000,1,1.000,1,0,0.0576,0.2560,-0.0063,0.0573
2856,70,1,0,0.189,1.000,-1.000,1.000,1,1,-0.000,1.000,-1.000,1,1.000,1,0,0.0576,0.2564,-0.0056,0.0574
2857,70,1,0,0.189,1.000,-1.000,1.000,1,1,-0.000,1.000,-1.000,1,1.000,1,0,0.0576,0.2567,-0.0051,0.0574
2858,70,1,0,0.189,1.000,-1.000,1.000,1,1,-0.000,1.000,-1.000,1,1.000,1,0,0.0576,0.2569,-0.0042,0.0575
2859,70,1,0,0.189,1.000,-1.000,1.000,1,1,-0.000,1.000,-1.000,1,1.000,1,0,0.0576,0.2572,-0.0030,0.0572
2860,70,1,0,0.189,1.000,-1.000,1.000,1,1,-0.000,1.000,-1.000,1,1.000,1,0,0.0576,0.2579,-0.0021,0.0571
2861,70,1,0,0.189,1.000,-1.000,1.000,1,1,-0.000,1.000,-1.000,1,1.000,1,0,0.0576,0.2582,-0.0010,0.0572
2862,70,1,0,-0.016,-0.063,-1.000,1.000,1,1,-0.000,0.000,-1.000,1,1.000,1,0,0.0576,0.2583,-0.0006,0.0572
2863,70,1,0,-0.008,-0.039,-1.000,1.000,1,1,-0.000,0.000,-1.000,1,1.000,1,0,0.0576,0.2584,-0.0001,0.0572
2864,70,1,0,0.000,-0.039,-1.000,1.000,1,1,-0.000,0.000,-1.000,1,1.000,1,0,0.0576,0.2585,-0.0000,0.0572
2865,70,1,0,0.008,-0.039,-1.000,1.000,1,1,-0.000,0.000,-1.000,1,1.000,1,0,0.0576,0.2586,-0.0000,0.0572
2866,70,1,0,-0.024,-0.346,-1.000,1.000,1,1,-0.000,-0.129,-1.000,1,1.000,1,0,0.0576,0.2587,-0.0001,0.0571
2867,70,1,0,-0.260,-1.000,-1.000,1.000,1,1,0.013,-1.000,-1.000,1,1.000,1,0,0.0576,0.2587,-0.0002,0.0571
2868,70,1,0,-0.016,-0.110,-1.000,1.000,1,1,-0.000,0.000,-1.000,1,1.000,1,0,0.0576,0.2587,-0.0002,0.0571
2869,70,1,0,0.000,-0.008,-1.000,1.000,1,1,-0.000,0.000,-1.000,1,1.000,1,0,0.0576,0.2587,-0.0003,0.0571
2870,70,1,0,0.000,-0.008,-1.000,1.000,1,1,-0.000,0.000,-1.000,1,1.000,1,0,0.0576,0.2587,-0.0003,0.0571
2871,70,1,0,-0.024,-0.102,-1.000,1.000,1,1,-0.000,0.000,-1.000,1,1.000,1,0,0.0576,0.2587,-0.0003,0.0571
2872,70,1,0,-0.685,-0.780,-1.000,1.000,1,1,0.580,-0.706,-1.000,1,1.000,1,0,0.0576,0.2587,-0.0004,0.0571
2873,70,1,0,-0.575,-0.835,-1.000,1.000,1,1,0.433,-0.780,-1.000,1,1.000,1,0,0.0576,0.2587,-0.0005,0.0571
2874,70,1,0,0.000,-0.008,-1.000,1.000,1,1,-0.000,0.000,-1.000,1,1.000,1,0,0.0576,0.2587,-0.0006,0.0571
2875,70,1,0,0.000,-0.008,-1.000,1.000,1,1,-0.000,0.000,-1.000,1,1.000,1,0,0.0576,0.2587,-0.0007,0.0571
2876,70,1,0,-0.071,0.008,-1.000,1.000,1,1,-0.000,0.000,-1.000,1,1.000,1,0,0.0576,0.2587,-0.0007,0.0571
2877,70,1,0,-1.000,0.016,-1.000,1.000,1,1,1.000,0.000,-1.000,1,1.000,1,0,0.0576,0.2587,-0.0007,0.0571
2878,70,1,0,-1.000,0.016,-1.000,1.000,1,1,1.000,0.000,-1.000,1,1.000,1,0,0.0576,0.2587,-0.0007,0.0571
2879,70,1,0,-1.000,0.063,-1.000,1.000,1,1,1.000,0.000,-1.000,1,1.000,1,0,0.0576,0.2587,-0.0007,0.0571
2880,70,1,0,0.000,-0.008,-1.000,1.000,1,1,-0.000,0.000,-1.000,1,1.000,1,0,0.0576,0.2587,-0.0007,0.0571
2881,70,1,0,0.008,-0.008,-1.000,1.000,1,1,-0.000,0.000,-1.000,1,1.000,1,0,0.0576,0.2587,-0.0007,0.0571
2882,70,1,0,-1.000,0.126,-1.000,1.000,1,1,1.000,0.000,-1.000,1,1.000,1,0,0.0576,0.2587,-0.0007,0.0571
2883,70,1,0,-1.000,0.134,-1.000,1.000,1,1,1.000,0.000,-1.000,1,1.000,1,0,0.0576,0.2587,-0.0007,0.0571
2884,70,1,0,-1.000,0.126,-1.000,1.000,1,1,1.000,0.000,-1.000,1,1.000,1,0,0.0576,0.2587,-0.0007,0.0571
2885,70,1,0,0.000,-0.055,-1.000,1.000,1,1,-0.000,0.000,-1.000,1,1.000,1,0,0.0576,0.2587,-0.0007,0.0571
2886,70,1,0,0.181,-0.055,-1.000,1.000,1,1,-0.000,0.000,-1.000,1,1.000,1,0,0.0576,0.2587,-0.0007,0.0571
2887,70,1,0,1.000,-0.205,-1.000,1.000,1,1,-1.000,0.000,-1.000,1,1.000,1,0,0.0576,0.2587,-0.0007,0.0571
2888,70,1,0,1.000,-0.228,-1.000,1.000,1,1,-1.000,0.000,-1.000,1,1.000,1,0,0.0576,0.2586,-0.0008,0.0571
2889,70,1,0,1.000,-0.339,-1.000,1.000,1,1,-1.000,-0.118,-1.000,1,1.000,1,0,0.0576,0.2585,-0.0009,0.0571
2890,70,1,0,0.157,-0.315,-1.000,1.000,1,1,-0.000,-0.087,-1.000,1,1.000,1,0,0.0576,0.2585,-0.0010,0.0571
2891,70,1,0,0.008,-0.055,-1.000,1.000,1,1,-0.000,0.000,-1.000,1,1.000,1,0,0.0576,0.2585,-0.0010,0.0571
2892,70,1,0,0.094,-0.079,-1.000,1.000,1,1,-0.000,0.000,-1.000,1,1.000,1,0,0.0576,0.2585,-0.0011,0.0571
2893,70,1,0,0.945,-0.504,-1.000,1.000,1,1,-0.926,-0.339,-1.000,1,1.000,1,0,0.0576,0.2584,-0.0012,0.0571
2894,70,1,0,0.945,-0.504,-1.000,1.000,1,1,-0.926,-0.339,-1.000,1,1.000,1,0,0.0576,0.2583,-0.0013,0.0571
2895,70,1,0,0.874,-0.646,-1.000,1.000,1,1,-0.832,-0.528,-1.000,1,1.000,1,0,0.0576,0.2583,-0.0022,0.0572
2896,70,1,0,0.252,-0.339,-1.000,1.000,1,1,-0.003,-0.118,-1.000,0,1.000,0,0,0.0576,0.2583,-0.0026,0.0571
2897,70,1,0,0.000,-0.024,-1.000,1.000,1,1,-0.000,0.000,-1.000,0,1.000,0,0,0.0576,0.2582,-0.0030,0.0571
2898,70,1,0,0.000,-0.024,-1.000,1.000,1,1,-0.000,0.000,-1.000,0,1.000,0,0,0.0576,0.2582,-0.0032,0.0571
2899,70,1,0,0.016,-0.024,-1.000,1.000,1,1,-0.000,0.000,-1.000,0,1.000,0,0,0.0576,0.2582,-0.0034,0.0571
2900,70,1,0,0.165,-0.024,-1.000,1.000,1,1,-0.000,0.000,-1.000,0,1.000,0,0,0.0576,0.2582,-0.0034,0.0571
2901,70,1,0,1.000,0.142,-1.000,1.000,1,1,-1.000,0.000,-1.000,1,1.000,1,0,0.0576,0.2582,-0.0035,0.0571
2902,70,1,0,1.000,0.134,-1.000,1.000,1,1,-1.000,0.000,-1.000,1,1.000,1,0,0.0576,0.2581,-0.0036,0.0571
2903,70,1,0,1.000,0.142,-1.000,1.000,1,1,-1.000,0.000,-1.000,0,1.000,0,0,0.0576,0.2580,-0.0038,0.0571
2904,70,1,0,0.441,0.008,-1.000,1.000,1,1,-0.255,0.000,-1.000,0,1.000,0,0,0.0576,0.2580,-0.0039,0.0571
2905,70,1,0,0.000,-0.024,-1.000,1.000,1,1,-0.000,0.000,-1.000,0,1.000,0,0,0.0576,0.2580,-0.0039,0.0571
2906,70,1,0,0.000,-0.024,-1.000,1.000,1,1,-0.000,0.000,-1.000,0,1.000,0,0,0.0576,0.2580,-0.0040,0.0571
2907,70,1,0,0.472,-0.079,-1.000,1.000,1,1,-0.297,0.000,-1.000,0,1.000,0,0,0.0576,0.2580,-0.0040,0.0571
2908,70,1,0,1.000,-0.071,-1.000,1.000,1,1,-1.000,0.000,-1.000,0,1.000,0,0,0.0576,0.2579,-0.0041,0.0571
2909,70,1,0,1.000,-0.071,-1.000,1.000,1,1,-1.000,0.000,-1.000,0,1.000,0,0,0.0576,0.2578,-0.0042,0.0572
2910,70,1,0,0.543,-0.095,-1.000,1.000,1,1,-0.391,0.000,-1.000,0,1.000,0,0,0.0576,0.2578,-0.0043,0.0572
2911,70,1,0,0.000,-0.039,-1.000,1.000,1,1,-0.000,0.000,-1.000,0,1.000,0,0,0.0576,0.2578,-0.0043,0.0572
2912,70,1,0,0.000,-0.039,-1.000,1.000,1,1,-0.000,0.000,-1.000,0,1.000,0,0,0.0576,0.2578,-0.0043,0.0572
2913,70,1,0,0.000,-0.039,-1.000,1.000,1,1,-0.000,0.000,-1.000,0,1.000,0,0,0.0576,0.2578,-0.0044,0.0572
2914,70,1,0,0.031,-0.039,-1.000,1.000,1,1,-0.000,0.000,-1.000,0,1.000,0,0,0.0576,0.2578,-0.0044,0.0572
2915,70,1,0,0.480,0.008,-1.000,1.000,1,1,-0.307,0.000,-1.000,0,1.000,0,0,0.0576,0.2578,-0.0044,0.0573
2916,70,1,0,1.000,0.008,-1.000,1.000,1,1,-1.000,0.000,-1.000,0,1.000,0,0,0.0576,0.2578,-0.0044,0.0573
2917,70,1,0,1.000,-0.118,-1.000,-1.000,1,1,-1.000,0.000,0.000,0,1.000,0,0,0.0576,0.2577,-0.0045,0.0573
2918,70,1,0,1.000,-0.142,-1.000,-1.000,1,1,-1.000,0.000,0.000,0,1.000,0,0,0.0576,0.2577,-0.0047,0.0573
2919,70,1,0,1.000,-0.213,-1.000,-1.000,1,1,-1.000,0.000,0.000,0,1.000,0,0,0.0576,0.2576,-0.0048,0.0573
2920,70,1,0,1.000,-0.213,-1.000,-1.000,1,1,-1.000,0.000,0.000,0,1.000,0,0,0.0576,0.2575,-0.0049,0.0574
2921,70,1,0,1.000,-0.213,-1.000,-1.000,1,1,-1.000,0.000,0.000,0,1.000,0,0,0.0576,0.2573,-0.0051,0.0574
2922,70,1,0,-0.016,-0.063,-1.000,-1.000,1,1,-0.000,0.000,0.000,0,1.000,0,0,0.0576,0.2572,-0.0052,0.0574
2923,70,1,0,-0.039,-0.024,-1.000,-1.000,1,1,-0.000,0.000,0.000,0,1.000,0,0,0.0576,0.2571,-0.0052,0.0574
2924,70,1,0,-0.032,-0.039,-1.000,-1.000,1,1,-0.000,0.000,0.000,0,1.000,0,0,0.0576,0.2571,-0.0053,0.0574
2925,70,1,0,-0.032,-0.039,-1.000,-1.000,1,1,-0.000,0.000,0.000,0,1.000,0,0,0.0576,0.2570,-0.0053,0.0574
2926,70,1,0,-0.032,-0.039,-1.000,-1.000,1,1,-0.000,0.000,0.000,0,1.000,0,0,0.0576,0.2570,-0.0053,0.0574
2927,70,1,0,-0.032,-0.039,-1.000,-1.000,1,1,-0.000,0.000,0.000,0,1.000,0,0,0.0576,0.2570,-0.0053,0.0574
2928,70,1,0,-0.024,-0.039,-1.000,-1.000,1,1,-0.000,0.000,0.000,0,1.000,0,0,0.0576,0.2570,-0.0054,0.0574
2929,70,1,0,-0.024,-0.039,-1.000,-1.000,1,1,-0.000,0.000,0.000,0,1.000,0,0,0.0576,0.2570,-0.0054,0.0574
2930,70,1,0,-0.008,-0.039,-1.000,-1.000,1,1,-0.000,0.000,0.000,0,1.000,0,0,0.0576,0.2570,-0.0054,0.0574
2931,70,1,0,-0.008,-0.039,-1.000,-1.000,1,1,-0.000,0.000,0.000,0,1.000,0,0,0.0576,0.2570,-0.0054,0.0574
2932,70,1,0,-0.008,-0.039,-1.000,-1.000,1,1,-0.000,0.000,0.000,0,1.000,0,0,0.0576,0.2570,-0.0054,0.0574
2933,70,0,0,-0.008,-0.039,-1.000,-1.000,1,1,0.000,0.000,0.000,1,1.000,1,1,0.0576,0.2563,-0.0050,0.0581
2934,70,0,0,-0.008,-0.039,-1.000,-1.000,1,1,0.000,0.000,0.000,1,1.000,1,1,0.0576,0.2564,-0.0049,0.0594
2935,70,0,0,-0.008,-0.039,-1.000,-1.000,1,1,0.000,0.000,0.000,1,1.000,1,1,0.0576,0.2566,-0.0047,0.0597
2936,70,0,0,-0.008,-0.039,-1.000,-1.000,1,1,0.000,0.000,0.000,1,1.000,1,1,0.0576,0.2568,-0.0048,0.0599
2937,70,0,0,-0.008,-0.039,-1.000,-1.000,1,1,0.000,0.000,0.000,1,1.000,1,1,0.0576,0.2568,-0.0048,0.0600
2938,70,0,0,-0.008,-0.039,-1.000,-1.000,1,1,0.000,0.000,0.000,1,1.000,1,1,0.0576,0.2569,-0.0048,0.0600
2939,70,0,0,-0.008,-0.039,-1.000,-1.000,1,1,0.000,0.000,0.000,1,1.000,1,1,0.0576,0.2569,-0.0048,0.0599
2940,70,0,0,-0.008,-0.039,-1.000,-1.000,1,1,0.000,0.000,0.000,1,1.000,1,1,0.0576,0.2569,-0.0048,0.0599
2941,70,0,0,-0.008,-0.039,-1.000,-1.000,1,1,0.000,0.000,0.000,1,1.000,1,1,0.0576,0.2568,-0.0048,0.0599
2942,70,0,0,-0.008,-0.039,-1.000,-1.000,1,1,0.000,0.000,0.000,1,1.000,1,1,0.0576,0.2568,-0.0048,0.0599
2943,70,0,0,-0.008,-0.039,-1.000,-1.000,1,1,0.000,0.000,0.000,1,1.000,1,1,0.0576,0.2568,-0.0048,0.0599
2944,70,0,0,-0.008,-0.039,-1.000,-1.000,1,1,0.000,0.000,0.000,1,1.000,1,1,0.0576,0.2568,-0.0048,0.0599
2945,70,0,0,-0.008,-0.039,-1.000,-1.000,1,1,0.000,0.000,0.000,1,1.000,1,1,0.0576,0.2568,-0.0048,0.0599
2946,70,0,0,-0.008,-0.039,-1.000,-1.000,1,1,0.000,0.000,0.000,1,1.000,1,1,0.0576,0.2568,-0.0048,0.0599
2947,70,0,0,-0.008,-0.039,-1.000,-1.000,1,1,0.000,0.000,0.000,1,1.000,1,1,0.0576,0.2568,-0.0048,0.0599
2948,70,0,0,-0.008,-0.039,-1.000,-1.000,1,1,0.000,0.000,0.000,1,1.000,1,1,0.0576,0.2568,-0.0048,0.0599
2949,70,0,0,-0.008,-0.039,-1.000,-1.000,1,1,0.000,0.000,0.000,1,1.000,1,1,0.0576,0.2568,-0.0048,0.0599
2950,70,0,0,-0.008,-0.039,-1.000,-1.000,1,1,0.000,0.000,0.000,1,1.000,1,1,0.0576,0.2568,-0.0048,0.0599
2951,70,0,0,-0.008,-0.039,-1.000,-1.000,1,1,0.000,0.000,0.000,1,1.000,1,1,0.0576,0.2568,-0.0048,0.0599
2952,70,0,0,-0.008,-0.039,-1.000,-1.000,1,1,0.000,0.000,0.000,1,1.000,1,1,0.0576,0.2568,-0.0048,0.0599
2953,70,0,0,-0.008,-0.039,-1.000,-1.000,1,1,0.000,0.000,0.000,1,1.000,1,1,0.0576,0.2568,-0.0048,0.0599
2954,70,0,0,-0.008,-0.039,-1.000,-1.000,1,1,0.000,0.000,0.000,1,1.000,1,1,0.0576,0.2568,-0.0048,0.0599
2955,70,0,0,-0.008,-0.039,-1.000,-1.000,1,1,0.000,0.000,0.000,1,1.000,1,1,0.0576,0.2568,-0.0048,0.0599
2956,70,0,0,-0.008,-0.039,-1.000,-1.000,1,1,0.000,0.000,0.000,1,1.000,1,1,0.0576,0.2568,-0.0048,0.0599
2957,70,0,0,-0.008,-0.039,-1.000,-1.000,1,1,0.000,0.000,0.000,1,1.000,1,1,0.0576,0.2568,-0.0048,0.0599
2958,70,0,0,0.000,-0.039,-1.000,-1.000,1,1,0.000,0.000,0.000,1,1.000,1,1,0.0576,0.2568,-0.0048,0.0599
2959,70,0,0,0.000,-0.039,-1.000,-1.000,1,1,0.000,0.000,0.000,1,1.000,1,1,0.0576,0.2568,-0.0048,0.0599
2960,70,0,0,-0.008,-0.039,-1.000,-1.000,1,1,0.000,0.000,0.000,1,1.000,1,1,0.0576,0.2568,-0.0048,0.0599
2961,70,0,0,0.000,-0.039,-1.000,-1.000,1,1,0.000,0.000,0.000,1,1.000,1,1,0.0576,0.2568,-0.0048,0.0599
2962,70,0,0,0.000,-0.039,-1.000,-1.000,1,1,0.000,0.000,0.000,1,1.000,1,1,0.0576,0.2568,-0.0048,0.0599
2963,70,0,0,0.000,-0.039,-1.000,-1.000,1,1,0.000,0.000,0.000,1,1.000,1,1,0.0576,0.2568,-0.0048,0.0599
2964,70,0,0,0.000,-0.039,-1.000,-1.000,1,1,0.000,0.000,0.000,1,1.000,1,1,0.0576,0.2568,-0.0048,0.0599
2965,70,0,0,0.000,-0.039,-1.000,-1.000,1,1,0.000,0.000,0.000,1,1.000,1,1,0.0576,0.2568,-0.0048,0.0599
2966,70,0,0,0.000,-0.039,-1.000,-1.000,1,1,0.000,0.000,0.000,1,1.000,1,1,0.0576,0.2568,-0.0048,0.0599
2967,70,0,0,0.000,-0.039,-1.000,-1.000,1,1,0.000,0.000,0.000,1,1.000,1,1,0.0576,0.2568,-0.0048,0.0599
